       time             b_x              b_y              b_z              F_x              F_y              F_z
  0.00000000e+00   8.67340372e-03   6.97706093e-03  -3.95926429e-02   8.94102025e-14   2.77671637e-14   2.44799009e-14
  8.00000000e-08   1.52874668e-02   1.23665534e-02  -5.09839610e-02   9.17145962e-14   7.19645330e-14   4.49560419e-14
  1.60000000e-07   3.65759808e-02   2.97539556e-02  -6.93076642e-02   3.32763089e-14   1.89671669e-13   9.89875525e-14
  2.40000000e-07   1.11791929e-01   9.13565683e-02  -7.51049229e-02  -3.56158330e-13   5.36416715e-13   1.22356340e-13
  3.20000000e-07  -1.18667613e-01  -9.69387791e-02  -7.73416271e-02   5.36346436e-13  -5.56448796e-13  -1.25488493e-13
  4.00000000e-07  -4.33884752e-02  -3.57181702e-02  -6.10301271e-02   2.67680210e-13  -8.76432999e-14  -1.39009670e-13
  4.80000000e-07  -2.60021813e-02  -2.15965235e-02  -4.13256078e-02   1.65844941e-13  -3.40267293e-16  -1.04172253e-13
  5.60000000e-07  -1.95891926e-02  -1.64684146e-02  -2.98054805e-02   1.15615610e-13   1.94936524e-14  -8.67573999e-14
  6.40000000e-07  -1.64436307e-02  -1.39976762e-02  -2.32788804e-02   8.76353649e-14   2.55467431e-14  -7.72648244e-14
  7.20000000e-07  -1.44760504e-02  -1.24991194e-02  -1.88977754e-02   6.91368912e-14   2.70508817e-14  -7.08517956e-14
  8.00000000e-07  -1.30720776e-02  -1.14576506e-02  -1.59016333e-02   5.61111865e-14   2.75119284e-14  -6.59499452e-14
  8.80000000e-07  -1.19286788e-02  -1.06252964e-02  -1.37109458e-02   4.62076882e-14   2.76615000e-14  -6.16374916e-14
  9.60000000e-07  -1.10374166e-02  -9.99559521e-03  -1.21702189e-02   3.87013440e-14   2.80397174e-14  -5.81284959e-14
  1.04000000e-06  -1.02654098e-02  -9.45599171e-03  -1.10237597e-02   3.26339711e-14   2.85759803e-14  -5.49009898e-14
  1.12000000e-06  -9.58669568e-03  -8.98277586e-03  -1.02292376e-02   2.76835209e-14   2.95447594e-14  -5.18892477e-14
  1.20000000e-06  -9.00388712e-03  -8.58758979e-03  -9.66598004e-03   2.35428468e-14   3.06950064e-14  -4.92007283e-14
  1.28000000e-06  -8.47216311e-03  -8.22815908e-03  -9.30814953e-03   1.99854396e-14   3.21677585e-14  -4.66259525e-14
  1.36000000e-06  -7.99332144e-03  -7.90587445e-03  -8.95287845e-03   1.67156898e-14   3.31511471e-14  -4.41983760e-14
  1.44000000e-06  -7.57216449e-03  -7.63802772e-03  -8.89171254e-03   1.39476790e-14   3.50867595e-14  -4.20175259e-14
  1.52000000e-06  -7.19502147e-03  -7.39815659e-03  -8.76674238e-03   1.12707943e-14   3.63884830e-14  -3.99579784e-14
  1.60000000e-06  -6.85658423e-03  -7.19587521e-03  -8.73870817e-03   8.78144369e-15   3.78660984e-14  -3.80708934e-14
  1.68000000e-06  -6.56042237e-03  -7.02923930e-03  -8.70536486e-03   6.38145417e-15   3.90680770e-14  -3.63550410e-14
  1.76000000e-06  -6.29050605e-03  -6.87499517e-03  -8.71322735e-03   4.05212583e-15   4.02570044e-14  -3.46894005e-14
  1.84000000e-06  -6.06999853e-03  -6.77542245e-03  -8.75165521e-03   1.78007150e-15   4.13994261e-14  -3.32855472e-14
  1.92000000e-06  -5.86081196e-03  -6.67891953e-03  -8.75059297e-03  -4.70555645e-16   4.21852035e-14  -3.18828383e-14
  2.00000000e-06  -5.67863725e-03  -6.61645600e-03  -8.76160827e-03  -2.69336332e-15   4.28760712e-14  -3.06328470e-14
  2.08000000e-06  -5.52410781e-03  -6.57129703e-03  -8.73328414e-03  -4.87749478e-15   4.32378694e-14  -2.94488387e-14
  2.16000000e-06  -5.37380825e-03  -6.53838398e-03  -8.63934345e-03  -6.98610601e-15   4.31545341e-14  -2.83145266e-14
  2.24000000e-06  -5.24847163e-03  -6.50669050e-03  -8.64161883e-03  -9.10228220e-15   4.34204337e-14  -2.71650785e-14
  2.32000000e-06  -5.12347712e-03  -6.50428574e-03  -8.52099557e-03  -1.10816366e-14   4.29886167e-14  -2.61511385e-14
  2.40000000e-06  -5.00955559e-03  -6.49333961e-03  -8.33510055e-03  -1.29027203e-14   4.21581684e-14  -2.50879289e-14
  2.48000000e-06  -4.88470188e-03  -6.47362422e-03  -8.23984625e-03  -1.47174820e-14   4.16600034e-14  -2.40053867e-14
  2.56000000e-06  -4.77968043e-03  -6.46144680e-03  -7.99010293e-03  -1.62311962e-14   4.03840109e-14  -2.29482910e-14
  2.64000000e-06  -4.65390089e-03  -6.41711444e-03  -7.73705975e-03  -1.75714234e-14   3.90218631e-14  -2.17953724e-14
  2.72000000e-06  -4.52365835e-03  -6.36060552e-03  -7.48229833e-03  -1.87433097e-14   3.76033439e-14  -2.06342624e-14
  2.80000000e-06  -4.37468018e-03  -6.28056078e-03  -7.23082918e-03  -1.97444242e-14   3.61447060e-14  -1.94491500e-14
  2.88000000e-06  -4.20592195e-03  -6.16374053e-03  -6.87153205e-03  -2.03339130e-14   3.41739566e-14  -1.82079556e-14
  2.96000000e-06  -4.03317282e-03  -6.03630173e-03  -6.57194499e-03  -2.08475069e-14   3.24494137e-14  -1.70106193e-14
  3.04000000e-06  -3.82660578e-03  -5.86085102e-03  -6.19886332e-03  -2.09722212e-14   3.03767570e-14  -1.57740572e-14
  3.12000000e-06  -3.61361460e-03  -5.65121182e-03  -5.86460347e-03  -2.09625781e-14   2.84677854e-14  -1.45153559e-14
  3.20000000e-06  -3.38124070e-03  -5.41473368e-03  -5.48136774e-03  -2.06276856e-14   2.63554619e-14  -1.33106627e-14
  3.28000000e-06  -3.12565123e-03  -5.13457324e-03  -5.07308695e-03  -1.99984864e-14   2.41434409e-14  -1.21145119e-14
  3.36000000e-06  -2.85730589e-03  -4.82357357e-03  -4.75112399e-03  -1.93873998e-14   2.22801824e-14  -1.09604312e-14
  3.44000000e-06  -2.57427289e-03  -4.47455834e-03  -4.41556458e-03  -1.85455311e-14   2.03711505e-14  -9.83127811e-15
  3.52000000e-06  -2.27444048e-03  -4.09405054e-03  -4.10141710e-03  -1.75859140e-14   1.85471987e-14  -8.76161899e-15
  3.60000000e-06  -1.95378927e-03  -3.67840965e-03  -3.76379970e-03  -1.63888857e-14   1.66365684e-14  -7.75165712e-15
  3.68000000e-06  -1.61766143e-03  -3.22155208e-03  -3.46544924e-03  -1.51346510e-14   1.48739354e-14  -6.76230267e-15
  3.76000000e-06  -1.26731684e-03  -2.73783845e-03  -3.12008196e-03  -1.36036348e-14   1.29541976e-14  -5.84163649e-15
  3.84000000e-06  -9.03562784e-04  -2.21688549e-03  -2.83565935e-03  -1.21091208e-14   1.12574183e-14  -4.94243303e-15
  3.92000000e-06  -5.18236937e-04  -1.66495207e-03  -2.55095498e-03  -1.04932973e-14   9.55082557e-15  -4.10185701e-15
  4.00000000e-06  -1.16923552e-04  -1.08410117e-03  -2.24819276e-03  -8.71372984e-15   7.78282512e-15  -3.29977469e-15
  4.08000000e-06   3.02457382e-04  -4.64381998e-04  -1.96814994e-03  -6.88987026e-15   6.08587455e-15  -2.49476049e-15
  4.16000000e-06   7.42473873e-04   1.90884826e-04  -1.69024116e-03  -4.97419290e-15   4.38372116e-15  -1.68994963e-15
  4.24000000e-06   1.20128620e-03   8.90332939e-04  -1.38821616e-03  -2.88057419e-15   2.59069194e-15  -8.31149861e-16
  4.32000000e-06   1.67953067e-03   1.62739139e-03  -1.06843622e-03  -6.51261819e-16   7.25920801e-16   8.19356976e-17
  4.40000000e-06   2.17496029e-03   2.40334115e-03  -7.43548199e-04   1.66185399e-15  -1.16697283e-15   1.08914608e-15
  4.48000000e-06   2.69730511e-03   3.23108074e-03  -4.09811677e-04   4.07478143e-15  -3.11803957e-15   2.23588347e-15
  4.56000000e-06   1.59877889e-03   2.34731711e-03  -3.25409437e-05   3.77045505e-15  -2.52909541e-15   2.81291875e-15
  4.64000000e-06  -6.58837781e-04  -2.59525718e-04  -3.02446375e-04  -1.37226544e-15   2.09038939e-15   1.19555246e-15
  4.72000000e-06  -1.25558429e-03  -1.14512945e-03  -6.56275586e-04  -3.93854994e-15   4.24026955e-15   1.36412030e-16
  4.80000000e-06  -1.74234910e-03  -1.92431639e-03  -1.03765237e-03  -6.43729481e-15   6.28804191e-15  -8.52084279e-16
  4.88000000e-06  -2.25087605e-03  -2.74932155e-03  -1.46071844e-03  -9.18367540e-15   8.48857239e-15  -1.82547159e-15
  4.96000000e-06  -2.78052011e-03  -3.61748549e-03  -1.92004807e-03  -1.21800038e-14   1.08106518e-14  -2.72942666e-15
  5.04000000e-06  -3.33582488e-03  -4.54073842e-03  -2.42800317e-03  -1.55128559e-14   1.32840116e-14  -3.53008245e-15
  5.12000000e-06  -3.91980906e-03  -5.51153845e-03  -2.99748625e-03  -1.92430952e-14   1.59277615e-14  -4.12252465e-15
  5.20000000e-06  -4.52988999e-03  -6.54081274e-03  -3.63379562e-03  -2.34406559e-14   1.87142256e-14  -4.46438212e-15
  5.28000000e-06  -5.17735889e-03  -7.63720841e-03  -4.34993387e-03  -2.82007178e-14   2.16454919e-14  -4.43820441e-15
  5.36000000e-06  -5.86276704e-03  -8.79852362e-03  -5.15131670e-03  -3.35739246e-14   2.46591894e-14  -3.90742075e-15
  5.44000000e-06  -6.58569719e-03  -1.00176406e-02  -6.06680376e-03  -3.96821740e-14   2.77244325e-14  -2.70300812e-15
  5.52000000e-06  -7.35129356e-03  -1.12993453e-02  -7.09560817e-03  -4.65542069e-14   3.06926194e-14  -6.44463873e-16
  5.60000000e-06  -8.16873001e-03  -1.26490798e-02  -8.25831310e-03  -5.42795899e-14   3.34253264e-14   2.49393474e-15
  5.68000000e-06  -9.04248329e-03  -1.40625328e-02  -9.56700574e-03  -6.28684463e-14   3.56827613e-14   6.97155160e-15
  5.76000000e-06  -9.97670589e-03  -1.55359687e-02  -1.10315285e-02  -7.22720549e-14   3.71359289e-14   1.30620527e-14
  5.84000000e-06  -1.09767929e-02  -1.70481947e-02  -1.26597299e-02  -8.23269492e-14   3.73594479e-14   2.10727030e-14
  5.92000000e-06  -1.20567214e-02  -1.86105925e-02  -1.44524512e-02  -9.27829742e-14   3.58299822e-14   3.12639886e-14
  6.00000000e-06  -1.32259703e-02  -2.02052043e-02  -1.63927644e-02  -1.03108561e-13   3.19067142e-14   4.38625891e-14
  6.08000000e-06  -1.44862274e-02  -2.18136228e-02  -1.84556073e-02  -1.12541271e-13   2.48893114e-14   5.89182667e-14
  6.16000000e-06  -1.58625556e-02  -2.34353563e-02  -2.05863105e-02  -1.19977625e-13   1.41258617e-14   7.63666292e-14
  6.24000000e-06  -1.73666221e-02  -2.50677759e-02  -2.26844006e-02  -1.23857397e-13  -8.82834859e-16   9.57977840e-14
  6.32000000e-06  -1.90126414e-02  -2.66969567e-02  -2.46491358e-02  -1.22447790e-13  -2.02778229e-14   1.16410250e-13
  6.40000000e-06  -2.08069717e-02  -2.83146439e-02  -2.63237752e-02  -1.13791936e-13  -4.36372699e-14   1.36881558e-13
  6.48000000e-06  -2.27513345e-02  -2.99123292e-02  -2.75316720e-02  -9.61868038e-14  -6.98432777e-14   1.55368453e-13
  6.56000000e-06  -2.48607042e-02  -3.15257164e-02  -2.80522316e-02  -6.84543486e-14  -9.70613649e-14   1.69745938e-13
  6.64000000e-06  -2.70732564e-02  -3.31105064e-02  -2.77579286e-02  -3.10827143e-14  -1.23134942e-13   1.77195160e-13
  6.72000000e-06  -2.93673285e-02  -3.46902915e-02  -2.64996384e-02   1.41726098e-14  -1.45947023e-13   1.75350812e-13
  6.80000000e-06  -3.15504747e-02  -3.61136305e-02  -2.42491947e-02   6.31753298e-14  -1.63654940e-13   1.61529585e-13
  6.88000000e-06  -3.36282223e-02  -3.74868529e-02  -2.09750106e-02   1.11499328e-13  -1.75780086e-13   1.35395308e-13
  6.96000000e-06  -3.53372417e-02  -3.86218316e-02  -1.69098572e-02   1.52803063e-13  -1.82218803e-13   9.68657003e-14
  7.04000000e-06  -3.65754878e-02  -3.94972473e-02  -1.22291722e-02   1.82151363e-13  -1.83659070e-13   4.83886183e-14
  7.12000000e-06  -3.73029705e-02  -4.01474613e-02  -7.18107247e-03   1.96217999e-13  -1.81210056e-13  -6.18159819e-15
  7.20000000e-06  -3.74403515e-02  -4.05137178e-02  -2.08094152e-03   1.93190745e-13  -1.75337642e-13  -6.22553011e-14
  7.28000000e-06   6.12452593e-02   6.69712493e-02  -4.65144532e-03  -3.20816165e-13   2.96979387e-13   5.17283015e-14
  7.36000000e-06   6.05144464e-02   6.60164926e-02  -1.25753031e-02  -3.20363071e-13   2.75005877e-13  -9.79436009e-14
  7.44000000e-06   5.96597460e-02   6.40312938e-02  -1.96989864e-02  -2.93313266e-13   2.03470389e-13  -2.26941763e-13
  7.52000000e-06   5.87504340e-02   6.13303831e-02  -2.51068598e-02  -2.40604077e-13   1.00431207e-13  -3.17686464e-13
  7.60000000e-06   5.77252303e-02   5.81444026e-02  -2.83219971e-02  -1.66145644e-13  -1.08984222e-14  -3.61008362e-13
  7.68000000e-06   5.65754672e-02   5.48167415e-02  -2.88723428e-02  -7.86790782e-14  -1.07327454e-13  -3.57942789e-13
  7.76000000e-06   5.52088914e-02   5.15241730e-02  -2.71602479e-02   8.17124210e-15  -1.75852875e-13  -3.16990800e-13
  7.84000000e-06   5.36281254e-02   4.84181404e-02  -2.37742950e-02   8.13489622e-14  -2.13554931e-13  -2.51420296e-13
  7.92000000e-06   5.17051272e-02   4.55298815e-02  -1.92331830e-02   1.32435889e-13  -2.24185359e-13  -1.74673029e-13
  8.00000000e-06   4.94447678e-02   4.28159993e-02  -1.42276525e-02   1.58644014e-13  -2.15805271e-13  -9.81048618e-14
  8.08000000e-06   4.68547313e-02   4.02578907e-02  -9.25911539e-03   1.62445527e-13  -1.95925769e-13  -2.98318618e-14
  8.16000000e-06   4.39986139e-02   3.78078057e-02  -4.69481728e-03   1.49168722e-13  -1.70411763e-13   2.56287224e-14
  8.24000000e-06   2.42692398e-02   2.10244550e-02  -7.90317831e-04   7.54623821e-14  -8.56676483e-14   3.83377744e-14
  8.32000000e-06  -2.24399889e-02  -1.96666367e-02  -1.58851452e-03  -6.45354565e-14   7.62015686e-14  -3.17615173e-14
  8.40000000e-06  -2.06330507e-02  -1.82145829e-02  -3.45415020e-03  -5.67354360e-14   6.78804261e-14  -1.90462245e-14
  8.48000000e-06  -1.88719044e-02  -1.67365439e-02  -5.13028788e-03  -4.91389281e-14   5.82644946e-14  -9.31743485e-15
  8.56000000e-06  -1.71775161e-02  -1.52714935e-02  -6.57486561e-03  -4.19997820e-14   4.82030993e-14  -2.23295630e-15
  8.64000000e-06  -1.55452102e-02  -1.38321760e-02  -7.81674779e-03  -3.52656183e-14   3.81513424e-14   2.62198156e-15
  8.72000000e-06  -1.39796484e-02  -1.24359665e-02  -8.87444379e-03  -2.89224653e-14   2.84729361e-14   5.66090877e-15
  8.80000000e-06  -1.25019129e-02  -1.11060284e-02  -9.73836872e-03  -2.30316973e-14   1.95472266e-14   7.27516281e-15
  8.88000000e-06  -1.10862762e-02  -9.83290780e-03  -1.04470797e-02  -1.74524867e-14   1.13638678e-14   7.82450471e-15
  8.96000000e-06  -9.74879917e-03  -8.63090587e-03  -1.10127633e-02  -1.21934606e-14   4.06086569e-15   7.61140930e-15
  9.04000000e-06  -8.47794404e-03  -7.49493507e-03  -1.14671284e-02  -7.17128182e-15  -2.43023249e-15   6.89031795e-15
  9.12000000e-06  -7.29065939e-03  -6.43986447e-03  -1.18011457e-02  -2.45465193e-15  -7.99804724e-15   5.88098589e-15
  9.20000000e-06  -6.17532072e-03  -5.45583515e-03  -1.20491420e-02   2.04143559e-15  -1.27812379e-14   4.74106848e-15
  9.28000000e-06  -5.13429236e-03  -4.54628077e-03  -1.22205730e-02   6.30593552e-15  -1.68127589e-14   3.60531425e-15
  9.36000000e-06  -4.16117711e-03  -3.70146652e-03  -1.23228776e-02   1.03643811e-14  -2.01601364e-14   2.55573785e-15
  9.44000000e-06  -3.26882010e-03  -2.92705312e-03  -1.23841593e-02   1.42248907e-14  -2.28834566e-14   1.65392611e-15
  9.52000000e-06  -2.44444974e-03  -2.21490993e-03  -1.23944319e-02   1.78711396e-14  -2.50265939e-14   9.47727903e-16
  9.60000000e-06  -1.68644377e-03  -1.56796569e-03  -1.23698485e-02   2.12971482e-14  -2.66669205e-14   4.76673076e-16
  9.68000000e-06  -9.98108354e-04  -9.74059221e-04  -1.23181677e-02   2.45346877e-14  -2.78375133e-14   2.13271154e-16
  9.76000000e-06  -3.71637704e-04  -4.35755167e-04  -1.22435501e-02   2.75576895e-14  -2.85976483e-14   1.81327847e-16
  9.84000000e-06   1.93231975e-04   5.11484020e-05  -1.21487780e-02   3.03619439e-14  -2.89755412e-14   3.60928955e-16
  9.92000000e-06   7.00874033e-04   4.95184054e-04  -1.20406316e-02   3.29702756e-14  -2.90195854e-14   7.25707281e-16
  1.00000000e-05   1.15061078e-03   8.94464159e-04  -1.19213315e-02   3.53606710e-14  -2.87481858e-14   1.25591235e-15
  1.00800000e-05   1.54975619e-03   1.25194760e-03  -1.17883473e-02   3.75168952e-14  -2.81968482e-14   1.93759681e-15
  1.01600000e-05   1.89715979e-03   1.57327299e-03  -1.16482166e-02   3.94596160e-14  -2.73895194e-14   2.72745665e-15
  1.02400000e-05   2.20369834e-03   1.86258826e-03  -1.15034893e-02   4.11963371e-14  -2.63814472e-14   3.62033854e-15
  1.03200000e-05   2.46237210e-03   2.11713726e-03  -1.13523221e-02   4.27011675e-14  -2.51582253e-14   4.57023211e-15
  1.04000000e-05   2.68589228e-03   2.34487216e-03  -1.11945450e-02   4.39910794e-14  -2.37768839e-14   5.57428172e-15
  1.04800000e-05   2.87605840e-03   2.54866534e-03  -1.10388708e-02   4.50969594e-14  -2.22675718e-14   6.60836617e-15
  1.05600000e-05   3.02608747e-03   2.72304314e-03  -1.08766759e-02   4.59685578e-14  -2.06086000e-14   7.62979151e-15
  1.06400000e-05   3.15487265e-03   2.88145130e-03  -1.07122889e-02   4.66622748e-14  -1.88814910e-14   8.66364214e-15
  1.07200000e-05   3.24658450e-03   3.01034736e-03  -1.05496368e-02   4.71466243e-14  -1.70479998e-14   9.64441724e-15
  1.08000000e-05   3.32088157e-03   3.11993004e-03  -1.03885710e-02   4.74576860e-14  -1.51817252e-14   1.06112221e-14
  1.08800000e-05   3.37528461e-03   3.22053014e-03  -1.02243360e-02   4.76143229e-14  -1.32826264e-14   1.15347141e-14
  1.09600000e-05   3.41158754e-03   3.30571702e-03  -1.00615604e-02   4.76162935e-14  -1.13666772e-14   1.24108120e-14
  1.10400000e-05   3.44453651e-03   3.38675431e-03  -9.90202714e-03   4.75108606e-14  -9.48700444e-15   1.32824056e-14
  1.11200000e-05   3.44908055e-03   3.44233749e-03  -9.74660123e-03   4.72407578e-14  -7.57038869e-15   1.40435976e-14
  1.12000000e-05   3.45186649e-03   3.49739140e-03  -9.59317404e-03   4.68813031e-14  -5.70427121e-15   1.47894669e-14
  1.12800000e-05   3.43939632e-03   3.53929623e-03  -9.44387480e-03   4.64082091e-14  -3.85183746e-15   1.54580014e-14
  1.13600000e-05   3.41650174e-03   3.57214513e-03  -9.30237260e-03   4.58542052e-14  -2.02735719e-15   1.60624568e-14
  1.14400000e-05   3.38400451e-03   3.59614871e-03  -9.16924995e-03   4.52287483e-14  -2.34059875e-16   1.66003299e-14
  1.15200000e-05   3.33844226e-03   3.60098086e-03  -9.03987222e-03   4.44923383e-14   1.53209279e-15   1.70414068e-14
  1.16000000e-05   3.28860846e-03   3.59925661e-03  -8.91779878e-03   4.37010788e-14   3.24836216e-15   1.74266577e-14
  1.16800000e-05   3.23320226e-03   3.59579691e-03  -8.80609121e-03   4.28850333e-14   4.92464640e-15   1.77563474e-14
  1.17600000e-05   3.17562048e-03   3.58339238e-03  -8.69760775e-03   4.20032992e-14   6.54269032e-15   1.80315747e-14
  1.18400000e-05   3.11304755e-03   3.57177363e-03  -8.60154306e-03   4.11204621e-14   8.12674639e-15   1.82568234e-14
  1.19200000e-05   3.04792157e-03   3.55450597e-03  -8.51357037e-03   4.02074509e-14   9.66703269e-15   1.84306555e-14
  1.20000000e-05   2.98166752e-03   3.53228479e-03  -8.43212643e-03   3.92644051e-14   1.11588577e-14   1.85587427e-14
  1.20800000e-05   2.90912394e-03   3.50589315e-03  -8.36084005e-03   3.83097623e-14   1.26250820e-14   1.86237309e-14
  1.21600000e-05   2.82938705e-03   3.47177282e-03  -8.29824268e-03   3.73329508e-14   1.40664040e-14   1.86141491e-14
  1.22400000e-05   2.75390474e-03   3.43486074e-03  -8.24540775e-03   3.63513882e-14   1.54632623e-14   1.85827575e-14
  1.23200000e-05   2.67279055e-03   3.39384518e-03  -8.20030304e-03   3.53567464e-14   1.68353779e-14   1.84917366e-14
  1.24000000e-05   2.59211870e-03   3.34825168e-03  -8.16327787e-03   3.43510255e-14   1.81732350e-14   1.83615580e-14
  1.24800000e-05   2.51356036e-03   3.30468610e-03  -8.13491214e-03   3.33500021e-14   1.94791207e-14   1.82177288e-14
  1.25600000e-05   2.43469527e-03   3.26068690e-03  -8.11749969e-03   3.23554797e-14   2.07690322e-14   1.80470650e-14
  1.26400000e-05   2.35071756e-03   3.20855246e-03  -8.10872078e-03   3.13453394e-14   2.20474096e-14   1.78109857e-14
  1.27200000e-05   2.26556905e-03   3.14931549e-03  -8.11067573e-03   3.03282655e-14   2.33164971e-14   1.75252704e-14
  1.28000000e-05   2.18555440e-03   3.09523605e-03  -8.12018451e-03   2.93141944e-14   2.45585628e-14   1.72511247e-14
  1.28800000e-05   2.09676931e-03   3.02744654e-03  -8.13853368e-03   2.82745064e-14   2.58028667e-14   1.68828836e-14
  1.29600000e-05   2.01684393e-03   2.97009687e-03  -8.16564390e-03   2.72459069e-14   2.70233011e-14   1.65587142e-14
  1.30400000e-05   1.93568143e-03   2.91019920e-03  -8.20405961e-03   2.62111407e-14   2.82490132e-14   1.62049863e-14
  1.31200000e-05   1.86185651e-03   2.86364942e-03  -8.24713844e-03   2.51716792e-14   2.94452339e-14   1.59069576e-14
  1.32000000e-05   1.79024569e-03   2.81413864e-03  -8.29950641e-03   2.41125353e-14   3.06393444e-14   1.55901711e-14
  1.32800000e-05   1.71692415e-03   2.76275943e-03  -8.36220370e-03   2.30342919e-14   3.18425617e-14   1.52497445e-14
  1.33600000e-05   1.64390472e-03   2.70914170e-03  -8.43186832e-03   2.19246227e-14   3.30397077e-14   1.48900855e-14
  1.34400000e-05   1.57609714e-03   2.65576992e-03  -8.50764033e-03   2.07816878e-14   3.42215118e-14   1.45326336e-14
  1.35200000e-05   1.50946382e-03   2.60930279e-03  -8.59167466e-03   1.96134073e-14   3.54025223e-14   1.41976546e-14
  1.36000000e-05   1.44454393e-03   2.56226864e-03  -8.68399309e-03   1.84065165e-14   3.65822472e-14   1.38556728e-14
  1.36800000e-05   1.38519045e-03   2.51934527e-03  -8.77989000e-03   1.71531937e-14   3.77357489e-14   1.35343177e-14
  1.37600000e-05   1.32720458e-03   2.48187412e-03  -8.88719663e-03   1.58630307e-14   3.89016013e-14   1.32327853e-14
  1.38400000e-05   1.27308463e-03   2.45063683e-03  -8.99745205e-03   1.45179187e-14   4.00383325e-14   1.29594413e-14
  1.39200000e-05   1.22232606e-03   2.42628584e-03  -9.11310833e-03   1.31179635e-14   4.11555116e-14   1.27167877e-14
  1.40000000e-05   1.17831427e-03   2.41415468e-03  -9.23190424e-03   1.16606126e-14   4.22377192e-14   1.25335197e-14
  1.40800000e-05   1.13657039e-03   2.40624652e-03  -9.35469438e-03   1.01366248e-14   4.32899200e-14   1.23667543e-14
  1.41600000e-05   1.09848164e-03   2.40508337e-03  -9.48076416e-03   8.54415093e-15   4.43042810e-14   1.22290862e-14
  1.42400000e-05   1.06544254e-03   2.41469929e-03  -9.60680027e-03   6.88104059e-15   4.52603379e-14   1.21394695e-14
  1.43200000e-05   1.03877772e-03   2.43960488e-03  -9.73452550e-03   5.14941678e-15   4.61614789e-14   1.21181940e-14
  1.44000000e-05   1.01517532e-03   2.47199928e-03  -9.86229281e-03   3.34215017e-15   4.69976841e-14   1.21240681e-14
  1.44800000e-05   9.93991689e-04   2.51904279e-03  -9.99128543e-03   1.46281977e-15   4.77701188e-14   1.21895230e-14
  1.45600000e-05   9.79500817e-04   2.57762770e-03  -1.01178306e-02  -4.91191196e-16   4.84540388e-14   1.22966430e-14
  1.46400000e-05   9.67568198e-04   2.65223401e-03  -1.02408602e-02  -2.51571890e-15   4.90414160e-14   1.24633262e-14
  1.47200000e-05   9.57349221e-04   2.73899283e-03  -1.03600944e-02  -4.61004374e-15   4.95262638e-14   1.26677088e-14
  1.48000000e-05   9.50974419e-04   2.84459310e-03  -1.04769189e-02  -6.76990474e-15   4.99095564e-14   1.29364725e-14
  1.48800000e-05   9.46260882e-04   2.96534859e-03  -1.05889402e-02  -8.99254800e-15   5.01758969e-14   1.32477591e-14
  1.49600000e-05   9.46331397e-04   3.10370992e-03  -1.06950427e-02  -1.12720877e-14   5.03149030e-14   1.36040348e-14
  1.50400000e-05   9.46271178e-04   3.26072596e-03  -1.07997409e-02  -1.36098962e-14   5.03449597e-14   1.40079717e-14
  1.51200000e-05   9.45437732e-04   3.43553854e-03  -1.08975469e-02  -1.59962633e-14   5.02360877e-14   1.44495404e-14
  1.52000000e-05   9.46463074e-04   3.62665757e-03  -1.09914006e-02  -1.84307465e-14   4.99980872e-14   1.49100125e-14
  1.52800000e-05   9.49249504e-04   3.84047684e-03  -1.10796840e-02  -2.09063968e-14   4.96203342e-14   1.54084139e-14
  1.53600000e-05   9.50452223e-04   4.07441939e-03  -1.11633779e-02  -2.34212714e-14   4.91043610e-14   1.59280607e-14
  1.54400000e-05   9.49905619e-04   4.33122825e-03  -1.12458087e-02  -2.59794796e-14   4.84613623e-14   1.64700621e-14
  1.55200000e-05   9.52300486e-04   4.60970805e-03  -1.13266760e-02  -2.85792606e-14   4.76867780e-14   1.70046429e-14
  1.56000000e-05   9.51393518e-04   4.90818877e-03  -1.14072334e-02  -3.12219531e-14   4.67808019e-14   1.75243756e-14
  1.56800000e-05   9.49956827e-04   5.22729188e-03  -1.14878474e-02  -3.39076643e-14   4.57408076e-14   1.80094431e-14
  1.57600000e-05   9.43587600e-04   5.57202341e-03  -1.15687265e-02  -3.66370933e-14   4.45614459e-14   1.84745584e-14
  1.58400000e-05   9.39435121e-04   5.93547797e-03  -1.16539063e-02  -3.94190514e-14   4.32546201e-14   1.88524945e-14
  1.59200000e-05   9.30655520e-04   6.32172653e-03  -1.17463234e-02  -4.22641951e-14   4.18202531e-14   1.91585733e-14
  1.60000000e-05   9.16744495e-04   6.72654823e-03  -1.18411716e-02  -4.51535025e-14   4.02315187e-14   1.93583062e-14
  1.60800000e-05   9.05358383e-04   7.16321980e-03  -1.19440958e-02  -4.81117359e-14   3.85030546e-14   1.94445426e-14
  1.61600000e-05   8.92254590e-04   7.61621258e-03  -1.20572098e-02  -5.11335658e-14   3.66271230e-14   1.93523874e-14
  1.62400000e-05   8.74637519e-04   8.09470553e-03  -1.21834019e-02  -5.42312576e-14   3.45957138e-14   1.90923212e-14
  1.63200000e-05   8.57842567e-04   8.60252978e-03  -1.23206007e-02  -5.73928404e-14   3.23911228e-14   1.86201617e-14
  1.64000000e-05   8.42422140e-04   9.13580952e-03  -1.24779518e-02  -6.06414782e-14   3.00187544e-14   1.78843372e-14
  1.64800000e-05   8.26794883e-04   9.69769536e-03  -1.26494630e-02  -6.39404202e-14   2.74411931e-14   1.68584800e-14
  1.65600000e-05   8.15143648e-04   1.02857708e-02  -1.28398021e-02  -6.72841649e-14   2.46521039e-14   1.54768453e-14
  1.66400000e-05   8.11090070e-04   1.09142259e-02  -1.30529822e-02  -7.06769137e-14   2.16379780e-14   1.37008106e-14
  1.67200000e-05   8.10506087e-04   1.15820572e-02  -1.32833958e-02  -7.40556187e-14   1.83588335e-14   1.14888190e-14
  1.68000000e-05   8.16955061e-04   1.22797232e-02  -1.35365952e-02  -7.73833118e-14   1.48025656e-14   8.75794238e-15
  1.68800000e-05   8.35393055e-04   1.30119943e-02  -1.38128530e-02  -8.06027630e-14   1.09491785e-14   5.43954681e-15
  1.69600000e-05   8.69195110e-04   1.37926953e-02  -1.41033687e-02  -8.36105104e-14   6.77407476e-15   1.47191090e-15
  1.70400000e-05   9.18873884e-04   1.46175989e-02  -1.44208063e-02  -8.63616538e-14   2.26461560e-15  -3.20732593e-15
  1.71200000e-05   9.93906644e-04   1.54967611e-02  -1.47584867e-02  -8.87175312e-14  -2.58847180e-15  -8.69261705e-15
  1.72000000e-05   1.09396152e-03   1.64198245e-02  -1.51067163e-02  -9.04751030e-14  -7.79061873e-15  -1.50196024e-14
  1.72800000e-05   1.22925210e-03   1.74016945e-02  -1.54601755e-02  -9.14585881e-14  -1.33192986e-14  -2.22639145e-14
  1.73600000e-05   1.40418919e-03   1.84295646e-02  -1.58172522e-02  -9.14515371e-14  -1.91485827e-14  -3.04297670e-14
  1.74400000e-05   1.62199929e-03   1.95057162e-02  -1.61583357e-02  -9.01548745e-14  -2.52105811e-14  -3.94831245e-14
  1.75200000e-05   1.89298964e-03   2.06138325e-02  -1.64742569e-02  -8.72916413e-14  -3.14154548e-14  -4.93397122e-14
  1.76000000e-05   2.22339634e-03   2.17528591e-02  -1.67465542e-02  -8.25657009e-14  -3.76367776e-14  -5.98501508e-14
  1.76800000e-05   2.61451483e-03   2.29135894e-02  -1.69536033e-02  -7.56886845e-14  -4.37138235e-14  -7.07536779e-14
  1.77600000e-05   3.06815274e-03   2.40551431e-02  -1.70811166e-02  -6.64578734e-14  -4.94799263e-14  -8.16193491e-14
  1.78400000e-05   3.58673249e-03   2.51817445e-02  -1.71073532e-02  -5.47486763e-14  -5.47402577e-14  -9.20553882e-14
  1.79200000e-05   4.16336360e-03   2.62458176e-02  -1.70120469e-02  -4.05736432e-14  -5.93033293e-14  -1.01421493e-13
  1.80000000e-05   4.78508371e-03   2.72206939e-02  -1.67776284e-02  -2.41340647e-14  -6.29931474e-14  -1.09085781e-13
  1.80800000e-05   5.43928927e-03   2.80854104e-02  -1.63999452e-02  -5.84231258e-15  -6.57096907e-14  -1.14467557e-13
  1.81600000e-05   6.10863806e-03   2.88027638e-02  -1.58799781e-02   1.36816030e-14  -6.74082146e-14  -1.17000597e-13
  1.82400000e-05   6.76236391e-03   2.93550920e-02  -1.52191543e-02   3.37015622e-14  -6.80578369e-14  -1.16296990e-13
  1.83200000e-05   7.38381424e-03   2.97537224e-02  -1.44361573e-02   5.34412442e-14  -6.77474421e-14  -1.12297084e-13
  1.84000000e-05   7.94946620e-03   2.99823173e-02  -1.35505359e-02   7.20745353e-14  -6.65741357e-14  -1.05021144e-13
  1.84800000e-05   8.44492297e-03   3.00597919e-02  -1.25961645e-02   8.89162707e-14  -6.47076865e-14  -9.48073151e-14
  1.85600000e-05   8.84771775e-03   3.00088464e-02  -1.15939108e-02   1.03465664e-13  -6.22342134e-14  -8.21243130e-14
  1.86400000e-05   9.15554954e-03   2.98377440e-02  -1.05801718e-02   1.15304702e-13  -5.93239470e-14  -6.75239349e-14
  1.87200000e-05   9.36038781e-03   2.95714019e-02  -9.57053376e-03   1.24285697e-13  -5.60435082e-14  -5.16086973e-14
  1.88000000e-05   9.46789811e-03   2.92471207e-02  -8.60598904e-03   1.30446106e-13  -5.25244099e-14  -3.49915991e-14
  1.88800000e-05   9.48398059e-03   2.88922079e-02  -7.67764306e-03   1.33965261e-13  -4.88041453e-14  -1.81742719e-14
  1.89600000e-05   9.40775009e-03   2.84963976e-02  -6.81941953e-03   1.34894140e-13  -4.49097660e-14  -1.57142321e-15
  1.90400000e-05   9.25861465e-03   2.81338615e-02  -6.03629521e-03   1.33774428e-13  -4.09156095e-14   1.44876591e-14
  1.91200000e-05   9.03836904e-03   2.77740581e-02  -5.31484958e-03   1.30669416e-13  -3.68274081e-14   2.97641231e-14
  1.92000000e-05   8.75440727e-03   2.74374519e-02  -4.67099013e-03   1.25889622e-13  -3.26614709e-14   4.40894711e-14
  1.92800000e-05   8.41230144e-03   2.71403588e-02  -4.10461190e-03   1.19717599e-13  -2.84295877e-14   5.73772439e-14
  1.93600000e-05   8.02710685e-03   2.68780994e-02  -3.61050487e-03   1.12323435e-13  -2.42026410e-14   6.95501698e-14
  1.94400000e-05   7.59818316e-03   2.66574364e-02  -3.18195612e-03   1.03901921e-13  -1.99952667e-14   8.05929641e-14
  1.95200000e-05   7.13592022e-03   2.64798874e-02  -2.81595594e-03   9.46080882e-14  -1.58718923e-14   9.04949696e-14
  1.96000000e-05   6.64100708e-03   2.63436875e-02  -2.50370870e-03   8.45558034e-14  -1.18824040e-14   9.92564949e-14
  1.96800000e-05   6.11501694e-03   2.62368778e-02  -2.24859577e-03   7.38248341e-14  -8.05001164e-15   1.06836872e-13
  1.97600000e-05   5.56808724e-03   2.61756082e-02  -2.04481718e-03   6.25597313e-14  -4.45584335e-15   1.13312639e-13
  1.98400000e-05   4.99922961e-03   2.61282366e-02  -1.88043495e-03   5.07709935e-14  -1.18144337e-15   1.18561305e-13
  1.99200000e-05   4.41065899e-03   2.61210805e-02  -1.75871101e-03   3.86110766e-14   1.74183851e-15   1.22702931e-13
  2.00000000e-05   3.80570479e-03   2.61155270e-02  -1.67637888e-03   2.61083556e-14   4.25573214e-15   1.25569097e-13
  2.00800000e-05   3.20525118e-03   2.61684462e-02  -1.62461301e-03   1.34078220e-14   6.26970306e-15   1.27441935e-13
  2.01600000e-05   2.59446147e-03   2.62120316e-02  -1.61020491e-03   5.42389562e-16   7.80900560e-15   1.27994338e-13
  2.02400000e-05   1.98543671e-03   2.62694386e-02  -1.63257835e-03  -1.23619245e-14   8.84832963e-15   1.27342638e-13
  2.03200000e-05   1.37998432e-03   2.63701012e-02  -1.68520961e-03  -2.52361513e-14   9.34914889e-15   1.25629778e-13
  2.04000000e-05   7.86661192e-04   2.64713416e-02  -1.77289036e-03  -3.79635484e-14   9.34267198e-15   1.22652036e-13
  2.04800000e-05   2.17799501e-04   2.66063535e-02  -1.89985821e-03  -5.04867055e-14   8.87950854e-15   1.18564302e-13
  2.05600000e-05  -3.37514462e-04   2.67542404e-02  -2.07000763e-03  -6.26751832e-14   7.97252168e-15   1.13261680e-13
  2.06400000e-05  -8.66780669e-04   2.69185025e-02  -2.28303427e-03  -7.44274931e-14   6.65815612e-15   1.06761387e-13
  2.07200000e-05  -1.36593569e-03   2.71451328e-02  -2.54123295e-03  -8.57728938e-14   4.97405083e-15   9.92358957e-14
  2.08000000e-05  -1.83551292e-03   2.73759147e-02  -2.84992957e-03  -9.64404024e-14   2.94913916e-15   9.04418797e-14
  2.08800000e-05  -2.25922802e-03   2.76521355e-02  -3.22388787e-03  -1.06430264e-13   6.93724806e-16   8.05341925e-14
  2.09600000e-05  -2.64140258e-03   2.79786557e-02  -3.65403206e-03  -1.15653895e-13  -1.84269179e-15   6.94937682e-14
  2.10400000e-05  -2.97223648e-03   2.83229942e-02  -4.15379584e-03  -1.23819846e-13  -4.59741097e-15   5.72511093e-14
  2.11200000e-05  -3.25263972e-03   2.87012989e-02  -4.72358267e-03  -1.30824114e-13  -7.60553578e-15   4.38724096e-14
  2.12000000e-05  -3.46746177e-03   2.91067128e-02  -5.37193961e-03  -1.36440256e-13  -1.08261090e-14   2.94100338e-14
  2.12800000e-05  -3.62331409e-03   2.95484869e-02  -6.09488658e-03  -1.40505959e-13  -1.43493239e-14   1.39619351e-14
  2.13600000e-05  -3.70014440e-03   2.99750218e-02  -6.89070352e-03  -1.42551301e-13  -1.81372989e-14  -2.35179670e-15
  2.14400000e-05  -3.70724658e-03   3.04096289e-02  -7.75345832e-03  -1.42469348e-13  -2.22847669e-14  -1.92820392e-14
  2.15200000e-05  -3.62071582e-03   3.07953190e-02  -8.68201962e-03  -1.39790250e-13  -2.67203863e-14  -3.64802274e-14
  2.16000000e-05  -3.44528312e-03   3.11285285e-02  -9.65806886e-03  -1.34366770e-13  -3.14755045e-14  -5.35153125e-14
  2.16800000e-05  -3.18902726e-03   3.13941353e-02  -1.06699030e-02  -1.26071276e-13  -3.65601808e-14  -6.98910311e-14
  2.17600000e-05  -2.84388609e-03   3.15434755e-02  -1.16835625e-02  -1.14780692e-13  -4.18105724e-14  -8.49422040e-14
  2.18400000e-05  -2.41725693e-03   3.15557521e-02  -1.26820931e-02  -1.00637077e-13  -4.71081447e-14  -9.80332862e-14
  2.19200000e-05  -1.93719884e-03   3.14278445e-02  -1.36406390e-02  -8.40307892e-14  -5.23245677e-14  -1.08621307e-13
  2.20000000e-05  -1.40669402e-03   3.11127970e-02  -1.45150836e-02  -6.53967600e-14  -5.71118573e-14  -1.16080378e-13
  2.20800000e-05  -8.51748174e-04   3.06242624e-02  -1.52833453e-02  -4.54980375e-14  -6.12305044e-14  -1.20156035e-13
  2.21600000e-05  -3.00707957e-04   2.99655865e-02  -1.59275364e-02  -2.51193503e-14  -6.44442658e-14  -1.20769251e-13
  2.22400000e-05   2.39627986e-04   2.91318326e-02  -1.64236484e-02  -5.07648336e-15  -6.64667678e-14  -1.17971060e-13
  2.23200000e-05   7.26368646e-04   2.81635285e-02  -1.67736695e-02   1.38468525e-14  -6.72235478e-14  -1.12270865e-13
  2.24000000e-05   1.16638896e-03   2.70770349e-02  -1.69677111e-02   3.10100055e-14  -6.65875615e-14  -1.04128600e-13
  2.24800000e-05   1.53675065e-03   2.59152341e-02  -1.70263955e-02   4.59937428e-14  -6.46661962e-14  -9.42747220e-14
  2.25600000e-05   1.83275287e-03   2.47073252e-02  -1.69628270e-02   5.85661690e-14  -6.15770471e-14  -8.33626855e-14
  2.26400000e-05   2.06615337e-03   2.34765899e-02  -1.67995127e-02   6.86852018e-14  -5.75261394e-14  -7.19427667e-14
  2.27200000e-05   2.22958248e-03   2.22615036e-02  -1.65586772e-02   7.64662548e-14  -5.27361131e-14  -6.06025071e-14
  2.28000000e-05   2.33019996e-03   2.10762495e-02  -1.62508833e-02   8.20790586e-14  -4.74001767e-14  -4.97054416e-14
  2.28800000e-05   2.38268053e-03   1.99224010e-02  -1.59039734e-02   8.58050545e-14  -4.17635605e-14  -3.94608536e-14
  2.29600000e-05   2.39070136e-03   1.88171662e-02  -1.55308907e-02   8.79208236e-14  -3.59945470e-14  -3.00770219e-14
  2.30400000e-05   2.36198302e-03   1.77595650e-02  -1.51484017e-02   8.87131145e-14  -3.02460705e-14  -2.16272444e-14
  2.31200000e-05   2.30267922e-03   1.67769888e-02  -1.47660189e-02   8.84727902e-14  -2.46235083e-14  -1.41801163e-14
  2.32000000e-05   2.22101220e-03   1.58426963e-02  -1.44017159e-02   8.74406217e-14  -1.92176597e-14  -7.65553622e-15
  2.32800000e-05   2.12271334e-03   1.49611614e-02  -1.40485753e-02   8.57647539e-14  -1.40597931e-14  -2.01421473e-15
  2.33600000e-05   2.01140751e-03   1.41385428e-02  -1.37165925e-02   8.36492599e-14  -9.18347573e-15   2.80038830e-15
  2.34400000e-05   1.89107185e-03   1.33652614e-02  -1.34113663e-02   8.12324142e-14  -4.59821625e-15   6.87178083e-15
  2.35200000e-05   1.76566988e-03   1.26273960e-02  -1.31275607e-02   7.85740457e-14  -3.02060265e-16   1.02777351e-14
  2.36000000e-05   1.63654409e-03   1.19393105e-02  -1.28738741e-02   7.58200673e-14   3.71662707e-15   1.30851713e-14
  2.36800000e-05   1.50626510e-03   1.12893724e-02  -1.26405758e-02   7.29774938e-14   7.46935157e-15   1.53670012e-14
  2.37600000e-05   1.37301832e-03   1.06570330e-02  -1.24394818e-02   7.01297139e-14   1.09866962e-14   1.71530430e-14
  2.38400000e-05   1.24388444e-03   1.00686471e-02  -1.22602445e-02   6.73045999e-14   1.42747426e-14   1.85515460e-14
  2.39200000e-05   1.11882076e-03   9.50907871e-03  -1.21060696e-02   6.45292541e-14   1.73602090e-14   1.95997769e-14
  2.40000000e-05   9.96924897e-04   8.97049993e-03  -1.19748636e-02   6.18096389e-14   2.02646439e-14   2.03262068e-14
  2.40800000e-05   8.79259013e-04   8.45286714e-03  -1.18673544e-02   5.91662115e-14   2.30108258e-14   2.07737857e-14
  2.41600000e-05   7.64846770e-04   7.96149498e-03  -1.17786997e-02   5.65939666e-14   2.56113359e-14   2.09862075e-14
  2.42400000e-05   6.56632590e-04   7.48739126e-03  -1.17091819e-02   5.40927156e-14   2.80827856e-14   2.09908639e-14
  2.43200000e-05   5.53900728e-04   7.03108285e-03  -1.16562755e-02   5.16556663e-14   3.04374521e-14   2.08145696e-14
  2.44000000e-05   4.56881567e-04   6.59293631e-03  -1.16238478e-02   4.92981724e-14   3.27019041e-14   2.04859012e-14
  2.44800000e-05   3.66941098e-04   6.17475660e-03  -1.16057040e-02   4.69929934e-14   3.48737118e-14   2.00401753e-14
  2.45600000e-05   2.83177944e-04   5.77550974e-03  -1.15966760e-02   4.47156938e-14   3.69491172e-14   1.94937312e-14
  2.46400000e-05   2.07223427e-04   5.38845461e-03  -1.16020116e-02   4.24778671e-14   3.89533769e-14   1.88502580e-14
  2.47200000e-05   1.35809995e-04   5.02099694e-03  -1.16137231e-02   4.02484191e-14   4.08697317e-14   1.81399999e-14
  2.48000000e-05   7.26143387e-05   4.66765485e-03  -1.16348990e-02   3.80304408e-14   4.27131673e-14   1.73728949e-14
  2.48800000e-05   1.50974818e-05   4.34123695e-03  -1.16615948e-02   3.58071720e-14   4.44753510e-14   1.66031010e-14
  2.49600000e-05  -3.56406655e-05   4.02987426e-03  -1.16923810e-02   3.35657075e-14   4.61532230e-14   1.58047690e-14
  2.50400000e-05  -8.22962157e-05   3.73607534e-03  -1.17236361e-02   3.12925600e-14   4.77336675e-14   1.49920484e-14
  2.51200000e-05  -1.19503302e-04   3.45970175e-03  -1.17587132e-02   2.89935482e-14   4.92298365e-14   1.41899649e-14
  2.52000000e-05  -1.49390450e-04   3.20694838e-03  -1.17877340e-02   2.66420194e-14   5.05997813e-14   1.34284354e-14
  2.52800000e-05  -1.82491687e-04   2.96997620e-03  -1.18152197e-02   2.42503565e-14   5.18588749e-14   1.26611387e-14
  2.53600000e-05  -2.08836520e-04   2.75632488e-03  -1.18364900e-02   2.18098465e-14   5.29841568e-14   1.19534471e-14
  2.54400000e-05  -2.30018627e-04   2.56318331e-03  -1.18513659e-02   1.93248465e-14   5.39712812e-14   1.12977030e-14
  2.55200000e-05  -2.48325962e-04   2.39026107e-03  -1.18582775e-02   1.67985647e-14   5.48093961e-14   1.06960936e-14
  2.56000000e-05  -2.64922249e-04   2.23899838e-03  -1.18550912e-02   1.42355901e-14   5.54849577e-14   1.01609851e-14
  2.56800000e-05  -2.80757527e-04   2.10963655e-03  -1.18413586e-02   1.16452514e-14   5.59925968e-14   9.69943912e-15
  2.57600000e-05  -2.95340534e-04   2.00234517e-03  -1.18160779e-02   9.03732386e-15   5.63256601e-14   9.31902499e-15
  2.58400000e-05  -3.10977446e-04   1.91425212e-03  -1.17838334e-02   6.42706781e-15   5.65043004e-14   9.00936052e-15
  2.59200000e-05  -3.29786071e-04   1.85023352e-03  -1.17358583e-02   3.81897567e-15   5.64854806e-14   8.79798325e-15
  2.60000000e-05  -3.48037431e-04   1.80169080e-03  -1.16799845e-02   1.23318395e-15   5.63094456e-14   8.64924232e-15
  2.60800000e-05  -3.68113636e-04   1.76909440e-03  -1.16137641e-02  -1.32037754e-15   5.59657791e-14   8.56697231e-15
  2.61600000e-05  -3.93321930e-04   1.76680458e-03  -1.15355172e-02  -3.83669814e-15   5.54479564e-14   8.62334642e-15
  2.62400000e-05  -4.22402186e-04   1.77745268e-03  -1.14517677e-02  -6.29911219e-15   5.47920700e-14   8.73673592e-15
  2.63200000e-05  -4.57668741e-04   1.80129707e-03  -1.13611801e-02  -8.69940861e-15   5.39950098e-14   8.91126625e-15
  2.64000000e-05  -4.95352017e-04   1.84356304e-03  -1.12657729e-02  -1.10352426e-14   5.30737133e-14   9.17034870e-15
  2.64800000e-05  -5.38307414e-04   1.89643698e-03  -1.11637197e-02  -1.32944737e-14   5.20234251e-14   9.47853078e-15
  2.65600000e-05  -5.88090868e-04   1.96773346e-03  -1.10557607e-02  -1.54772685e-14   5.08525009e-14   9.87414713e-15
  2.66400000e-05  -6.41309674e-04   2.04855326e-03  -1.09490407e-02  -1.75840923e-14   4.96019996e-14   1.03104180e-14
  2.67200000e-05  -7.01242232e-04   2.14038658e-03  -1.08433754e-02  -1.96165474e-14   4.82732203e-14   1.07973117e-14
  2.68000000e-05  -7.67351129e-04   2.24354000e-03  -1.07369027e-02  -2.15726574e-14   4.68624651e-14   1.13339593e-14
  2.68800000e-05  -8.38378320e-04   2.35184297e-03  -1.06379084e-02  -2.34650306e-14   4.54108978e-14   1.18887914e-14
  2.69600000e-05  -9.19369960e-04   2.47341804e-03  -1.05426051e-02  -2.52973752e-14   4.38996275e-14   1.25054269e-14
  2.70400000e-05  -1.00378943e-03   2.60546537e-03  -1.04499977e-02  -2.70696094e-14   4.23319108e-14   1.31546933e-14
  2.71200000e-05  -1.09377054e-03   2.74543625e-03  -1.03651797e-02  -2.87958771e-14   4.07281647e-14   1.38263558e-14
  2.72000000e-05  -1.18900044e-03   2.88387389e-03  -1.02857803e-02  -3.04656897e-14   3.90790751e-14   1.44785168e-14
  2.72800000e-05  -1.28721499e-03   3.02612064e-03  -1.02200988e-02  -3.21120508e-14   3.74183340e-14   1.51238759e-14
  2.73600000e-05  -1.39109139e-03   3.17105363e-03  -1.01624937e-02  -3.37245552e-14   3.57184731e-14   1.57617940e-14
  2.74400000e-05  -1.50465889e-03   3.33120860e-03  -1.01167617e-02  -3.53354243e-14   3.39848849e-14   1.64458258e-14
  2.75200000e-05  -1.62048960e-03   3.48935227e-03  -1.00815871e-02  -3.69264461e-14   3.22166201e-14   1.70860060e-14
  2.76000000e-05  -1.73731507e-03   3.64194257e-03  -1.00590771e-02  -3.85033913e-14   3.04178995e-14   1.76629290e-14
  2.76800000e-05  -1.86051380e-03   3.80135423e-03  -1.00516168e-02  -4.00955075e-14   2.85825675e-14   1.82309686e-14
  2.77600000e-05  -1.98293428e-03   3.95546835e-03  -1.00552407e-02  -4.16755108e-14   2.67017886e-14   1.87223643e-14
  2.78400000e-05  -2.10698943e-03   4.10367095e-03  -1.00734402e-02  -4.32557698e-14   2.47759551e-14   1.91406126e-14
  2.79200000e-05  -2.23270338e-03   4.25312438e-03  -1.01049694e-02  -4.48438639e-14   2.27939079e-14   1.95021245e-14
  2.80000000e-05  -2.35985729e-03   4.39844149e-03  -1.01551620e-02  -4.64515084e-14   2.07608020e-14   1.97864006e-14
  2.80800000e-05  -2.49063635e-03   4.55138490e-03  -1.02202254e-02  -4.80849400e-14   1.86519956e-14   2.00244615e-14
  2.81600000e-05  -2.62394749e-03   4.69816857e-03  -1.03023814e-02  -4.97264768e-14   1.64640589e-14   2.01730630e-14
  2.82400000e-05  -2.75617850e-03   4.84828465e-03  -1.04038447e-02  -5.13992765e-14   1.41962769e-14   2.02322487e-14
  2.83200000e-05  -2.89115562e-03   4.99331738e-03  -1.05223707e-02  -5.30732258e-14   1.18244213e-14   2.01937424e-14
  2.84000000e-05  -3.02022937e-03   5.12821529e-03  -1.06593328e-02  -5.47349957e-14   9.35723134e-15   2.00104586e-14
  2.84800000e-05  -3.14927843e-03   5.26248503e-03  -1.08176765e-02  -5.64067429e-14   6.77463936e-15   1.97169860e-14
  2.85600000e-05  -3.27683541e-03   5.38795928e-03  -1.09991132e-02  -5.80663435e-14   4.06689505e-15   1.92912022e-14
  2.86400000e-05  -3.39640253e-03   5.50877664e-03  -1.12032489e-02  -5.97068821e-14   1.23360924e-15   1.87074557e-14
  2.87200000e-05  -3.51038180e-03   5.62184728e-03  -1.14333673e-02  -6.13177473e-14  -1.74225779e-15   1.79696839e-14
  2.88000000e-05  -3.61869882e-03   5.71817530e-03  -1.16872174e-02  -6.28468426e-14  -4.87741686e-15   1.70728296e-14
  2.88800000e-05  -3.72093838e-03   5.80693865e-03  -1.19715093e-02  -6.43201974e-14  -8.18419463e-15   1.60219041e-14
  2.89600000e-05  -3.81717907e-03   5.89190378e-03  -1.22826971e-02  -6.57058382e-14  -1.16814557e-14   1.48163661e-14
  2.90400000e-05  -3.89746594e-03   5.96279730e-03  -1.26307475e-02  -6.69867977e-14  -1.53617276e-14   1.34180416e-14
  2.91200000e-05  -3.97268419e-03   6.02668052e-03  -1.30150042e-02  -6.81418176e-14  -1.92761302e-14   1.18735915e-14
  2.92000000e-05  -4.02657156e-03   6.06635393e-03  -1.34362330e-02  -6.90851518e-14  -2.34005163e-14   1.01382950e-14
  2.92800000e-05  -4.07016470e-03   6.09896811e-03  -1.38983373e-02  -6.98304719e-14  -2.77877022e-14   8.25603882e-15
  2.93600000e-05  -4.09377529e-03   6.11494063e-03  -1.44080902e-02  -7.03217371e-14  -3.24401737e-14   6.21259672e-15
  2.94400000e-05  -4.10264314e-03   6.11713980e-03  -1.49600216e-02  -7.04834476e-14  -3.73843960e-14   4.04296584e-15
  2.95200000e-05  -4.09628187e-03   6.10815427e-03  -1.55583933e-02  -7.02686493e-14  -4.26393625e-14   1.76061818e-15
  2.96000000e-05  -4.06203975e-03   6.07056863e-03  -1.62136696e-02  -6.95831330e-14  -4.82024698e-14  -6.14725030e-16
  2.96800000e-05  -4.00715387e-03   6.01071665e-03  -1.69230106e-02  -6.83443219e-14  -5.40962653e-14  -3.03085014e-15
  2.97600000e-05  -3.91872323e-03   5.92153164e-03  -1.76870467e-02  -6.64358504e-14  -6.02809888e-14  -5.46230659e-15
  2.98400000e-05  -3.80005202e-03   5.79380657e-03  -1.85015535e-02  -6.37174121e-14  -6.67334055e-14  -7.81074750e-15
  2.99200000e-05  -3.64519683e-03   5.63229019e-03  -1.93727319e-02  -6.01089530e-14  -7.34190991e-14  -1.00351725e-14
  3.00000000e-05  -3.45674778e-03   5.43143828e-03  -2.02847018e-02  -5.54508312e-14  -8.02312155e-14  -1.20332732e-14
  3.00800000e-05  -3.23839069e-03   5.18494193e-03  -2.12258156e-02  -4.96089166e-14  -8.70430060e-14  -1.36936966e-14
  3.01600000e-05  -2.98374058e-03   4.88996744e-03  -2.21969253e-02  -4.25007795e-14  -9.37100304e-14  -1.49312435e-14
  3.02400000e-05  -2.69130432e-03   4.53960876e-03  -2.31606621e-02  -3.40126434e-14  -9.99209389e-14  -1.56326963e-14
  3.03200000e-05  -2.37099959e-03   4.13285878e-03  -2.40993591e-02  -2.41442354e-14  -1.05425399e-13  -1.57042481e-14
  3.04000000e-05  -2.02656177e-03   3.67661701e-03  -2.49846902e-02  -1.29789602e-14  -1.09887452e-13  -1.51177144e-14
  3.04800000e-05  -1.65431289e-03   3.14963316e-03  -2.57796693e-02  -6.30526302e-16  -1.12907973e-13  -1.37540790e-14
  3.05600000e-05  -1.27297639e-03   2.57076543e-03  -2.64576872e-02   1.25816162e-14  -1.14203240e-13  -1.17019239e-14
  3.06400000e-05  -8.78681230e-04   1.92652560e-03  -2.69619224e-02   2.62881049e-14  -1.13362584e-13  -8.95688304e-15
  3.07200000e-05  -4.84021417e-04   1.23153085e-03  -2.72879662e-02   4.00013395e-14  -1.10322531e-13  -5.68848200e-15
  3.08000000e-05  -1.04026197e-04   5.09469632e-04  -2.73901286e-02   5.31213633e-14  -1.04975670e-13  -2.15435022e-15
  3.08800000e-05   2.60085011e-04  -2.45257613e-04  -2.72691758e-02   6.51752767e-14  -9.75039937e-14   1.49856782e-15
  3.09600000e-05   5.78729303e-04  -9.58707918e-04  -2.69197011e-02   7.55566721e-14  -8.82521940e-14   4.76732401e-15
  3.10400000e-05   8.59418514e-04  -1.65080341e-03  -2.63511910e-02   8.39939906e-14  -7.76346357e-14   7.60290158e-15
  3.11200000e-05   1.10033214e-03  -2.28959244e-03  -2.55907966e-02   9.02701300e-14  -6.61902958e-14   9.80336526e-15
  3.12000000e-05   1.28349745e-03  -2.83127773e-03  -2.46622630e-02   9.42590101e-14  -5.44852482e-14   1.11605358e-14
  3.12800000e-05   1.42421014e-03  -3.28057937e-03  -2.36105177e-02   9.61357123e-14  -4.30112655e-14   1.17752321e-14
  3.13600000e-05   1.51230344e-03  -3.61305695e-03  -2.24735369e-02   9.60800845e-14  -3.22079431e-14   1.16435333e-14
  3.14400000e-05   1.55962573e-03  -3.82190274e-03  -2.12785703e-02   9.43353637e-14  -2.23435849e-14   1.09275607e-14
  3.15200000e-05   1.56430932e-03  -3.90555364e-03  -2.00648841e-02   9.12367999e-14  -1.36327648e-14   9.76661862e-15
  3.16000000e-05   1.53988828e-03  -3.88575376e-03  -1.88581869e-02   8.71362511e-14  -6.13332378e-15   8.37899624e-15
  3.16800000e-05   1.48099560e-03  -3.73585678e-03  -1.76829818e-02   8.22485846e-14   1.28681228e-16   6.86134604e-15
  3.17600000e-05   1.40134397e-03  -3.50193285e-03  -1.65429912e-02   7.68702448e-14   5.23940666e-15   5.40250565e-15
  3.18400000e-05   1.29871890e-03  -3.16710708e-03  -1.54709895e-02   7.12285095e-14   9.28223779e-15   4.07911664e-15
  3.19200000e-05   1.17248061e-03  -2.74651278e-03  -1.44539848e-02   6.54195260e-14   1.23635821e-14   2.95741211e-15
  3.20000000e-05   1.03202102e-03  -2.25628541e-03  -1.35060908e-02   5.96272089e-14   1.46294015e-14   2.11226389e-15
  3.20800000e-05   8.77621858e-04  -1.70234103e-03  -1.26225251e-02   5.39093764e-14   1.61921099e-14   1.56446939e-15
  3.21600000e-05   7.04683095e-04  -1.08437979e-03  -1.18046215e-02   4.83119795e-14   1.71481922e-14   1.30876557e-15
  3.22400000e-05   5.20293191e-04  -4.29115426e-04  -1.10457658e-02   4.29061431e-14   1.76066427e-14   1.33702745e-15
  3.23200000e-05   3.22082333e-04   2.80871291e-04  -1.03403998e-02   3.76375467e-14   1.76370068e-14   1.65139821e-15
  3.24000000e-05   1.04986866e-04   1.03160127e-03  -9.68628550e-03   3.25376205e-14   1.72959815e-14   2.19470913e-15
  3.24800000e-05  -1.23181189e-04   1.82467732e-03  -9.07297571e-03   2.75588353e-14   1.66478703e-14   2.97391529e-15
  3.25600000e-05  -3.67952322e-04   2.65577660e-03  -8.49261157e-03   2.26743017e-14   1.57127453e-14   3.93123822e-15
  3.26400000e-05  -6.32221882e-04   3.53205686e-03  -7.93372468e-03   1.78094546e-14   1.45002126e-14   5.03622828e-15
  3.27200000e-05  -9.19321257e-04   4.45590390e-03  -7.39027248e-03   1.29193808e-14   1.30201313e-14   6.24326001e-15
  3.28000000e-05  -1.22279995e-03   5.42416754e-03  -6.84919442e-03   7.94772875e-15   1.12882679e-14   7.52073465e-15
  3.28800000e-05  -1.55064451e-03   6.44681136e-03  -6.29817037e-03   2.80368430e-15   9.27741014e-15   8.80608052e-15
  3.29600000e-05  -1.90844116e-03   7.53354713e-03  -5.71040826e-03  -2.65257710e-15   6.93281870e-15   1.00327334e-14
  3.30400000e-05  -2.29131547e-03   8.68772571e-03  -5.07829837e-03  -8.47991817e-15   4.27402466e-15   1.11379280e-14
  3.31200000e-05  -2.70874081e-03   9.91430078e-03  -4.37285316e-03  -1.48137786e-14   1.24200899e-15   1.19922475e-14
  3.32000000e-05  -3.15913601e-03   1.12221930e-02  -3.55983223e-03  -2.18181512e-14  -2.18287663e-15   1.24808815e-14
  3.32800000e-05  -3.64485388e-03   1.26212625e-02  -2.59870469e-03  -2.96825064e-14  -6.01082540e-15   1.24385791e-14
  3.33600000e-05  -4.16501372e-03   1.41002288e-02  -1.43687258e-03  -3.85727255e-14  -1.02095065e-14   1.16221534e-14
  3.34400000e-05  -3.98242173e-04   1.02075204e-03   1.17044715e-05  -3.20784731e-15  -1.25591434e-15   3.82507544e-16
  3.35200000e-05   4.42768516e-03  -1.48908237e-02  -1.90918053e-03   5.20679483e-14   1.70683989e-14  -1.23728676e-14
  3.36000000e-05   5.02579575e-03  -1.65111005e-02  -4.14450568e-03   6.31694878e-14   2.35879248e-14  -1.73689360e-14
  3.36800000e-05   5.57850222e-03  -1.78844803e-02  -6.75221360e-03   7.36037176e-14   3.18911475e-14  -2.36601071e-14
  3.37600000e-05   6.03400177e-03  -1.88780297e-02  -9.68080651e-03   8.23088497e-14   4.22196348e-14  -3.10275569e-14
  3.38400000e-05   6.33586786e-03  -1.93489570e-02  -1.27791882e-02   8.79138696e-14   5.44477969e-14  -3.88520311e-14
  3.39200000e-05   6.42434248e-03  -1.91372602e-02  -1.58286180e-02   8.90226272e-14   6.79408469e-14  -4.60109542e-14
  3.40000000e-05   6.38563204e-03  -1.85076370e-02  -1.85766090e-02   8.56222772e-14   8.18509907e-14  -5.21147895e-14
  3.40800000e-05   6.17210362e-03  -1.73936929e-02  -2.07932533e-02   7.73812700e-14   9.45627984e-14  -5.61331621e-14
  3.41600000e-05   5.85453825e-03  -1.60552304e-02  -2.24286412e-02   6.55573462e-14   1.05155054e-13  -5.81613759e-14
  3.42400000e-05   5.51456247e-03  -1.46878401e-02  -2.34093086e-02   5.13757154e-14   1.12625091e-13  -5.85623763e-14
  3.43200000e-05   5.19955253e-03  -1.34433391e-02  -2.38313150e-02   3.62531688e-14   1.16789664e-13  -5.79717403e-14
  3.44000000e-05   4.94613430e-03  -1.24155998e-02  -2.38373223e-02   2.12741281e-14   1.17975451e-13  -5.70328863e-14
  3.44800000e-05   4.77152646e-03  -1.16321871e-02  -2.34691028e-02   7.13010542e-15   1.16264039e-13  -5.61752861e-14
  3.45600000e-05   4.66828028e-03  -1.10756447e-02  -2.28417658e-02  -5.70295000e-15   1.12233911e-13  -5.55861528e-14
  3.46400000e-05   4.63924364e-03  -1.07105882e-02  -2.20274428e-02  -1.69785006e-14   1.06393728e-13  -5.53085906e-14
  3.47200000e-05   4.66461102e-03  -1.04892220e-02  -2.10654012e-02  -2.66016997e-14   9.91307983e-14  -5.52513345e-14
  3.48000000e-05   4.72735410e-03  -1.03688932e-02  -1.99094721e-02  -3.43935650e-14   9.04796873e-14  -5.52884964e-14
  3.48800000e-05   4.80219209e-03  -1.02993392e-02  -1.86974039e-02  -4.05318961e-14   8.13290345e-14  -5.52096576e-14
  3.49600000e-05   4.88742405e-03  -1.02456625e-02  -1.74248888e-02  -4.50667801e-14   7.18864437e-14  -5.49090852e-14
  3.50400000e-05   4.96112320e-03  -1.01818467e-02  -1.61036724e-02  -4.80894039e-14   6.24126165e-14  -5.42766351e-14
  3.51200000e-05   4.99985583e-03  -1.00553389e-02  -1.47272103e-02  -4.96346329e-14   5.30805894e-14  -5.30928334e-14
  3.52000000e-05   5.02649673e-03  -9.91516139e-03  -1.34115861e-02  -5.01897988e-14   4.44509607e-14  -5.16730313e-14
  3.52800000e-05   4.99245990e-03  -9.68285001e-03  -1.20458504e-02  -4.94781321e-14   3.62464398e-14  -4.96425250e-14
  3.53600000e-05   4.91756292e-03  -9.38440591e-03  -1.07751642e-02  -4.81038553e-14   2.90184888e-14  -4.72266596e-14
  3.54400000e-05   4.82662934e-03  -9.07107458e-03  -9.54776001e-03  -4.60952358e-14   2.25589640e-14  -4.47349601e-14
  3.55200000e-05   4.68782754e-03  -8.67349921e-03  -8.37429456e-03  -4.35102370e-14   1.69301438e-14  -4.18915377e-14
  3.56000000e-05   4.51200352e-03  -8.24374333e-03  -7.27615971e-03  -4.05976146e-14   1.21482074e-14  -3.89385741e-14
  3.56800000e-05   4.31019017e-03  -7.77573090e-03  -6.27975019e-03  -3.75376678e-14   8.20855766e-15  -3.59285029e-14
  3.57600000e-05   4.08701197e-03  -7.28061329e-03  -5.36393934e-03  -3.43526749e-14   4.97596664e-15  -3.29287621e-14
  3.58400000e-05   3.85796904e-03  -6.78483881e-03  -4.51186871e-03  -3.10996823e-14   2.31328396e-15  -3.00711034e-14
  3.59200000e-05   3.61103356e-03  -6.28118168e-03  -3.73237846e-03  -2.78541933e-14   2.04010696e-16  -2.72919416e-14
  3.60000000e-05   3.36192371e-03  -5.78015454e-03  -3.03171544e-03  -2.47075727e-14  -1.43192737e-15  -2.46686124e-14
  3.60800000e-05   3.11264623e-03  -5.28521172e-03  -2.37744020e-03  -2.15862725e-14  -2.72418101e-15  -2.22056296e-14
  3.61600000e-05   2.85948347e-03  -4.79853495e-03  -1.78858768e-03  -1.85968432e-14  -3.67192339e-15  -1.98802180e-14
  3.62400000e-05   2.60694473e-03  -4.33520116e-03  -1.22158274e-03  -1.56428434e-14  -4.41272315e-15  -1.77228975e-14
  3.63200000e-05   2.37067149e-03  -3.89162018e-03  -7.08245499e-04  -1.28557643e-14  -4.96207569e-15  -1.57661151e-14
  3.64000000e-05   1.56572897e-03  -2.63125793e-03  -2.21006759e-04  -7.89515423e-15  -3.82623057e-15  -1.03791948e-14
  3.64800000e-05  -3.82309867e-03   5.27702402e-03  -2.12269705e-04   1.33134575e-14   1.05871303e-14   2.34130402e-14
  3.65600000e-05  -4.09090288e-03   5.53787299e-03  -5.97407383e-04   1.20381364e-14   1.16246203e-14   2.53241333e-14
  3.66400000e-05  -3.94829742e-03   5.20328426e-03  -9.48280710e-04   9.34528041e-15   1.15686480e-14   2.45676386e-14
  3.67200000e-05  -3.81581400e-03   4.88672091e-03  -1.27008919e-03   6.85242022e-15   1.15351811e-14   2.37949035e-14
  3.68000000e-05  -3.69838717e-03   4.59309685e-03  -1.57006316e-03   4.53915743e-15   1.15343650e-14   2.30505974e-14
  3.68800000e-05  -3.58733246e-03   4.31391803e-03  -1.85376613e-03   2.35910814e-15   1.15441030e-14   2.22991498e-14
  3.69600000e-05  -3.48671598e-03   4.05732141e-03  -2.12282885e-03   3.18750147e-16   1.15665262e-14   2.15833335e-14
  3.70400000e-05  -3.39571821e-03   3.81915138e-03  -2.38142086e-03  -1.61340026e-15   1.15985688e-14   2.09015313e-14
  3.71200000e-05  -3.31474220e-03   3.59677697e-03  -2.63601861e-03  -3.47408456e-15   1.16452528e-14   2.02582302e-14
  3.72000000e-05  -3.24080896e-03   3.39243405e-03  -2.87980029e-03  -5.23703429e-15   1.16798028e-14   1.96524698e-14
  3.72800000e-05  -3.17473349e-03   3.19855489e-03  -3.12381797e-03  -6.96577100e-15   1.17184714e-14   1.90781413e-14
  3.73600000e-05  -3.11396880e-03   3.02026667e-03  -3.36275690e-03  -8.63353363e-15   1.17399141e-14   1.85390224e-14
  3.74400000e-05  -3.05716395e-03   2.85243198e-03  -3.60224116e-03  -1.02763997e-14   1.17467256e-14   1.80230505e-14
  3.75200000e-05  -3.00657003e-03   2.69350823e-03  -3.84898441e-03  -1.19285901e-14   1.17487437e-14   1.75395565e-14
  3.76000000e-05  -2.95785404e-03   2.54494204e-03  -4.08824140e-03  -1.35286928e-14   1.17061614e-14   1.70751661e-14
  3.76800000e-05  -2.91257771e-03   2.40561702e-03  -4.33379659e-03  -1.51390571e-14   1.16408649e-14   1.66360238e-14
  3.77600000e-05  -2.86466021e-03   2.27257306e-03  -4.58233531e-03  -1.67520745e-14   1.15323678e-14   1.61919948e-14
  3.78400000e-05  -2.81767450e-03   2.14424142e-03  -4.83454152e-03  -1.83742426e-14   1.13813133e-14   1.57568030e-14
  3.79200000e-05  -2.77118574e-03   2.02075295e-03  -5.09015681e-03  -2.00050314e-14   1.11805911e-14   1.53297577e-14
  3.80000000e-05  -2.71856822e-03   1.89776786e-03  -5.35067163e-03  -2.16567130e-14   1.09182965e-14   1.48758230e-14
  3.80800000e-05  -2.66656063e-03   1.77873604e-03  -5.61395033e-03  -2.33147984e-14   1.05939101e-14   1.44308533e-14
  3.81600000e-05  -2.60837127e-03   1.66348476e-03  -5.88283518e-03  -2.49915154e-14   1.01970911e-14   1.39643308e-14
  3.82400000e-05  -2.54407428e-03   1.54870081e-03  -6.15433722e-03  -2.66755325e-14   9.71836019e-15   1.34726723e-14
  3.83200000e-05  -2.47551352e-03   1.43529691e-03  -6.42883894e-03  -2.83651358e-14   9.15459804e-15   1.29662361e-14
  3.84000000e-05  -2.39476737e-03   1.31878869e-03  -6.71005515e-03  -3.00791874e-14   8.49540650e-15   1.24047121e-14
  3.84800000e-05  -2.30629543e-03   1.20398901e-03  -6.99763500e-03  -3.18077226e-14   7.73805996e-15   1.18146408e-14
  3.85600000e-05  -2.20522817e-03   1.08687645e-03  -7.28856141e-03  -3.35359976e-14   6.86906589e-15   1.11709771e-14
  3.86400000e-05  -2.09341882e-03   9.65512701e-04  -7.58284329e-03  -3.52603769e-14   5.88418833e-15   1.04836659e-14
  3.87200000e-05  -1.96713500e-03   8.43601688e-04  -7.88381860e-03  -3.69876945e-14   4.77557639e-15   9.74001009e-15
  3.88000000e-05  -1.82250399e-03   7.16894574e-04  -8.19072485e-03  -3.87109396e-14   3.53237835e-15   8.92267612e-15
  3.88800000e-05  -1.66526248e-03   5.89740598e-04  -8.50371550e-03  -4.04198752e-14   2.15149357e-15   8.06453659e-15
  3.89600000e-05  -1.48639555e-03   4.57108285e-04  -8.82569064e-03  -4.21236457e-14   6.17925377e-16   7.12633842e-15
  3.90400000e-05  -1.29222231e-03   3.23301447e-04  -9.16007039e-03  -4.38258616e-14  -1.07486453e-15   6.14463084e-15
  3.91200000e-05  -1.07370932e-03   1.83822246e-04  -9.50193342e-03  -4.54948583e-14  -2.94378112e-15   5.08392544e-15
  3.92000000e-05  -8.35525438e-04   4.17434051e-05  -9.85706099e-03  -4.71436022e-14  -4.99913880e-15   3.97491685e-15
  3.92800000e-05  -5.68781823e-04  -1.06273187e-04  -1.02288252e-02  -4.87755143e-14  -7.26390366e-15   2.78766951e-15
  3.93600000e-05  -2.80237755e-04  -2.56996030e-04  -1.06195437e-02  -5.03821346e-14  -9.75388391e-15   1.56557439e-15
  3.94400000e-05   4.30454785e-05  -4.13967113e-04  -1.10346457e-02  -5.19705678e-14  -1.25032574e-14   2.66328389e-16
  3.95200000e-05   3.93375037e-04  -5.74184618e-04  -1.14764064e-02  -5.35243412e-14  -1.55359533e-14  -1.05735488e-15
  3.96000000e-05   7.74823174e-04  -7.40518342e-04  -1.19491663e-02  -5.50346615e-14  -1.88891629e-14  -2.39802166e-15
  3.96800000e-05   1.18934647e-03  -9.09193624e-04  -1.24663797e-02  -5.65221667e-14  -2.26203500e-14  -3.74271941e-15
  3.97600000e-05   1.63890767e-03  -1.08266988e-03  -1.30309881e-02  -5.79523600e-14  -2.67794282e-14  -5.06372093e-15
  3.98400000e-05   2.11586895e-03  -1.25670217e-03  -1.36498819e-02  -5.92918042e-14  -3.14214489e-14  -6.29795077e-15
  3.99200000e-05   2.63219332e-03  -1.43604809e-03  -1.43437749e-02  -6.05533686e-14  -3.66544759e-14  -7.44229348e-15
  4.00000000e-05   3.18290920e-03  -1.62134324e-03  -1.51090079e-02  -6.16203362e-14  -4.25286976e-14  -8.41738382e-15
  4.00800000e-05   3.76712329e-03  -1.80709710e-03  -1.59754916e-02  -6.24801295e-14  -4.91850379e-14  -9.16955894e-15
  4.01600000e-05   4.38630546e-03  -2.00230783e-03  -1.69470576e-02  -6.29844522e-14  -5.67054929e-14  -9.60209127e-15
  4.02400000e-05   5.02190410e-03  -2.19210739e-03  -1.80435188e-02  -6.29811282e-14  -6.51964667e-14  -9.60829933e-15
  4.03200000e-05   5.68532124e-03  -2.39019468e-03  -1.92843694e-02  -6.22735308e-14  -7.47817319e-14  -9.09037399e-15
  4.04000000e-05   6.34926694e-03  -2.58532979e-03  -2.06895203e-02  -6.05682270e-14  -8.55317093e-14  -7.89946616e-15
  4.04800000e-05   7.02657878e-03  -2.79013484e-03  -2.22793843e-02  -5.74990840e-14  -9.75132979e-14  -5.92236266e-15
  4.05600000e-05   7.68622839e-03  -2.99551974e-03  -2.40622377e-02  -5.25500477e-14  -1.10630037e-13  -3.01373501e-15
  4.06400000e-05   8.31394466e-03  -3.20165020e-03  -2.60611457e-02  -4.51447946e-14  -1.24747084e-13   9.23413102e-16
  4.07200000e-05   8.90143635e-03  -3.41135403e-03  -2.82747734e-02  -3.45678384e-14  -1.39466405e-13   5.94402182e-15
  4.08000000e-05   9.41007735e-03  -3.61643129e-03  -3.06960635e-02  -2.00565168e-14  -1.54105759e-13   1.20073870e-14
  4.08800000e-05   9.82693522e-03  -3.82906487e-03  -3.32807826e-02  -9.09694591e-16  -1.67551004e-13   1.90086922e-14
  4.09600000e-05   1.01461490e-02  -4.03072294e-03  -3.59712523e-02   2.33319936e-14  -1.78325933e-13   2.65632206e-14
  4.10400000e-05   1.03602485e-02  -4.24330221e-03  -3.86701898e-02   5.25925243e-14  -1.84518377e-13   3.43375314e-14
  4.11200000e-05   1.04711388e-02  -4.45132530e-03  -4.12181816e-02   8.59384305e-14  -1.83892195e-13   4.16912427e-14
  4.12000000e-05   1.05123143e-02  -4.66806491e-03  -4.34390395e-02   1.21338084e-13  -1.74492898e-13   4.81154341e-14
  4.12800000e-05   1.05648419e-02  -4.93401494e-03  -4.51577093e-02   1.55741930e-13  -1.55212836e-13   5.33953418e-14
  4.13600000e-05   1.05585037e-02  -5.19341916e-03  -4.61577305e-02   1.85280450e-13  -1.26135333e-13   5.65746614e-14
  4.14400000e-05   1.06637396e-02  -5.51584281e-03  -4.63671576e-02   2.06603646e-13  -8.93896720e-14   5.81494963e-14
  4.15200000e-05   1.08075116e-02  -5.87844365e-03  -4.57181393e-02   2.17250227e-13  -4.83611398e-14   5.75750156e-14
  4.16000000e-05   1.09649051e-02  -6.24503412e-03  -4.42763802e-02   2.16726948e-13  -7.24687571e-15   5.46938883e-14
  4.16800000e-05   1.11155634e-02  -6.59161163e-03  -4.22055058e-02   2.06465455e-13   3.01462737e-14   4.96681014e-14
  4.17600000e-05   1.12099636e-02  -6.88805557e-03  -3.96894482e-02   1.88996254e-13   6.11938977e-14   4.27603363e-14
  4.18400000e-05   1.11989424e-02  -7.07702616e-03  -3.69033749e-02   1.67134415e-13   8.46361648e-14   3.44888872e-14
  4.19200000e-05   1.10749742e-02  -7.14985553e-03  -3.40110024e-02   1.43515947e-13   1.00482656e-13   2.56093285e-14
  4.20000000e-05   1.08493367e-02  -7.11966483e-03  -3.11906024e-02   1.20351183e-13   1.09745658e-13   1.68120579e-14
  4.20800000e-05   1.05093700e-02  -6.97215495e-03  -2.84899987e-02   9.87281675e-14   1.13567755e-13   8.62614480e-15
  4.21600000e-05   1.00806527e-02  -6.73099925e-03  -2.59708603e-02   7.93788633e-14   1.13315376e-13   1.44258013e-15
  4.22400000e-05   9.59283002e-03  -6.42428480e-03  -2.36863476e-02   6.26275145e-14   1.10323607e-13  -4.55854044e-15
  4.23200000e-05   9.05003167e-03  -6.05762347e-03  -2.16184966e-02   4.83461964e-14   1.05477631e-13  -9.31652023e-15
  4.24000000e-05   8.47471844e-03  -5.65743531e-03  -1.97790757e-02   3.63861112e-14   9.96284200e-14  -1.29065330e-14
  4.24800000e-05   7.87857107e-03  -5.23664109e-03  -1.81480718e-02   2.64583709e-14   9.33060727e-14  -1.54372465e-14
  4.25600000e-05   7.25517904e-03  -4.79799962e-03  -1.67064539e-02   1.82606420e-14   8.68669686e-14  -1.70175823e-14
  4.26400000e-05   6.63294060e-03  -4.36116402e-03  -1.54394622e-02   1.15332732e-14   8.06130903e-14  -1.78158662e-14
  4.27200000e-05   6.01070341e-03  -3.93216856e-03  -1.43299761e-02   6.02524804e-15   7.46985002e-14  -1.79701008e-14
  4.28000000e-05   5.39235728e-03  -3.51443193e-03  -1.33633313e-02   1.51240585e-15   6.92239764e-14  -1.75949780e-14
  4.28800000e-05   4.77344135e-03  -3.10858637e-03  -1.25230079e-02  -2.19709777e-15   6.42186269e-14  -1.67784663e-14
  4.29600000e-05   4.16076903e-03  -2.72111058e-03  -1.17864558e-02  -5.25191232e-15   5.96569285e-14  -1.56268429e-14
  4.30400000e-05   3.56483179e-03  -2.35316292e-03  -1.11566795e-02  -7.79211764e-15   5.56080262e-14  -1.42185973e-14
  4.31200000e-05   2.96686466e-03  -2.00123212e-03  -1.06083075e-02  -9.92128591e-15   5.19589545e-14  -1.25766566e-14
  4.32000000e-05   2.37440159e-03  -1.66439023e-03  -1.01493813e-02  -1.17488571e-14   4.87650606e-14  -1.07455412e-14
  4.32800000e-05   1.78698275e-03  -1.34937749e-03  -9.75542628e-03  -1.33254712e-14   4.59125547e-14  -8.79159480e-15
  4.33600000e-05   1.20385277e-03  -1.04954428e-03  -9.42698826e-03  -1.47278170e-14   4.33963212e-14  -6.71226934e-15
  4.34400000e-05   6.22857547e-04  -7.64000092e-04  -9.16096262e-03  -1.60138181e-14   4.11874487e-14  -4.52371042e-15
  4.35200000e-05   3.91118687e-05  -4.94411950e-04  -8.94561799e-03  -1.72137655e-14   3.92130606e-14  -2.24251341e-15
  4.36000000e-05  -5.35823449e-04  -2.40926195e-04  -8.78382104e-03  -1.83774169e-14   3.74745156e-14   9.31779497e-17
  4.36800000e-05  -1.12221188e-03   2.13087523e-06  -8.66665785e-03  -1.95298497e-14   3.58948984e-14   2.53766992e-15
  4.37600000e-05  -1.71443888e-03   2.30463113e-04  -8.59317960e-03  -2.06976347e-14   3.44496270e-14   5.05333300e-15
  4.38400000e-05  -2.30932004e-03   4.47261690e-04  -8.56273850e-03  -2.19106497e-14   3.31106846e-14   7.63865941e-15
  4.39200000e-05  -2.92149288e-03   6.56773960e-04  -8.56692163e-03  -2.31752100e-14   3.18020036e-14   1.03412804e-14
  4.40000000e-05  -3.54582668e-03   8.57575470e-04  -8.61006005e-03  -2.45216425e-14   3.05119996e-14   1.31376362e-14
  4.40800000e-05  -4.18372011e-03   1.04457939e-03  -8.68510378e-03  -2.59433620e-14   2.91755568e-14   1.60062510e-14
  4.41600000e-05  -4.85649549e-03   1.23136309e-03  -8.78748714e-03  -2.74517381e-14   2.77161945e-14   1.90552701e-14
  4.42400000e-05  -5.54741795e-03   1.40882817e-03  -8.92056154e-03  -2.90572039e-14   2.61179607e-14   2.21945863e-14
  4.43200000e-05  -6.27509412e-03   1.58030058e-03  -9.06798139e-03  -3.07167122e-14   2.42551445e-14   2.54831444e-14
  4.44000000e-05  -7.04338665e-03   1.74907350e-03  -9.23474707e-03  -3.24477806e-14   2.20887267e-14   2.89317151e-14
  4.44800000e-05  -7.87241393e-03   1.91728373e-03  -9.40609670e-03  -3.41988320e-14   1.94834858e-14   3.25940442e-14
  4.45600000e-05  -8.75680019e-03   2.08553443e-03  -9.57642198e-03  -3.59387508e-14   1.63632163e-14   3.64263931e-14
  4.46400000e-05  -9.72328243e-03   2.25186408e-03  -9.72259636e-03  -3.75642534e-14   1.25466748e-14   4.04728570e-14
  4.47200000e-05  -1.07826526e-02   2.42243761e-03  -9.83238123e-03  -3.90137588e-14   7.90360800e-15   4.47315653e-14
  4.48000000e-05  -1.19556598e-02   2.60026029e-03  -9.86653696e-03  -4.01219384e-14   2.20620205e-15   4.91987157e-14
  4.48800000e-05  -1.32712417e-02   2.78874851e-03  -9.78560868e-03  -4.07216437e-14  -4.78896389e-15   5.38619086e-14
  4.49600000e-05  -1.47471924e-02   2.98678751e-03  -9.54828185e-03  -4.06386527e-14  -1.33078149e-14   5.86030476e-14
  4.50400000e-05  -1.63696904e-02   3.19287385e-03  -9.06913403e-03  -3.95707637e-14  -2.35791619e-14   6.31235418e-14
  4.51200000e-05  -1.82386773e-02   3.41908254e-03  -8.21224507e-03  -3.71549143e-14  -3.62012189e-14   6.74458119e-14
  4.52000000e-05  -2.02483429e-02   3.64677487e-03  -6.87671482e-03  -3.32127569e-14  -5.10720782e-14   7.07103513e-14
  4.52800000e-05  -2.23331058e-02   3.86632069e-03  -4.88462855e-03  -2.75863680e-14  -6.81896760e-14   7.21541291e-14
  4.53600000e-05  -2.43223916e-02   4.05503725e-03  -2.08251802e-03  -2.05497908e-14  -8.69477953e-14   7.07045559e-14
  4.54400000e-05   2.39231349e-02  -3.79357672e-03  -1.74800269e-03   9.81979570e-15   9.31360214e-14  -6.77335030e-14
  4.55200000e-05   2.50240270e-02  -3.81503700e-03  -6.02194354e-03  -4.34568223e-15   9.74639124e-14  -7.98039533e-14
  4.56000000e-05   2.54525173e-02  -3.69726294e-03  -1.03689319e-02  -2.25934050e-14   9.74834711e-14  -9.02196162e-14
  4.56800000e-05   2.51973639e-02  -3.44856555e-03  -1.44704500e-02  -4.34761082e-14   9.24863032e-14  -9.77459857e-14
  4.57600000e-05   2.44896086e-02  -3.12394784e-03  -1.80392200e-02  -6.47650095e-14   8.27735858e-14  -1.02257753e-13
  4.58400000e-05   2.32900399e-02  -2.73568435e-03  -2.08797723e-02  -8.42326631e-14   6.84500325e-14  -1.02924483e-13
  4.59200000e-05   2.20670201e-02  -2.35192693e-03  -2.28764449e-02  -9.97870734e-14   5.12446144e-14  -1.01524820e-13
  4.60000000e-05   2.09391623e-02  -1.99378159e-03  -2.41531249e-02  -1.10800517e-13   3.24305607e-14  -9.87337858e-14
  4.60800000e-05   2.00164330e-02  -1.67725692e-03  -2.47450100e-02  -1.16755967e-13   1.31658221e-14  -9.53372197e-14
  4.61600000e-05   1.92428290e-02  -1.38784237e-03  -2.46508276e-02  -1.17407344e-13  -5.46619833e-15  -9.13422973e-14
  4.62400000e-05   1.87135132e-02  -1.13121010e-03  -2.40748173e-02  -1.13864123e-13  -2.24918730e-14  -8.74504964e-14
  4.63200000e-05   1.82902052e-02  -8.92351793e-04  -2.30256247e-02  -1.06576628e-13  -3.71648032e-14  -8.32179075e-14
  4.64000000e-05   1.78700115e-02  -6.75701122e-04  -2.15251045e-02  -9.62519044e-14  -4.87686154e-14  -7.83768384e-14
  4.64800000e-05   1.73864338e-02  -4.74900404e-04  -1.97689779e-02  -8.44382463e-14  -5.71308017e-14  -7.28893800e-14
  4.65600000e-05   1.68489170e-02  -2.95139555e-04  -1.77346409e-02  -7.16622285e-14  -6.20214755e-14  -6.70510304e-14
  4.66400000e-05   1.60683783e-02  -1.30736213e-04  -1.56388595e-02  -5.93099173e-14  -6.37733860e-14  -6.04057286e-14
  4.67200000e-05   1.51347437e-02   8.24350940e-06  -1.35082782e-02  -4.77900071e-14  -6.27453415e-14  -5.35824579e-14
  4.68000000e-05   1.39842897e-02   1.19485603e-04  -1.13795468e-02  -3.74021890e-14  -5.92235772e-14  -4.65852832e-14
  4.68800000e-05   1.26644727e-02   1.92022350e-04  -9.40050975e-03  -2.86655961e-14  -5.40636333e-14  -3.97229614e-14
  4.69600000e-05   1.12100244e-02   2.36265036e-04  -7.58426836e-03  -2.14633347e-14  -4.77336697e-14  -3.32111537e-14
  4.70400000e-05   9.66579010e-03   2.50630496e-04  -5.90904771e-03  -1.55613309e-14  -4.05684086e-14  -2.71753159e-14
  4.71200000e-05   8.06511369e-03   2.41532578e-04  -4.36901445e-03  -1.07498921e-14  -3.28922491e-14  -2.16624717e-14
  4.72000000e-05   6.43011827e-03   2.03534952e-04  -2.97538424e-03  -6.89032460e-15  -2.50229766e-14  -1.66024447e-14
  4.72800000e-05   4.79662007e-03   1.36598318e-04  -1.71062463e-03  -3.77151856e-15  -1.71706186e-14  -1.19465246e-14
  4.73600000e-05   1.33203285e-03  -2.54104008e-05  -5.32890635e-04  -1.30732854e-15  -5.02485853e-15  -3.02824029e-15
  4.74400000e-05  -5.35303932e-03  -2.71839567e-04  -4.60040488e-04  -1.71809403e-15   1.08289909e-14   1.35928834e-14
  4.75200000e-05  -4.97251931e-03  -2.26362517e-04  -1.28459459e-03  -3.59217713e-15   6.73045960e-15   1.27189126e-14
  4.76000000e-05  -3.72533561e-03  -1.42611197e-04  -2.03629874e-03  -5.22637996e-15   1.02106982e-15   9.48996482e-15
  4.76800000e-05  -2.51193030e-03  -3.91026331e-05  -2.73760337e-03  -6.66690211e-15  -4.33685677e-15   6.17926472e-15
  4.77600000e-05  -1.32858596e-03   7.94402337e-05  -3.41115340e-03  -7.93591205e-15  -9.48887690e-15   2.86992158e-15
  4.78400000e-05  -1.72816658e-04   2.12355350e-04  -4.07784893e-03  -9.04356853e-15  -1.45691503e-14  -3.75432673e-16
  4.79200000e-05   9.59127935e-04   3.61473999e-04  -4.74819615e-03  -9.96724025e-15  -1.96738643e-14  -3.51111210e-15
  4.80000000e-05   2.07073837e-03   5.28901906e-04  -5.44426724e-03  -1.07029046e-14  -2.49376681e-14  -6.49352685e-15
  4.80800000e-05   3.16227189e-03   7.07025519e-04  -6.18079360e-03  -1.12390906e-14  -3.04574594e-14  -9.23429334e-15
  4.81600000e-05   4.24223804e-03   9.04220362e-04  -6.96146700e-03  -1.14915592e-14  -3.63010778e-14  -1.17179472e-14
  4.82400000e-05   5.29982039e-03   1.11074374e-03  -7.81405462e-03  -1.14468698e-14  -4.25761607e-14  -1.38158182e-14
  4.83200000e-05   6.34785397e-03   1.33232523e-03  -8.73748261e-03  -1.09776305e-14  -4.93226136e-14  -1.54962435e-14
  4.84000000e-05   7.36878031e-03   1.55877038e-03  -9.76532538e-03  -1.00263209e-14  -5.66272267e-14  -1.66047308e-14
  4.84800000e-05   8.36810783e-03   1.78942964e-03  -1.08987021e-02  -8.42590849e-15  -6.44809892e-14  -1.70564441e-14
  4.85600000e-05   9.33926031e-03   2.02490461e-03  -1.21577797e-02  -5.99828989e-15  -7.28881024e-14  -1.67473874e-14
  4.86400000e-05   1.02697646e-02   2.25159187e-03  -1.35531058e-02  -2.54847912e-15  -8.17542737e-14  -1.55130153e-14
  4.87200000e-05   1.11507233e-02   2.46926534e-03  -1.50995356e-02   2.18868632e-15  -9.09516820e-14  -1.32572554e-14
  4.88000000e-05   1.19588069e-02   2.66586043e-03  -1.68121225e-02   8.48890117e-15  -1.00237840e-13  -9.85615953e-15
  4.88800000e-05   1.26751790e-02   2.82400296e-03  -1.86986350e-02   1.66458391e-14  -1.09256999e-13  -5.21712410e-15
  4.89600000e-05   1.32837351e-02   2.94361857e-03  -2.07590316e-02   2.70030396e-14  -1.17518507e-13   6.15229425e-16
  4.90400000e-05   1.37583834e-02   3.01090788e-03  -2.29755864e-02   3.98119504e-14  -1.24315769e-13   7.54908915e-15
  4.91200000e-05   1.40650429e-02   3.01175690e-03  -2.53276817e-02   5.52120191e-14  -1.28799223e-13   1.53447706e-14
  4.92000000e-05   1.41837653e-02   2.94021373e-03  -2.77758732e-02   7.31493997e-14  -1.30014491e-13   2.35911045e-14
  4.92800000e-05   1.40864280e-02   2.79235938e-03  -3.02553384e-02   9.32371286e-14  -1.26899840e-13   3.16978158e-14
  4.93600000e-05   1.37864718e-02   2.57387759e-03  -3.26738113e-02   1.14644169e-13  -1.18551931e-13   3.90343333e-14
  4.94400000e-05   1.32415209e-02   2.29165849e-03  -3.49293633e-02   1.36061317e-13  -1.04228016e-13   4.47418334e-14
  4.95200000e-05   1.25420863e-02   1.96842053e-03  -3.68995084e-02   1.55743037e-13  -8.39625818e-14   4.84577987e-14
  4.96000000e-05   1.16398638e-02   1.61653052e-03  -3.84486112e-02   1.71609892e-13  -5.81843210e-14   4.95065745e-14
  4.96800000e-05   1.06703447e-02   1.27513107e-03  -3.94927575e-02   1.81910216e-13  -2.85257826e-14   4.82283518e-14
  4.97600000e-05   9.64869537e-03   9.59104894e-04  -3.99518874e-02   1.85259755e-13   2.99135857e-15   4.48135016e-14
  4.98400000e-05   8.62165484e-03   6.77374160e-04  -3.98170208e-02   1.81267353e-13   3.39265548e-14   3.98273273e-14
  4.99200000e-05   7.63839431e-03   4.50297805e-04  -3.91285112e-02   1.70543230e-13   6.19895081e-14   3.40056429e-14
  5.00000000e-05   6.71144139e-03   2.69210126e-04  -3.79793495e-02   1.54508904e-13   8.55104281e-14   2.79098442e-14
  5.00800000e-05   5.85480043e-03   1.31253978e-04  -3.64744267e-02   1.34960781e-13   1.03576325e-13   2.20363503e-14
  5.01600000e-05   5.05050091e-03   3.02119426e-05  -3.47529512e-02   1.13807495e-13   1.16152839e-13   1.66401425e-14
  5.02400000e-05   4.28232069e-03  -3.10782436e-05  -3.29215768e-02   9.25814326e-14   1.23732579e-13   1.19258563e-14
  5.03200000e-05   3.56328939e-03  -6.92354823e-05  -3.10742835e-02   7.23846037e-14   1.27140200e-13   8.01706908e-15
  5.04000000e-05   2.85820133e-03  -8.30212338e-05  -2.92864978e-02   5.39049671e-14   1.27371114e-13   4.89975766e-15
  5.04800000e-05   2.19647474e-03  -8.30878426e-05  -2.76149897e-02   3.74412151e-14   1.25342104e-13   2.60091635e-15
  5.05600000e-05   1.55183676e-03  -7.21804801e-05  -2.60835458e-02   2.30116419e-14   1.21812927e-13   1.03198378e-15
  5.06400000e-05   9.49529160e-04  -5.55226866e-05  -2.47137490e-02   1.04837072e-14   1.17391868e-13   1.39059184e-16
  5.07200000e-05   3.81213417e-04  -3.55688344e-05  -2.35028630e-02  -3.68578601e-16   1.12485852e-13  -1.76212479e-16
  5.08000000e-05  -1.45619462e-04  -1.53185003e-05  -2.24538025e-02  -9.79714321e-15   1.07411555e-13  -9.74129939e-18
  5.08800000e-05  -6.36917464e-04   2.45765222e-07  -2.15554200e-02  -1.80538636e-14   1.02339701e-13   5.34620645e-16
  5.09600000e-05  -1.08348716e-03   1.24493904e-05  -2.07969518e-02  -2.53643776e-14   9.73608316e-14   1.37972434e-15
  5.10400000e-05  -1.48883775e-03   1.89421553e-05  -2.01647963e-02  -3.19214512e-14   9.25096905e-14   2.44377349e-15
  5.11200000e-05  -1.84018073e-03   2.04026523e-05  -1.96466151e-02  -3.78849933e-14   8.77763372e-14   3.63961449e-15
  5.12000000e-05  -2.15870943e-03   1.37082803e-05  -1.92315445e-02  -4.33865009e-14   8.31571973e-14   4.92933841e-15
  5.12800000e-05  -2.43057969e-03   3.39730964e-07  -1.89045807e-02  -4.85158006e-14   7.85870136e-14   6.23913431e-15
  5.13600000e-05  -2.65744903e-03  -1.73396765e-05  -1.86490923e-02  -5.33234197e-14   7.39994594e-14   7.52965029e-15
  5.14400000e-05  -2.85333887e-03  -4.02940875e-05  -1.84554091e-02  -5.78531047e-14   6.93623872e-14   8.79306535e-15
  5.15200000e-05  -3.00962750e-03  -6.86705185e-05  -1.83128555e-02  -6.21235096e-14   6.46244368e-14   9.96736029e-15
  5.16000000e-05  -3.13301091e-03  -1.00074928e-04  -1.82081999e-02  -6.61227829e-14   5.97408412e-14   1.10491340e-14
  5.16800000e-05  -3.22768138e-03  -1.36194988e-04  -1.81302232e-02  -6.98295768e-14   5.46812230e-14   1.20208292e-14
  5.17600000e-05  -3.29481982e-03  -1.72890076e-04  -1.80701659e-02  -7.32146430e-14   4.94310039e-14   1.28766348e-14
  5.18400000e-05  -3.34392511e-03  -2.12562324e-04  -1.80227270e-02  -7.62580415e-14   4.39961788e-14   1.36299712e-14
  5.19200000e-05  -3.37659767e-03  -2.56362480e-04  -1.79752411e-02  -7.88998902e-14   3.83727088e-14   1.42738482e-14
  5.20000000e-05  -3.39391195e-03  -3.00242533e-04  -1.79233196e-02  -8.11093597e-14   3.25867341e-14   1.48127751e-14
  5.20800000e-05  -3.40572462e-03  -3.41332549e-04  -1.78639427e-02  -8.28631651e-14   2.66762313e-14   1.52879832e-14
  5.21600000e-05  -3.40881964e-03  -3.85455609e-04  -1.77912587e-02  -8.41295026e-14   2.06758463e-14   1.56713296e-14
  5.22400000e-05  -3.41054235e-03  -4.29934059e-04  -1.77043409e-02  -8.48997500e-14   1.46360871e-14   1.59995586e-14
  5.23200000e-05  -3.41235745e-03  -4.75742527e-04  -1.75972006e-02  -8.51468875e-14   8.60482020e-15   1.62786084e-14
  5.24000000e-05  -3.41702245e-03  -5.21441768e-04  -1.74743202e-02  -8.48995655e-14   2.63742413e-15   1.65230152e-14
  5.24800000e-05  -3.42025257e-03  -5.67142251e-04  -1.73307975e-02  -8.41472755e-14  -3.21612349e-15   1.67118065e-14
  5.25600000e-05  -3.42297018e-03  -6.12065038e-04  -1.71698252e-02  -8.29245677e-14  -8.90537680e-15   1.68492684e-14
  5.26400000e-05  -3.43369802e-03  -6.62060557e-04  -1.69938503e-02  -8.12662643e-14  -1.43889479e-14   1.69808584e-14
  5.27200000e-05  -3.44195253e-03  -7.08263007e-04  -1.67989720e-02  -7.91830089e-14  -1.96222296e-14   1.70511539e-14
  5.28000000e-05  -3.45083016e-03  -7.56135816e-04  -1.66010517e-02  -7.67798703e-14  -2.45901296e-14   1.70801089e-14
  5.28800000e-05  -3.45686881e-03  -8.00906797e-04  -1.63894639e-02  -7.40406661e-14  -2.92539836e-14   1.70462307e-14
  5.29600000e-05  -3.45766880e-03  -8.45791125e-04  -1.61703343e-02  -7.10266593e-14  -3.36001425e-14   1.69449413e-14
  5.30400000e-05  -3.44978627e-03  -8.87506599e-04  -1.59515245e-02  -6.78071847e-14  -3.76283118e-14   1.67580013e-14
  5.31200000e-05  -3.43436676e-03  -9.24466654e-04  -1.57364289e-02  -6.44276352e-14  -4.13419533e-14   1.64895980e-14
  5.32000000e-05  -3.40648895e-03  -9.56932045e-04  -1.55260380e-02  -6.09196115e-14  -4.47407780e-14   1.61236156e-14
  5.32800000e-05  -3.36152501e-03  -9.80588177e-04  -1.53229772e-02  -5.73218981e-14  -4.78311275e-14   1.56361019e-14
  5.33600000e-05  -3.29879828e-03  -9.99130116e-04  -1.51388162e-02  -5.36961154e-14  -5.06546714e-14   1.50436638e-14
  5.34400000e-05  -3.21465372e-03  -1.00586109e-03  -1.49747936e-02  -5.00635497e-14  -5.32273541e-14   1.43224879e-14
  5.35200000e-05  -3.11267418e-03  -1.00221212e-03  -1.48319855e-02  -4.64357540e-14  -5.55704386e-14   1.35000630e-14
  5.36000000e-05  -2.97683045e-03  -9.82710615e-04  -1.47182454e-02  -4.28459529e-14  -5.77143982e-14   1.25192700e-14
  5.36800000e-05  -2.81555903e-03  -9.51227664e-04  -1.46350210e-02  -3.92913235e-14  -5.96895921e-14   1.14386875e-14
  5.37600000e-05  -2.62596537e-03  -8.98585053e-04  -1.45934819e-02  -3.58000323e-14  -6.15560570e-14   1.02321707e-14
  5.38400000e-05  -2.40214129e-03  -8.29316169e-04  -1.45913705e-02  -3.23417794e-14  -6.33189054e-14   8.92314504e-15
  5.39200000e-05  -2.15061312e-03  -7.44464761e-04  -1.46384926e-02  -2.89129767e-14  -6.50428774e-14   7.55561113e-15
  5.40000000e-05  -1.85604307e-03  -6.30506642e-04  -1.47362275e-02  -2.54957547e-14  -6.67346866e-14   6.06653787e-15
  5.40800000e-05  -1.53185220e-03  -4.95470631e-04  -1.48925886e-02  -2.20532713e-14  -6.84578912e-14   4.54596770e-15
  5.41600000e-05  -1.17077513e-03  -3.34037198e-04  -1.51120953e-02  -1.85450064e-14  -7.02359922e-14   2.98922587e-15
  5.42400000e-05  -7.61957167e-04  -1.45469687e-04  -1.54046231e-02  -1.49207840e-14  -7.21077565e-14   1.41895656e-15
  5.43200000e-05  -3.15671998e-04   7.42583258e-05  -1.57731493e-02  -1.11127241e-14  -7.40979067e-14  -1.26443403e-16
  5.44000000e-05   1.77226600e-04   3.25777439e-04  -1.62268987e-02  -7.04102462e-15  -7.62291477e-14  -1.60730611e-15
  5.44800000e-05   7.21949658e-04   6.14228410e-04  -1.67760416e-02  -2.61489783e-15  -7.85211604e-14  -2.98745993e-15
  5.45600000e-05   1.31380323e-03   9.35157082e-04  -1.74270078e-02   2.28810210e-15  -8.09700407e-14  -4.17246564e-15
  5.46400000e-05   1.96230908e-03   1.29674487e-03  -1.81970521e-02   7.79449912e-15  -8.35839927e-14  -5.11576802e-15
  5.47200000e-05   2.67395278e-03   1.69851982e-03  -1.90971166e-02   1.40631893e-14  -8.63126996e-14  -5.70764319e-15
  5.48000000e-05   3.45125347e-03   2.14606558e-03  -2.01321822e-02   2.12566024e-14  -8.90392824e-14  -5.84746428e-15
  5.48800000e-05   4.30081777e-03   2.63551718e-03  -2.13269480e-02   2.95826044e-14  -9.16759969e-14  -5.36336818e-15
  5.49600000e-05   5.24357398e-03   3.17862678e-03  -2.26901421e-02   3.92228336e-14  -9.39701755e-14  -4.09994289e-15
  5.50400000e-05   6.24586381e-03   3.75011020e-03  -2.42418649e-02   5.04083343e-14  -9.56741406e-14  -1.81277222e-15
  5.51200000e-05   7.35869598e-03   4.37372135e-03  -2.59796010e-02   6.32350461e-14  -9.62369677e-14   1.70956432e-15
  5.52000000e-05   8.58001026e-03   5.03819861e-03  -2.79234962e-02   7.78077621e-14  -9.51100388e-14   6.74729732e-15
  5.52800000e-05   9.92461087e-03   5.74053007e-03  -3.00405135e-02   9.39237971e-14  -9.13746382e-14   1.35689518e-14
  5.53600000e-05   1.14113971e-02   6.47615505e-03  -3.23162212e-02   1.11183983e-13  -8.40630931e-14   2.24147172e-14
  5.54400000e-05   1.30756421e-02   7.24749608e-03  -3.46821759e-02   1.28646715e-13  -7.19699704e-14   3.34620391e-14
  5.55200000e-05   1.49238491e-02   8.04272924e-03  -3.70313150e-02   1.44776840e-13  -5.39681391e-14   4.66247710e-14
  5.56000000e-05   1.69527558e-02   8.83717291e-03  -3.92740260e-02   1.57661282e-13  -2.93764194e-14   6.14449027e-14
  5.56800000e-05   1.92277652e-02   9.63784695e-03  -4.11919633e-02   1.64457976e-13   2.09452266e-15   7.72564784e-14
  5.57600000e-05   2.17860599e-02   1.04619899e-02  -4.25735703e-02   1.62313117e-13   3.95818311e-14   9.27868624e-14
  5.58400000e-05   2.45182591e-02   1.12461449e-02  -4.32469446e-02   1.49321555e-13   8.07114186e-14   1.05644385e-13
  5.59200000e-05   2.74318177e-02   1.20014305e-02  -4.30103550e-02   1.24602726e-13   1.22344052e-13   1.13609453e-13
  5.60000000e-05   3.04344308e-02   1.27168144e-02  -4.17661985e-02   8.95280142e-14   1.60702375e-13   1.14167834e-13
  5.60800000e-05   3.33684564e-02   1.33856209e-02  -3.94917205e-02   4.75276056e-14   1.92181940e-13   1.05297956e-13
  5.61600000e-05   3.60591892e-02   1.39740450e-02  -3.63718963e-02   3.84037619e-15   2.14347002e-13   8.61592557e-14
  5.62400000e-05   3.83729770e-02   1.45162524e-02  -3.25191872e-02  -3.66526790e-14   2.26007231e-13   5.76369142e-14
  5.63200000e-05   4.01944092e-02   1.50142154e-02  -2.82032892e-02  -6.95618554e-14   2.27391504e-13   2.19161443e-14
  5.64000000e-05   4.14784180e-02   1.54928840e-02  -2.36541305e-02  -9.22501101e-14   2.19676689e-13  -1.78811553e-14
  5.64800000e-05   4.22182550e-02   1.59489614e-02  -1.91696243e-02  -1.03812966e-13   2.04555274e-13  -5.84444475e-14
  5.65600000e-05   4.24572910e-02   1.64093321e-02  -1.48612575e-02  -1.04863166e-13   1.83700055e-13  -9.67489293e-14
  5.66400000e-05   4.22372671e-02   1.68536019e-02  -1.10382019e-02  -9.73797849e-14   1.58659117e-13  -1.30372538e-13
  5.67200000e-05   4.16660263e-02   1.72963513e-02  -7.72029011e-03  -8.35506026e-14   1.30838105e-13  -1.57791969e-13
  5.68000000e-05   4.08246352e-02   1.77250852e-02  -5.05341248e-03  -6.60501541e-14   1.01331362e-13  -1.78169984e-13
  5.68800000e-05   3.97673708e-02   1.81214774e-02  -3.02223945e-03  -4.69235416e-14   7.10860395e-14  -1.91196572e-13
  5.69600000e-05   3.86009947e-02   1.84835066e-02  -1.73492072e-03  -2.85016835e-14   4.10012744e-14  -1.97326599e-13
  5.70400000e-05   2.93140177e-02   1.47695459e-02  -1.10205022e-03  -1.09980620e-14   1.02938528e-14  -1.54586288e-13
  5.71200000e-05   2.46493931e-02   1.30671530e-02  -9.78288989e-04  -2.96870163e-15  -4.22566583e-15  -1.31243545e-13
  5.72000000e-05   3.46551643e-02   1.91822441e-02  -1.24590601e-03   7.71400294e-15  -2.58612983e-14  -1.83599483e-13
  5.72800000e-05   3.32626190e-02   1.92379721e-02  -2.01033530e-03   1.75689891e-14  -4.82925740e-14  -1.71444336e-13
  5.73600000e-05   3.18265915e-02   1.91783048e-02  -3.18837634e-03   2.49120006e-14  -6.73114649e-14  -1.56209828e-13
  5.74400000e-05   3.04040385e-02   1.90091530e-02  -4.71989440e-03   3.00986887e-14  -8.26841954e-14  -1.39120662e-13
  5.75200000e-05   2.89034727e-02   1.86849834e-02  -6.52097735e-03   3.35392043e-14  -9.40021326e-14  -1.20691848e-13
  5.76000000e-05   2.73985724e-02   1.82365494e-02  -8.45798599e-03   3.59871360e-14  -1.01412342e-13  -1.02082817e-13
  5.76800000e-05   2.58185677e-02   1.76219810e-02  -1.05387463e-02   3.73987979e-14  -1.04887202e-13  -8.37610906e-14
  5.77600000e-05   2.41841658e-02   1.68638389e-02  -1.26321698e-02   3.83113168e-14  -1.04715576e-13  -6.64477581e-14
  5.78400000e-05   2.25223446e-02   1.59828371e-02  -1.46902336e-02   3.88892165e-14  -1.01396565e-13  -5.06954797e-14
  5.79200000e-05   2.08044657e-02   1.49748106e-02  -1.66626295e-02   3.91061089e-14  -9.52533224e-14  -3.67780341e-14
  5.80000000e-05   1.90423697e-02   1.38575720e-02  -1.85138980e-02   3.89196234e-14  -8.68102072e-14  -2.49464935e-14
  5.80800000e-05   1.72528635e-02   1.26541946e-02  -2.01814012e-02   3.82960416e-14  -7.66369981e-14  -1.53142543e-14
  5.81600000e-05   1.54273728e-02   1.13833670e-02  -2.16886394e-02   3.70541440e-14  -6.51613323e-14  -7.84315062e-15
  5.82400000e-05   1.35842493e-02   1.00532149e-02  -2.29907431e-02   3.50494580e-14  -5.29229439e-14  -2.43250753e-15
  5.83200000e-05   1.17384884e-02   8.70864791e-03  -2.40694390e-02   3.22986775e-14  -4.04072194e-14   1.13195016e-15
  5.84000000e-05   9.90815329e-03   7.35763395e-03  -2.49313161e-02   2.86792452e-14  -2.80478109e-14   3.12028581e-15
  5.84800000e-05   8.10680572e-03   6.02795635e-03  -2.55664624e-02   2.42229995e-14  -1.62141882e-14   3.85789517e-15
  5.85600000e-05   6.35253288e-03   4.73198698e-03  -2.59991922e-02   1.89471283e-14  -5.20127805e-15   3.68280193e-15
  5.86400000e-05   4.65297968e-03   3.48630591e-03  -2.62286379e-02   1.29526542e-14   4.78187805e-15   2.93341678e-15
  5.87200000e-05   3.01920950e-03   2.29142273e-03  -2.62867038e-02   6.31527081e-15   1.36046171e-14   1.91127251e-15
  5.88000000e-05   1.46853148e-03   1.16447322e-03  -2.61846880e-02  -7.63004320e-16   2.11384631e-14   8.97267839e-16
  5.88800000e-05   1.26810741e-05   1.15418515e-04  -2.59404347e-02  -8.08915689e-15   2.73317887e-14   1.17654746e-16
  5.89600000e-05  -1.34332224e-03  -8.59211676e-04  -2.55782089e-02  -1.55083000e-14   3.22125972e-14  -2.67602603e-16
  5.90400000e-05  -2.59027158e-03  -1.75629951e-03  -2.51173082e-02  -2.28309657e-14   3.58064260e-14  -1.49236008e-16
  5.91200000e-05  -3.74771450e-03  -2.58642331e-03  -2.45845046e-02  -2.99502995e-14   3.82963087e-14   5.36708247e-16
  5.92000000e-05  -4.80421623e-03  -3.35284062e-03  -2.39869630e-02  -3.67242579e-14   3.97116298e-14   1.80450147e-15
  5.92800000e-05  -5.77058664e-03  -4.06535218e-03  -2.33431941e-02  -4.30718594e-14   4.01950062e-14   3.64744602e-15
  5.93600000e-05  -6.63898305e-03  -4.71794465e-03  -2.26711523e-02  -4.88580268e-14   3.98005043e-14   6.02488277e-15
  5.94400000e-05  -7.41088550e-03  -5.31494060e-03  -2.19815659e-02  -5.40113398e-14   3.86191451e-14   8.87167883e-15
  5.95200000e-05  -8.07907142e-03  -5.85836637e-03  -2.12910990e-02  -5.84769634e-14   3.66982914e-14   1.20917914e-14
  5.96000000e-05  -8.67662510e-03  -6.36640090e-03  -2.06022599e-02  -6.22825523e-14   3.42588657e-14   1.56437539e-14
  5.96800000e-05  -9.22378160e-03  -6.86432992e-03  -1.99129108e-02  -6.55008715e-14   3.14495644e-14   1.94991858e-14
  5.97600000e-05  -9.70793974e-03  -7.33165382e-03  -1.92385985e-02  -6.80384639e-14   2.82519770e-14   2.35661446e-14
  5.98400000e-05  -1.01085278e-02  -7.76237399e-03  -1.85916004e-02  -6.98731928e-14   2.46129476e-14   2.77146773e-14
  5.99200000e-05  -1.04583246e-02  -8.17760833e-03  -1.79688736e-02  -7.10857896e-14   2.07179481e-14   3.19449628e-14
  6.00000000e-05  -1.07838477e-02  -8.59462024e-03  -1.73664968e-02  -7.17403885e-14   1.67104124e-14   3.62777699e-14
  6.00800000e-05  -1.10626269e-02  -9.00065955e-03  -1.67985546e-02  -7.18161287e-14   1.24923309e-14   4.06008633e-14
  6.01600000e-05  -1.12960953e-02  -9.39562233e-03  -1.62610339e-02  -7.13119266e-14   8.09493129e-15   4.48611945e-14
  6.02400000e-05  -1.15042545e-02  -9.79533714e-03  -1.57624947e-02  -7.03122657e-14   3.58990705e-15   4.90865097e-14
  6.03200000e-05  -1.16859648e-02  -1.01900820e-02  -1.52958805e-02  -6.87715288e-14  -1.00749114e-15   5.32122411e-14
  6.04000000e-05  -1.18511128e-02  -1.06009185e-02  -1.48687789e-02  -6.67809023e-14  -5.68169096e-15   5.72783518e-14
  6.04800000e-05  -1.19905929e-02  -1.10153853e-02  -1.44733086e-02  -6.42777371e-14  -1.04388481e-14   6.11965196e-14
  6.05600000e-05  -1.21137896e-02  -1.14429891e-02  -1.41241460e-02  -6.13169179e-14  -1.52945857e-14   6.49806382e-14
  6.06400000e-05  -1.22250332e-02  -1.18791190e-02  -1.38159554e-02  -5.78636021e-14  -2.02252618e-14   6.85904606e-14
  6.07200000e-05  -1.23235535e-02  -1.23388259e-02  -1.35451482e-02  -5.39310772e-14  -2.52206492e-14   7.20417152e-14
  6.08000000e-05  -1.24167612e-02  -1.28171514e-02  -1.33259339e-02  -4.95098759e-14  -3.03190165e-14   7.52934646e-14
  6.08800000e-05  -1.24976490e-02  -1.33097176e-02  -1.31331497e-02  -4.45192155e-14  -3.54279763e-14   7.82692582e-14
  6.09600000e-05  -1.25697163e-02  -1.38226695e-02  -1.29957821e-02  -3.89968443e-14  -4.06460849e-14   8.09506234e-14
  6.10400000e-05  -1.26408902e-02  -1.43629486e-02  -1.29071734e-02  -3.29021814e-14  -4.59226791e-14   8.33255979e-14
  6.11200000e-05  -1.27202368e-02  -1.49366291e-02  -1.28577990e-02  -2.61826932e-14  -5.11898852e-14   8.53687621e-14
  6.12000000e-05  -1.28020179e-02  -1.55399126e-02  -1.28610869e-02  -1.88079442e-14  -5.64892940e-14   8.69769666e-14
  6.12800000e-05  -1.28882236e-02  -1.61808104e-02  -1.29195218e-02  -1.07319010e-14  -6.17949647e-14   8.80998354e-14
  6.13600000e-05  -1.29820490e-02  -1.68635662e-02  -1.30320817e-02  -1.89898009e-15  -6.70503877e-14   8.86551612e-14
  6.14400000e-05  -1.30958297e-02  -1.75937747e-02  -1.32096125e-02   7.74228219e-15  -7.22468917e-14   8.85494497e-14
  6.15200000e-05  -1.32293226e-02  -1.83792299e-02  -1.34498332e-02   1.82577363e-14  -7.72934416e-14   8.76632769e-14
  6.16000000e-05  -1.33934924e-02  -1.92217683e-02  -1.37553112e-02   2.96959056e-14  -8.21071455e-14   8.58223145e-14
  6.16800000e-05  -1.35933487e-02  -2.01315999e-02  -1.41345048e-02   4.21061502e-14  -8.66013192e-14   8.28511179e-14
  6.17600000e-05  -1.38437252e-02  -2.11179415e-02  -1.45975972e-02   5.55263045e-14  -9.06744061e-14   7.85174363e-14
  6.18400000e-05  -1.41498760e-02  -2.21823920e-02  -1.51444965e-02   6.99409069e-14  -9.41186520e-14   7.25096188e-14
  6.19200000e-05  -1.45257291e-02  -2.33377149e-02  -1.57940802e-02   8.53248497e-14  -9.67621464e-14   6.45052908e-14
  6.20000000e-05  -1.49846689e-02  -2.45868599e-02  -1.65422328e-02   1.01523519e-13  -9.82661121e-14   5.40893616e-14
  6.20800000e-05  -1.55450074e-02  -2.59291304e-02  -1.74114087e-02   1.18302189e-13  -9.83148828e-14   4.07899801e-14
  6.21600000e-05  -1.62382950e-02  -2.73917534e-02  -1.83793518e-02   1.35248271e-13  -9.63905051e-14   2.41631822e-14
  6.22400000e-05  -1.70875731e-02  -2.89686779e-02  -1.94653333e-02   1.51736656e-13  -9.19755330e-14   3.67825146e-15
  6.23200000e-05  -1.80999760e-02  -3.06179005e-02  -2.06587289e-02   1.66667004e-13  -8.43144043e-14  -2.10631900e-14
  6.24000000e-05  -1.92922101e-02  -3.23203599e-02  -2.19158963e-02   1.78568346e-13  -7.26018447e-14  -5.01216236e-14
  6.24800000e-05  -2.06905383e-02  -3.40380303e-02  -2.32076435e-02   1.85650943e-13  -5.61555146e-14  -8.31534163e-14
  6.25600000e-05  -2.22885387e-02  -3.57112522e-02  -2.44467018e-02   1.85652279e-13  -3.44146488e-14  -1.18990603e-13
  6.26400000e-05  -2.40465727e-02  -3.72193756e-02  -2.55388362e-02   1.76254179e-13  -7.27610041e-15  -1.55351519e-13
  6.27200000e-05  -2.59164992e-02  -3.84961602e-02  -2.63435071e-02   1.55701672e-13   2.45007738e-14  -1.88981215e-13
  6.28000000e-05  -2.77827366e-02  -3.94009779e-02  -2.67573141e-02   1.23553812e-13   5.92717287e-14  -2.15568239e-13
  6.28800000e-05  -2.95081686e-02  -3.98306431e-02  -2.66721793e-02   8.12669917e-14   9.43526350e-14  -2.30808519e-13
  6.29600000e-05  -3.09730597e-02  -3.97817622e-02  -2.60316439e-02   3.23571392e-14   1.26499804e-13  -2.31817273e-13
  6.30400000e-05  -3.20452695e-02  -3.92577280e-02  -2.48782491e-02  -1.81575035e-14   1.52734447e-13  -2.17625656e-13
  6.31200000e-05  -3.26847497e-02  -3.83744461e-02  -2.33008972e-02  -6.52814443e-14   1.70998466e-13  -1.90046921e-13
  6.32000000e-05  -3.28858495e-02  -3.72526553e-02  -2.14430522e-02  -1.05048389e-13   1.80551601e-13  -1.52563218e-13
  6.32800000e-05  -3.26896401e-02  -3.60199196e-02  -1.94578713e-02  -1.35234948e-13   1.81839289e-13  -1.09418692e-13
  6.33600000e-05  -3.21203774e-02  -3.47430645e-02  -1.74734673e-02  -1.55129073e-13   1.75879769e-13  -6.45434467e-14
  6.34400000e-05  -3.13204357e-02  -3.35625885e-02  -1.55892337e-02  -1.65746735e-13   1.64527761e-13  -2.12144870e-14
  6.35200000e-05  -3.03394668e-02  -3.25039240e-02  -1.38607169e-02  -1.68383918e-13   1.49235543e-13   1.86092500e-14
  6.36000000e-05  -2.92415211e-02  -3.15950427e-02  -1.23560791e-02  -1.64680786e-13   1.31384936e-13   5.37714289e-14
  6.36800000e-05  -2.81125927e-02  -3.08755452e-02  -1.10674730e-02  -1.56267140e-13   1.12193944e-13   8.39419511e-14
  6.37600000e-05  -2.69589740e-02  -3.03144874e-02  -9.99189188e-03  -1.44254363e-13   9.23197605e-14   1.09120816e-13
  6.38400000e-05  -2.58080350e-02  -2.98973702e-02  -9.12247941e-03  -1.29617806e-13   7.23664921e-14   1.29527621e-13
  6.39200000e-05  -2.46938336e-02  -2.96300718e-02  -8.44401592e-03  -1.13155899e-13   5.28090808e-14   1.45607978e-13
  6.40000000e-05  -2.36290570e-02  -2.94962510e-02  -7.93829733e-03  -9.53626221e-14   3.39337377e-14   1.57768188e-13
  6.40800000e-05  -2.26033353e-02  -2.94706226e-02  -7.59697706e-03  -7.66021898e-14   1.58889764e-14   1.66277579e-13
  6.41600000e-05  -2.16281479e-02  -2.95412364e-02  -7.41000915e-03  -5.71716561e-14  -1.15068879e-15   1.71458601e-13
  6.42400000e-05  -2.07125576e-02  -2.97002838e-02  -7.36427777e-03  -3.72755298e-14  -1.70479187e-14   1.73594699e-13
  6.43200000e-05  -1.98612239e-02  -2.99382093e-02  -7.46005274e-03  -1.70963434e-14  -3.17397857e-14   1.72892431e-13
  6.44000000e-05  -1.90736725e-02  -3.02480005e-02  -7.68800500e-03   3.24390033e-15  -4.51245903e-14   1.69492025e-13
  6.44800000e-05  -1.83557098e-02  -3.06141826e-02  -8.05105391e-03   2.35930901e-14  -5.71361822e-14   1.63470474e-13
  6.45600000e-05  -1.77156112e-02  -3.10333675e-02  -8.55544972e-03   4.37942426e-14  -6.77068247e-14   1.54910501e-13
  6.46400000e-05  -1.71428679e-02  -3.14834317e-02  -9.20214444e-03   6.36506937e-14  -7.66749494e-14   1.43752916e-13
  6.47200000e-05  -1.66562015e-02  -3.19580187e-02  -9.99985670e-03   8.29404547e-14  -8.39251556e-14   1.30062741e-13
  6.48000000e-05  -1.62699932e-02  -3.24913692e-02  -1.09529126e-02   1.01586758e-13  -8.92928333e-14   1.13981606e-13
  6.48800000e-05  -1.59601414e-02  -3.29954184e-02  -1.20715851e-02   1.19014499e-13  -9.24241611e-14   9.52721309e-14
  6.49600000e-05  -1.57455664e-02  -3.35004596e-02  -1.33619281e-02   1.35004978e-13  -9.30420759e-14   7.41825910e-14
  6.50400000e-05  -1.56426260e-02  -3.39942385e-02  -1.48223530e-02   1.49142856e-13  -9.08205334e-14   5.08953582e-14
  6.51200000e-05  -1.56170766e-02  -3.43844908e-02  -1.64355191e-02   1.60548091e-13  -8.51760569e-14   2.56422384e-14
  6.52000000e-05  -1.56643176e-02  -3.46436413e-02  -1.82049233e-02   1.68546604e-13  -7.57318804e-14  -9.08514345e-16
  6.52800000e-05  -1.57995028e-02  -3.47874394e-02  -2.00940757e-02   1.72682140e-13  -6.23095438e-14  -2.79038696e-14
  6.53600000e-05  -1.59775963e-02  -3.47215208e-02  -2.20610695e-02   1.71980889e-13  -4.47084317e-14  -5.41903230e-14
  6.54400000e-05  -1.61637324e-02  -3.43768894e-02  -2.40522071e-02   1.65738273e-13  -2.31885381e-14  -7.82381131e-14
  6.55200000e-05  -1.63414216e-02  -3.37838910e-02  -2.59597047e-02   1.53913313e-13   1.32857102e-15  -9.86161699e-14
  6.56000000e-05  -1.64513544e-02  -3.28580085e-02  -2.77406575e-02   1.36366066e-13   2.77148616e-14  -1.13698157e-13
  6.56800000e-05  -1.64176492e-02  -3.15802619e-02  -2.92478268e-02   1.13677002e-13   5.41082205e-14  -1.22233387e-13
  6.57600000e-05  -1.62427934e-02  -3.00180969e-02  -3.04248767e-02   8.72428137e-14   7.83843253e-14  -1.23912261e-13
  6.58400000e-05  -1.59007013e-02  -2.82349736e-02  -3.12073146e-02   5.87118050e-14   9.86353187e-14  -1.19155542e-13
  6.59200000e-05  -1.53851998e-02  -2.62809768e-02  -3.15845402e-02   2.98386440e-14   1.13517064e-13  -1.08990436e-13
  6.60000000e-05  -1.47125711e-02  -2.42501940e-02  -3.15479424e-02   2.36672626e-15   1.22259025e-13  -9.50815003e-14
  6.60800000e-05  -1.39129431e-02  -2.22139682e-02  -3.11578515e-02  -2.23702152e-14   1.25045329e-13  -7.91619868e-14
  6.61600000e-05  -1.30279276e-02  -2.02447818e-02  -3.04875876e-02  -4.35229912e-14   1.22647112e-13  -6.28435960e-14
  6.62400000e-05  -1.21109180e-02  -1.83960044e-02  -2.95757278e-02  -6.06619508e-14   1.16017084e-13  -4.73218748e-14
  6.63200000e-05  -1.11820353e-02  -1.66951659e-02  -2.85380177e-02  -7.39292077e-14   1.06580957e-13  -3.33838095e-14
  6.64000000e-05  -1.02863059e-02  -1.51637618e-02  -2.74095375e-02  -8.35894636e-14   9.53436909e-14  -2.13773116e-14
  6.64800000e-05  -9.43549772e-03  -1.37959766e-02  -2.62532929e-02  -9.01568348e-14   8.32913146e-14  -1.13665902e-14
  6.65600000e-05  -8.65588668e-03  -1.26103671e-02  -2.50875153e-02  -9.40770487e-14   7.10609972e-14  -3.25998751e-15
  6.66400000e-05  -7.92858345e-03  -1.15583162e-02  -2.39763560e-02  -9.60126391e-14   5.92539747e-14   3.18513979e-15
  6.67200000e-05  -7.27321023e-03  -1.06395914e-02  -2.29198373e-02  -9.63562882e-14   4.81030041e-14   8.24714554e-15
  6.68000000e-05  -6.68138807e-03  -9.84433538e-03  -2.19292478e-02  -9.54982947e-14   3.77710132e-14   1.21404368e-14
  6.68800000e-05  -6.14536221e-03  -9.14428223e-03  -2.10141791e-02  -9.37805535e-14   2.83286084e-14   1.50979335e-14
  6.69600000e-05  -5.66459908e-03  -8.53595130e-03  -2.01746218e-02  -9.14455678e-14   1.97673387e-14   1.73123166e-14
  6.70400000e-05  -5.23247711e-03  -7.99861447e-03  -1.94115540e-02  -8.87004681e-14   1.20482898e-14   1.89450852e-14
  6.71200000e-05  -4.84205804e-03  -7.52643899e-03  -1.87217929e-02  -8.56897124e-14   5.10393665e-15   2.01102584e-14
  6.72000000e-05  -4.49248576e-03  -7.11035427e-03  -1.81006314e-02  -8.25166782e-14  -1.14384681e-15   2.09295549e-14
  6.72800000e-05  -4.16799924e-03  -6.73089950e-03  -1.75488132e-02  -7.92915587e-14  -6.76473182e-15   2.14270835e-14
  6.73600000e-05  -3.87288103e-03  -6.39119318e-03  -1.70603593e-02  -7.60565558e-14  -1.18421323e-14   2.17019666e-14
  6.74400000e-05  -3.60971778e-03  -6.10148953e-03  -1.66300072e-02  -7.28289872e-14  -1.64519056e-14   2.18444415e-14
  6.75200000e-05  -3.37116794e-03  -5.83932164e-03  -1.62521162e-02  -6.96386738e-14  -2.06546061e-14   2.18662326e-14
  6.76000000e-05  -3.14296706e-03  -5.59210399e-03  -1.59326155e-02  -6.65528827e-14  -2.45080654e-14   2.17305921e-14
  6.76800000e-05  -2.93575847e-03  -5.36700391e-03  -1.56603041e-02  -6.35302420e-14  -2.80704146e-14   2.15298164e-14
  6.77600000e-05  -2.74314720e-03  -5.15943252e-03  -1.54364597e-02  -6.05904777e-14  -3.13910235e-14   2.12593090e-14
  6.78400000e-05  -2.55582172e-03  -4.95481142e-03  -1.52575821e-02  -5.77402315e-14  -3.44994725e-14   2.08756614e-14
  6.79200000e-05  -2.38755616e-03  -4.77690038e-03  -1.51151254e-02  -5.49113548e-14  -3.74374977e-14   2.05052312e-14
  6.80000000e-05  -2.23038476e-03  -4.61044089e-03  -1.50105674e-02  -5.21245388e-14  -4.02333141e-14   2.01025775e-14
  6.80800000e-05  -2.08285877e-03  -4.45796871e-03  -1.49415821e-02  -4.93578138e-14  -4.29094466e-14   1.96829441e-14
  6.81600000e-05  -1.94928022e-03  -4.31853936e-03  -1.49048412e-02  -4.65884586e-14  -4.54900854e-14   1.92732469e-14
  6.82400000e-05  -1.82223684e-03  -4.19238611e-03  -1.48958240e-02  -4.37871447e-14  -4.79702676e-14   1.88576632e-14
  6.83200000e-05  -1.70150666e-03  -4.07344982e-03  -1.49182129e-02  -4.09635521e-14  -5.03766064e-14   1.84275649e-14
  6.84000000e-05  -1.59021870e-03  -3.96440629e-03  -1.49636805e-02  -3.80711013e-14  -5.27012463e-14   1.80083055e-14
  6.84800000e-05  -1.48803215e-03  -3.87467619e-03  -1.50304275e-02  -3.50737508e-14  -5.49435382e-14   1.76361776e-14
  6.85600000e-05  -1.39001550e-03  -3.77780769e-03  -1.51165499e-02  -3.20045977e-14  -5.70913266e-14   1.72107353e-14
  6.86400000e-05  -1.29943498e-03  -3.69831405e-03  -1.52174092e-02  -2.87949261e-14  -5.91329397e-14   1.68300209e-14
  6.87200000e-05  -1.21155052e-03  -3.62431409e-03  -1.53323198e-02  -2.54583234e-14  -6.10517927e-14   1.64433641e-14
  6.88000000e-05  -1.12939295e-03  -3.55924529e-03  -1.54522629e-02  -2.19651471e-14  -6.28115720e-14   1.60733140e-14
  6.88800000e-05  -1.04785521e-03  -3.48786925e-03  -1.55775706e-02  -1.83511858e-14  -6.43922957e-14   1.56520744e-14
  6.89600000e-05  -9.73882949e-04  -3.43008483e-03  -1.57069510e-02  -1.45752184e-14  -6.57924023e-14   1.52714602e-14
  6.90400000e-05  -9.01598707e-04  -3.37518085e-03  -1.58292230e-02  -1.06539117e-14  -6.69397453e-14   1.48800291e-14
  6.91200000e-05  -8.35565541e-04  -3.32494553e-03  -1.59393757e-02  -6.59788724e-15  -6.78108944e-14   1.44911884e-14
  6.92000000e-05  -7.70427166e-04  -3.27297427e-03  -1.60366739e-02  -2.44687773e-15  -6.83768605e-14   1.40727964e-14
  6.92800000e-05  -7.05873546e-04  -3.22247472e-03  -1.61123015e-02   1.78000030e-15  -6.85907164e-14   1.36402235e-14
  6.93600000e-05  -6.45038982e-04  -3.16846273e-03  -1.61646751e-02   6.03245283e-15  -6.84467679e-14   1.31756354e-14
  6.94400000e-05  -5.82916235e-04  -3.10180206e-03  -1.61865887e-02   1.02423963e-14  -6.79025837e-14   1.26431775e-14
  6.95200000e-05  -5.22563419e-04  -3.03347459e-03  -1.61717893e-02   1.43856931e-14  -6.69458314e-14   1.20927275e-14
  6.96000000e-05  -4.58829150e-04  -2.93802981e-03  -1.61182855e-02   1.83372646e-14  -6.55694137e-14   1.14299514e-14
  6.96800000e-05  -3.98229470e-04  -2.82420137e-03  -1.60222372e-02   2.20601910e-14  -6.37986474e-14   1.06973331e-14
  6.97600000e-05  -3.31731115e-04  -2.66173461e-03  -1.58746313e-02   2.54029209e-14  -6.16064323e-14   9.79884388e-15
  6.98400000e-05  -2.68346928e-04  -2.47309770e-03  -1.56786827e-02   2.83712233e-14  -5.90729088e-14   8.83235836e-15
  6.99200000e-05  -1.99178627e-04  -2.23325619e-03  -1.54362350e-02   3.08471448e-14  -5.62285681e-14   7.73690642e-15
  7.00000000e-05  -1.31805880e-04  -1.93377905e-03  -1.51424849e-02   3.27542661e-14  -5.31337038e-14   6.50036235e-15
  7.00800000e-05  -5.68820523e-05  -1.55753837e-03  -1.48006250e-02   3.40135300e-14  -4.98321233e-14   5.11334383e-15
  7.01600000e-05   1.45574718e-05  -1.11170270e-03  -1.44194093e-02   3.46404946e-14  -4.64458588e-14   3.61583914e-15
  7.02400000e-05   9.07226086e-05  -5.64789255e-04  -1.39939138e-02   3.45238165e-14  -4.29933125e-14   1.95901247e-15
  7.03200000e-05   1.63746713e-04   5.85590392e-05  -1.35384282e-02   3.37720932e-14  -3.95964131e-14   2.37201932e-16
  7.04000000e-05   2.36275681e-04   7.92430569e-04  -1.30508512e-02   3.22986083e-14  -3.62869301e-14  -1.61855320e-15
  7.04800000e-05   3.04457081e-04   1.62805561e-03  -1.25426032e-02   3.01886339e-14  -3.31467237e-14  -3.56971879e-15
  7.05600000e-05   3.72894899e-04   2.58106230e-03  -1.20131480e-02   2.74360771e-14  -3.01890859e-14  -5.63458789e-15
  7.06400000e-05   4.32994012e-04   3.63721183e-03  -1.14684713e-02   2.41503650e-14  -2.74728672e-14  -7.80118568e-15
  7.07200000e-05   4.85436977e-04   4.80846390e-03  -1.09109188e-02   2.03635562e-14  -2.50106400e-14  -1.01162458e-14
  7.08000000e-05   5.28818322e-04   6.09216140e-03  -1.03451538e-02   1.61670149e-14  -2.28170595e-14  -1.26103293e-14
  7.08800000e-05   5.61045603e-04   7.49472764e-03  -9.76146075e-03   1.15897808e-14  -2.08663253e-14  -1.53547746e-14
  7.09600000e-05   5.78983895e-04   9.01043082e-03  -9.17024072e-03   6.77115460e-15  -1.91739797e-14  -1.84123224e-14
  7.10400000e-05   5.78214255e-04   1.06413754e-02  -8.56563380e-03   1.79155274e-15  -1.77135382e-14  -2.18851882e-14
  7.11200000e-05   5.57518094e-04   1.23978227e-02  -7.94257863e-03  -3.26769067e-15  -1.64430327e-14  -2.58958218e-14
  7.12000000e-05   5.12367609e-04   1.42708230e-02  -7.30405725e-03  -8.22112380e-15  -1.53385412e-14  -3.05454675e-14
  7.12800000e-05   4.32987826e-04   1.62899361e-02  -6.64862547e-03  -1.29550371e-14  -1.43674069e-14  -3.60455727e-14
  7.13600000e-05   3.21278260e-04   1.84278177e-02  -5.99911927e-03  -1.70850186e-14  -1.35161876e-14  -4.24333763e-14
  7.14400000e-05   1.59367051e-04   2.07125574e-02  -5.33589754e-03  -2.04511481e-14  -1.27040453e-14  -4.99245919e-14
  7.15200000e-05  -4.88799305e-05   2.31577594e-02  -4.67616873e-03  -2.26457518e-14  -1.18785114e-14  -5.85891576e-14
  7.16000000e-05  -3.29086979e-04   2.57618765e-02  -4.06389982e-03  -2.30464238e-14  -1.11000035e-14  -6.84988937e-14
  7.16800000e-05  -6.80606195e-04   2.85362280e-02  -3.51547912e-03  -2.10662483e-14  -1.03022136e-14  -7.95477621e-14
  7.17600000e-05  -1.11401375e-03   3.15202187e-02  -3.06895133e-03  -1.59681631e-14  -9.48126929e-15  -9.15827261e-14
  7.18400000e-05  -1.65132490e-03   3.47066820e-02  -2.80228937e-03  -6.72331197e-15  -8.72635061e-15  -1.04114980e-13
  7.19200000e-05  -2.29599684e-03   3.81379116e-02  -2.77362766e-03   7.61751189e-15  -8.00520645e-15  -1.16378865e-13
  7.20000000e-05  -3.05523786e-03   4.18155869e-02  -3.14096666e-03   2.83706524e-14  -7.46909657e-15  -1.27032150e-13
  7.20800000e-05  -3.92032466e-03   4.57753204e-02  -3.98725651e-03   5.63306352e-14  -6.86136938e-15  -1.34156345e-13
  7.21600000e-05  -4.90202601e-03   5.00121976e-02  -5.48129973e-03   9.21245009e-14  -5.77565716e-15  -1.35086575e-13
  7.22400000e-05  -5.93941979e-03   5.45505161e-02  -7.77268789e-03   1.35391408e-13  -3.23966469e-15  -1.26194671e-13
  7.23200000e-05  -7.00537289e-03   5.93176009e-02  -1.10590786e-02   1.84225651e-13   2.51225613e-15  -1.03222738e-13
  7.24000000e-05  -7.98770312e-03   6.43244559e-02  -1.53714521e-02   2.33802599e-13   1.42825042e-14  -6.17268580e-14
  7.24800000e-05  -8.77016365e-03   6.94468742e-02  -2.08109654e-02   2.76021395e-13   3.53629368e-14   1.68625611e-15
  7.25600000e-05  -9.20391315e-03   7.46593005e-02  -2.70919976e-02   2.97849831e-13   6.83708470e-14   8.72263343e-14
  7.26400000e-05  -9.15116001e-03   7.99245866e-02  -3.37248943e-02   2.82939445e-13   1.12243961e-13   1.89231967e-13
  7.27200000e-05  -8.52115801e-03   8.52914236e-02  -3.98266976e-02   2.15192029e-13   1.58603694e-13   2.93618359e-13
  7.28000000e-05  -7.33126280e-03   9.09338249e-02  -4.40983893e-02   8.64693869e-14   1.89975922e-13   3.77367694e-13
  7.28800000e-05  -5.72224076e-03   9.70622079e-02  -4.51709307e-02  -9.37364952e-14   1.86001201e-13   4.11549414e-13
  7.29600000e-05  -4.00913428e-03   1.03357506e-01  -4.21744124e-02  -2.92459239e-13   1.38523140e-13   3.67282285e-13
  7.30400000e-05  -2.62444528e-03   1.09619841e-01  -3.48669170e-02  -4.61038378e-13   6.26457063e-14   2.31657486e-13
  7.31200000e-05  -2.05706163e-03   1.14845367e-01  -2.46146200e-02  -5.47912162e-13  -6.05768360e-15   1.75258521e-14
  7.32000000e-05  -2.68273070e-03   1.18597499e-01  -1.34510136e-02  -5.20592022e-13  -3.78318567e-14  -2.29734018e-13
  7.32800000e-05  -4.32091256e-03   1.16558335e-01  -3.94616524e-03  -3.61830393e-13  -2.80139753e-14  -4.31260412e-13
  7.33600000e-05   1.02719158e-02  -1.77380409e-01  -5.23339314e-03   6.23080149e-13   1.84926364e-14   5.96170656e-13
  7.34400000e-05   1.28446707e-02  -1.93486341e-01  -2.11373313e-02   9.46056728e-13   6.07292428e-14   1.89952144e-14
  7.35200000e-05   1.10998330e-02  -1.92022735e-01  -3.74413079e-02   6.97101435e-13   1.61610505e-13  -6.22178630e-13
  7.36000000e-05   6.78397311e-03  -1.89416791e-01  -4.49333117e-02   6.86842706e-14   2.18315959e-13  -9.09943086e-13
  7.36800000e-05   2.33001716e-03  -1.86303156e-01  -3.98611397e-02  -5.62334854e-13   1.43868298e-13  -7.05282592e-13
  7.37600000e-05  -4.67003151e-05  -1.82207247e-01  -2.58460280e-02  -8.54000389e-13   2.38575511e-14  -1.66645979e-13
  7.38400000e-05   6.06139676e-04  -1.76666417e-01  -1.04787626e-02  -7.18330738e-13  -2.56644836e-14   3.91138130e-13
  7.39200000e-05   7.14296449e-04  -3.51769662e-02  -1.24977984e-04  -8.37991293e-14  -2.18508303e-15   1.36081338e-13
  7.40000000e-05  -3.93597476e-03   1.01388951e-01  -5.27783472e-03   3.08620311e-13  -5.29142876e-15  -3.31805420e-13
  7.40800000e-05  -4.97930271e-03   9.60465707e-02  -1.22277251e-02   3.76025554e-13  -3.95755561e-15  -1.84208811e-13
  7.41600000e-05  -5.20334764e-03   9.01213638e-02  -1.96762190e-02   3.77487997e-13   1.30499157e-14  -4.00547017e-14
  7.42400000e-05  -4.73116504e-03   8.36976988e-02  -2.64318248e-02   3.27555376e-13   4.29377071e-14   7.73336213e-14
  7.43200000e-05  -3.79246831e-03   7.70008649e-02  -3.16708920e-02   2.45834295e-13   7.63378576e-14   1.56161130e-13
  7.44000000e-05  -2.63860875e-03   7.02935271e-02  -3.50012646e-02   1.52087321e-13   1.03049636e-13   1.95490750e-13
  7.44800000e-05  -1.48873323e-03   6.38304571e-02  -3.64463305e-02   6.25985262e-14   1.16837735e-13   2.02067354e-13
  7.45600000e-05  -4.69484997e-04   5.78058196e-02  -3.62229879e-02  -1.17837799e-14   1.16517673e-13   1.86095414e-13
  7.46400000e-05   3.39607746e-04   5.23086167e-02  -3.47585238e-02  -6.64357881e-14   1.05182918e-13   1.57642219e-13
  7.47200000e-05   9.26308376e-04   4.73335941e-02  -3.24903386e-02  -1.01516656e-13   8.74801888e-14   1.24551365e-13
  7.48000000e-05   1.30036089e-03   4.27362144e-02  -2.98438748e-02  -1.20254736e-13   6.78100940e-14   9.18638138e-14
  7.48800000e-05   1.50715199e-03   3.85928599e-02  -2.70532781e-02  -1.26455690e-13   4.89788974e-14   6.28259455e-14
  7.49600000e-05   1.57048894e-03   3.47662316e-02  -2.43758154e-02  -1.24429122e-13   3.26878293e-14   3.86045787e-14
  7.50400000e-05   1.53415475e-03   3.12256737e-02  -2.19177643e-02  -1.17460530e-13   1.94147287e-14   1.94379020e-14
  7.51200000e-05   1.43244584e-03   2.79928981e-02  -1.96909052e-02  -1.07827581e-13   9.02160784e-15   4.98117163e-15
  7.52000000e-05   1.28419865e-03   2.50160089e-02  -1.77454256e-02  -9.73597133e-14   1.14737330e-15  -5.42824468e-15
  7.52800000e-05   1.11796300e-03   2.22592421e-02  -1.60706342e-02  -8.70837548e-14  -4.69774731e-15  -1.25648252e-14
  7.53600000e-05   9.40896869e-04   1.97007563e-02  -1.46590553e-02  -7.76566573e-14  -8.99531691e-15  -1.70735049e-14
  7.54400000e-05   7.69033576e-04   1.73471075e-02  -1.34570406e-02  -6.92433304e-14  -1.21289573e-14  -1.95921807e-14
  7.55200000e-05   6.02535973e-04   1.51602495e-02  -1.24582008e-02  -6.20302541e-14  -1.44359208e-14  -2.05669843e-14
  7.56000000e-05   4.53782176e-04   1.31320110e-02  -1.16293759e-02  -5.59635035e-14  -1.61596826e-14  -2.04313947e-14
  7.56800000e-05   3.21999834e-04   1.12480136e-02  -1.09594741e-02  -5.10139758e-14  -1.75105498e-14  -1.94704046e-14
  7.57600000e-05   2.09353549e-04   9.48402144e-03  -1.04196018e-02  -4.70243768e-14  -1.86227404e-14  -1.78954237e-14
  7.58400000e-05   1.14240131e-04   7.83387957e-03  -9.99537615e-03  -4.38827882e-14  -1.96088923e-14  -1.58700257e-14
  7.59200000e-05   4.13737877e-05   6.29367635e-03  -9.66729168e-03  -4.14398966e-14  -2.05405945e-14  -1.35498528e-14
  7.60000000e-05  -1.41389931e-05   4.83991961e-03  -9.44327214e-03  -3.96631481e-14  -2.15227079e-14  -1.09715549e-14
  7.60800000e-05  -5.11807361e-05   3.46662629e-03  -9.29388594e-03  -3.83550821e-14  -2.25613430e-14  -8.20417897e-15
  7.61600000e-05  -6.91307111e-05   2.17215072e-03  -9.22187162e-03  -3.74572360e-14  -2.37190501e-14  -5.30607109e-15
  7.62400000e-05  -7.05092631e-05   9.45148678e-04  -9.21903263e-03  -3.68673928e-14  -2.50222104e-14  -2.28334330e-15
  7.63200000e-05  -5.46335090e-05  -2.10604177e-04  -9.27417642e-03  -3.64710826e-14  -2.64783996e-14   8.16137675e-16
  7.64000000e-05  -2.14975580e-05  -1.32547837e-03  -9.39760864e-03  -3.62489301e-14  -2.81485760e-14   4.05311536e-15
  7.64800000e-05   2.89783701e-05  -2.37820729e-03  -9.57184591e-03  -3.60597303e-14  -3.00082843e-14   7.34664650e-15
  7.65600000e-05   9.79058011e-05  -3.38328131e-03  -9.79121889e-03  -3.58217630e-14  -3.20566809e-14   1.07187483e-14
  7.66400000e-05   1.77707033e-04  -4.34900560e-03  -1.00606208e-02  -3.54894488e-14  -3.43199822e-14   1.42089711e-14
  7.67200000e-05   2.75629301e-04  -5.26498348e-03  -1.03687620e-02  -3.49568308e-14  -3.67676644e-14   1.77404032e-14
  7.68000000e-05   3.89588350e-04  -6.14032982e-03  -1.07067959e-02  -3.41353862e-14  -3.93640371e-14   2.13331256e-14
  7.68800000e-05   5.17159820e-04  -6.98158628e-03  -1.10699508e-02  -3.29528761e-14  -4.20784311e-14   2.49985117e-14
  7.69600000e-05   6.61784446e-04  -7.79027313e-03  -1.14483520e-02  -3.13264320e-14  -4.48502943e-14   2.87084724e-14
  7.70400000e-05   8.21011676e-04  -8.56381064e-03  -1.18315902e-02  -2.91829478e-14  -4.76041919e-14   3.24312908e-14
  7.71200000e-05   9.94562966e-04  -9.32101090e-03  -1.22046627e-02  -2.64434523e-14  -5.02331416e-14   3.62094384e-14
  7.72000000e-05   1.18776273e-03  -1.00742324e-02  -1.25488815e-02  -2.30335871e-14  -5.25976382e-14   4.00451941e-14
  7.72800000e-05   1.39475923e-03  -1.08150724e-02  -1.28540315e-02  -1.89278125e-14  -5.45859583e-14   4.38734998e-14
  7.73600000e-05   1.62202522e-03  -1.15744704e-02  -1.31016583e-02  -1.40768568e-14  -5.60369567e-14   4.77622803e-14
  7.74400000e-05   1.87141567e-03  -1.23402257e-02  -1.32538610e-02  -8.44937375e-15  -5.66960072e-14   5.15947190e-14
  7.75200000e-05   2.14626279e-03  -1.31644020e-02  -1.33008535e-02  -2.02894154e-15  -5.64307020e-14   5.55243921e-14
  7.76000000e-05   2.44999476e-03  -1.40357727e-02  -1.32148728e-02   5.15293476e-15  -5.50352249e-14   5.94093173e-14
  7.76800000e-05   2.78131317e-03  -1.49749820e-02  -1.29460783e-02   1.31028027e-14  -5.22314688e-14   6.32321453e-14
  7.77600000e-05   3.14503494e-03  -1.59657336e-02  -1.24715021e-02   2.17142819e-14  -4.78830082e-14   6.67745972e-14
  7.78400000e-05   3.54516874e-03  -1.70547178e-02  -1.17346510e-02   3.10166635e-14  -4.17616153e-14   7.00653023e-14
  7.79200000e-05   3.97740380e-03  -1.81902312e-02  -1.06859375e-02   4.08273943e-14  -3.37675504e-14   7.26774404e-14
  7.80000000e-05   4.42971366e-03  -1.93655091e-02  -9.26399347e-03   5.10464332e-14  -2.38968204e-14   7.43626577e-14
  7.80800000e-05   4.88304966e-03  -2.04836945e-02  -7.43762870e-03   6.13253807e-14  -1.24360109e-14   7.45116959e-14
  7.81600000e-05   5.31933564e-03  -2.14775979e-02  -5.18740498e-03   7.13763530e-14   1.13192017e-16   7.27230064e-14
  7.82400000e-05   5.69953515e-03  -2.22544179e-02  -2.46210472e-03   8.08515820e-14   1.31111868e-14   6.86545137e-14
  7.83200000e-05  -2.20628980e-03   8.54346719e-03  -6.09507574e-04  -3.28599835e-14  -1.02471046e-14  -2.46873965e-14
  7.84000000e-05  -5.47227607e-03   2.05201588e-02  -3.79340434e-03  -7.48501887e-14  -3.20523373e-14  -6.54077799e-14
  7.84800000e-05  -5.47030030e-03   1.98829209e-02  -6.70447418e-03  -6.72547815e-14  -4.19508113e-14  -6.95357753e-14
  7.85600000e-05  -5.35984857e-03   1.88785887e-02  -9.04499278e-03  -5.74952058e-14  -5.05680707e-14  -7.14747073e-14
  7.86400000e-05  -5.16518829e-03   1.76498172e-02  -1.08369814e-02  -4.65573721e-14  -5.74783556e-14  -7.14225529e-14
  7.87200000e-05  -4.95060595e-03   1.63744562e-02  -1.21036105e-02  -3.54425727e-14  -6.24694511e-14  -7.00155611e-14
  7.88000000e-05  -4.70816666e-03   1.51025784e-02  -1.28692661e-02  -2.47257812e-14  -6.52587978e-14  -6.75378848e-14
  7.88800000e-05  -4.45727168e-03   1.38729193e-02  -1.33013451e-02  -1.47693446e-14  -6.64014744e-14  -6.43056255e-14
  7.89600000e-05  -4.22458800e-03   1.27577118e-02  -1.34152844e-02  -5.95383882e-15  -6.59421850e-14  -6.08350037e-14
  7.90400000e-05  -3.99804318e-03   1.17520212e-02  -1.33347275e-02   1.71783504e-15  -6.43894164e-14  -5.72620449e-14
  7.91200000e-05  -3.79256793e-03   1.08312645e-02  -1.30588536e-02   8.18675601e-15  -6.18100890e-14  -5.36440850e-14
  7.92000000e-05  -3.58782913e-03   9.99513496e-03  -1.26739829e-02   1.35422711e-14  -5.86213011e-14  -5.00643860e-14
  7.92800000e-05  -3.40532349e-03   9.26124893e-03  -1.22166042e-02   1.78521363e-14  -5.50763433e-14  -4.67288630e-14
  7.93600000e-05  -3.20879787e-03   8.52411280e-03  -1.16546833e-02   2.11606439e-14  -5.10790175e-14  -4.31846600e-14
  7.94400000e-05  -3.02507204e-03   7.86957350e-03  -1.11038000e-02   2.36970447e-14  -4.72014227e-14  -3.99088898e-14
  7.95200000e-05  -2.83492379e-03   7.22861082e-03  -1.05294127e-02   2.54995953e-14  -4.33290243e-14  -3.66115448e-14
  7.96000000e-05  -2.64440673e-03   6.63440912e-03  -9.94487378e-03   2.66421646e-14  -3.95584956e-14  -3.34745287e-14
  7.96800000e-05  -2.44751850e-03   6.06761595e-03  -9.39278616e-03   2.73320838e-14  -3.60733282e-14  -3.04249322e-14
  7.97600000e-05  -2.24801540e-03   5.52392666e-03  -8.85621745e-03   2.75917255e-14  -3.28184260e-14  -2.74737159e-14
  7.98400000e-05  -2.04790729e-03   4.99192487e-03  -8.34593672e-03   2.75214615e-14  -2.98342332e-14  -2.45977964e-14
  7.99200000e-05  -1.84781128e-03   4.47590337e-03  -7.84012437e-03   2.71039446e-14  -2.70413214e-14  -2.18258421e-14
  8.00000000e-05  -1.64087610e-03   3.98134058e-03  -7.38929175e-03   2.65656086e-14  -2.46076251e-14  -1.91577506e-14
  8.00800000e-05  -1.43039234e-03   3.50179499e-03  -6.99319234e-03   2.59658583e-14  -2.25081874e-14  -1.65819010e-14
  8.01600000e-05  -1.22013174e-03   3.04039846e-03  -6.61245961e-03   2.52117665e-14  -2.05942485e-14  -1.41212806e-14
  8.02400000e-05  -1.00667742e-03   2.59832412e-03  -6.19076844e-03   2.41246669e-14  -1.86855887e-14  -1.17654172e-14
  8.03200000e-05  -7.94863410e-04   2.16421376e-03  -5.89100789e-03   2.33436091e-14  -1.72686879e-14  -9.49381052e-15
  8.04000000e-05  -5.77228073e-04   1.75542700e-03  -5.60966257e-03   2.25243323e-14  -1.60017800e-14  -7.32515243e-15
  8.04800000e-05  -3.63740096e-04   1.35442253e-03  -5.36548061e-03   2.17577010e-14  -1.49205049e-14  -5.24143469e-15
  8.05600000e-05  -1.44628486e-04   9.60800880e-04  -5.12341716e-03   2.09267511e-14  -1.39162811e-14  -3.20047712e-15
  8.06400000e-05   6.97457072e-05   6.01784493e-04  -4.91080965e-03   2.01703117e-14  -1.30485732e-14  -1.31254046e-15
  8.07200000e-05   2.85191005e-04   2.47626662e-04  -4.73967197e-03   1.95419396e-14  -1.23358758e-14   5.31364544e-16
  8.08000000e-05   5.07391710e-04  -9.23976443e-05  -4.60981127e-03   1.90636425e-14  -1.17614431e-14   2.33403564e-15
  8.08800000e-05   7.27294769e-04  -4.22345295e-04  -4.51374709e-03   1.87166703e-14  -1.12877558e-14   4.07197536e-15
  8.09600000e-05   9.57402939e-04  -7.40613732e-04  -4.40354765e-03   1.83110537e-14  -1.07943298e-14   5.79657303e-15
  8.10400000e-05   1.18426883e-03  -1.04722630e-03  -4.32291314e-03   1.80386121e-14  -1.03719415e-14   7.45431031e-15
  8.11200000e-05   1.41451379e-03  -1.34138391e-03  -4.27859084e-03   1.79387784e-14  -1.00250500e-14   9.07356924e-15
  8.12000000e-05   1.64645081e-03  -1.61291669e-03  -4.24899037e-03   1.79300451e-14  -9.69323912e-15   1.06273068e-14
  8.12800000e-05   1.87518361e-03  -1.89318411e-03  -4.23703735e-03   1.80202613e-14  -9.37209537e-15   1.21628384e-14
  8.13600000e-05   2.11249366e-03  -2.15636288e-03  -4.22390116e-03   1.81402641e-14  -9.01845181e-15   1.36765150e-14
  8.14400000e-05   2.35769998e-03  -2.40963674e-03  -4.22983845e-03   1.83811234e-14  -8.66397693e-15   1.51812444e-14
  8.15200000e-05   2.60778675e-03  -2.65094133e-03  -4.28244712e-03   1.88708402e-14  -8.34939778e-15   1.66598416e-14
  8.16000000e-05   2.86071297e-03  -2.88233826e-03  -4.35755479e-03   1.95065918e-14  -8.01163702e-15   1.81053394e-14
  8.16800000e-05   3.12873988e-03  -3.11677138e-03  -4.45362289e-03   2.02846560e-14  -7.63587656e-15   1.95940914e-14
  8.17600000e-05   3.39635168e-03  -3.34112102e-03  -4.61222173e-03   2.13998279e-14  -7.27407292e-15   2.10278050e-14
  8.18400000e-05   3.67606887e-03  -3.55636136e-03  -4.76399144e-03   2.25380450e-14  -6.79138781e-15   2.24610049e-14
  8.19200000e-05   3.96614057e-03  -3.77104067e-03  -4.95265976e-03   2.39020904e-14  -6.24249689e-15   2.38941833e-14
  8.20000000e-05   4.26010401e-03  -3.96748193e-03  -5.15849899e-03   2.53967517e-14  -5.57967073e-15   2.52651104e-14
  8.20800000e-05   4.58155751e-03  -4.17361402e-03  -5.41708635e-03   2.71959940e-14  -4.82032727e-15   2.67151356e-14
  8.21600000e-05   4.90234633e-03  -4.36332615e-03  -5.71872850e-03   2.92450674e-14  -3.92632118e-15   2.80659011e-14
  8.22400000e-05   5.24102369e-03  -4.55813102e-03  -6.05380115e-03   3.15057619e-14  -2.84575555e-15   2.94185037e-14
  8.23200000e-05   5.59464084e-03  -4.74222908e-03  -6.47562700e-03   3.42138577e-14  -1.59213136e-15   3.07251324e-14
  8.24000000e-05   5.95799041e-03  -4.92392321e-03  -6.87813894e-03   3.68649546e-14  -2.83403239e-17   3.19534969e-14
  8.24800000e-05   6.34145453e-03  -5.10585204e-03  -7.41651625e-03   4.01792234e-14   1.77882400e-15   3.31304211e-14
  8.25600000e-05   6.74095301e-03  -5.28483763e-03  -7.98603687e-03   4.36402361e-14   3.97581339e-15   3.42053583e-14
  8.26400000e-05   7.15143882e-03  -5.45432461e-03  -8.58910283e-03   4.72216965e-14   6.60593154e-15   3.51226647e-14
  8.27200000e-05   7.57303016e-03  -5.62299384e-03  -9.36719797e-03   5.15532649e-14   9.71364306e-15   3.58479319e-14
  8.28000000e-05   8.01068554e-03  -5.78457895e-03  -1.01658658e-02   5.58472103e-14   1.34439016e-14   3.63576637e-14
  8.28800000e-05   8.45376439e-03  -5.94494041e-03  -1.11030965e-02   6.05799543e-14   1.78780440e-14   3.65523935e-14
  8.29600000e-05   8.91081304e-03  -6.09060658e-03  -1.21446530e-02   6.54612901e-14   2.31617039e-14   3.64147492e-14
  8.30400000e-05   9.36022438e-03  -6.22791823e-03  -1.33681447e-02   7.06975132e-14   2.94496479e-14   3.57816733e-14
  8.31200000e-05   9.78952348e-03  -6.35086477e-03  -1.46696638e-02   7.56238764e-14   3.67900971e-14   3.45388136e-14
  8.32000000e-05   1.02052020e-02  -6.45582981e-03  -1.61399828e-02   8.03748908e-14   4.54224772e-14   3.26519686e-14
  8.32800000e-05   1.05794051e-02  -6.53228834e-03  -1.78571351e-02   8.48935320e-14   5.55859651e-14   2.99611056e-14
  8.33600000e-05   1.09007806e-02  -6.58515977e-03  -1.96907689e-02   8.82385370e-14   6.72019702e-14   2.63744509e-14
  8.34400000e-05   1.11415712e-02  -6.61247467e-03  -2.17788072e-02   9.03941783e-14   8.05588334e-14   2.17844773e-14
  8.35200000e-05   1.12675235e-02  -6.57886130e-03  -2.41721596e-02   9.06974738e-14   9.58256206e-14   1.61968339e-14
  8.36000000e-05   1.12622817e-02  -6.49699847e-03  -2.68144034e-02   8.81109249e-14   1.12814632e-13   9.67291949e-15
  8.36800000e-05   1.10794761e-02  -6.34986564e-03  -2.97114581e-02   8.16170997e-14   1.31198490e-13   2.39577349e-15
  8.37600000e-05   1.07003471e-02  -6.12242615e-03  -3.27866244e-02   6.99587172e-14   1.50159821e-13  -5.20821708e-15
  8.38400000e-05   1.00702597e-02  -5.78624025e-03  -3.61631778e-02   5.22183181e-14   1.69131438e-13  -1.25205564e-14
  8.39200000e-05   9.17652750e-03  -5.32794020e-03  -3.96503496e-02   2.72065537e-14   1.86027795e-13  -1.87005483e-14
  8.40000000e-05   7.99598568e-03  -4.72597144e-03  -4.29874578e-02  -5.31905356e-15   1.97838810e-13  -2.27394615e-14
  8.40800000e-05   6.53872585e-03  -3.95756045e-03  -4.62529343e-02  -4.45563641e-14   2.02715275e-13  -2.36439011e-14
  8.41600000e-05   4.84842583e-03  -3.01652331e-03  -4.88968261e-02  -8.77819944e-14   1.96482403e-13  -2.08254465e-14
  8.42400000e-05   2.95810616e-03  -1.90505822e-03  -5.09778207e-02  -1.31387118e-13   1.78254667e-13  -1.42854785e-14
  8.43200000e-05   9.62993060e-04  -6.48549901e-04  -5.20003118e-02  -1.69608598e-13   1.46978739e-13  -4.97410382e-15
  8.44000000e-05  -1.00440865e-03   6.88668113e-04  -5.20873154e-02  -1.98288249e-13   1.05867098e-13   5.22333939e-15
  8.44800000e-05  -2.92026075e-03   2.09014449e-03  -5.09693377e-02  -2.13414142e-13   5.86967955e-14   1.46344794e-14
  8.45600000e-05  -4.66318880e-03   3.44776322e-03  -4.89589485e-02  -2.15076120e-13   1.14034060e-14   2.12883820e-14
  8.46400000e-05  -6.19015167e-03   4.70651453e-03  -4.61836650e-02  -2.04873461e-13  -3.13287986e-14   2.42672025e-14
  8.47200000e-05  -7.46365864e-03   5.79664969e-03  -4.30437409e-02  -1.86755379e-13  -6.64284362e-14   2.34369969e-14
  8.48000000e-05  -8.50611400e-03   6.72534774e-03  -3.95603619e-02  -1.63600456e-13  -9.25132065e-14   1.94492823e-14
  8.48800000e-05  -9.27593543e-03   7.41926718e-03  -3.60306935e-02  -1.38820664e-13  -1.09720075e-13   1.31457077e-14
  8.49600000e-05  -9.86004343e-03   7.95241901e-03  -3.25614549e-02  -1.14725504e-13  -1.19296924e-13   5.60476578e-15
  8.50400000e-05  -1.02410546e-02   8.27393593e-03  -2.94622302e-02  -9.30485695e-14  -1.23312120e-13  -2.28635422e-15
  8.51200000e-05  -1.04630551e-02   8.43954670e-03  -2.65246981e-02  -7.37453600e-14  -1.22618857e-13  -9.92455424e-15
  8.52000000e-05  -1.05260542e-02   8.45178550e-03  -2.38436065e-02  -5.71599922e-14  -1.18672235e-13  -1.68314764e-14
  8.52800000e-05  -1.05117230e-02   8.36454685e-03  -2.14738026e-02  -4.33007311e-14  -1.12931898e-13  -2.27933014e-14
  8.53600000e-05  -1.03758707e-02   8.17312836e-03  -1.93033252e-02  -3.17169195e-14  -1.05662351e-13  -2.76895972e-14
  8.54400000e-05  -1.01877942e-02   7.91952616e-03  -1.74442692e-02  -2.22709092e-14  -9.81341926e-14  -3.15453092e-14
  8.55200000e-05  -9.93525407e-03   7.59858825e-03  -1.58206384e-02  -1.45013950e-14  -9.04971052e-14  -3.43586134e-14
  8.56000000e-05  -9.61267799e-03   7.25395788e-03  -1.43960635e-02  -8.18752528e-15  -8.29457692e-14  -3.63280609e-14
  8.56800000e-05  -9.26873296e-03   6.87349774e-03  -1.31086300e-02  -3.06850045e-15  -7.55798419e-14  -3.74605706e-14
  8.57600000e-05  -8.88163885e-03   6.48114528e-03  -1.20143239e-02   1.08720065e-15  -6.87884208e-14  -3.79117357e-14
  8.58400000e-05  -8.46722021e-03   6.08118464e-03  -1.10319158e-02   4.41416176e-15  -6.23832250e-14  -3.77758132e-14
  8.59200000e-05  -8.03174232e-03   5.66290638e-03  -1.02017649e-02   7.15206112e-15  -5.66462567e-14  -3.70745617e-14
  8.60000000e-05  -7.56983206e-03   5.26019093e-03  -9.48927871e-03   9.36374504e-15  -5.14796950e-14  -3.60064250e-14
  8.60800000e-05  -7.09111396e-03   4.85495838e-03  -8.87092818e-03   1.11653419e-14  -4.68365930e-14  -3.45583253e-14
  8.61600000e-05  -6.59954337e-03   4.45735278e-03  -8.35085943e-03   1.26615776e-14  -4.27605044e-14  -3.28300681e-14
  8.62400000e-05  -6.09626562e-03   4.06519093e-03  -7.91393925e-03   1.39164335e-14  -3.91973085e-14  -3.08547754e-14
  8.63200000e-05  -5.56688356e-03   3.68103613e-03  -7.53096546e-03   1.49345105e-14  -3.60138894e-14  -2.86426900e-14
  8.64000000e-05  -5.03448231e-03   3.30445159e-03  -7.23965251e-03   1.58740305e-14  -3.33815241e-14  -2.62754540e-14
  8.64800000e-05  -4.47059860e-03   2.93927708e-03  -7.02956186e-03   1.67756338e-14  -3.12165192e-14  -2.37214108e-14
  8.65600000e-05  -3.89830707e-03   2.58940267e-03  -6.83450573e-03   1.75083355e-14  -2.92578031e-14  -2.10714728e-14
  8.66400000e-05  -3.32075780e-03   2.25020018e-03  -6.72020720e-03   1.82971317e-14  -2.77476701e-14  -1.83324935e-14
  8.67200000e-05  -2.72142844e-03   1.91800253e-03  -6.59414365e-03   1.89141434e-14  -2.62967255e-14  -1.54547246e-14
  8.68000000e-05  -2.11042112e-03   1.59261045e-03  -6.54857477e-03   1.96606770e-14  -2.52428178e-14  -1.24751242e-14
  8.68800000e-05  -1.49139617e-03   1.28689715e-03  -6.57755253e-03   2.05570659e-14  -2.45274229e-14  -9.45990164e-15
  8.69600000e-05  -8.49588258e-04   9.80141722e-04  -6.61028405e-03   2.14167493e-14  -2.38534800e-14  -6.28947400e-15
  8.70400000e-05  -1.97774711e-04   6.96137275e-04  -6.67587655e-03   2.23429048e-14  -2.33051536e-14  -3.09209547e-15
  8.71200000e-05   4.92928437e-04   4.10634964e-04  -6.79345370e-03   2.34348821e-14  -2.29010508e-14   3.16149593e-16
  8.72000000e-05   1.17528979e-03   1.44624748e-04  -6.91383965e-03   2.45355075e-14  -2.24513410e-14   3.70117230e-15
  8.72800000e-05   1.88990824e-03  -1.09953205e-04  -7.06227100e-03   2.57490924e-14  -2.19915816e-14   7.23300858e-15
  8.73600000e-05   2.62287051e-03  -3.54861315e-04  -7.25178978e-03   2.71395989e-14  -2.15232271e-14   1.08692360e-14
  8.74400000e-05   3.37801550e-03  -5.87887173e-04  -7.42880554e-03   2.85183688e-14  -2.08314487e-14   1.46163515e-14
  8.75200000e-05   4.15174275e-03  -8.04792902e-04  -7.63423358e-03   3.00412293e-14  -1.99983047e-14   1.84455909e-14
  8.76000000e-05   4.95707275e-03  -1.01163827e-03  -7.83301337e-03   3.15775383e-14  -1.88649316e-14   2.24200615e-14
  8.76800000e-05   5.79599598e-03  -1.20317728e-03  -8.01285003e-03   3.30676421e-14  -1.73509794e-14   2.65244232e-14
  8.77600000e-05   6.67621931e-03  -1.40846355e-03  -8.14501076e-03   3.44010209e-14  -1.53337147e-14   3.08490370e-14
  8.78400000e-05   7.56782235e-03  -1.56839238e-03  -8.27915920e-03   3.57210922e-14  -1.29158311e-14   3.50987297e-14
  8.79200000e-05   8.51819325e-03  -1.72796449e-03  -8.32217775e-03   3.66530376e-14  -9.79341101e-15   3.95497830e-14
  8.80000000e-05   9.52679598e-03  -1.89198371e-03  -8.29826999e-03   3.72796510e-14  -5.98733608e-15   4.41638525e-14
  8.80800000e-05   1.05738439e-02  -2.02751084e-03  -8.14545844e-03   3.72754885e-14  -1.36359322e-15   4.87277541e-14
  8.81600000e-05   1.16810162e-02  -2.15831799e-03  -7.85525544e-03   3.66100842e-14   4.12878241e-15   5.33059380e-14
  8.82400000e-05   1.28549551e-02  -2.28048883e-03  -7.36153391e-03   3.49943911e-14   1.06230705e-14   5.78175064e-14
  8.83200000e-05   1.40910083e-02  -2.38086984e-03  -6.62058270e-03   3.22456052e-14   1.81692790e-14   6.20964075e-14
  8.84000000e-05   1.53592506e-02  -2.46669263e-03  -5.56839725e-03   2.81848490e-14   2.67744936e-14   6.58813834e-14
  8.84800000e-05   1.66379873e-02  -2.53042380e-03  -4.12110745e-03   2.26101316e-14   3.64454801e-14   6.89049183e-14
  8.85600000e-05   1.78646965e-02  -2.56761922e-03  -2.24655279e-03   1.56505090e-14   4.69928908e-14   7.07447182e-14
  8.86400000e-05  -2.60613969e-03   3.81450882e-04  -8.94943640e-05  -8.05498913e-16  -7.84568382e-15  -9.98387258e-15
  8.87200000e-05  -2.21274552e-02   2.86534149e-03  -2.56234806e-03   2.07855774e-15  -6.31656532e-14  -8.85845152e-14
  8.88000000e-05  -2.27319465e-02   2.73283866e-03  -4.83142281e-03   1.32646303e-14  -5.94144925e-14  -9.60174895e-14
  8.88800000e-05  -2.31245546e-02   2.55052117e-03  -7.02473992e-03   2.51374121e-14  -5.36726969e-14  -1.02236498e-13
  8.89600000e-05  -2.33453106e-02   2.33172827e-03  -8.96149502e-03   3.65421549e-14  -4.58630378e-14  -1.07128118e-13
  8.90400000e-05  -2.35513070e-02   2.08673360e-03  -1.04687375e-02   4.62183294e-14  -3.61857060e-14  -1.11189338e-13
  8.91200000e-05  -2.36801097e-02   1.82870771e-03  -1.16435675e-02   5.41316502e-14  -2.48661210e-14  -1.13995670e-13
  8.92000000e-05  -2.38419645e-02   1.55836238e-03  -1.23768990e-02   5.93921192e-14  -1.22555419e-14  -1.15951773e-13
  8.92800000e-05  -2.40768718e-02   1.29254155e-03  -1.26349000e-02   6.15616160e-14   1.26296190e-15  -1.17181672e-13
  8.93600000e-05  -2.43786162e-02   1.01947250e-03  -1.23947169e-02   6.04188478e-14   1.52410396e-14  -1.17581555e-13
  8.94400000e-05  -2.47278651e-02   7.51652555e-04  -1.16384403e-02   5.59531373e-14   2.91650367e-14  -1.16998466e-13
  8.95200000e-05  -2.51100520e-02   4.76785453e-04  -1.03365499e-02   4.82823967e-14   4.25015280e-14  -1.15329524e-13
  8.96000000e-05  -2.54007666e-02   1.97799048e-04  -8.49364048e-03   3.78851353e-14   5.45866813e-14  -1.12026673e-13
  8.96800000e-05  -2.55052211e-02  -6.59473789e-05  -6.17674741e-03   2.56995376e-14   6.48158251e-14  -1.06811365e-13
  8.97600000e-05  -2.53647124e-02  -3.10628845e-04  -3.42980687e-03   1.25933154e-14   7.27562300e-14  -9.97216518e-14
  8.98400000e-05  -7.78889858e-03  -1.87256506e-04  -4.41549867e-04   1.04411758e-15   2.43474773e-14  -2.87436378e-14
  8.99200000e-05   2.16391937e-02   6.43047992e-04  -2.55206136e-03   1.15766162e-14  -6.06888506e-14   8.28674420e-14
  9.00000000e-05   2.04193738e-02   7.98910352e-04  -5.04135000e-03   2.22960799e-14  -4.81902145e-14   8.26707782e-14
  9.00800000e-05   1.90613008e-02   9.29156632e-04  -6.93379750e-03   3.10561257e-14  -3.62465586e-14   8.05174109e-14
  9.01600000e-05   1.76943443e-02   1.03399678e-03  -8.29867179e-03   3.76541068e-14  -2.52915871e-14   7.71344289e-14
  9.02400000e-05   1.63106509e-02   1.11567766e-03  -9.24147199e-03   4.22564897e-14  -1.53649468e-14   7.27252680e-14
  9.03200000e-05   1.49912498e-02   1.16871754e-03  -9.80128105e-03   4.48879966e-14  -6.72640826e-15   6.78549973e-14
  9.04000000e-05   1.37332522e-02   1.19975584e-03  -1.00969646e-02   4.60489651e-14   6.90355659e-16   6.27149183e-14
  9.04800000e-05   1.25313911e-02   1.21111296e-03  -1.01738975e-02   4.59720795e-14   6.90096959e-15   5.74462212e-14
  9.05600000e-05   1.13988226e-02   1.19522345e-03  -1.00449398e-02   4.47731947e-14   1.18672078e-14   5.22198914e-14
  9.06400000e-05   1.02929680e-02   1.15801075e-03  -9.81683820e-03   4.30055327e-14   1.58189076e-14   4.69573834e-14
  9.07200000e-05   9.21594988e-03   1.10698015e-03  -9.53288370e-03   4.09273738e-14   1.88790355e-14   4.17589636e-14
  9.08000000e-05   8.18938653e-03   1.03483714e-03  -9.14217796e-03   3.83851871e-14   2.09619808e-14   3.67574742e-14
  9.08800000e-05   7.15017976e-03   9.21451801e-04  -8.72476684e-03   3.57726238e-14   2.23235853e-14   3.16742904e-14
  9.09600000e-05   6.14788653e-03   7.96314199e-04  -8.30099630e-03   3.32156389e-14   2.30798991e-14   2.68142307e-14
  9.10400000e-05   5.13391327e-03   6.48953035e-04  -7.87130468e-03   3.07382634e-14   2.33085516e-14   2.19701487e-14
  9.11200000e-05   4.13084061e-03   4.67839029e-04  -7.43551083e-03   2.83568960e-14   2.30825126e-14   1.72061773e-14
  9.12000000e-05   3.13184550e-03   2.70528842e-04  -7.04657289e-03   2.62741712e-14   2.26370505e-14   1.25466125e-14
  9.12800000e-05   2.14569465e-03   4.25199551e-05  -6.68344470e-03   2.44013846e-14   2.19937510e-14   7.97389612e-15
  9.13600000e-05   1.16276392e-03  -1.99115983e-04  -6.37650464e-03   2.28258780e-14   2.13269019e-14   3.49636387e-15
  9.14400000e-05   1.88415496e-04  -4.60563145e-04  -6.05966499e-03   2.12942005e-14   2.04912037e-14  -8.95319441e-16
  9.15200000e-05  -7.89284749e-04  -7.50643591e-04  -5.82154187e-03   2.00976109e-14   1.98461913e-14  -5.28385000e-15
  9.16000000e-05  -1.75548832e-03  -1.06307036e-03  -5.59232468e-03   1.89631669e-14   1.92258014e-14  -9.60745317e-15
  9.16800000e-05  -2.71993626e-03  -1.40641835e-03  -5.42911660e-03   1.80540136e-14   1.88892939e-14  -1.39381821e-14
  9.17600000e-05  -3.67863836e-03  -1.76398155e-03  -5.30875941e-03   1.72531918e-14   1.88174024e-14  -1.82079835e-14
  9.18400000e-05  -4.63254847e-03  -2.14774322e-03  -5.23357062e-03   1.65334082e-14   1.90762052e-14  -2.24631735e-14
  9.19200000e-05  -5.58460470e-03  -2.55736946e-03  -5.22602595e-03   1.59188383e-14   1.98092269e-14  -2.67047911e-14
  9.20000000e-05  -6.54286038e-03  -2.99661484e-03  -5.29519077e-03   1.53845810e-14   2.11113636e-14  -3.09567300e-14
  9.20800000e-05  -7.49653935e-03  -3.46498805e-03  -5.40764221e-03   1.47727037e-14   2.29115181e-14  -3.51599244e-14
  9.21600000e-05  -8.45352227e-03  -3.95409006e-03  -5.57034575e-03   1.40488291e-14   2.52874110e-14  -3.92705947e-14
  9.22400000e-05  -9.40306400e-03  -4.47199298e-03  -5.83439966e-03   1.32827585e-14   2.84867395e-14  -4.32420030e-14
  9.23200000e-05  -1.03556615e-02  -5.02481888e-03  -6.18980227e-03   1.23496161e-14   3.25226847e-14  -4.70627383e-14
  9.24000000e-05  -1.13102800e-02  -5.60241959e-03  -6.69783791e-03   1.12992037e-14   3.76872534e-14  -5.06039365e-14
  9.24800000e-05  -1.22674206e-02  -6.21179650e-03  -7.25960007e-03   9.75224824e-15   4.36030645e-14  -5.37892295e-14
  9.25600000e-05  -1.32202559e-02  -6.84233144e-03  -7.96959658e-03   7.79902314e-15   5.06591681e-14  -5.64309493e-14
  9.26400000e-05  -1.41631684e-02  -7.50109524e-03  -8.83850604e-03   5.25999890e-15   5.88724401e-14  -5.83929035e-14
  9.27200000e-05  -1.51042513e-02  -8.17260835e-03  -9.90715803e-03   1.99564498e-15   6.83668666e-14  -5.94396845e-14
  9.28000000e-05  -1.60317276e-02  -8.86912191e-03  -1.11817627e-02  -2.30144933e-15   7.90338292e-14  -5.93881732e-14
  9.28800000e-05  -1.69573943e-02  -9.56429271e-03  -1.26898399e-02  -7.89901979e-15   9.08179278e-14  -5.78937526e-14
  9.29600000e-05  -1.78277929e-02  -1.02418392e-02  -1.44587625e-02  -1.51398346e-14   1.03400734e-13  -5.45761682e-14
  9.30400000e-05  -1.86662936e-02  -1.08950011e-02  -1.65182733e-02  -2.44732322e-14   1.16487067e-13  -4.91759747e-14
  9.31200000e-05  -1.94384473e-02  -1.14976463e-02  -1.89097651e-02  -3.63813635e-14   1.29485404e-13  -4.13320923e-14
  9.32000000e-05  -2.01242800e-02  -1.20244009e-02  -2.16219472e-02  -5.13624545e-14   1.41362150e-13  -3.08095626e-14
  9.32800000e-05  -2.07142796e-02  -1.24447259e-02  -2.47087406e-02  -6.99076201e-14   1.51064212e-13  -1.74782977e-14
  9.33600000e-05  -2.11846813e-02  -1.27506380e-02  -2.81345510e-02  -9.24099740e-14   1.56804073e-13  -1.48131449e-15
  9.34400000e-05  -2.14452313e-02  -1.28461383e-02  -3.18869768e-02  -1.18651766e-13   1.56371464e-13   1.68013771e-14
  9.35200000e-05  -2.15946915e-02  -1.27988676e-02  -3.57927793e-02  -1.47915177e-13   1.47535041e-13   3.64850450e-14
  9.36000000e-05  -2.14607959e-02  -1.24964439e-02  -3.98603867e-02  -1.78536376e-13   1.27954934e-13   5.60092678e-14
  9.36800000e-05  -2.10930210e-02  -1.19868578e-02  -4.37229651e-02  -2.07038595e-13   9.59855225e-14   7.35655646e-14
  9.37600000e-05  -2.05438006e-02  -1.12985420e-02  -4.71470216e-02  -2.29208555e-13   5.20920911e-14   8.73915261e-14
  9.38400000e-05  -1.97001722e-02  -1.04204096e-02  -4.98271051e-02  -2.40188578e-13  -1.31205674e-15   9.52378932e-14
  9.39200000e-05  -1.87385723e-02  -9.48883663e-03  -5.15226022e-02  -2.36586821e-13  -5.85890644e-14   9.68359729e-14
  9.40000000e-05  -1.76557290e-02  -8.52364435e-03  -5.19747288e-02  -2.16849080e-13  -1.12754755e-13   9.21545939e-14
  9.40800000e-05  -1.64717922e-02  -7.58473315e-03  -5.10741830e-02  -1.83094946e-13  -1.56618023e-13   8.23078820e-14
  9.41600000e-05  -1.52692229e-02  -6.70413172e-03  -4.92906009e-02  -1.41594354e-13  -1.86832458e-13   6.92745696e-14
  9.42400000e-05  -1.40617323e-02  -5.92452349e-03  -4.66453335e-02  -9.74279886e-14  -2.01703888e-13   5.49895461e-14
  9.43200000e-05  -1.28851532e-02  -5.24695358e-03  -4.35158116e-02  -5.59594546e-14  -2.03307797e-13   4.10837499e-14
  9.44000000e-05  -1.17448642e-02  -4.66561965e-03  -4.01270903e-02  -2.02926297e-14  -1.94812951e-13   2.85905932e-14
  9.44800000e-05  -1.06840203e-02  -4.16054406e-03  -3.67751136e-02   8.23290198e-15  -1.80244643e-13   1.80000882e-14
  9.45600000e-05  -9.65764263e-03  -3.72622451e-03  -3.35865401e-02   2.97984088e-14  -1.62582633e-13   9.46918045e-15
  9.46400000e-05  -8.70942569e-03  -3.35692785e-03  -3.07699022e-02   4.54890071e-14  -1.44627230e-13   2.90283828e-15
  9.47200000e-05  -7.81439535e-03  -3.02990622e-03  -2.81416143e-02   5.62254132e-14  -1.26723785e-13  -1.96884311e-15
  9.48000000e-05  -6.97535802e-03  -2.74355907e-03  -2.58738119e-02   6.33881147e-14  -1.10406412e-13  -5.38182315e-15
  9.48800000e-05  -6.21931375e-03  -2.48792001e-03  -2.39098079e-02   6.79297028e-14  -9.57903613e-14  -7.70216885e-15
  9.49600000e-05  -5.51103107e-03  -2.25271153e-03  -2.20966491e-02   7.02239335e-14  -8.24465450e-14  -9.10898282e-15
  9.50400000e-05  -4.85235482e-03  -2.04762548e-03  -2.06218855e-02   7.15143035e-14  -7.11117324e-14  -9.76644835e-15
  9.51200000e-05  -4.26490563e-03  -1.86066398e-03  -1.92887342e-02   7.16889633e-14  -6.10215831e-14  -9.96467677e-15
  9.52000000e-05  -3.73137874e-03  -1.68708510e-03  -1.82141829e-02   7.15792194e-14  -5.24524113e-14  -9.80540811e-15
  9.52800000e-05  -3.23914497e-03  -1.51415399e-03  -1.72090496e-02   7.07670453e-14  -4.47317399e-14  -9.38424731e-15
  9.53600000e-05  -2.81467522e-03  -1.38425620e-03  -1.63954850e-02   6.99724370e-14  -3.80904374e-14  -8.79649248e-15
  9.54400000e-05  -2.42809855e-03  -1.24770727e-03  -1.56356479e-02   6.87918922e-14  -3.20914296e-14  -8.12200326e-15
  9.55200000e-05  -2.06616713e-03  -1.11871106e-03  -1.49562308e-02   6.74577828e-14  -2.67439260e-14  -7.31871081e-15
  9.56000000e-05  -1.76074919e-03  -1.00153276e-03  -1.44226333e-02   6.63782291e-14  -2.20631230e-14  -6.57150956e-15
  9.56800000e-05  -1.48354333e-03  -8.99216710e-04  -1.38504623e-02   6.47839158e-14  -1.76944963e-14  -5.79031644e-15
  9.57600000e-05  -1.25467013e-03  -8.11841125e-04  -1.33979679e-02   6.34675491e-14  -1.38160209e-14  -5.10632840e-15
  9.58400000e-05  -1.03906226e-03  -7.21924234e-04  -1.29660431e-02   6.20153346e-14  -1.02623497e-14  -4.39834686e-15
  9.59200000e-05  -8.63056589e-04  -6.46564255e-04  -1.25339738e-02   6.03607645e-14  -6.99390569e-15  -3.79550388e-15
  9.60000000e-05  -7.09397720e-04  -5.71556723e-04  -1.21470391e-02   5.87554669e-14  -4.02251662e-15  -3.24209855e-15
  9.60800000e-05  -5.72931261e-04  -5.18182104e-04  -1.18202868e-02   5.72966010e-14  -1.30569366e-15  -2.71993627e-15
  9.61600000e-05  -4.56386370e-04  -4.53540243e-04  -1.14335884e-02   5.54299499e-14   1.18443313e-15  -2.25954100e-15
  9.62400000e-05  -3.63988505e-04  -4.00391524e-04  -1.11251477e-02   5.38410175e-14   3.46598069e-15  -1.88629053e-15
  9.63200000e-05  -2.93339450e-04  -3.63835433e-04  -1.07918818e-02   5.20447653e-14   5.53795219e-15  -1.60135984e-15
  9.64000000e-05  -2.22890518e-04  -3.20404752e-04  -1.04916087e-02   5.03419967e-14   7.42582130e-15  -1.29627615e-15
  9.64800000e-05  -1.84031018e-04  -2.91210793e-04  -1.01333635e-02   4.83045439e-14   9.08340363e-15  -1.13829131e-15
  9.65600000e-05  -1.40545628e-04  -2.71435099e-04  -9.83489756e-03   4.65121040e-14   1.05940908e-14  -9.57069549e-16
  9.66400000e-05  -1.02489650e-04  -2.36069143e-04  -9.71990380e-03   4.55525394e-14   1.21714962e-14  -7.75931392e-16
  9.67200000e-05  -8.47032628e-05  -2.12986754e-04  -9.37510691e-03   4.34824588e-14   1.33312539e-14  -6.95723973e-16
  9.68000000e-05  -7.11339776e-05  -1.95604378e-04  -9.11550672e-03   4.17941769e-14   1.44523063e-14  -6.36269669e-16
  9.68800000e-05  -5.65399656e-05  -1.81688349e-04  -8.94074781e-03   4.04799525e-14   1.55826548e-14  -5.72650304e-16
  9.69600000e-05  -4.74073463e-05  -1.64874299e-04  -8.69991734e-03   3.88590793e-14   1.64798550e-14  -5.24063642e-16
  9.70400000e-05  -3.87056427e-05  -1.54958690e-04  -8.46737961e-03   3.72748268e-14   1.72701695e-14  -4.86444349e-16
  9.71200000e-05  -3.73613801e-05  -1.46058561e-04  -8.21376466e-03   3.56047837e-14   1.79010645e-14  -4.80272778e-16
  9.72000000e-05  -4.25107616e-05  -1.37319131e-04  -8.03069218e-03   3.42523919e-14   1.85758760e-14  -4.98950566e-16
  9.72800000e-05  -4.08786694e-05  -1.21000705e-04  -7.84506331e-03   3.28968076e-14   1.91555050e-14  -4.66867785e-16
  9.73600000e-05  -4.39004335e-05  -1.08993182e-04  -7.78959537e-03   3.20825865e-14   1.99911787e-14  -4.60529907e-16
  9.74400000e-05  -3.85974117e-05  -9.63974741e-05  -7.61643410e-03   3.07812080e-14   2.04634884e-14  -4.14984691e-16
  9.75200000e-05  -4.86343639e-05  -8.85209915e-05  -7.48531790e-03   2.96555948e-14   2.09850145e-14  -4.40849050e-16
  9.76000000e-05  -3.85308236e-05  -7.31502490e-05  -7.38266626e-03   2.86512115e-14   2.15196511e-14  -3.62758185e-16
  9.76800000e-05  -4.15719611e-05  -6.17926497e-05  -7.38528225e-03   2.80433267e-14   2.23313194e-14  -3.44702802e-16
  9.77600000e-05  -3.92866078e-05  -4.77380633e-05  -7.37435847e-03   2.73634809e-14   2.30813122e-14  -2.95195236e-16
  9.78400000e-05  -3.68567683e-05  -3.22872104e-05  -7.34502218e-03   2.66006510e-14   2.37474829e-14  -2.37869126e-16
  9.79200000e-05  -3.84049293e-05  -2.12139978e-05  -7.33943390e-03   2.59081372e-14   2.44655073e-14  -2.06284492e-16
  9.80000000e-05  -3.44747317e-05  -9.83144753e-06  -7.40908581e-03   2.54516064e-14   2.54231331e-14  -1.52162295e-16
  9.80800000e-05  -3.39527402e-05   1.79927713e-06  -7.47861517e-03   2.49537933e-14   2.63816333e-14  -1.06942498e-16
  9.81600000e-05  -2.78290652e-05   2.34998426e-05  -7.54994840e-03   2.44219023e-14   2.73448495e-14  -4.90586840e-18
  9.82400000e-05  -2.68034081e-05   3.53849707e-05  -7.69677256e-03   2.40744197e-14   2.85922559e-14   4.76121176e-17
  9.83200000e-05  -1.82728681e-05   4.85104086e-05  -7.83580708e-03   2.36340098e-14   2.98241350e-14   1.29523331e-16
  9.84000000e-05  -1.57413203e-05   5.98587398e-05  -7.97478965e-03   2.31291124e-14   3.10645045e-14   1.87515834e-16
  9.84800000e-05  -5.35801786e-06   7.65667145e-05  -8.12618716e-03   2.25884900e-14   3.23607350e-14   2.90016164e-16
  9.85600000e-05  -2.00000788e-06   8.84293865e-05  -8.32402274e-03   2.20839798e-14   3.38610414e-14   3.54413134e-16
  9.86400000e-05   1.67208664e-06   9.72483524e-05  -8.55425743e-03   2.15584112e-14   3.55128264e-14   4.07938552e-16
  9.87200000e-05   3.08433084e-06   1.05988752e-04  -8.73892611e-03   2.08099391e-14   3.69897455e-14   4.55969264e-16
  9.88000000e-05   4.66204487e-06   1.13327966e-04  -8.96273033e-03   2.00311616e-14   3.86458623e-14   4.99071486e-16
  9.88800000e-05   3.64058289e-06   1.14678018e-04  -9.33043906e-03   1.94344131e-14   4.09352811e-14   5.10707962e-16
  9.89600000e-05   1.00351191e-05   1.24694170e-04  -9.59348084e-03   1.84480248e-14   4.27830595e-14   5.75383044e-16
  9.90400000e-05   4.49587919e-06   1.29165586e-04  -9.92364714e-03   1.74137208e-14   4.49399922e-14   5.92825434e-16
  9.91200000e-05   4.83188201e-06   1.21619707e-04  -1.01968980e-02   1.60999744e-14   4.68315417e-14   5.66194891e-16
  9.92000000e-05   4.68633393e-07   1.14571521e-04  -1.05286477e-02   1.46917121e-14   4.89770068e-14   5.33616034e-16
  9.92800000e-05  -1.48898853e-06   1.01763029e-04  -1.08353367e-02   1.30466020e-14   5.09788800e-14   4.76989237e-16
  9.93600000e-05  -4.35104295e-06   9.46726015e-05  -1.10827149e-02   1.11445129e-14   5.26569769e-14   4.45439839e-16
  9.94400000e-05  -1.09265274e-05   9.12600968e-05  -1.13804609e-02   9.10763322e-15   5.45152500e-14   4.28414298e-16
  9.95200000e-05  -1.85054604e-05   7.51254865e-05  -1.17447555e-02   6.89233692e-15   5.66232472e-14   3.51331547e-16
  9.96000000e-05  -1.73968708e-05   6.24383423e-05  -1.20568736e-02   4.41950433e-15   5.83892443e-14   2.96000621e-16
  9.96800000e-05  -2.99025402e-05   3.44262153e-05  -1.24176211e-02   1.72258634e-15   6.02863787e-14   1.62987913e-16
  9.97600000e-05  -3.59592764e-05   1.87729263e-05  -1.27316400e-02  -1.21766122e-15   6.18255104e-14   9.46014784e-17
  9.98400000e-05  -4.47744406e-05  -4.67643139e-06  -1.31210517e-02  -4.40847493e-15   6.35784999e-14  -7.61627166e-18
  9.99200000e-05  -3.78329054e-05  -1.51134922e-05  -1.35296591e-02  -7.87456582e-15   6.52404111e-14  -5.08580989e-17
  1.00000000e-04  -6.15092460e-05  -3.88221773e-05  -1.38242319e-02  -1.15100867e-14   6.61576161e-14  -1.34575720e-16
  1.00080000e-04  -6.05375410e-05  -6.96786814e-05  -1.40918385e-02  -1.53247549e-14   6.67149435e-14  -2.64045484e-16
  1.00160000e-04  -6.36553476e-05  -8.33096431e-05  -1.45011425e-02  -1.95079871e-14   6.76867075e-14  -3.03229055e-16
  1.00240000e-04  -6.74376630e-05  -1.05109382e-04  -1.49135481e-02  -2.39619537e-14   6.83698904e-14  -3.73511301e-16
  1.00320000e-04  -6.69874804e-05  -1.21934857e-04  -1.53935251e-02  -2.87876070e-14   6.90165924e-14  -4.21418684e-16
  1.00400000e-04  -6.79910371e-05  -1.27052029e-04  -1.58738953e-02  -3.38986247e-14   6.92630551e-14  -4.09175496e-16
  1.00480000e-04  -6.05744450e-05  -1.24457738e-04  -1.64773932e-02  -3.95784306e-14   6.95721974e-14  -3.79996809e-16
  1.00560000e-04  -5.57206474e-05  -1.22888787e-04  -1.71784697e-02  -4.58450640e-14   6.97233551e-14  -3.50072039e-16
  1.00640000e-04  -4.30141685e-05  -1.01764579e-04  -1.77959065e-02  -5.22148956e-14   6.88842256e-14  -2.67701670e-16
  1.00720000e-04  -3.05587208e-05  -7.50308607e-05  -1.86801996e-02  -5.97187606e-14   6.82974780e-14  -1.76630320e-16
  1.00800000e-04  -1.30954242e-05  -3.27274518e-05  -1.96368051e-02  -6.78554389e-14   6.69981372e-14  -6.64101182e-17
  1.00880000e-04   1.45203874e-05   3.85184730e-05  -2.07544584e-02  -7.69628539e-14   6.50413075e-14   6.68657001e-17
  1.00960000e-04   4.15026701e-05   1.15976534e-04  -2.21725872e-02  -8.76341021e-14   6.24862562e-14   1.62808704e-16
  1.01040000e-04   7.81047389e-05   2.32911550e-04  -2.37790754e-02  -9.94763988e-14   5.84924494e-14   2.46182360e-16
  1.01120000e-04   1.23366535e-04   3.55655137e-04  -2.55173588e-02  -1.12156899e-13   5.24256182e-14   1.88461213e-16
  1.01200000e-04   1.77469853e-04   5.17432418e-04  -2.75597633e-02  -1.26215473e-13   4.40348494e-14   1.39920308e-17
  1.01280000e-04   2.46977730e-04   7.15934795e-04  -2.98884815e-02  -1.41249429e-13   3.24423693e-14  -3.90078106e-16
  1.01360000e-04   3.33828404e-04   9.76220102e-04  -3.25369486e-02  -1.56824809e-13   1.67000153e-14  -1.10796146e-15
  1.01440000e-04   4.38531576e-04   1.26116522e-03  -3.54082235e-02  -1.71515751e-13  -4.15595244e-15  -2.27225224e-15
  1.01520000e-04   5.61950174e-04   1.58724139e-03  -3.83970217e-02  -1.83422626e-13  -3.06843256e-14  -3.95285368e-15
  1.01600000e-04   7.16297947e-04   1.96648996e-03  -4.14485304e-02  -1.90523545e-13  -6.29504080e-14  -6.27918449e-15
  1.01680000e-04   9.01364280e-04   2.38347468e-03  -4.43711934e-02  -1.89996303e-13  -9.99568954e-14  -9.22897445e-15
  1.01760000e-04   1.14116456e-03   2.87699822e-03  -4.68899788e-02  -1.79079195e-13  -1.39060069e-13  -1.28904814e-14
  1.01840000e-04   1.39933206e-03   3.35519517e-03  -4.87775982e-02  -1.56433864e-13  -1.76344830e-13  -1.66177564e-14
  1.01920000e-04   1.68609355e-03   3.84877000e-03  -4.97908325e-02  -1.22511512e-13  -2.07013947e-13  -2.01505958e-14
  1.02000000e-04   1.99363071e-03   4.32286187e-03  -4.99808136e-02  -8.05948262e-14  -2.27663246e-13  -2.29054512e-14
  1.02080000e-04   2.31986082e-03   4.80274600e-03  -4.88713498e-02  -3.45883919e-14  -2.33837007e-13  -2.46217879e-14
  1.02160000e-04   2.61831375e-03   5.18007775e-03  -4.71422442e-02   9.36055995e-15  -2.28290327e-13  -2.45650749e-14
  1.02240000e-04   2.89422488e-03   5.49709824e-03  -4.44709907e-02   4.73097189e-14  -2.11015538e-13  -2.30048434e-14
  1.02320000e-04   3.10938395e-03   5.71343196e-03  -4.15573304e-02   7.69728517e-14  -1.87797123e-13  -2.00597086e-14
  1.02400000e-04   3.27319030e-03   5.86410624e-03  -3.83207641e-02   9.75407489e-14  -1.60881929e-13  -1.62877569e-14
  1.02480000e-04   3.38011924e-03   5.92979548e-03  -3.50629291e-02   1.09903975e-13  -1.33781712e-13  -1.20300745e-14
  1.02560000e-04   3.41119046e-03   5.88857590e-03  -3.18915535e-02   1.15475789e-13  -1.08353105e-13  -7.65517971e-15
  1.02640000e-04   3.39686522e-03   5.80853177e-03  -2.91165775e-02   1.16855387e-13  -8.63298540e-14  -3.58928521e-15
  1.02720000e-04   3.32349270e-03   5.65219527e-03  -2.64006638e-02   1.14144135e-13  -6.68813719e-14   5.04012905e-17
  1.02800000e-04   3.21588562e-03   5.45091607e-03  -2.40605167e-02   1.09734637e-13  -5.08198406e-14   3.15368769e-15
  1.02880000e-04   3.07361479e-03   5.20923072e-03  -2.19933349e-02   1.04182535e-13  -3.75269702e-14   5.67127883e-15
  1.02960000e-04   2.91255449e-03   4.94535670e-03  -2.01933127e-02   9.81808248e-14  -2.66469975e-14   7.63510655e-15
  1.03040000e-04   2.72944683e-03   4.65535856e-03  -1.85837239e-02   9.18899939e-14  -1.77108579e-14   9.05945760e-15
  1.03120000e-04   2.52914441e-03   4.31343952e-03  -1.73201910e-02   8.63860052e-14  -1.04762364e-14   1.00053210e-14
  1.03200000e-04   2.32415541e-03   3.97832169e-03  -1.62121693e-02   8.11005012e-14  -4.46953745e-15   1.05296772e-14
  1.03280000e-04   2.11454980e-03   3.61636791e-03  -1.52924033e-02   7.63284774e-14   5.50456041e-16   1.06844565e-14
  1.03360000e-04   1.90439250e-03   3.24173232e-03  -1.44622394e-02   7.17333660e-14   4.78749618e-15   1.05189979e-14
  1.03440000e-04   1.69155290e-03   2.85996841e-03  -1.38499646e-02   6.80084362e-14   8.47701198e-15   1.00566216e-14
  1.03520000e-04   1.47992660e-03   2.45954656e-03  -1.33186538e-02   6.45399165e-14   1.17140050e-14   9.33468813e-15
  1.03600000e-04   1.26508944e-03   2.05087423e-03  -1.30080007e-02   6.20127722e-14   1.47866788e-14   8.36233978e-15
  1.03680000e-04   1.05803550e-03   1.62796463e-03  -1.26962103e-02   5.93945800e-14   1.75536540e-14   7.20044007e-15
  1.03760000e-04   8.59297355e-04   1.20003145e-03  -1.25039888e-02   5.72515094e-14   2.02422776e-14   5.87711982e-15
  1.03840000e-04   6.54472352e-04   7.57991832e-04  -1.24348589e-02   5.55667961e-14   2.29831787e-14   4.32558133e-15
  1.03920000e-04   4.54938429e-04   2.96265694e-04  -1.25067062e-02   5.43788532e-14   2.59002919e-14   2.59160145e-15
  1.04000000e-04   2.65135922e-04  -1.62543355e-04  -1.25636824e-02   5.29892031e-14   2.87374804e-14   7.46457478e-16
  1.04080000e-04   8.00634531e-05  -6.38999898e-04  -1.27579636e-02   5.19914539e-14   3.18872695e-14  -1.27084127e-15
  1.04160000e-04  -9.79583700e-05  -1.11113828e-03  -1.30541135e-02   5.11896314e-14   3.53329002e-14  -3.39158924e-15
  1.04240000e-04  -2.64863588e-04  -1.59435333e-03  -1.34018317e-02   5.02968116e-14   3.90010920e-14  -5.63380565e-15
  1.04320000e-04  -4.25909715e-04  -2.07981788e-03  -1.37910551e-02   4.92239167e-14   4.28838699e-14  -7.98746601e-15
  1.04400000e-04  -5.80414187e-04  -2.57611642e-03  -1.42213217e-02   4.78974009e-14   4.69948888e-14  -1.04677075e-14
  1.04480000e-04  -7.16831061e-04  -3.07158629e-03  -1.47454704e-02   4.64261934e-14   5.15175077e-14  -1.29884095e-14
  1.04560000e-04  -8.47907577e-04  -3.57019502e-03  -1.52778267e-02   4.44303157e-14   5.61758531e-14  -1.55932880e-14
  1.04640000e-04  -9.56409851e-04  -4.06044418e-03  -1.58617462e-02   4.19924436e-14   6.10796163e-14  -1.81677575e-14
  1.04720000e-04  -1.05657042e-03  -4.55997503e-03  -1.64075188e-02   3.87670785e-14   6.58641639e-14  -2.08013836e-14
  1.04800000e-04  -1.14234930e-03  -5.05221741e-03  -1.69618420e-02   3.48637606e-14   7.06356758e-14  -2.33874000e-14
  1.04880000e-04  -1.22870573e-03  -5.55875988e-03  -1.74803614e-02   3.01317046e-14   7.51477552e-14  -2.60149841e-14
  1.04960000e-04  -1.30101203e-03  -6.07428015e-03  -1.79807954e-02   2.46065569e-14   7.93687487e-14  -2.85928086e-14
  1.05040000e-04  -1.36968338e-03  -6.63374665e-03  -1.83846449e-02   1.81297856e-14   8.28690721e-14  -3.12524120e-14
  1.05120000e-04  -1.42376751e-03  -7.20460736e-03  -1.87513740e-02   1.09117494e-14   8.57843730e-14  -3.37883784e-14
  1.05200000e-04  -1.47338729e-03  -7.82244896e-03  -1.89711808e-02   2.85737465e-15   8.75433875e-14  -3.63189676e-14
  1.05280000e-04  -1.51146581e-03  -8.46984224e-03  -1.90650631e-02  -5.79582080e-15   8.81427518e-14  -3.86987975e-14
  1.05360000e-04  -1.54014940e-03  -9.15972452e-03  -1.89283923e-02  -1.48852674e-14   8.70698848e-14  -4.09232126e-14
  1.05440000e-04  -1.56744473e-03  -9.88573762e-03  -1.85902807e-02  -2.40878936e-14   8.44865724e-14  -4.28963747e-14
  1.05520000e-04  -1.57842326e-03  -1.06213758e-02  -1.79421371e-02  -3.30029950e-14   7.99806742e-14  -4.44435410e-14
  1.05600000e-04  -1.56986203e-03  -1.13202558e-02  -1.70251985e-02  -4.11619341e-14   7.39055438e-14  -4.53452040e-14
  1.05680000e-04  -1.55412088e-03  -1.19853777e-02  -1.57899647e-02  -4.82031716e-14   6.63476012e-14  -4.56167901e-14
  1.05760000e-04  -1.50343855e-03  -1.25020014e-02  -1.42288350e-02  -5.35053302e-14   5.75434871e-14  -4.49064719e-14
  1.05840000e-04  -1.41506800e-03  -1.27883792e-02  -1.23593009e-02  -5.65913915e-14   4.79142865e-14  -4.30983437e-14
  1.05920000e-04  -1.31986259e-03  -1.28733157e-02  -1.02638615e-02  -5.75101463e-14   3.81835567e-14  -4.04958202e-14
  1.06000000e-04  -1.19448488e-03  -1.26807711e-02  -8.02325957e-03  -5.61409197e-14   2.87861125e-14  -3.71383502e-14
  1.06080000e-04  -1.06147076e-03  -1.22111781e-02  -5.66536831e-03  -5.25900414e-14   2.00067632e-14  -3.32693915e-14
  1.06160000e-04  -9.08458099e-04  -1.14719642e-02  -3.32020633e-03  -4.72510923e-14   1.21824337e-14  -2.91640930e-14
  1.06240000e-04  -7.61384605e-04  -1.05181657e-02  -1.04871961e-03  -4.06081265e-14   5.43990970e-15  -2.50776935e-14
  1.06320000e-04   9.15813342e-04   1.28539678e-02  -9.48629724e-04   4.50510931e-14  -9.26653659e-16   3.09364287e-14
  1.06400000e-04   7.60787920e-04   1.17910683e-02  -2.63650635e-03   3.64543757e-14   4.43804028e-15   3.03671882e-14
  1.06480000e-04   6.15046973e-04   1.06932433e-02  -4.10642731e-03   2.83541201e-14   9.50446313e-15   2.89966540e-14
  1.06560000e-04   4.80022925e-04   9.59311036e-03  -5.36297349e-03   2.08120499e-14   1.40735521e-14   2.70371277e-14
  1.06640000e-04   3.60075800e-04   8.51170374e-03  -6.44531725e-03   1.37811077e-14   1.80935408e-14   2.46642789e-14
  1.06720000e-04   2.59529787e-04   7.45612305e-03  -7.38992728e-03   7.17561372e-15   2.15569236e-14   2.20020244e-14
  1.06800000e-04   1.77573733e-04   6.45493577e-03  -8.21633253e-03   1.01391492e-15   2.44562163e-14   1.92352670e-14
  1.06880000e-04   1.11714780e-04   5.49990568e-03  -8.95128719e-03  -4.81494078e-15   2.68340298e-14   1.64274400e-14
  1.06960000e-04   6.16176308e-05   4.58570819e-03  -9.62552739e-03  -1.04193013e-14   2.87509446e-14   1.36305705e-14
  1.07040000e-04   2.64846775e-05   3.72966323e-03  -1.02481737e-02  -1.57898968e-14   3.02106290e-14   1.09538816e-14
  1.07120000e-04   4.99453871e-06   2.91201719e-03  -1.08439082e-02  -2.10623834e-14   3.12670740e-14   8.38674197e-15
  1.07200000e-04  -2.42021648e-06   2.14301947e-03  -1.14211173e-02  -2.62437237e-14   3.19182813e-14   5.99459857e-15
  1.07280000e-04   1.27380594e-06   1.41941543e-03  -1.19997297e-02  -3.14098912e-14   3.21996425e-14   3.80547398e-15
  1.07360000e-04   1.56073424e-05   7.45826237e-04  -1.25918214e-02  -3.65928240e-14   3.21088855e-14   1.85648539e-15
  1.07440000e-04   3.65918125e-05   1.14554446e-04  -1.32060517e-02  -4.18460058e-14   3.16350571e-14   1.58466383e-16
  1.07520000e-04   6.64976275e-05  -4.67268131e-04  -1.38572637e-02  -4.71973554e-14   3.07538662e-14  -1.26351162e-15
  1.07600000e-04   9.88811623e-05  -9.98764887e-04  -1.45553385e-02  -5.26719540e-14   2.94378616e-14  -2.37780569e-15
  1.07680000e-04   1.34652884e-04  -1.47111077e-03  -1.53073061e-02  -5.82548547e-14   2.76199564e-14  -3.16686679e-15
  1.07760000e-04   1.72776570e-04  -1.88814942e-03  -1.61220799e-02  -6.39615711e-14   2.52277565e-14  -3.64002877e-15
  1.07840000e-04   2.06570723e-04  -2.22793523e-03  -1.70043431e-02  -6.97051669e-14   2.21831012e-14  -3.75325053e-15
  1.07920000e-04   2.37039918e-04  -2.49583924e-03  -1.79665111e-02  -7.54855624e-14   1.83845196e-14  -3.54982092e-15
  1.08000000e-04   2.56179881e-04  -2.67362453e-03  -1.90095308e-02  -8.11698687e-14   1.37276255e-14  -3.02461983e-15
  1.08080000e-04   2.71607603e-04  -2.74887090e-03  -2.01309106e-02  -8.65983336e-14   8.06211805e-15  -2.26927080e-15
  1.08160000e-04   2.70530069e-04  -2.71240739e-03  -2.13351528e-02  -9.16147007e-14   1.30544988e-15  -1.32764192e-15
  1.08240000e-04   2.52030967e-04  -2.53422004e-03  -2.26139515e-02  -9.59157038e-14  -6.64773442e-15  -3.23999361e-16
  1.08320000e-04   2.23478989e-04  -2.21948156e-03  -2.39562211e-02  -9.92500658e-14  -1.58836735e-14   5.45712782e-16
  1.08400000e-04   1.73811909e-04  -1.74008875e-03  -2.53411067e-02  -1.01198873e-13  -2.63665762e-14   1.11639218e-15
  1.08480000e-04   1.17695557e-04  -1.09516741e-03  -2.67474702e-02  -1.01396477e-13  -3.80395343e-14   1.11134785e-15
  1.08560000e-04   5.18296431e-05  -2.68257653e-04  -2.81430129e-02  -9.93845636e-14  -5.06633056e-14   2.99888041e-16
  1.08640000e-04  -1.88066840e-05   7.43666343e-04  -2.94796115e-02  -9.47144608e-14  -6.38474441e-14  -1.55022159e-15
  1.08720000e-04  -7.72544738e-05   1.93017479e-03  -3.07158333e-02  -8.70675466e-14  -7.70865003e-14  -4.62510852e-15
  1.08800000e-04  -1.21568575e-04   3.25896247e-03  -3.17946507e-02  -7.62595855e-14  -8.96524448e-14  -8.89782330e-15
  1.08880000e-04  -1.30420433e-04   4.71998023e-03  -3.26612278e-02  -6.22257275e-14  -1.00770265e-13  -1.43141634e-14
  1.08960000e-04  -1.03499803e-04   6.25407148e-03  -3.32719707e-02  -4.52892138e-14  -1.09614848e-13  -2.04632204e-14
  1.09040000e-04  -2.65052265e-05   7.83607777e-03  -3.35878804e-02  -2.59144183e-14  -1.15488250e-13  -2.69230457e-14
  1.09120000e-04   1.00343304e-04   9.40838431e-03  -3.35802419e-02  -4.90350620e-15  -1.17858822e-13  -3.30358885e-14
  1.09200000e-04   2.69163317e-04   1.09028266e-02  -3.32732870e-02   1.66904456e-14  -1.16615497e-13  -3.80769741e-14
  1.09280000e-04   4.77687285e-04   1.22842585e-02  -3.26706059e-02   3.78868713e-14  -1.11863831e-13  -4.15072233e-14
  1.09360000e-04   7.09233172e-04   1.35048512e-02  -3.18142587e-02   5.76718406e-14  -1.04056581e-13  -4.28853575e-14
  1.09440000e-04   9.45495500e-04   1.45395446e-02  -3.07474442e-02   7.52370126e-14  -9.38192830e-14  -4.20507598e-14
  1.09520000e-04   1.17510037e-03   1.53946920e-02  -2.95368784e-02   9.00985208e-14  -8.19472183e-14  -3.91265915e-14
  1.09600000e-04   1.38531932e-03   1.61061647e-02  -2.82307420e-02   1.02113064e-13  -6.91431260e-14  -3.44366215e-14
  1.09680000e-04   1.56891397e-03   1.66607481e-02  -2.68753603e-02   1.11138333e-13  -5.60414478e-14  -2.82536104e-14
  1.09760000e-04   1.71017147e-03   1.70708766e-02  -2.55154579e-02   1.17292337e-13  -4.31157338e-14  -2.09846660e-14
  1.09840000e-04   1.81168155e-03   1.73300865e-02  -2.41915208e-02   1.20724482e-13  -3.07718726e-14  -1.30031055e-14
  1.09920000e-04   1.86609659e-03   1.74948415e-02  -2.29164518e-02   1.21892985e-13  -1.92092443e-14  -4.73889246e-15
  1.10000000e-04   1.88600452e-03   1.76011356e-02  -2.17077026e-02   1.21220697e-13  -8.60480771e-15   3.55488538e-15
  1.10080000e-04   1.86283471e-03   1.76396714e-02  -2.05781637e-02   1.18927057e-13   1.04132807e-15   1.16584812e-14
  1.10160000e-04   1.80289717e-03   1.76114849e-02  -1.95279961e-02   1.15246555e-13   9.70850900e-15   1.93956895e-14
  1.10240000e-04   1.70704008e-03   1.75467251e-02  -1.85611557e-02   1.10532423e-13   1.74391200e-14   2.66515042e-14
  1.10320000e-04   1.58847470e-03   1.74591558e-02  -1.76694121e-02   1.05016068e-13   2.42394511e-14   3.33919271e-14
  1.10400000e-04   1.43908890e-03   1.73540859e-02  -1.68566413e-02   9.88886683e-14   3.02304937e-14   3.95649499e-14
  1.10480000e-04   1.26954984e-03   1.72389862e-02  -1.61175720e-02   9.23083804e-14   3.54432244e-14   4.51802138e-14
  1.10560000e-04   1.08326688e-03   1.71269216e-02  -1.54476393e-02   8.54271714e-14   3.99427942e-14   5.02754832e-14
  1.10640000e-04   8.73176739e-04   1.70027067e-02  -1.48316951e-02   7.82598975e-14   4.37889321e-14   5.48059469e-14
  1.10720000e-04   6.51849120e-04   1.68944190e-02  -1.42816729e-02   7.09947151e-14   4.70455787e-14   5.88926499e-14
  1.10800000e-04   4.19272062e-04   1.67974107e-02  -1.37854253e-02   6.36493424e-14   4.97449427e-14   6.25495846e-14
  1.10880000e-04   1.75927565e-04   1.67193935e-02  -1.33375457e-02   5.62733795e-14   5.19289955e-14   6.58383013e-14
  1.10960000e-04  -8.13576925e-05   1.66412834e-02  -1.29431373e-02   4.88480241e-14   5.36761670e-14   6.87056102e-14
  1.11040000e-04  -3.47035368e-04   1.65859677e-02  -1.25915821e-02   4.14429930e-14   5.49748442e-14   7.12721243e-14
  1.11120000e-04  -6.20320604e-04   1.65363572e-02  -1.22821746e-02   3.40290107e-14   5.58583623e-14   7.34873885e-14
  1.11200000e-04  -9.03185515e-04   1.65111194e-02  -1.20132218e-02   2.66487432e-14   5.63549435e-14   7.54514033e-14
  1.11280000e-04  -1.19350254e-03   1.65107620e-02  -1.17854913e-02   1.92896814e-14   5.64896718e-14   7.71851777e-14
  1.11360000e-04  -1.49040623e-03   1.65245813e-02  -1.15979757e-02   1.19245289e-14   5.62761736e-14   7.86488812e-14
  1.11440000e-04  -1.79060973e-03   1.65467857e-02  -1.14493034e-02   4.54374198e-15   5.57185475e-14   7.98150562e-14
  1.11520000e-04  -2.10031128e-03   1.65859811e-02  -1.13400113e-02  -2.85076997e-15   5.48325706e-14   8.07265055e-14
  1.11600000e-04  -2.41919672e-03   1.66422052e-02  -1.12736432e-02  -1.02744755e-14   5.36335935e-14   8.13789498e-14
  1.11680000e-04  -2.74159528e-03   1.67217543e-02  -1.12432612e-02  -1.77325042e-14   5.20823606e-14   8.17844367e-14
  1.11760000e-04  -3.07130435e-03   1.68168797e-02  -1.12499264e-02  -2.52351316e-14   5.01749200e-14   8.18930130e-14
  1.11840000e-04  -3.40578448e-03   1.69312879e-02  -1.13037517e-02  -3.28048486e-14   4.79425744e-14   8.16946262e-14
  1.11920000e-04  -3.74684896e-03   1.70602331e-02  -1.13991173e-02  -4.04323454e-14   4.53362080e-14   8.11413851e-14
  1.12000000e-04  -4.09117748e-03   1.72037774e-02  -1.15452915e-02  -4.81295090e-14   4.23713645e-14   8.01932015e-14
  1.12080000e-04  -4.43864422e-03   1.73711139e-02  -1.17359820e-02  -5.58859984e-14   3.89889238e-14   7.88463295e-14
  1.12160000e-04  -4.79364530e-03   1.75643246e-02  -1.19757335e-02  -6.37034172e-14   3.51596804e-14   7.70664801e-14
  1.12240000e-04  -5.14805115e-03   1.77750788e-02  -1.22777971e-02  -7.15726097e-14   3.08998976e-14   7.47452951e-14
  1.12320000e-04  -5.50377363e-03   1.80058419e-02  -1.26369456e-02  -7.94446927e-14   2.61316128e-14   7.18343912e-14
  1.12400000e-04  -5.86153211e-03   1.82746527e-02  -1.30567629e-02  -8.73219309e-14   2.08042269e-14   6.83194089e-14
  1.12480000e-04  -6.21651838e-03   1.85518713e-02  -1.35516038e-02  -9.50873785e-14   1.49024300e-14   6.40204961e-14
  1.12560000e-04  -6.56419523e-03   1.88612286e-02  -1.41265254e-02  -1.02721973e-13   8.37356073e-15   5.89120610e-14
  1.12640000e-04  -6.90741049e-03   1.92016486e-02  -1.47793822e-02  -1.10090292e-13   1.11932331e-15   5.29069269e-14
  1.12720000e-04  -7.23851649e-03   1.95640976e-02  -1.55232152e-02  -1.17030473e-13  -6.89478059e-15   4.58820442e-14
  1.12800000e-04  -7.55004692e-03   1.99444147e-02  -1.63652334e-02  -1.23332397e-13  -1.57168695e-14   3.77447485e-14
  1.12880000e-04  -7.84413388e-03   2.03673314e-02  -1.73164352e-02  -1.28862520e-13  -2.54352680e-14   2.84565687e-14
  1.12960000e-04  -8.10341616e-03   2.08092604e-02  -1.83755549e-02  -1.33207167e-13  -3.60599513e-14   1.79070618e-14
  1.13040000e-04  -8.32035705e-03   2.12401220e-02  -1.95560545e-02  -1.35895222e-13  -4.76065764e-14   6.11203424e-15
  1.13120000e-04  -8.48401953e-03   2.16897530e-02  -2.08368226e-02  -1.36564846e-13  -6.00209664e-14  -6.87346235e-15
  1.13200000e-04  -8.59505128e-03   2.21512587e-02  -2.22420854e-02  -1.34764376e-13  -7.32782848e-14  -2.09017957e-14
  1.13280000e-04  -8.62172307e-03   2.25782058e-02  -2.37311297e-02  -1.29722310e-13  -8.70478824e-14  -3.56896272e-14
  1.13360000e-04  -8.55329529e-03   2.29369584e-02  -2.52982897e-02  -1.20852311e-13  -1.01007136e-13  -5.07192777e-14
  1.13440000e-04  -8.38707435e-03   2.32296181e-02  -2.68756839e-02  -1.07752371e-13  -1.14564197e-13  -6.53957455e-14
  1.13520000e-04  -8.11644439e-03   2.34180765e-02  -2.84397310e-02  -9.01586460e-14  -1.27070046e-13  -7.89025893e-14
  1.13600000e-04  -7.73373778e-03   2.34656497e-02  -2.98928108e-02  -6.81345880e-14  -1.37498731e-13  -9.03080687e-14
  1.13680000e-04  -7.24542184e-03   2.33114415e-02  -3.11759047e-02  -4.22007475e-14  -1.44928890e-13  -9.85613456e-14
  1.13760000e-04  -6.66388846e-03   2.29391084e-02  -3.22051223e-02  -1.35495946e-14  -1.48422076e-13  -1.02914594e-13
  1.13840000e-04  -6.01996223e-03   2.23251098e-02  -3.29108069e-02   1.62024296e-14  -1.47342072e-13  -1.02913489e-13
  1.13920000e-04  -5.34305386e-03   2.14927499e-02  -3.32689135e-02   4.51700452e-14  -1.41561677e-13  -9.87076333e-14
  1.14000000e-04  -4.67721897e-03   2.04913521e-02  -3.32437361e-02   7.14784805e-14  -1.31308961e-13  -9.09951473e-14
  1.14080000e-04  -4.04401633e-03   1.93593404e-02  -3.28640610e-02   9.37301870e-14  -1.17381745e-13  -8.06802166e-14
  1.14160000e-04  -3.46974417e-03   1.81333583e-02  -3.22005625e-02   1.11178292e-13  -1.00936810e-13  -6.88212693e-14
  1.14240000e-04  -2.97245656e-03   1.68832078e-02  -3.12911598e-02   1.23494173e-13  -8.30587692e-14  -5.65456677e-14
  1.14320000e-04  -2.55054760e-03   1.56586159e-02  -3.02066280e-02   1.30964483e-13  -6.48379351e-14  -4.46691194e-14
  1.14400000e-04  -2.20330645e-03   1.44860375e-02  -2.90280989e-02   1.34280184e-13  -4.71768298e-14  -3.37350966e-14
  1.14480000e-04  -1.92428076e-03   1.34006633e-02  -2.78259333e-02   1.34292154e-13  -3.06850139e-14  -2.40644345e-14
  1.14560000e-04  -1.70532555e-03   1.24091802e-02  -2.66265531e-02   1.31712707e-13  -1.56749744e-14  -1.57409270e-14
  1.14640000e-04  -1.53514159e-03   1.15070671e-02  -2.54713460e-02   1.27295708e-13  -2.30053768e-15  -8.71133301e-15
  1.14720000e-04  -1.40507244e-03   1.07019259e-02  -2.43890199e-02   1.21672194e-13   9.44604368e-15  -2.86470666e-15
  1.14800000e-04  -1.31347501e-03   1.00095642e-02  -2.33777442e-02   1.15241843e-13   1.96599206e-14   1.94287171e-15
  1.14880000e-04  -1.24452437e-03   9.36241613e-03  -2.24696498e-02   1.08451022e-13   2.85022305e-14   5.86924157e-15
  1.14960000e-04  -1.19636467e-03   8.79533917e-03  -2.16438400e-02   1.01450656e-13   3.61226729e-14   9.07136528e-15
  1.15040000e-04  -1.16495883e-03   8.29241743e-03  -2.09053319e-02   9.44340781e-14   4.26910012e-14   1.16716535e-14
  1.15120000e-04  -1.14475524e-03   7.83623045e-03  -2.02489979e-02   8.74980146e-14   4.83551919e-14   1.37665389e-14
  1.15200000e-04  -1.13709584e-03   7.42303890e-03  -1.96674178e-02   8.06960633e-14   5.32439456e-14   1.54302270e-14
  1.15280000e-04  -1.13806501e-03   7.07152755e-03  -1.91471267e-02   7.40356284e-14   5.74438957e-14   1.68149894e-14
  1.15360000e-04  -1.14205400e-03   6.73150907e-03  -1.86907103e-02   6.75603056e-14   6.10703146e-14   1.78665152e-14
  1.15440000e-04  -1.15123828e-03   6.42618125e-03  -1.82859161e-02   6.12518434e-14   6.41793635e-14   1.86981475e-14
  1.15520000e-04  -1.16560717e-03   6.14521896e-03  -1.79251520e-02   5.51010351e-14   6.68212269e-14   1.93250751e-14
  1.15600000e-04  -1.17960194e-03   5.88536692e-03  -1.76016110e-02   4.90988430e-14   6.90351660e-14   1.97925175e-14
  1.15680000e-04  -1.19837252e-03   5.65111920e-03  -1.73078996e-02   4.32330466e-14   7.08447422e-14   2.01377866e-14
  1.15760000e-04  -1.21788223e-03   5.43496420e-03  -1.70371152e-02   3.74961982e-14   7.22656824e-14   2.03728999e-14
  1.15840000e-04  -1.23972631e-03   5.23794008e-03  -1.67897720e-02   3.18968576e-14   7.33372028e-14   2.05239535e-14
  1.15920000e-04  -1.26442424e-03   5.05733895e-03  -1.65568351e-02   2.64247338e-14   7.40515483e-14   2.06012625e-14
  1.16000000e-04  -1.28865696e-03   4.89431007e-03  -1.63357757e-02   2.10849338e-14   7.44264950e-14   2.06353897e-14
  1.16080000e-04  -1.31383980e-03   4.74695683e-03  -1.61226447e-02   1.58827741e-14   7.44683292e-14   2.06312631e-14
  1.16160000e-04  -1.33860860e-03   4.60764176e-03  -1.59164849e-02   1.08334166e-14   7.41968797e-14   2.05680424e-14
  1.16240000e-04  -1.36945127e-03   4.49259018e-03  -1.57146563e-02   5.93284906e-15   7.36169162e-14   2.05289814e-14
  1.16320000e-04  -1.39810694e-03   4.38185452e-03  -1.55178336e-02   1.20649838e-15   7.27592770e-14   2.04367286e-14
  1.16400000e-04  -1.42826469e-03   4.28524299e-03  -1.53210261e-02  -3.34549192e-15   7.16183191e-14   2.03432947e-14
  1.16480000e-04  -1.46175365e-03   4.20460216e-03  -1.51255501e-02  -7.71575642e-15   7.02189674e-14   2.02651378e-14
  1.16560000e-04  -1.49672945e-03   4.13738009e-03  -1.49312792e-02  -1.18944985e-14   6.85829648e-14   2.01963030e-14
  1.16640000e-04  -1.53170553e-03   4.07114162e-03  -1.47383667e-02  -1.58618898e-14   6.67330132e-14   2.00819601e-14
  1.16720000e-04  -1.56680524e-03   4.01370759e-03  -1.45479217e-02  -1.96224613e-14   6.46945829e-14   1.99622819e-14
  1.16800000e-04  -1.60409402e-03   3.96416597e-03  -1.43568495e-02  -2.31694001e-14   6.24706037e-14   1.98378995e-14
  1.16880000e-04  -1.63954451e-03   3.91840371e-03  -1.41709883e-02  -2.65021236e-14   6.01119875e-14   1.96877197e-14
  1.16960000e-04  -1.67562632e-03   3.87267628e-03  -1.39849019e-02  -2.96074324e-14   5.76099181e-14   1.95007129e-14
  1.17040000e-04  -1.71179494e-03   3.83336669e-03  -1.38027660e-02  -3.25016406e-14   5.50015283e-14   1.93060703e-14
  1.17120000e-04  -1.74090517e-03   3.78187129e-03  -1.36264972e-02  -3.51620593e-14   5.23234134e-14   1.90140006e-14
  1.17200000e-04  -1.76797109e-03   3.73478441e-03  -1.34547183e-02  -3.76162336e-14   4.95781421e-14   1.87048202e-14
  1.17280000e-04  -1.78812875e-03   3.67771324e-03  -1.32869385e-02  -3.98426947e-14   4.67874273e-14   1.83123154e-14
  1.17360000e-04  -1.79924312e-03   3.60676175e-03  -1.31285511e-02  -4.18518794e-14   4.39909182e-14   1.78211948e-14
  1.17440000e-04  -1.80457079e-03   3.53146177e-03  -1.29774358e-02  -4.36619959e-14   4.11877668e-14   1.72795451e-14
  1.17520000e-04  -1.79913100e-03   3.43737342e-03  -1.28318803e-02  -4.52463408e-14   3.83938774e-14   1.66287546e-14
  1.17600000e-04  -1.77936634e-03   3.32625872e-03  -1.26966570e-02  -4.66272889e-14   3.56447964e-14   1.58727484e-14
  1.17680000e-04  -1.74820413e-03   3.20220295e-03  -1.25731606e-02  -4.78261651e-14   3.29473236e-14   1.50410802e-14
  1.17760000e-04  -1.69994616e-03   3.05271037e-03  -1.24574812e-02  -4.88111085e-14   3.03102359e-14   1.40882916e-14
  1.17840000e-04  -1.63505662e-03   2.88286536e-03  -1.23561762e-02  -4.96223328e-14   2.77592614e-14   1.30429944e-14
  1.17920000e-04  -1.55143492e-03   2.69494521e-03  -1.22675361e-02  -5.02685745e-14   2.52981709e-14   1.19148300e-14
  1.18000000e-04  -1.44603099e-03   2.47960228e-03  -1.21930704e-02  -5.07436114e-14   2.29410307e-14   1.06832375e-14
  1.18080000e-04  -1.31472700e-03   2.23375821e-03  -1.21286527e-02  -5.10340405e-14   2.06917028e-14   9.34284253e-15
  1.18160000e-04  -1.16277062e-03   1.96603843e-03  -1.20834683e-02  -5.12048030e-14   1.85559542e-14   7.94648996e-15
  1.18240000e-04  -9.77645594e-04   1.66409223e-03  -1.20518930e-02  -5.12164827e-14   1.65516612e-14   6.44007206e-15
  1.18320000e-04  -7.64531447e-04   1.33535802e-03  -1.20366578e-02  -5.11091297e-14   1.46674250e-14   4.87351235e-15
  1.18400000e-04  -5.19614559e-04   9.68655438e-04  -1.20399790e-02  -5.08771422e-14   1.29099362e-14   3.23437307e-15
  1.18480000e-04  -2.39413515e-04   5.71486533e-04  -1.20578566e-02  -5.05362973e-14   1.12751425e-14   1.53780770e-15
  1.18560000e-04   8.45854385e-05   1.32665266e-04  -1.20918649e-02  -5.00796040e-14   9.77730648e-15  -2.43047398e-16
  1.18640000e-04   4.45612130e-04  -3.41166934e-04  -1.21507289e-02  -4.95752835e-14   8.39364419e-15  -2.05378474e-15
  1.18720000e-04   8.52785142e-04  -8.57363021e-04  -1.22242153e-02  -4.89802766e-14   7.12382946e-15  -3.91659986e-15
  1.18800000e-04   1.31323218e-03  -1.41994782e-03  -1.23235605e-02  -4.83498309e-14   5.97225727e-15  -5.84042636e-15
  1.18880000e-04   1.82349223e-03  -2.02674113e-03  -1.24386041e-02  -4.76672607e-14   4.90551505e-15  -7.78729573e-15
  1.18960000e-04   2.39502315e-03  -2.68425511e-03  -1.25788724e-02  -4.69785617e-14   3.92701708e-15  -9.78274160e-15
  1.19040000e-04   3.03379490e-03  -3.39851259e-03  -1.27476479e-02  -4.63074347e-14   3.01769450e-15  -1.18251565e-14
  1.19120000e-04   3.74219921e-03  -4.17110587e-03  -1.29424259e-02  -4.56661467e-14   2.14508940e-15  -1.38953249e-14
  1.19200000e-04   4.53024609e-03  -5.00630353e-03  -1.31629625e-02  -4.50713071e-14   1.28954733e-15  -1.60024749e-14
  1.19280000e-04   5.40672121e-03  -5.92152539e-03  -1.34237865e-02  -4.45774576e-14   4.09222199e-16  -1.81350549e-14
  1.19360000e-04   6.37329911e-03  -6.90336845e-03  -1.37200221e-02  -4.42247691e-14  -5.51614031e-16  -2.02659796e-14
  1.19440000e-04   7.45287566e-03  -7.98218447e-03  -1.40647523e-02  -4.40392618e-14  -1.63157217e-15  -2.24103223e-14
  1.19520000e-04   8.64400861e-03  -9.15695868e-03  -1.44677509e-02  -4.41001080e-14  -2.93473462e-15  -2.44909159e-14
  1.19600000e-04   9.97306519e-03  -1.04380991e-02  -1.49234209e-02  -4.43949817e-14  -4.50381132e-15  -2.65182374e-14
  1.19680000e-04   1.14512893e-02  -1.18467148e-02  -1.54524383e-02  -4.50021381e-14  -6.46808035e-15  -2.83907945e-14
  1.19760000e-04   1.30826696e-02  -1.33814834e-02  -1.60871617e-02  -4.60774378e-14  -9.01240081e-15  -2.99752444e-14
  1.19840000e-04   1.49075281e-02  -1.50802314e-02  -1.68066139e-02  -4.74658381e-14  -1.21865773e-14  -3.11676053e-14
  1.19920000e-04   1.69254130e-02  -1.69461172e-02  -1.76660000e-02  -4.93561084e-14  -1.62612549e-14  -3.16884065e-14
  1.20000000e-04   1.92006915e-02  -1.90426317e-02  -1.86647485e-02  -5.15634800e-14  -2.13110907e-14  -3.13015322e-14
  1.20080000e-04   2.17329574e-02  -2.13729480e-02  -1.98593374e-02  -5.41290501e-14  -2.76164661e-14  -2.95145317e-14
  1.20160000e-04   2.45393946e-02  -2.39641098e-02  -2.12474351e-02  -5.66821419e-14  -3.52214141e-14  -2.57393708e-14
  1.20240000e-04   2.76813026e-02  -2.68929343e-02  -2.28827512e-02  -5.88165711e-14  -4.41367604e-14  -1.92788137e-14
  1.20320000e-04   3.11940724e-02  -3.02084101e-02  -2.47762907e-02  -5.97061304e-14  -5.40345704e-14  -9.29028870e-15
  1.20400000e-04   3.50974283e-02  -3.39771846e-02  -2.69379276e-02  -5.81462022e-14  -6.41520431e-14   5.15717644e-15
  1.20480000e-04   3.94787274e-02  -3.82972978e-02  -2.93073732e-02  -5.22817935e-14  -7.27334997e-14   2.46176217e-14
  1.20560000e-04   4.43999413e-02  -4.33194986e-02  -3.18519066e-02  -3.99923810e-14  -7.71657836e-14   4.92003102e-14
  1.20640000e-04   4.98703302e-02  -4.90738240e-02  -3.43231281e-02  -1.87201607e-14  -7.29379721e-14   7.70840176e-14
  1.20720000e-04   5.60595472e-02  -5.58085638e-02  -3.64971761e-02   1.33825160e-14  -5.45862167e-14   1.04024381e-13
  1.20800000e-04   6.30149424e-02  -6.35514973e-02  -3.78420352e-02   5.63794451e-14  -1.61046891e-14   1.20929664e-13
  1.20880000e-04   7.09683605e-02  -7.24653609e-02  -3.79716444e-02   1.06280161e-13   4.44458679e-14   1.13815006e-13
  1.20960000e-04   8.00572529e-02  -8.24844451e-02  -3.63798463e-02   1.53264408e-13   1.20202031e-13   6.47372058e-14
  1.21040000e-04   9.04357319e-02  -9.32966136e-02  -3.30002904e-02   1.78978450e-13   1.87998987e-13  -4.10184808e-14
  1.21120000e-04   1.02608506e-01  -1.04936776e-01  -2.85984633e-02   1.57401501e-13   2.08082536e-13  -1.98779131e-13
  1.21200000e-04   1.16794776e-01  -1.17171273e-01  -2.53489715e-02   5.57149541e-14   1.33934496e-13  -3.62383924e-13
  1.21280000e-04   1.33291658e-01  -1.30327692e-01  -2.62979982e-02  -1.38259914e-13  -5.55096040e-14  -4.25677062e-13
  1.21360000e-04   1.51656919e-01  -1.45271516e-01  -3.48016696e-02  -3.55324916e-13  -3.12903170e-13  -2.42274704e-13
  1.21440000e-04   1.70947419e-01  -1.63554172e-01  -5.04552757e-02  -3.77558216e-13  -4.69524182e-13   2.42789996e-13
  1.21520000e-04   1.90710740e-01  -1.86856654e-01  -6.41527841e-02   1.75465166e-14  -2.33309399e-13   7.31717623e-13
  1.21600000e-04   2.12955978e-01  -2.15137932e-01  -6.02046335e-02   5.96505642e-13   4.47447596e-13   5.11031964e-13
  1.21680000e-04   2.41634243e-01  -2.43894232e-01  -3.85703275e-02   5.85555417e-13   6.84775424e-13  -6.61714271e-13
  1.21760000e-04   2.76994437e-01  -2.69325544e-01  -3.33223089e-02  -4.67436063e-13  -3.36045570e-13  -1.16953279e-12
  1.21840000e-04   3.11845641e-01  -2.99355570e-01  -6.96734213e-02  -8.91768032e-13  -1.09306652e-12   7.05026048e-13
  1.21920000e-04   3.41774976e-01  -3.41993529e-01  -8.27859744e-02   9.87183768e-13   6.46871118e-13   1.40324461e-12
  1.22000000e-04   3.82542227e-01  -3.80996176e-01  -3.66628171e-02   6.23955783e-13   8.11109007e-13  -1.91856494e-12
  1.22080000e-04   4.28679599e-01  -4.11178228e-01  -7.12895361e-02  -1.69372712e-12  -1.82244085e-12   3.26580029e-13
  1.22160000e-04   4.57397538e-01  -4.58887093e-01  -9.08402880e-02   1.81875421e-12   1.49587986e-12   1.60120293e-12
  1.22240000e-04   5.02429415e-01  -4.89120776e-01  -3.83923256e-02  -9.96704360e-13  -7.94675917e-13  -2.91936175e-12
  1.22320000e-04   5.28907089e-01  -5.20460709e-01  -1.15577305e-01   5.22344901e-13  -2.40255927e-13   3.47227071e-12
  1.22400000e-04   4.58182693e-01  -4.50423013e-01  -3.51578551e-02   2.80449332e-13   5.21791937e-13  -3.03005021e-12
  1.22480000e-04   5.73142607e-01  -5.55707932e-01  -1.16615682e-01  -7.36928970e-13  -1.50404826e-12   3.54537356e-12
  1.22560000e-04   5.15893485e-01  -5.09178893e-01  -3.97878986e-02   9.87785027e-13   1.24812131e-12  -3.16491125e-12
  1.22640000e-04   5.76195931e-01  -5.51869749e-01  -1.09831826e-01  -1.55534037e-12  -2.18977549e-12   2.84334760e-12
  1.22720000e-04   5.53024197e-01  -5.47571541e-01  -4.81450824e-02   1.84533019e-12   2.08234164e-12  -2.48662519e-12
  1.22800000e-04   5.38294005e-01  -5.10635100e-01  -9.08325634e-02  -2.13974004e-12  -2.47770474e-12   1.24838234e-12
  1.22880000e-04   4.95674240e-01  -4.92461479e-01  -7.32076792e-02   2.25426617e-12   2.27520895e-12  -4.19504183e-14
  1.22960000e-04   4.69644748e-01  -4.45538099e-01  -5.11682798e-02  -1.77341988e-12  -1.70016789e-12  -1.47333000e-12
  1.23040000e-04   4.21858167e-01  -4.11846863e-01  -9.93142530e-02   7.88331784e-13   2.34361311e-13   2.37673066e-12
  1.23120000e-04   3.82273924e-01  -3.76570626e-01  -4.02103447e-02   8.54398370e-13   1.04449793e-12  -1.65910095e-12
  1.23200000e-04   3.50121169e-01  -3.30443176e-01  -5.17295000e-02  -1.25113007e-12  -1.23791765e-12  -5.60331798e-13
  1.23280000e-04   3.07430489e-01  -2.96927565e-01  -8.34069773e-02   1.11364910e-13  -3.09955988e-13   1.51391945e-12
  1.23360000e-04   2.70295698e-01  -2.69383379e-01  -5.70079312e-02   9.32169257e-13   9.06893032e-13   1.34357275e-13
  1.23440000e-04   2.42754501e-01  -2.36780853e-01  -3.08569415e-02   1.32122883e-13   2.71310295e-13  -1.04247722e-12
  1.23520000e-04   2.18629696e-01  -2.06054556e-01  -3.70182181e-02  -5.60355201e-13  -4.96756146e-13  -5.44364945e-13
  1.23600000e-04   1.93123254e-01  -1.81471977e-01  -5.43047735e-02  -4.09646280e-13  -5.32377426e-13   3.22243514e-13
  1.23680000e-04   1.67660407e-01  -1.61487783e-01  -6.00090846e-02   7.53994451e-14  -1.44890651e-13   6.00568597e-13
  1.23760000e-04   1.46204344e-01  -1.44633987e-01  -5.24736545e-02   3.33964053e-13   2.05254291e-13   3.64759209e-13
  1.23840000e-04   1.28970426e-01  -1.28936655e-01  -4.00582208e-02   3.16285839e-13   3.12590428e-13   1.21611737e-14
  1.23920000e-04   1.14940297e-01  -1.14044427e-01  -2.98912528e-02   1.76925553e-13   2.36260555e-13  -2.21078862e-13
  1.24000000e-04   1.03009922e-01  -1.00283720e-01  -2.44586389e-02   3.14929070e-14   1.04694380e-13  -2.96625663e-13
  1.24080000e-04   9.25345900e-02  -8.81140907e-02  -2.30737740e-02  -7.09274596e-14  -4.90915704e-15  -2.65698949e-13
  1.24160000e-04   8.30671002e-02  -7.75919411e-02  -2.41228318e-02  -1.21236165e-13  -7.11230345e-14  -1.88707630e-13
  1.24240000e-04   7.42581897e-02  -6.84259774e-02  -2.62913924e-02  -1.28582725e-13  -9.86483020e-14  -1.06430799e-13
  1.24320000e-04   6.61067349e-02  -6.04801395e-02  -2.84682947e-02  -1.09020206e-13  -1.00516994e-13  -3.96120684e-14
  1.24400000e-04   5.85698978e-02  -5.35011291e-02  -3.00801131e-02  -7.72229434e-14  -8.77406967e-14   5.69434149e-15
  1.24480000e-04   5.17277298e-02  -4.73800987e-02  -3.10117677e-02  -4.37379952e-14  -6.81082609e-14   3.11013850e-14
  1.24560000e-04   4.55146679e-02  -4.19113852e-02  -3.12870731e-02  -1.43377251e-14  -4.64300058e-14   4.13387682e-14
  1.24640000e-04   3.99647472e-02  -3.70468668e-02  -3.09477326e-02   8.12693649e-15  -2.59554554e-14   4.15655415e-14
  1.24720000e-04   3.50775834e-02  -3.27508618e-02  -3.01871442e-02   2.34950533e-14  -8.11137217e-15   3.61015971e-14
  1.24800000e-04   3.07355241e-02  -2.88770809e-02  -2.91495482e-02   3.29537362e-14   6.76449443e-15   2.80454261e-14
  1.24880000e-04   2.69455449e-02  -2.54517060e-02  -2.79351328e-02   3.76215179e-14   1.85224318e-14   1.94130027e-14
  1.24960000e-04   2.35711629e-02  -2.23561164e-02  -2.67020908e-02   3.92291876e-14   2.78712896e-14   1.12943881e-14
  1.25040000e-04   2.06111430e-02  -1.95931073e-02  -2.54270928e-02   3.85112408e-14   3.48944115e-14   4.32887638e-15
  1.25120000e-04   1.79980529e-02  -1.71219838e-02  -2.41816478e-02   3.64331438e-14   4.01640134e-14  -1.32174368e-15
  1.25200000e-04   1.56744309e-02  -1.48985099e-02  -2.30228768e-02   3.37174665e-14   4.42169395e-14  -5.65804235e-15
  1.25280000e-04   1.36229328e-02  -1.29152384e-02  -2.19434667e-02   3.06587560e-14   4.72740936e-14  -8.79049883e-15
  1.25360000e-04   1.17732671e-02  -1.11233123e-02  -2.09468783e-02   2.75512891e-14   4.96701162e-14  -1.08907650e-14
  1.25440000e-04   1.01439055e-02  -9.53892760e-03  -2.00293608e-02   2.44476061e-14   5.14831577e-14  -1.21371775e-14
  1.25520000e-04   8.67872681e-03  -8.11443353e-03  -1.91949417e-02   2.15009268e-14   5.29483490e-14  -1.26619394e-14
  1.25600000e-04   7.35622755e-03  -6.83500226e-03  -1.84440685e-02   1.87421908e-14   5.41892400e-14  -1.26063161e-14
  1.25680000e-04   6.17507541e-03  -5.70003156e-03  -1.77643337e-02   1.61210028e-14   5.52102128e-14  -1.21114336e-14
  1.25760000e-04   5.10781716e-03  -4.68508691e-03  -1.71506225e-02   1.36468628e-14   5.60872984e-14  -1.12572116e-14
  1.25840000e-04   4.13492919e-03  -3.77243633e-03  -1.65974165e-02   1.13105623e-14   5.68645248e-14  -1.01069600e-14
  1.25920000e-04   3.26056588e-03  -2.95699577e-03  -1.60952568e-02   9.06723343e-15   5.75047836e-14  -8.72785638e-15
  1.26000000e-04   2.46615216e-03  -2.23565346e-03  -1.56547857e-02   6.88808264e-15   5.81010061e-14  -7.21227730e-15
  1.26080000e-04   1.74329016e-03  -1.59300496e-03  -1.52519775e-02   4.74689534e-15   5.85755571e-14  -5.57540404e-15
  1.26160000e-04   1.08605116e-03  -1.02688701e-03  -1.48988779e-02   2.61836740e-15   5.89898740e-14  -3.87493976e-15
  1.26240000e-04   4.90565360e-04  -5.20701911e-04  -1.45797517e-02   5.01411148e-16   5.92839691e-14  -2.10039936e-15
  1.26320000e-04  -4.86462753e-05  -8.20288900e-05  -1.43004402e-02  -1.65222407e-15   5.94897833e-14  -3.35619483e-16
  1.26400000e-04  -5.45074040e-04   3.11831591e-04  -1.40504205e-02  -3.81123805e-15   5.95924479e-14   1.47043391e-15
  1.26480000e-04  -9.92753743e-04   6.50018578e-04  -1.38320125e-02  -6.02641319e-15   5.95794937e-14   3.23239457e-15
  1.26560000e-04  -1.40031626e-03   9.44166072e-04  -1.36444106e-02  -8.28862159e-15   5.94634956e-14   4.96541101e-15
  1.26640000e-04  -1.76657355e-03   1.19932799e-03  -1.34842669e-02  -1.06007041e-14   5.92216364e-14   6.65613418e-15
  1.26720000e-04  -2.09880858e-03   1.41859534e-03  -1.33501277e-02  -1.29674732e-14   5.88605550e-14   8.29322054e-15
  1.26800000e-04  -2.39826783e-03   1.60318087e-03  -1.32409125e-02  -1.53973946e-14   5.83735614e-14   9.85660569e-15
  1.26880000e-04  -2.66474051e-03   1.75949608e-03  -1.31537119e-02  -1.78795393e-14   5.77432235e-14   1.13460983e-14
  1.26960000e-04  -2.90611636e-03   1.88511843e-03  -1.30892625e-02  -2.04286682e-14   5.69870713e-14   1.27429230e-14
  1.27040000e-04  -3.11849794e-03   1.98729431e-03  -1.30454832e-02  -2.30286654e-14   5.60826742e-14   1.40483585e-14
  1.27120000e-04  -3.30559426e-03   2.06643776e-03  -1.30235015e-02  -2.56854701e-14   5.50383230e-14   1.52523506e-14
  1.27200000e-04  -3.46852742e-03   2.12343600e-03  -1.30193790e-02  -2.83901902e-14   5.38377341e-14   1.63443384e-14
  1.27280000e-04  -3.62027117e-03   2.16710202e-03  -1.30325437e-02  -3.11221977e-14   5.25028799e-14   1.73757248e-14
  1.27360000e-04  -3.74497944e-03   2.19353046e-03  -1.30617418e-02  -3.38854656e-14   5.09903493e-14   1.82785160e-14
  1.27440000e-04  -3.86219107e-03   2.20507417e-03  -1.31062864e-02  -3.66699902e-14   4.93348159e-14   1.91063607e-14
  1.27520000e-04  -3.95934282e-03   2.20546677e-03  -1.31646045e-02  -3.94595247e-14   4.75008378e-14   1.98255334e-14
  1.27600000e-04  -4.04934405e-03   2.19610383e-03  -1.32379498e-02  -4.22506335e-14   4.55130294e-14   2.04743705e-14
  1.27680000e-04  -4.12758461e-03   2.18009326e-03  -1.33240403e-02  -4.50243150e-14   4.33501735e-14   2.10408468e-14
  1.27760000e-04  -4.20341726e-03   2.15920419e-03  -1.34218199e-02  -4.77669455e-14   4.10210670e-14   2.15587204e-14
  1.27840000e-04  -4.27404444e-03   2.13287870e-03  -1.35335145e-02  -5.04810782e-14   3.85194406e-14   2.20131781e-14
  1.27920000e-04  -4.33318424e-03   2.09597281e-03  -1.36546680e-02  -5.31474853e-14   3.58191426e-14   2.23640585e-14
  1.28000000e-04  -4.39877873e-03   2.06123620e-03  -1.37845820e-02  -5.57319902e-14   3.29426183e-14   2.27105334e-14
  1.28080000e-04  -4.46869151e-03   2.02295267e-03  -1.39220627e-02  -5.82268799e-14   2.98778854e-14   2.30310349e-14
  1.28160000e-04  -4.52992564e-03   1.98126811e-03  -1.40705105e-02  -6.06335051e-14   2.66089259e-14   2.32674348e-14
  1.28240000e-04  -4.59617118e-03   1.93898482e-03  -1.42255654e-02  -6.29141808e-14   2.31439386e-14   2.34816740e-14
  1.28320000e-04  -4.66719102e-03   1.89927296e-03  -1.43880200e-02  -6.50535709e-14   1.94810566e-14   2.36736734e-14
  1.28400000e-04  -4.74570381e-03   1.85665686e-03  -1.45575621e-02  -6.70403439e-14   1.56201011e-14   2.38470411e-14
  1.28480000e-04  -4.82929122e-03   1.81343249e-03  -1.47327533e-02  -6.88475054e-14   1.15560980e-14   2.39901429e-14
  1.28560000e-04  -4.92860837e-03   1.77252442e-03  -1.49155157e-02  -7.04628586e-14   7.29967655e-15   2.41508706e-14
  1.28640000e-04  -5.03442094e-03   1.73295378e-03  -1.51016850e-02  -7.18481594e-14   2.84231019e-15   2.42780505e-14
  1.28720000e-04  -5.14791834e-03   1.69567739e-03  -1.53009864e-02  -7.30294455e-14  -1.81320592e-15   2.43693446e-14
  1.28800000e-04  -5.27889250e-03   1.65926035e-03  -1.55036851e-02  -7.39391875e-14  -6.65713024e-15   2.44632878e-14
  1.28880000e-04  -5.42529273e-03   1.61956065e-03  -1.57122235e-02  -7.45683798e-14  -1.16862100e-14   2.45432330e-14
  1.28960000e-04  -5.58831923e-03   1.58532198e-03  -1.59284815e-02  -7.48984544e-14  -1.68953185e-14   2.45956874e-14
  1.29040000e-04  -5.77200635e-03   1.55652032e-03  -1.61561917e-02  -7.49228226e-14  -2.22825750e-14   2.46203891e-14
  1.29120000e-04  -5.96778216e-03   1.52471763e-03  -1.64008177e-02  -7.46411080e-14  -2.78548495e-14   2.45701831e-14
  1.29200000e-04  -6.18425981e-03   1.49530833e-03  -1.66549126e-02  -7.39873720e-14  -3.35905220e-14   2.44569848e-14
  1.29280000e-04  -6.42402398e-03   1.46838818e-03  -1.69353754e-02  -7.30034560e-14  -3.95169895e-14   2.42657550e-14
  1.29360000e-04  -6.67745438e-03   1.44082344e-03  -1.72403718e-02  -7.16397519e-14  -4.56269932e-14   2.39339812e-14
  1.29440000e-04  -6.96815185e-03   1.41714431e-03  -1.75682136e-02  -6.98442076e-14  -5.19106536e-14   2.35152058e-14
  1.29520000e-04  -7.27819157e-03   1.39836509e-03  -1.79347864e-02  -6.76275175e-14  -5.84002807e-14   2.28907724e-14
  1.29600000e-04  -7.61139184e-03   1.38059592e-03  -1.83417899e-02  -6.49291614e-14  -6.50905794e-14   2.20446043e-14
  1.29680000e-04  -7.97153400e-03   1.36674579e-03  -1.87980530e-02  -6.17036704e-14  -7.19946288e-14   2.09316651e-14
  1.29760000e-04  -8.36373362e-03   1.35833533e-03  -1.93152733e-02  -5.78956406e-14  -7.91325772e-14   1.95045202e-14
  1.29840000e-04  -8.80098926e-03   1.35869435e-03  -1.98889350e-02  -5.33835588e-14  -8.64569772e-14   1.77163594e-14
  1.29920000e-04  -9.27148773e-03   1.36758166e-03  -2.05435064e-02  -4.81053788e-14  -9.40026379e-14   1.54526759e-14
  1.30000000e-04  -9.80032305e-03   1.39148309e-03  -2.12781460e-02  -4.19070910e-14  -1.01702672e-13   1.26507959e-14
  1.30080000e-04  -1.03784637e-02   1.43066768e-03  -2.21001056e-02  -3.46358648e-14  -1.09461595e-13   9.17931821e-15
  1.30160000e-04  -1.10190640e-02   1.48927717e-03  -2.30124526e-02  -2.61158205e-14  -1.17132449e-13   4.92469083e-15
  1.30240000e-04  -1.17311006e-02   1.57564688e-03  -2.40288230e-02  -1.61724224e-14  -1.24552032e-13  -2.71744757e-16
  1.30320000e-04  -1.25280062e-02   1.69494031e-03  -2.51366899e-02  -4.60391406e-15  -1.31355940e-13  -6.56262274e-15
  1.30400000e-04  -1.34037828e-02   1.85433869e-03  -2.63280214e-02   8.73773801e-15  -1.37087139e-13  -1.41037840e-14
  1.30480000e-04  -1.43732675e-02   2.06251435e-03  -2.75887442e-02   2.39367836e-14  -1.41172522e-13  -2.30246125e-14
  1.30560000e-04  -1.54257215e-02   2.33394396e-03  -2.88832883e-02   4.09309890e-14  -1.42821601e-13  -3.34008940e-14
  1.30640000e-04  -1.65572529e-02   2.66920944e-03  -3.01725209e-02   5.94766653e-14  -1.41177275e-13  -4.51272172e-14
  1.30720000e-04  -1.77370859e-02   3.08404817e-03  -3.14011230e-02   7.90537771e-14  -1.35317885e-13  -5.79441225e-14
  1.30800000e-04  -1.89411943e-02   3.58713754e-03  -3.24743705e-02   9.87612392e-14  -1.24323951e-13  -7.13369619e-14
  1.30880000e-04  -2.01102606e-02   4.16397145e-03  -3.33262224e-02   1.17483482e-13  -1.07743739e-13  -8.43559544e-14
  1.30960000e-04  -2.11920912e-02   4.80236305e-03  -3.38903813e-02   1.33930562e-13  -8.56425795e-14  -9.58842984e-14
  1.31040000e-04  -2.21446962e-02   5.48102690e-03  -3.40990032e-02   1.46774702e-13  -5.87083445e-14  -1.04755649e-13
  1.31120000e-04  -2.28716934e-02   6.16492975e-03  -3.38975523e-02   1.54883264e-13  -2.83927691e-14  -1.09668153e-13
  1.31200000e-04  -2.33940889e-02   6.82202244e-03  -3.33034222e-02   1.57772135e-13   3.34621081e-15  -1.10142057e-13
  1.31280000e-04  -2.36794413e-02   7.40730083e-03  -3.23516910e-02   1.55456951e-13   3.43478454e-14  -1.05920550e-13
  1.31360000e-04  -2.37219756e-02   7.90414843e-03  -3.11026157e-02   1.48529803e-13   6.26416157e-14  -9.73645354e-14
  1.31440000e-04  -2.35623342e-02   8.27643704e-03  -2.96433230e-02   1.37932184e-13   8.68365001e-14  -8.53921608e-14
  1.31520000e-04  -2.32447028e-02   8.52841993e-03  -2.80649161e-02   1.24833671e-13   1.06189058e-13  -7.11242715e-14
  1.31600000e-04  -2.28250260e-02   8.67571800e-03  -2.64268933e-02   1.10290892e-13   1.20582296e-13  -5.56726236e-14
  1.31680000e-04  -2.23629019e-02   8.72469805e-03  -2.48055559e-02   9.52463779e-14   1.30412020e-13  -3.99982935e-14
  1.31760000e-04  -2.18389781e-02   8.67461602e-03  -2.32509915e-02   8.03249098e-14   1.36063350e-13  -2.46835334e-14
  1.31840000e-04  -2.13013549e-02   8.54804158e-03  -2.18018872e-02   6.60184594e-14   1.38313856e-13  -1.02729659e-14
  1.31920000e-04  -2.07592632e-02   8.35457534e-03  -2.04608699e-02   5.25502095e-14   1.37770564e-13   2.93784799e-15
  1.32000000e-04  -2.02477077e-02   8.11887298e-03  -1.92438470e-02   4.01095886e-14   1.35160268e-13   1.48214556e-14
  1.32080000e-04  -1.97692127e-02   7.84872113e-03  -1.81481540e-02   2.87147239e-14   1.30976124e-13   2.53649812e-14
  1.32160000e-04  -1.92912997e-02   7.54256231e-03  -1.71589639e-02   1.83160073e-14   1.25469389e-13   3.45604256e-14
  1.32240000e-04  -1.88509113e-02   7.21836515e-03  -1.62860665e-02   8.90236424e-15   1.19166120e-13   4.25128371e-14
  1.32320000e-04  -1.84497698e-02   6.88675495e-03  -1.55212790e-02   4.12096924e-16   1.12331117e-13   4.93512026e-14
  1.32400000e-04  -1.80735129e-02   6.53924146e-03  -1.48469374e-02  -7.26660829e-15   1.05083845e-13   5.51293345e-14
  1.32480000e-04  -1.77216849e-02   6.19089882e-03  -1.42592750e-02  -1.41709934e-14   9.75933994e-14   5.99837466e-14
  1.32560000e-04  -1.73868506e-02   5.83278594e-03  -1.37517606e-02  -2.04072529e-14   8.99610087e-14   6.39584407e-14
  1.32640000e-04  -1.70936796e-02   5.48357388e-03  -1.33147596e-02  -2.59851637e-14   8.23321215e-14   6.72679309e-14
  1.32720000e-04  -1.68263916e-02   5.13629365e-03  -1.29457169e-02  -3.10014448e-14   7.47263864e-14   6.99427554e-14
  1.32800000e-04  -1.65799057e-02   4.79159048e-03  -1.26407702e-02  -3.55133333e-14   6.71784801e-14   7.20446194e-14
  1.32880000e-04  -1.63444747e-02   4.44411763e-03  -1.23883698e-02  -3.95517840e-14   5.96809200e-14   7.35917785e-14
  1.32960000e-04  -1.61376008e-02   4.11098920e-03  -1.21897484e-02  -4.31451173e-14   5.22964392e-14   7.47553392e-14
  1.33040000e-04  -1.59477931e-02   3.78120235e-03  -1.20389725e-02  -4.63374839e-14   4.50058428e-14   7.55178074e-14
  1.33120000e-04  -1.57740200e-02   3.45670894e-03  -1.19304367e-02  -4.91410013e-14   3.78058771e-14   7.59263950e-14
  1.33200000e-04  -1.56219586e-02   3.14007439e-03  -1.18665869e-02  -5.15978049e-14   3.07067528e-14   7.60522187e-14
  1.33280000e-04  -1.54902876e-02   2.82971466e-03  -1.18436150e-02  -5.37206863e-14   2.36908353e-14   7.59216831e-14
  1.33360000e-04  -1.53752476e-02   2.52698419e-03  -1.18578115e-02  -5.55133196e-14   1.67411195e-14   7.55481378e-14
  1.33440000e-04  -1.52745565e-02   2.23053290e-03  -1.19086272e-02  -5.69885357e-14   9.84749043e-15   7.49406081e-14
  1.33520000e-04  -1.51951070e-02   1.94085600e-03  -1.19945222e-02  -5.81486614e-14   2.99342444e-15   7.41492594e-14
  1.33600000e-04  -1.51289107e-02   1.65864519e-03  -1.21212410e-02  -5.90259666e-14  -3.82738641e-15   7.31484756e-14
  1.33680000e-04  -1.50825280e-02   1.38561437e-03  -1.22811113e-02  -5.95851408e-14  -1.06433798e-14   7.19761356e-14
  1.33760000e-04  -1.50570168e-02   1.11616699e-03  -1.24733599e-02  -5.98093960e-14  -1.74711961e-14   7.06345615e-14
  1.33840000e-04  -1.50485962e-02   8.55766422e-04  -1.27018041e-02  -5.97108558e-14  -2.43183980e-14   6.91046467e-14
  1.33920000e-04  -1.50484925e-02   6.04257493e-04  -1.29679074e-02  -5.92794076e-14  -3.11780343e-14   6.73374765e-14
  1.34000000e-04  -1.50579764e-02   3.56488044e-04  -1.32702192e-02  -5.84747865e-14  -3.80525408e-14   6.53302454e-14
  1.34080000e-04  -1.50879192e-02   1.19072214e-04  -1.36139722e-02  -5.73037285e-14  -4.49696033e-14   6.31145256e-14
  1.34160000e-04  -1.51160049e-02  -1.11036482e-04  -1.39907147e-02  -5.56902443e-14  -5.18623826e-14   6.05810814e-14
  1.34240000e-04  -1.51772584e-02  -3.33458925e-04  -1.44134325e-02  -5.36470658e-14  -5.88213588e-14   5.78508893e-14
  1.34320000e-04  -1.52344271e-02  -5.41087784e-04  -1.48789762e-02  -5.11335534e-14  -6.57249913e-14   5.47452572e-14
  1.34400000e-04  -1.53117090e-02  -7.43301811e-04  -1.53980386e-02  -4.81063393e-14  -7.26275899e-14   5.13425447e-14
  1.34480000e-04  -1.53829020e-02  -9.28478685e-04  -1.59695458e-02  -4.45345069e-14  -7.94055416e-14   4.75152091e-14
  1.34560000e-04  -1.54585245e-02  -1.10317270e-03  -1.65961717e-02  -4.03385627e-14  -8.60400460e-14   4.32926159e-14
  1.34640000e-04  -1.55202625e-02  -1.25994042e-03  -1.72824605e-02  -3.54856931e-14  -9.23988251e-14   3.86035476e-14
  1.34720000e-04  -1.55766613e-02  -1.39660914e-03  -1.80350469e-02  -2.99251824e-14  -9.84359086e-14   3.34687746e-14
  1.34800000e-04  -1.56186892e-02  -1.51661364e-03  -1.88633694e-02  -2.35784188e-14  -1.04026349e-13   2.78864164e-14
  1.34880000e-04  -1.56268724e-02  -1.60770602e-03  -1.97531905e-02  -1.63935255e-14  -1.08928503e-13   2.18346773e-14
  1.34960000e-04  -1.55867918e-02  -1.67064703e-03  -2.07252490e-02  -8.33263637e-15  -1.12965647e-13   1.53727847e-14
  1.35040000e-04  -1.55062872e-02  -1.70540089e-03  -2.17857114e-02   6.63088678e-16  -1.16007759e-13   8.60920663e-15
  1.35120000e-04  -1.53626363e-02  -1.70672147e-03  -2.29081295e-02   1.06206968e-14  -1.17699649e-13   1.64651665e-15
  1.35200000e-04  -1.51552837e-02  -1.67132217e-03  -2.41159543e-02   2.15190496e-14  -1.17875171e-13  -5.35412841e-15
  1.35280000e-04  -1.48207676e-02  -1.59661325e-03  -2.53925830e-02   3.32875581e-14  -1.15999494e-13  -1.21350724e-14
  1.35360000e-04  -1.43763392e-02  -1.48229337e-03  -2.67018743e-02   4.57428082e-14  -1.11868216e-13  -1.84179060e-14
  1.35440000e-04  -1.38142816e-02  -1.33758580e-03  -2.80372016e-02   5.86731530e-14  -1.05263747e-13  -2.38871259e-14
  1.35520000e-04  -1.31211654e-02  -1.16603773e-03  -2.93617416e-02   7.16900276e-14  -9.59515582e-14  -2.82263083e-14
  1.35600000e-04  -1.22448275e-02  -9.69288718e-04  -3.06246514e-02   8.42167587e-14  -8.36404208e-14  -3.10255930e-14
  1.35680000e-04  -1.11672063e-02  -7.58986329e-04  -3.17947831e-02   9.56481628e-14  -6.83719037e-14  -3.19621437e-14
  1.35760000e-04  -9.92937661e-03  -5.50542320e-04  -3.27810281e-02   1.05148232e-13  -5.05532006e-14  -3.10003920e-14
  1.35840000e-04  -8.52024397e-03  -3.63432575e-04  -3.35534526e-02   1.12074611e-13  -3.06505041e-14  -2.81271691e-14
  1.35920000e-04  -6.96795038e-03  -2.03132605e-04  -3.40552388e-02   1.15756239e-13  -9.43852752e-15  -2.36282723e-14
  1.36000000e-04  -5.32744016e-03  -8.12922626e-05  -3.42497400e-02   1.15805933e-13   1.20771748e-14  -1.80419168e-14
  1.36080000e-04  -3.66297788e-03  -7.79014916e-06  -3.40902162e-02   1.12076891e-13   3.27880481e-14  -1.20501025e-14
  1.36160000e-04  -1.99174131e-03   1.71941559e-05  -3.36109070e-02   1.04940096e-13   5.18796063e-14  -6.19208218e-15
  1.36240000e-04  -3.61518883e-04  -3.04660470e-06  -3.28197261e-02   9.49333628e-14   6.85531538e-14  -1.05208245e-15
  1.36320000e-04   1.13803527e-03  -5.73272654e-05  -3.17560244e-02   8.28384312e-14   8.21238079e-14   2.82041360e-15
  1.36400000e-04   2.50352169e-03  -1.31596254e-04  -3.04675135e-02   6.95135130e-14   9.24403372e-14   5.31266806e-15
  1.36480000e-04   3.67176303e-03  -2.18731039e-04  -2.90146936e-02   5.58241134e-14   9.93975334e-14   6.31513098e-15
  1.36560000e-04   4.64635083e-03  -3.00011991e-04  -2.74428971e-02   4.24429341e-14   1.03244030e-13   6.05731655e-15
  1.36640000e-04   5.41044382e-03  -3.72790119e-04  -2.58081553e-02   2.99488083e-14   1.04314611e-13   4.77170439e-15
  1.36720000e-04   5.97883406e-03  -4.27945515e-04  -2.41541300e-02   1.86949681e-14   1.03086108e-13   2.80113067e-15
  1.36800000e-04   6.32316031e-03  -4.63464934e-04  -2.25142855e-02   8.88650495e-15   9.98821326e-14   4.39673263e-16
  1.36880000e-04   6.51190867e-03  -4.77102485e-04  -2.09127063e-02   5.83902956e-16   9.53234673e-14  -1.99289082e-15
  1.36960000e-04   6.53683284e-03  -4.70861704e-04  -1.93724234e-02  -6.23936221e-15   8.97390402e-14  -4.28652335e-15
  1.37040000e-04   6.42182822e-03  -4.47702360e-04  -1.78990911e-02  -1.16731373e-14   8.34705841e-14  -6.27589743e-15
  1.37120000e-04   6.17876261e-03  -4.09146212e-04  -1.65012023e-02  -1.58521033e-14   7.67873374e-14  -7.83964885e-15
  1.37200000e-04   5.82791128e-03  -3.59452838e-04  -1.51768765e-02  -1.89137765e-14   6.99108117e-14  -8.91866329e-15
  1.37280000e-04   5.38466133e-03  -3.03605436e-04  -1.39245202e-02  -2.09962101e-14   6.30086561e-14  -9.49312787e-15
  1.37360000e-04   4.85628501e-03  -2.44009578e-04  -1.27388723e-02  -2.22365942e-14   5.61761737e-14  -9.55302488e-15
  1.37440000e-04   4.25570993e-03  -1.84572425e-04  -1.16139769e-02  -2.27536820e-14   4.94970322e-14  -9.12425250e-15
  1.37520000e-04   3.60005010e-03  -1.27634318e-04  -1.05422537e-02  -2.26550873e-14   4.30390535e-14  -8.25750470e-15
  1.37600000e-04   2.88593181e-03  -7.77950981e-05  -9.50642362e-03  -2.20029978e-14   3.67563345e-14  -6.98039732e-15
  1.37680000e-04   2.13260977e-03  -3.42632060e-05  -8.50356385e-03  -2.08933639e-14   3.07031065e-14  -5.36356047e-15
  1.37760000e-04   1.34744878e-03  -2.16281147e-06  -7.51626621e-03  -1.93553870e-14   2.48412660e-14  -3.47700824e-15
  1.37840000e-04   5.15279712e-04   1.83522156e-05  -6.54714278e-03  -1.74739374e-14   1.91073877e-14  -1.32169144e-15
  1.37920000e-04  -3.37354058e-04   2.69099446e-05  -5.57378408e-03  -1.52592607e-14   1.34920756e-14   9.88707927e-16
  1.38000000e-04  -1.21672001e-03   2.21453861e-05  -4.58792694e-03  -1.27484958e-14   7.91537194e-15   3.41911261e-15
  1.38080000e-04  -2.11746393e-03   1.09912245e-06  -3.57418638e-03  -9.95118142e-15   2.30935560e-15   5.89611278e-15
  1.38160000e-04  -3.02603992e-03  -3.33951428e-05  -2.52713307e-03  -6.92247504e-15  -3.34777415e-15   8.33335036e-15
  1.38240000e-04  -3.94320288e-03  -8.48950476e-05  -1.42768404e-03  -3.66372913e-15  -9.16137938e-15   1.06638321e-14
  1.38320000e-04  -3.60798952e-03  -1.48335828e-04  -2.67767112e-04  -2.43103539e-16  -1.10964479e-14   9.42279950e-15
  1.38400000e-04   9.42123664e-04  -9.24206370e-05  -1.14143396e-03  -2.78381924e-15   5.87362856e-15  -2.77330673e-15
  1.38480000e-04   2.03780548e-03  -2.21605817e-05  -2.65078086e-03  -7.19051506e-15   1.30667735e-14  -5.63699493e-15
  1.38560000e-04   3.06720077e-03   6.25330694e-05  -4.17830775e-03  -1.19138834e-14   1.98901131e-14  -8.44803316e-15
  1.38640000e-04   4.00261829e-03   1.48898225e-04  -5.73590292e-03  -1.70608646e-14   2.61649837e-14  -1.12261679e-14
  1.38720000e-04   4.82120968e-03   2.46611148e-04  -7.32616725e-03  -2.27733851e-14   3.17009217e-14  -1.39196200e-14
  1.38800000e-04   5.49570594e-03   3.44077543e-04  -8.88307388e-03  -2.88922498e-14   3.61405574e-14  -1.64749451e-14
  1.38880000e-04   5.98835662e-03   4.41828731e-04  -1.04336189e-02  -3.55352990e-14   3.93195221e-14  -1.87303706e-14
  1.38960000e-04   6.32451864e-03   5.31189684e-04  -1.18946211e-02  -4.23912247e-14   4.10583569e-14  -2.07063607e-14
  1.39040000e-04   6.48606520e-03   6.01503267e-04  -1.32633852e-02  -4.93447489e-14   4.12553738e-14  -2.22596277e-14
  1.39120000e-04   6.51170918e-03   6.65909101e-04  -1.44818570e-02  -5.61049919e-14   3.99202289e-14  -2.33917615e-14
  1.39200000e-04   6.38004763e-03   7.10325691e-04  -1.56038746e-02  -6.26763572e-14   3.71218134e-14  -2.39369757e-14
  1.39280000e-04   6.14167403e-03   7.46154947e-04  -1.64735163e-02  -6.83081134e-14   3.28949709e-14  -2.39767524e-14
  1.39360000e-04   5.83860564e-03   7.62588576e-04  -1.71685776e-02  -7.30769937e-14   2.76439712e-14  -2.36237842e-14
  1.39440000e-04   5.45760928e-03   7.68024685e-04  -1.77510144e-02  -7.71134826e-14   2.15370515e-14  -2.27769672e-14
  1.39520000e-04   5.06012674e-03   7.61267786e-04  -1.81209089e-02  -7.98670341e-14   1.48683984e-14  -2.16776369e-14
  1.39600000e-04   4.64633182e-03   7.40405869e-04  -1.83446342e-02  -8.15243074e-14   7.89344472e-15  -2.03299028e-14
  1.39680000e-04   4.22789862e-03   7.08681477e-04  -1.84024744e-02  -8.19601431e-14   8.59115059e-16  -1.87969471e-14
  1.39760000e-04   3.83150664e-03   6.78284678e-04  -1.84316020e-02  -8.17893021e-14  -6.06326056e-15  -1.72252456e-14
  1.39840000e-04   3.41620570e-03   6.25379270e-04  -1.82872173e-02  -8.03508527e-14  -1.27133053e-14  -1.54449786e-14
  1.39920000e-04   3.03211878e-03   5.70956566e-04  -1.80961060e-02  -7.82806807e-14  -1.89641534e-14  -1.37147755e-14
  1.40000000e-04   2.66679353e-03   5.12874948e-04  -1.78146410e-02  -7.54483285e-14  -2.46774611e-14  -1.20048204e-14
  1.40080000e-04   2.29335254e-03   4.48549585e-04  -1.75761110e-02  -7.24587305e-14  -3.00842634e-14  -1.02222669e-14
  1.40160000e-04   1.94614547e-03   3.88008518e-04  -1.72489835e-02  -6.88502891e-14  -3.48388628e-14  -8.55183459e-15
  1.40240000e-04   1.61525085e-03   3.22390333e-04  -1.69270065e-02  -6.50471045e-14  -3.91240909e-14  -6.95224048e-15
  1.40320000e-04   1.30948572e-03   2.52960241e-04  -1.65713021e-02  -6.09555741e-14  -4.28289358e-14  -5.47057023e-15
  1.40400000e-04   1.01905872e-03   1.86910042e-04  -1.61714643e-02  -5.66247092e-14  -4.59180866e-14  -4.09897668e-15
  1.40480000e-04   7.49739581e-04   1.16086130e-04  -1.58263748e-02  -5.24252681e-14  -4.86942665e-14  -2.84070282e-15
  1.40560000e-04   5.13615171e-04   5.68897320e-05  -1.54956468e-02  -4.82627222e-14  -5.10620547e-14  -1.78717115e-15
  1.40640000e-04   3.06416131e-04   2.56217043e-06  -1.52372343e-02  -4.43171081e-14  -5.32631976e-14  -9.00159826e-16
  1.40720000e-04   1.46164324e-04  -4.37441670e-05  -1.50672175e-02  -4.06127087e-14  -5.53884646e-14  -2.33168921e-16
  1.40800000e-04   2.27474651e-05  -6.76283083e-05  -1.47312248e-02  -3.65080773e-14  -5.65356228e-14   2.03169958e-16
  1.40880000e-04  -6.05707349e-05  -8.19140807e-05  -1.45958619e-02  -3.29410614e-14  -5.81020221e-14   4.62777605e-16
  1.40960000e-04  -9.32531285e-05  -7.41622859e-05  -1.45075617e-02  -2.94805502e-14  -5.95452499e-14   4.93891773e-16
  1.41040000e-04  -5.44866914e-05  -3.75200744e-05  -1.44812591e-02  -2.61553794e-14  -6.09102850e-14   2.56226236e-16
  1.41120000e-04   2.99680828e-05   1.74656381e-05  -1.45559777e-02  -2.29438365e-14  -6.24467001e-14  -1.22166597e-16
  1.41200000e-04   1.87205152e-04   1.09210111e-04  -1.47103177e-02  -1.97827361e-14  -6.40385555e-14  -7.27182656e-16
  1.41280000e-04   4.11016165e-04   2.44375407e-04  -1.49085495e-02  -1.65826265e-14  -6.55544999e-14  -1.53171408e-15
  1.41360000e-04   7.00824942e-04   4.07278629e-04  -1.52362980e-02  -1.33374436e-14  -6.73851570e-14  -2.41474323e-15
  1.41440000e-04   1.07824826e-03   6.11327486e-04  -1.56847297e-02  -9.94669162e-15  -6.94607104e-14  -3.39108454e-15
  1.41520000e-04   1.54464516e-03   8.71656765e-04  -1.61423645e-02  -6.28766696e-15  -7.12631514e-14  -4.44973364e-15
  1.41600000e-04   2.10596180e-03   1.18832228e-03  -1.68728126e-02  -2.32184783e-15  -7.39675186e-14  -5.49920014e-15
  1.41680000e-04   2.77190171e-03   1.56484365e-03  -1.76987613e-02   2.17359846e-15  -7.67069070e-14  -6.44165505e-15
  1.41760000e-04   3.55190426e-03   2.01408269e-03  -1.85829713e-02   7.26884357e-15  -7.92276545e-14  -7.19760092e-15
  1.41840000e-04   4.46473761e-03   2.53839355e-03  -1.97516125e-02   1.32505358e-14  -8.24343815e-14  -7.59891052e-15
  1.41920000e-04   5.51244807e-03   3.14122500e-03  -2.10778948e-02   2.03103494e-14  -8.55756164e-14  -7.44156475e-15
  1.42000000e-04   6.74127499e-03   3.85035429e-03  -2.24961102e-02   2.84670810e-14  -8.80647907e-14  -6.54229648e-15
  1.42080000e-04   8.16035050e-03   4.64869770e-03  -2.40591095e-02   3.79182309e-14  -8.98281396e-14  -4.49550355e-15
  1.42160000e-04   9.79076278e-03   5.55445581e-03  -2.58522578e-02   4.89130383e-14  -9.07648435e-14  -9.76833761e-16
  1.42240000e-04   1.16606425e-02   6.59120531e-03  -2.78509983e-02   6.14124310e-14  -9.01342149e-14   4.38100234e-15
  1.42320000e-04   1.37989414e-02   7.73756317e-03  -3.00057468e-02   7.51663780e-14  -8.69416136e-14   1.21476802e-14
  1.42400000e-04   1.62512665e-02   9.01102765e-03  -3.22317978e-02   8.94059730e-14  -7.99282095e-14   2.27329855e-14
  1.42480000e-04   1.90470324e-02   1.03977922e-02  -3.44407971e-02   1.02915678e-13  -6.78315732e-14   3.64375899e-14
  1.42560000e-04   2.22061898e-02   1.18920417e-02  -3.66376385e-02   1.14346529e-13  -4.96706373e-14   5.31834340e-14
  1.42640000e-04   2.57044299e-02   1.34612787e-02  -3.85305804e-02   1.20741872e-13  -2.41581836e-14   7.21089826e-14
  1.42720000e-04   2.96458276e-02   1.51157470e-02  -3.99195116e-02   1.19054420e-13   9.22652900e-15   9.19082555e-14
  1.42800000e-04   3.38951025e-02   1.67769775e-02  -4.06795478e-02   1.06949282e-13   4.93680936e-14   1.09472806e-13
  1.42880000e-04   3.84264805e-02   1.84438428e-02  -4.05171490e-02   8.22607948e-14   9.43977661e-14   1.20987051e-13
  1.42960000e-04   4.31292940e-02   2.01121513e-02  -3.92336851e-02   4.50934254e-14   1.40886800e-13   1.21792899e-13
  1.43040000e-04   4.78847836e-02   2.17572753e-02  -3.68220932e-02  -1.22718205e-15   1.84594818e-13   1.07476696e-13
  1.43120000e-04   5.24745799e-02   2.33906924e-02  -3.33464288e-02  -5.09423514e-14   2.20844450e-13   7.47464185e-14
  1.43200000e-04   5.67695974e-02   2.50736496e-02  -2.89071959e-02  -9.68608526e-14   2.45663653e-13   2.28639527e-14
  1.43280000e-04   6.06868932e-02   2.68270845e-02  -2.38835679e-02  -1.31118641e-13   2.55629379e-13  -4.60313149e-14
  1.43360000e-04   6.41028117e-02   2.87328713e-02  -1.86070277e-02  -1.47734606e-13   2.47452435e-13  -1.26843721e-13
  1.43440000e-04   6.70259299e-02   3.08372012e-02  -1.35111522e-02  -1.43225831e-13   2.18518880e-13  -2.11775709e-13
  1.43520000e-04   6.94810125e-02   3.31562815e-02  -9.28163919e-03  -1.18071599e-13   1.65997481e-13  -2.90883429e-13
  1.43600000e-04   7.15704268e-02   3.57018707e-02  -6.40949387e-03  -7.59765744e-14   8.89229839e-14  -3.53063600e-13
  1.43680000e-04   7.34226595e-02   3.84230050e-02  -5.32107592e-03  -2.25204561e-14  -1.05523603e-14  -3.86945272e-13
  1.43760000e-04   7.51026026e-02   4.12136378e-02  -6.52070518e-03   3.59961637e-14  -1.26036746e-13  -3.82018073e-13
  1.43840000e-04   7.66112647e-02   4.38528530e-02  -1.01388767e-02   9.58177468e-14  -2.43788244e-13  -3.30420358e-13
  1.43920000e-04   7.80007805e-02   4.60801018e-02  -1.60923643e-02   1.55627078e-13  -3.43842719e-13  -2.30250438e-13
  1.44000000e-04   7.90966872e-02   4.75560324e-02  -2.38914381e-02   2.14797177e-13  -4.01307558e-13  -8.76820435e-14
  1.44080000e-04   7.98291963e-02   4.80189151e-02  -3.26502128e-02   2.69099061e-13  -3.93302312e-13   7.95097865e-14
  1.44160000e-04   8.02098999e-02   4.73770159e-02  -4.11957550e-02   3.07021261e-13  -3.08277532e-13   2.43250187e-13
  1.44240000e-04   8.02391872e-02   4.57749614e-02  -4.79196734e-02   3.09857377e-13  -1.55141165e-13   3.70643663e-13
  1.44320000e-04   7.99732155e-02   4.35109985e-02  -5.14562396e-02   2.61832618e-13   3.23515011e-14   4.34296068e-13
  1.44400000e-04   7.94593770e-02   4.10269876e-02  -5.12067773e-02   1.65582770e-13   2.07324147e-13   4.23049255e-13
  1.44480000e-04   7.86426395e-02   3.86562706e-02  -4.73715561e-02   4.53415682e-14   3.31133883e-13   3.45485412e-13
  1.44560000e-04   7.72894999e-02   3.66017121e-02  -4.08134885e-02  -6.51009124e-14   3.88083837e-13   2.24752067e-13
  1.44640000e-04   7.52240859e-02   3.48725789e-02  -3.32643798e-02  -1.39834498e-13   3.86577118e-13   8.90447611e-14
  1.44720000e-04   7.25019031e-02   3.35206798e-02  -2.55590386e-02  -1.71812024e-13   3.43388895e-13  -3.70150664e-14
  1.44800000e-04   6.92056563e-02   3.24363270e-02  -1.87884985e-02  -1.67514563e-13   2.77334916e-13  -1.38235061e-13
  1.44880000e-04   6.55431452e-02   3.15457848e-02  -1.33955310e-02  -1.39965691e-13   2.02309410e-13  -2.08411485e-13
  1.44960000e-04   6.17118001e-02   3.07599023e-02  -9.57562997e-03  -1.02118540e-13   1.27632486e-13  -2.48125308e-13
  1.45040000e-04   5.78832035e-02   3.00293285e-02  -7.29346607e-03  -6.36383442e-14   5.90713332e-14  -2.61839671e-13
  1.45120000e-04   5.41494021e-02   2.92809325e-02  -6.34067493e-03  -2.98899852e-14  -4.88838687e-17  -2.55486397e-13
  1.45200000e-04   5.05711861e-02   2.84607375e-02  -6.57817567e-03  -3.60497767e-15  -4.79499809e-14  -2.35171557e-13
  1.45280000e-04   4.71509315e-02   2.75409770e-02  -7.69019952e-03   1.54768764e-14  -8.40779803e-14  -2.06215792e-13
  1.45360000e-04   4.38806339e-02   2.64853292e-02  -9.42611518e-03   2.84445878e-14  -1.08712518e-13  -1.73042686e-13
  1.45440000e-04   4.07183427e-02   2.52893058e-02  -1.15678423e-02   3.67469747e-14  -1.22719925e-13  -1.38939118e-13
  1.45520000e-04   3.76435949e-02   2.39324478e-02  -1.39319164e-02   4.16277160e-14  -1.27424298e-13  -1.06414540e-13
  1.45600000e-04   3.46462706e-02   2.24408158e-02  -1.63113557e-02   4.43010182e-14  -1.24484718e-13  -7.71654784e-14
  1.45680000e-04   3.16775753e-02   2.08052834e-02  -1.86499590e-02   4.51005356e-14  -1.15402319e-13  -5.21342881e-14
  1.45760000e-04   2.87628091e-02   1.90858299e-02  -2.07959435e-02   4.46662483e-14  -1.02001523e-13  -3.18358691e-14
  1.45840000e-04   2.58712481e-02   1.72771040e-02  -2.26764176e-02   4.29676318e-14  -8.57096707e-14  -1.62807299e-14
  1.45920000e-04   2.30198490e-02   1.54384627e-02  -2.43368646e-02   4.00260117e-14  -6.78112167e-14  -5.15712262e-15
  1.46000000e-04   2.01851392e-02   1.35441909e-02  -2.56354572e-02   3.57353599e-14  -4.94776200e-14   1.99680020e-15
  1.46080000e-04   1.74390123e-02   1.16959432e-02  -2.66291705e-02   3.03660810e-14  -3.18025813e-14   5.91806933e-15
  1.46160000e-04   1.47512469e-02   9.87417565e-03  -2.73417260e-02   2.37721293e-14  -1.52371806e-14   7.32265230e-15
  1.46240000e-04   1.21576396e-02   8.11976233e-03  -2.76395314e-02   1.63092790e-14  -6.16422108e-16   6.99277904e-15
  1.46320000e-04   9.69255734e-03   6.46374963e-03  -2.78119495e-02   8.04845644e-15   1.22111643e-14   5.64289944e-15
  1.46400000e-04   7.32519269e-03   4.87307652e-03  -2.74472262e-02  -6.38726016e-16   2.24759877e-14   3.82000045e-15
  1.46480000e-04   5.13248969e-03   3.41608378e-03  -2.70103423e-02  -9.51570950e-15   3.07835287e-14   2.08512100e-15
  1.46560000e-04   3.08895951e-03   2.04400261e-03  -2.63590658e-02  -1.84140649e-14   3.70640850e-14   7.16216040e-16
  1.46640000e-04   1.22287330e-03   8.11541411e-04  -2.55402295e-02  -2.68208841e-14   4.14609534e-14   3.32314035e-17
  1.46720000e-04  -4.76559214e-04  -3.15791958e-04  -2.45172655e-02  -3.45869260e-14   4.41385310e-14   1.03768714e-16
  1.46800000e-04  -1.98288578e-03  -1.32998544e-03  -2.34396727e-02  -4.16085354e-14   4.54573440e-14   9.40600486e-16
  1.46880000e-04  -3.32216579e-03  -2.23530972e-03  -2.22405371e-02  -4.76239236e-14   4.56095377e-14   2.52975577e-15
  1.46960000e-04  -4.50455585e-03  -3.05231352e-03  -2.10665674e-02  -5.28211695e-14   4.50206183e-14   4.77148763e-15
  1.47040000e-04  -5.50576733e-03  -3.77016586e-03  -1.96701993e-02  -5.65801794e-14   4.34488434e-14   7.50922523e-15
  1.47120000e-04  -6.36052242e-03  -4.40043191e-03  -1.82687766e-02  -5.92701836e-14   4.14818280e-14   1.06439186e-14
  1.47200000e-04  -7.06556630e-03  -4.95289659e-03  -1.69012045e-02  -6.10120692e-14   3.92185666e-14   1.40131620e-14
  1.47280000e-04  -7.67358815e-03  -5.45239335e-03  -1.55589272e-02  -6.19097441e-14   3.69426189e-14   1.75876001e-14
  1.47360000e-04  -8.13815196e-03  -5.87463347e-03  -1.41804862e-02  -6.17284702e-14   3.45045605e-14   2.11314351e-14
  1.47440000e-04  -8.51394481e-03  -6.24427769e-03  -1.28138804e-02  -6.07259153e-14   3.22021889e-14   2.46558944e-14
  1.47520000e-04  -8.78457651e-03  -6.56016971e-03  -1.14677285e-02  -5.89699160e-14   2.99993977e-14   2.80111793e-14
  1.47600000e-04  -8.98219439e-03  -6.82419441e-03  -1.01942122e-02  -5.66820172e-14   2.80026115e-14   3.11974703e-14
  1.47680000e-04  -9.10577564e-03  -7.04683525e-03  -8.89753151e-03  -5.36793131e-14   2.62539777e-14   3.41425401e-14
  1.47760000e-04  -9.15706884e-03  -7.22577746e-03  -7.69787500e-03  -5.03805538e-14   2.46588172e-14   3.67840571e-14
  1.47840000e-04  -9.15665397e-03  -7.37832679e-03  -6.59336402e-03  -4.69138285e-14   2.32307299e-14   3.91560023e-14
  1.47920000e-04  -9.10075162e-03  -7.48758828e-03  -5.48310281e-03  -4.29489711e-14   2.20444618e-14   4.11825333e-14
  1.48000000e-04  -8.99589357e-03  -7.56094069e-03  -4.47491928e-03  -3.89281206e-14   2.09520903e-14   4.28556822e-14
  1.48080000e-04  -8.84439978e-03  -7.60652848e-03  -3.52306445e-03  -3.47779244e-14   1.99801876e-14   4.41689338e-14
  1.48160000e-04  -8.66757087e-03  -7.60690991e-03  -2.66117329e-03  -3.06214718e-14   1.90977314e-14   4.51451453e-14
  1.48240000e-04  -8.44152976e-03  -7.58185692e-03  -1.86673898e-03  -2.64909087e-14   1.82391511e-14   4.57145650e-14
  1.48320000e-04  -8.19695502e-03  -7.52056813e-03  -1.12504032e-03  -2.23516556e-14   1.74868223e-14   4.59580655e-14
  1.48400000e-04  -7.91384176e-03  -7.42983595e-03  -4.70095031e-04  -1.83954146e-14   1.66953644e-14   4.58089955e-14
  1.48480000e-04  -7.71067488e-04  -7.00648236e-04  -1.01865522e-04  -1.88848933e-15   1.42857842e-15   4.46885035e-15
  1.48560000e-04   2.72122041e-03   2.69598391e-03  -5.40106552e-04   3.79284956e-15  -7.06784292e-15  -1.61701633e-14
  1.48640000e-04   2.52275873e-03   2.52534285e-03  -9.75573936e-04   1.92685346e-15  -7.69901504e-15  -1.49467566e-14
  1.48720000e-04   2.31909293e-03   2.33892101e-03  -1.41572578e-03   3.41913385e-18  -8.29408937e-15  -1.36970668e-14
  1.48800000e-04   2.10374041e-03   2.12937460e-03  -1.84930048e-03  -1.94966109e-15  -8.82557778e-15  -1.23801093e-14
  1.48880000e-04   1.88631253e-03   1.91111337e-03  -2.27854176e-03  -3.90519569e-15  -9.33213127e-15  -1.10602232e-14
  1.48960000e-04   1.66645658e-03   1.67476874e-03  -2.70767955e-03  -5.89743102e-15  -9.83461731e-15  -9.71256825e-15
  1.49040000e-04   1.44299612e-03   1.42207223e-03  -3.12690020e-03  -7.88254576e-15  -1.03217508e-14  -8.33181634e-15
  1.49120000e-04   1.22759177e-03   1.17060832e-03  -3.54846826e-03  -9.85730160e-15  -1.08613532e-14  -6.99319562e-15
  1.49200000e-04   1.00884639e-03   9.03151046e-04  -3.96328877e-03  -1.18252905e-14  -1.14181166e-14  -5.61205275e-15
  1.49280000e-04   8.00341442e-04   6.33923580e-04  -4.37286264e-03  -1.37503853e-14  -1.20413737e-14  -4.26226832e-15
  1.49360000e-04   5.91589436e-04   3.56709598e-04  -4.78632004e-03  -1.56724902e-14  -1.27374379e-14  -2.88640248e-15
  1.49440000e-04   3.93077974e-04   8.32590371e-05  -5.18674130e-03  -1.74945996e-14  -1.35046053e-14  -1.54261062e-15
  1.49520000e-04   2.03349917e-04  -1.94117333e-04  -5.59859713e-03  -1.93107513e-14  -1.44080578e-14  -2.01833762e-16
  1.49600000e-04   2.14254849e-05  -4.67288951e-04  -6.00139413e-03  -2.10199140e-14  -1.54055837e-14   1.12448825e-15
  1.49680000e-04  -1.42894718e-04  -7.29478506e-04  -6.40679791e-03  -2.26324178e-14  -1.65595917e-14   2.39026100e-15
  1.49760000e-04  -3.06554655e-04  -9.94573089e-04  -6.81202550e-03  -2.41622437e-14  -1.78273863e-14   3.69019272e-15
  1.49840000e-04  -4.50694930e-04  -1.24206181e-03  -7.21631506e-03  -2.55416017e-14  -1.92607016e-14   4.91032501e-15
  1.49920000e-04  -5.86147451e-04  -1.48592656e-03  -7.62444408e-03  -2.68068092e-14  -2.08503023e-14   6.12434956e-15
  1.50000000e-04  -7.01630330e-04  -1.70587662e-03  -8.03677371e-03  -2.78928718e-14  -2.26289629e-14   7.23831549e-15
  1.50080000e-04  -8.09914386e-04  -1.91779392e-03  -8.44711777e-03  -2.88058139e-14  -2.45469995e-14   8.33495300e-15
  1.50160000e-04  -9.01825569e-04  -2.10997904e-03  -8.85590111e-03  -2.95037170e-14  -2.66263023e-14   9.34835939e-15
  1.50240000e-04  -9.77919096e-04  -2.28396011e-03  -9.26571708e-03  -2.99825920e-14  -2.88687286e-14   1.02804319e-14
  1.50320000e-04  -1.04073958e-03  -2.44286601e-03  -9.67157060e-03  -3.02220760e-14  -3.12447992e-14   1.11440192e-14
  1.50400000e-04  -1.09047325e-03  -2.58040599e-03  -1.00840049e-02  -3.02189473e-14  -3.37812445e-14   1.19121600e-14
  1.50480000e-04  -1.12930227e-03  -2.69846975e-03  -1.04886937e-02  -2.99282894e-14  -3.64106557e-14   1.25898555e-14
  1.50560000e-04  -1.15540421e-03  -2.79943275e-03  -1.08895951e-02  -2.93534494e-14  -3.91354863e-14   1.31751695e-14
  1.50640000e-04  -1.17212979e-03  -2.88806188e-03  -1.12841998e-02  -2.84884467e-14  -4.19204125e-14   1.36882460e-14
  1.50720000e-04  -1.17674217e-03  -2.95943055e-03  -1.16746973e-02  -2.73171900e-14  -4.47599213e-14   1.40996518e-14
  1.50800000e-04  -1.17066487e-03  -3.00819818e-03  -1.20565966e-02  -2.58131186e-14  -4.76092860e-14   1.43852104e-14
  1.50880000e-04  -1.16220252e-03  -3.05323211e-03  -1.24312573e-02  -2.40123695e-14  -5.04322378e-14   1.46315502e-14
  1.50960000e-04  -1.14578334e-03  -3.08212914e-03  -1.27944200e-02  -2.18809019e-14  -5.31956316e-14   1.47741421e-14
  1.51040000e-04  -1.11824659e-03  -3.09667310e-03  -1.31505978e-02  -1.94288268e-14  -5.58962555e-14   1.48144330e-14
  1.51120000e-04  -1.09244797e-03  -3.11311987e-03  -1.34956542e-02  -1.66838414e-14  -5.84631448e-14   1.48365543e-14
  1.51200000e-04  -1.06579181e-03  -3.11717918e-03  -1.38342416e-02  -1.36281371e-14  -6.08927984e-14   1.47704895e-14
  1.51280000e-04  -1.03522842e-03  -3.12618903e-03  -1.41627271e-02  -1.02953837e-14  -6.31454348e-14   1.46908599e-14
  1.51360000e-04  -1.00333957e-03  -3.12809881e-03  -1.44819634e-02  -6.67488044e-15  -6.51905232e-14   1.45435784e-14
  1.51440000e-04  -9.68255506e-04  -3.12717566e-03  -1.47942555e-02  -2.78595792e-15  -6.70120768e-14   1.43471940e-14
  1.51520000e-04  -9.38233510e-04  -3.13144442e-03  -1.51007930e-02   1.34609597e-15  -6.85737331e-14   1.41364683e-14
  1.51600000e-04  -9.06901791e-04  -3.13629663e-03  -1.54019430e-02   5.71534119e-15  -6.98590189e-14   1.38888550e-14
  1.51680000e-04  -8.74467837e-04  -3.14468074e-03  -1.57076117e-02   1.03104771e-14  -7.08846461e-14   1.36171816e-14
  1.51760000e-04  -8.44536590e-04  -3.15768361e-03  -1.60116385e-02   1.51126165e-14  -7.15881740e-14   1.33209131e-14
  1.51840000e-04  -8.17808953e-04  -3.17914039e-03  -1.63220910e-02   2.01115453e-14  -7.19764427e-14   1.30115568e-14
  1.51920000e-04  -7.94171477e-04  -3.21286616e-03  -1.66495803e-02   2.53090976e-14  -7.20650709e-14   1.26991588e-14
  1.52000000e-04  -7.71041743e-04  -3.25244736e-03  -1.69875434e-02   3.06945580e-14  -7.17932458e-14   1.23524021e-14
  1.52080000e-04  -7.54118106e-04  -3.30236671e-03  -1.73474184e-02   3.62742001e-14  -7.11659627e-14   1.19707192e-14
  1.52160000e-04  -7.36967175e-04  -3.36287883e-03  -1.77323731e-02   4.20485015e-14  -7.01591914e-14   1.15578717e-14
  1.52240000e-04  -7.25360335e-04  -3.44766365e-03  -1.81537623e-02   4.80256644e-14  -6.87596927e-14   1.11395301e-14
  1.52320000e-04  -7.17784380e-04  -3.54746011e-03  -1.86166465e-02   5.42271905e-14  -6.69257544e-14   1.06621251e-14
  1.52400000e-04  -7.16798216e-04  -3.67985859e-03  -1.91283979e-02   6.06511534e-14  -6.46077546e-14   1.01562485e-14
  1.52480000e-04  -7.21194041e-04  -3.82977121e-03  -1.96982819e-02   6.73340605e-14  -6.17488078e-14   9.54006464e-15
  1.52560000e-04  -7.33343631e-04  -4.02418993e-03  -2.03381958e-02   7.42764127e-14  -5.82760214e-14   8.85248851e-15
  1.52640000e-04  -7.56240610e-04  -4.26936759e-03  -2.10520932e-02   8.14608695e-14  -5.40701679e-14   8.03917232e-15
  1.52720000e-04  -7.86310783e-04  -4.55980416e-03  -2.18516129e-02   8.88925358e-14  -4.90154609e-14   7.02940069e-15
  1.52800000e-04  -8.37097818e-04  -4.92616733e-03  -2.27392605e-02   9.64804166e-14  -4.29368709e-14   5.74999634e-15
  1.52880000e-04  -8.99862186e-04  -5.36203728e-03  -2.37264532e-02   1.04166451e-13  -3.56748092e-14   4.11162198e-15
  1.52960000e-04  -9.84442444e-04  -5.90040993e-03  -2.48095407e-02   1.11740024e-13  -2.70167886e-14   1.99151228e-15
  1.53040000e-04  -1.09991442e-03  -6.54208538e-03  -2.59830272e-02   1.18938604e-13  -1.67542776e-14  -8.16470386e-16
  1.53120000e-04  -1.24542897e-03  -7.30718991e-03  -2.72464455e-02   1.25423867e-13  -4.72046604e-15  -4.46712127e-15
  1.53200000e-04  -1.43518559e-03  -8.21249782e-03  -2.85695381e-02   1.30620931e-13   9.22152866e-15  -9.21250675e-15
  1.53280000e-04  -1.67974051e-03  -9.25792428e-03  -2.99312988e-02   1.33913668e-13   2.50785452e-14  -1.52721567e-14
  1.53360000e-04  -1.98163994e-03  -1.04442174e-02  -3.12795772e-02   1.34458062e-13   4.26683548e-14  -2.27651748e-14
  1.53440000e-04  -2.35696922e-03  -1.17531874e-02  -3.25729166e-02   1.31452244e-13   6.15967149e-14  -3.17376131e-14
  1.53520000e-04  -2.80909161e-03  -1.31640447e-02  -3.37403702e-02   1.24025952e-13   8.11537580e-14  -4.19886311e-14
  1.53600000e-04  -3.35070607e-03  -1.46597771e-02  -3.46648926e-02   1.11323520e-13   1.00236795e-13  -5.31506471e-14
  1.53680000e-04  -3.96634530e-03  -1.61377760e-02  -3.53156379e-02   9.33342970e-14   1.17691277e-13  -6.42625096e-14
  1.53760000e-04  -4.64507887e-03  -1.75669596e-02  -3.56125984e-02   7.02611271e-14   1.32177783e-13  -7.43649823e-14
  1.53840000e-04  -5.35804325e-03  -1.88544318e-02  -3.55211839e-02   4.31513406e-14   1.42574333e-13  -8.21865847e-14
  1.53920000e-04  -6.08124944e-03  -1.99805854e-02  -3.50018825e-02   1.34210654e-14   1.48029999e-13  -8.68336975e-14
  1.54000000e-04  -6.77950469e-03  -2.08915404e-02  -3.41128171e-02  -1.69173886e-14   1.48453752e-13  -8.75546585e-14
  1.54080000e-04  -7.41037409e-03  -2.15807554e-02  -3.28914363e-02  -4.60069189e-14   1.44085127e-13  -8.41719825e-14
  1.54160000e-04  -7.96029228e-03  -2.20582503e-02  -3.14121826e-02  -7.22440270e-14   1.35726068e-13  -7.70018449e-14
  1.54240000e-04  -8.39494576e-03  -2.23169374e-02  -2.97685755e-02  -9.44039222e-14   1.24363232e-13  -6.66101963e-14
  1.54320000e-04  -8.70421416e-03  -2.23751153e-02  -2.80495456e-02  -1.11860187e-13   1.11058412e-13  -5.38792949e-14
  1.54400000e-04  -8.89872407e-03  -2.22961605e-02  -2.63274357e-02  -1.24658271e-13   9.67860470e-14  -3.98313642e-14
  1.54480000e-04  -8.99973296e-03  -2.21555621e-02  -2.46367776e-02  -1.33259141e-13   8.22982561e-14  -2.53307250e-14
  1.54560000e-04  -9.00300890e-03  -2.19343518e-02  -2.30341236e-02  -1.37987265e-13   6.81065184e-14  -1.09216988e-14
  1.54640000e-04  -8.91295978e-03  -2.16488732e-02  -2.15535167e-02  -1.39414950e-13   5.45232738e-14   2.88734324e-15
  1.54720000e-04  -8.76275213e-03  -2.13607273e-02  -2.01961394e-02  -1.38298213e-13   4.18175755e-14   1.57762396e-14
  1.54800000e-04  -8.55345564e-03  -2.10753180e-02  -1.89495576e-02  -1.35096380e-13   3.00308043e-14   2.75801763e-14
  1.54880000e-04  -8.29655747e-03  -2.07778166e-02  -1.78419205e-02  -1.30233311e-13   1.91849163e-14   3.82171570e-14
  1.54960000e-04  -8.00842519e-03  -2.04897233e-02  -1.68509797e-02  -1.24117556e-13   9.29624199e-15   4.76832061e-14
  1.55040000e-04  -7.68890309e-03  -2.02195578e-02  -1.59762778e-02  -1.17092373e-13   2.80674743e-16   5.59978241e-14
  1.55120000e-04  -7.35114527e-03  -1.99785330e-02  -1.52036456e-02  -1.09413008e-13  -7.88675169e-15   6.32661842e-14
  1.55200000e-04  -6.99828669e-03  -1.97584650e-02  -1.45328184e-02  -1.01247494e-13  -1.52899946e-14   6.95436896e-14
  1.55280000e-04  -6.63271941e-03  -1.95541569e-02  -1.39530620e-02  -9.27142985e-14  -2.19866707e-14   7.48852643e-14
  1.55360000e-04  -6.26088545e-03  -1.93766801e-02  -1.34562585e-02  -8.39520026e-14  -2.80196900e-14   7.94085847e-14
  1.55440000e-04  -5.88254552e-03  -1.92230182e-02  -1.30393176e-02  -7.50349505e-14  -3.34575751e-14   8.31755252e-14
  1.55520000e-04  -5.50417995e-03  -1.90906756e-02  -1.26903999e-02  -6.59995875e-14  -3.83097630e-14   8.62567667e-14
  1.55600000e-04  -5.12069888e-03  -1.89863287e-02  -1.24103813e-02  -5.69083336e-14  -4.26489615e-14   8.87287520e-14
  1.55680000e-04  -4.74031510e-03  -1.89046242e-02  -1.21936781e-02  -4.77671927e-14  -4.64870387e-14   9.06413579e-14
  1.55760000e-04  -4.36204482e-03  -1.88464807e-02  -1.20383342e-02  -3.85932852e-14  -4.98588777e-14   9.20401439e-14
  1.55840000e-04  -3.98805640e-03  -1.88089299e-02  -1.19343420e-02  -2.93765287e-14  -5.27493519e-14   9.29514270e-14
  1.55920000e-04  -3.61510858e-03  -1.87898814e-02  -1.18892131e-02  -2.01316540e-14  -5.52177338e-14   9.33882487e-14
  1.56000000e-04  -3.24462085e-03  -1.87941607e-02  -1.18982228e-02  -1.08510678e-14  -5.72540645e-14   9.33962755e-14
  1.56080000e-04  -2.87909643e-03  -1.88255162e-02  -1.19558335e-02  -1.51897841e-15  -5.88363353e-14   9.30087949e-14
  1.56160000e-04  -2.52029001e-03  -1.88833852e-02  -1.20676990e-02   7.87393342e-15  -5.99899448e-14   9.22270796e-14
  1.56240000e-04  -2.16794552e-03  -1.89539405e-02  -1.22328241e-02   1.73269931e-14  -6.06990717e-14   9.09783878e-14
  1.56320000e-04  -1.82108302e-03  -1.90492419e-02  -1.24488872e-02   2.68579463e-14  -6.09304330e-14   8.93066177e-14
  1.56400000e-04  -1.48509625e-03  -1.91683205e-02  -1.27209829e-02   3.64705222e-14  -6.06853275e-14   8.71845817e-14
  1.56480000e-04  -1.15276779e-03  -1.93177339e-02  -1.30479867e-02   4.61790588e-14  -5.99053004e-14   8.46108250e-14
  1.56560000e-04  -8.34253340e-04  -1.94921996e-02  -1.34386252e-02   5.59752764e-14  -5.85954419e-14   8.15155179e-14
  1.56640000e-04  -5.24263406e-04  -1.96735890e-02  -1.38908007e-02   6.57906604e-14  -5.66714814e-14   7.77809590e-14
  1.56720000e-04  -2.25375958e-04  -1.98887404e-02  -1.44080542e-02   7.56600829e-14  -5.40776595e-14   7.34647828e-14
  1.56800000e-04   5.59653155e-05  -2.01298131e-02  -1.50035053e-02   8.55346307e-14  -5.07901044e-14   6.84628203e-14
  1.56880000e-04   3.20047795e-04  -2.03873641e-02  -1.56796781e-02   9.53174758e-14  -4.67084307e-14   6.26778132e-14
  1.56960000e-04   5.65569137e-04  -2.06556850e-02  -1.64432698e-02   1.04894812e-13  -4.17338168e-14   5.60330065e-14
  1.57040000e-04   7.83315047e-04  -2.09365525e-02  -1.72952937e-02   1.14132791e-13  -3.57729211e-14   4.84735091e-14
  1.57120000e-04   9.72649777e-04  -2.12318641e-02  -1.82472305e-02   1.22884478e-13  -2.87100437e-14   3.99562720e-14
  1.57200000e-04   1.12873029e-03  -2.15145653e-02  -1.93083522e-02   1.30831532e-13  -2.04256798e-14   3.04077286e-14
  1.57280000e-04   1.24768708e-03  -2.17853851e-02  -2.04910392e-02   1.37719703e-13  -1.07948049e-14   1.98623443e-14
  1.57360000e-04   1.31790396e-03  -2.20313636e-02  -2.17752479e-02   1.43114967e-13   2.90706695e-16   8.36762535e-15
  1.57440000e-04   1.33736840e-03  -2.22346923e-02  -2.31719661e-02   1.46572519e-13   1.29098098e-14  -3.92820334e-15
  1.57520000e-04   1.29716949e-03  -2.23488863e-02  -2.46826608e-02   1.47458713e-13   2.70617967e-14  -1.67535452e-14
  1.57600000e-04   1.20094750e-03  -2.23791936e-02  -2.62856905e-02   1.45311424e-13   4.26898374e-14  -2.97063813e-14
  1.57680000e-04   1.04101900e-03  -2.23103082e-02  -2.79284021e-02   1.39549301e-13   5.94795771e-14  -4.23129908e-14
  1.57760000e-04   8.23102316e-04  -2.20875174e-02  -2.95955446e-02   1.29601489e-13   7.70160549e-14  -5.38735879e-14
  1.57840000e-04   5.57135825e-04  -2.16465736e-02  -3.12001600e-02   1.14982171e-13   9.44946186e-14  -6.35068549e-14
  1.57920000e-04   2.53337809e-04  -2.09789983e-02  -3.26913258e-02   9.58116861e-14   1.10953762e-13  -7.04598548e-14
  1.58000000e-04  -6.37293416e-05  -2.00895023e-02  -3.39739863e-02   7.26075807e-14   1.25184413e-13  -7.41602637e-14
  1.58080000e-04  -3.74055495e-04  -1.89865640e-02  -3.49781845e-02   4.63338607e-14   1.35999068e-13  -7.43173634e-14
  1.58160000e-04  -6.48948149e-04  -1.76860461e-02  -3.56412178e-02   1.83476420e-14   1.42402868e-13  -7.09978648e-14
  1.58240000e-04  -8.75037582e-04  -1.62070126e-02  -3.59116443e-02  -9.75083315e-15   1.43706086e-13  -6.46173145e-14
  1.58320000e-04  -1.02545236e-03  -1.45887331e-02  -3.57912558e-02  -3.63329053e-14   1.39907321e-13  -5.59861021e-14
  1.58400000e-04  -1.11190063e-03  -1.29292814e-02  -3.53046816e-02  -5.99230806e-14   1.31457262e-13  -4.62550388e-14
  1.58480000e-04  -1.12354750e-03  -1.12947379e-02  -3.44856791e-02  -7.95344626e-14   1.19250570e-13  -3.64656642e-14
  1.58560000e-04  -1.08303600e-03  -9.73874183e-03  -3.34151634e-02  -9.47665154e-14   1.04484490e-13  -2.73801422e-14
  1.58640000e-04  -1.00256997e-03  -8.30809614e-03  -3.21684911e-02  -1.05656672e-13   8.83480825e-14  -1.95245762e-14
  1.58720000e-04  -8.99708595e-04  -7.02387464e-03  -3.08192075e-02  -1.12604864e-13   7.18755808e-14  -1.30935718e-14
  1.58800000e-04  -7.89624056e-04  -5.94162091e-03  -2.94105210e-02  -1.16046549e-13   5.58180902e-14  -8.16091580e-15
  1.58880000e-04  -6.73439483e-04  -5.00690039e-03  -2.80208627e-02  -1.16830069e-13   4.07940475e-14  -4.48143770e-15
  1.58960000e-04  -5.69685753e-04  -4.24653445e-03  -2.66726951e-02  -1.15473765e-13   2.70596437e-14  -1.84180677e-15
  1.59040000e-04  -4.76380320e-04  -3.62219646e-03  -2.53995960e-02  -1.12608727e-13   1.47589725e-14   7.27110824e-18
  1.59120000e-04  -3.98613815e-04  -3.13842540e-03  -2.42231875e-02  -1.08696428e-13   3.87937909e-15   1.28607171e-15
  1.59200000e-04  -3.34509449e-04  -2.76452081e-03  -2.31521176e-02  -1.04123811e-13  -5.66965329e-15   2.18141053e-15
  1.59280000e-04  -2.81266012e-04  -2.48822900e-03  -2.21897426e-02  -9.91617554e-14  -1.40224179e-14   2.82931711e-15
  1.59360000e-04  -2.42036767e-04  -2.29136911e-03  -2.13377120e-02  -9.40236172e-14  -2.13423808e-14   3.35839402e-15
  1.59440000e-04  -2.10963753e-04  -2.15663723e-03  -2.05892961e-02  -8.88338989e-14  -2.77759461e-14   3.81962412e-15
  1.59520000e-04  -1.87654798e-04  -2.08636295e-03  -1.99408839e-02  -8.36637472e-14  -3.34681299e-14   4.28900595e-15
  1.59600000e-04  -1.67764915e-04  -2.05281227e-03  -1.93834232e-02  -7.85751203e-14  -3.85366860e-14   4.76132257e-15
  1.59680000e-04  -1.53589349e-04  -2.06483649e-03  -1.89134436e-02  -7.35755371e-14  -4.31015596e-14   5.30300532e-15
  1.59760000e-04  -1.41625025e-04  -2.10528176e-03  -1.85222317e-02  -6.86721092e-14  -4.72458848e-14   5.89516375e-15
  1.59840000e-04  -1.31595254e-04  -2.16687880e-03  -1.82019459e-02  -6.38504767e-14  -5.10404393e-14   6.53781011e-15
  1.59920000e-04  -1.18260356e-04  -2.26008880e-03  -1.79431817e-02  -5.90555800e-14  -5.45242416e-14   7.25699399e-15
  1.60000000e-04  -1.08546528e-04  -2.36506692e-03  -1.77386350e-02  -5.42856255e-14  -5.77433729e-14   8.03102702e-15
  1.60080000e-04  -9.36143349e-05  -2.48284604e-03  -1.75761482e-02  -4.94898665e-14  -6.06888629e-14   8.83663831e-15
  1.60160000e-04  -7.79920324e-05  -2.61405579e-03  -1.74491510e-02  -4.46411574e-14  -6.33750319e-14   9.69373946e-15
  1.60240000e-04  -5.96449065e-05  -2.74804962e-03  -1.73469435e-02  -3.97243681e-14  -6.57792830e-14   1.05571388e-14
  1.60320000e-04  -3.83925208e-05  -2.89672939e-03  -1.72625328e-02  -3.47033118e-14  -6.78860288e-14   1.14687575e-14
  1.60400000e-04  -1.38214354e-05  -3.05444606e-03  -1.71839397e-02  -2.95698696e-14  -6.96501366e-14   1.24040987e-14
  1.60480000e-04   1.57908231e-05  -3.21149798e-03  -1.71058520e-02  -2.43500583e-14  -7.10461135e-14   1.33159074e-14
  1.60560000e-04   4.65047099e-05  -3.38335733e-03  -1.70128191e-02  -1.90163138e-14  -7.20127464e-14   1.42692697e-14
  1.60640000e-04   8.24029902e-05  -3.56045149e-03  -1.69039558e-02  -1.36240400e-14  -7.25343302e-14   1.52113686e-14
  1.60720000e-04   1.21605108e-04  -3.74824397e-03  -1.67665893e-02  -8.19173407e-15  -7.25583955e-14   1.61613317e-14
  1.60800000e-04   1.65844488e-04  -3.93505102e-03  -1.65861020e-02  -2.78905663e-15  -7.20214849e-14   1.70592023e-14
  1.60880000e-04   2.12572273e-04  -4.13074462e-03  -1.63625716e-02   2.53698351e-15  -7.09400982e-14   1.79418448e-14
  1.60960000e-04   2.64305381e-04  -4.32729872e-03  -1.60841362e-02   7.70554143e-15  -6.92766515e-14   1.87649109e-14
  1.61040000e-04   3.16466691e-04  -4.51549154e-03  -1.57409244e-02   1.26188014e-14  -6.70303967e-14   1.94822498e-14
  1.61120000e-04   3.72887200e-04  -4.70529422e-03  -1.53306645e-02   1.72217909e-14  -6.42260568e-14   2.01311743e-14
  1.61200000e-04   4.29328334e-04  -4.86581279e-03  -1.48384385e-02   2.13577250e-14  -6.08663141e-14   2.05772033e-14
  1.61280000e-04   4.85183063e-04  -5.01927186e-03  -1.42801645e-02   2.50193902e-14  -5.70875537e-14   2.09155109e-14
  1.61360000e-04   5.36014774e-04  -5.13086637e-03  -1.36357802e-02   2.80447443e-14  -5.28926195e-14   2.10048384e-14
  1.61440000e-04   5.80266459e-04  -5.21542649e-03  -1.29160302e-02   3.04319071e-14  -4.84124057e-14   2.09158661e-14
  1.61520000e-04   6.17467022e-04  -5.24470479e-03  -1.21218530e-02   3.20722845e-14  -4.37338460e-14   2.05558250e-14
  1.61600000e-04   6.44145184e-04  -5.21411420e-03  -1.12531714e-02   3.29297267e-14  -3.89473709e-14   1.99310538e-14
  1.61680000e-04   6.53988516e-04  -5.11798117e-03  -1.03291656e-02   3.30131456e-14  -3.42122707e-14   1.90420003e-14
  1.61760000e-04   6.50030130e-04  -4.95911657e-03  -9.35117827e-03   3.23447990e-14  -2.95827722e-14   1.79367246e-14
  1.61840000e-04   6.26887398e-04  -4.71942090e-03  -8.33366704e-03   3.09198757e-14  -2.51659362e-14   1.65775673e-14
  1.61920000e-04   5.83439250e-04  -4.42836645e-03  -7.29096790e-03   2.88918564e-14  -2.10363887e-14   1.50890091e-14
  1.62000000e-04   5.19886264e-04  -4.06831474e-03  -6.23063607e-03   2.62650465e-14  -1.72218635e-14   1.34366375e-14
  1.62080000e-04   4.37049232e-04  -3.65680174e-03  -5.16291052e-03   2.31633048e-14  -1.37399076e-14   1.16925565e-14
  1.62160000e-04   3.36440931e-04  -3.19449824e-03  -4.10060809e-03   1.96656501e-14  -1.05969045e-14   9.86881005e-15
  1.62240000e-04   2.21366750e-04  -2.70189174e-03  -3.04534875e-03   1.58917615e-14  -7.74870601e-15   8.02997434e-15
  1.62320000e-04   9.10767638e-05  -2.17526237e-03  -2.00381429e-03   1.18907203e-14  -5.17137518e-15   6.15429595e-15
  1.62400000e-04  -4.97092934e-05  -1.65413104e-03  -9.79686028e-04   7.84760064e-15  -2.80909541e-15   4.34477283e-15
  1.62480000e-04   8.64110024e-04  -2.79986548e-03  -2.76548756e-05   9.58924607e-15   2.86604826e-15   9.45996212e-15
  1.62560000e-04   2.07740739e-03  -4.94888539e-03  -1.26200316e-03   2.00146518e-14   3.90257856e-15   1.76427227e-14
  1.62640000e-04   2.30792807e-03  -5.52354154e-03  -2.51745147e-03   2.52362350e-14   1.81070366e-15   1.91629984e-14
  1.62720000e-04   2.53074260e-03  -6.05510863e-03  -3.75641325e-03   3.03786008e-14   6.94760921e-17   2.03544522e-14
  1.62800000e-04   2.75482989e-03  -6.53411379e-03  -5.03904673e-03   3.55547455e-14  -1.35926170e-15   2.12002095e-14
  1.62880000e-04   2.95356274e-03  -6.95485293e-03  -6.33014883e-03   4.06602280e-14  -2.41080067e-15   2.16202339e-14
  1.62960000e-04   3.13060929e-03  -7.30708497e-03  -7.62694589e-03   4.56329887e-14  -2.99730553e-15   2.16024379e-14
  1.63040000e-04   3.28297396e-03  -7.57905477e-03  -8.94192806e-03   5.04220818e-14  -3.09121126e-15   2.11322256e-14
  1.63120000e-04   3.39328013e-03  -7.76385394e-03  -1.02620847e-02   5.49217621e-14  -2.67937974e-15   2.01876366e-14
  1.63200000e-04   3.46715223e-03  -7.86427094e-03  -1.16127442e-02   5.91409976e-14  -1.72944238e-15   1.88285941e-14
  1.63280000e-04   3.49212710e-03  -7.85122584e-03  -1.29642816e-02   6.28189396e-14  -2.08130825e-16   1.70472851e-14
  1.63360000e-04   3.46203305e-03  -7.72880226e-03  -1.43709853e-02   6.60165960e-14   1.82936391e-15   1.49198431e-14
  1.63440000e-04   3.36582709e-03  -7.47257773e-03  -1.56660567e-02   6.81534163e-14   4.48217333e-15   1.25046928e-14
  1.63520000e-04   3.20846749e-03  -7.07739843e-03  -1.70799492e-02   6.96492685e-14   7.57215901e-15   9.94594455e-15
  1.63600000e-04   2.97251196e-03  -6.53820463e-03  -1.84505674e-02   7.00204802e-14   1.10929812e-14   7.34982999e-15
  1.63680000e-04   2.65462106e-03  -5.82915216e-03  -1.97962662e-02   6.91221064e-14   1.49223618e-14   4.87507497e-15
  1.63760000e-04   2.25933341e-03  -4.96190816e-03  -2.10703816e-02   6.68458180e-14   1.89377411e-14   2.70805053e-15
  1.63840000e-04   1.77167416e-03  -3.90056964e-03  -2.22785802e-02   6.30169268e-14   2.28843229e-14   1.00471239e-15
  1.63920000e-04   1.20425038e-03  -2.65686528e-03  -2.34278674e-02   5.77011932e-14   2.66040800e-14  -5.10832993e-17
  1.64000000e-04   5.45416758e-04  -1.21885268e-03  -2.44861756e-02   5.08111170e-14   2.97737722e-14  -3.50263239e-16
  1.64080000e-04  -1.85818547e-04   4.13769481e-04  -2.54298131e-02   4.23619751e-14   3.21726331e-14   2.13938380e-16
  1.64160000e-04  -9.89634484e-04   2.23502826e-03  -2.62418100e-02   3.24563375e-14   3.34641157e-14   1.62615815e-15
  1.64240000e-04  -1.85541751e-03   4.23431820e-03  -2.68242704e-02   2.11215296e-14   3.32426106e-14   3.78651625e-15
  1.64320000e-04  -2.77641319e-03   6.40964363e-03  -2.71796753e-02   8.55992035e-15   3.12386931e-14   6.49246219e-15
  1.64400000e-04  -3.73178013e-03   8.72216189e-03  -2.72948283e-02  -4.86330697e-15   2.72848791e-14   9.38389947e-15
  1.64480000e-04  -4.71357172e-03   1.11602991e-02  -2.71303469e-02  -1.89332060e-14   2.12229154e-14   1.20196439e-14
  1.64560000e-04  -5.71043371e-03   1.36799080e-02  -2.66512263e-02  -3.32647057e-14   1.30430864e-14   1.38224078e-14
  1.64640000e-04  -6.72003507e-03   1.62728388e-02  -2.58206471e-02  -4.76403400e-14   2.86693488e-15   1.42056054e-14
  1.64720000e-04  -7.72339401e-03   1.88926568e-02  -2.46703625e-02  -6.16174799e-14  -8.82286976e-15   1.25336068e-14
  1.64800000e-04  -8.73880656e-03   2.14964471e-02  -2.31708398e-02  -7.48572174e-14  -2.16151519e-14   8.17897726e-15
  1.64880000e-04  -9.75365570e-03   2.40679598e-02  -2.13594781e-02  -8.70913364e-14  -3.47070693e-14   6.61559251e-16
  1.64960000e-04  -1.07720312e-02   2.65582737e-02  -1.92399934e-02  -9.79466611e-14  -4.72627741e-14  -1.04019369e-14
  1.65040000e-04  -1.17992273e-02   2.89453937e-02  -1.68455137e-02  -1.07122780e-13  -5.83325540e-14  -2.51991553e-14
  1.65120000e-04  -1.28428350e-02   3.12029537e-02  -1.42806122e-02  -1.14129295e-13  -6.69759219e-14  -4.37028097e-14
  1.65200000e-04  -1.39252479e-02   3.33137624e-02  -1.15621499e-02  -1.18558321e-13  -7.23476989e-14  -6.56642621e-14
  1.65280000e-04  -1.50556064e-02   3.52853253e-02  -8.73963654e-03  -1.19955348e-13  -7.36179242e-14  -9.05795000e-14
  1.65360000e-04  -1.62299790e-02   3.70497144e-02  -6.05842962e-03  -1.16955363e-13  -7.04431932e-14  -1.17475508e-13
  1.65440000e-04  -1.74748076e-02   3.86635694e-02  -3.48257055e-03  -1.09250254e-13  -6.24674168e-14  -1.45319709e-13
  1.65520000e-04  -1.67923160e-02   3.58898079e-02  -1.19495259e-03  -8.53317390e-14  -4.50623757e-14  -1.54284343e-13
  1.65600000e-04   5.33903651e-03  -1.04583314e-02  -5.27594285e-04   2.54269154e-14   1.05682906e-14   4.78180781e-14
  1.65680000e-04   1.27627216e-02  -2.48910633e-02  -1.94109593e-03   7.20074509e-14   2.85662031e-14   1.07139413e-13
  1.65760000e-04   1.35440053e-02  -2.55460051e-02  -3.70615641e-03   8.90263013e-14   3.24192970e-14   1.01881608e-13
  1.65840000e-04   1.42741738e-02  -2.61175529e-02  -5.76357218e-03   1.05947719e-13   3.72101630e-14   9.37747863e-14
  1.65920000e-04   1.48672494e-02  -2.65210966e-02  -8.15228138e-03   1.21857695e-13   4.29763953e-14   8.24195809e-14
  1.66000000e-04   1.53422076e-02  -2.67843099e-02  -1.08540264e-02   1.35940943e-13   5.02553245e-14   6.81387670e-14
  1.66080000e-04   1.56302572e-02  -2.68294577e-02  -1.38007478e-02   1.46794978e-13   5.92441466e-14   5.10809237e-14
  1.66160000e-04   1.57087252e-02  -2.66718697e-02  -1.69791768e-02   1.53504909e-13   7.00983274e-14   3.19045490e-14
  1.66240000e-04   1.55613200e-02  -2.62575358e-02  -2.02879856e-02   1.54729252e-13   8.28114001e-14   1.15027734e-14
  1.66320000e-04   1.51692526e-02  -2.55947950e-02  -2.36721531e-02   1.49676709e-13   9.70195985e-14  -8.98578664e-15
  1.66400000e-04   1.44955552e-02  -2.46175593e-02  -2.69297866e-02   1.37346230e-13   1.11676813e-13  -2.81584371e-14
  1.66480000e-04   1.35782389e-02  -2.33515557e-02  -3.00316896e-02   1.17914428e-13   1.25843575e-13  -4.45387191e-14
  1.66560000e-04   1.24459285e-02  -2.18104303e-02  -3.28348895e-02   9.19459807e-14   1.38046657e-13  -5.68451402e-14
  1.66640000e-04   1.11662672e-02  -2.00346334e-02  -3.51705995e-02   6.08539710e-14   1.46668327e-13  -6.42279205e-14
  1.66720000e-04   9.78197566e-03  -1.80611537e-02  -3.70039444e-02   2.66054933e-14   1.50426378e-13  -6.63880480e-14
  1.66800000e-04   8.37302314e-03  -1.59759848e-02  -3.81203151e-02  -8.03685539e-15   1.48017886e-13  -6.37986404e-14
  1.66880000e-04   7.02405340e-03  -1.39021396e-02  -3.86958073e-02  -4.06727615e-14   1.39969931e-13  -5.76695339e-14
  1.66960000e-04   5.76728277e-03  -1.18286805e-02  -3.85497036e-02  -6.90385427e-14   1.26213349e-13  -4.90562054e-14
  1.67040000e-04   4.63061694e-03  -9.82950348e-03  -3.79757051e-02  -9.21737123e-14   1.08654628e-13  -3.93631189e-14
  1.67120000e-04   3.65153274e-03  -7.98103992e-03  -3.69074381e-02  -1.08959532e-13   8.84677113e-14  -2.99108713e-14
  1.67200000e-04   2.79029927e-03  -6.25180475e-03  -3.54889733e-02  -1.19728727e-13   6.72957736e-14  -2.12685503e-14
  1.67280000e-04   2.06661924e-03  -4.69578906e-03  -3.38940138e-02  -1.25305873e-13   4.66379634e-14  -1.41016514e-14
  1.67360000e-04   1.45523911e-03  -3.30146637e-03  -3.22951785e-02  -1.27015194e-13   2.74490001e-14  -8.52942889e-15
  1.67440000e-04   9.43163494e-04  -2.06377527e-03  -3.05977878e-02  -1.25169511e-13   1.01055191e-14  -4.53989792e-15
  1.67520000e-04   5.00162001e-04  -9.43080474e-04  -2.89738933e-02  -1.21239817e-13  -5.07590389e-15  -1.92768584e-15
  1.67600000e-04   1.33000073e-04   1.90852571e-05  -2.74080336e-02  -1.15644307e-13  -1.80671525e-14  -5.73755773e-16
  1.67680000e-04  -1.87261704e-04   8.65393330e-04  -2.60201737e-02  -1.09453308e-13  -2.91289241e-14  -1.81073486e-16
  1.67760000e-04  -4.66147191e-04   1.60532701e-03  -2.46852947e-02  -1.02511353e-13  -3.83568233e-14  -5.58626722e-16
  1.67840000e-04  -7.07794123e-04   2.24155774e-03  -2.34850308e-02  -9.54235395e-14  -4.60278956e-14  -1.51730545e-15
  1.67920000e-04  -9.29749289e-04   2.79297988e-03  -2.24263398e-02  -8.84189389e-14  -5.24547587e-14  -2.86705903e-15
  1.68000000e-04  -1.12591757e-03   3.26680041e-03  -2.14611771e-02  -8.14504061e-14  -5.77231762e-14  -4.51343613e-15
  1.68080000e-04  -1.30191463e-03   3.64488010e-03  -2.05672868e-02  -7.44849822e-14  -6.19578024e-14  -6.26507884e-15
  1.68160000e-04  -1.47165289e-03   3.98513233e-03  -1.97870266e-02  -6.78460357e-14  -6.54690327e-14  -8.13952230e-15
  1.68240000e-04  -1.59807647e-03   4.22797264e-03  -1.90424995e-02  -6.11887796e-14  -6.80733057e-14  -9.97913776e-15
  1.68320000e-04  -1.73851769e-03   4.44893440e-03  -1.83942677e-02  -5.48764184e-14  -7.02195124e-14  -1.17970655e-14
  1.68400000e-04  -1.86396634e-03   4.62131209e-03  -1.78029631e-02  -4.87482970e-14  -7.18126016e-14  -1.35372554e-14
  1.68480000e-04  -1.98579167e-03   4.76214042e-03  -1.72541892e-02  -4.28183452e-14  -7.29098255e-14  -1.51950643e-14
  1.68560000e-04  -2.09828371e-03   4.87534260e-03  -1.66869849e-02  -3.70168997e-14  -7.33146562e-14  -1.67652881e-14
  1.68640000e-04  -2.20892978e-03   4.94765914e-03  -1.62616259e-02  -3.15696698e-14  -7.37743835e-14  -1.81577981e-14
  1.68720000e-04  -2.30329526e-03   4.99786395e-03  -1.57896437e-02  -2.62247204e-14  -7.35336985e-14  -1.94499732e-14
  1.68800000e-04  -2.40345937e-03   5.04077528e-03  -1.54385265e-02  -2.12070894e-14  -7.34094520e-14  -2.06671390e-14
  1.68880000e-04  -2.50597044e-03   5.07332082e-03  -1.50750369e-02  -1.63554878e-14  -7.28571347e-14  -2.18003612e-14
  1.68960000e-04  -2.59674178e-03   5.08576498e-03  -1.47086949e-02  -1.16860469e-14  -7.19241408e-14  -2.28058052e-14
  1.69040000e-04  -2.68756404e-03   5.08638237e-03  -1.43715753e-02  -7.23635563e-15  -7.08113933e-14  -2.37083025e-14
  1.69120000e-04  -2.77087915e-03   5.07072249e-03  -1.40353451e-02  -2.99485927e-15  -6.94084137e-14  -2.44847854e-14
  1.69200000e-04  -2.86930255e-03   5.07198555e-03  -1.37648026e-02   1.02407842e-15  -6.80782528e-14  -2.52986051e-14
  1.69280000e-04  -2.95430669e-03   5.06424157e-03  -1.34089641e-02   4.76442203e-15  -6.61048259e-14  -2.60159076e-14
  1.69360000e-04  -3.04433512e-03   5.05031504e-03  -1.31608855e-02   8.38233704e-15  -6.44316093e-14  -2.66637506e-14
  1.69440000e-04  -3.13915617e-03   5.03316354e-03  -1.29227147e-02   1.18065816e-14  -6.26237826e-14  -2.72588578e-14
  1.69520000e-04  -3.22728030e-03   5.01551852e-03  -1.27171783e-02   1.50861725e-14  -6.07856382e-14  -2.78016705e-14
  1.69600000e-04  -3.31471764e-03   4.99866491e-03  -1.24748482e-02   1.81109828e-14  -5.86276554e-14  -2.83043762e-14
  1.69680000e-04  -3.40326279e-03   4.97432013e-03  -1.22977396e-02   2.10724932e-14  -5.66217879e-14  -2.87345596e-14
  1.69760000e-04  -3.49579775e-03   4.95470262e-03  -1.21224865e-02   2.38578703e-14  -5.44974237e-14  -2.91541523e-14
  1.69840000e-04  -3.58850174e-03   4.93580697e-03  -1.19704974e-02   2.65346758e-14  -5.23480532e-14  -2.95392583e-14
  1.69920000e-04  -3.68140227e-03   4.91166033e-03  -1.19020421e-02   2.92810880e-14  -5.04229977e-14  -2.98651357e-14
  1.70000000e-04  -3.76428887e-03   4.87621035e-03  -1.17743083e-02   3.17374952e-14  -4.81321623e-14  -3.00800386e-14
  1.70080000e-04  -3.84760339e-03   4.84652781e-03  -1.17209434e-02   3.42733412e-14  -4.60194838e-14  -3.02795533e-14
  1.70160000e-04  -3.93756058e-03   4.81773809e-03  -1.16601081e-02   3.66611067e-14  -4.37641290e-14  -3.04627914e-14
  1.70240000e-04  -4.02201180e-03   4.78309265e-03  -1.16240319e-02   3.90075641e-14  -4.14842407e-14  -3.05670057e-14
  1.70320000e-04  -4.09961235e-03   4.74126253e-03  -1.15805334e-02   4.12019517e-14  -3.90708908e-14  -3.05821303e-14
  1.70400000e-04  -4.18158784e-03   4.70150489e-03  -1.15945677e-02   4.34810852e-14  -3.67381270e-14  -3.05784977e-14
  1.70480000e-04  -4.25825848e-03   4.65816312e-03  -1.16800291e-02   4.59201122e-14  -3.45020035e-14  -3.05012655e-14
  1.70560000e-04  -4.33351271e-03   4.61161454e-03  -1.17287560e-02   4.81200816e-14  -3.20078286e-14  -3.03644098e-14
  1.70640000e-04  -4.40363627e-03   4.56029270e-03  -1.17566216e-02   5.01200431e-14  -2.93256099e-14  -3.01484404e-14
  1.70720000e-04  -4.47362644e-03   4.51142499e-03  -1.18274768e-02   5.21652496e-14  -2.66434825e-14  -2.98937734e-14
  1.70800000e-04  -4.54843027e-03   4.46068064e-03  -1.20158542e-02   5.45863798e-14  -2.40902564e-14  -2.96059919e-14
  1.70880000e-04  -4.61079026e-03   4.39840835e-03  -1.21602596e-02   5.66990437e-14  -2.12637907e-14  -2.91896920e-14
  1.70960000e-04  -4.67010656e-03   4.33651142e-03  -1.23550296e-02   5.89027831e-14  -1.83657915e-14  -2.87110392e-14
  1.71040000e-04  -4.71365525e-03   4.26181829e-03  -1.25098144e-02   6.07761423e-14  -1.52293530e-14  -2.80885475e-14
  1.71120000e-04  -4.76419011e-03   4.19092313e-03  -1.27243969e-02   6.27660812e-14  -1.19990223e-14  -2.74525015e-14
  1.71200000e-04  -4.81232562e-03   4.11206890e-03  -1.30322869e-02   6.50035829e-14  -8.68090115e-15  -2.67424185e-14
  1.71280000e-04  -4.83707949e-03   4.03597255e-03  -1.33533727e-02   6.71264390e-14  -5.15140154e-15  -2.58726275e-14
  1.71360000e-04  -4.86362399e-03   3.95123704e-03  -1.36852278e-02   6.90820529e-14  -1.36577783e-15  -2.49455579e-14
  1.71440000e-04  -4.88627872e-03   3.86649377e-03  -1.40059488e-02   7.07527072e-14   2.66739804e-15  -2.39472510e-14
  1.71520000e-04  -4.89366117e-03   3.77145771e-03  -1.44407194e-02   7.26680863e-14   6.91999055e-15  -2.28184297e-14
  1.71600000e-04  -4.87996744e-03   3.66150225e-03  -1.48267121e-02   7.40343956e-14   1.14415206e-14  -2.15416799e-14
  1.71680000e-04  -4.84806486e-03   3.54689201e-03  -1.53275412e-02   7.55719987e-14   1.62504739e-14  -2.01427790e-14
  1.71760000e-04  -4.80897210e-03   3.43718055e-03  -1.57366803e-02   7.63231007e-14   2.13106640e-14  -1.86689351e-14
  1.71840000e-04  -4.75079918e-03   3.31131331e-03  -1.63993535e-02   7.77150595e-14   2.68675659e-14  -1.70885829e-14
  1.71920000e-04  -4.65994461e-03   3.17927894e-03  -1.70464023e-02   7.84976000e-14   3.27461744e-14  -1.53513475e-14
  1.72000000e-04  -4.53474401e-03   3.02121975e-03  -1.77177180e-02   7.87260951e-14   3.89737411e-14  -1.35036832e-14
  1.72080000e-04  -4.37768954e-03   2.85723419e-03  -1.84842808e-02   7.86368027e-14   4.56788143e-14  -1.15629297e-14
  1.72160000e-04  -4.19410794e-03   2.68718779e-03  -1.93198922e-02   7.79917216e-14   5.28731166e-14  -9.57695329e-15
  1.72240000e-04  -3.97550709e-03   2.49544576e-03  -2.02989251e-02   7.68724254e-14   6.07378254e-14  -7.58852614e-15
  1.72320000e-04  -3.67195648e-03   2.27089622e-03  -2.12468757e-02   7.44652726e-14   6.87222998e-14  -5.52420181e-15
  1.72400000e-04  -3.33010860e-03   2.02102800e-03  -2.24497381e-02   7.15506723e-14   7.76859225e-14  -3.61991236e-15
  1.72480000e-04  -2.92661843e-03   1.75554488e-03  -2.37860756e-02   6.74203994e-14   8.72784973e-14  -1.85370910e-15
  1.72560000e-04  -2.45896648e-03   1.44864564e-03  -2.51782661e-02   6.15244506e-14   9.71326555e-14  -4.20035425e-16
  1.72640000e-04  -1.89482070e-03   1.08725536e-03  -2.66678933e-02   5.36828355e-14   1.07116572e-13   5.52864029e-16
  1.72720000e-04  -1.24908796e-03   6.86006895e-04  -2.83309673e-02   4.37507778e-14   1.17309727e-13   9.11607143e-16
  1.72800000e-04  -5.17951859e-04   2.25152712e-04  -3.01665657e-02   3.12757088e-14   1.27364551e-13   4.13608985e-16
  1.72880000e-04   3.16635365e-04  -3.11267365e-04  -3.20620940e-02   1.57529544e-14   1.36258094e-13  -1.16725861e-15
  1.72960000e-04   1.27839163e-03  -9.59386265e-04  -3.40125561e-02  -2.99219346e-15   1.43195596e-13  -4.15155752e-15
  1.73040000e-04   2.34267645e-03  -1.70013745e-03  -3.58827356e-02  -2.48011393e-14   1.46800045e-13  -8.57463328e-15
  1.73120000e-04   3.55071932e-03  -2.58740166e-03  -3.77081286e-02  -4.93113834e-14   1.46200027e-13  -1.46750607e-14
  1.73200000e-04   4.88709902e-03  -3.62266626e-03  -3.92599306e-02  -7.54257496e-14   1.39625096e-13  -2.22727910e-14
  1.73280000e-04   6.35020799e-03  -4.82700034e-03  -4.04718397e-02  -1.01670032e-13   1.26286392e-13  -3.10144119e-14
  1.73360000e-04   7.90928968e-03  -6.19095698e-03  -4.11581000e-02  -1.25920710e-13   1.05621675e-13  -4.00854904e-14
  1.73440000e-04   9.50704746e-03  -7.68017559e-03  -4.12437414e-02  -1.46130655e-13   7.83513594e-14  -4.82745552e-14
  1.73520000e-04   1.11315370e-02  -9.28373282e-03  -4.06705328e-02  -1.60621924e-13   4.59972226e-14  -5.44619080e-14
  1.73600000e-04   1.27070280e-02  -1.09113209e-02  -3.94831113e-02  -1.68486254e-13   1.10626139e-14  -5.72818909e-14
  1.73680000e-04   1.41367897e-02  -1.24626649e-02  -3.75400629e-02  -1.68888863e-13  -2.36918988e-14  -5.57346468e-14
  1.73760000e-04   1.54340902e-02  -1.39008466e-02  -3.52385762e-02  -1.63738133e-13  -5.55482193e-14  -4.98028591e-14
  1.73840000e-04   1.65090400e-02  -1.51186811e-02  -3.24259869e-02  -1.53336524e-13  -8.23032061e-14  -3.96941773e-14
  1.73920000e-04   1.73453252e-02  -1.60784539e-02  -2.94271301e-02  -1.39916162e-13  -1.02677099e-13  -2.63703031e-14
  1.74000000e-04   1.79763245e-02  -1.67700992e-02  -2.63325167e-02  -1.24905885e-13  -1.16439754e-13  -1.11133506e-14
  1.74080000e-04   1.84032407e-02  -1.71847943e-02  -2.31942520e-02  -1.09405691e-13  -1.23736747e-13   4.87065764e-15
  1.74160000e-04   1.86465263e-02  -1.73434398e-02  -2.01434019e-02  -9.44733946e-14  -1.25372387e-13   2.04924576e-14
  1.74240000e-04   1.86951117e-02  -1.72559202e-02  -1.72635995e-02  -8.06388662e-14  -1.22274508e-13   3.48946077e-14
  1.74320000e-04   1.86131705e-02  -1.69737427e-02  -1.46004599e-02  -6.82576927e-14  -1.15712451e-13   4.75040718e-14
  1.74400000e-04   1.84161139e-02  -1.65327978e-02  -1.21412981e-02  -5.74155046e-14  -1.06568758e-13   5.80258591e-14
  1.74480000e-04   1.81033142e-02  -1.59589810e-02  -9.96124219e-03  -4.80399314e-14  -9.58860874e-14   6.63132435e-14
  1.74560000e-04   1.77196836e-02  -1.52973805e-02  -8.00536257e-03  -4.00660934e-14  -8.43330839e-14   7.24660215e-14
  1.74640000e-04   1.72530702e-02  -1.45612903e-02  -6.33763508e-03  -3.32242616e-14  -7.26867728e-14   7.65573718e-14
  1.74720000e-04   1.67237493e-02  -1.37616580e-02  -4.89850741e-03  -2.73556445e-14  -6.12707140e-14   7.87377942e-14
  1.74800000e-04   1.61489538e-02  -1.29496635e-02  -3.66452982e-03  -2.24101063e-14  -5.04082445e-14   7.93744474e-14
  1.74880000e-04   1.55349041e-02  -1.21273274e-02  -2.62651607e-03  -1.82032709e-14  -4.03542880e-14   7.86607009e-14
  1.74960000e-04   1.48908697e-02  -1.13122883e-02  -1.81903227e-03  -1.45215393e-14  -3.14755186e-14   7.68660306e-14
  1.75040000e-04   1.42065864e-02  -1.05044787e-02  -1.16167571e-03  -1.13678990e-14  -2.35737010e-14   7.41432408e-14
  1.75120000e-04   1.35042006e-02  -9.70547319e-03  -6.78546093e-04  -8.58093804e-15  -1.68828886e-14   7.07066404e-14
  1.75200000e-04   4.26496730e-03  -3.00279987e-03  -3.12459923e-04  -1.85673981e-15  -4.95789882e-15   2.23025189e-14
  1.75280000e-04  -4.89504069e-03   3.17453671e-03  -6.10790256e-07   2.71396970e-15   4.18015948e-15  -2.44313047e-14
  1.75360000e-04  -1.39181767e-02   9.00792705e-03  -4.74226148e-04   1.03597697e-14   1.23877703e-14  -6.87456271e-14
  1.75440000e-04  -1.96612111e-02   1.23758892e-02  -1.05209170e-03   1.92092210e-14   2.25706382e-14  -9.34755317e-14
  1.75520000e-04  -1.85282286e-02   1.13577041e-02  -1.74011349e-03   2.29694597e-14   2.45703906e-14  -8.42015054e-14
  1.75600000e-04  -1.73852724e-02   1.04009663e-02  -2.50200100e-03   2.58058657e-14   2.50163124e-14  -7.53189873e-14
  1.75680000e-04  -1.62302435e-02   9.47839008e-03  -3.34628914e-03   2.78305632e-14   2.40454456e-14  -6.68754838e-14
  1.75760000e-04  -1.50674815e-02   8.61975025e-03  -4.21604676e-03   2.91580162e-14   2.20612547e-14  -5.91016608e-14
  1.75840000e-04  -1.39054999e-02   7.79930928e-03  -5.10939859e-03   2.98872470e-14   1.92442578e-14  -5.19640789e-14
  1.75920000e-04  -1.27571461e-02   7.02435055e-03  -6.00750830e-03   3.01564863e-14   1.58383069e-14  -4.55191849e-14
  1.76000000e-04  -1.16179104e-02   6.29431776e-03  -6.89620418e-03   3.00898837e-14   1.20019361e-14  -3.97374507e-14
  1.76080000e-04  -1.04969438e-02   5.60730633e-03  -7.77814889e-03   2.98228333e-14   7.85664205e-15  -3.45832936e-14
  1.76160000e-04  -9.41465522e-03   4.96781289e-03  -8.62927346e-03   2.94550318e-14   3.64056020e-15  -3.00399968e-14
  1.76240000e-04  -8.36320904e-03   4.36399163e-03  -9.44884975e-03   2.90511050e-14  -5.96168585e-16  -2.59885748e-14
  1.76320000e-04  -7.35380030e-03   3.80545732e-03  -1.02731350e-02   2.87888889e-14  -4.85903250e-15  -2.24078221e-14
  1.76400000e-04  -6.40601571e-03   3.28237550e-03  -1.10560664e-02   2.86392020e-14  -8.87425907e-15  -1.92285232e-14
  1.76480000e-04  -5.49313931e-03   2.80511501e-03  -1.17874616e-02   2.86860269e-14  -1.26588428e-14  -1.63806134e-14
  1.76560000e-04  -4.65729497e-03   2.37007599e-03  -1.25240135e-02   2.90458280e-14  -1.61678890e-14  -1.38609012e-14
  1.76640000e-04  -3.89284801e-03   1.96888796e-03  -1.31696346e-02   2.95601434e-14  -1.91168051e-14  -1.15957654e-14
  1.76720000e-04  -3.19023745e-03   1.60839423e-03  -1.38419781e-02   3.04613950e-14  -2.18124713e-14  -9.55514707e-15
  1.76800000e-04  -2.56058036e-03   1.29770441e-03  -1.43652175e-02   3.14776173e-14  -2.37427558e-14  -7.75568123e-15
  1.76880000e-04  -1.99767391e-03   1.00306237e-03  -1.48280516e-02   3.26047926e-14  -2.51416758e-14  -6.09334355e-15
  1.76960000e-04  -1.50757724e-03   7.62050762e-04  -1.53145530e-02   3.41298590e-14  -2.61498275e-14  -4.66098453e-15
  1.77040000e-04  -1.07444583e-03   5.50023774e-04  -1.57236641e-02   3.57248893e-14  -2.65934727e-14  -3.37144703e-15
  1.77120000e-04  -7.07360562e-04   3.66459180e-04  -1.60104079e-02   3.72420962e-14  -2.63612730e-14  -2.24878221e-15
  1.77200000e-04  -3.84738343e-04   2.02840255e-04  -1.62906155e-02   3.88515647e-14  -2.57734050e-14  -1.23847811e-15
  1.77280000e-04  -1.15272061e-04   6.29534272e-05  -1.64890402e-02   4.03551978e-14  -2.46742685e-14  -3.76320061e-16
  1.77360000e-04   1.12364451e-04  -5.76300903e-05  -1.66002139e-02   4.16691349e-14  -2.31399415e-14   3.62386075e-16
  1.77440000e-04   3.09006886e-04  -1.62040438e-04  -1.65983058e-02   4.26636337e-14  -2.12333045e-14   1.00154864e-15
  1.77520000e-04   4.75633784e-04  -2.52474635e-04  -1.65841685e-02   4.35531845e-14  -1.91300547e-14   1.54033767e-15
  1.77600000e-04   6.08467194e-04  -3.23246497e-04  -1.64325741e-02   4.39964508e-14  -1.67377169e-14   1.95835450e-15
  1.77680000e-04   7.45073128e-04  -3.94360644e-04  -1.62953588e-02   4.43133064e-14  -1.43940512e-14   2.37448598e-15
  1.77760000e-04   8.58120380e-04  -4.47316317e-04  -1.60297032e-02   4.41687679e-14  -1.19254486e-14   2.69727811e-15
  1.77840000e-04   9.84104453e-04  -5.08511682e-04  -1.56515372e-02   4.34926169e-14  -9.58017159e-15   3.04589297e-15
  1.77920000e-04   1.10574747e-03  -5.63330107e-04  -1.51321508e-02   4.22643740e-14  -7.36903033e-15   3.36270251e-15
  1.78000000e-04   1.24400220e-03  -6.08447435e-04  -1.45292871e-02   4.06808213e-14  -5.46635710e-15   3.71202124e-15
  1.78080000e-04   1.41903091e-03  -6.57723600e-04  -1.38426239e-02   3.87130659e-14  -3.99369558e-15   4.15830014e-15
  1.78160000e-04   1.61502137e-03  -7.11970667e-04  -1.30368760e-02   3.62830825e-14  -2.94181762e-15   4.65544365e-15
  1.78240000e-04   1.85610742e-03  -7.68140245e-04  -1.21272299e-02   3.34805226e-14  -2.44740797e-15   5.27930939e-15
  1.78320000e-04   2.14696197e-03  -8.28594491e-04  -1.11431486e-02   3.04129284e-14  -2.53774099e-15   6.04839451e-15
  1.78400000e-04   2.49272149e-03  -8.81285150e-04  -1.00428159e-02   2.70260942e-14  -3.25418746e-15   6.99369515e-15
  1.78480000e-04   2.88682615e-03  -9.43735792e-04  -8.86729184e-03   2.33907871e-14  -4.54154302e-15   8.09843115e-15
  1.78560000e-04   3.33593004e-03  -1.00423039e-03  -7.64462309e-03   1.96381860e-14  -6.37015571e-15   9.40644395e-15
  1.78640000e-04   3.83189430e-03  -1.06812506e-03  -6.33288053e-03   1.56083415e-14  -8.69697452e-15   1.09111440e-14
  1.78720000e-04   4.37545136e-03  -1.11363360e-03  -4.94519577e-03   1.13937613e-14  -1.14587235e-14   1.26615145e-14
  1.78800000e-04   4.93758891e-03  -1.15673046e-03  -3.53487062e-03   7.06074085e-15  -1.44277278e-14   1.45838514e-14
  1.78880000e-04   5.52504336e-03  -1.18371125e-03  -2.10782323e-03   2.62964532e-15  -1.75360035e-14   1.67407156e-14
  1.78960000e-04   5.85079118e-03  -1.14450081e-03  -6.65719797e-04  -1.77426834e-15  -1.96913304e-14   1.82597395e-14
  1.79040000e-04  -2.76780710e-04   3.16788013e-04  -6.17022645e-04   3.15506519e-15   1.55363948e-15  -6.17622096e-16
  1.79120000e-04  -6.92421935e-04   3.45637354e-04  -1.75952760e-03   7.05884115e-15   4.13472334e-15  -1.96563078e-15
  1.79200000e-04  -1.10250918e-03   3.62415302e-04  -2.90648518e-03   1.08838860e-14   6.79864950e-15  -3.28081825e-15
  1.79280000e-04  -1.51060164e-03   3.73350224e-04  -4.05409359e-03   1.46024696e-14   9.60975017e-15  -4.55606457e-15
  1.79360000e-04  -1.91404959e-03   3.75542511e-04  -5.20246265e-03   1.81655304e-14   1.26114693e-14  -5.77295508e-15
  1.79440000e-04  -2.29872161e-03   3.64422851e-04  -6.34544035e-03   2.14934634e-14   1.57950222e-14  -6.87917929e-15
  1.79520000e-04  -2.67021975e-03   3.47752202e-04  -7.48283557e-03   2.45661141e-14   1.92202172e-14  -7.87309164e-15
  1.79600000e-04  -3.02056190e-03   3.24922324e-04  -8.61795674e-03   2.73403228e-14   2.28959414e-14  -8.71943748e-15
  1.79680000e-04  -3.34592289e-03   2.96394726e-04  -9.75047508e-03   2.97604109e-14   2.68327143e-14  -9.39676933e-15
  1.79760000e-04  -3.63771879e-03   2.60791658e-04  -1.08770322e-02   3.17517802e-14   3.10081875e-14  -9.87561397e-15
  1.79840000e-04  -3.88231065e-03   2.20088573e-04  -1.20036433e-02   3.32759115e-14   3.53835744e-14  -1.01135882e-14
  1.79920000e-04  -4.08578957e-03   1.79620134e-04  -1.31286638e-02   3.42818766e-14   3.99683182e-14  -1.01220826e-14
  1.80000000e-04  -4.22641170e-03   1.36220804e-04  -1.42621222e-02   3.47155125e-14   4.46782588e-14  -9.86080034e-15
  1.80080000e-04  -4.29485294e-03   9.35933480e-05  -1.54011342e-02   3.45135999e-14   4.94367088e-14  -9.32424111e-15
  1.80160000e-04  -4.29145301e-03   4.95250195e-05  -1.65440404e-02   3.35976758e-14   5.41901577e-14  -8.55287310e-15
  1.80240000e-04  -4.19578389e-03   1.39349800e-05  -1.76998701e-02   3.19626641e-14   5.88156370e-14  -7.53049800e-15
  1.80320000e-04  -3.99955408e-03  -1.56870680e-05  -1.88603113e-02   2.95286423e-14   6.31817766e-14  -6.31445243e-15
  1.80400000e-04  -3.70669992e-03  -3.74904495e-05  -2.00309325e-02   2.62727056e-14   6.72230435e-14  -4.98754904e-15
  1.80480000e-04  -3.27341676e-03  -5.31877616e-05  -2.12009755e-02   2.21516512e-14   7.06311293e-14  -3.59739568e-15
  1.80560000e-04  -2.71983786e-03  -5.62716202e-05  -2.23674903e-02   1.71937354e-14   7.33546675e-14  -2.27526457e-15
  1.80640000e-04  -2.01674965e-03  -5.30495146e-05  -2.35210905e-02   1.14058873e-14   7.51202778e-14  -1.14739210e-15
  1.80720000e-04  -1.17739009e-03  -3.56581323e-05  -2.46442589e-02   4.89448409e-15   7.57896874e-14  -3.43497274e-16
  1.80800000e-04  -1.81581230e-04  -1.63279348e-05  -2.57180980e-02  -2.25314815e-15   7.50878535e-14  -3.17636307e-17
  1.80880000e-04   9.64088518e-04   8.86807254e-06  -2.67334908e-02  -9.82993566e-15   7.28783961e-14  -3.30321142e-16
  1.80960000e-04   2.27254889e-03   3.16528497e-05  -2.76512193e-02  -1.76058569e-14   6.88777681e-14  -1.36811300e-15
  1.81040000e-04   3.68859541e-03   4.91298689e-05  -2.84631991e-02  -2.52780534e-14   6.31893731e-14  -3.16675669e-15
  1.81120000e-04   5.24404483e-03   5.60275168e-05  -2.91372576e-02  -3.24992487e-14   5.55455166e-14  -5.74231941e-15
  1.81200000e-04   6.91038415e-03   4.52023776e-05  -2.96398977e-02  -3.88880239e-14   4.59711652e-14  -8.99642708e-15
  1.81280000e-04   8.67560336e-03   7.53381558e-06  -2.99635293e-02  -4.41089832e-14   3.45597360e-14  -1.27625712e-14
  1.81360000e-04   1.04634957e-02  -5.03380332e-05  -3.00829532e-02  -4.77797588e-14   2.16935569e-14  -1.66551239e-14
  1.81440000e-04   1.22606816e-02  -1.40609619e-04  -2.99941524e-02  -4.97118639e-14   7.62991589e-15  -2.03564404e-14
  1.81520000e-04   1.40167796e-02  -2.51881431e-04  -2.96935681e-02  -4.97374157e-14  -7.15238711e-15  -2.34177597e-14
  1.81600000e-04   1.57149381e-02  -3.90493025e-04  -2.91867234e-02  -4.78904918e-14  -2.22435372e-14  -2.54879645e-14
  1.81680000e-04   1.73596272e-02  -5.44257966e-04  -2.84852706e-02  -4.42525334e-14  -3.72925254e-14  -2.62560514e-14
  1.81760000e-04   1.88868152e-02  -7.06793241e-04  -2.76124097e-02  -3.90534343e-14  -5.16235744e-14  -2.53910401e-14
  1.81840000e-04   2.02632250e-02  -8.60858245e-04  -2.66032818e-02  -3.25845304e-14  -6.46922250e-14  -2.27256487e-14
  1.81920000e-04   2.14979358e-02  -1.00326672e-03  -2.54821141e-02  -2.52274025e-14  -7.62055350e-14  -1.82827296e-14
  1.82000000e-04   2.26260084e-02  -1.12473535e-03  -2.42776606e-02  -1.73374843e-14  -8.60562071e-14  -1.21711731e-14
  1.82080000e-04   2.36190284e-02  -1.21068379e-03  -2.30197445e-02  -9.21624119e-15  -9.39007255e-14  -4.51762513e-15
  1.82160000e-04   2.44596439e-02  -1.25712528e-03  -2.17502673e-02  -1.18190099e-15  -9.94961447e-14   4.42156596e-15
  1.82240000e-04   2.52150761e-02  -1.25530321e-03  -2.04738544e-02   6.54577447e-15  -1.03103144e-13   1.43831202e-14
  1.82320000e-04   2.58670365e-02  -1.20461884e-03  -1.92199148e-02   1.37714792e-14  -1.04593948e-13   2.50897677e-14
  1.82400000e-04   2.64227989e-02  -1.09760639e-03  -1.79994634e-02   2.03731177e-14  -1.04020797e-13   3.62504520e-14
  1.82480000e-04   2.69273780e-02  -9.36340920e-04  -1.68382791e-02   2.62654693e-14  -1.01618901e-13   4.76539290e-14
  1.82560000e-04   2.73855511e-02  -7.21392257e-04  -1.57369449e-02   3.13867358e-14  -9.74633158e-14   5.90872207e-14
  1.82640000e-04   2.78063227e-02  -4.42912315e-04  -1.47029079e-02   3.57439169e-14  -9.16515980e-14   7.03602661e-14
  1.82720000e-04   2.82037973e-02  -1.14898600e-04  -1.37389592e-02   3.92604046e-14  -8.43021329e-14   8.13000948e-14
  1.82800000e-04   2.85966873e-02   2.70173764e-04  -1.28504002e-02   4.19647412e-14  -7.55353320e-14   9.17983015e-14
  1.82880000e-04   2.89871912e-02   7.05951170e-04  -1.20436878e-02   4.38442686e-14  -6.53959032e-14   1.01692763e-13
  1.82960000e-04   2.94047277e-02   1.19619386e-03  -1.13125141e-02   4.48783536e-14  -5.40161470e-14   1.10941031e-13
  1.83040000e-04   2.98461689e-02   1.73689304e-03  -1.06642169e-02   4.50633196e-14  -4.13840022e-14   1.19379404e-13
  1.83120000e-04   3.03125438e-02   2.33277105e-03  -1.00916607e-02   4.43510410e-14  -2.75426315e-14   1.26851492e-13
  1.83200000e-04   3.08225888e-02   2.97345679e-03  -9.59788448e-03   4.26950893e-14  -1.25422794e-14   1.33225114e-13
  1.83280000e-04   3.13865056e-02   3.66644093e-03  -9.18091695e-03   4.00503437e-14   3.58575100e-15   1.38350808e-13
  1.83360000e-04   3.20270367e-02   4.40719205e-03  -8.85142119e-03   3.63948660e-14   2.08366601e-14   1.42062031e-13
  1.83440000e-04   3.27201867e-02   5.18973865e-03  -8.60039266e-03   3.16280105e-14   3.91447616e-14   1.43949880e-13
  1.83520000e-04   3.35273873e-02   6.02329881e-03  -8.43921889e-03   2.57232224e-14   5.84803407e-14   1.43932397e-13
  1.83600000e-04   3.44410555e-02   6.89284777e-03  -8.36988815e-03   1.86257880e-14   7.87571256e-14   1.41501613e-13
  1.83680000e-04   3.54959761e-02   7.80189610e-03  -8.40486576e-03   1.03128670e-14   9.98844484e-14   1.36272655e-13
  1.83760000e-04   3.67038851e-02   8.73950551e-03  -8.55035184e-03   7.70772188e-16   1.21629138e-13   1.27628533e-13
  1.83840000e-04   3.80898719e-02   9.69205267e-03  -8.81257729e-03  -9.96526542e-15   1.43626420e-13   1.14887973e-13
  1.83920000e-04   3.96814507e-02   1.06566757e-02  -9.20220308e-03  -2.18365487e-14   1.65332753e-13   9.73018739e-14
  1.84000000e-04   4.15221669e-02   1.16131503e-02  -9.73312665e-03  -3.46637712e-14   1.85976998e-13   7.40218393e-14
  1.84080000e-04   4.35991290e-02   1.25166820e-02  -1.04128910e-02  -4.80877231e-14   2.04162911e-13   4.40664741e-14
  1.84160000e-04   4.59527361e-02   1.33363197e-02  -1.12417127e-02  -6.16524840e-14   2.18155548e-13   6.78649346e-15
  1.84240000e-04   4.86166410e-02   1.40119570e-02  -1.21761690e-02  -7.45677355e-14   2.25548023e-13  -3.81781517e-14
  1.84320000e-04   5.14629171e-02   1.44714269e-02  -1.32005570e-02  -8.57847451e-14   2.22867666e-13  -9.01113562e-14
  1.84400000e-04   5.44526898e-02   1.46218799e-02  -1.42132676e-02  -9.38495024e-14   2.06736692e-13  -1.46868321e-13
  1.84480000e-04   5.74254623e-02   1.43929450e-02  -1.51082024e-02  -9.73141505e-14   1.74007501e-13  -2.04116255e-13
  1.84560000e-04   6.02587849e-02   1.37350952e-02  -1.57180104e-02  -9.48175032e-14   1.23334583e-13  -2.55730541e-13
  1.84640000e-04   6.25539025e-02   1.26352701e-02  -1.59005277e-02  -8.58260569e-14   5.59710451e-14  -2.93169234e-13
  1.84720000e-04   6.42220133e-02   1.11873564e-02  -1.55359581e-02  -7.10213443e-14  -2.23816945e-14  -3.09702541e-13
  1.84800000e-04   6.50146000e-02   9.53102208e-03  -1.45890724e-02  -5.23613495e-14  -1.03000459e-13  -3.00632673e-13
  1.84880000e-04   6.48792182e-02   7.85344837e-03  -1.31173168e-02  -3.25722270e-14  -1.75949792e-13  -2.66447267e-13
  1.84960000e-04   6.39964939e-02   6.35970301e-03  -1.12856215e-02  -1.43061223e-14  -2.33440401e-13  -2.12673558e-13
  1.85040000e-04   6.24999526e-02   5.17782354e-03  -9.27120447e-03   6.79523613e-16  -2.71061800e-13  -1.46802929e-13
  1.85120000e-04   6.05474397e-02   4.38263462e-03  -7.26375561e-03   1.16375991e-14  -2.87963776e-13  -7.67389782e-14
  1.85200000e-04   5.84579627e-02   3.99977622e-03  -5.39695929e-03   1.87868892e-14  -2.86907869e-13  -9.13922075e-15
  1.85280000e-04   5.63510337e-02   3.97826086e-03  -3.75401822e-03   2.26151461e-14  -2.71297410e-13   5.19696447e-14
  1.85360000e-04   5.42889901e-02   4.28203446e-03  -2.39215973e-03   2.38916367e-14  -2.44672056e-13   1.04239968e-13
  1.85440000e-04   5.24967473e-02   4.85692181e-03  -1.30565995e-03   2.31883034e-14  -2.11066699e-13   1.47186908e-13
  1.85520000e-04   5.08526015e-02   5.64345569e-03  -5.06343050e-04   2.09336120e-14  -1.72428356e-13   1.80582787e-13
  1.85600000e-04   4.94578192e-02   6.60292639e-03   4.22571211e-05   1.73329319e-14  -1.31141434e-13   2.05130423e-13
  1.85680000e-04   4.82879700e-02   7.67651538e-03   3.56562050e-04   1.24450995e-14  -8.85676164e-14   2.21397871e-13
  1.85760000e-04   4.73847508e-02   8.83384959e-03   4.57335859e-04   6.32783963e-15  -4.58609252e-14   2.30214642e-13
  1.85840000e-04   4.66967425e-02   1.00489763e-02   3.47618122e-04  -9.25258369e-16  -3.72245336e-15   2.31902172e-13
  1.85920000e-04   4.62094515e-02   1.12897290e-02   2.64668198e-05  -9.20404383e-15   3.71409385e-14   2.26800471e-13
  1.86000000e-04   4.59545826e-02   1.25139617e-02  -4.71994137e-04  -1.85134923e-14   7.61090960e-14   2.15355442e-13
  1.86080000e-04   4.58979868e-02   1.37114502e-02  -1.19514073e-03  -2.84711600e-14   1.12529449e-13   1.97611037e-13
  1.86160000e-04   4.60329913e-02   1.48469265e-02  -2.13464783e-03  -3.89131679e-14   1.45624718e-13   1.73700768e-13
  1.86240000e-04   4.63651911e-02   1.58962657e-02  -3.30845113e-03  -4.95675686e-14   1.74513244e-13   1.43843473e-13
  1.86320000e-04   4.68016377e-02   1.67880150e-02  -4.72397143e-03  -6.00124937e-14   1.97733383e-13   1.08143756e-13
  1.86400000e-04   4.74374938e-02   1.75315498e-02  -6.38408900e-03  -7.01516242e-14   2.14406220e-13   6.75203755e-14
  1.86480000e-04   4.80922475e-02   1.80451208e-02  -8.28527706e-03  -7.95243554e-14   2.22382498e-13   2.27408285e-14
  1.86560000e-04   4.87915921e-02   1.82933090e-02  -1.03834338e-02  -8.78647413e-14   2.20523345e-13  -2.43617790e-14
  1.86640000e-04   4.94219874e-02   1.82564154e-02  -1.26262935e-02  -9.48846405e-14   2.07437308e-13  -7.14640323e-14
  1.86720000e-04   4.98225535e-02   1.78607521e-02  -1.49321809e-02  -9.99212603e-14   1.82337370e-13  -1.15297945e-13
  1.86800000e-04   4.99102239e-02   1.71414405e-02  -1.71805226e-02  -1.02614343e-13   1.46092694e-13  -1.52339117e-13
  1.86880000e-04   4.97041266e-02   1.61332918e-02  -1.92522825e-02  -1.02448399e-13   1.01272976e-13  -1.79627622e-13
  1.86960000e-04   4.89612984e-02   1.48657340e-02  -2.10289814e-02  -9.88939729e-14   5.08712990e-14  -1.94290823e-13
  1.87040000e-04   4.77214709e-02   1.34411710e-02  -2.23929142e-02  -9.17709113e-14  -2.34716446e-16  -1.95713595e-13
  1.87120000e-04   4.60313212e-02   1.19649986e-02  -2.33154293e-02  -8.13693813e-14  -4.75648405e-14  -1.85055713e-13
  1.87200000e-04   4.39841672e-02   1.05418299e-02  -2.37658060e-02  -6.82093956e-14  -8.74463520e-14  -1.65026090e-13
  1.87280000e-04   4.16731115e-02   9.23237371e-03  -2.38361020e-02  -5.33149085e-14  -1.18040443e-13  -1.38931760e-13
  1.87360000e-04   3.92601313e-02   8.09269451e-03  -2.35699016e-02  -3.75958456e-14  -1.38813718e-13  -1.10284502e-13
  1.87440000e-04   3.68027943e-02   7.13589395e-03  -2.30598492e-02  -2.19995756e-14  -1.50553292e-13  -8.16995012e-14
  1.87520000e-04   3.44071224e-02   6.36131466e-03  -2.23975684e-02  -7.25977975e-15  -1.54806227e-13  -5.51202359e-14
  1.87600000e-04   3.21789529e-02   5.75332648e-03  -2.16673091e-02   6.15496149e-15  -1.53445057e-13  -3.16033381e-14
  1.87680000e-04   3.00593363e-02   5.28629092e-03  -2.09001045e-02   1.80124261e-14  -1.47846326e-13  -1.14887998e-14
  1.87760000e-04   2.81130820e-02   4.93782794e-03  -2.01478459e-02   2.82463285e-14  -1.39525186e-13   5.21842316e-15
  1.87840000e-04   2.63292570e-02   4.68133265e-03  -1.94309922e-02   3.69011751e-14  -1.29510430e-13   1.87998180e-14
  1.87920000e-04   2.46899110e-02   4.50015338e-03  -1.87613834e-02   4.40947871e-14  -1.18563802e-13   2.95895596e-14
  1.88000000e-04   2.32099023e-02   4.37716797e-03  -1.81552195e-02   4.99936208e-14  -1.07325103e-13   3.80368328e-14
  1.88080000e-04   2.18623191e-02   4.29920295e-03  -1.76033960e-02   5.47334674e-14  -9.60981232e-14   4.45059119e-14
  1.88160000e-04   2.06453071e-02   4.25809910e-03  -1.71150109e-02   5.84940089e-14  -8.51781521e-14   4.93677608e-14
  1.88240000e-04   1.95308461e-02   4.23816169e-03  -1.66861201e-02   6.14037890e-14  -7.46857387e-14   5.29025149e-14
  1.88320000e-04   1.85133939e-02   4.23692792e-03  -1.63077976e-02   6.35735158e-14  -6.46906085e-14   5.53644406e-14
  1.88400000e-04   1.75826503e-02   4.25012928e-03  -1.59761914e-02   6.51069177e-14  -5.52324400e-14   5.69602062e-14
  1.88480000e-04   1.67291882e-02   4.27157324e-03  -1.56884201e-02   6.60951726e-14  -4.63234891e-14   5.78671659e-14
  1.88560000e-04   1.59434845e-02   4.29871249e-03  -1.54387725e-02   6.66065923e-14  -3.79496405e-14   5.82174900e-14
  1.88640000e-04   1.52142379e-02   4.32935272e-03  -1.52327199e-02   6.67437381e-14  -3.01124202e-14   5.81043850e-14
  1.88720000e-04   1.45393913e-02   4.36244410e-03  -1.50587607e-02   6.65258593e-14  -2.27644245e-14   5.76366796e-14
  1.88800000e-04   1.39109578e-02   4.39541392e-03  -1.49140823e-02   6.59971786e-14  -1.58789489e-14   5.68784186e-14
  1.88880000e-04   1.33291668e-02   4.42789881e-03  -1.47937878e-02   6.51835249e-14  -9.42058966e-15   5.59105394e-14
  1.88960000e-04   1.27849620e-02   4.45575642e-03  -1.47036639e-02   6.41564384e-14  -3.37320243e-15   5.47623684e-14
  1.89040000e-04   1.22763095e-02   4.48118420e-03  -1.46390538e-02   6.29281014e-14   2.29889280e-15   5.34752190e-14
  1.89120000e-04   1.18084498e-02   4.50725556e-03  -1.45871780e-02   6.14629886e-14   7.64291268e-15   5.21163981e-14
  1.89200000e-04   1.13573004e-02   4.52619418e-03  -1.45617944e-02   5.98606365e-14   1.26415168e-14   5.06169206e-14
  1.89280000e-04   1.09344677e-02   4.54030758e-03  -1.45574703e-02   5.81134266e-14   1.73415368e-14   4.90590247e-14
  1.89360000e-04   1.05336730e-02   4.54974543e-03  -1.45696095e-02   5.62177612e-14   2.17568714e-14   4.74390024e-14
  1.89440000e-04   1.01489389e-02   4.55330582e-03  -1.45974632e-02   5.41887314e-14   2.58942452e-14   4.57519595e-14
  1.89520000e-04   9.78702152e-03   4.55043419e-03  -1.46444514e-02   5.20545818e-14   2.97885070e-14   4.40446648e-14
  1.89600000e-04   9.44412384e-03   4.54478559e-03  -1.47079860e-02   4.98044846e-14   3.34504924e-14   4.23161291e-14
  1.89680000e-04   9.10120925e-03   4.52808959e-03  -1.47771319e-02   4.74250092e-14   3.68354729e-14   4.04963059e-14
  1.89760000e-04   8.76256917e-03   4.49940178e-03  -1.48710990e-02   4.50090258e-14   3.99764075e-14   3.86161522e-14
  1.89840000e-04   8.42747675e-03   4.46084184e-03  -1.49714086e-02   4.24860306e-14   4.28631719e-14   3.66869864e-14
  1.89920000e-04   8.09962361e-03   4.41513644e-03  -1.50871811e-02   3.98919269e-14   4.55223036e-14   3.47378857e-14
  1.90000000e-04   7.77912034e-03   4.35780253e-03  -1.52144700e-02   3.72315883e-14   4.79579282e-14   3.27727610e-14
  1.90080000e-04   7.45301674e-03   4.28221266e-03  -1.53582157e-02   3.45516466e-14   5.01422159e-14   3.07479489e-14
  1.90160000e-04   7.11118893e-03   4.18492736e-03  -1.55161701e-02   3.18646846e-14   5.20417450e-14   2.86402322e-14
  1.90240000e-04   6.77022326e-03   4.08005393e-03  -1.56792377e-02   2.91059573e-14   5.36988667e-14   2.65413479e-14
  1.90320000e-04   6.41236759e-03   3.94589531e-03  -1.58540246e-02   2.63816300e-14   5.50641938e-14   2.43752777e-14
  1.90400000e-04   6.06177327e-03   3.80464610e-03  -1.60356151e-02   2.36059015e-14   5.62192881e-14   2.22622029e-14
  1.90480000e-04   5.67832630e-03   3.63372360e-03  -1.62243394e-02   2.08764831e-14   5.70179461e-14   2.00766843e-14
  1.90560000e-04   5.25943621e-03   3.42262698e-03  -1.64247046e-02   1.82619169e-14   5.74607673e-14   1.78215784e-14
  1.90640000e-04   4.82126267e-03   3.18451207e-03  -1.66305708e-02   1.57166440e-14   5.76030436e-14   1.55864558e-14
  1.90720000e-04   4.34550555e-03   2.91178254e-03  -1.68347693e-02   1.32772829e-14   5.73634026e-14   1.33489362e-14
  1.90800000e-04   3.83493484e-03   2.59659609e-03  -1.70493270e-02   1.10128831e-14   5.67902521e-14   1.11262477e-14
  1.90880000e-04   3.29761891e-03   2.24893190e-03  -1.72600845e-02   8.87998476e-15   5.58955624e-14   8.97956898e-15
  1.90960000e-04   2.72210730e-03   1.86333664e-03  -1.74652071e-02   6.92319285e-15   5.46441826e-14   6.90894650e-15
  1.91040000e-04   2.09015321e-03   1.42327908e-03  -1.76666983e-02   5.23662801e-15   5.29860017e-14   4.88824912e-15
  1.91120000e-04   1.41226812e-03   9.35352949e-04  -1.78636440e-02   3.81784631e-15   5.09882593e-14   2.97161326e-15
  1.91200000e-04   6.63092962e-04   3.80651054e-04  -1.80462097e-02   2.76793121e-15   4.85507576e-14   1.12579279e-15
  1.91280000e-04  -1.45506177e-04  -2.31024809e-04  -1.82139441e-02   2.07460273e-15   4.57585212e-14  -5.96972358e-16
  1.91360000e-04  -1.01524574e-03  -9.05654552e-04  -1.83629741e-02   1.79061736e-15   4.26359038e-14  -2.20178478e-15
  1.91440000e-04  -1.95983443e-03  -1.64958270e-03  -1.84812463e-02   1.97157466e-15   3.91414039e-14  -3.70272338e-15
  1.91520000e-04  -2.97913181e-03  -2.46478479e-03  -1.85748364e-02   2.65183570e-15   3.53434706e-14  -5.11521150e-15
  1.91600000e-04  -4.08823654e-03  -3.35940570e-03  -1.86245016e-02   3.89659386e-15   3.11868008e-14  -6.48067348e-15
  1.91680000e-04  -5.28196680e-03  -4.33572295e-03  -1.86305311e-02   5.73647214e-15   2.67571127e-14  -7.85330717e-15
  1.91760000e-04  -6.55768757e-03  -5.39202861e-03  -1.85832555e-02   8.18276363e-15   2.21074347e-14  -9.30213372e-15
  1.91840000e-04  -7.93880581e-03  -6.54555217e-03  -1.84688201e-02   1.13173940e-14   1.71797289e-14  -1.09534558e-14
  1.91920000e-04  -9.40340940e-03  -7.79442209e-03  -1.82846014e-02   1.51183601e-14   1.21364226e-14  -1.29486295e-14
  1.92000000e-04  -1.09880858e-02  -9.14587688e-03  -1.80185282e-02   1.95831138e-14   6.88788829e-15  -1.54383705e-14
  1.92080000e-04  -1.26642924e-02  -1.06036531e-02  -1.76590131e-02   2.46617134e-14   1.61498961e-15  -1.86560787e-14
  1.92160000e-04  -1.44290699e-02  -1.21683636e-02  -1.72120927e-02   3.02265301e-14  -3.53809620e-15  -2.28378898e-14
  1.92240000e-04  -1.63307026e-02  -1.38761727e-02  -1.66416022e-02   3.62587125e-14  -8.72295489e-15  -2.83079128e-14
  1.92320000e-04  -1.82987897e-02  -1.56979616e-02  -1.59765644e-02   4.23518429e-14  -1.34161394e-14  -3.53255813e-14
  1.92400000e-04  -2.03951314e-02  -1.76871037e-02  -1.52049384e-02   4.83325789e-14  -1.76586491e-14  -4.42894884e-14
  1.92480000e-04  -2.25894492e-02  -1.98445972e-02  -1.43372243e-02   5.36827521e-14  -2.10166408e-14  -5.54917056e-14
  1.92560000e-04  -2.48745925e-02  -2.21760184e-02  -1.33932054e-02   5.77451016e-14  -2.30202038e-14  -6.91312784e-14
  1.92640000e-04  -2.72480776e-02  -2.47119366e-02  -1.24234902e-02   5.97504275e-14  -2.29787007e-14  -8.53412427e-14
  1.92720000e-04  -2.97295189e-02  -2.74986277e-02  -1.14603679e-02   5.87842428e-14  -2.01897676e-14  -1.04048698e-13
  1.92800000e-04  -3.23168495e-02  -3.05536285e-02  -1.06277742e-02   5.36180330e-14  -1.33441581e-14  -1.24678359e-13
  1.92880000e-04  -3.50111819e-02  -3.39090132e-02  -1.00351715e-02   4.29158582e-14  -1.07977125e-15  -1.46078315e-13
  1.92960000e-04  -3.78229710e-02  -3.75996331e-02  -9.84279737e-03   2.52366062e-14   1.81187518e-14  -1.66190747e-13
  1.93040000e-04  -4.08142649e-02  -4.16936243e-02  -1.02953478e-02  -8.88714459e-16   4.57913876e-14  -1.81920680e-13
  1.93120000e-04  -4.39967003e-02  -4.61754690e-02  -1.16136562e-02  -3.68328183e-14   8.24378138e-14  -1.88233767e-13
  1.93200000e-04  -4.73617611e-02  -5.09738458e-02  -1.41772925e-02  -8.34757160e-14   1.27126676e-13  -1.78213058e-13
  1.93280000e-04  -5.10789803e-02  -5.61398686e-02  -1.81639106e-02  -1.40595875e-13   1.74536570e-13  -1.44075040e-13
  1.93360000e-04  -5.51755743e-02  -6.14825035e-02  -2.37769972e-02  -2.05318307e-13   2.14082414e-13  -7.71235847e-14
  1.93440000e-04  -5.95824246e-02  -6.66029141e-02  -3.10875014e-02  -2.69472447e-13   2.28043255e-13   2.79043465e-14
  1.93520000e-04  -6.47394584e-02  -7.16648460e-02  -3.93406974e-02  -3.16128938e-13   1.94012894e-13   1.66802129e-13
  1.93600000e-04  -7.05688864e-02  -7.62487284e-02  -4.74333619e-02  -3.15854016e-13   9.39428889e-14   3.18898761e-13
  1.93680000e-04  -7.73731476e-02  -8.06066673e-02  -5.33095689e-02  -2.33449948e-13  -6.86591887e-14   4.42643715e-13
  1.93760000e-04  -8.51514799e-02  -8.50662085e-02  -5.45039802e-02  -5.03420771e-14  -2.56892616e-13   4.79590355e-13
  1.93840000e-04  -9.36305473e-02  -9.01360092e-02  -4.95013547e-02   1.98087427e-13  -4.12082098e-13   3.75674597e-13
  1.93920000e-04  -1.01288423e-01  -9.55645235e-02  -3.87003341e-02   4.11173219e-13  -4.81550576e-13   1.12972259e-13
  1.94000000e-04  -1.06771320e-01  -1.01203211e-01  -2.51096664e-02   4.73553113e-13  -4.37448997e-13  -2.50526933e-13
  1.94080000e-04  -1.09479877e-01  -1.06957411e-01  -1.34820018e-02   3.35532934e-13  -2.69398060e-13  -5.87448778e-13
  1.94160000e-04  -1.10431894e-01  -1.13121800e-01  -8.31354468e-03   4.76940244e-14   8.95286071e-15  -7.55358323e-13
  1.94240000e-04  -1.10499364e-01  -1.18865182e-01  -1.30435569e-02  -2.79248738e-13   3.31284432e-13  -6.53301582e-13
  1.94320000e-04  -1.10553675e-01  -1.22825337e-01  -2.67097656e-02  -5.38223742e-13   5.45004646e-13  -2.78466193e-13
  1.94400000e-04  -1.10860966e-01  -1.23341746e-01  -4.48934134e-02  -6.41769561e-13   4.90163787e-13   2.38109232e-13
  1.94480000e-04  -1.11485630e-01  -1.20233607e-01  -5.98083711e-02  -5.18719908e-13   1.52559700e-13   6.60225514e-13
  1.94560000e-04  -1.12765034e-01  -1.15573399e-01  -6.44214083e-02  -1.72574372e-13  -2.69160698e-13   7.84959117e-13
  1.94640000e-04  -1.13964808e-01  -1.11325736e-01  -5.67549467e-02   2.41175768e-13  -5.37983316e-13   5.70978222e-13
  1.94720000e-04  -1.13300836e-01  -1.07916782e-01  -4.12148598e-02   4.95391117e-13  -5.76194741e-13   1.46860980e-13
  1.94800000e-04  -1.09736882e-01  -1.05065143e-01  -2.46384104e-02   4.87908695e-13  -4.43521784e-13  -2.81791679e-13
  1.94880000e-04  -1.03484380e-01  -1.02214363e-01  -1.30722793e-02   2.90130895e-13  -2.22775636e-13  -5.54849374e-13
  1.94960000e-04  -9.62304197e-02  -9.93928765e-02  -8.81303060e-03   3.91339568e-14   1.72052896e-14  -6.21348155e-13
  1.95040000e-04  -8.90263535e-02  -9.61604855e-02  -1.15491129e-02  -1.67500212e-13   2.16922582e-13  -5.14970091e-13
  1.95120000e-04  -8.24031779e-02  -9.20491093e-02  -1.89101884e-02  -2.95817415e-13   3.28219059e-13  -3.08615486e-13
  1.95200000e-04  -7.62150287e-02  -8.65463274e-02  -2.81808593e-02  -3.47564949e-13   3.31755259e-13  -7.88665346e-14
  1.95280000e-04  -7.03535041e-02  -7.97158147e-02  -3.68543597e-02  -3.36650361e-13   2.45193160e-13   1.12300418e-13
  1.95360000e-04  -6.48712628e-02  -7.21954546e-02  -4.29834854e-02  -2.79880806e-13   1.13239299e-13   2.32202170e-13
  1.95440000e-04  -5.97698477e-02  -6.46783902e-02  -4.59879775e-02  -1.95240491e-13  -1.72881056e-14   2.78065310e-13
  1.95520000e-04  -5.49956297e-02  -5.76209998e-02  -4.59898844e-02  -1.02261964e-13  -1.15053077e-13   2.66437601e-13
  1.95600000e-04  -5.07589105e-02  -5.15496733e-02  -4.35618564e-02  -1.87152594e-14  -1.69035628e-13   2.21838516e-13
  1.95680000e-04  -4.66945158e-02  -4.61939383e-02  -3.97431691e-02   4.51826287e-14  -1.86110124e-13   1.63232544e-13
  1.95760000e-04  -4.28485936e-02  -4.15650255e-02  -3.53379166e-02   8.62977982e-14  -1.78171617e-13   1.04928895e-13
  1.95840000e-04  -3.91663555e-02  -3.75276311e-02  -3.09087876e-02   1.07264648e-13  -1.56806601e-13   5.44639585e-14
  1.95920000e-04  -3.56693772e-02  -3.39924222e-02  -2.68464328e-02   1.13400503e-13  -1.30592089e-13   1.46841146e-14
  1.96000000e-04  -3.23544247e-02  -3.08403413e-02  -2.32542842e-02   1.09824119e-13  -1.04320580e-13  -1.44495485e-14
  1.96080000e-04  -2.92619992e-02  -2.80309408e-02  -2.02598433e-02   1.01176330e-13  -8.08107289e-14  -3.43250889e-14
  1.96160000e-04  -2.63974275e-02  -2.55187196e-02  -1.77474052e-02   9.01561430e-14  -6.07252509e-14  -4.67820273e-14
  1.96240000e-04  -2.37482287e-02  -2.32241757e-02  -1.57338374e-02   7.89485042e-14  -4.43510836e-14  -5.36976300e-14
  1.96320000e-04  -2.13198657e-02  -2.11419085e-02  -1.41186912e-02   6.85178428e-14  -3.12924049e-14  -5.66065247e-14
  1.96400000e-04  -1.91150083e-02  -1.92465421e-02  -1.28102655e-02   5.92610130e-14  -2.10456433e-14  -5.68074794e-14
  1.96480000e-04  -1.70819878e-02  -1.74809092e-02  -1.18147070e-02   5.16659940e-14  -1.32319832e-14  -5.51220424e-14
  1.96560000e-04  -1.52460710e-02  -1.58640680e-02  -1.10149502e-02   4.54151729e-14  -7.29283103e-15  -5.23569307e-14
  1.96640000e-04  -1.35843338e-02  -1.43710121e-02  -1.03859374e-02   4.04709498e-14  -2.86206097e-15  -4.89739308e-14
  1.96720000e-04  -1.20791424e-02  -1.29940950e-02  -9.91405884e-03   3.67703169e-14   3.70085157e-16  -4.52854699e-14
  1.96800000e-04  -1.07031211e-02  -1.17035474e-02  -9.53399733e-03   3.39837333e-14   2.70072891e-15  -4.14663554e-14
  1.96880000e-04  -9.45880122e-03  -1.05101439e-02  -9.25189811e-03   3.20688786e-14   4.33437705e-15  -3.77098916e-14
  1.96960000e-04  -8.33088361e-03  -9.39436984e-03  -9.03195276e-03   3.08051667e-14   5.46012501e-15  -3.40932576e-14
  1.97040000e-04  -7.29916503e-03  -8.34784143e-03  -8.86989541e-03   3.01154548e-14   6.19950291e-15  -3.06170624e-14
  1.97120000e-04  -6.35790941e-03  -7.36557248e-03  -8.75739359e-03   2.99024564e-14   6.66803194e-15  -2.73176007e-14
  1.97200000e-04  -5.50066072e-03  -6.44502524e-03  -8.67899572e-03   3.00393326e-14   6.96019881e-15  -2.42072748e-14
  1.97280000e-04  -4.71967890e-03  -5.57958975e-03  -8.63097433e-03   3.04658324e-14   7.14567625e-15  -2.12790447e-14
  1.97360000e-04  -4.00666368e-03  -4.76407060e-03  -8.60865413e-03   3.11226365e-14   7.27841602e-15  -1.85130942e-14
  1.97440000e-04  -3.35634444e-03  -3.99984729e-03  -8.60712091e-03   3.19433468e-14   7.40438120e-15  -1.58972170e-14
  1.97520000e-04  -2.76442463e-03  -3.28043754e-03  -8.62665404e-03   3.29034274e-14   7.56238621e-15  -1.34196851e-14
  1.97600000e-04  -2.22266541e-03  -2.59967649e-03  -8.66660310e-03   3.39785850e-14   7.77664682e-15  -1.10469800e-14
  1.97680000e-04  -1.73016426e-03  -1.95644434e-03  -8.72274319e-03   3.51227776e-14   8.07730524e-15  -8.77831328e-15
  1.97760000e-04  -1.28685890e-03  -1.35791654e-03  -8.79401690e-03   3.62899664e-14   8.49153665e-15  -6.62164574e-15
  1.97840000e-04  -8.84217978e-04  -7.92935057e-04  -8.88436679e-03   3.74948311e-14   9.02970283e-15  -4.53758525e-15
  1.97920000e-04  -5.14320493e-04  -2.58004468e-04  -8.99121742e-03   3.87101821e-14   9.69602128e-15  -2.49254975e-15
  1.98000000e-04  -1.88541303e-04   2.32623720e-04  -9.11749080e-03   3.98984144e-14   1.05350011e-14  -5.56272335e-16
  1.98080000e-04   1.06278412e-04   6.95281454e-04  -9.25780500e-03   4.10485059e-14   1.15312362e-14   1.33725270e-15
  1.98160000e-04   3.69940207e-04   1.12537939e-03  -9.41888118e-03   4.21603267e-14   1.27080263e-14   3.17427838e-15
  1.98240000e-04   6.02614657e-04   1.52321011e-03  -9.60188368e-03   4.32196256e-14   1.40814338e-14   4.94629634e-15
  1.98320000e-04   8.04801580e-04   1.88455408e-03  -9.80060478e-03   4.41728348e-14   1.56529966e-14   6.63727263e-15
  1.98400000e-04   9.77500222e-04   2.21050509e-03  -1.00157559e-02   4.50070336e-14   1.74297239e-14   8.23930611e-15
  1.98480000e-04   1.12666936e-03   2.51219982e-03  -1.02531313e-02   4.57486006e-14   1.94200086e-14   9.78535103e-15
  1.98560000e-04   1.24703697e-03   2.77081484e-03  -1.05066516e-02   4.63182185e-14   2.16273314e-14   1.12010816e-14
  1.98640000e-04   1.34765737e-03   3.01314992e-03  -1.07800093e-02   4.67621183e-14   2.40463085e-14   1.25671919e-14
  1.98720000e-04   1.42370899e-03   3.20789516e-03  -1.10685457e-02   4.69852917e-14   2.66770710e-14   1.37751276e-14
  1.98800000e-04   1.47896860e-03   3.37281597e-03  -1.13688403e-02   4.69903529e-14   2.94999613e-14   1.48647700e-14
  1.98880000e-04   1.51639696e-03   3.51338819e-03  -1.16848253e-02   4.67826946e-14   3.25152314e-14   1.58478849e-14
  1.98960000e-04   1.53476664e-03   3.62193420e-03  -1.20098545e-02   4.63075462e-14   3.56972876e-14   1.66833415e-14
  1.99040000e-04   1.53484919e-03   3.69585646e-03  -1.23392929e-02   4.55308425e-14   3.90152756e-14   1.73492789e-14
  1.99120000e-04   1.51970989e-03   3.74797559e-03  -1.26763748e-02   4.44686645e-14   4.24578724e-14   1.78844932e-14
  1.99200000e-04   1.49825293e-03   3.78273580e-03  -1.30177734e-02   4.31018954e-14   4.59816004e-14   1.83221646e-14
  1.99280000e-04   1.45906548e-03   3.78789610e-03  -1.33554278e-02   4.13786664e-14   4.95488710e-14   1.85737337e-14
  1.99360000e-04   1.41449440e-03   3.77778421e-03  -1.36912292e-02   3.93164081e-14   5.31216598e-14   1.87196491e-14
  1.99440000e-04   1.36272064e-03   3.75317586e-03  -1.40224580e-02   3.69033671e-14   5.66615439e-14   1.87520419e-14
  1.99520000e-04   1.31073017e-03   3.71879321e-03  -1.43484509e-02   3.41402451e-14   6.01260946e-14   1.87020302e-14
  1.99600000e-04   1.25189731e-03   3.67667067e-03  -1.46602048e-02   3.10120865e-14   6.34500560e-14   1.85610577e-14
  1.99680000e-04   1.19131805e-03   3.63159539e-03  -1.49648923e-02   2.75434700e-14   6.66234585e-14   1.83604715e-14
  1.99760000e-04   1.12919947e-03   3.58553630e-03  -1.52556532e-02   2.37334839e-14   6.95795681e-14   1.81100016e-14
  1.99840000e-04   1.07039591e-03   3.53967785e-03  -1.55305029e-02   1.95966884e-14   7.22686327e-14   1.78219530e-14
  1.99920000e-04   1.01428621e-03   3.50308285e-03  -1.57909626e-02   1.51627173e-14   7.46635236e-14   1.75373630e-14
  2.00000000e-04   9.57705504e-04   3.46277277e-03  -1.60291546e-02   1.04408102e-14   7.66956879e-14   1.71923578e-14
  2.00080000e-04   9.06377543e-04   3.43673827e-03  -1.62496512e-02   5.48063112e-15   7.83514505e-14   1.68767284e-14
  2.00160000e-04   8.55770334e-04   3.41553001e-03  -1.64516477e-02   3.09637974e-16   7.96026567e-14   1.65424307e-14
  2.00240000e-04   8.08597055e-04   3.40260853e-03  -1.66318058e-02  -5.02929787e-15   8.04074965e-14   1.62056100e-14
  2.00320000e-04   7.64109093e-04   3.40105323e-03  -1.67941194e-02  -1.04922096e-14   8.07667309e-14   1.58790557e-14
  2.00400000e-04   7.20231396e-04   3.39754706e-03  -1.69314633e-02  -1.60330440e-14   8.06326608e-14   1.54981146e-14
  2.00480000e-04   6.79132821e-04   3.40121268e-03  -1.70509787e-02  -2.16039135e-14   8.00299464e-14   1.51033525e-14
  2.00560000e-04   6.37908821e-04   3.40795314e-03  -1.71549183e-02  -2.71625702e-14   7.89659538e-14   1.46771336e-14
  2.00640000e-04   5.97536893e-04   3.41510030e-03  -1.72449787e-02  -3.26665980e-14   7.74483806e-14   1.42055548e-14
  2.00720000e-04   5.60307857e-04   3.42254196e-03  -1.73285104e-02  -3.80892148e-14   7.55127648e-14   1.36828795e-14
  2.00800000e-04   5.21239042e-04   3.42769251e-03  -1.74014056e-02  -4.33845596e-14   7.31470164e-14   1.31088120e-14
  2.00880000e-04   4.81770712e-04   3.41697580e-03  -1.74767939e-02  -4.85499638e-14   7.04135883e-14   1.24285712e-14
  2.00960000e-04   4.43488172e-04   3.39923348e-03  -1.75597496e-02  -5.35747042e-14   6.73346835e-14   1.16816337e-14
  2.01040000e-04   4.06527813e-04   3.36392885e-03  -1.76590844e-02  -5.84660876e-14   6.39426640e-14   1.08346773e-14
  2.01120000e-04   3.68429061e-04   3.31364945e-03  -1.77836750e-02  -6.32407906e-14   6.02603988e-14   9.91820261e-15
  2.01200000e-04   3.33541651e-04   3.24646967e-03  -1.79447976e-02  -6.79325458e-14   5.63061880e-14   8.92392331e-15
  2.01280000e-04   2.98525615e-04   3.15409351e-03  -1.81488136e-02  -7.25616405e-14   5.20671532e-14   7.85523313e-15
  2.01360000e-04   2.66813920e-04   3.04711738e-03  -1.84050484e-02  -7.71632758e-14   4.75257814e-14   6.74969150e-15
  2.01440000e-04   2.36089036e-04   2.91873298e-03  -1.87343148e-02  -8.18210634e-14   4.26704407e-14   5.61678226e-15
  2.01520000e-04   2.07835978e-04   2.77114953e-03  -1.91397976e-02  -8.65441237e-14   3.74190206e-14   4.47793235e-15
  2.01600000e-04   1.81293559e-04   2.60450988e-03  -1.96353579e-02  -9.13763955e-14   3.16921075e-14   3.36008416e-15
  2.01680000e-04   1.59976352e-04   2.42769217e-03  -2.02327287e-02  -9.63405807e-14   2.53773990e-14   2.28324608e-15
  2.01760000e-04   1.39711801e-04   2.24354524e-03  -2.09412450e-02  -1.01424420e-13   1.83276609e-14   1.28687420e-15
  2.01840000e-04   1.23266744e-04   2.04802736e-03  -2.17670155e-02  -1.06564616e-13   1.03723747e-14   3.72445813e-16
  2.01920000e-04   1.09063177e-04   1.84496339e-03  -2.27199660e-02  -1.11674935e-13   1.32202349e-15  -4.28721517e-16
  2.02000000e-04   9.65761579e-05   1.66496300e-03  -2.37970630e-02  -1.16557386e-13  -9.02736409e-15  -1.10462756e-15
  2.02080000e-04   8.60867349e-05   1.50232987e-03  -2.49976693e-02  -1.20950736e-13  -2.08655974e-14  -1.67052631e-15
  2.02160000e-04   7.95953059e-05   1.36274494e-03  -2.63154579e-02  -1.24495320e-13  -3.43510622e-14  -2.15542438e-15
  2.02240000e-04   7.70798434e-05   1.27138842e-03  -2.77218371e-02  -1.26658728e-13  -4.95421462e-14  -2.62429023e-15
  2.02320000e-04   7.98117600e-05   1.19923353e-03  -2.91974832e-02  -1.26886576e-13  -6.63843470e-14  -3.07346270e-15
  2.02400000e-04   8.56582750e-05   1.15646010e-03  -3.06864056e-02  -1.24458713e-13  -8.45731637e-14  -3.53467295e-15
  2.02480000e-04   9.56478107e-05   1.14485983e-03  -3.21229791e-02  -1.18685715e-13  -1.03530599e-13  -4.04321318e-15
  2.02560000e-04   1.12800811e-04   1.16054619e-03  -3.34324751e-02  -1.09024359e-13  -1.22377426e-13  -4.61595173e-15
  2.02640000e-04   1.30601520e-04   1.18165515e-03  -3.45366929e-02  -9.52220112e-14  -1.39978329e-13  -5.14937121e-15
  2.02720000e-04   1.47707162e-04   1.19402142e-03  -3.53615624e-02  -7.74476855e-14  -1.55061546e-13  -5.55932408e-15
  2.02800000e-04   1.65294883e-04   1.17818587e-03  -3.58311388e-02  -5.63375705e-14  -1.66337196e-13  -5.72933075e-15
  2.02880000e-04   1.71627393e-04   1.12386335e-03  -3.59055665e-02  -3.30381885e-14  -1.72849976e-13  -5.56821772e-15
  2.02960000e-04   1.68391484e-04   1.04225767e-03  -3.55716708e-02  -9.00218763e-15  -1.74110500e-13  -5.14409056e-15
  2.03040000e-04   1.51631270e-04   9.26111460e-04  -3.48601784e-02   1.42507284e-14  -1.70264769e-13  -4.46134543e-15
  2.03120000e-04   1.25753377e-04   7.96284354e-04  -3.38196826e-02   3.54067814e-14  -1.61940442e-13  -3.68123261e-15
  2.03200000e-04   9.75594178e-05   6.82433920e-04  -3.25195478e-02   5.35252607e-14  -1.50143040e-13  -2.99022639e-15
  2.03280000e-04   7.10285901e-05   5.89803847e-04  -3.10451585e-02   6.81419981e-14  -1.36066471e-13  -2.42912267e-15
  2.03360000e-04   5.90367083e-05   5.41513008e-04  -2.94682603e-02   7.91913182e-14  -1.20806719e-13  -2.06130984e-15
  2.03440000e-04   5.86041306e-05   5.37865218e-04  -2.78709394e-02   8.69766628e-14  -1.05359624e-13  -1.85038921e-15
  2.03520000e-04   7.07675952e-05   5.86022972e-04  -2.62961394e-02   9.19211789e-14  -9.03731435e-14  -1.76663565e-15
  2.03600000e-04   1.01379310e-04   6.68924985e-04  -2.47970374e-02   9.45986899e-14  -7.63455003e-14  -1.67274268e-15
  2.03680000e-04   1.49356560e-04   7.94142430e-04  -2.33934637e-02   9.55103045e-14  -6.34952663e-14  -1.54569648e-15
  2.03760000e-04   2.04281631e-04   9.45829726e-04  -2.21042129e-02   9.51352978e-14  -5.19188476e-14  -1.34236834e-15
  2.03840000e-04   2.71997638e-04   1.12644092e-03  -2.09363175e-02   9.38639410e-14  -4.15948291e-14  -1.01848605e-15
  2.03920000e-04   3.46127374e-04   1.32689328e-03  -1.98968731e-02   9.20326124e-14  -3.24462216e-14  -5.62785259e-16
  2.04000000e-04   4.22075116e-04   1.53953928e-03  -1.89835092e-02   8.98800186e-14  -2.43448611e-14   2.40339900e-17
  2.04080000e-04   4.97819273e-04   1.75637502e-03  -1.81884374e-02   8.75658823e-14  -1.71453371e-14   7.41039031e-16
  2.04160000e-04   5.72952744e-04   1.97251961e-03  -1.75124279e-02   8.52449327e-14  -1.07117579e-14   1.58242852e-15
  2.04240000e-04   6.40467880e-04   2.18310401e-03  -1.69477090e-02   8.29930369e-14  -4.90285543e-15   2.50481827e-15
  2.04320000e-04   7.03706433e-04   2.38229083e-03  -1.64826496e-02   8.08352705e-14   4.09638928e-16   3.51036880e-15
  2.04400000e-04   7.61247337e-04   2.57887337e-03  -1.61108589e-02   7.87972996e-14   5.33689878e-15   4.57749778e-15
  2.04480000e-04   8.07273171e-04   2.75810751e-03  -1.58377241e-02   7.69417276e-14   9.98661736e-15   5.66098743e-15
  2.04560000e-04   8.46796346e-04   2.92360048e-03  -1.56448513e-02   7.51986990e-14   1.44448247e-14   6.76956769e-15
  2.04640000e-04   8.77447750e-04   3.06657076e-03  -1.55303815e-02   7.35665620e-14   1.87904993e-14   7.86672307e-15
  2.04720000e-04   8.95900163e-04   3.19475414e-03  -1.54902996e-02   7.20216148e-14   2.30919765e-14   8.92799798e-15
  2.04800000e-04   9.05662291e-04   3.30089341e-03  -1.55199612e-02   7.05289014e-14   2.74074443e-14   9.94489718e-15
  2.04880000e-04   9.07475625e-04   3.38415104e-03  -1.56096992e-02   6.90233439e-14   3.17746635e-14   1.09013800e-14
  2.04960000e-04   8.97954880e-04   3.44835066e-03  -1.57562812e-02   6.74636615e-14   3.62290787e-14   1.17737104e-14
  2.05040000e-04   8.79258058e-04   3.48428812e-03  -1.59529138e-02   6.57918049e-14   4.07884214e-14   1.25348002e-14
  2.05120000e-04   8.54711261e-04   3.50262923e-03  -1.61919083e-02   6.39393821e-14   4.54563605e-14   1.32082323e-14
  2.05200000e-04   8.21644540e-04   3.50137629e-03  -1.64696681e-02   6.18563097e-14   5.02335147e-14   1.37653251e-14
  2.05280000e-04   7.83810949e-04   3.47954607e-03  -1.67820961e-02   5.94895395e-14   5.51115073e-14   1.42051136e-14
  2.05360000e-04   7.40818739e-04   3.44458907e-03  -1.71150794e-02   5.67487218e-14   6.00345635e-14   1.45389287e-14
  2.05440000e-04   6.96484827e-04   3.39314031e-03  -1.74705434e-02   5.36112859e-14   6.49881136e-14   1.47593140e-14
  2.05520000e-04   6.46557778e-04   3.33053600e-03  -1.78334373e-02   4.99989647e-14   6.98827727e-14   1.48638933e-14
  2.05600000e-04   5.95728330e-04   3.26407953e-03  -1.82038801e-02   4.58891586e-14   7.46775723e-14   1.48919354e-14
  2.05680000e-04   5.48405359e-04   3.19872710e-03  -1.85713332e-02   4.12399027e-14   7.92807270e-14   1.48731160e-14
  2.05760000e-04   4.99532253e-04   3.13696092e-03  -1.89255116e-02   3.60280650e-14   8.35840580e-14   1.48052592e-14
  2.05840000e-04   4.55121035e-04   3.08201160e-03  -1.92631129e-02   3.02650941e-14   8.75097229e-14   1.47162228e-14
  2.05920000e-04   4.12031320e-04   3.04126647e-03  -1.95793900e-02   2.39677101e-14   9.09658878e-14   1.46341103e-14
  2.06000000e-04   3.70877480e-04   3.02322935e-03  -1.98663880e-02   1.71676746e-14   9.38472641e-14   1.46019954e-14
  2.06080000e-04   3.34757997e-04   3.02412804e-03  -2.01133748e-02   9.92491384e-15   9.60414294e-14   1.46054069e-14
  2.06160000e-04   3.00483211e-04   3.05552234e-03  -2.03266645e-02   2.31746492e-15   9.75182016e-14   1.46932815e-14
  2.06240000e-04   2.68374334e-04   3.12023757e-03  -2.04865433e-02  -5.56715692e-15   9.81383490e-14   1.48741970e-14
  2.06320000e-04   2.36173158e-04   3.21294153e-03  -2.05910650e-02  -1.36029888e-14   9.78601391e-14   1.51136546e-14
  2.06400000e-04   2.06646012e-04   3.33340209e-03  -2.06425027e-02  -2.16610809e-14   9.66871527e-14   1.53964364e-14
  2.06480000e-04   1.74823819e-04   3.48756542e-03  -2.06305362e-02  -2.96107133e-14   9.45757069e-14   1.57369787e-14
  2.06560000e-04   1.42682704e-04   3.66564367e-03  -2.05433204e-02  -3.72825907e-14   9.15102865e-14   1.60696770e-14
  2.06640000e-04   1.07808044e-04   3.86186875e-03  -2.03816662e-02  -4.45265093e-14   8.75545434e-14   1.63541016e-14
  2.06720000e-04   7.14252837e-05   4.06370957e-03  -2.01448983e-02  -5.11897581e-14   8.27944349e-14   1.65201278e-14
  2.06800000e-04   3.29021526e-05   4.26200228e-03  -1.98317533e-02  -5.71340390e-14   7.73342209e-14   1.65249530e-14
  2.06880000e-04  -4.87094961e-06   4.44250169e-03  -1.94466139e-02  -6.22462781e-14   7.13227610e-14   1.63089928e-14
  2.06960000e-04  -4.38531898e-05   4.58466862e-03  -1.89825427e-02  -6.63921008e-14   6.48718609e-14   1.58212467e-14
  2.07040000e-04  -8.02593617e-05   4.67434369e-03  -1.84561260e-02  -6.95375633e-14   5.81935967e-14   1.50409632e-14
  2.07120000e-04  -1.12902399e-04   4.69264516e-03  -1.78815673e-02  -7.16705513e-14   5.14721294e-14   1.39603096e-14
  2.07200000e-04  -1.37264164e-04   4.62081049e-03  -1.72663148e-02  -7.27834120e-14   4.48606429e-14   1.25842188e-14
  2.07280000e-04  -1.54444731e-04   4.45149753e-03  -1.66264632e-02  -7.29448332e-14   3.85037919e-14   1.09864304e-14
  2.07360000e-04  -1.58688561e-04   4.17127827e-03  -1.59892467e-02  -7.22812394e-14   3.25505528e-14   9.20916555e-15
  2.07440000e-04  -1.50092355e-04   3.76999751e-03  -1.53565366e-02  -7.08429503e-14   2.70482421e-14   7.33269443e-15
  2.07520000e-04  -1.28131393e-04   3.25757844e-03  -1.47550259e-02  -6.88296531e-14   2.20664472e-14   5.46948696e-15
  2.07600000e-04  -8.78007009e-05   2.61534914e-03  -1.41872685e-02  -6.62923602e-14   1.76111717e-14   3.65679118e-15
  2.07680000e-04  -3.53676931e-05   1.85703023e-03  -1.36679002e-02  -6.33957946e-14   1.36656320e-14   2.02076795e-15
  2.07760000e-04   3.33299298e-05   9.83815532e-04  -1.32079972e-02  -6.02621168e-14   1.02102732e-14   6.08456611e-16
  2.07840000e-04   1.18236011e-04  -1.02261628e-05  -1.28049156e-02  -5.69320352e-14   7.19477002e-15  -5.31435883e-16
  2.07920000e-04   2.17782748e-04  -1.11792110e-03  -1.24561782e-02  -5.34624070e-14   4.56747270e-15  -1.34465514e-15
  2.08000000e-04   3.28796817e-04  -2.34599665e-03  -1.21648633e-02  -4.98961392e-14   2.28024088e-15  -1.78835789e-15
  2.08080000e-04   4.50389100e-04  -3.68611357e-03  -1.19297600e-02  -4.62751344e-14   2.87858272e-16  -1.83598784e-15
  2.08160000e-04   5.84546657e-04  -5.15948656e-03  -1.17436631e-02  -4.25428558e-14  -1.44006959e-15  -1.48490843e-15
  2.08240000e-04   7.27998331e-04  -6.77102171e-03  -1.15955352e-02  -3.86442109e-14  -2.93257876e-15  -7.13754600e-16
  2.08320000e-04   8.77969377e-04  -8.51804488e-03  -1.14788656e-02  -3.45444033e-14  -4.20586524e-15   4.78864449e-16
  2.08400000e-04   1.03727126e-03  -1.04181893e-02  -1.13833802e-02  -3.01381695e-14  -5.25187935e-15   2.06033849e-15
  2.08480000e-04   1.19654851e-03  -1.24765116e-02  -1.13066464e-02  -2.53638781e-14  -6.07970205e-15   4.02456761e-15
  2.08560000e-04   1.36883196e-03  -1.47367803e-02  -1.12153352e-02  -1.99313243e-14  -6.61831078e-15   6.26374130e-15
  2.08640000e-04   1.54131705e-03  -1.71944661e-02  -1.10905558e-02  -1.36990788e-14  -6.84317375e-15   8.70561374e-15
  2.08720000e-04   1.71792250e-03  -1.98676366e-02  -1.09229152e-02  -6.51343078e-15  -6.69734797e-15   1.11573608e-14
  2.08800000e-04   1.89210452e-03  -2.27873104e-02  -1.06964516e-02   1.83100700e-15  -6.13668917e-15   1.33972557e-14
  2.08880000e-04   2.08417807e-03  -2.59896465e-02  -1.03393908e-02   1.17710663e-14  -5.01502157e-15   1.49787971e-14
  2.08960000e-04   2.27837730e-03  -2.94775108e-02  -9.84553971e-03   2.33346974e-14  -3.35027757e-15   1.54306511e-14
  2.09040000e-04   2.49348743e-03  -3.32899001e-02  -9.19680509e-03   3.65692313e-14  -1.12459558e-15   1.39855734e-14
  2.09120000e-04   2.73445377e-03  -3.74740196e-02  -8.27113983e-03   5.18030724e-14   1.63450007e-15   9.72076650e-15
  2.09200000e-04   3.02994708e-03  -4.20277075e-02  -7.09709349e-03   6.82889390e-14   4.69157957e-15   1.37176399e-15
  2.09280000e-04   3.39760566e-03  -4.70156031e-02  -5.61986426e-03   8.53067902e-14   7.64891390e-15  -1.24165752e-14
  2.09360000e-04   3.88160456e-03  -5.24459072e-02  -3.83386414e-03   1.01080531e-13   9.90422980e-15  -3.31471487e-14
  2.09440000e-04   4.11143569e-03  -5.25775599e-02  -1.71786796e-03   1.01099173e-13   9.73340144e-15  -5.59389608e-14
  2.09520000e-04  -4.05819354e-03   4.99260188e-02  -1.07198954e-03  -1.06992194e-13  -7.52566953e-15   5.45418703e-14
  2.09600000e-04  -1.00725103e-02   1.17964873e-01  -5.89086154e-03  -2.96759957e-13  -2.39894819e-14   2.70251725e-14
  2.09680000e-04  -1.08484915e-02   1.29936442e-01  -1.20569378e-02  -3.25737943e-13  -3.93222772e-14  -1.30682557e-13
  2.09760000e-04  -1.08214239e-02   1.42867337e-01  -1.79492429e-02  -2.52662072e-13  -5.86256209e-14  -3.14304228e-13
  2.09840000e-04  -9.84870705e-03   1.57084096e-01  -2.13976550e-02  -4.37592671e-14  -6.43611290e-14  -4.52345715e-13
  2.09920000e-04  -8.42423982e-03   1.72599629e-01  -1.98074300e-02   2.75072769e-13  -3.64975993e-14  -4.35026204e-13
  2.10000000e-04  -7.44510195e-03   1.89240968e-01  -1.22242626e-02   5.71361266e-13   1.15288166e-14  -1.69508667e-13
  2.10080000e-04  -2.03341468e-03   5.27930399e-02  -5.65496855e-04   1.66494609e-13   7.03016727e-15   5.76330697e-14
  2.10160000e-04   6.46638753e-03  -1.44169564e-01  -9.72735115e-03  -5.20832729e-13  -2.39295696e-14   8.43079871e-15
  2.10240000e-04   6.10005154e-03  -1.56972685e-01  -2.17778726e-02  -5.03471940e-13  -6.56297991e-14   3.32028804e-13
  2.10320000e-04   3.80409447e-03  -1.70182117e-01  -3.15630954e-02  -2.41951746e-13  -1.21937134e-13   6.28300618e-13
  2.10400000e-04   1.34783400e-04  -1.84605273e-01  -3.27185046e-02   2.48003139e-13  -1.24086515e-13   7.01146090e-13
  2.10480000e-04  -3.26358851e-03  -1.99898986e-01  -2.18685767e-02   7.50393307e-13  -5.32126062e-14   3.74426337e-13
  2.10560000e-04  -2.28591134e-04  -1.80724038e-02  -2.12978170e-03   7.34243378e-14   1.26813955e-15  -1.86415737e-14
  2.10640000e-04   7.17379667e-03   3.35858618e-01  -2.52534224e-02  -1.16398944e-12  -5.08028202e-14  -1.00631068e-12
  2.10720000e-04   1.60819835e-02   3.50524836e-01  -3.14069209e-02   7.24768132e-13  -1.63454478e-13  -1.45315566e-12
  2.10800000e-04   7.84584384e-03   1.38501575e-01  -3.12238799e-03   6.45911429e-13  -3.41447497e-14   1.08448599e-13
  2.10880000e-04  -1.47991813e-02  -2.55714428e-01  -2.62634724e-02  -1.10647136e-12   4.49824785e-15   5.79687375e-13
  2.10960000e-04  -2.10927730e-02  -2.58769924e-01  -4.33339209e-02  -1.28751546e-13  -2.01112570e-13   1.26362006e-12
  2.11040000e-04  -2.80543753e-02  -2.61624705e-01  -3.06767378e-02   1.02656620e-12  -2.00279898e-13   7.69263542e-13
  2.11120000e-04   6.17396819e-03   4.29538314e-02  -5.34338722e-04  -2.06147683e-13   3.01304308e-14   4.01771494e-14
  2.11200000e-04   4.49895743e-02   3.73545011e-01  -3.21520339e-02  -9.38872772e-13  -2.20944551e-14  -1.57043750e-12
  2.11280000e-04   5.34967728e-02   3.64206628e-01  -2.59594663e-02   1.36471841e-12  -2.78950805e-13  -1.10124380e-12
  2.11360000e-04  -2.12669199e-02  -1.44052358e-01  -6.34860285e-03  -6.63928401e-13   1.02985546e-13  -1.12717496e-13
  2.11440000e-04  -3.56845472e-02  -2.28222345e-01  -3.02790243e-02  -7.89435585e-13   3.04254183e-14   7.01042773e-13
  2.11520000e-04  -3.86486164e-02  -2.13949624e-01  -3.83942937e-02   1.71784564e-14  -1.76453152e-13   9.65981101e-13
  2.11600000e-04  -4.08048969e-02  -2.00566120e-01  -2.80965335e-02   6.53756636e-13  -2.14519549e-13   5.81882508e-13
  2.11680000e-04  -3.96095757e-02  -1.87270986e-01  -9.54151999e-03   7.79236505e-13  -1.63062432e-13  -3.44143329e-14
  2.11760000e-04   5.46851346e-02   2.64348172e-01  -9.15809397e-03  -1.03968596e-12   2.14669271e-13  -1.17860198e-14
  2.11840000e-04   5.31312895e-02   2.44293702e-01  -2.46733699e-02  -4.92139500e-13   2.61107518e-14  -8.01240938e-13
  2.11920000e-04   5.33985165e-02   2.24796653e-01  -2.52530217e-02   2.97534241e-13  -1.58661402e-13  -7.83219741e-13
  2.12000000e-04   5.19487938e-02   2.06853925e-01  -1.40513759e-02   6.86130973e-13  -1.89354738e-13  -2.50871835e-13
  2.12080000e-04   1.51859991e-02   6.02545607e-02  -9.65511560e-04   1.91374929e-13  -4.71392811e-14   6.82154779e-14
  2.12160000e-04  -2.70069234e-02  -1.09485813e-01  -6.80721496e-03  -3.35595148e-13   8.51106005e-14  -3.74618394e-14
  2.12240000e-04  -2.45697561e-02  -9.88880071e-02  -1.29439407e-02  -2.70736945e-13   5.57009660e-14   8.83643716e-14
  2.12320000e-04  -2.27108511e-02  -8.88702673e-02  -1.71565314e-02  -1.83849120e-13   1.64692561e-14   1.58058919e-13
  2.12400000e-04  -2.11949793e-02  -7.96079398e-02  -1.93829891e-02  -9.89802600e-14  -1.78775697e-14   1.81658311e-13
  2.12480000e-04  -1.98356001e-02  -7.12545930e-02  -1.98592105e-02  -2.91015270e-14  -4.05798159e-14   1.74666789e-13
  2.12560000e-04  -1.85394206e-02  -6.38157525e-02  -1.90914713e-02   2.17317512e-14  -5.15070857e-14   1.51065851e-13
  2.12640000e-04  -1.72466959e-02  -5.71499045e-02  -1.76438087e-02   5.47853223e-14  -5.38384479e-14   1.20835382e-13
  2.12720000e-04  -1.59547351e-02  -5.12182819e-02  -1.57678450e-02   7.28075722e-14  -5.05422195e-14   9.05044492e-14
  2.12800000e-04  -1.46743278e-02  -4.58989209e-02  -1.37881048e-02   7.99016544e-14  -4.45868356e-14   6.33868534e-14
  2.12880000e-04  -1.34023816e-02  -4.11139824e-02  -1.18848605e-02   7.97059750e-14  -3.78251023e-14   4.09673044e-14
  2.12960000e-04  -1.21788166e-02  -3.68241873e-02  -1.00963772e-02   7.48854681e-14  -3.11812921e-14   2.33954569e-14
  2.13040000e-04  -1.10003287e-02  -3.29190939e-02  -8.53353581e-03   6.77931329e-14  -2.53032861e-14   1.02202075e-14
  2.13120000e-04  -9.88990686e-03  -2.93862011e-02  -7.15267383e-03   5.96466596e-14  -2.02612000e-14   7.68913952e-16
  2.13200000e-04  -8.84379288e-03  -2.61552657e-02  -5.99837974e-03   5.15595807e-14  -1.61297973e-14  -5.68538837e-15
  2.13280000e-04  -7.87279096e-03  -2.32097648e-02  -4.99462591e-03   4.38046461e-14  -1.27436172e-14  -9.82825629e-15
  2.13360000e-04  -6.97106996e-03  -2.05120568e-02  -4.17481635e-03   3.68979359e-14  -1.00533500e-14  -1.22168742e-14
  2.13440000e-04  -6.14086387e-03  -1.80241462e-02  -3.47669812e-03   3.07459619e-14  -7.90068228e-15  -1.33470646e-14
  2.13520000e-04  -5.37430567e-03  -1.57362376e-02  -2.91193513e-03   2.55190801e-14  -6.20802436e-15  -1.35498865e-14
  2.13600000e-04  -4.67146177e-03  -1.36119934e-02  -2.42082422e-03   2.09573919e-14  -4.85612569e-15  -1.31360649e-14
  2.13680000e-04  -4.02523572e-03  -1.16306934e-02  -2.03101285e-03   1.71920893e-14  -3.80200851e-15  -1.23003734e-14
  2.13760000e-04  -3.43189117e-03  -9.77961179e-03  -1.69495353e-03   1.39751520e-14  -2.96342290e-15  -1.11979916e-14
  2.13840000e-04  -2.87950347e-03  -8.03593295e-03  -1.42588831e-03   1.13330473e-14  -2.30311634e-15  -9.90670911e-15
  2.13920000e-04  -2.36815970e-03  -6.38928946e-03  -1.19132862e-03   9.07383325e-15  -1.77350664e-15  -8.52564002e-15
  2.14000000e-04  -1.89476899e-03  -4.81128256e-03  -9.89194051e-04   7.14198686e-15  -1.34836476e-15  -7.12201150e-15
  2.14080000e-04  -1.44564307e-03  -3.30253554e-03  -8.24084588e-04   5.53086576e-15  -1.00355854e-15  -5.68069111e-15
  2.14160000e-04  -1.02149646e-03  -1.84168051e-03  -6.74140331e-04   4.09625507e-15  -7.15041882e-16  -4.25346362e-15
  2.14240000e-04  -6.21626918e-04  -4.11405103e-04  -5.41269946e-04   2.81409348e-15  -4.70979663e-16  -2.87389468e-15
  2.14320000e-04  -1.16250048e-04   1.17357933e-03  -4.13180486e-04   1.52247920e-15  -2.02141238e-16  -1.00250877e-15
  2.14400000e-04   3.26937840e-04   2.31597351e-03  -2.94451930e-04   4.64956637e-16   2.88065539e-17   7.42827986e-16
  2.14480000e-04   5.49392631e-04   2.65176031e-03  -1.72192474e-04  -2.85480115e-16   1.69816854e-16   1.70433072e-15
  2.14560000e-04   5.47158251e-04   2.14923119e-03  -3.73827558e-05  -7.45154962e-16   2.22282166e-16   1.87300474e-15
  2.14640000e-04   4.03100665e-04   1.07796802e-03  -1.22724545e-04   1.25322922e-16   1.31206009e-16   1.56410141e-15
  2.14720000e-04  -8.17096444e-05  -1.31031765e-03  -3.12398994e-04   2.10186445e-15  -1.50940260e-16   8.33456296e-17
  2.14800000e-04  -8.12290128e-04  -4.71545829e-03  -5.38771769e-04   4.69267643e-15  -5.46997491e-16  -2.28755654e-15
  2.14880000e-04  -1.70044579e-03  -8.82194588e-03  -7.92076326e-04   7.59554900e-15  -9.81321279e-16  -5.37657290e-15
  2.14960000e-04  -2.28721623e-03  -1.12029694e-02  -1.11647555e-03   9.90821522e-15  -1.24192656e-15  -7.83623567e-15
  2.15040000e-04  -2.93200398e-03  -1.38782151e-02  -1.52100668e-03   1.24631148e-14  -1.44959002e-15  -1.07982301e-14
  2.15120000e-04  -3.66866124e-03  -1.69679439e-02  -2.02572740e-03   1.52436593e-14  -1.56065166e-15  -1.45344197e-14
  2.15200000e-04  -4.53136873e-03  -2.06352139e-02  -2.71754137e-03   1.84669146e-14  -1.50253022e-15  -1.93834646e-14
  2.15280000e-04  -5.59970387e-03  -2.51644429e-02  -3.64251677e-03   2.19784607e-14  -1.12869171e-15  -2.59902642e-14
  2.15360000e-04  -6.95715765e-03  -3.09921976e-02  -5.00204445e-03   2.60145413e-14  -1.62436005e-16  -3.51762201e-14
  2.15440000e-04  -8.79877011e-03  -3.89829473e-02  -7.04800555e-03   3.02201942e-14   1.97834618e-15  -4.86694149e-14
  2.15520000e-04  -1.14155108e-02  -5.05172015e-02  -1.12619222e-02   3.81300279e-14   6.83701765e-15  -6.93186055e-14
  2.15600000e-04  -1.58742831e-02  -7.01132004e-02  -1.75317201e-02   3.82925280e-14   1.76888389e-14  -1.05413931e-13
  2.15680000e-04  -2.58986796e-02  -1.14800951e-01  -2.81025841e-02  -4.14354609e-15   4.47477041e-14  -1.78978794e-13
  2.15760000e-04  -5.55858037e-03  -2.44120526e-02  -1.43969965e-02   2.09239927e-14   1.87686617e-14  -3.99034099e-14
