       time             b_x              b_y              b_z              F_x              F_y              F_z
  0.00000000e+00   1.68237120e-01   1.11637584e-01  -1.02165649e-01  -3.00310530e-13   4.57242859e-13   5.11041681e-15
  8.00000000e-08  -2.07747910e-01  -1.38510405e-01  -2.15989329e-01   1.03205203e-12  -7.42411609e-13  -5.16576071e-13
  1.60000000e-07  -7.32487696e-02  -4.93878389e-02  -9.07584092e-02   3.69755179e-13   8.57329410e-14  -3.45073001e-13
  2.40000000e-07  -6.35110827e-02  -4.32948888e-02  -5.92442228e-02   1.69105843e-13   1.74401765e-13  -3.08735592e-13
  3.20000000e-07  -5.52295056e-02  -3.79785690e-02  -3.18156394e-02   3.53156368e-14   1.56329048e-13  -2.47916397e-13
  4.00000000e-07  -4.71147953e-02  -3.26140021e-02  -1.53977787e-02  -2.82053603e-14   1.28729691e-13  -1.86358089e-13
  4.80000000e-07  -3.95305074e-02  -2.75003323e-02  -5.67584710e-03  -5.31903523e-14   1.04266460e-13  -1.34732430e-13
  5.60000000e-07   1.21564004e-03   7.96332978e-04   6.08453015e-05   1.88273231e-15  -3.14710564e-15   3.57331166e-15
  6.40000000e-07   2.85805116e-02   2.01865570e-02  -2.93350410e-03   4.59650193e-14  -5.10555845e-14   9.64945994e-14
  7.20000000e-07   2.43411923e-02   1.73400200e-02  -4.09314865e-03   3.52782749e-14  -2.85080640e-14   8.90231229e-14
  8.00000000e-07   2.11282567e-02   1.52017123e-02  -4.31319976e-03   2.70467922e-14  -1.45114721e-14   8.13438660e-14
  8.80000000e-07   1.86459149e-02   1.35688326e-02  -4.15633092e-03   2.05884114e-14  -5.53316270e-15   7.42989946e-14
  9.60000000e-07   1.66910980e-02   1.23029339e-02  -3.88648190e-03   1.54821514e-14   5.13467341e-16   6.81159125e-14
  1.04000000e-06   1.51233938e-02   1.13040499e-02  -3.54921838e-03   1.13329492e-14   4.54547395e-15   6.27673180e-14
  1.12000000e-06   1.38507541e-02   1.05097808e-02  -3.21196226e-03   7.93076441e-15   7.33040947e-15   5.81850126e-14
  1.20000000e-06   1.27881311e-02   9.86201961e-03  -2.87895003e-03   5.07929469e-15   9.23677709e-15   5.42030816e-14
  1.28000000e-06   1.18891215e-02   9.32358010e-03  -2.58627999e-03   2.68564621e-15   1.06419930e-14   5.07104600e-14
  1.36000000e-06   1.11144675e-02   8.87276247e-03  -2.30542706e-03   6.25548822e-16   1.15929343e-14   4.76328210e-14
  1.44000000e-06   1.04535669e-02   8.50254814e-03  -2.04036095e-03  -1.16874543e-15   1.22265855e-14   4.49624233e-14
  1.52000000e-06   9.86662217e-03   8.17945652e-03  -1.79970588e-03  -2.73496917e-15   1.26593903e-14   4.25414095e-14
  1.60000000e-06   9.35231049e-03   7.90904726e-03  -1.56910240e-03  -4.13133090e-15   1.29009350e-14   4.04031089e-14
  1.68000000e-06   8.88785780e-03   7.67084516e-03  -1.35273334e-03  -5.37608971e-15   1.30094986e-14   3.84495063e-14
  1.76000000e-06   8.47529477e-03   7.46699634e-03  -1.13775061e-03  -6.50762516e-15   1.29774700e-14   3.66940519e-14
  1.84000000e-06   8.09538012e-03   7.28440280e-03  -9.26850226e-04  -7.53283554e-15   1.28337509e-14   3.50704389e-14
  1.92000000e-06   7.74802367e-03   7.12490137e-03  -7.16102035e-04  -8.47330069e-15   1.25900830e-14   3.35870650e-14
  2.00000000e-06   7.43384881e-03   6.98330116e-03  -5.03396741e-04  -9.33864537e-15   1.22639307e-14   3.22223855e-14
  2.08000000e-06   7.13648782e-03   6.84980541e-03  -2.84651367e-04  -1.01282906e-14   1.18373973e-14   3.09271151e-14
  2.16000000e-06   2.60573641e-03   2.55612252e-03  -5.91242886e-05  -4.03645650e-15   4.37712931e-15   1.13411455e-14
  2.24000000e-06  -2.87252640e-03  -2.87186687e-03  -1.86273528e-04   4.65980199e-15  -3.83610356e-15  -1.27158462e-14
  2.32000000e-06  -3.96717687e-03  -4.10399280e-03  -4.32031172e-04   6.47507663e-15  -4.33548258e-15  -1.82741095e-14
  2.40000000e-06  -3.71879110e-03  -3.96886370e-03  -6.28091860e-04   6.11089325e-15  -2.91590187e-15  -1.77558715e-14
  2.48000000e-06  -3.47997484e-03  -3.83222845e-03  -8.36659544e-04   5.77922308e-15  -1.49298220e-15  -1.71994716e-14
  2.56000000e-06  -3.25119780e-03  -3.70133041e-03  -1.04677931e-03   5.48000210e-15  -1.07726688e-16  -1.66394564e-14
  2.64000000e-06  -3.04547813e-03  -3.58905966e-03  -1.23552713e-03   5.21110299e-15   1.13480772e-15  -1.61414447e-14
  2.72000000e-06  -2.84804567e-03  -3.47774031e-03  -1.43620483e-03   4.96362362e-15   2.39032322e-15  -1.56311618e-14
  2.80000000e-06  -2.65929682e-03  -3.37090202e-03  -1.61464794e-03   4.71903852e-15   3.52276111e-15  -1.51266453e-14
  2.88000000e-06  -2.47557813e-03  -3.26432306e-03  -1.76768666e-03   4.46843489e-15   4.52433993e-15  -1.46128086e-14
  2.96000000e-06  -2.30654159e-03  -3.16519582e-03  -1.95263466e-03   4.24782336e-15   5.61974089e-15  -1.41272518e-14
  3.04000000e-06  -2.14304963e-03  -3.06556051e-03  -2.16011689e-03   4.03785971e-15   6.78405343e-15  -1.36336419e-14
  3.12000000e-06  -1.98492750e-03  -2.96184787e-03  -2.30979497e-03   3.79444557e-15   7.68860057e-15  -1.31198505e-14
  3.20000000e-06  -1.83379274e-03  -2.85866030e-03  -2.47304416e-03   3.55633955e-15   8.62565866e-15  -1.26077076e-14
  3.28000000e-06  -1.69148187e-03  -2.75879585e-03  -2.66777690e-03   3.32836469e-15   9.67010766e-15  -1.21103536e-14
  3.36000000e-06  -1.54498909e-03  -2.64892112e-03  -2.83827793e-03   3.07481453e-15   1.06029407e-14  -1.15693069e-14
  3.44000000e-06  -1.40551165e-03  -2.54373668e-03  -3.01218704e-03   2.81718059e-15   1.15299096e-14  -1.10513171e-14
  3.52000000e-06  -1.26703232e-03  -2.42401337e-03  -3.19276443e-03   2.53881744e-15   1.24700356e-14  -1.04750280e-14
  3.60000000e-06  -1.13305013e-03  -2.30053204e-03  -3.35173104e-03   2.24047659e-15   1.33026217e-14  -9.88792931e-15
  3.68000000e-06  -9.88590838e-04  -2.17158721e-03  -3.55513292e-03   1.93226851e-15   1.43144230e-14  -9.28101466e-15
  3.76000000e-06  -8.48396034e-04  -2.02602847e-03  -3.74840616e-03   1.59318859e-15   1.52669810e-14  -8.61245867e-15
  3.84000000e-06  -7.05861328e-04  -1.87736884e-03  -3.92679275e-03   1.23042767e-15   1.61440068e-14  -7.93949887e-15
  3.92000000e-06  -5.63585708e-04  -1.70981634e-03  -4.10181287e-03   8.36286834e-16   1.69921255e-14  -7.19797175e-15
  4.00000000e-06  -4.17392102e-04  -1.53304815e-03  -4.28007255e-03   4.15638536e-16   1.78411314e-14  -6.43091847e-15
  4.08000000e-06  -2.66158940e-04  -1.34072366e-03  -4.46088577e-03  -3.76557801e-17   1.86882458e-14  -5.61452414e-15
  4.16000000e-06  -1.13028035e-04  -1.13407854e-03  -4.68276850e-03  -5.35602043e-16   1.96938821e-14  -4.75656037e-15
  4.24000000e-06   5.20167931e-05  -9.07541989e-04  -4.86174937e-03  -1.06814476e-15   2.05077951e-14  -3.83961516e-15
  4.32000000e-06   2.10823459e-04  -6.62644678e-04  -5.04317472e-03  -1.64193669e-15   2.13129930e-14  -2.86904598e-15
  4.40000000e-06   3.79918918e-04  -3.94670194e-04  -5.22821278e-03  -2.26467011e-15   2.21210969e-14  -1.83445644e-15
  4.48000000e-06   5.55260296e-04  -1.03772707e-04  -5.43143441e-03  -2.94953895e-15   2.29908607e-14  -7.40796154e-16
  4.56000000e-06   7.27920114e-04   2.06067543e-04  -5.65800375e-03  -3.70905846e-15   2.39389529e-14   3.94687428e-16
  4.64000000e-06   9.13057354e-04   5.48645417e-04  -5.89114333e-03  -4.55250428e-15   2.48993726e-14   1.61330808e-15
  4.72000000e-06   1.10215995e-03   9.17920211e-04  -6.12574808e-03  -5.47983532e-15   2.58463362e-14   2.88703014e-15
  4.80000000e-06   1.29241284e-03   1.31925651e-03  -6.37971166e-03  -6.52218139e-15   2.68501900e-14   4.23105907e-15
  4.88000000e-06   1.50265985e-03   1.75476875e-03  -6.67250260e-03  -7.71942883e-15   2.79948273e-14   5.62379282e-15
  4.96000000e-06   1.70950328e-03   2.21735875e-03  -6.93483854e-03  -9.01091784e-15   2.89827407e-14   7.04572134e-15
  5.04000000e-06   1.92971131e-03   2.72574057e-03  -7.28918514e-03  -1.05697292e-14   3.03120093e-14   8.53677692e-15
  5.12000000e-06   2.16293987e-03   3.27143931e-03  -7.62187539e-03  -1.22846499e-14   3.15135190e-14   1.00399970e-14
  5.20000000e-06   2.38607665e-03   3.84882368e-03  -8.00915885e-03  -1.42794443e-14   3.28683599e-14   1.15408715e-14
  5.28000000e-06   2.62963061e-03   4.48076982e-03  -8.44097715e-03  -1.65949148e-14   3.43337805e-14   1.30557481e-14
  5.36000000e-06   2.88260983e-03   5.15789380e-03  -8.92732985e-03  -1.92895303e-14   3.59163173e-14   1.45226359e-14
  5.44000000e-06   3.14216816e-03   5.87477487e-03  -9.45387385e-03  -2.23805570e-14   3.75268546e-14   1.58811458e-14
  5.52000000e-06   3.40739586e-03   6.64580742e-03  -1.00353139e-02  -2.59562626e-14   3.91769505e-14   1.71314230e-14
  5.60000000e-06   3.68259627e-03   7.45951291e-03  -1.07356256e-02  -3.02039527e-14   4.10380514e-14   1.81540338e-14
  5.68000000e-06   3.96962017e-03   8.32066799e-03  -1.15000581e-02  -3.50820984e-14   4.28288539e-14   1.88783454e-14
  5.76000000e-06   4.27067606e-03   9.24367018e-03  -1.23725051e-02  -4.07676988e-14   4.45965333e-14   1.92467094e-14
  5.84000000e-06   4.58813272e-03   1.02091912e-02  -1.33834732e-02  -4.73960423e-14   4.62890769e-14   1.90619206e-14
  5.92000000e-06   4.92158734e-03   1.12424968e-02  -1.45107971e-02  -5.49967117e-14   4.76414868e-14   1.82580005e-14
  6.00000000e-06   5.26105527e-03   1.23037530e-02  -1.58071167e-02  -6.37140819e-14   4.85468177e-14   1.65814394e-14
  6.08000000e-06   5.62240064e-03   1.33915790e-02  -1.72256067e-02  -7.34046503e-14   4.85792892e-14   1.38075274e-14
  6.16000000e-06   6.00359298e-03   1.45335280e-02  -1.88635607e-02  -8.43601583e-14   4.75845213e-14   9.81293614e-15
  6.24000000e-06   6.41668495e-03   1.56978074e-02  -2.07667587e-02  -9.65996304e-14   4.51117874e-14   4.25231283e-15
  6.32000000e-06   6.85949172e-03   1.68877614e-02  -2.28479437e-02  -1.09566269e-13   4.03608078e-14  -3.06221106e-15
  6.40000000e-06   7.34438917e-03   1.80999412e-02  -2.50793524e-02  -1.22682567e-13   3.26775946e-14  -1.23434598e-14
  6.48000000e-06   7.86218693e-03   1.92913986e-02  -2.75561144e-02  -1.35576112e-13   2.14469483e-14  -2.36674554e-14
  6.56000000e-06   8.43614783e-03   2.04596296e-02  -3.01726514e-02  -1.46867690e-13   5.94564896e-15  -3.70319383e-14
  6.64000000e-06   9.07323175e-03   2.16042259e-02  -3.28740300e-02  -1.55067463e-13  -1.42658159e-14  -5.21738568e-14
  6.72000000e-06   9.78446871e-03   2.27271499e-02  -3.54586023e-02  -1.57877132e-13  -3.89698761e-14  -6.85424106e-14
  6.80000000e-06   1.05506763e-02   2.37806143e-02  -3.78522557e-02  -1.53500708e-13  -6.73036227e-14  -8.50691117e-14
  6.88000000e-06   1.13942677e-02   2.47912179e-02  -3.98765020e-02  -1.40180799e-13  -9.73958390e-14  -1.00606092e-13
  6.96000000e-06   1.22954668e-02   2.57481459e-02  -4.12984896e-02  -1.16863853e-13  -1.26338250e-13  -1.13560360e-13
  7.04000000e-06   1.32490705e-02   2.66533624e-02  -4.19251001e-02  -8.40615380e-14  -1.50746322e-13  -1.22400032e-13
  7.12000000e-06   1.42045690e-02   2.74391584e-02  -4.15372781e-02  -4.40036761e-14  -1.67202611e-13  -1.25500573e-13
  7.20000000e-06   1.51318844e-02   2.81290249e-02  -4.04422753e-02  -1.03759668e-15  -1.75127368e-13  -1.22195471e-13
  7.28000000e-06   1.59686151e-02   2.86884412e-02  -3.84519112e-02   4.10761684e-14  -1.73441017e-13  -1.12343516e-13
  7.36000000e-06   1.66775035e-02   2.90921679e-02  -3.58289357e-02   7.83182887e-14  -1.63945572e-13  -9.66642879e-14
  7.44000000e-06   1.72081745e-02   2.93206749e-02  -3.26791289e-02   1.07968053e-13  -1.48644789e-13  -7.65146597e-14
  7.52000000e-06   1.75351096e-02   2.93476923e-02  -2.92705200e-02   1.28655896e-13  -1.30329471e-13  -5.35991152e-14
  7.60000000e-06   1.76391055e-02   2.91924415e-02  -2.57630264e-02   1.40420929e-13  -1.11131784e-13  -2.97833223e-14
  7.68000000e-06   1.75371097e-02   2.88570856e-02  -2.23395428e-02   1.44220058e-13  -9.27718486e-14  -6.62154052e-15
  7.76000000e-06   1.72397132e-02   2.83599099e-02  -1.90661989e-02   1.41408300e-13  -7.61139233e-14   1.46465763e-14
  7.84000000e-06   1.67817876e-02   2.77379527e-02  -1.60787256e-02   1.33779770e-13  -6.16843481e-14   3.32157018e-14
  7.92000000e-06   1.61929670e-02   2.70104965e-02  -1.33505139e-02   1.22674586e-13  -4.94836885e-14   4.86787639e-14
  8.00000000e-06   1.55021831e-02   2.61880342e-02  -1.09114170e-02   1.09400687e-13  -3.93808340e-14   6.09126066e-14
  8.08000000e-06   1.47257406e-02   2.52817344e-02  -8.84300595e-03   9.52742337e-14  -3.10213958e-14   6.99659105e-14
  8.16000000e-06   1.39104476e-02   2.43401359e-02  -7.04491435e-03   8.09465161e-14  -2.42083575e-14   7.61922059e-14
  8.24000000e-06   1.30678799e-02   2.33572457e-02  -5.52239607e-03   6.70491392e-14  -1.86274923e-14   7.98753251e-14
  8.32000000e-06   1.22149289e-02   2.23480141e-02  -4.26852936e-03   5.40726962e-14  -1.40097372e-14   8.13873592e-14
  8.40000000e-06   1.13690381e-02   2.13168666e-02  -3.26562923e-03   4.23107271e-14  -1.01398037e-14   8.11125235e-14
  8.48000000e-06   1.05402486e-02   2.02720647e-02  -2.50671145e-03   3.19894821e-14  -6.81373170e-15   7.94063018e-14
  8.56000000e-06   9.73686595e-03   1.92224966e-02  -1.94579010e-03   2.31056803e-14  -3.94941362e-15   7.66060643e-14
  8.64000000e-06   8.96608509e-03   1.81671406e-02  -1.53612780e-03   1.55715354e-14  -1.51298134e-15   7.29946862e-14
  8.72000000e-06   8.22748230e-03   1.71248260e-02  -1.29778443e-03   9.49337899e-15   6.55739789e-16   6.88373471e-14
  8.80000000e-06   7.52469330e-03   1.60718546e-02  -1.18561355e-03   4.68816276e-15   2.54756592e-15   6.42883139e-14
  8.88000000e-06   6.85383608e-03   1.50196437e-02  -1.18653915e-03   1.08146528e-15   4.20845681e-15   5.95190709e-14
  8.96000000e-06   6.22822050e-03   1.39791341e-02  -1.27579571e-03  -1.47240700e-15   5.65100601e-15   5.47310940e-14
  9.04000000e-06   5.63191729e-03   1.29244933e-02  -1.46363688e-03  -2.98996097e-15   6.95482723e-15   4.99088306e-14
  9.12000000e-06   5.06737864e-03   1.18946505e-02  -1.71253625e-03  -3.69396099e-15   8.08526173e-15   4.52268756e-14
  9.20000000e-06   4.53325090e-03   1.08596366e-02  -2.02490684e-03  -3.63000738e-15   9.09779769e-15   4.06651018e-14
  9.28000000e-06   4.03828132e-03   9.83386659e-03  -2.39092009e-03  -2.91588013e-15   1.00285214e-14   3.63224172e-14
  9.36000000e-06   3.56639325e-03   8.80609296e-03  -2.79267420e-03  -1.66887068e-15   1.08670607e-14   3.21356847e-14
  9.44000000e-06   3.12067216e-03   7.78880467e-03  -3.23813379e-03   5.73050175e-17   1.16802694e-14   2.81502165e-14
  9.52000000e-06   2.70942229e-03   6.78720605e-03  -3.72084795e-03   2.16663845e-15   1.25115162e-14   2.43999695e-14
  9.60000000e-06   2.32142880e-03   5.79760155e-03  -4.24096615e-03   4.60172104e-15   1.33907292e-14   2.08246604e-14
  9.68000000e-06   1.95959787e-03   4.82656775e-03  -4.78626836e-03   7.25340104e-15   1.43383724e-14   1.74287919e-14
  9.76000000e-06   1.62502629e-03   3.88193757e-03  -5.38051435e-03   1.01243087e-14   1.54554581e-14   1.42085656e-14
  9.84000000e-06   1.32314093e-03   2.95817821e-03  -5.99503576e-03   1.30754788e-14   1.67281286e-14   1.11401315e-14
  9.92000000e-06   1.03571059e-03   2.06726986e-03  -6.65953051e-03   1.61187333e-14   1.82398080e-14   8.16888639e-15
  1.00000000e-05   7.78545088e-04   1.22175958e-03  -7.33652104e-03   1.90613066e-14   1.99661011e-14   5.34774748e-15
  1.00800000e-05   5.53553195e-04   4.20732865e-04  -8.08142271e-03   2.20042955e-14   2.20911847e-14   2.65733353e-15
  1.01600000e-05   3.40147334e-04  -3.40678228e-04  -8.85499949e-03   2.47777159e-14   2.45179718e-14   8.50760342e-18
  1.02400000e-05   1.65323600e-04  -1.03530182e-03  -9.63544497e-03   2.72117373e-14   2.72652735e-14  -2.46268284e-15
  1.03200000e-05   1.73767043e-05  -1.66302257e-03  -1.04749274e-02   2.93779896e-14   3.04821313e-14  -4.79067565e-15
  1.04000000e-05  -1.00798718e-04  -2.21526298e-03  -1.13147764e-02   3.10404043e-14   3.40247416e-14  -6.93805876e-15
  1.04800000e-05  -1.96793121e-04  -2.68904515e-03  -1.21617202e-02   3.21546694e-14   3.78951900e-14  -8.89920941e-15
  1.05600000e-05  -2.69094634e-04  -3.08114879e-03  -1.30022376e-02   3.26326917e-14   4.20376204e-14  -1.06370495e-14
  1.06400000e-05  -3.16576243e-04  -3.39211726e-03  -1.38083045e-02   3.23783281e-14   4.63261269e-14  -1.21226950e-14
  1.07200000e-05  -3.40612685e-04  -3.61625027e-03  -1.46473223e-02   3.14726022e-14   5.09435831e-14  -1.33092390e-14
  1.08000000e-05  -3.46651745e-04  -3.76849853e-03  -1.53960910e-02   2.96896993e-14   5.53940068e-14  -1.42272619e-14
  1.08800000e-05  -3.42518656e-04  -3.85534557e-03  -1.60665945e-02   2.71035803e-14   5.96083088e-14  -1.48814431e-14
  1.09600000e-05  -3.22619423e-04  -3.86032050e-03  -1.67236611e-02   2.38114692e-14   6.37485584e-14  -1.51744231e-14
  1.10400000e-05  -2.95305786e-04  -3.80528176e-03  -1.72673141e-02   1.97649335e-14   6.73374295e-14  -1.51774961e-14
  1.11200000e-05  -2.61148107e-04  -3.70315081e-03  -1.77972086e-02   1.51392830e-14   7.06734182e-14  -1.49275050e-14
  1.12000000e-05  -2.20429670e-04  -3.53701733e-03  -1.82399157e-02   9.93587040e-15   7.33866556e-14  -1.43509453e-14
  1.12800000e-05  -1.84092733e-04  -3.36395905e-03  -1.84978002e-02   4.35070962e-15   7.49933897e-14  -1.36813904e-14
  1.13600000e-05  -1.46997672e-04  -3.15506775e-03  -1.87721817e-02  -1.50570152e-15   7.62662450e-14  -1.28063877e-14
  1.14400000e-05  -1.12892491e-04  -2.91644468e-03  -1.89245491e-02  -7.51457617e-15   7.66055444e-14  -1.17607818e-14
  1.15200000e-05  -7.83671670e-05  -2.63921871e-03  -1.90390130e-02  -1.35856821e-14   7.63427539e-14  -1.05268352e-14
  1.16000000e-05  -5.42906769e-05  -2.35241335e-03  -1.90588880e-02  -1.95410655e-14   7.52408814e-14  -9.23121831e-15
  1.16800000e-05  -3.06002193e-05  -2.03977764e-03  -1.90556006e-02  -2.53729586e-14   7.36112365e-14  -7.83885743e-15
  1.17600000e-05  -1.59266291e-05  -1.70143158e-03  -1.90562869e-02  -3.10631620e-14   7.15690244e-14  -6.36404498e-15
  1.18400000e-05  -2.23278978e-06  -1.34347000e-03  -1.89467538e-02  -3.63531069e-14   6.87219092e-14  -4.86862581e-15
  1.19200000e-05   4.69616661e-07  -9.72716374e-04  -1.88854184e-02  -4.14701691e-14   6.56841534e-14  -3.38417320e-15
  1.20000000e-05  -4.88982782e-06  -5.80411515e-04  -1.88409356e-02  -4.63673919e-14   6.23557872e-14  -1.90889078e-15
  1.20800000e-05  -1.49145786e-05  -1.71140741e-04  -1.87820770e-02  -5.09588408e-14   5.86504943e-14  -4.93952795e-16
  1.21600000e-05  -3.20844909e-05   2.48914303e-04  -1.87361286e-02  -5.52930358e-14   5.46786030e-14   8.21105340e-16
  1.22400000e-05  -5.75262063e-05   6.70268517e-04  -1.88102171e-02  -5.97105340e-14   5.07235021e-14   1.99005077e-15
  1.23200000e-05  -9.09177635e-05   1.10163885e-03  -1.88671297e-02  -6.38130499e-14   4.63845395e-14   3.01586683e-15
  1.24000000e-05  -1.26020988e-04   1.52240774e-03  -1.90997827e-02  -6.82471898e-14   4.20893093e-14   3.80515681e-15
  1.24800000e-05  -1.64074464e-04   1.93147563e-03  -1.94200451e-02  -7.27539954e-14   3.75143495e-14   4.34577388e-15
  1.25600000e-05  -2.08011749e-04   2.34188403e-03  -1.98033678e-02  -7.72544884e-14   3.25216564e-14   4.65737897e-15
  1.26400000e-05  -2.50762635e-04   2.73847450e-03  -2.04050821e-02  -8.23165084e-14   2.72286920e-14   4.66584662e-15
  1.27200000e-05  -2.88864813e-04   3.08986704e-03  -2.10997159e-02  -8.73959272e-14   2.12734305e-14   4.31179643e-15
  1.28000000e-05  -3.29477969e-04   3.42896123e-03  -2.18628644e-02  -9.23486362e-14   1.44715582e-14   3.66142568e-15
  1.28800000e-05  -3.57639742e-04   3.72091939e-03  -2.30091790e-02  -9.83021101e-14   6.79537593e-15   2.62685545e-15
  1.29600000e-05  -3.82608479e-04   3.95996691e-03  -2.42393159e-02  -1.03852902e-13  -2.22987457e-15   1.27498530e-15
  1.30400000e-05  -3.96474513e-04   4.14688510e-03  -2.56127419e-02  -1.08981856e-13  -1.27880235e-14  -3.83478500e-16
  1.31200000e-05  -4.00206139e-04   4.27711817e-03  -2.71749959e-02  -1.13519556e-13  -2.51309336e-14  -2.28359738e-15
  1.32000000e-05  -3.91585687e-04   4.32815363e-03  -2.89493593e-02  -1.17064886e-13  -3.95395521e-14  -4.32798255e-15
  1.32800000e-05  -3.66910028e-04   4.31470248e-03  -3.08796675e-02  -1.18826441e-13  -5.60947478e-14  -6.42602562e-15
  1.33600000e-05  -3.32861242e-04   4.20496476e-03  -3.29127971e-02  -1.17893314e-13  -7.46860806e-14  -8.34964653e-15
  1.34400000e-05  -2.83733263e-04   4.00985074e-03  -3.49574948e-02  -1.13284785e-13  -9.47712476e-14  -9.95139663e-15
  1.35200000e-05  -2.20667957e-04   3.69995569e-03  -3.70253383e-02  -1.04378983e-13  -1.15784304e-13  -1.09482780e-14
  1.36000000e-05  -1.50178600e-04   3.30492627e-03  -3.88898930e-02  -9.01615685e-14  -1.36101762e-13  -1.12179776e-14
  1.36800000e-05  -8.89489452e-05   2.84871606e-03  -4.04768202e-02  -7.06547684e-14  -1.54127594e-13  -1.06920722e-14
  1.37600000e-05  -3.87603525e-05   2.30994001e-03  -4.16246790e-02  -4.63010276e-14  -1.67838013e-13  -9.27096877e-15
  1.38400000e-05  -8.08953545e-07   1.75326630e-03  -4.22453428e-02  -1.85669062e-14  -1.75594684e-13  -7.28717536e-15
  1.39200000e-05   1.58125457e-05   1.13718146e-03  -4.23584117e-02   1.05980647e-14  -1.76705639e-13  -4.73999816e-15
  1.40000000e-05   1.16740445e-05   5.50278467e-04  -4.18039948e-02   3.87782757e-14  -1.70414475e-13  -2.23238754e-15
  1.40800000e-05  -1.30736270e-06  -2.56396533e-05  -4.07708193e-02   6.39774857e-14  -1.58133842e-13   9.73945378e-17
  1.41600000e-05  -3.43170779e-05  -5.36194908e-04  -3.92074842e-02   8.44011894e-14  -1.40887631e-13   1.85288165e-15
  1.42400000e-05  -7.89278360e-05  -9.65633244e-04  -3.73332199e-02   9.94550398e-14  -1.20975268e-13   2.91879376e-15
  1.43200000e-05  -1.20087649e-04  -1.38676566e-03  -3.53999360e-02   1.09700291e-13  -1.00500993e-13   3.56491252e-15
  1.44000000e-05  -1.63661889e-04  -1.70146641e-03  -3.33332509e-02   1.15152384e-13  -8.02709723e-14   3.53197792e-15
  1.44800000e-05  -1.97260129e-04  -1.92393116e-03  -3.12553337e-02   1.16717731e-13  -6.13837928e-14   3.04186280e-15
  1.45600000e-05  -2.34163808e-04  -2.07720437e-03  -2.94092028e-02   1.16016841e-13  -4.46489740e-14   2.22984959e-15
  1.46400000e-05  -2.49253413e-04  -2.18817094e-03  -2.75546105e-02   1.12816070e-13  -2.97679903e-14   1.34342892e-15
  1.47200000e-05  -2.61301746e-04  -2.20374871e-03  -2.60091071e-02   1.08925643e-13  -1.70561618e-14   3.50839944e-16
  1.48000000e-05  -2.59812158e-04  -2.18071894e-03  -2.46546532e-02   1.04406541e-13  -6.10458956e-15  -5.60287528e-16
  1.48800000e-05  -2.52907516e-04  -2.10939705e-03  -2.34415580e-02   9.94041301e-14   3.33546932e-15  -1.37259993e-15
  1.49600000e-05  -2.33420603e-04  -1.98836726e-03  -2.24794851e-02   9.46346752e-14   1.15647379e-14  -2.00558994e-15
  1.50400000e-05  -2.17760825e-04  -1.83298520e-03  -2.16332430e-02   8.97296683e-14   1.87723813e-14  -2.49380565e-15
  1.51200000e-05  -1.91727355e-04  -1.65261424e-03  -2.09302302e-02   8.49358499e-14   2.51790596e-14  -2.76613289e-15
  1.52000000e-05  -1.61651298e-04  -1.44103307e-03  -2.04228379e-02   8.05242612e-14   3.10641793e-14  -2.82925229e-15
  1.52800000e-05  -1.36079585e-04  -1.19999271e-03  -2.01056932e-02   7.64840595e-14   3.66476402e-14  -2.70494628e-15
  1.53600000e-05  -1.07021320e-04  -9.49855923e-04  -1.97800240e-02   7.20965128e-14   4.16957088e-14  -2.39235200e-15
  1.54400000e-05  -7.88482582e-05  -7.02546064e-04  -1.96869105e-02   6.82305631e-14   4.68150089e-14  -1.94390894e-15
  1.55200000e-05  -5.30774338e-05  -4.32689079e-04  -1.96318487e-02   6.41393062e-14   5.16762553e-14  -1.31236245e-15
  1.56000000e-05  -3.56198721e-05  -1.68892377e-04  -1.96301232e-02   5.98745913e-14   5.63523144e-14  -5.93485914e-16
  1.56800000e-05  -1.93590636e-05   9.50349553e-05  -1.97552765e-02   5.56174862e-14   6.10972129e-14   2.39412921e-16
  1.57600000e-05  -4.08896790e-06   3.50687578e-04  -1.97856165e-02   5.07319523e-14   6.52301998e-14   1.14567972e-15
  1.58400000e-05   9.23732672e-07   5.99559832e-04  -1.99439781e-02   4.58034238e-14   6.94500228e-14   2.08994183e-15
  1.59200000e-05   9.46016314e-06   8.41457490e-04  -2.01464431e-02   4.05712026e-14   7.34957495e-14   3.08875164e-15
  1.60000000e-05   2.38422522e-06   1.06077456e-03  -2.02293642e-02   3.47465245e-14   7.67104388e-14   4.02658850e-15
  1.60800000e-05  -1.19194947e-05   1.26731753e-03  -2.03831855e-02   2.87315814e-14   7.97612990e-14   4.94232986e-15
  1.61600000e-05  -2.05079753e-05   1.45398088e-03  -2.03909591e-02   2.22578665e-14   8.17768907e-14   5.80872978e-15
  1.62400000e-05  -3.27396049e-05   1.62378527e-03  -2.04544044e-02   1.56740941e-14   8.35092131e-14   6.60434124e-15
  1.63200000e-05  -5.20396803e-05   1.78491156e-03  -2.04969419e-02   8.93120265e-15   8.46318196e-14   7.34721973e-15
  1.64000000e-05  -6.75781275e-05   1.92061546e-03  -2.03569826e-02   2.10293146e-15   8.44672833e-14   7.96223394e-15
  1.64800000e-05  -8.27317295e-05   2.02907745e-03  -2.02300181e-02  -4.60168404e-15   8.38268395e-14   8.42667834e-15
  1.65600000e-05  -9.95182591e-05   2.11047267e-03  -2.00396200e-02  -1.11076013e-14   8.24136071e-14   8.73455058e-15
  1.66400000e-05  -1.18998375e-04   2.17094606e-03  -1.97476824e-02  -1.72477756e-14   8.01153927e-14   8.91135727e-15
  1.67200000e-05  -1.38712460e-04   2.19681376e-03  -1.93697625e-02  -2.29001509e-14   7.70615692e-14   8.90390121e-15
  1.68000000e-05  -1.37723901e-04   2.18181591e-03  -1.89975320e-02  -2.80621356e-14   7.37130901e-14   8.66919025e-15
  1.68800000e-05  -1.40128643e-04   2.11731579e-03  -1.85581120e-02  -3.25732062e-14   6.98381119e-14   8.21386229e-15
  1.69600000e-05  -1.27358424e-04   1.99682585e-03  -1.80587491e-02  -3.63760598e-14   6.55748184e-14   7.50740206e-15
  1.70400000e-05  -1.11759314e-04   1.82478431e-03  -1.75164500e-02  -3.94629915e-14   6.10652916e-14   6.61328881e-15
  1.71200000e-05  -6.99597385e-05   1.57254558e-03  -1.70267968e-02  -4.20112125e-14   5.67398075e-14   5.41293985e-15
  1.72000000e-05  -1.53729543e-05   1.26350980e-03  -1.64227046e-02  -4.36738129e-14   5.20883256e-14   4.04838953e-15
  1.72800000e-05   5.93362168e-05   8.65346679e-04  -1.58488842e-02  -4.47738857e-14   4.76655081e-14   2.43490176e-15
  1.73600000e-05   1.62921482e-04   3.99307869e-04  -1.53120487e-02  -4.54178897e-14   4.35275219e-14   6.51861310e-16
  1.74400000e-05   2.82928311e-04  -1.39188780e-04  -1.47917494e-02  -4.56080343e-14   3.96132059e-14  -1.24512101e-15
  1.75200000e-05   4.34278040e-04  -7.75200715e-04  -1.43990453e-02  -4.57386115e-14   3.62203512e-14  -3.32947884e-15
  1.76000000e-05   6.08256268e-04  -1.48097183e-03  -1.39498094e-02  -4.53180635e-14   3.28692309e-14  -5.46555147e-15
  1.76800000e-05   8.21749852e-04  -2.26313699e-03  -1.36120564e-02  -4.49622946e-14   2.99657115e-14  -7.69643221e-15
  1.77600000e-05   1.06304019e-03  -3.12646148e-03  -1.33340856e-02  -4.45763602e-14   2.73257195e-14  -9.96088340e-15
  1.78400000e-05   1.33192158e-03  -4.06828221e-03  -1.31164730e-02  -4.42367243e-14   2.49083368e-14  -1.22177655e-14
  1.79200000e-05   1.64205945e-03  -5.09319619e-03  -1.29317104e-02  -4.39028766e-14   2.26378318e-14  -1.44907400e-14
  1.80000000e-05   1.98123520e-03  -6.20278598e-03  -1.29300475e-02  -4.42192429e-14   2.06756969e-14  -1.66941107e-14
  1.80800000e-05   2.36038196e-03  -7.39352390e-03  -1.29724206e-02  -4.47333366e-14   1.87273478e-14  -1.88129003e-14
  1.81600000e-05   2.78609412e-03  -8.67421439e-03  -1.30840768e-02  -4.55927442e-14   1.67738855e-14  -2.08288257e-14
  1.82400000e-05   3.25388629e-03  -1.00614990e-02  -1.33177885e-02  -4.70568207e-14   1.47792092e-14  -2.26628124e-14
  1.83200000e-05   3.76202866e-03  -1.15382439e-02  -1.36275391e-02  -4.90040423e-14   1.25945126e-14  -2.41916877e-14
  1.84000000e-05   4.32339270e-03  -1.31369231e-02  -1.40633633e-02  -5.16557122e-14   1.01525612e-14  -2.53638718e-14
  1.84800000e-05   4.93992886e-03  -1.48536678e-02  -1.46802331e-02  -5.52664655e-14   7.33641340e-15  -2.60203671e-14
  1.85600000e-05   5.60383806e-03  -1.67124890e-02  -1.54073909e-02  -5.95129679e-14   3.94061915e-15  -2.59199362e-14
  1.86400000e-05   6.32226134e-03  -1.87135517e-02  -1.63027305e-02  -6.45685838e-14  -1.84419121e-16  -2.48282534e-14
  1.87200000e-05   7.10694799e-03  -2.08919573e-02  -1.73591734e-02  -7.02471935e-14  -5.23003109e-15  -2.24652151e-14
  1.88000000e-05   7.94712733e-03  -2.32665961e-02  -1.85996014e-02  -7.63813249e-14  -1.14100513e-14  -1.83627086e-14
  1.88800000e-05   8.84532116e-03  -2.58235145e-02  -2.01059932e-02  -8.28841514e-14  -1.89761994e-14  -1.20911598e-14
  1.89600000e-05   9.79924665e-03  -2.86395448e-02  -2.17636637e-02  -8.86225817e-14  -2.79861982e-14  -3.07496759e-15
  1.90400000e-05   1.07922357e-02  -3.17042481e-02  -2.36428949e-02  -9.29462368e-14  -3.85287131e-14   9.23855497e-15
  1.91200000e-05   1.18299290e-02  -3.50595071e-02  -2.56374826e-02  -9.41698826e-14  -5.02325396e-14   2.52405849e-14
  1.92000000e-05   1.28784722e-02  -3.87225653e-02  -2.77637672e-02  -9.07628905e-14  -6.25609887e-14   4.51536204e-14
  1.92800000e-05   1.39383333e-02  -4.27521953e-02  -2.98810939e-02  -8.03614248e-14  -7.41660449e-14   6.86272369e-14
  1.93600000e-05   1.49787557e-02  -4.71304044e-02  -3.18541476e-02  -6.07071326e-14  -8.30583810e-14   9.43443162e-14
  1.94400000e-05   1.59838039e-02  -5.18802346e-02  -3.34078591e-02  -2.96812854e-14  -8.62547136e-14   1.19747121e-13
  1.95200000e-05   1.69462720e-02  -5.70182660e-02  -3.42725460e-02   1.34933203e-14  -8.05558251e-14   1.40690305e-13
  1.96000000e-05   1.78944323e-02  -6.25553075e-02  -3.41924902e-02   6.75652738e-14  -6.34413675e-14   1.51426130e-13
  1.96800000e-05   1.88362772e-02  -6.83473568e-02  -3.29560502e-02   1.28376645e-13  -3.45068345e-14   1.44938152e-13
  1.97600000e-05   1.98462584e-02  -7.43394304e-02  -3.04535650e-02   1.89101711e-13   3.48093930e-15   1.14738303e-13
  1.98400000e-05   2.10252880e-02  -8.03578408e-02  -2.66866453e-02   2.40207980e-13   4.41193250e-14   5.63993052e-14
  1.99200000e-05   2.24885808e-02  -8.62638367e-02  -2.20472198e-02   2.70155775e-13   7.80335991e-14  -2.97569350e-14
  2.00000000e-05   2.43830000e-02  -9.20473660e-02  -1.68356142e-02   2.67799585e-13   9.59760828e-14  -1.36887690e-13
  2.00800000e-05   2.67701990e-02  -9.75804871e-02  -1.20458910e-02   2.21302452e-13   9.15877757e-14  -2.50115920e-13
  2.01600000e-05   2.96758045e-02  -1.03022737e-01  -8.62315626e-03   1.23761932e-13   6.46908940e-14  -3.46960904e-13
  2.02400000e-05   3.30784124e-02  -1.08410352e-01  -7.57570726e-03  -2.33142681e-14   2.07583840e-14  -3.98856844e-13
  2.03200000e-05   3.67223392e-02  -1.13903797e-01  -9.59341559e-03  -2.02020055e-13  -3.34456936e-14  -3.76201519e-13
  2.04000000e-05   4.01609408e-02  -1.19535531e-01  -1.52896603e-02  -3.74409252e-13  -9.28938007e-14  -2.57201138e-13
  2.04800000e-05   4.28841606e-02  -1.25279132e-01  -2.37567032e-02  -4.79907910e-13  -1.56209199e-13  -4.25435720e-14
  2.05600000e-05   4.43399594e-02  -1.30953543e-01  -3.35632359e-02  -4.54235237e-13  -2.12575979e-13   2.29322515e-13
  2.06400000e-05   4.43972193e-02  -1.36671888e-01  -4.17607207e-02  -2.62162632e-13  -2.30660501e-13   4.76177466e-13
  2.07200000e-05   4.34320256e-02  -1.42615162e-01  -4.52592714e-02   6.11902574e-14  -1.69622668e-13   5.93212843e-13
  2.08000000e-05   4.22400871e-02  -1.48458786e-01  -4.18815809e-02   4.02932398e-13  -2.64640580e-14   5.00189369e-13
  2.08800000e-05   4.17934934e-02  -1.53612780e-01  -3.24017543e-02   6.21976515e-13   1.27477829e-13   1.97901248e-13
  2.09600000e-05   4.28115496e-02  -1.57331216e-01  -2.02327404e-02   6.20886147e-13   1.96256097e-13  -2.12334665e-13
  2.10400000e-05   4.54696010e-02  -1.59392677e-01  -1.00295091e-02   3.84178107e-13   1.45182728e-13  -5.65594817e-13
  2.11200000e-05   4.91959391e-02  -1.60409504e-01  -6.14205235e-03  -1.53522980e-14   2.24247896e-14  -7.08626341e-13
  2.12000000e-05   5.28395967e-02  -1.60994980e-01  -1.04299629e-02  -4.29170525e-13  -1.04100531e-13  -5.67359128e-13
  2.12800000e-05   5.49541689e-02  -1.61157545e-01  -2.16317620e-02  -6.74888954e-13  -2.05424301e-13  -1.84094365e-13
  2.13600000e-05   5.45594549e-02  -1.60807482e-01  -3.48835777e-02  -6.21503284e-13  -2.72332108e-13   2.83347092e-13
  2.14400000e-05   5.17751132e-02  -1.59946119e-01  -4.48126771e-02  -2.80686368e-13  -2.65919164e-13   6.24826980e-13
  2.15200000e-05   4.78137302e-02  -1.58905029e-01  -4.68382832e-02   1.78009497e-13  -1.49198732e-13   6.87892994e-13
  2.16000000e-05   4.42795479e-02  -1.57404878e-01  -4.02961559e-02   5.32804306e-13   3.17362595e-14   4.61505355e-13
  2.16800000e-05   4.21783865e-02  -1.54753911e-01  -2.85108553e-02   6.49895522e-13   1.64187275e-13   7.02511925e-14
  2.17600000e-05   4.16895659e-02  -1.50654973e-01  -1.66128413e-02   5.28288567e-13   1.80325664e-13  -3.09569980e-13
  2.18400000e-05   4.24587625e-02  -1.45438297e-01  -8.67989842e-03   2.51405563e-13   1.05770402e-13  -5.42483093e-13
  2.19200000e-05   4.36848869e-02  -1.39709107e-01  -6.76714728e-03  -6.91314886e-14   6.34909001e-15  -5.77352138e-13
  2.20000000e-05   4.44792688e-02  -1.33990124e-01  -1.05605031e-02  -3.30982546e-13  -7.52085666e-14  -4.39813941e-13
  2.20800000e-05   4.41771057e-02  -1.28185870e-01  -1.82182158e-02  -4.65773644e-13  -1.32005381e-13  -2.00640225e-13
  2.21600000e-05   4.24988436e-02  -1.22262534e-01  -2.71473169e-02  -4.53879756e-13  -1.69901488e-13   5.46360307e-14
  2.22400000e-05   3.95662847e-02  -1.16133839e-01  -3.48714168e-02  -3.22731569e-13  -1.86324689e-13   2.54343329e-13
  2.23200000e-05   3.59183207e-02  -1.09904483e-01  -3.96496161e-02  -1.31202760e-13  -1.72453922e-13   3.59168078e-13
  2.24000000e-05   3.21960697e-02  -1.03839334e-01  -4.06080828e-02   5.57923348e-14  -1.26313371e-13   3.67232068e-13
  2.24800000e-05   2.87618334e-02  -9.78432938e-02  -3.84326919e-02   1.94326000e-13  -6.16474605e-14   3.02371810e-13
  2.25600000e-05   2.59146344e-02  -9.20259962e-02  -3.39116042e-02   2.67395445e-13   1.67049169e-15   1.99805544e-13
  2.26400000e-05   2.36617356e-02  -8.62792702e-02  -2.83988430e-02   2.82612170e-13   4.78081373e-14   9.02235082e-14
  2.27200000e-05   2.19510280e-02  -8.06039858e-02  -2.29403653e-02   2.57763663e-13   7.18298196e-14  -5.73628061e-15
  2.28000000e-05   2.06459775e-02  -7.50240791e-02  -1.81402270e-02   2.10782156e-13   7.69242582e-14  -7.82442232e-14
  2.28800000e-05   1.96315806e-02  -6.96519270e-02  -1.42792195e-02   1.55701757e-13   6.96504185e-14  -1.25680137e-13
  2.29600000e-05   1.88017368e-02  -6.45064067e-02  -1.15143057e-02   1.01834095e-13   5.66151191e-14  -1.50888824e-13
  2.30400000e-05   1.80688673e-02  -5.96767893e-02  -9.77336947e-03   5.43121722e-14   4.24717600e-14  -1.58923578e-13
  2.31200000e-05   1.73672454e-02  -5.51293484e-02  -8.88863352e-03   1.53033133e-14   2.97671640e-14  -1.54722090e-13
  2.32000000e-05   1.66664660e-02  -5.09145461e-02  -8.69744290e-03  -1.46633836e-14   1.96121382e-14  -1.42907509e-13
  2.32800000e-05   1.59493874e-02  -4.69500549e-02  -9.03548100e-03  -3.60744748e-14   1.21379515e-14  -1.26749562e-13
  2.33600000e-05   1.51972674e-02  -4.32586911e-02  -9.75885060e-03  -5.00012186e-14   7.02593384e-15  -1.09010234e-13
  2.34400000e-05   1.44112678e-02  -3.97959235e-02  -1.07201919e-02  -5.77313920e-14   3.70481816e-15  -9.13620968e-14
  2.35200000e-05   1.35861154e-02  -3.65303339e-02  -1.17972978e-02  -6.05589814e-14   1.66954990e-15  -7.49112668e-14
  2.36000000e-05   1.27355141e-02  -3.34682751e-02  -1.29409949e-02  -5.96630643e-14   6.27045691e-16  -6.03373956e-14
  2.36800000e-05   1.18606939e-02  -3.05431801e-02  -1.40658184e-02  -5.59980016e-14   2.63302256e-16  -4.77908376e-14
  2.37600000e-05   1.09787610e-02  -2.77867139e-02  -1.51236945e-02  -5.05523847e-14   3.85918244e-16  -3.74065975e-14
  2.38400000e-05   1.00917524e-02  -2.51568915e-02  -1.61237884e-02  -4.38517397e-14   1.00549742e-15  -2.90152708e-14
  2.39200000e-05   9.21277093e-03  -2.26689628e-02  -1.70305762e-02  -3.65494587e-14   2.01120940e-15  -2.24486721e-14
  2.40000000e-05   8.35267691e-03  -2.03110089e-02  -1.77874571e-02  -2.91434150e-14   3.28514916e-15  -1.74364566e-14
  2.40800000e-05   7.50787239e-03  -1.80584678e-02  -1.84284695e-02  -2.17870151e-14   4.90941769e-15  -1.36870124e-14
  2.41600000e-05   6.70026098e-03  -1.59410581e-02  -1.89801205e-02  -1.47585626e-14   6.85106688e-15  -1.09640756e-14
  2.42400000e-05   5.92470404e-03  -1.39513066e-02  -1.93868730e-02  -8.31966534e-15   9.02204212e-15  -9.03502233e-15
  2.43200000e-05   5.18611747e-03  -1.20781392e-02  -1.97075663e-02  -2.42776282e-15   1.14620502e-14  -7.66359975e-15
  2.44000000e-05   4.47484719e-03  -1.03283227e-02  -1.99349439e-02   2.79607848e-15   1.41481448e-14  -6.70253110e-15
  2.44800000e-05   3.80977486e-03  -8.69847730e-03  -2.00762247e-02   7.32500261e-15   1.69737385e-14  -5.96422238e-15
  2.45600000e-05   3.17740626e-03  -7.18124590e-03  -2.00759268e-02   1.10616339e-14   1.98298361e-14  -5.34249928e-15
  2.46400000e-05   2.60092811e-03  -5.78979970e-03  -2.00311292e-02   1.41366069e-14   2.27095244e-14  -4.72840538e-15
  2.47200000e-05   2.05787531e-03  -4.52071760e-03  -1.99087722e-02   1.64986292e-14   2.55748725e-14  -4.10194329e-15
  2.48000000e-05   1.55157412e-03  -3.36334130e-03  -1.97382244e-02   1.82463400e-14   2.83900969e-14  -3.40329683e-15
  2.48800000e-05   1.08560664e-03  -2.31687242e-03  -1.94525944e-02   1.93063480e-14   3.09542536e-14  -2.60931554e-15
  2.49600000e-05   6.50225376e-04  -1.36570936e-03  -1.90574072e-02   1.97962834e-14   3.32314276e-14  -1.70602567e-15
  2.50400000e-05   2.57116853e-04  -5.24077173e-04  -1.86099038e-02   1.97918198e-14   3.52215916e-14  -7.18435833e-16
  2.51200000e-05  -1.10102915e-04   2.18004884e-04  -1.82172298e-02   1.94706577e-14   3.71550337e-14   3.26954356e-16
  2.52000000e-05  -4.43677272e-04   8.88003652e-04  -1.77330944e-02   1.88009137e-14   3.86795699e-14   1.46652697e-15
  2.52800000e-05  -7.52354525e-04   1.46908914e-03  -1.71475492e-02   1.77828766e-14   3.97620557e-14   2.62632146e-15
  2.53600000e-05  -1.03799079e-03   1.99460997e-03  -1.65211617e-02   1.66426880e-14   4.05104884e-14   3.84523004e-15
  2.54400000e-05  -1.30231616e-03   2.44173850e-03  -1.59134707e-02   1.53621616e-14   4.10542559e-14   5.04210346e-15
  2.55200000e-05  -1.54690811e-03   2.83600638e-03  -1.52430930e-02   1.40169618e-14   4.12142650e-14   6.24551505e-15
  2.56000000e-05  -1.77456844e-03   3.18308309e-03  -1.45141753e-02   1.26812790e-14   4.10047751e-14   7.44222847e-15
  2.56800000e-05  -1.98746231e-03   3.49793038e-03  -1.38112812e-02   1.14461383e-14   4.06439445e-14   8.64662141e-15
  2.57600000e-05  -2.18981172e-03   3.77603074e-03  -1.30608956e-02   1.03002371e-14   3.99811138e-14   9.83197006e-15
  2.58400000e-05  -2.38332976e-03   4.02377908e-03  -1.22372021e-02   9.31162122e-15   3.89651113e-14   1.09987834e-14
  2.59200000e-05  -2.57090048e-03   4.25329295e-03  -1.14370271e-02   8.50472856e-15   3.78608707e-14   1.21682464e-14
  2.60000000e-05  -2.75352546e-03   4.45827785e-03  -1.06252805e-02   7.86830955e-15   3.65974324e-14   1.33169126e-14
  2.60800000e-05  -2.92921828e-03   4.64846098e-03  -9.80752869e-03   7.43160300e-15   3.51941319e-14   1.44613149e-14
  2.61600000e-05  -3.10214742e-03   4.82977934e-03  -8.98206675e-03   7.20569884e-15   3.36701765e-14   1.56162704e-14
  2.62400000e-05  -3.27117370e-03   5.00362854e-03  -8.14894961e-03   7.18928440e-15   3.20289819e-14   1.67805345e-14
  2.63200000e-05  -3.44087964e-03   5.16446035e-03  -7.32390754e-03   7.33576376e-15   3.03316277e-14   1.79419262e-14
  2.64000000e-05  -3.60542138e-03   5.31533262e-03  -6.51561763e-03   7.62612931e-15   2.85856114e-14   1.90997431e-14
  2.64800000e-05  -3.76071882e-03   5.46687807e-03  -5.74407781e-03   8.04274397e-15   2.68351455e-14   2.02744416e-14
  2.65600000e-05  -3.92154518e-03   5.57583362e-03  -4.93822453e-03   8.54088704e-15   2.49267478e-14   2.13627232e-14
  2.66400000e-05  -4.06782565e-03   5.69747391e-03  -4.19308239e-03   9.12639820e-15   2.30642998e-14   2.24855228e-14
  2.67200000e-05  -4.20760913e-03   5.79653156e-03  -3.46675545e-03   9.73682448e-15   2.11530743e-14   2.35510443e-14
  2.68000000e-05  -4.34140222e-03   5.88486158e-03  -2.76341451e-03   1.03824728e-14   1.92053158e-14   2.45877461e-14
  2.68800000e-05  -4.46076995e-03   5.94435032e-03  -2.10599157e-03   1.09588859e-14   1.72657862e-14   2.55218554e-14
  2.69600000e-05  -4.57224252e-03   5.99370642e-03  -1.45964013e-03   1.15608526e-14   1.52510496e-14   2.64115049e-14
  2.70400000e-05  -4.66025785e-03   6.01417535e-03  -8.67822726e-04   1.20502013e-14   1.32570173e-14   2.71633608e-14
  2.71200000e-05  -3.93551187e-03   5.05100363e-03  -2.98392793e-04   1.04100815e-14   9.48578654e-15   2.32704781e-14
  2.72000000e-05   1.66419153e-04   1.17570286e-04  -1.91561268e-04  -1.29663204e-16   2.37881155e-16   3.33538968e-17
  2.72800000e-05   1.38607323e-03  -1.32333632e-03  -6.09249784e-04  -4.05735799e-15  -1.10831889e-15  -6.82333711e-15
  2.73600000e-05   1.37808236e-03  -1.31726948e-03  -1.02498320e-03  -4.89998924e-15   1.36655140e-16  -6.76362343e-15
  2.74400000e-05   1.36216190e-03  -1.29949791e-03  -1.43676766e-03  -5.71351522e-15   1.36913115e-15  -6.65515800e-15
  2.75200000e-05   1.33880395e-03  -1.27295455e-03  -1.84365841e-03  -6.50725603e-15   2.58245228e-15  -6.50840981e-15
  2.76000000e-05   1.29548195e-03  -1.22858135e-03  -2.24859993e-03  -7.27126226e-15   3.81150119e-15  -6.27169295e-15
  2.76800000e-05   1.24771671e-03  -1.18115294e-03  -2.64737495e-03  -8.03489553e-15   5.00640402e-15  -6.02053075e-15
  2.77600000e-05   1.18582984e-03  -1.12113891e-03  -3.04383797e-03  -8.78876765e-15   6.19837662e-15  -5.70701342e-15
  2.78400000e-05   1.11890431e-03  -1.05403870e-03  -3.43240287e-03  -9.53831925e-15   7.34790099e-15  -5.36575665e-15
  2.79200000e-05   1.04105897e-03  -9.81457327e-04  -3.81920013e-03  -1.03039890e-14   8.48374527e-15  -4.98887031e-15
  2.80000000e-05   9.57365221e-04  -9.07218009e-04  -4.20007636e-03  -1.10903600e-14   9.57940660e-15  -4.59709144e-15
  2.80800000e-05   8.67399545e-04  -8.28039412e-04  -4.57733000e-03  -1.18984510e-14   1.06391545e-14  -4.17936881e-15
  2.81600000e-05   7.69391543e-04  -7.39966999e-04  -4.95053590e-03  -1.27213496e-14   1.16628305e-14  -3.72036660e-15
  2.82400000e-05   6.65975849e-04  -6.53260647e-04  -5.32064263e-03  -1.35890265e-14   1.26429144e-14  -3.25319386e-15
  2.83200000e-05   5.57491339e-04  -5.60783403e-04  -5.68494134e-03  -1.44811677e-14   1.35673570e-14  -2.75842322e-15
  2.84000000e-05   4.47692371e-04  -4.73527277e-04  -6.04847645e-03  -1.54386241e-14   1.44357296e-14  -2.27288079e-15
  2.84800000e-05   3.36433847e-04  -3.82803628e-04  -6.40914500e-03  -1.64378746e-14   1.52375364e-14  -1.77297309e-15
  2.85600000e-05   2.15504697e-04  -2.89281734e-04  -6.77103184e-03  -1.74926788e-14   1.59976083e-14  -1.24022018e-15
  2.86400000e-05   9.78098316e-05  -2.01672164e-04  -7.12932627e-03  -1.86140869e-14   1.66659022e-14  -7.26813316e-16
  2.87200000e-05  -2.24572971e-05  -1.12018454e-04  -7.48425903e-03  -1.97837035e-14   1.72512610e-14  -1.98840136e-16
  2.88000000e-05  -1.38908634e-04  -2.71479014e-05  -7.83939080e-03  -2.10276133e-14   1.77393459e-14   3.11163341e-16
  2.88800000e-05  -2.60332007e-04   5.85994123e-05  -8.19714905e-03  -2.23384307e-14   1.81491632e-14   8.39186744e-16
  2.89600000e-05  -3.81556356e-04   1.41959896e-04  -8.55474642e-03  -2.37162172e-14   1.84533509e-14   1.36400410e-15
  2.90400000e-05  -4.98824516e-04   2.19706453e-04  -8.91057384e-03  -2.51619529e-14   1.86309574e-14   1.86797628e-15
  2.91200000e-05  -6.14229422e-04   2.95611687e-04  -9.27012441e-03  -2.66796745e-14   1.86890884e-14   2.36373893e-15
  2.92000000e-05  -7.32820817e-04   3.70250441e-04  -9.62889555e-03  -2.82512388e-14   1.86219162e-14   2.86615100e-15
  2.92800000e-05  -8.45363786e-04   4.40900632e-04  -9.98672850e-03  -2.98775494e-14   1.83980563e-14   3.34134576e-15
  2.93600000e-05  -9.59927148e-04   5.09871180e-04  -1.03518500e-02  -3.15729353e-14   1.80400696e-14   3.81630619e-15
  2.94400000e-05  -1.06690632e-03   5.73832915e-04  -1.07156744e-02  -3.33114172e-14   1.75007878e-14   4.25383300e-15
  2.95200000e-05  -1.17665567e-03   6.37800580e-04  -1.10846858e-02  -3.50935621e-14   1.68042295e-14   4.69212996e-15
  2.96000000e-05  -1.28492600e-03   6.97773718e-04  -1.14542764e-02  -3.69044455e-14   1.59237736e-14   5.10994060e-15
  2.96800000e-05  -1.39508770e-03   7.58674432e-04  -1.18273777e-02  -3.87308250e-14   1.48601596e-14   5.52167373e-15
  2.97600000e-05  -1.50630205e-03   8.18427114e-04  -1.22041435e-02  -4.05663766e-14   1.36016335e-14   5.91906854e-15
  2.98400000e-05  -1.61855212e-03   8.77350866e-04  -1.25875037e-02  -4.24065723e-14   1.21394454e-14   6.29892965e-15
  2.99200000e-05  -1.73688279e-03   9.36077610e-04  -1.29758879e-02  -4.42293770e-14   1.04727741e-14   6.67581086e-15
  3.00000000e-05  -1.85899103e-03   9.96171412e-04  -1.33722579e-02  -4.60251174e-14   8.58726421e-15   7.03805361e-15
  3.00800000e-05  -1.99264395e-03   1.06190623e-03  -1.37693156e-02  -4.77395346e-14   6.48818909e-15   7.40906417e-15
  3.01600000e-05  -2.13079226e-03   1.12737000e-03  -1.41801398e-02  -4.94126966e-14   4.15299146e-15   7.75522325e-15
  3.02400000e-05  -2.28133838e-03   1.19759948e-03  -1.46006171e-02  -5.09962944e-14   1.58713308e-15   8.09832571e-15
  3.03200000e-05  -2.44227642e-03   1.27063096e-03  -1.50323455e-02  -5.24757047e-14  -1.22395762e-15   8.42217055e-15
  3.04000000e-05  -2.61998624e-03   1.35016558e-03  -1.54771815e-02  -5.38226840e-14  -4.27717849e-15   8.73801163e-15
  3.04800000e-05  -2.81704570e-03   1.43852614e-03  -1.59357717e-02  -5.50058925e-14  -7.57568198e-15   9.03980674e-15
  3.05600000e-05  -3.02915949e-03   1.52889413e-03  -1.64127936e-02  -5.60226751e-14  -1.11408826e-14   9.30179173e-15
  3.06400000e-05  -3.27263744e-03   1.63306129e-03  -1.69095314e-02  -5.68181681e-14  -1.49485588e-14   9.55279883e-15
  3.07200000e-05  -3.54623989e-03   1.75116938e-03  -1.74220632e-02  -5.73390868e-14  -1.90015282e-14   9.76137330e-15
  3.08000000e-05  -3.85025296e-03   1.88033420e-03  -1.79598407e-02  -5.75809058e-14  -2.33136314e-14   9.90340827e-15
  3.08800000e-05  -4.19446064e-03   2.02581202e-03  -1.85196356e-02  -5.74744841e-14  -2.78603706e-14   9.96966637e-15
  3.09600000e-05  -4.58659300e-03   2.19167797e-03  -1.91063959e-02  -5.69780655e-14  -3.26297690e-14   9.93495852e-15
  3.10400000e-05  -5.03482954e-03   2.38225843e-03  -1.97201215e-02  -5.60285791e-14  -3.75944488e-14   9.76336038e-15
  3.11200000e-05  -5.52871589e-03   2.58988456e-03  -2.03648809e-02  -5.45913393e-14  -4.27612010e-14   9.38249684e-15
  3.12000000e-05  -6.09859767e-03   2.83459063e-03  -2.10336201e-02  -5.25484885e-14  -4.80233348e-14   8.76433031e-15
  3.12800000e-05  -6.73415768e-03   3.10814214e-03  -2.17271069e-02  -4.98540283e-14  -5.33478959e-14   7.82027931e-15
  3.13600000e-05  -7.44366187e-03   3.41868672e-03  -2.24494338e-02  -4.64407501e-14  -5.86613867e-14   6.46538964e-15
  3.14400000e-05  -8.23190129e-03   3.76859777e-03  -2.31897712e-02  -4.22195484e-14  -6.38244781e-14   4.61489545e-15
  3.15200000e-05  -9.09997637e-03   4.16157055e-03  -2.39430659e-02  -3.71245467e-14  -6.86895247e-14   2.17082450e-15
  3.16000000e-05  -1.00670647e-02   4.60779078e-03  -2.47004714e-02  -3.10916266e-14  -7.30301761e-14  -9.51656107e-16
  3.16800000e-05  -1.11228022e-02   5.11297115e-03  -2.54423802e-02  -2.40788574e-14  -7.65885062e-14  -4.86473567e-15
  3.17600000e-05  -1.22680771e-02   5.68187546e-03  -2.61541542e-02  -1.60960802e-14  -7.90651983e-14  -9.62641173e-15
  3.18400000e-05  -1.35191813e-02   6.32350509e-03  -2.68198158e-02  -7.19687502e-15  -8.00956735e-14  -1.52569855e-14
  3.19200000e-05  -1.48513068e-02   7.04265025e-03  -2.73955374e-02   2.51503650e-15  -7.92534392e-14  -2.17373298e-14
  3.20000000e-05  -1.62593966e-02   7.83379362e-03  -2.78679135e-02   1.28179897e-14  -7.61979024e-14  -2.88981599e-14
  3.20800000e-05  -1.77279433e-02   8.70601041e-03  -2.82002642e-02   2.34614760e-14  -7.05544996e-14  -3.65305771e-14
  3.21600000e-05  -1.92006217e-02   9.63517351e-03  -2.83591555e-02   3.40655667e-14  -6.21280752e-14  -4.41725017e-14
  3.22400000e-05  -2.06484775e-02   1.06046900e-02  -2.83241833e-02   4.42232363e-14  -5.08657248e-14  -5.12833053e-14
  3.23200000e-05  -2.20666472e-02   1.16074166e-02  -2.80917889e-02   5.35575752e-14  -3.68864478e-14  -5.73118533e-14
  3.24000000e-05  -2.34013715e-02   1.26134368e-02  -2.76099230e-02   6.16248712e-14  -2.04669759e-14  -6.15816786e-14
  3.24800000e-05  -2.46298568e-02   1.36094493e-02  -2.69129035e-02   6.81588840e-14  -2.29807900e-15  -6.35390062e-14
  3.25600000e-05  -2.57609075e-02   1.45657160e-02  -2.60058085e-02   7.29194987e-14   1.69664006e-14  -6.27300121e-14
  3.26400000e-05  -2.67394965e-02   1.54414927e-02  -2.49122671e-02   7.57469467e-14   3.63073719e-14  -5.87981494e-14
  3.27200000e-05  -2.75668278e-02   1.62239296e-02  -2.36660657e-02   7.66761543e-14   5.48128428e-14  -5.17381577e-14
  3.28000000e-05  -2.82643649e-02   1.68877122e-02  -2.23083928e-02   7.57849623e-14   7.16921848e-14  -4.17464785e-14
  3.28800000e-05  -2.88545480e-02   1.74382078e-02  -2.08810817e-02   7.32951857e-14   8.63078489e-14  -2.92056352e-14
  3.29600000e-05  -2.93547430e-02   1.78605500e-02  -1.94198169e-02   6.93774090e-14   9.81608477e-14  -1.45907292e-14
  3.30400000e-05  -2.97383621e-02   1.81331994e-02  -1.79710717e-02   6.41595223e-14   1.06727624e-13   1.51989715e-15
  3.31200000e-05  -3.01231760e-02   1.83131016e-02  -1.65512100e-02   5.80701241e-14   1.12282677e-13   1.85477379e-14
  3.32000000e-05  -3.04491479e-02   1.83648285e-02  -1.51911229e-02   5.11181329e-14   1.14487499e-13   3.59446566e-14
  3.32800000e-05  -3.07559211e-02   1.83067367e-02  -1.39135864e-02   4.35083567e-14   1.13526840e-13   5.31973829e-14
  3.33600000e-05  -3.11036215e-02   1.81758253e-02  -1.27250566e-02   3.54976362e-14   1.09728973e-13   6.99650803e-14
  3.34400000e-05  -3.14672055e-02   1.79632310e-02  -1.16384390e-02   2.71216509e-14   1.03127326e-13   8.58411867e-14
  3.35200000e-05  -3.18770391e-02   1.76836798e-02  -1.06609581e-02   1.85081530e-14   9.39845450e-14   1.00554516e-13
  3.36000000e-05  -3.23368300e-02   1.73474514e-02  -9.78619578e-03   9.78823357e-15   8.24629342e-14   1.13833948e-13
  3.36800000e-05  -3.28763656e-02   1.69735735e-02  -9.01981035e-03   1.07226932e-15   6.87815840e-14   1.25525583e-13
  3.37600000e-05  -3.35065987e-02   1.65777028e-02  -8.36127216e-03  -7.53885630e-15   5.30720649e-14   1.35435653e-13
  3.38400000e-05  -3.42184782e-02   1.61613830e-02  -7.81225817e-03  -1.59773128e-14   3.54283736e-14   1.43273663e-13
  3.39200000e-05  -3.50295474e-02   1.57360280e-02  -7.36592314e-03  -2.41107169e-14   1.59927116e-14   1.48827138e-13
  3.40000000e-05  -3.59512247e-02   1.53129340e-02  -7.02956967e-03  -3.18608785e-14  -5.10498829e-15   1.51825119e-13
  3.40800000e-05  -3.70046504e-02   1.49162123e-02  -6.80126110e-03  -3.91099861e-14  -2.77269383e-14   1.51982176e-13
  3.41600000e-05  -3.81741808e-02   1.45486711e-02  -6.68757774e-03  -4.57563877e-14  -5.16663488e-14   1.48788685e-13
  3.42400000e-05  -3.95205244e-02   1.42435521e-02  -6.68995807e-03  -5.16801638e-14  -7.67170986e-14   1.41959511e-13
  3.43200000e-05  -4.10224869e-02   1.40123482e-02  -6.81061781e-03  -5.67140330e-14  -1.02466551e-13   1.30788968e-13
  3.44000000e-05  -4.26836254e-02   1.38811245e-02  -7.07214859e-03  -6.07243606e-14  -1.28331481e-13   1.14611647e-13
  3.44800000e-05  -4.45352276e-02   1.38886955e-02  -7.46984213e-03  -6.34486155e-14  -1.53546408e-13   9.27916843e-14
  3.45600000e-05  -4.66071360e-02   1.40739121e-02  -8.00961753e-03  -6.45748282e-14  -1.77051949e-13   6.46515542e-14
  3.46400000e-05  -4.87970463e-02   1.44549845e-02  -8.69205807e-03  -6.35760727e-14  -1.96870805e-13   2.95166133e-14
  3.47200000e-05  -5.11362589e-02   1.50882598e-02  -9.49925986e-03  -5.99126059e-14  -2.10999367e-13  -1.26227461e-14
  3.48000000e-05  -5.35613163e-02   1.60151008e-02  -1.03976529e-02  -5.29089098e-14  -2.16663189e-13  -6.11687993e-14
  3.48800000e-05  -5.59569656e-02   1.72488043e-02  -1.13126063e-02  -4.18407108e-14  -2.10648889e-13  -1.14223213e-13
  3.49600000e-05  -5.81380830e-02   1.87686398e-02  -1.21659152e-02  -2.61617565e-14  -1.89965215e-13  -1.68042787e-13
  3.50400000e-05  -5.99846603e-02   2.05325152e-02  -1.28079943e-02  -5.97428563e-15  -1.53002185e-13  -2.17298207e-13
  3.51200000e-05  -6.13270466e-02   2.24413751e-02  -1.31279099e-02   1.79336860e-14  -1.00400498e-13  -2.55405868e-13
  3.52000000e-05  -6.20006633e-02   2.43520893e-02  -1.30240337e-02   4.38797163e-14  -3.58323891e-14  -2.75887267e-13
  3.52800000e-05  -6.19441018e-02   2.60557333e-02  -1.24094220e-02   6.93007746e-14   3.40925895e-14  -2.74345317e-13
  3.53600000e-05  -6.11875983e-02   2.74086911e-02  -1.13261316e-02   9.16045830e-14   1.01121727e-13  -2.50169285e-13
  3.54400000e-05  -5.98801794e-02   2.82857340e-02  -9.87120955e-03   1.08597896e-13   1.57762441e-13  -2.06705677e-13
  3.55200000e-05  -5.82085710e-02   2.86379314e-02  -8.17697168e-03   1.18979055e-13   1.99006942e-13  -1.49988734e-13
  3.56000000e-05  -5.63288064e-02   2.84762744e-02  -6.43865975e-03   1.22531346e-13   2.22733430e-13  -8.68855035e-14
  3.56800000e-05  -5.44392327e-02   2.78793006e-02  -4.76917098e-03   1.19775060e-13   2.29821785e-13  -2.37340504e-14
  3.57600000e-05  -5.27355101e-02   2.69695829e-02  -3.24957642e-03   1.11888873e-13   2.22999612e-13   3.49860185e-14
  3.58400000e-05  -5.12455765e-02   2.58100417e-02  -1.95856503e-03   9.99624193e-14   2.05041731e-13   8.65449159e-14
  3.59200000e-05  -4.99763843e-02   2.44710041e-02  -9.25675573e-04   8.51282594e-14   1.78750849e-13   1.29429959e-13
  3.60000000e-05  -4.90576701e-02   2.30752543e-02  -1.30935230e-04   6.87007812e-14   1.46984745e-13   1.63516795e-13
  3.60800000e-05  -4.83969365e-02   2.16415962e-02   4.10087272e-04   5.13990691e-14   1.11366835e-13   1.88743769e-13
  3.61600000e-05  -4.79977278e-02   2.02128113e-02   7.23761019e-04   3.40258168e-14   7.34402510e-14   2.05493187e-13
  3.62400000e-05  -4.78728811e-02   1.88439687e-02   8.08412996e-04   1.71568453e-14   3.43905828e-14   2.14361411e-13
  3.63200000e-05  -4.79803579e-02   1.75450309e-02   6.93751286e-04   1.29943211e-15  -4.97316445e-15   2.15641462e-13
  3.64000000e-05  -4.83035965e-02   1.63493284e-02   3.73015530e-04  -1.32210247e-14  -4.38448154e-14   2.09670204e-13
  3.64800000e-05  -4.88312939e-02   1.52849446e-02  -1.58177860e-04  -2.61327233e-14  -8.14514122e-14   1.96704944e-13
  3.65600000e-05  -4.95478518e-02   1.43724997e-02  -9.00434708e-04  -3.71494550e-14  -1.16986261e-13   1.76904207e-13
  3.66400000e-05  -5.03786755e-02   1.36295119e-02  -1.86933955e-03  -4.59727540e-14  -1.49319659e-13   1.50262909e-13
  3.67200000e-05  -5.13235053e-02   1.30845541e-02  -3.06318906e-03  -5.22013241e-14  -1.77322237e-13   1.17189153e-13
  3.68000000e-05  -5.23881586e-02   1.27785294e-02  -4.48363666e-03  -5.54359529e-14  -1.99816578e-13   7.82457426e-14
  3.68800000e-05  -5.34023690e-02   1.26872819e-02  -6.12812203e-03  -5.49453709e-14  -2.14793602e-13   3.41158351e-14
  3.69600000e-05  -5.43549087e-02   1.28531345e-02  -7.95770607e-03  -5.02511780e-14  -2.20848401e-13  -1.34707156e-14
  3.70400000e-05  -5.51663611e-02   1.32581141e-02  -9.92822957e-03  -4.08382357e-14  -2.16556527e-13  -6.22703453e-14
  3.71200000e-05  -5.56659364e-02   1.38793315e-02  -1.19540182e-02  -2.66143078e-14  -2.00690717e-13  -1.09079859e-13
  3.72000000e-05  -5.57747467e-02   1.46530343e-02  -1.39440342e-02  -8.01661896e-15  -1.73385193e-13  -1.50135481e-13
  3.72800000e-05  -5.54334434e-02   1.55116946e-02  -1.57727956e-02   1.36401728e-14  -1.36066595e-13  -1.81752511e-13
  3.73600000e-05  -5.45742636e-02   1.63578712e-02  -1.73203631e-02   3.63456293e-14  -9.14244556e-14  -2.00864463e-13
  3.74400000e-05  -5.32021538e-02   1.70956391e-02  -1.84990689e-02   5.76836579e-14  -4.33530691e-14  -2.05958651e-13
  3.75200000e-05  -5.13569835e-02   1.76306271e-02  -1.92762192e-02   7.54308998e-14   3.88227089e-15  -1.97417168e-13
  3.76000000e-05  -4.91662654e-02   1.79140897e-02  -1.96267856e-02   8.78085056e-14   4.64079216e-14  -1.77607311e-13
  3.76800000e-05  -4.67604985e-02   1.79368254e-02  -1.96204612e-02   9.42218212e-14   8.15974938e-14  -1.49958724e-13
  3.77600000e-05  -4.42760147e-02   1.77116307e-02  -1.93166051e-02   9.48542836e-14   1.08215491e-13  -1.18193483e-13
  3.78400000e-05  -4.18187359e-02   1.72711180e-02  -1.88235552e-02   9.06818398e-14   1.26346735e-13  -8.55338177e-14
  3.79200000e-05  -3.94478409e-02   1.66661642e-02  -1.82143530e-02   8.28830401e-14   1.36836274e-13  -5.42990016e-14
  3.80000000e-05  -3.72563847e-02   1.59512302e-02  -1.75438578e-02   7.26697934e-14   1.41058433e-13  -2.60694222e-14
  3.80800000e-05  -3.52825881e-02   1.51811297e-02  -1.68809269e-02   6.11744769e-14   1.40512653e-13  -1.49595292e-15
  3.81600000e-05  -3.34778877e-02   1.43618312e-02  -1.62486582e-02   4.91257146e-14   1.36310247e-13   1.92655657e-14
  3.82400000e-05  -3.18456822e-02   1.35293575e-02  -1.56777444e-02   3.71501651e-14   1.29571682e-13   3.63540345e-14
  3.83200000e-05  -3.03849412e-02   1.27094954e-02  -1.51697860e-02   2.56482902e-14   1.21133474e-13   5.01143219e-14
  3.84000000e-05  -2.90811901e-02   1.19017688e-02  -1.47409625e-02   1.48348217e-14   1.11677820e-13   6.09016764e-14
  3.84800000e-05  -2.79253867e-02   1.11278056e-02  -1.43914361e-02   4.86091085e-15   1.01681473e-13   6.91903747e-14
  3.85600000e-05  -2.68948803e-02   1.03892866e-02  -1.41059855e-02  -4.21491116e-15   9.14055761e-14   7.53579580e-14
  3.86400000e-05  -2.59671305e-02   9.68211645e-03  -1.38948322e-02  -1.24075096e-14   8.11189546e-14   7.97124118e-14
  3.87200000e-05  -2.51203458e-02   9.00949467e-03  -1.37555018e-02  -1.97395156e-14   7.09788105e-14   8.25376412e-14
  3.88000000e-05  -2.43594904e-02   8.37362051e-03  -1.36755701e-02  -2.62323777e-14   6.10743549e-14   8.41223300e-14
  3.88800000e-05  -2.36648482e-02   7.76981114e-03  -1.36586459e-02  -3.19495005e-14   5.14884395e-14   8.46449596e-14
  3.89600000e-05  -2.30266888e-02   7.20040505e-03  -1.36987201e-02  -3.69327712e-14   4.22525229e-14   8.42907000e-14
  3.90400000e-05  -2.24373231e-02   6.66319731e-03  -1.37913592e-02  -4.12264093e-14   3.33837201e-14   8.32008334e-14
  3.91200000e-05  -2.18894962e-02   6.15886238e-03  -1.39362969e-02  -4.48834407e-14   2.48978993e-14   8.15007494e-14
  3.92000000e-05  -2.13782665e-02   5.68575126e-03  -1.41318595e-02  -4.79482700e-14   1.67930723e-14   7.92912019e-14
  3.92800000e-05  -2.08953029e-02   5.23815564e-03  -1.43754073e-02  -5.04489377e-14   9.06437502e-15   7.66327114e-14
  3.93600000e-05  -2.04459585e-02   4.81855247e-03  -1.46663152e-02  -5.24215185e-14   1.68930880e-15   7.36345975e-14
  3.94400000e-05  -2.00147560e-02   4.42699363e-03  -1.49934320e-02  -5.38623012e-14  -5.35092899e-15   7.03209438e-14
  3.95200000e-05  -1.96025753e-02   4.06215801e-03  -1.53685367e-02  -5.48286957e-14  -1.20427533e-14   6.67509268e-14
  3.96000000e-05  -1.92101169e-02   3.71949697e-03  -1.57852870e-02  -5.53088647e-14  -1.84189589e-14   6.29687947e-14
  3.96800000e-05  -1.88067816e-02   3.40130289e-03  -1.62357227e-02  -5.52971340e-14  -2.44242313e-14   5.89371311e-14
  3.97600000e-05  -1.84194420e-02   3.10721031e-03  -1.67322987e-02  -5.48371551e-14  -3.01088994e-14   5.47752063e-14
  3.98400000e-05  -1.80322457e-02   2.83695056e-03  -1.72590805e-02  -5.38873593e-14  -3.54597831e-14   5.04727036e-14
  3.99200000e-05  -1.76484885e-02   2.58427247e-03  -1.78204059e-02  -5.24442130e-14  -4.04746042e-14   4.60687423e-14
  4.00000000e-05  -1.72389642e-02   2.35602696e-03  -1.84268019e-02  -5.05548897e-14  -4.50367894e-14   4.15376496e-14
  4.00800000e-05  -1.68320637e-02   2.14362314e-03  -1.90484456e-02  -4.81234033e-14  -4.92496884e-14   3.69816747e-14
  4.01600000e-05  -1.63942223e-02   1.95342074e-03  -1.97109459e-02  -4.52313023e-14  -5.29527559e-14   3.23725213e-14
  4.02400000e-05  -1.59225177e-02   1.77696237e-03  -2.03985427e-02  -4.18260732e-14  -5.61106534e-14   2.77603102e-14
  4.03200000e-05  -1.54093589e-02   1.61939539e-03  -2.11065341e-02  -3.79398411e-14  -5.86557493e-14   2.31985874e-14
  4.04000000e-05  -1.48698852e-02   1.47960450e-03  -2.18428421e-02  -3.36065556e-14  -6.06102517e-14   1.87725765e-14
  4.04800000e-05  -1.42897807e-02   1.35922984e-03  -2.25790506e-02  -2.88313820e-14  -6.18795211e-14   1.45216749e-14
  4.05600000e-05  -1.36300209e-02   1.24915101e-03  -2.33396978e-02  -2.36604643e-14  -6.22614975e-14   1.04850806e-14
  4.06400000e-05  -1.29099811e-02   1.14388959e-03  -2.40901185e-02  -1.81205934e-14  -6.17889457e-14   6.77691920e-15
  4.07200000e-05  -1.21080421e-02   1.05204089e-03  -2.48381344e-02  -1.23521666e-14  -6.03395961e-14   3.46567211e-15
  4.08000000e-05  -1.12611019e-02   9.63970607e-04  -2.55625283e-02  -6.41518870e-15  -5.80387837e-14   6.37433510e-16
  4.08800000e-05  -1.03193138e-02   8.82057211e-04  -2.62579334e-02  -4.56081548e-16  -5.46616582e-14  -1.65695679e-15
  4.09600000e-05  -9.27172252e-03   7.96169973e-04  -2.69074158e-02   5.40358766e-15  -5.01573619e-14  -3.34607944e-15
  4.10400000e-05  -8.11301576e-03   7.05195508e-04  -2.74980110e-02   1.09870146e-14  -4.45238574e-14  -4.38343876e-15
  4.11200000e-05  -6.87393884e-03   6.06646357e-04  -2.80105267e-02   1.61040223e-14  -3.79297552e-14  -4.77349155e-15
  4.12000000e-05  -5.56301367e-03   4.94814156e-04  -2.84279531e-02   2.05898603e-14  -3.04741875e-14  -4.55962246e-15
  4.12800000e-05  -4.16251311e-03   3.73449110e-04  -2.87344333e-02   2.42491772e-14  -2.21728801e-14  -3.80094360e-15
  4.13600000e-05  -2.72333923e-03   2.35788893e-04  -2.89075466e-02   2.69523244e-14  -1.33490023e-14  -2.64802370e-15
  4.14400000e-05  -1.21614151e-03   7.56235698e-05  -2.89403413e-02   2.86141581e-14  -4.01461744e-15  -1.21292505e-15
  4.15200000e-05   3.19584705e-04  -9.16514965e-05  -2.88184371e-02   2.91023321e-14   5.52153194e-15   3.05172814e-16
  4.16000000e-05   1.89301244e-03  -2.79389988e-04  -2.85421719e-02   2.84730662e-14   1.51444859e-14   1.74018469e-15
  4.16800000e-05   3.44615927e-03  -4.75414265e-04  -2.80783967e-02   2.67127555e-14   2.44532556e-14   2.86451482e-15
  4.17600000e-05   4.99580594e-03  -6.78848797e-04  -2.74627821e-02   2.39734805e-14   3.33866797e-14   3.53577974e-15
  4.18400000e-05   6.51405500e-03  -8.85654836e-04  -2.66821844e-02   2.04008949e-14   4.17007974e-14   3.59640865e-15
  4.19200000e-05   7.95351528e-03  -1.08482845e-03  -2.57349377e-02   1.61671871e-14   4.90936564e-14   2.92706265e-15
  4.20000000e-05   9.34759129e-03  -1.27760240e-03  -2.46523596e-02   1.15407713e-14   5.56488600e-14   1.49199903e-15
  4.20800000e-05   1.06470690e-02  -1.44742372e-03  -2.34260103e-02   6.69966016e-15   6.11109042e-14  -7.30881125e-16
  4.21600000e-05   1.18493844e-02  -1.59656383e-03  -2.20929197e-02   1.91121978e-15   6.54785360e-14  -3.70679321e-15
  4.22400000e-05   1.29805475e-02  -1.71909117e-03  -2.06490424e-02  -2.62151129e-15   6.88679535e-14  -7.38140490e-15
  4.23200000e-05   1.39818052e-02  -1.81095545e-03  -1.91326310e-02  -6.72153926e-15   7.10937859e-14  -1.16412077e-14
  4.24000000e-05   1.49099019e-02  -1.87189902e-03  -1.75457026e-02  -1.02221036e-14   7.24393671e-14  -1.64148309e-14
  4.24800000e-05   1.57085638e-02  -1.89046719e-03  -1.59189338e-02  -1.30613838e-14   7.27515439e-14  -2.15284512e-14
  4.25600000e-05   1.64403300e-02  -1.87760325e-03  -1.42632003e-02  -1.51099372e-14   7.23489481e-14  -2.69403054e-14
  4.26400000e-05   1.70621702e-02  -1.82539146e-03  -1.25986546e-02  -1.63676819e-14   7.11277708e-14  -3.24720546e-14
  4.27200000e-05   1.75952531e-02  -1.73987782e-03  -1.09478804e-02  -1.68219677e-14   6.92351269e-14  -3.80390930e-14
  4.28000000e-05   1.80588556e-02  -1.61758341e-03  -9.31865553e-03  -1.65014646e-14   6.67865048e-14  -4.35717693e-14
  4.28800000e-05   1.84308504e-02  -1.46301519e-03  -7.73642117e-03  -1.54741465e-14   6.37454257e-14  -4.89195452e-14
  4.29600000e-05   1.87362679e-02  -1.27903727e-03  -6.21115069e-03  -1.38044193e-14   6.02278531e-14  -5.40442478e-14
  4.30400000e-05   1.89563767e-02  -1.06601014e-03  -4.76744407e-03  -1.16264265e-14   5.62054013e-14  -5.87967984e-14
  4.31200000e-05   1.91069174e-02  -8.29440315e-04  -3.43315490e-03  -9.09703516e-15   5.17562061e-14  -6.31328880e-14
  4.32000000e-05   1.91971457e-02  -5.72441190e-04  -2.19381283e-03  -6.25727010e-15   4.69293097e-14  -6.70002445e-14
  4.32800000e-05   1.92269932e-02  -2.98521022e-04  -1.07210328e-03  -3.27317111e-15   4.17585804e-14  -7.03281617e-14
  4.33600000e-05  -5.65603896e-03   1.45981024e-04  -6.23723995e-05  -5.28029679e-16  -1.14176216e-14   2.11600059e-14
  4.34400000e-05  -3.44292149e-02  -4.68051363e-04  -1.49159342e-03  -4.20554878e-15  -8.01527925e-14   1.22224571e-13
  4.35200000e-05  -3.41620438e-02  -9.11648030e-04  -3.39574552e-03  -8.38847976e-15  -9.46083787e-14   1.09789486e-13
  4.36000000e-05  -3.37758238e-02  -1.29363414e-03  -5.56257449e-03  -1.16353349e-14  -1.06865605e-13   9.55021847e-14
  4.36800000e-05  -3.32587473e-02  -1.61611724e-03  -7.98920691e-03  -1.35067980e-14  -1.16683180e-13   7.98318142e-14
  4.37600000e-05  -3.25764894e-02  -1.84783854e-03  -1.05658377e-02  -1.34956688e-14  -1.23782013e-13   6.32577092e-14
  4.38400000e-05  -3.17173775e-02  -2.01271245e-03  -1.32680558e-02  -1.12770513e-14  -1.27977660e-13   4.63715810e-14
  4.39200000e-05  -3.06823510e-02  -2.08724196e-03  -1.60146196e-02  -6.76967661e-15  -1.29161079e-13   2.98040183e-14
  4.40000000e-05  -2.94492486e-02  -2.08850805e-03  -1.87543855e-02   2.56153503e-18  -1.27158699e-13   1.41565039e-14
  4.40800000e-05  -2.80133500e-02  -2.01193252e-03  -2.14138976e-02   8.72196504e-15  -1.21897167e-13   4.28420030e-17
  4.41600000e-05  -2.63820838e-02  -1.87643742e-03  -2.39402553e-02   1.89390080e-14  -1.13425161e-13  -1.19804603e-14
  4.42400000e-05  -2.45446390e-02  -1.67592793e-03  -2.62799309e-02   2.99200955e-14  -1.01806066e-13  -2.14520470e-14
  4.43200000e-05  -2.25310261e-02  -1.44459232e-03  -2.83688161e-02   4.09485996e-14  -8.73916791e-14  -2.80719722e-14
  4.44000000e-05  -2.03509110e-02  -1.19459069e-03  -3.01428767e-02   5.11292903e-14  -7.05899008e-14  -3.17223073e-14
  4.44800000e-05  -1.80555934e-02  -9.43067187e-04  -3.15630069e-02   5.96374122e-14  -5.21111650e-14  -3.25585119e-14
  4.45600000e-05  -1.56605812e-02  -7.06068145e-04  -3.26166426e-02   6.58093316e-14  -3.26031321e-14  -3.08919702e-14
  4.46400000e-05  -1.32385449e-02  -4.92527579e-04  -3.32473359e-02   6.90950614e-14  -1.30431885e-14  -2.73193000e-14
  4.47200000e-05  -1.08352216e-02  -3.26303979e-04  -3.35487440e-02   6.95278114e-14   5.87384351e-15  -2.25124942e-14
  4.48000000e-05  -8.49095648e-03  -1.85895890e-04  -3.34735796e-02   6.69695285e-14   2.33963241e-14  -1.71175189e-14
  4.48800000e-05  -6.24212059e-03  -8.74249622e-05  -3.31257861e-02   6.19455386e-14   3.90911634e-14  -1.17759942e-14
  4.49600000e-05  -4.13572074e-03  -3.29410110e-05  -3.24676941e-02   5.48212690e-14   5.24077560e-14  -7.03628113e-15
  4.50400000e-05  -2.19952325e-03  -3.10971425e-06  -3.15407296e-02   4.61536874e-14   6.31164494e-14  -3.22479487e-15
  4.51200000e-05  -4.75233402e-04   1.41307777e-06  -3.05787952e-02   3.68095344e-14   7.15484990e-14  -5.68760690e-16
  4.52000000e-05   1.05908222e-03  -9.66069452e-06  -2.94099421e-02   2.70292542e-14   7.74159468e-14   9.47921305e-16
  4.52800000e-05   2.36731506e-03  -2.74907753e-05  -2.82261051e-02   1.74115243e-14   8.11720380e-14   1.38124198e-15
  4.53600000e-05   3.47477558e-03  -4.86836219e-05  -2.69633387e-02   8.21503320e-15   8.28883711e-14   9.09015420e-16
  4.54400000e-05   4.35409296e-03  -6.10800039e-05  -2.56816150e-02  -2.83223745e-16   8.27963898e-14  -2.44937335e-16
  4.55200000e-05   5.04108868e-03  -6.42601665e-05  -2.44135384e-02  -7.93571533e-15   8.12849036e-14  -1.85257972e-15
  4.56000000e-05   5.56490605e-03  -5.66440022e-05  -2.31206438e-02  -1.46138097e-14   7.85320665e-14  -3.70979499e-15
  4.56800000e-05   5.89593913e-03  -3.98628790e-05  -2.19085914e-02  -2.03385435e-14   7.48905296e-14  -5.60967909e-15
  4.57600000e-05   6.07732191e-03  -1.83662157e-05  -2.07161532e-02  -2.50692916e-14   7.05030393e-14  -7.41687067e-15
  4.58400000e-05   6.14907532e-03   1.05236082e-05  -1.95686049e-02  -2.88774073e-14   6.57069084e-14  -9.03885994e-15
  4.59200000e-05   6.10657371e-03   4.85037111e-05  -1.84377415e-02  -3.17882673e-14   6.05445223e-14  -1.03689903e-14
  4.60000000e-05   5.93706237e-03   8.94000450e-05  -1.72563952e-02  -3.37015145e-14   5.49581484e-14  -1.13102841e-14
  4.60800000e-05   5.71472729e-03   1.35490168e-04  -1.62022218e-02  -3.50411025e-14   4.96537601e-14  -1.19442106e-14
  4.61600000e-05   5.41061927e-03   1.82021384e-04  -1.51625868e-02  -3.56805335e-14   4.43583971e-14  -1.21997393e-14
  4.62400000e-05   5.06141320e-03   2.26637678e-04  -1.40774182e-02  -3.55420285e-14   3.91409964e-14  -1.21486813e-14
  4.63200000e-05   4.66104941e-03   2.57066820e-04  -1.30257668e-02  -3.48461899e-14   3.41766667e-14  -1.17946320e-14
  4.64000000e-05   4.23337903e-03   2.95945051e-04  -1.19710281e-02  -3.36481378e-14   2.95003759e-14  -1.11698703e-14
  4.64800000e-05   3.79023695e-03   3.19701931e-04  -1.09225951e-02  -3.19763835e-14   2.51737761e-14  -1.03592566e-14
  4.65600000e-05   3.33200055e-03   3.45037536e-04  -9.86351394e-03  -2.99004341e-14   2.11737566e-14  -9.36000318e-15
  4.66400000e-05   2.87501480e-03   3.63431759e-04  -8.78291243e-03  -2.74227229e-14   1.75290803e-14  -8.25126180e-15
  4.67200000e-05   2.41913319e-03   3.78592084e-04  -7.69762686e-03  -2.46592589e-14   1.42406378e-14  -7.04926854e-15
  4.68000000e-05   1.96249057e-03   3.78233877e-04  -6.63924153e-03  -2.17270915e-14   1.12997732e-14  -5.77855995e-15
  4.68800000e-05   1.52937782e-03   3.73080716e-04  -5.52459135e-03  -1.84431826e-14   8.66142037e-15  -4.52072993e-15
  4.69600000e-05   1.08891542e-03   3.58628285e-04  -4.37274766e-03  -1.48898605e-14   6.22766860e-15  -3.19716153e-15
  4.70400000e-05   6.76477903e-04   3.40209915e-04  -3.23710023e-03  -1.12862164e-14   4.08901741e-15  -1.92881014e-15
  4.71200000e-05   2.75451137e-04   3.19008767e-04  -2.09336532e-03  -7.58979898e-15   2.12857410e-15  -6.74313720e-16
  4.72000000e-05  -1.09512455e-04   2.88847215e-04  -9.37480706e-04  -3.79770484e-15   3.03520913e-16   5.37149350e-16
  4.72800000e-05   3.28084686e-03   3.86108304e-04  -1.81202594e-04  -1.62409836e-15   8.94225675e-15  -1.03516090e-14
  4.73600000e-05   5.52630947e-03   5.28735124e-04  -1.13142805e-03  -5.10344473e-15   1.52341839e-14  -1.78079082e-14
  4.74400000e-05   5.75074408e-03   5.94939130e-04  -2.04441760e-03  -8.35400492e-15   1.59321473e-14  -1.88626269e-14
  4.75200000e-05   5.94250630e-03   6.73492544e-04  -2.93959542e-03  -1.16785323e-14   1.63997923e-14  -1.98512399e-14
  4.76000000e-05   6.10978945e-03   7.50990370e-04  -3.78469196e-03  -1.49285162e-14   1.66150314e-14  -2.08028455e-14
  4.76800000e-05   6.22237128e-03   8.20904161e-04  -4.60042946e-03  -1.81504368e-14   1.64987250e-14  -2.16055665e-14
  4.77600000e-05   6.29733419e-03   8.93368124e-04  -5.34753121e-03  -2.12157447e-14   1.60673631e-14  -2.22997416e-14
  4.78400000e-05   6.35572955e-03   9.62934853e-04  -6.04440459e-03  -2.41565888e-14   1.53751141e-14  -2.29513941e-14
  4.79200000e-05   6.34929314e-03   1.02443808e-03  -6.66607130e-03  -2.68489054e-14   1.43189553e-14  -2.33724905e-14
  4.80000000e-05   6.32470512e-03   1.07895604e-03  -7.20795721e-03  -2.92526401e-14   1.30196325e-14  -2.37191630e-14
  4.80800000e-05   6.24931533e-03   1.12568511e-03  -7.71770742e-03  -3.15223587e-14   1.14387234e-14  -2.38564057e-14
  4.81600000e-05   6.16018298e-03   1.16742538e-03  -8.14520993e-03  -3.34525131e-14   9.67254297e-15  -2.39136414e-14
  4.82400000e-05   6.04473908e-03   1.20093435e-03  -8.51780638e-03  -3.51214787e-14   7.72928494e-15  -2.38345182e-14
  4.83200000e-05   5.90941559e-03   1.23511107e-03  -8.80504961e-03  -3.64089849e-14   5.66658701e-15  -2.36406344e-14
  4.84000000e-05   5.75094440e-03   1.25301634e-03  -9.04819604e-03  -3.74349996e-14   3.50647275e-15  -2.33077325e-14
  4.84800000e-05   5.58958476e-03   1.26919649e-03  -9.24412406e-03  -3.82021225e-14   1.31288112e-15  -2.29191751e-14
  4.85600000e-05   5.40778255e-03   1.27758989e-03  -9.35843353e-03  -3.85610998e-14  -8.75090461e-16  -2.24020450e-14
  4.86400000e-05   5.22093714e-03   1.28310302e-03  -9.47175507e-03  -3.88343665e-14  -3.07231539e-15  -2.18221314e-14
  4.87200000e-05   5.03405667e-03   1.28192970e-03  -9.49546941e-03  -3.86705419e-14  -5.15761250e-15  -2.11976246e-14
  4.88000000e-05   4.84238817e-03   1.27553212e-03  -9.53513088e-03  -3.84900022e-14  -7.22648325e-15  -2.05137345e-14
  4.88800000e-05   4.64106473e-03   1.26627781e-03  -9.50329928e-03  -3.79598174e-14  -9.15507991e-15  -1.97580692e-14
  4.89600000e-05   4.43198992e-03   1.25045270e-03  -9.46645206e-03  -3.73433356e-14  -1.10072765e-14  -1.89373342e-14
  4.90400000e-05   4.22392482e-03   1.22548706e-03  -9.44612274e-03  -3.67234408e-14  -1.28122096e-14  -1.80834248e-14
  4.91200000e-05   4.00364948e-03   1.19181834e-03  -9.34170380e-03  -3.57329865e-14  -1.43880057e-14  -1.71500023e-14
  4.92000000e-05   3.80072934e-03   1.15680432e-03  -9.19155520e-03  -3.45401634e-14  -1.57508375e-14  -1.62647611e-14
  4.92800000e-05   3.57493727e-03   1.11627591e-03  -9.18564983e-03  -3.38360948e-14  -1.73304762e-14  -1.52746417e-14
  4.93600000e-05   3.36086669e-03   1.06831686e-03  -9.08978416e-03  -3.27709381e-14  -1.86215913e-14  -1.43053468e-14
  4.94400000e-05   3.13613880e-03   1.01827854e-03  -8.99370711e-03  -3.16845269e-14  -1.98189003e-14  -1.32924314e-14
  4.95200000e-05   2.91548895e-03   9.62047536e-04  -8.89127220e-03  -3.05564155e-14  -2.09033422e-14  -1.22813584e-14
  4.96000000e-05   2.70168734e-03   9.02619418e-04  -8.80848295e-03  -2.94809383e-14  -2.19426593e-14  -1.12907238e-14
  4.96800000e-05   2.47302565e-03   8.26186162e-04  -8.73836624e-03  -2.84277713e-14  -2.29386006e-14  -1.02140560e-14
  4.97600000e-05   2.25467257e-03   7.50981660e-04  -8.64998640e-03  -2.73079058e-14  -2.37995305e-14  -9.18422219e-15
  4.98400000e-05   2.03368308e-03   6.76388411e-04  -8.60423609e-03  -2.63124354e-14  -2.47096892e-14  -8.16161961e-15
  4.99200000e-05   1.80347428e-03   5.86708421e-04  -8.56141706e-03  -2.53090541e-14  -2.55661331e-14  -7.08341778e-15
  5.00000000e-05   1.56914926e-03   4.91168664e-04  -8.54318876e-03  -2.43599733e-14  -2.64420342e-14  -5.99447515e-15
  5.00800000e-05   1.33184309e-03   3.88004796e-04  -8.51623628e-03  -2.33657905e-14  -2.72395167e-14  -4.89519410e-15
  5.01600000e-05   1.10490018e-03   2.80384189e-04  -8.48156567e-03  -2.23385198e-14  -2.79544234e-14  -3.83417568e-15
  5.02400000e-05   8.65148351e-04   1.63623055e-04  -8.54840471e-03  -2.15459347e-14  -2.89742938e-14  -2.73516441e-15
  5.03200000e-05   6.40452267e-04   4.14389955e-05  -8.49486061e-03  -2.04247439e-14  -2.95402513e-14  -1.68398194e-15
  5.04000000e-05   4.01267765e-04  -8.31523821e-05  -8.62893610e-03  -1.97193203e-14  -3.07356638e-14  -6.20816268e-16
  5.04800000e-05   1.52912302e-04  -2.34005232e-04  -8.70473991e-03  -1.88132652e-14  -3.17119544e-14   5.22012560e-16
  5.05600000e-05  -9.24267285e-05  -3.93013047e-04  -8.78268086e-03  -1.78575168e-14  -3.26754134e-14   1.65010842e-15
  5.06400000e-05  -3.45584744e-04  -5.54744066e-04  -8.95253155e-03  -1.70167733e-14  -3.39724885e-14   2.76198677e-15
  5.07200000e-05  -5.97093503e-04  -7.30538804e-04  -9.06552570e-03  -1.59815515e-14  -3.50463303e-14   3.87679500e-15
  5.08000000e-05  -8.54150649e-04  -9.12598213e-04  -9.25871297e-03  -1.49936605e-14  -3.64248299e-14   4.97348602e-15
  5.08800000e-05  -1.10688767e-03  -1.11279366e-03  -9.40125062e-03  -1.38097971e-14  -3.75998800e-14   6.07651094e-15
  5.09600000e-05  -1.37086886e-03  -1.31496739e-03  -9.69709899e-03  -1.27235556e-14  -3.93852688e-14   7.13952394e-15
  5.10400000e-05  -1.63546836e-03  -1.53793091e-03  -9.94238717e-03  -1.14089767e-14  -4.09669134e-14   8.21365145e-15
  5.11200000e-05  -1.90173551e-03  -1.77064753e-03  -1.03188405e-02  -1.00536564e-14  -4.30829461e-14   9.24562284e-15
  5.12000000e-05  -2.18931877e-03  -2.03184219e-03  -1.06926364e-02  -8.45637774e-15  -4.51934190e-14   1.03192139e-14
  5.12800000e-05  -2.47460801e-03  -2.29400881e-03  -1.10164169e-02  -6.58231675e-15  -4.70790351e-14   1.12821053e-14
  5.13600000e-05  -2.76345972e-03  -2.57939705e-03  -1.15133353e-02  -4.53935351e-15  -4.96595248e-14   1.22150488e-14
  5.14400000e-05  -3.05881410e-03  -2.88068179e-03  -1.20519435e-02  -2.16314092e-15  -5.23744931e-14   1.30676761e-14
  5.15200000e-05  -3.36142832e-03  -3.20438257e-03  -1.26591109e-02   6.01538064e-16  -5.53112334e-14   1.38411241e-14
  5.16000000e-05  -3.66612600e-03  -3.53112239e-03  -1.32493228e-02   3.80152289e-15  -5.80715999e-14   1.44249686e-14
  5.16800000e-05  -3.99194985e-03  -3.88872285e-03  -1.39679130e-02   7.53783034e-15  -6.12308430e-14   1.48926427e-14
  5.17600000e-05  -4.30641864e-03  -4.25392168e-03  -1.47890262e-02   1.18913903e-14  -6.45897232e-14   1.51159593e-14
  5.18400000e-05  -4.63059178e-03  -4.63870009e-03  -1.56624564e-02   1.69419326e-14  -6.78670686e-14   1.50911069e-14
  5.19200000e-05  -4.95490983e-03  -5.02859141e-03  -1.67218676e-02   2.29034172e-14  -7.14794281e-14   1.47086723e-14
  5.20000000e-05  -5.27455563e-03  -5.42213861e-03  -1.78608461e-02   2.98108372e-14  -7.48254309e-14   1.39117116e-14
  5.20800000e-05  -5.59310809e-03  -5.81715774e-03  -1.91534104e-02   3.78747084e-14  -7.79893907e-14   1.26264328e-14
  5.21600000e-05  -5.90893298e-03  -6.19748809e-03  -2.05166451e-02   4.70413209e-14  -8.03944102e-14   1.07366183e-14
  5.22400000e-05  -6.22137205e-03  -6.57714134e-03  -2.20800615e-02   5.76523480e-14  -8.21830987e-14   8.23607985e-15
  5.23200000e-05  -6.50077598e-03  -6.90804047e-03  -2.38092321e-02   6.96779090e-14  -8.27590659e-14   4.98724611e-15
  5.24000000e-05  -6.78028323e-03  -7.22509601e-03  -2.57857883e-02   8.34099596e-14  -8.18650066e-14   1.00595656e-15
  5.24800000e-05  -7.02376733e-03  -7.48595412e-03  -2.77790704e-02   9.80270349e-14  -7.81902887e-14  -3.71467332e-15
  5.25600000e-05  -7.20348750e-03  -7.65708902e-03  -2.99984214e-02   1.13841842e-13  -7.16520658e-14  -9.04754408e-15
  5.26400000e-05  -7.36823279e-03  -7.76504624e-03  -3.24014900e-02   1.30354103e-13  -6.14376827e-14  -1.49194661e-14
  5.27200000e-05  -7.47250319e-03  -7.77459204e-03  -3.48090294e-02   1.46156431e-13  -4.65783361e-14  -2.09723411e-14
  5.28000000e-05  -7.51250574e-03  -7.68531708e-03  -3.71988960e-02   1.60155038e-13  -2.67574373e-14  -2.68160176e-14
  5.28800000e-05  -7.50707053e-03  -7.51362621e-03  -3.95247740e-02   1.70973045e-13  -2.06551826e-15  -3.20808204e-14
  5.29600000e-05  -7.47445875e-03  -7.28690285e-03  -4.14808575e-02   1.76088856e-13   2.67716279e-14  -3.64324952e-14
  5.30400000e-05  -7.43208599e-03  -7.03089013e-03  -4.30178986e-02   1.74266766e-13   5.80482307e-14  -3.95950611e-14
  5.31200000e-05  -7.35609149e-03  -6.72551622e-03  -4.40920252e-02   1.64840863e-13   8.95418606e-14  -4.11593638e-14
  5.32000000e-05  -7.33681297e-03  -6.48234081e-03  -4.46317492e-02   1.47842798e-13   1.18702627e-13  -4.15436517e-14
  5.32800000e-05  -7.35399286e-03  -6.27495676e-03  -4.44005722e-02   1.23761387e-13   1.42412949e-13  -4.06250497e-14
  5.33600000e-05  -7.39732927e-03  -6.10604568e-03  -4.35691055e-02   9.52380123e-14   1.59185669e-13  -3.84791444e-14
  5.34400000e-05  -7.49708074e-03  -5.98674366e-03  -4.20647871e-02   6.46386521e-14   1.67684534e-13  -3.53855473e-14
  5.35200000e-05  -7.57242215e-03  -5.87623808e-03  -4.03047694e-02   3.49954272e-14   1.69418944e-13  -3.12753607e-14
  5.36000000e-05  -7.60279224e-03  -5.76255919e-03  -3.82365530e-02   7.95119362e-15   1.64831276e-13  -2.64223938e-14
  5.36800000e-05  -7.55735601e-03  -5.61960900e-03  -3.58640954e-02  -1.51754955e-14   1.54955512e-13  -2.10824436e-14
  5.37600000e-05  -7.44965544e-03  -5.45921242e-03  -3.35527394e-02  -3.38434960e-14   1.42517607e-13  -1.56741748e-14
  5.38400000e-05  -7.24994085e-03  -5.26801986e-03  -3.12012851e-02  -4.80536773e-14   1.28164761e-13  -1.04735490e-14
  5.39200000e-05  -7.01791862e-03  -5.07555017e-03  -2.90736276e-02  -5.85331866e-14   1.13857361e-13  -5.74773837e-15
  5.40000000e-05  -6.69779719e-03  -4.83768191e-03  -2.70100985e-02  -6.55731169e-14   9.95523840e-14  -1.57005457e-15
  5.40800000e-05  -6.35641409e-03  -4.61429505e-03  -2.51195086e-02  -6.99983213e-14   8.61283247e-14   1.89162988e-15
  5.41600000e-05  -5.97850640e-03  -4.37444807e-03  -2.34128201e-02  -7.24035858e-14   7.38444230e-14   4.69130614e-15
  5.42400000e-05  -5.57477298e-03  -4.12023636e-03  -2.18151223e-02  -7.30946635e-14   6.25966918e-14   6.85639018e-15
  5.43200000e-05  -5.15411234e-03  -3.85967152e-03  -2.04199893e-02  -7.28075148e-14   5.26865349e-14   8.41848592e-15
  5.44000000e-05  -4.73519270e-03  -3.60550579e-03  -1.91688821e-02  -7.17478610e-14   4.39182500e-14   9.46285976e-15
  5.44800000e-05  -4.31788100e-03  -3.35211245e-03  -1.80143714e-02  -7.00328770e-14   3.61315539e-14   1.00628877e-14
  5.45600000e-05  -3.91589601e-03  -3.10117958e-03  -1.69645597e-02  -6.79156140e-14   2.92998956e-14   1.03207067e-14
  5.46400000e-05  -3.53541044e-03  -2.85823377e-03  -1.60599083e-02  -6.57541027e-14   2.33825630e-14   1.03135651e-14
  5.47200000e-05  -3.17345993e-03  -2.62095749e-03  -1.52244483e-02  -6.33911946e-14   1.81838289e-14   1.00831485e-14
  5.48000000e-05  -2.82860101e-03  -2.39370926e-03  -1.44219450e-02  -6.07905591e-14   1.35965925e-14   9.66623767e-15
  5.48800000e-05  -2.50220936e-03  -2.16838490e-03  -1.38339741e-02  -5.87903824e-14   9.68794580e-15   9.11514282e-15
  5.49600000e-05  -2.18994585e-03  -1.95055345e-03  -1.31431170e-02  -5.61396916e-14   6.15515703e-15   8.44068590e-15
  5.50400000e-05  -1.90264693e-03  -1.73319199e-03  -1.26924971e-02  -5.43271046e-14   3.11361278e-15   7.71863956e-15
  5.51200000e-05  -1.63336541e-03  -1.52457477e-03  -1.21617873e-02  -5.20443570e-14   3.99363609e-16   6.93965375e-15
  5.52000000e-05  -1.38439125e-03  -1.32966866e-03  -1.17311921e-02  -5.00848162e-14  -2.00706170e-15   6.13797028e-15
  5.52800000e-05  -1.15801948e-03  -1.14153364e-03  -1.12952827e-02  -4.80219181e-14  -4.14114422e-15   5.34183815e-15
  5.53600000e-05  -9.47122723e-04  -9.59297842e-04  -1.09262481e-02  -4.61794559e-14  -6.04785790e-15   4.53397257e-15
  5.54400000e-05  -7.63393674e-04  -7.77184608e-04  -1.06825419e-02  -4.48105159e-14  -7.82847645e-15   3.77178353e-15
  5.55200000e-05  -5.80502220e-04  -6.01030541e-04  -1.03100872e-02  -4.28648324e-14  -9.32901928e-15   2.95731308e-15
  5.56000000e-05  -4.18880884e-04  -4.31802220e-04  -1.00956942e-02  -4.15430011e-14  -1.08052977e-14   2.18581506e-15
  5.56800000e-05  -2.62200149e-04  -2.63640920e-04  -9.81007467e-03  -3.99004228e-14  -1.20649959e-14   1.39068497e-15
  5.57600000e-05  -1.28648071e-04  -1.17103874e-04  -9.58176815e-03  -3.84767404e-14  -1.32482548e-14   6.78515728e-16
  5.58400000e-05   1.28442942e-09   4.58362132e-05  -9.41605729e-03  -3.72773151e-14  -1.44136887e-14  -7.01691558e-17
  5.59200000e-05   1.10516216e-04   1.96895866e-04  -9.28329553e-03  -3.61878682e-14  -1.55367703e-14  -7.60341202e-16
  5.60000000e-05   2.09049911e-04   3.36329373e-04  -9.07234472e-03  -3.47774131e-14  -1.64392107e-14  -1.41079345e-15
  5.60800000e-05   3.08558209e-04   4.83116465e-04  -8.96336249e-03  -3.37420303e-14  -1.74415374e-14  -2.10163031e-15
  5.61600000e-05   3.99882736e-04   6.29138270e-04  -8.80973989e-03  -3.25190017e-14  -1.82880039e-14  -2.78208787e-15
  5.62400000e-05   4.91278307e-04   7.76367808e-04  -8.73887095e-03  -3.15832198e-14  -1.92434225e-14  -3.48513265e-15
  5.63200000e-05   5.71089530e-04   9.21200089e-04  -8.67285710e-03  -3.06414513e-14  -2.01574960e-14  -4.15873324e-15
  5.64000000e-05   6.29366368e-04   1.05093655e-03  -8.60352681e-03  -2.96652137e-14  -2.10159060e-14  -4.73720515e-15
  5.64800000e-05   6.95785741e-04   1.18400665e-03  -8.52148681e-03  -2.86207647e-14  -2.18002230e-14  -5.36590972e-15
  5.65600000e-05   7.49542412e-04   1.31062129e-03  -8.50590837e-03  -2.77740137e-14  -2.27148656e-14  -5.94744094e-15
  5.66400000e-05   7.98425538e-04   1.43535335e-03  -8.49519077e-03  -2.69099051e-14  -2.36117642e-14  -6.51860350e-15
  5.67200000e-05   8.48867274e-04   1.56140676e-03  -8.47948018e-03  -2.59981285e-14  -2.44630492e-14  -7.10724356e-15
  5.68000000e-05   8.93331328e-04   1.68923184e-03  -8.46940527e-03  -2.50631393e-14  -2.53054650e-14  -7.69079796e-15
  5.68800000e-05   9.24548525e-04   1.80827306e-03  -8.51653161e-03  -2.42621193e-14  -2.62897025e-14  -8.21584074e-15
  5.69600000e-05   9.57078347e-04   1.93328319e-03  -8.52497060e-03  -2.32984980e-14  -2.71367305e-14  -8.76970450e-15
  5.70400000e-05   9.85465391e-04   2.05656358e-03  -8.57094706e-03  -2.23951776e-14  -2.80774192e-14  -9.31200129e-15
  5.71200000e-05   1.00777120e-03   2.17025290e-03  -8.59538549e-03  -2.13869299e-14  -2.89254107e-14  -9.81091405e-15
  5.72000000e-05   1.02588070e-03   2.28141306e-03  -8.64489247e-03  -2.03973966e-14  -2.98296347e-14  -1.02926686e-14
  5.72800000e-05   1.04462183e-03   2.39583632e-03  -8.68173913e-03  -1.93235852e-14  -3.06663744e-14  -1.07878676e-14
  5.73600000e-05   1.06081290e-03   2.51700067e-03  -8.76411596e-03  -1.82967750e-14  -3.16363048e-14  -1.13004045e-14
  5.74400000e-05   1.06715040e-03   2.62030349e-03  -8.81978044e-03  -1.71584330e-14  -3.24823458e-14  -1.17263954e-14
  5.75200000e-05   1.07501558e-03   2.73094621e-03  -8.87520701e-03  -1.59587807e-14  -3.32985852e-14  -1.21791619e-14
  5.76000000e-05   1.07724087e-03   2.82999393e-03  -8.92555866e-03  -1.47039694e-14  -3.40587552e-14  -1.25735309e-14
  5.76800000e-05   1.07518860e-03   2.93012726e-03  -9.00230928e-03  -1.34416041e-14  -3.48791664e-14  -1.29580813e-14
  5.77600000e-05   1.07313325e-03   3.01764055e-03  -9.07064693e-03  -1.21141685e-14  -3.56325241e-14  -1.32875050e-14
  5.78400000e-05   1.05970733e-03   3.09922662e-03  -9.10697396e-03  -1.06901337e-14  -3.62109262e-14  -1.35669960e-14
  5.79200000e-05   1.04261457e-03   3.17351758e-03  -9.13571468e-03  -9.21922559e-15  -3.67095752e-14  -1.38041287e-14
  5.80000000e-05   1.01952817e-03   3.24087206e-03  -9.15356580e-03  -7.71057925e-15  -3.71070961e-14  -1.39967862e-14
  5.80800000e-05   9.97464918e-04   3.30420979e-03  -9.16623060e-03  -6.17108537e-15  -3.74316614e-14  -1.41647651e-14
  5.81600000e-05   9.63776847e-04   3.36076988e-03  -9.14337505e-03  -4.58587515e-15  -3.75453426e-14  -1.42836771e-14
  5.82400000e-05   9.36971877e-04   3.39729140e-03  -9.11721171e-03  -3.02070124e-15  -3.75943416e-14  -1.43189881e-14
  5.83200000e-05   8.95881740e-04   3.42061738e-03  -9.04513205e-03  -1.44967485e-15  -3.73827603e-14  -1.42807044e-14
  5.84000000e-05   8.52456176e-04   3.42524277e-03  -8.95277748e-03   7.83410394e-17  -3.70273722e-14  -1.41588414e-14
  5.84800000e-05   7.96258540e-04   3.41424163e-03  -8.83096737e-03   1.55427934e-15  -3.64799453e-14  -1.39637861e-14
  5.85600000e-05   7.39394758e-04   3.38514292e-03  -8.66873060e-03   2.95184483e-15  -3.57159720e-14  -1.36953260e-14
  5.86400000e-05   6.80739547e-04   3.32967422e-03  -8.53556453e-03   4.23053759e-15  -3.50175055e-14  -1.33227265e-14
  5.87200000e-05   6.14916532e-04   3.25276470e-03  -8.33304017e-03   5.39604707e-15  -3.39902113e-14  -1.28697376e-14
  5.88000000e-05   5.41918353e-04   3.14106211e-03  -8.07553417e-03   6.39373028e-15  -3.27008401e-14  -1.22902693e-14
  5.88800000e-05   4.61390629e-04   2.99749319e-03  -7.77257746e-03   7.20264055e-15  -3.11974040e-14  -1.16037152e-14
  5.89600000e-05   3.76387106e-04   2.81172415e-03  -7.45958782e-03   7.79883138e-15  -2.96345350e-14  -1.07765684e-14
  5.90400000e-05   2.91952381e-04   2.61091869e-03  -7.12298163e-03   8.21468838e-15  -2.79774694e-14  -9.91840264e-15
  5.91200000e-05   2.04317735e-04   2.36938008e-03  -6.75635021e-03   8.39702479e-15  -2.62055321e-14  -8.93606798e-15
  5.92000000e-05   1.04752165e-04   2.08654689e-03  -6.34364272e-03   8.32433163e-15  -2.42528411e-14  -7.83976977e-15
  5.92800000e-05   1.10598717e-05   1.77527485e-03  -5.91041669e-03   8.03257037e-15  -2.22577609e-14  -6.67039330e-15
  5.93600000e-05  -9.27451282e-05   1.41133734e-03  -5.44214895e-03   7.46861490e-15  -2.01448767e-14  -5.35154305e-15
  5.94400000e-05  -1.92384926e-04   1.02537446e-03  -4.96529714e-03   6.71765394e-15  -1.80442766e-14  -3.98657222e-15
  5.95200000e-05  -2.79722181e-04   6.17319364e-04  -4.45220400e-03   5.76393047e-15  -1.58721103e-14  -2.56287903e-15
  5.96000000e-05  -3.72087928e-04   1.59715598e-04  -3.91751230e-03   4.58338864e-15  -1.36520150e-14  -9.91921151e-16
  5.96800000e-05  -4.58129638e-04  -3.28409713e-04  -3.38945934e-03   3.26023510e-15  -1.15069251e-14   6.74259642e-16
  5.97600000e-05  -5.37038609e-04  -8.21433537e-04  -2.82730340e-03   1.81760042e-15  -9.28573902e-15   2.35259358e-15
  5.98400000e-05  -6.12191450e-04  -1.36202659e-03  -2.28441835e-03   2.61543590e-16  -7.17041617e-15   4.20508912e-15
  5.99200000e-05  -6.71998124e-04  -1.90375441e-03  -1.70715862e-03  -1.36057570e-15  -4.97973581e-15   6.08877122e-15
  6.00000000e-05  -7.18912014e-04  -2.46132665e-03  -1.12862585e-03  -3.00969758e-15  -2.82014381e-15   8.06733502e-15
  6.00800000e-05  -7.51743635e-04  -3.02386190e-03  -5.55282922e-04  -4.62933594e-15  -7.06560951e-16   1.01148736e-14
  6.01600000e-05   5.25803218e-04   3.51945474e-03  -2.82260690e-05   6.24470800e-15  -1.03082550e-15  -1.22034745e-14
  6.02400000e-05   1.77360031e-03   1.20187314e-02  -8.62956809e-04   2.36202321e-14  -6.42615064e-15  -4.09537620e-14
  6.03200000e-05   1.71529992e-03   1.28253603e-02  -1.79188244e-03   2.84268855e-14  -9.75361721e-15  -4.25993460e-14
  6.04000000e-05   1.64405265e-03   1.36241428e-02  -2.80881897e-03   3.37609360e-14  -1.31024423e-14  -4.37923515e-14
  6.04800000e-05   1.55179203e-03   1.44162260e-02  -3.98681356e-03   3.97618114e-14  -1.65799726e-14  -4.44762633e-14
  6.05600000e-05   1.45986404e-03   1.51922040e-02  -5.25088360e-03   4.63392092e-14  -1.98380821e-14  -4.45135073e-14
  6.06400000e-05   1.35089556e-03   1.59433803e-02  -6.61511690e-03   5.35051350e-14  -2.27172402e-14  -4.38253405e-14
  6.07200000e-05   1.23322853e-03   1.66731858e-02  -8.15753685e-03   6.13949690e-14  -2.52520514e-14  -4.23311748e-14
  6.08000000e-05   1.12493887e-03   1.73332587e-02  -9.82192632e-03   6.97602125e-14  -2.70815128e-14  -3.98022629e-14
  6.08800000e-05   1.00832828e-03   1.79472095e-02  -1.16047747e-02   7.85929579e-14  -2.78754497e-14  -3.62815345e-14
  6.09600000e-05   9.00097244e-04   1.84839460e-02  -1.35274419e-02   8.77208676e-14  -2.74275801e-14  -3.16403206e-14
  6.10400000e-05   8.08858138e-04   1.89125050e-02  -1.55976543e-02   9.68817024e-14  -2.54401267e-14  -2.58226630e-14
  6.11200000e-05   7.32535095e-04   1.92291708e-02  -1.77943493e-02   1.05768608e-13  -2.15265091e-14  -1.89081207e-14
  6.12000000e-05   6.78104167e-04   1.93707246e-02  -2.00751762e-02   1.13731402e-13  -1.53559831e-14  -1.09754843e-14
  6.12800000e-05   6.49006973e-04   1.93263729e-02  -2.25288226e-02   1.20507374e-13  -6.72761184e-15  -2.29973001e-15
  6.13600000e-05   6.51009451e-04   1.90866557e-02  -2.49990131e-02   1.25219174e-13   4.57571424e-15   6.75442455e-15
  6.14400000e-05   6.67574403e-04   1.86103918e-02  -2.74870664e-02   1.27181452e-13   1.85453802e-14   1.56451717e-14
  6.15200000e-05   7.14428680e-04   1.78932265e-02  -2.99005350e-02   1.25642761e-13   3.47783279e-14   2.38142659e-14
  6.16000000e-05   7.70840992e-04   1.68880087e-02  -3.22927249e-02   1.20088088e-13   5.28838186e-14   3.05230114e-14
  6.16800000e-05   8.31517452e-04   1.56228452e-02  -3.44670889e-02   1.09902688e-13   7.17598295e-14   3.51778683e-14
  6.17600000e-05   8.90205034e-04   1.41236969e-02  -3.63280076e-02   9.50255872e-14   9.00275633e-14   3.73297179e-14
  6.18400000e-05   9.21596709e-04   1.24223724e-02  -3.78473283e-02   7.58686961e-14   1.06379005e-13   3.67634920e-14
  6.19200000e-05   9.05707307e-04   1.05394888e-02  -3.89817316e-02   5.31605977e-14   1.19485860e-13   3.35405271e-14
  6.20000000e-05   8.49071866e-04   8.56820407e-03  -3.95509645e-02   2.81505094e-14   1.27708402e-13   2.82707002e-14
  6.20800000e-05   7.31784430e-04   6.54999794e-03  -3.96575600e-02   2.40307852e-15   1.30771196e-13   2.16430260e-14
  6.21600000e-05   5.71134801e-04   4.59454254e-03  -3.91141889e-02  -2.22506347e-14   1.27895175e-13   1.46982905e-14
  6.22400000e-05   3.64061573e-04   2.68413769e-03  -3.82697223e-02  -4.47545433e-14   1.20690778e-13   8.03918186e-15
  6.23200000e-05   1.32567872e-04   9.34855584e-04  -3.69645232e-02  -6.36896877e-14   1.09401329e-13   2.53841328e-15
  6.24000000e-05  -1.03512374e-04  -6.42898989e-04  -3.54638035e-02  -7.88512213e-14   9.58063485e-14  -1.50665530e-15
  6.24800000e-05  -3.37077126e-04  -2.00644679e-03  -3.38109575e-02  -9.00807710e-14   8.09532137e-14  -3.90595707e-15
  6.25600000e-05  -5.55323802e-04  -3.19054767e-03  -3.19232607e-02  -9.72642608e-14   6.55410503e-14  -4.85848508e-15
  6.26400000e-05  -7.53699987e-04  -4.13935770e-03  -3.00567625e-02  -1.01172537e-13   5.08444121e-14  -4.46520043e-15
  6.27200000e-05  -9.07364083e-04  -4.89777468e-03  -2.82824542e-02  -1.02551055e-13   3.72988901e-14  -3.16911732e-15
  6.28000000e-05  -1.02384878e-03  -5.44163331e-03  -2.65743707e-02  -1.01688420e-13   2.50686502e-14  -1.21548831e-15
  6.28800000e-05  -1.10162361e-03  -5.80684638e-03  -2.49214268e-02  -9.90137824e-14   1.42761170e-14   1.05036930e-15
  6.29600000e-05  -1.15018529e-03  -6.02118049e-03  -2.33720651e-02  -9.51149629e-14   4.97729561e-15   3.39852879e-15
  6.30400000e-05  -1.16123457e-03  -6.07552486e-03  -2.20538450e-02  -9.07158281e-14  -2.98035490e-15   5.59764413e-15
  6.31200000e-05  -1.13922444e-03  -6.01242240e-03  -2.07891443e-02  -8.55639609e-14  -9.74251100e-15   7.50644875e-15
  6.32000000e-05  -1.10211956e-03  -5.81900869e-03  -1.96273599e-02  -8.00000135e-14  -1.53904161e-14   9.05504080e-15
  6.32800000e-05  -1.02904312e-03  -5.54592930e-03  -1.86134866e-02  -7.44556625e-14  -2.01842717e-14   1.01302155e-14
  6.33600000e-05  -9.44679264e-04  -5.17313899e-03  -1.76540135e-02  -6.87005693e-14  -2.40951248e-14   1.07367898e-14
  6.34400000e-05  -8.57375823e-04  -4.74660885e-03  -1.67959514e-02  -6.30913068e-14  -2.72988688e-14   1.09353742e-14
  6.35200000e-05  -7.63082633e-04  -4.23925046e-03  -1.60433063e-02  -5.76402900e-14  -2.99458042e-14   1.06544166e-14
  6.36000000e-05  -6.55678965e-04  -3.70067801e-03  -1.53266573e-02  -5.22976788e-14  -3.20291196e-14   9.97085949e-15
  6.36800000e-05  -5.61882588e-04  -3.10405913e-03  -1.46702787e-02  -4.71096459e-14  -3.36224746e-14   8.91845625e-15
  6.37600000e-05  -4.55247259e-04  -2.47792293e-03  -1.40613573e-02  -4.21286299e-14  -3.48292156e-14   7.50162681e-15
  6.38400000e-05  -3.59987023e-04  -1.81171400e-03  -1.35447389e-02  -3.74466457e-14  -3.57933054e-14   5.78287549e-15
  6.39200000e-05  -2.66600467e-04  -1.11801362e-03  -1.30109940e-02  -3.28098060e-14  -3.63089542e-14   3.79225561e-15
  6.40000000e-05  -1.87669749e-04  -3.98942275e-04  -1.24825861e-02  -2.82933806e-14  -3.64417254e-14   1.59005164e-15
  6.40800000e-05  -1.15628647e-04   3.33705074e-04  -1.18818015e-02  -2.37635864e-14  -3.60067316e-14  -7.80006105e-16
  6.41600000e-05  -5.66575237e-05   1.08053784e-03  -1.13533804e-02  -1.95225497e-14  -3.54611446e-14  -3.27752686e-15
  6.42400000e-05  -8.88252129e-06   1.84156462e-03  -1.07863444e-02  -1.53305123e-14  -3.45049624e-14  -5.87844612e-15
  6.43200000e-05   2.26976123e-05   2.61483841e-03  -1.01525626e-02  -1.11453997e-14  -3.30596790e-14  -8.53958710e-15
  6.44000000e-05   4.23875155e-05   3.40696452e-03  -9.44305547e-03  -6.95087299e-15  -3.11241955e-14  -1.12605142e-14
  6.44800000e-05   5.21347805e-05   4.18306833e-03  -8.68153938e-03  -2.86118108e-15  -2.88089760e-14  -1.38983511e-14
  6.45600000e-05   4.43990289e-05   4.96494361e-03  -7.86253681e-03   1.19074655e-15  -2.61120321e-14  -1.64821993e-14
  6.46400000e-05   2.62769575e-05   5.75875414e-03  -6.90402711e-03   5.33544326e-15  -2.28145035e-14  -1.90096179e-14
  6.47200000e-05  -7.35028261e-06   6.51606590e-03  -5.86092821e-03   9.39536930e-15  -1.91307319e-14  -2.12809582e-14
  6.48000000e-05  -4.87909331e-05   7.25925485e-03  -4.68670063e-03   1.34986932e-14  -1.49822622e-14  -2.33466316e-14
  6.48800000e-05  -1.07264692e-04   7.97177596e-03  -3.37700723e-03   1.76335364e-14  -1.04000095e-14  -2.51103998e-14
  6.49600000e-05  -1.71455846e-04   8.64547480e-03  -1.96629577e-03   2.17825618e-14  -5.60158777e-15  -2.65286302e-14
  6.50400000e-05  -8.01015261e-05   3.06633407e-03  -4.08460830e-04   8.30225176e-15  -1.00102378e-15  -9.14285062e-15
  6.51200000e-05   4.91909757e-04  -1.32217620e-02  -1.11794408e-03  -3.76256616e-14  -4.80184785e-15   4.02349812e-14
  6.52000000e-05   6.06716871e-04  -1.35983131e-02  -2.55725528e-03  -3.78236408e-14  -9.82435857e-15   4.32676645e-14
  6.52800000e-05   7.27166200e-04  -1.38586714e-02  -3.95523314e-03  -3.72670177e-14  -1.50906557e-14   4.60243723e-14
  6.53600000e-05   8.52447119e-04  -1.40130734e-02  -5.30004225e-03  -3.59531691e-14  -2.05154511e-14   4.84593020e-14
  6.54400000e-05   9.76506891e-04  -1.40909827e-02  -6.49590408e-03  -3.38731848e-14  -2.56756871e-14   5.06039283e-14
  6.55200000e-05   1.10089004e-03  -1.40740804e-02  -7.59352322e-03  -3.10570095e-14  -3.06595126e-14   5.23227599e-14
  6.56000000e-05   1.22620072e-03  -1.39808832e-02  -8.54214405e-03  -2.75684810e-14  -3.51788093e-14   5.36195981e-14
  6.56800000e-05   1.33885981e-03  -1.38397493e-02  -9.32847992e-03  -2.35366798e-14  -3.90538091e-14   5.45622241e-14
  6.57600000e-05   1.45562585e-03  -1.36479550e-02  -9.96724743e-03  -1.90679463e-14  -4.22732017e-14   5.50991599e-14
  6.58400000e-05   1.56097835e-03  -1.34271111e-02  -1.04447708e-02  -1.43094389e-14  -4.46811247e-14   5.53005625e-14
  6.59200000e-05   1.66635243e-03  -1.31990732e-02  -1.07571046e-02  -9.41589372e-15  -4.62139390e-14   5.52463687e-14
  6.60000000e-05   1.76195576e-03  -1.29495596e-02  -1.09208369e-02  -4.50610398e-15  -4.68941140e-14   5.48784466e-14
  6.60800000e-05   1.85454386e-03  -1.26876765e-02  -1.09446402e-02   2.80775620e-16  -4.67504623e-14   5.42434877e-14
  6.61600000e-05   1.94292764e-03  -1.24427112e-02  -1.08420269e-02   4.82280014e-15  -4.58463633e-14   5.34792445e-14
  6.62400000e-05   2.02124637e-03  -1.21938943e-02  -1.06141453e-02   9.02920192e-15  -4.42122779e-14   5.25120083e-14
  6.63200000e-05   2.09422965e-03  -1.19302338e-02  -1.02877766e-02   1.28269224e-14  -4.20026628e-14   5.13195540e-14
  6.64000000e-05   2.15633909e-03  -1.16587434e-02  -9.86229444e-03   1.61426257e-14  -3.92669555e-14   4.99490598e-14
  6.64800000e-05   2.21300315e-03  -1.13910399e-02  -9.35373413e-03   1.89450167e-14  -3.61267732e-14   4.84776338e-14
  6.65600000e-05   2.25613923e-03  -1.11046268e-02  -8.77983780e-03   2.12125383e-14  -3.27156281e-14   4.68292571e-14
  6.66400000e-05   2.28902056e-03  -1.07936605e-02  -8.15393436e-03   2.29378679e-14  -2.91397589e-14   4.50126159e-14
  6.67200000e-05   2.30624871e-03  -1.04684689e-02  -7.47526010e-03   2.41223567e-14  -2.54524975e-14   4.30862374e-14
  6.68000000e-05   2.30921588e-03  -1.01218427e-02  -6.76468719e-03   2.47980786e-14  -2.17774167e-14   4.10501913e-14
  6.68800000e-05   2.29804413e-03  -9.74587229e-03  -6.03271822e-03   2.49899566e-14  -1.81872207e-14   3.89009307e-14
  6.69600000e-05   2.26909346e-03  -9.34701567e-03  -5.29040172e-03   2.47497036e-14  -1.47518905e-14   3.66787915e-14
  6.70400000e-05   2.23018785e-03  -8.94479305e-03  -4.53811170e-03   2.41408431e-14  -1.14765548e-14   3.44843919e-14
  6.71200000e-05   2.17698634e-03  -8.52344223e-03  -3.77366670e-03   2.31682721e-14  -8.36977600e-15   3.22700237e-14
  6.72000000e-05   2.10886311e-03  -8.08120939e-03  -3.02413368e-03   2.19155420e-14  -5.52314357e-15   3.00418457e-14
  6.72800000e-05   2.02966567e-03  -7.63240193e-03  -2.28487617e-03   2.04364504e-14  -2.90638061e-15   2.78622657e-14
  6.73600000e-05   1.93917216e-03  -7.17228989e-03  -1.56599343e-03   1.87763984e-14  -5.39239023e-16   2.57205725e-14
  6.74400000e-05   1.84489481e-03  -6.72675069e-03  -8.49372341e-04   1.69895642e-14   1.66570936e-15   2.37106229e-14
  6.75200000e-05   1.09324244e-03  -3.42180819e-03  -1.58140907e-04   8.35583206e-15   2.10698480e-15   1.21742846e-14
  6.76000000e-05  -7.95959233e-05   1.98177550e-03  -5.90938417e-04  -3.47963328e-15  -1.90615839e-15  -5.92382096e-15
  6.76800000e-05   9.13447410e-05   1.50378804e-03  -1.30971029e-03  -8.61971736e-16  -3.60622236e-15  -4.20072340e-15
  6.77600000e-05   2.63733599e-04   1.04552969e-03  -1.98786970e-03   1.62980578e-15  -5.18135261e-15  -2.50892875e-15
  6.78400000e-05   4.39095026e-04   6.04981252e-04  -2.62573122e-03   4.01971222e-15  -6.60743573e-15  -8.50178072e-16
  6.79200000e-05   6.10239339e-04   1.88521332e-04  -3.21925924e-03   6.30046098e-15  -7.87063633e-15   7.33400489e-16
  6.80000000e-05   7.69212220e-04  -2.09569635e-04  -3.77752252e-03   8.51565451e-15  -9.00020480e-15   2.23334609e-15
  6.80800000e-05   9.38230339e-04  -5.84590662e-04  -4.31893454e-03   1.07013734e-14  -9.98404635e-15   3.67612273e-15
  6.81600000e-05   1.09617245e-03  -9.32281328e-04  -4.88870059e-03   1.29564582e-14  -1.09819907e-14   4.99945067e-15
  6.82400000e-05   1.25228472e-03  -1.26392750e-03  -5.38463287e-03   1.50895543e-14  -1.16741682e-14   6.24958493e-15
  6.83200000e-05   1.40178037e-03  -1.55997025e-03  -5.86872445e-03   1.71889384e-14  -1.22364516e-14   7.35826280e-15
  6.84000000e-05   1.53913773e-03  -1.84104317e-03  -6.33951055e-03   1.92996894e-14  -1.26689140e-14   8.36482521e-15
  6.84800000e-05   1.67655944e-03  -2.09609436e-03  -6.82359454e-03   2.14579340e-14  -1.29988348e-14   9.26524658e-15
  6.85600000e-05   1.79943085e-03  -2.32662879e-03  -7.29995714e-03   2.36164761e-14  -1.31945828e-14   1.00267865e-14
  6.86400000e-05   1.91814061e-03  -2.52694613e-03  -7.77794640e-03   2.57772115e-14  -1.32442151e-14   1.06598490e-14
  6.87200000e-05   2.01328593e-03  -2.70028627e-03  -8.21340917e-03   2.78289190e-14  -1.30895095e-14   1.11248559e-14
  6.88000000e-05   2.10069505e-03  -2.84330503e-03  -8.63187774e-03   2.98121679e-14  -1.27509604e-14   1.14553457e-14
  6.88800000e-05   2.17054153e-03  -2.95411588e-03  -9.15347342e-03   3.20281049e-14  -1.24897612e-14   1.16255905e-14
  6.89600000e-05   2.21569383e-03  -3.02119460e-03  -9.51444152e-03   3.37384127e-14  -1.17900850e-14   1.16006950e-14
  6.90400000e-05   2.24472642e-03  -3.06689341e-03  -1.00886405e-02   3.59897829e-14  -1.13338006e-14   1.14531561e-14
  6.91200000e-05   2.24729739e-03  -3.06953085e-03  -1.05459453e-02   3.78186291e-14  -1.05346983e-14   1.11252509e-14
  6.92000000e-05   2.22795693e-03  -3.03691950e-03  -1.10962127e-02   3.98093173e-14  -9.72525404e-15   1.06548298e-14
  6.92800000e-05   2.17826200e-03  -2.95904867e-03  -1.16105614e-02   4.15599435e-14  -8.71688301e-15   1.00186479e-14
  6.93600000e-05   2.09278433e-03  -2.82554969e-03  -1.21414849e-02   4.31697528e-14  -7.59999806e-15   9.20967701e-15
  6.94400000e-05   1.97989492e-03  -2.65553329e-03  -1.26958453e-02   4.46972467e-14  -6.34899360e-15   8.29844829e-15
  6.95200000e-05   1.82073547e-03  -2.42800391e-03  -1.32566232e-02   4.60131679e-14  -5.00185341e-15   7.23580395e-15
  6.96000000e-05   1.61713984e-03  -2.13951583e-03  -1.37953575e-02   4.70086690e-14  -3.53318212e-15   6.05847950e-15
  6.96800000e-05   1.36678552e-03  -1.79892279e-03  -1.44576883e-02   4.81228185e-14  -2.02981306e-15   4.80194670e-15
  6.97600000e-05   1.06771320e-03  -1.38794337e-03  -1.50511635e-02   4.87214364e-14  -3.78591714e-16   3.49115766e-15
  6.98400000e-05   7.00209686e-04  -9.03721271e-04  -1.56670626e-02   4.90501313e-14   1.30081877e-15   2.11716774e-15
  6.99200000e-05   2.67223131e-04  -3.51973531e-04  -1.63244603e-02   4.91733109e-14   3.02523694e-15   7.39714671e-16
  7.00000000e-05  -2.29281109e-04   2.93026998e-04  -1.70490234e-02   4.90791045e-14   4.80237158e-15  -5.77492725e-16
  7.00800000e-05  -8.08238702e-04   1.02415484e-03  -1.76572184e-02   4.82450184e-14   6.52222192e-15  -1.83005755e-15
  7.01600000e-05  -1.45470568e-03   1.85331990e-03  -1.84390787e-02   4.74768058e-14   8.33953444e-15  -2.90735534e-15
  7.02400000e-05  -2.20180664e-03   2.78051066e-03  -1.91448635e-02   4.60466536e-14   1.00132246e-14  -3.84144551e-15
  7.03200000e-05  -3.03178509e-03   3.81064945e-03  -1.98152756e-02   4.40729742e-14   1.15442583e-14  -4.52321060e-15
  7.04000000e-05  -3.96317116e-03   4.97463857e-03  -2.04823870e-02   4.15643829e-14   1.28584806e-14  -4.91937147e-15
  7.04800000e-05  -4.99767572e-03   6.25880667e-03  -2.11829268e-02   3.86701161e-14   1.39609717e-14  -4.99844419e-15
  7.05600000e-05  -6.14566279e-03   7.68207434e-03  -2.19143270e-02   3.53452319e-14   1.47557651e-14  -4.73959305e-15
  7.06400000e-05  -7.41220474e-03   9.24554300e-03  -2.24994898e-02   3.11409935e-14   1.48805844e-14  -4.14428669e-15
  7.07200000e-05  -8.80334838e-03   1.09710887e-02  -2.30923294e-02   2.64507114e-14   1.44263128e-14  -3.22975081e-15
  7.08000000e-05  -1.03008334e-02   1.28521902e-02  -2.36195631e-02   2.11472430e-14   1.32173555e-14  -2.03061585e-15
  7.08800000e-05  -1.19474777e-02   1.49168026e-02  -2.40669576e-02   1.51845788e-14   1.09692218e-14  -7.39258423e-16
  7.09600000e-05  -1.37142361e-02   1.71439426e-02  -2.44363647e-02   8.71768992e-15   7.65109384e-15   4.75252999e-16
  7.10400000e-05  -1.56319840e-02   1.95672236e-02  -2.46273034e-02   1.53548875e-15   2.86350003e-15   1.30050818e-15
  7.11200000e-05  -1.76849594e-02   2.21628491e-02  -2.47204721e-02  -5.93131543e-15  -3.24443632e-15   1.33448582e-15
  7.12000000e-05  -1.99203669e-02   2.49763826e-02  -2.46062231e-02  -1.38507704e-14  -1.09999549e-14   4.76849604e-17
  7.12800000e-05  -2.22859196e-02   2.79598193e-02  -2.42761134e-02  -2.17949996e-14  -2.01051716e-14  -3.14775901e-15
  7.13600000e-05  -2.48412993e-02   3.11509092e-02  -2.37484410e-02  -2.94414459e-14  -3.03339223e-14  -8.99282141e-15
  7.14400000e-05  -2.75867232e-02   3.45250237e-02  -2.30131064e-02  -3.62068756e-14  -4.10840505e-14  -1.82330344e-14
  7.15200000e-05  -3.05388346e-02   3.80654586e-02  -2.20676449e-02  -4.13523051e-14  -5.14587001e-14  -3.15370224e-14
  7.16000000e-05  -3.37315881e-02   4.18042257e-02  -2.10028974e-02  -4.37994895e-14  -6.01067049e-14  -4.92926239e-14
  7.16800000e-05  -3.72176950e-02   4.57342575e-02  -1.98656998e-02  -4.22137213e-14  -6.54166442e-14  -7.15144326e-14
  7.17600000e-05  -4.10016236e-02   4.98346335e-02  -1.87120498e-02  -3.49919960e-14  -6.53106463e-14  -9.72637149e-14
  7.18400000e-05  -4.51759226e-02   5.41732443e-02  -1.77791676e-02  -1.99747613e-14  -5.75229368e-14  -1.24517969e-13
  7.19200000e-05  -4.97633423e-02   5.87448948e-02  -1.73373516e-02   5.10913299e-15  -3.97348778e-14  -1.49300125e-13
  7.20000000e-05  -5.48308675e-02   6.36431836e-02  -1.75468408e-02   4.09512944e-14  -1.03481438e-14  -1.65498955e-13
  7.20800000e-05  -6.03488911e-02   6.89041152e-02  -1.88612931e-02   8.71061742e-14   3.13215163e-14  -1.64282461e-13
  7.21600000e-05  -6.63413638e-02   7.46797978e-02  -2.14220193e-02   1.37407155e-13   8.32368189e-14  -1.35359287e-13
  7.22400000e-05  -7.26460615e-02   8.10344362e-02  -2.53559877e-02   1.79203861e-13   1.39103722e-13  -6.88698474e-14
  7.23200000e-05  -7.92399653e-02   8.82612417e-02  -3.04956404e-02   1.92159688e-13   1.85770809e-13   3.83541775e-14
  7.24000000e-05  -8.58698349e-02   9.64163567e-02  -3.60033515e-02   1.51559910e-13   1.99959082e-13   1.74008849e-13
  7.24800000e-05  -9.26004890e-02   1.05781994e-01  -4.03302840e-02   4.24296797e-14   1.51688262e-13   3.00441171e-13
  7.25600000e-05  -9.95846434e-02   1.16353952e-01  -4.18100478e-02  -1.21638772e-13   2.27400222e-14   3.53007134e-13
  7.26400000e-05  -1.07141894e-01   1.27729395e-01  -3.88851605e-02  -2.87504228e-13  -1.61941711e-13   2.60228591e-13
  7.27200000e-05  -1.15735406e-01   1.39147668e-01  -3.18207836e-02  -3.71667843e-13  -3.10266802e-13  -4.95818269e-15
  7.28000000e-05  -1.25933180e-01   1.49906548e-01  -2.35757101e-02  -2.89528911e-13  -3.00347896e-13  -3.63205173e-13
  7.28800000e-05  -1.37954327e-01   1.60001703e-01  -1.91643076e-02  -4.33523049e-15  -7.65552231e-14  -6.07947988e-13
  7.29600000e-05  -1.51058545e-01   1.70325460e-01  -2.35191692e-02   3.82073917e-13   2.71812269e-13  -4.85518016e-13
  7.30400000e-05  -1.63393282e-01   1.82286974e-01  -3.67096144e-02   5.56144060e-13   5.15663078e-13   8.52217800e-14
  7.31200000e-05  -1.73361375e-01   1.97081646e-01  -5.01529279e-02   2.03022132e-13   3.67779670e-13   7.43454637e-13
  7.32000000e-05  -1.82286128e-01   2.14461577e-01  -5.05693992e-02  -4.83542596e-13  -2.31420002e-13   7.61575378e-13
  7.32800000e-05  -1.93691304e-01   2.31102868e-01  -3.47956637e-02  -7.71327339e-13  -6.71703810e-13  -1.67643841e-13
  7.33600000e-05  -2.09437581e-01   2.43497321e-01  -2.05538277e-02  -1.46879111e-13  -2.19678207e-13  -1.10583049e-12
  7.34400000e-05  -2.26681458e-01   2.54428093e-01  -3.01835863e-02   8.35926957e-13   6.72531738e-13  -6.08879724e-13
  7.35200000e-05  -2.38375318e-01   2.69209434e-01  -5.51528473e-02   5.84897551e-13   7.21558847e-13   9.94061274e-13
  7.36000000e-05  -2.45349431e-01   2.88776329e-01  -5.68482086e-02  -8.20669373e-13  -4.80174450e-13   1.10272162e-12
  7.36800000e-05  -2.57009114e-01   3.04007533e-01  -2.96448943e-02  -9.23013659e-13  -8.70207356e-13  -9.21800156e-13
  7.37600000e-05  -2.74673082e-01   3.11271324e-01  -2.52664552e-02   7.73045887e-13   5.72634953e-13  -1.34922195e-12
  7.38400000e-05  -2.85352078e-01   3.21451411e-01  -5.78360535e-02   9.34053124e-13   1.02667186e-12   1.09777750e-12
  7.39200000e-05  -2.87095287e-01   3.38314243e-01  -6.04393064e-02  -1.12150591e-12  -7.23763975e-13   1.27598088e-12
  7.40000000e-05  -2.95601733e-01   3.46751022e-01  -2.57881981e-02  -7.77878624e-13  -7.79491635e-13  -1.56456267e-12
  7.40800000e-05  -3.08596151e-01   3.46286601e-01  -3.55564747e-02   1.38052125e-12   1.14881278e-12  -7.93247056e-13
  7.41600000e-05  -3.07205016e-01   3.52200422e-01  -6.91686470e-02   9.50131195e-14   4.65960991e-13   1.95064030e-12
  7.42400000e-05  -3.03309681e-01   3.60133829e-01  -4.43834204e-02  -1.53129682e-12  -1.30361573e-12  -1.13082180e-13
  7.43200000e-05  -3.09335630e-01   3.53518614e-01  -2.26434678e-02   4.94268140e-13   3.09877601e-13  -1.91433780e-12
  7.44000000e-05  -3.08994150e-01   3.47099355e-01  -5.71652592e-02   1.20509671e-12   1.23338039e-12   9.75027541e-13
  7.44800000e-05  -2.95800059e-01   3.47744651e-01  -6.24387798e-02  -1.11580898e-12  -6.93155562e-13   1.42564000e-12
  7.45600000e-05  -2.90146966e-01   3.40638164e-01  -2.63080627e-02  -8.16835961e-13  -8.08539041e-13  -1.46026635e-12
  7.46400000e-05  -2.88997496e-01   3.24496111e-01  -3.19070136e-02   1.18645673e-12   9.65548945e-13  -9.26634683e-13
  7.47200000e-05  -2.76229187e-01   3.13916596e-01  -6.26927388e-02   4.25344524e-13   6.73315934e-13   1.49734205e-12
  7.48000000e-05  -2.59159555e-01   3.07025717e-01  -5.17068261e-02  -1.15902171e-12  -8.61664335e-13   6.92721715e-13
  7.48800000e-05  -2.49666049e-01   2.91924452e-01  -2.34334600e-02  -4.91937992e-13  -5.24451139e-13  -1.29216499e-12
  7.49600000e-05  -2.43085546e-01   2.72912085e-01  -2.85652998e-02   8.71245206e-13   6.89362222e-13  -8.27991843e-13
  7.50400000e-05  -2.29216572e-01   2.57706473e-01  -5.23031414e-02   6.21609265e-13   7.22324342e-13   8.34835405e-13
  7.51200000e-05  -2.11105771e-01   2.46645612e-01  -5.54002135e-02  -5.18689273e-13  -2.12193045e-13   1.03179775e-12
  7.52000000e-05  -1.96644566e-01   2.33949780e-01  -3.58651783e-02  -7.96676779e-13  -6.87771915e-13  -1.18274284e-13
  7.52800000e-05  -1.86810743e-01   2.17163048e-01  -2.06520479e-02  -1.76351786e-13  -2.38167032e-13  -9.09191695e-13
  7.53600000e-05  -1.78078482e-01   2.00039683e-01  -2.39576468e-02   4.83170609e-13   3.53326072e-13  -6.41258852e-13
  7.54400000e-05  -1.66757206e-01   1.85262352e-01  -3.76688149e-02   5.59834057e-13   5.29195649e-13   1.24338054e-13
  7.55200000e-05  -1.52976039e-01   1.73147675e-01  -4.75544126e-02   1.43080196e-13   2.95013864e-13   6.13888835e-13
  7.56000000e-05  -1.39304573e-01   1.62507602e-01  -4.63158412e-02  -2.82265327e-13  -8.17836714e-14   5.62018991e-13
  7.56800000e-05  -1.27557588e-01   1.51766343e-01  -3.73363095e-02  -4.31572468e-13  -3.17323473e-13   1.84574209e-13
  7.57600000e-05  -1.18043024e-01   1.40311715e-01  -2.69029981e-02  -3.30815787e-13  -3.15345049e-13  -1.93142356e-13
  7.58400000e-05  -1.10247643e-01   1.28731297e-01  -2.01748902e-02  -1.22209125e-13  -1.65912198e-13  -3.90823665e-13
  7.59200000e-05  -1.03157435e-01   1.17475209e-01  -1.85622969e-02   7.64576211e-14   5.05671005e-15  -3.92900409e-13
  7.60000000e-05  -9.63121169e-02   1.07300598e-01  -2.10684506e-02   1.99758216e-13   1.26106311e-13  -2.70919501e-13
  7.60800000e-05  -8.92724799e-02   9.81607918e-02  -2.56865873e-02   2.31223163e-13   1.81967007e-13  -1.08221447e-13
  7.61600000e-05  -8.20737982e-02   9.00150585e-02  -3.03896258e-02   1.89900541e-13   1.84714232e-13   3.42618146e-14
  7.62400000e-05  -7.47965776e-02   8.25976926e-02  -3.40468144e-02   1.09845478e-13   1.51821570e-13   1.27002942e-13
  7.63200000e-05  -6.77609720e-02   7.58024531e-02  -3.59218808e-02   2.49114930e-14   1.01054944e-13   1.66254816e-13
  7.64000000e-05  -6.11969266e-02   6.95175210e-02  -3.60352417e-02  -4.31411122e-14   4.67293268e-14   1.63412541e-13
  7.64800000e-05  -5.52034005e-02   6.36659948e-02  -3.48517603e-02  -8.63647312e-14  -1.14514274e-15   1.34705397e-13
  7.65600000e-05  -4.98775227e-02   5.82357531e-02  -3.27241551e-02  -1.05562272e-13  -3.69676185e-14   9.51085672e-14
  7.66400000e-05  -4.51348348e-02   5.31535691e-02  -3.01603739e-02  -1.06998966e-13  -5.97274957e-14   5.48617557e-14
  7.67200000e-05  -4.09365164e-02   4.84242480e-02  -2.75122512e-02  -9.74451069e-14  -7.11179423e-14   1.98177292e-14
  7.68000000e-05  -3.72232621e-02   4.40438731e-02  -2.50108667e-02  -8.24907024e-14  -7.40729650e-14  -7.67215459e-15
  7.68800000e-05  -3.39112819e-02   4.00055602e-02  -2.27883726e-02  -6.59669320e-14  -7.16065417e-14  -2.75419662e-14
  7.69600000e-05  -3.09535703e-02   3.62942959e-02  -2.08810280e-02  -5.01041209e-14  -6.61413121e-14  -4.06900906e-14
  7.70400000e-05  -2.82815310e-02   3.28936581e-02  -1.93041086e-02  -3.60882622e-14  -5.94925300e-14  -4.85024018e-14
  7.71200000e-05  -2.58763485e-02   2.97903360e-02  -1.80460446e-02  -2.43647276e-14  -5.28368003e-14  -5.22860205e-14
  7.72000000e-05  -2.36441845e-02   2.69285253e-02  -1.70323015e-02  -1.48807487e-14  -4.67277273e-14  -5.32203834e-14
  7.72800000e-05  -2.16219436e-02   2.43377677e-02  -1.62355476e-02  -7.44786827e-15  -4.14865657e-14  -5.22712897e-14
  7.73600000e-05  -1.97618417e-02   2.19707054e-02  -1.55616658e-02  -1.71473020e-15  -3.70168433e-14  -5.00846082e-14
  7.74400000e-05  -1.80524694e-02   1.98106563e-02  -1.50632057e-02   2.46799009e-15  -3.36196179e-14  -4.71732262e-14
  7.75200000e-05  -1.64551292e-02   1.78336332e-02  -1.46564942e-02   5.47267863e-15  -3.10371640e-14  -4.39094795e-14
  7.76000000e-05  -1.49864339e-02   1.60251755e-02  -1.43302461e-02   7.53315757e-15  -2.91707745e-14  -4.04990916e-14
  7.76800000e-05  -1.36244412e-02   1.43865897e-02  -1.41412633e-02   8.81422403e-15  -2.82021876e-14  -3.71835364e-14
  7.77600000e-05  -1.23526061e-02   1.28711554e-02  -1.38953320e-02   9.65146099e-15  -2.73688682e-14  -3.39315140e-14
  7.78400000e-05  -1.11558892e-02   1.14808237e-02  -1.37061766e-02   1.00562806e-14  -2.70539765e-14  -3.08465809e-14
  7.79200000e-05  -1.00568492e-02   1.02195784e-02  -1.35440544e-02   1.02055722e-14  -2.70377599e-14  -2.79790968e-14
  7.80000000e-05  -9.01534891e-03   9.05325709e-03  -1.34048473e-02   1.01424142e-14  -2.73276467e-14  -2.52775438e-14
  7.80800000e-05  -8.05284647e-03   7.99320552e-03  -1.32215041e-02   1.00271188e-14  -2.75853451e-14  -2.27842595e-14
  7.81600000e-05  -7.14828336e-03   7.01542442e-03  -1.31122044e-02   9.79863093e-15  -2.82271593e-14  -2.04442278e-14
  7.82400000e-05  -6.31991022e-03   6.12828192e-03  -1.29741362e-02   9.60402512e-15  -2.88029043e-14  -1.82832129e-14
  7.83200000e-05  -5.53538698e-03   5.31282549e-03  -1.28345163e-02   9.41551306e-15  -2.94471088e-14  -1.62503872e-14
  7.84000000e-05  -4.81449748e-03   4.56947113e-03  -1.27491741e-02   9.26776687e-15  -3.02652258e-14  -1.43472600e-14
  7.84800000e-05  -4.13821315e-03   3.88714037e-03  -1.25620282e-02   9.19036024e-15  -3.07500768e-14  -1.25426828e-14
  7.85600000e-05  -3.51716120e-03   3.26507880e-03  -1.24308461e-02   9.17096511e-15  -3.13774106e-14  -1.08363887e-14
  7.86400000e-05  -2.93356793e-03   2.70464338e-03  -1.22998727e-02   9.24352221e-15  -3.19844303e-14  -9.23773609e-15
  7.87200000e-05  -2.40843694e-03   2.19650764e-03  -1.21072682e-02   9.37712748e-15  -3.22932048e-14  -7.72399600e-15
  7.88000000e-05  -1.92352912e-03   1.73602244e-03  -1.19484718e-02   9.58728163e-15  -3.26469737e-14  -6.28677001e-15
  7.88800000e-05  -1.47725508e-03   1.32374393e-03  -1.18180014e-02   9.89158278e-15  -3.30143287e-14  -4.93441371e-15
  7.89600000e-05  -1.07422902e-03   9.49837270e-04  -1.16693610e-02   1.02536501e-14  -3.32204901e-14  -3.64791422e-15
  7.90400000e-05  -7.12004286e-04   6.24953477e-04  -1.14477402e-02   1.06446482e-14  -3.30978656e-14  -2.46892931e-15
  7.91200000e-05  -3.88856696e-04   3.38771694e-04  -1.12553322e-02   1.11091568e-14  -3.29592598e-14  -1.37583983e-15
  7.92000000e-05  -9.55604907e-05   8.06484387e-05  -1.11458812e-02   1.16831624e-14  -3.29813735e-14  -3.38810806e-16
  7.92800000e-05   1.59917744e-04  -1.42164086e-04  -1.09294333e-02   1.21930621e-14  -3.25695315e-14   6.02053604e-16
  7.93600000e-05   3.79074345e-04  -3.27143430e-04  -1.07948451e-02   1.28482400e-14  -3.22849365e-14   1.42959375e-15
  7.94400000e-05   5.68957403e-04  -4.93880092e-04  -1.06430569e-02   1.34917576e-14  -3.18483539e-14   2.19913354e-15
  7.95200000e-05   7.22296159e-04  -6.31368555e-04  -1.04663600e-02   1.41226992e-14  -3.12242717e-14   2.85818516e-15
  7.96000000e-05   8.49177557e-04  -7.39377395e-04  -1.01965582e-02   1.46145115e-14  -3.02624919e-14   3.41151563e-15
  7.96800000e-05   9.43971430e-04  -8.25304602e-04  -1.00632611e-02   1.53140322e-14  -2.95795475e-14   3.86238069e-15
  7.97600000e-05   1.01308811e-03  -8.97720607e-04  -9.81278416e-03   1.57769348e-14  -2.85044178e-14   4.23655791e-15
  7.98400000e-05   1.05666038e-03  -9.47337764e-04  -9.72219477e-03   1.65309158e-14  -2.77720142e-14   4.50279415e-15
  7.99200000e-05   1.07563776e-03  -9.82757762e-04  -9.43304248e-03   1.68550874e-14  -2.64675386e-14   4.67941785e-15
  8.00000000e-05   1.06422438e-03  -9.97345362e-04  -9.16630177e-03   1.71862316e-14  -2.51536423e-14   4.73221112e-15
  8.00800000e-05   1.03115038e-03  -9.94175024e-04  -9.00542350e-03   1.77127511e-14  -2.40508015e-14   4.68331291e-15
  8.01600000e-05   9.77831106e-04  -9.79276273e-04  -8.75405405e-03   1.79847642e-14  -2.26960326e-14   4.54780697e-15
  8.02400000e-05   8.97742954e-04  -9.55452439e-04  -8.52455318e-03   1.82442700e-14  -2.13451527e-14   4.31376780e-15
  8.03200000e-05   8.00103193e-04  -9.17658276e-04  -8.19425030e-03   1.81997024e-14  -1.97628744e-14   3.99026195e-15
  8.04000000e-05   6.88521142e-04  -8.76874835e-04  -7.89828574e-03   1.81518166e-14  -1.82657082e-14   3.61023268e-15
  8.04800000e-05   5.51212049e-04  -8.21181612e-04  -7.60675210e-03   1.80651258e-14  -1.67566673e-14   3.11801697e-15
  8.05600000e-05   3.94154976e-04  -7.56220660e-04  -7.27681507e-03   1.78128247e-14  -1.51704904e-14   2.54139367e-15
  8.06400000e-05   2.28994747e-04  -6.91666258e-04  -6.93985990e-03   1.74550832e-14  -1.36074020e-14   1.93215762e-15
  8.07200000e-05   4.67312744e-05  -6.15107848e-04  -6.53733916e-03   1.68621100e-14  -1.19419033e-14   1.24416771e-15
  8.08000000e-05  -1.65011359e-04  -5.33175217e-04  -6.12434050e-03   1.61723569e-14  -1.02499032e-14   4.56599656e-16
  8.08800000e-05  -3.70239379e-04  -4.47772724e-04  -5.68918568e-03   1.53541374e-14  -8.60668749e-15  -3.21815196e-16
  8.09600000e-05  -5.93835131e-04  -3.57764295e-04  -5.19078858e-03   1.42956540e-14  -6.88175532e-15  -1.16113672e-15
  8.10400000e-05  -8.34391702e-04  -2.64654396e-04  -4.67719236e-03   1.31397501e-14  -5.16035971e-15  -2.05208293e-15
  8.11200000e-05  -1.08478417e-03  -1.66730510e-04  -4.14589327e-03   1.18930368e-14  -3.45314470e-15  -2.97297414e-15
  8.12000000e-05  -1.33173009e-03  -7.44990103e-05  -3.50473502e-03   1.02631106e-14  -1.65296303e-15  -3.86464283e-15
  8.12800000e-05  -1.60622884e-03   1.76318941e-05  -2.86113945e-03   8.59601265e-15   1.64255228e-16  -4.82474467e-15
  8.13600000e-05  -1.87270495e-03   1.13967808e-04  -2.16567006e-03   6.76966051e-15   1.98750019e-15  -5.74929023e-15
  8.14400000e-05  -2.15091717e-03   2.16789513e-04  -1.42009842e-03   4.81201846e-15   3.87926514e-15  -6.69620429e-15
  8.15200000e-05  -2.42786193e-03   3.17147645e-04  -6.11922030e-04   2.68052763e-15   5.83750620e-15  -7.60979243e-15
  8.16000000e-05   3.93532157e-03  -1.34769216e-03  -2.06956027e-04  -3.09317707e-15  -1.11050916e-14   1.34985124e-14
  8.16800000e-05   6.61337602e-03  -2.02575443e-03  -9.68500477e-04  -2.47869273e-15  -1.90025956e-14   2.28209129e-14
  8.17600000e-05   6.85118055e-03  -2.05637961e-03  -1.75151777e-03   1.22977733e-16  -2.01221909e-14   2.41056108e-14
  8.18400000e-05   7.08241086e-03  -2.08286529e-03  -2.53109065e-03   2.86769542e-15  -2.11237455e-14   2.54072740e-14
  8.19200000e-05   7.28638549e-03  -2.09579433e-03  -3.32359671e-03   5.83713400e-15  -2.19535434e-14   2.66403322e-14
  8.20000000e-05   7.48121556e-03  -2.09931362e-03  -4.10120331e-03   8.93306149e-15  -2.25924901e-14   2.78598431e-14
  8.20800000e-05   7.63666620e-03  -2.08861186e-03  -4.88558770e-03   1.22357547e-14  -2.29761441e-14   2.89481286e-14
  8.21600000e-05   7.77244500e-03  -2.06938840e-03  -5.64481443e-03   1.56158522e-14  -2.30864389e-14   2.99652297e-14
  8.22400000e-05   7.87809233e-03  -2.03509059e-03  -6.38641517e-03   1.90978577e-14  -2.28924909e-14   3.08534559e-14
  8.23200000e-05   7.94934526e-03  -1.99017388e-03  -7.10081451e-03   2.26177274e-14  -2.23619201e-14   3.15879584e-14
  8.24000000e-05   7.98546904e-03  -1.93039385e-03  -7.78820182e-03   2.61580287e-14  -2.14870464e-14   3.21463923e-14
  8.24800000e-05   7.99901393e-03  -1.86531194e-03  -8.42994357e-03   2.96013444e-14  -2.02688373e-14   3.25730852e-14
  8.25600000e-05   7.97641132e-03  -1.78686348e-03  -9.02923403e-03   3.29372904e-14  -1.86961938e-14   3.27966825e-14
  8.26400000e-05   7.93635803e-03  -1.70346415e-03  -9.58249067e-03   3.61027446e-14  -1.68071002e-14   3.28885892e-14
  8.27200000e-05   7.85928147e-03  -1.61323677e-03  -1.00777770e-02   3.90149403e-14  -1.45903495e-14   3.27618963e-14
  8.28000000e-05   7.76001835e-03  -1.51618364e-03  -1.05221675e-02   4.16654642e-14  -1.21017057e-14   3.24717484e-14
  8.28800000e-05   7.64615190e-03  -1.41763268e-03  -1.09071529e-02   4.39807578e-14  -9.38024785e-15   3.20506466e-14
  8.29600000e-05   7.50762128e-03  -1.31394031e-03  -1.12337332e-02   4.59377205e-14  -6.46214435e-15   3.14564958e-14
  8.30400000e-05   7.33714312e-03  -1.21025023e-03  -1.14907766e-02   4.74611147e-14  -3.39573699e-15   3.06627390e-14
  8.31200000e-05   7.13848909e-03  -1.10251991e-03  -1.16935094e-02   4.85993627e-14  -2.43879623e-16   2.96912493e-14
  8.32000000e-05   6.93598827e-03  -9.98033348e-04  -1.18356325e-02   4.93112117e-14   2.92222582e-15   2.86512366e-14
  8.32800000e-05   6.70329529e-03  -8.94094201e-04  -1.19245352e-02   4.96259757e-14   6.06366592e-15   2.74422504e-14
  8.33600000e-05   6.44261419e-03  -7.90996084e-04  -1.19594573e-02   4.95437996e-14   9.12088191e-15   2.60862175e-14
  8.34400000e-05   6.15497477e-03  -6.88905356e-04  -1.19474920e-02   4.91036529e-14   1.20453180e-14   2.46021224e-14
  8.35200000e-05   5.84452669e-03  -5.92118867e-04  -1.18935798e-02   4.83402222e-14   1.47948081e-14   2.30179172e-14
  8.36000000e-05   5.48966488e-03  -4.97379271e-04  -1.17996523e-02   4.72811805e-14   1.73321412e-14   2.12664900e-14
  8.36800000e-05   5.10382225e-03  -4.05373475e-04  -1.16758074e-02   4.59887459e-14   1.96345382e-14   1.94212749e-14
  8.37600000e-05   4.67022054e-03  -3.21488380e-04  -1.15260397e-02   4.45020857e-14   2.16818983e-14   1.74269811e-14
  8.38400000e-05   4.20255402e-03  -2.43548066e-04  -1.13584171e-02   4.28759111e-14   2.34720669e-14   1.53605696e-14
  8.39200000e-05   3.69242239e-03  -1.72522975e-04  -1.11798057e-02   4.11576348e-14   2.50105330e-14   1.32074281e-14
  8.40000000e-05   3.13180120e-03  -1.07898594e-04  -1.09998836e-02   3.94013626e-14   2.63165983e-14   1.09599078e-14
  8.40800000e-05   2.52945354e-03  -5.38230608e-05  -1.08219574e-02   3.76351872e-14   2.74097920e-14   8.66027976e-15
  8.41600000e-05   1.86991489e-03  -7.66039922e-06  -1.06570599e-02   3.59076674e-14   2.83284865e-14   6.28008805e-15
  8.42400000e-05   1.16174315e-03   2.62599737e-05  -1.05057815e-02   3.42284328e-14   2.91010649e-14   3.85776542e-15
  8.43200000e-05   4.05711551e-04   4.82161631e-05  -1.03765694e-02   3.26274158e-14   2.97795416e-14   1.41406800e-15
  8.44000000e-05  -4.03839862e-04   5.66637549e-05  -1.02770591e-02   3.11257646e-14   3.04183519e-14  -1.05538037e-15
  8.44800000e-05  -1.26710019e-03   5.17643762e-05  -1.02138342e-02   2.97335600e-14   3.10775272e-14  -3.53116078e-15
  8.45600000e-05  -2.19200296e-03   3.08860665e-05  -1.01860697e-02   2.84351712e-14   3.17951021e-14  -6.02273060e-15
  8.46400000e-05  -3.17294578e-03  -3.70698990e-06  -1.02061491e-02   2.72448221e-14   3.26599320e-14  -8.48188796e-15
  8.47200000e-05  -4.21281075e-03  -5.56637250e-05  -1.02755149e-02   2.61404833e-14   3.37269474e-14  -1.08999187e-14
  8.48000000e-05  -5.31640492e-03  -1.25523823e-04  -1.04085292e-02   2.51239793e-14   3.50976508e-14  -1.32559400e-14
  8.48800000e-05  -6.48556663e-03  -2.09099142e-04  -1.06031288e-02   2.41450367e-14   3.68209726e-14  -1.54948110e-14
  8.49600000e-05  -7.74338161e-03  -3.15221093e-04  -1.08642697e-02   2.31663357e-14   3.89665092e-14  -1.76421286e-14
  8.50400000e-05  -9.06909292e-03  -4.40541707e-04  -1.12186060e-02   2.21767665e-14   4.16946433e-14  -1.95649428e-14
  8.51200000e-05  -1.04735742e-02  -5.83823948e-04  -1.16616351e-02   2.10820767e-14   4.50411431e-14  -2.11892064e-14
  8.52000000e-05  -1.19769083e-02  -7.45596759e-04  -1.22136903e-02   1.98179411e-14   4.91300651e-14  -2.24329318e-14
  8.52800000e-05  -1.35710390e-02  -9.29685936e-04  -1.28872042e-02   1.82744500e-14   5.40432940e-14  -2.31428446e-14
  8.53600000e-05  -1.52709202e-02  -1.12948078e-03  -1.37041381e-02   1.63223712e-14   5.98776843e-14  -2.31235499e-14
  8.54400000e-05  -1.70682108e-02  -1.34755367e-03  -1.46741711e-02   1.37732685e-14   6.66346572e-14  -2.21395012e-14
  8.55200000e-05  -1.90109376e-02  -1.57086435e-03  -1.58189534e-02   1.04135236e-14   7.43201769e-14  -1.98949802e-14
  8.56000000e-05  -2.10740551e-02  -1.80245273e-03  -1.71597829e-02   5.96775571e-15   8.28190133e-14  -1.60283012e-14
  8.56800000e-05  -2.32567174e-02  -2.03964476e-03  -1.87356037e-02   1.07130941e-16   9.19574641e-14  -1.01438992e-14
  8.57600000e-05  -2.55990108e-02  -2.25383924e-03  -2.05212867e-02  -7.53703712e-15   1.01114631e-13  -1.70337410e-15
  8.58400000e-05  -2.81012723e-02  -2.44020055e-03  -2.25440213e-02  -1.73337453e-14   1.09608317e-13   9.74245093e-15
  8.59200000e-05  -3.07298592e-02  -2.58842392e-03  -2.48192485e-02  -2.96255859e-14   1.16359545e-13   2.45455560e-14
  8.60000000e-05  -3.35657381e-02  -2.66045522e-03  -2.72445071e-02  -4.44393613e-14   1.19495343e-13   4.30812695e-14
  8.60800000e-05  -3.65678028e-02  -2.64640524e-03  -2.98020829e-02  -6.15423918e-14   1.17086540e-13   6.51166438e-14
  8.61600000e-05  -3.97748513e-02  -2.50615018e-03  -3.23371752e-02  -7.99256826e-14   1.06508381e-13   9.00544382e-14
  8.62400000e-05  -4.32078757e-02  -2.24246980e-03  -3.46703719e-02  -9.77320314e-14   8.52146711e-14   1.16286671e-13
  8.63200000e-05  -4.69487081e-02  -1.81074756e-03  -3.65241128e-02  -1.12048855e-13   5.10341639e-14   1.41499372e-13
  8.64000000e-05  -5.09228003e-02  -1.23378182e-03  -3.76484629e-02  -1.19525924e-13   3.51425566e-15   1.61553977e-13
  8.64800000e-05  -5.51805203e-02  -5.19135557e-04  -3.77120538e-02  -1.16891811e-13  -5.58882953e-14   1.71806197e-13
  8.65600000e-05  -5.95969153e-02   2.70843591e-04  -3.65178294e-02  -1.02683809e-13  -1.22509892e-13   1.66670839e-13
  8.66400000e-05  -6.41177676e-02   1.06439459e-03  -3.38949821e-02  -7.80102739e-14  -1.89476753e-13   1.41618797e-13
  8.67200000e-05  -6.85220994e-02   1.72176376e-03  -2.99345325e-02  -4.72333773e-14  -2.47703299e-13   9.38729744e-14
  8.68000000e-05  -7.26107106e-02   2.11847255e-03  -2.49015863e-02  -1.67829351e-14  -2.87924866e-13   2.44426163e-14
  8.68800000e-05  -7.62495866e-02   2.13589357e-03  -1.92118017e-02   6.99029312e-15  -3.02321207e-13  -6.13546247e-14
  8.69600000e-05  -7.93543887e-02   1.70806626e-03  -1.34375120e-02   1.99797632e-14  -2.85542456e-13  -1.54285059e-13
  8.70400000e-05  -8.19434847e-02   7.93821074e-04  -8.31124003e-03   2.23268579e-14  -2.35600924e-13  -2.42631125e-13
  8.71200000e-05  -8.41182896e-02  -5.46837549e-04  -4.34458341e-03   1.72158299e-14  -1.54610740e-13  -3.13866504e-13
  8.72000000e-05  -6.59600322e-02  -1.60822613e-03  -2.28315393e-03   1.04316287e-14  -4.06206719e-14  -2.72755739e-13
  8.72800000e-05  -5.31526399e-02  -2.42661145e-03  -1.98489573e-03   7.68976882e-15   1.38955113e-14  -2.22908696e-13
  8.73600000e-05  -8.92357374e-02  -5.91790862e-03  -3.44301752e-03   5.47851007e-15   1.24420859e-13  -3.55847786e-13
  8.74400000e-05  -9.05072142e-02  -7.61919610e-03  -7.14398869e-03   2.94426176e-15   2.44669150e-13  -2.98245036e-13
  8.75200000e-05  -9.12886847e-02  -8.92742868e-03  -1.31026316e-02  -4.80113372e-15   3.40765599e-13  -1.98728887e-13
  8.76000000e-05  -9.13458524e-02  -9.61691943e-03  -2.06508848e-02  -2.60245022e-14   3.94978832e-13  -6.88226817e-14
  8.76800000e-05  -9.05438912e-02  -9.51446566e-03  -2.88046831e-02  -6.43139433e-14   3.94116212e-13   7.19823758e-14
  8.77600000e-05  -8.88828962e-02  -8.66536811e-03  -3.63198914e-02  -1.14175161e-13   3.33932489e-13   1.99740989e-13
  8.78400000e-05  -8.65922184e-02  -7.20497868e-03  -4.20739788e-02  -1.60707223e-13   2.23180579e-13   2.92531964e-13
  8.79200000e-05  -8.39868270e-02  -5.43195397e-03  -4.52144954e-02  -1.86770967e-13   8.29625208e-14   3.36963891e-13
  8.80000000e-05  -8.14257950e-02  -3.59507648e-03  -4.52278537e-02  -1.81551047e-13  -5.85206891e-14   3.31506439e-13
  8.80800000e-05  -7.89431181e-02  -1.98833242e-03  -4.25341401e-02  -1.48666381e-13  -1.76041712e-13   2.84153321e-13
  8.81600000e-05  -7.64803301e-02  -7.21252883e-04  -3.77357313e-02  -1.00740319e-13  -2.54094868e-13   2.09030518e-13
  8.82400000e-05  -7.37911465e-02   1.04049448e-04  -3.18394766e-02  -5.29539904e-14  -2.89514488e-13   1.21780012e-13
  8.83200000e-05  -7.08166639e-02   4.53415759e-04  -2.56834564e-02  -1.51503006e-14  -2.88377882e-13   3.66827055e-14
  8.84000000e-05  -6.75152391e-02   4.20556119e-04  -1.99887629e-02   9.18274389e-15  -2.61247772e-13  -3.65127397e-14
  8.84800000e-05  -6.40646916e-02   1.17786403e-04  -1.49402457e-02   2.12594403e-14  -2.18588823e-13  -9.28851045e-14
  8.85600000e-05  -6.04897103e-02  -3.96321733e-04  -1.09495012e-02   2.48802678e-14  -1.69769215e-13  -1.31304334e-13
  8.86400000e-05  -5.69085179e-02  -1.01203585e-03  -7.98506027e-03   2.36844989e-14  -1.21030718e-13  -1.53456864e-13
  8.87200000e-05  -5.33991906e-02  -1.64897569e-03  -5.96695131e-03   2.04922151e-14  -7.63388262e-14  -1.62291727e-13
  8.88000000e-05  -5.00273797e-02  -2.24092305e-03  -4.76099521e-03   1.70326328e-14  -3.78175305e-14  -1.61174666e-13
  8.88800000e-05  -4.67898780e-02  -2.77469623e-03  -4.28867734e-03   1.44056990e-14  -6.44237065e-15  -1.52999450e-13
  8.89600000e-05  -4.36912160e-02  -3.21824033e-03  -4.40854064e-03   1.28544625e-14   1.77870576e-14  -1.40379816e-13
  8.90400000e-05  -4.07623982e-02  -3.56285104e-03  -4.88246704e-03   1.19108603e-14   3.56833560e-14  -1.25479539e-13
  8.91200000e-05  -3.79443216e-02  -3.81430776e-03  -5.70682446e-03   1.16912688e-14   4.77189459e-14  -1.09628746e-13
  8.92000000e-05  -3.52651450e-02  -3.97214820e-03  -6.71832415e-03   1.17221781e-14   5.49997780e-14  -9.40489868e-14
  8.92800000e-05  -3.26777966e-02  -4.04911402e-03  -7.89233575e-03   1.19456925e-14   5.82277636e-14  -7.93338985e-14
  8.93600000e-05  -3.02088260e-02  -4.04391858e-03  -9.07346367e-03   1.20019653e-14   5.85267475e-14  -6.60434321e-14
  8.94400000e-05  -2.78264473e-02  -3.97990491e-03  -1.02906287e-02   1.20137073e-14   5.63959060e-14  -5.42968902e-14
  8.95200000e-05  -2.55182793e-02  -3.85972511e-03  -1.14982800e-02   1.19675243e-14   5.24604492e-14  -4.41695227e-14
  8.96000000e-05  -2.33143690e-02  -3.69927351e-03  -1.26355076e-02   1.18112889e-14   4.74182394e-14  -3.56761119e-14
  8.96800000e-05  -2.11910734e-02  -3.50851110e-03  -1.37056125e-02   1.16499696e-14   4.15800815e-14  -2.86568397e-14
  8.97600000e-05  -1.91412182e-02  -3.28845603e-03  -1.47105619e-02   1.15950148e-14   3.52313770e-14  -2.29630618e-14
  8.98400000e-05  -1.71904334e-02  -3.05223441e-03  -1.56172625e-02   1.16482190e-14   2.87771911e-14  -1.84457849e-14
  8.99200000e-05  -1.53381942e-02  -2.80227468e-03  -1.64382943e-02   1.19041363e-14   2.23880181e-14  -1.49240138e-14
  9.00000000e-05  -1.35578427e-02  -2.54919462e-03  -1.71751959e-02   1.23877559e-14   1.61189286e-14  -1.21711294e-14
  9.00800000e-05  -1.18626184e-02  -2.29484210e-03  -1.78324690e-02   1.31379478e-14   1.01260290e-14  -1.00428101e-14
  9.01600000e-05  -1.02639118e-02  -2.04414298e-03  -1.83973212e-02   1.41448616e-14   4.56535674e-15  -8.39871478e-15
  9.02400000e-05  -8.76051841e-03  -1.79348813e-03  -1.88898127e-02   1.54513291e-14  -5.32655545e-16  -7.11528185e-15
  9.03200000e-05  -7.34515926e-03  -1.55276995e-03  -1.93068944e-02   1.70073777e-14  -5.13381474e-15  -6.05743535e-15
  9.04000000e-05  -6.00328596e-03  -1.31788768e-03  -1.96572400e-02   1.88169116e-14  -9.26505724e-15  -5.12549047e-15
  9.04800000e-05  -4.75989191e-03  -1.08931834e-03  -1.99387425e-02   2.08424857e-14  -1.27961352e-14  -4.27654423e-15
  9.05600000e-05  -3.59238574e-03  -8.69751999e-04  -2.01664926e-02   2.30516438e-14  -1.58102992e-14  -3.42446050e-15
  9.06400000e-05  -2.51241448e-03  -6.59776305e-04  -2.03323715e-02   2.53861620e-14  -1.82333843e-14  -2.54523217e-15
  9.07200000e-05  -1.50695050e-03  -4.55516050e-04  -2.04477789e-02   2.78226921e-14  -2.01200558e-14  -1.60224793e-15
  9.08000000e-05  -5.77233026e-04  -2.59912464e-04  -2.05181483e-02   3.03068794e-14  -2.14655273e-14  -5.80704138e-16
  9.08800000e-05   2.88195495e-04  -6.63553262e-05  -2.05487591e-02   3.28196891e-14  -2.23180812e-14   5.32363538e-16
  9.09600000e-05   1.09223091e-03   1.20164429e-04  -2.05354529e-02   3.52826608e-14  -2.26886165e-14   1.74383532e-15
  9.10400000e-05   1.83048293e-03   3.01740453e-04  -2.04863500e-02   3.76682106e-14  -2.25777364e-14   3.03316110e-15
  9.11200000e-05   2.52113834e-03   4.83794457e-04  -2.04057471e-02   3.99579711e-14  -2.20714263e-14   4.41353795e-15
  9.12000000e-05   3.16411320e-03   6.61087014e-04  -2.02972064e-02   4.20972204e-14  -2.11871018e-14   5.87242652e-15
  9.12800000e-05   3.74379891e-03   8.33736710e-04  -2.01613992e-02   4.40497274e-14  -1.98865169e-14   7.35728709e-15
  9.13600000e-05   4.30450629e-03   1.01112475e-03  -2.00071576e-02   4.58371890e-14  -1.83593990e-14   8.93394400e-15
  9.14400000e-05   4.82947213e-03   1.18955874e-03  -1.98328930e-02   4.74163350e-14  -1.65631830e-14   1.05528220e-14
  9.15200000e-05   5.33200863e-03   1.37173589e-03  -1.96377675e-02   4.87755203e-14  -1.45687350e-14   1.22257807e-14
  9.16000000e-05   5.82696535e-03   1.56426940e-03  -1.94288943e-02   4.99367754e-14  -1.24492428e-14   1.39743357e-14
  9.16800000e-05   6.29569029e-03   1.75540455e-03  -1.92098730e-02   5.08544234e-14  -1.01537637e-14   1.57387681e-14
  9.17600000e-05   6.74014018e-03   1.95309404e-03  -1.89914618e-02   5.15691329e-14  -7.69954195e-15   1.75102506e-14
  9.18400000e-05   7.17237290e-03   2.15631278e-03  -1.87601209e-02   5.20359961e-14  -5.15557694e-15   1.93018230e-14
  9.19200000e-05   7.57077099e-03   2.36140849e-03  -1.85341779e-02   5.22785241e-14  -2.44722268e-15   2.10427376e-14
  9.20000000e-05   7.97246349e-03   2.57610459e-03  -1.83051520e-02   5.22993794e-14   2.80230883e-16   2.28174448e-14
  9.20800000e-05   8.39833673e-03   2.81028247e-03  -1.80795732e-02   5.21449398e-14   2.96717090e-15   2.46836221e-14
  9.21600000e-05   8.81616057e-03   3.04974149e-03  -1.78571525e-02   5.17664494e-14   5.71528720e-15   2.65334284e-14
  9.22400000e-05   9.23673810e-03   3.30517638e-03  -1.76454703e-02   5.12109997e-14   8.50571535e-15   2.84002338e-14
  9.23200000e-05   9.65035483e-03   3.56642615e-03  -1.74371554e-02   5.04233907e-14   1.13514348e-14   3.02278470e-14
  9.24000000e-05   1.00700757e-02   3.84395970e-03  -1.72522957e-02   4.94738443e-14   1.42623138e-14   3.20553928e-14
  9.24800000e-05   1.05027379e-02   4.14084190e-03  -1.70724617e-02   4.83170091e-14   1.71864384e-14   3.38924297e-14
  9.25600000e-05   1.09444984e-02   4.44620833e-03  -1.69115088e-02   4.69460898e-14   2.01771088e-14   3.56865280e-14
  9.26400000e-05   1.14130443e-02   4.78042907e-03  -1.67644170e-02   4.53860248e-14   2.31911944e-14   3.75113892e-14
  9.27200000e-05   1.18799582e-02   5.12575727e-03  -1.66374720e-02   4.35896655e-14   2.63249494e-14   3.92354503e-14
  9.28000000e-05   1.23614847e-02   5.49143355e-03  -1.65304408e-02   4.15569717e-14   2.95477888e-14   4.08921696e-14
  9.28800000e-05   1.28663543e-02   5.87988775e-03  -1.64403079e-02   3.92646705e-14   3.28425317e-14   4.24750903e-14
  9.29600000e-05   1.33916590e-02   6.29615302e-03  -1.63764950e-02   3.67111027e-14   3.62576889e-14   4.39597441e-14
  9.30400000e-05   1.39392920e-02   6.73354090e-03  -1.63343393e-02   3.38467106e-14   3.97806297e-14   4.52827423e-14
  9.31200000e-05   1.45173027e-02   7.19820505e-03  -1.63236389e-02   3.06637079e-14   4.34401152e-14   4.64262406e-14
  9.32000000e-05   1.51245548e-02   7.69594432e-03  -1.63379389e-02   2.71250157e-14   4.72155631e-14   4.73512684e-14
  9.32800000e-05   1.57709246e-02   8.22428560e-03  -1.63783180e-02   2.31912657e-14   5.10950138e-14   4.79883031e-14
  9.33600000e-05   1.64628804e-02   8.79147749e-03  -1.64468392e-02   1.88365845e-14   5.50678968e-14   4.82908968e-14
  9.34400000e-05   1.71969142e-02   9.39258601e-03  -1.65498447e-02   1.40254760e-14   5.91417114e-14   4.81387308e-14
  9.35200000e-05   1.79842795e-02   1.00363046e-02  -1.66800144e-02   8.72651909e-15   6.32431438e-14   4.74620461e-14
  9.36000000e-05   1.88371002e-02   1.07239193e-02  -1.68350021e-02   2.91774187e-15   6.73065214e-14   4.61390793e-14
  9.36800000e-05   1.97573684e-02   1.14571180e-02  -1.70233722e-02  -3.40780484e-15   7.12974197e-14   4.40296840e-14
  9.37600000e-05   2.07585236e-02   1.22369689e-02  -1.72346501e-02  -1.02409422e-14   7.50740788e-14   4.09693449e-14
  9.38400000e-05   2.18727575e-02   1.30765041e-02  -1.74848684e-02  -1.75586227e-14   7.85845945e-14   3.68064696e-14
  9.39200000e-05   2.30775742e-02   1.39605378e-02  -1.77445066e-02  -2.52658783e-14   8.15388197e-14   3.12914081e-14
  9.40000000e-05   2.44044301e-02   1.49042261e-02  -1.80127051e-02  -3.32289309e-14   8.37360855e-14   2.42655629e-14
  9.40800000e-05   2.58701308e-02   1.58970615e-02  -1.82858228e-02  -4.12409714e-14   8.49154788e-14   1.54763211e-14
  9.41600000e-05   2.74775704e-02   1.69363042e-02  -1.85447701e-02  -4.89869726e-14   8.46938004e-14   4.76452276e-15
  9.42400000e-05   2.92489750e-02   1.80127939e-02  -1.87636840e-02  -5.60214522e-14   8.26245893e-14  -8.00857442e-15
  9.43200000e-05   3.11697870e-02   1.91042161e-02  -1.89195425e-02  -6.17797904e-14   7.82143709e-14  -2.28038634e-14
  9.44000000e-05   3.32806376e-02   2.02177061e-02  -1.89886312e-02  -6.56156942e-14   7.09782618e-14  -3.94296195e-14
  9.44800000e-05   3.55252299e-02   2.12947209e-02  -1.89105641e-02  -6.66713546e-14   6.03028685e-14  -5.73426810e-14
  9.45600000e-05   3.78944295e-02   2.23149200e-02  -1.86505327e-02  -6.41941167e-14   4.57952200e-14  -7.56376656e-14
  9.46400000e-05   4.03166801e-02   2.32346646e-02  -1.81593919e-02  -5.75250976e-14   2.72269810e-14  -9.28781757e-14
  9.47200000e-05   4.27970003e-02   2.40447864e-02  -1.73882810e-02  -4.62916840e-14   4.67253323e-15  -1.07474404e-13
  9.48000000e-05   4.52065574e-02   2.47022133e-02  -1.63046191e-02  -3.06585930e-14  -2.12750730e-14  -1.17237380e-13
  9.48800000e-05   4.74572711e-02   2.51941489e-02  -1.48924386e-02  -1.14218461e-14  -4.94937770e-14  -1.20128294e-13
  9.49600000e-05   4.95048394e-02   2.55428030e-02  -1.31662044e-02   9.97790944e-15  -7.84112817e-14  -1.14603197e-13
  9.50400000e-05   5.13001712e-02   2.57883633e-02  -1.11514320e-02   3.16688607e-14  -1.06136892e-13  -9.97610677e-14
  9.51200000e-05   5.27003107e-02   2.59256158e-02  -8.91928169e-03   5.13162296e-14  -1.30279420e-13  -7.54761405e-14
  9.52000000e-05   5.37629044e-02   2.60667646e-02  -6.52669929e-03   6.70536358e-14  -1.49053885e-13  -4.29549905e-14
  9.52800000e-05   5.45101596e-02   2.62746908e-02  -4.07837439e-03   7.72106940e-14  -1.60819323e-13  -4.09739986e-15
  9.53600000e-05   5.50248873e-02   2.66254887e-02  -1.61541583e-03   8.08207219e-14  -1.64676609e-13   3.87243529e-14
  9.54400000e-05   5.52578130e-02   2.71458955e-02   7.61954566e-04   7.72609771e-14  -1.59596277e-13   8.28280841e-14
  9.55200000e-05   5.53977386e-02   2.79226373e-02   3.02348308e-03   6.66652700e-14  -1.45864199e-13   1.25619334e-13
  9.56000000e-05   5.54577648e-02   2.89749453e-02   5.11632885e-03   4.93363592e-14  -1.23485979e-13   1.64554567e-13
  9.56800000e-05   5.56132467e-02   3.03404061e-02   7.06235080e-03   2.58297932e-14  -9.32946350e-14   1.97401472e-13
  9.57600000e-05   5.58678611e-02   3.20315245e-02   8.79945887e-03  -3.03638375e-15  -5.56229143e-14   2.21754887e-13
  9.58400000e-05   5.63494101e-02   3.40462831e-02   1.03388922e-02  -3.62353453e-14  -1.14604426e-14   2.35230793e-13
  9.59200000e-05   5.71429607e-02   3.63922089e-02   1.16702116e-02  -7.22877669e-14   3.80608056e-14   2.35267392e-13
  9.60000000e-05   5.84188965e-02   3.90513101e-02   1.28040699e-02  -1.09132478e-13   9.14042500e-14   2.19144636e-13
  9.60800000e-05   6.02281331e-02   4.19677535e-02   1.36991374e-02  -1.43613102e-13   1.46140568e-13   1.83687309e-13
  9.61600000e-05   6.27574652e-02   4.50726305e-02   1.43848280e-02  -1.71445428e-13   1.98422517e-13   1.26247994e-13
  9.62400000e-05   6.60552586e-02   4.82109507e-02   1.48850935e-02  -1.86734173e-13   2.41888110e-13   4.52209654e-14
  9.63200000e-05   7.00588055e-02   5.11128028e-02   1.52400137e-02  -1.82322283e-13   2.67021168e-13  -5.74093282e-14
  9.64000000e-05   7.47868550e-02   5.35110390e-02   1.56789693e-02  -1.51613786e-13   2.62740290e-13  -1.73531029e-13
  9.64800000e-05   7.98031417e-02   5.50249209e-02   1.63329346e-02  -9.14423026e-14   2.17531578e-13  -2.86064626e-13
  9.65600000e-05   8.45985344e-02   5.53478057e-02   1.75733447e-02  -6.04330143e-15   1.26650401e-13  -3.69796841e-13
  9.66400000e-05   8.84410074e-02   5.44170400e-02   1.95618093e-02   8.92226805e-14  -1.97581939e-15  -3.97888835e-13
  9.67200000e-05   9.08044276e-02   5.25069092e-02   2.23748482e-02   1.71570059e-13  -1.45494081e-13  -3.54857221e-13
  9.68000000e-05   9.13453943e-02   5.01826408e-02   2.58259467e-02   2.19204180e-13  -2.73017577e-13  -2.44813844e-13
  9.68800000e-05   9.02547633e-02   4.80956833e-02   2.95355867e-02   2.20409175e-13  -3.57474826e-13  -9.14145332e-14
  9.69600000e-05   8.79912592e-02   4.68403390e-02   3.30424836e-02   1.76849719e-13  -3.84247634e-13   7.37553511e-14
  9.70400000e-05   8.53217735e-02   4.67600797e-02   3.61333677e-02   9.94578342e-14  -3.53096897e-13   2.22091677e-13
  9.71200000e-05   8.26833156e-02   4.78885816e-02   3.85559863e-02   2.13678046e-15  -2.71504779e-13   3.32641022e-13
  9.72000000e-05   8.06258519e-02   5.01780527e-02   4.02251976e-02  -1.00973773e-13  -1.52253573e-13   3.92313406e-13
  9.72800000e-05   7.95621781e-02   5.34229327e-02   4.10755483e-02  -1.96678427e-13  -9.54813644e-15   3.93378886e-13
  9.73600000e-05   7.98928932e-02   5.73934560e-02   4.12188119e-02  -2.72302502e-13   1.40529560e-13   3.32119168e-13
  9.74400000e-05   8.16005647e-02   6.14962481e-02   4.04635315e-02  -3.12564881e-13   2.77958876e-13   2.07891959e-13
  9.75200000e-05   8.48750675e-02   6.52664833e-02   3.90990507e-02  -3.04163478e-13   3.77265720e-13   3.05145223e-14
  9.76000000e-05   8.92679732e-02   6.78956292e-02   3.72191917e-02  -2.37432209e-13   4.08541039e-13  -1.75797984e-13
  9.76800000e-05   9.41239734e-02   6.87616415e-02   3.53934574e-02  -1.16830149e-13   3.49037699e-13  -3.67409355e-13
  9.77600000e-05   9.81137027e-02   6.73321413e-02   3.39686715e-02   3.30908365e-14   1.98153991e-13  -4.88355779e-13
  9.78400000e-05   1.00303556e-01   6.39515547e-02   3.35887913e-02   1.71455385e-13  -7.40227737e-15  -4.97910081e-13
  9.79200000e-05   9.99405367e-02   5.94726737e-02   3.41327300e-02   2.58568262e-13  -2.08548242e-13  -3.93713874e-13
  9.80000000e-05   9.72269619e-02   5.50654086e-02   3.53219204e-02   2.77108460e-13  -3.51623988e-13  -2.14600311e-13
  9.80800000e-05   9.28877591e-02   5.15825701e-02   3.65988309e-02   2.34618250e-13  -4.11954327e-13  -1.48502154e-14
  9.81600000e-05   8.80066207e-02   4.95608568e-02   3.75961555e-02   1.53180096e-13  -3.94513794e-13   1.61494679e-13
  9.82400000e-05   8.32340993e-02   4.89894494e-02   3.79690548e-02   5.49192460e-14  -3.18167748e-13   2.90123336e-13
  9.83200000e-05   7.90997946e-02   4.96396283e-02   3.76590829e-02  -4.33629488e-14  -2.05624497e-13   3.62120447e-13
  9.84000000e-05   7.59611455e-02   5.12349650e-02   3.66579622e-02  -1.30539106e-13  -7.69620486e-14   3.78063784e-13
  9.84800000e-05   7.39643886e-02   5.34280953e-02   3.49643744e-02  -1.99214893e-13   5.16229679e-14   3.42539831e-13
  9.85600000e-05   7.31333446e-02   5.58473014e-02   3.26381216e-02  -2.43973342e-13   1.66239737e-13   2.62225438e-13
  9.86400000e-05   7.33339231e-02   5.80432240e-02   2.96647425e-02  -2.59927203e-13   2.53540295e-13   1.46476422e-13
  9.87200000e-05   7.43568300e-02   5.96446724e-02   2.61891359e-02  -2.44848584e-13   3.01140401e-13   9.34524951e-15
  9.88000000e-05   7.58663809e-02   6.02818974e-02   2.24601366e-02  -2.00150841e-13   3.00297916e-13  -1.29910530e-13
  9.88800000e-05   7.74165268e-02   5.97076465e-02   1.87293401e-02  -1.32335532e-13   2.49529562e-13  -2.48479954e-13
  9.89600000e-05   7.84247009e-02   5.78270404e-02   1.53490905e-02  -5.29514531e-14   1.58086946e-13  -3.25035435e-13
  9.90400000e-05   7.83901739e-02   5.48276429e-02   1.25693284e-02   2.37358332e-14   4.56323956e-14  -3.47080819e-13
  9.91200000e-05   7.71414551e-02   5.11406932e-02   1.05217967e-02   8.54714054e-14  -6.38178295e-14  -3.16457412e-13
  9.92000000e-05   7.47373402e-02   4.72513589e-02   9.14787788e-03   1.25646693e-13  -1.50878778e-13  -2.47190923e-13
  9.92800000e-05   7.15316793e-02   4.36443638e-02   8.31719585e-03   1.44206127e-13  -2.06074123e-13  -1.58867538e-13
  9.93600000e-05   6.77964448e-02   4.05153724e-02   7.75017882e-03   1.44917453e-13  -2.29417391e-13  -6.83799803e-14
  9.94400000e-05   6.40303376e-02   3.80598689e-02   7.33274688e-03   1.33553880e-13  -2.27141604e-13   1.27482427e-14
  9.95200000e-05   6.02781208e-02   3.61825769e-02   6.87189036e-03   1.14801145e-13  -2.06257154e-13   7.90056367e-14
  9.96000000e-05   5.67428357e-02   3.48326935e-02   6.30636823e-03   9.24867597e-14  -1.73977353e-13   1.28780747e-13
  9.96800000e-05   5.36039003e-02   3.39741219e-02   5.67469730e-03   6.89803017e-14  -1.36098491e-13   1.63218134e-13
  9.97600000e-05   5.07857513e-02   3.34588147e-02   4.86877192e-03   4.57955266e-14  -9.62822610e-14   1.83974547e-13
  9.98400000e-05   4.83330299e-02   3.32129250e-02   3.94567610e-03   2.35567338e-14  -5.72451578e-14   1.93302946e-13
  9.99200000e-05   4.61738656e-02   3.31414260e-02   2.87303363e-03   2.82472010e-15  -2.06641503e-14   1.92970648e-13
  1.00000000e-04   4.43297013e-02   3.31932906e-02   1.69783394e-03  -1.62914055e-14   1.22987555e-14   1.84916183e-13
  1.00080000e-04   4.27319037e-02   3.32893277e-02   3.80751357e-04  -3.33918733e-14   4.09135088e-14   1.70492131e-13
  1.00160000e-04   4.13685222e-02   3.34032388e-02  -1.05481877e-03  -4.83774128e-14   6.46851367e-14   1.51107468e-13
  1.00240000e-04   4.02139718e-02   3.34865117e-02  -2.59079338e-03  -6.11163512e-14   8.32972386e-14   1.27992734e-13
  1.00320000e-04   3.92106798e-02   3.34858382e-02  -4.24924843e-03  -7.12937764e-14   9.64538631e-14   1.02220668e-13
  1.00400000e-04   3.83824041e-02   3.34189867e-02  -5.99394510e-03  -7.90044358e-14   1.04199466e-13   7.50524669e-14
  1.00480000e-04   3.76097397e-02   3.31862557e-02  -7.81902192e-03  -8.39277941e-14   1.06288229e-13   4.74235601e-14
  1.00560000e-04   3.68875346e-02   3.27906152e-02  -9.68888907e-03  -8.61202358e-14   1.02969057e-13   2.06066512e-14
  1.00640000e-04   3.61906268e-02   3.22282840e-02  -1.15685558e-02  -8.56719695e-14   9.46718319e-14  -4.27119795e-15
  1.00720000e-04   3.54701398e-02   3.14802067e-02  -1.34231574e-02  -8.26615266e-14   8.19750042e-14  -2.61805640e-14
  1.00800000e-04   3.46768533e-02   3.05365280e-02  -1.52044811e-02  -7.72656296e-14   6.57158736e-14  -4.42365829e-14
  1.00880000e-04   3.37687688e-02   2.93969163e-02  -1.68685154e-02  -6.97375640e-14   4.69687745e-14  -5.77534250e-14
  1.00960000e-04   3.27898284e-02   2.81396603e-02  -1.83667855e-02  -6.06097459e-14   2.71789655e-14  -6.65645224e-14
  1.01040000e-04   3.16735067e-02   2.67475920e-02  -1.96647025e-02  -5.01528355e-14   7.43998123e-15  -7.06603414e-14
  1.01120000e-04   3.04426564e-02   2.52689267e-02  -2.07514122e-02  -3.88412054e-14  -1.10802625e-14  -7.04730740e-14
  1.01200000e-04   2.90871573e-02   2.37314858e-02  -2.16058362e-02  -2.71115929e-14  -2.74628988e-14  -6.66641433e-14
  1.01280000e-04   2.76539056e-02   2.21888740e-02  -2.22258131e-02  -1.54272163e-14  -4.10008134e-14  -6.01275940e-14
  1.01360000e-04   2.61684046e-02   2.06768138e-02  -2.26292385e-02  -4.15424869e-15  -5.14105362e-14  -5.17788589e-14
  1.01440000e-04   2.46543475e-02   1.92208268e-02  -2.28368845e-02   6.41512162e-15  -5.86812585e-14  -4.24638337e-14
  1.01520000e-04   2.31675804e-02   1.78561391e-02  -2.28635506e-02   1.60329769e-14  -6.29445672e-14  -3.29127213e-14
  1.01600000e-04   2.16776160e-02   1.65600037e-02  -2.27630641e-02   2.46411009e-14  -6.47154527e-14  -2.36140358e-14
  1.01680000e-04   2.02608269e-02   1.53783734e-02  -2.25516182e-02   3.21215098e-14  -6.43182334e-14  -1.50012054e-14
  1.01760000e-04   1.88980236e-02   1.42904044e-02  -2.22434125e-02   3.84684665e-14  -6.21887914e-14  -7.27069144e-15
  1.01840000e-04   1.75975157e-02   1.32905168e-02  -2.18808022e-02   4.37631377e-14  -5.88183932e-14  -5.30343477e-16
  1.01920000e-04   1.63694690e-02   1.23770068e-02  -2.14705643e-02   4.80467273e-14  -5.45284779e-14   5.19781750e-15
  1.02000000e-04   1.52239411e-02   1.15485533e-02  -2.10367301e-02   5.14242906e-14  -4.96514125e-14   9.95774464e-15
  1.02080000e-04   1.41590908e-02   1.07982500e-02  -2.05804117e-02   5.39586103e-14  -4.44047641e-14   1.38243649e-14
  1.02160000e-04   1.31668978e-02   1.01146842e-02  -2.01305078e-02   5.58099367e-14  -3.90439497e-14   1.68861368e-14
  1.02240000e-04   1.22575652e-02   9.50213133e-03  -1.96807229e-02   5.70204327e-14  -3.36625989e-14   1.92607376e-14
  1.02320000e-04   1.14134074e-02   8.94202774e-03  -1.92369024e-02   5.76900176e-14  -2.83823293e-14   2.10347847e-14
  1.02400000e-04   1.06393523e-02   8.43566176e-03  -1.88130851e-02   5.79254552e-14  -2.32886823e-14   2.23160570e-14
  1.02480000e-04   9.92026856e-03   7.96919648e-03  -1.84003954e-02   5.77667260e-14  -1.84176939e-14   2.31672855e-14
  1.02560000e-04   9.26494628e-03   7.54773089e-03  -1.80004152e-02   5.72627222e-14  -1.37846882e-14   2.36935050e-14
  1.02640000e-04   8.64655174e-03   7.15009789e-03  -1.76277258e-02   5.65420799e-14  -9.45500554e-15   2.38992715e-14
  1.02720000e-04   8.07030133e-03   6.77775104e-03  -1.72681748e-02   5.55923049e-14  -5.40123261e-15   2.38611461e-14
  1.02800000e-04   7.53395258e-03   6.43108236e-03  -1.69348509e-02   5.44981904e-14  -1.63391686e-15   2.36245911e-14
  1.02880000e-04   7.03959950e-03   6.11089477e-03  -1.66156310e-02   5.32423155e-14   1.87605038e-15   2.32473219e-14
  1.02960000e-04   6.57887246e-03   5.81113232e-03  -1.63118264e-02   5.18642010e-14   5.12686264e-15   2.27442858e-14
  1.03040000e-04   6.15143932e-03   5.53010216e-03  -1.60284586e-02   5.04092434e-14   8.13367651e-15   2.21524397e-14
  1.03120000e-04   5.76068087e-03   5.27148573e-03  -1.57528640e-02   4.88391580e-14   1.09242743e-14   2.15157040e-14
  1.03200000e-04   5.39174565e-03   5.02685072e-03  -1.54946455e-02   4.72222553e-14   1.34841029e-14   2.08067337e-14
  1.03280000e-04   5.05485254e-03   4.80163617e-03  -1.52499122e-02   4.55463526e-14   1.58529036e-14   2.00886383e-14
  1.03360000e-04   4.71987992e-03   4.57020795e-03  -1.50185876e-02   4.38797600e-14   1.79828248e-14   1.92622937e-14
  1.03440000e-04   4.40992110e-03   4.34956217e-03  -1.47979362e-02   4.21883766e-14   1.99387383e-14   1.84331241e-14
  1.03520000e-04   4.11048871e-03   4.13748319e-03  -1.45984247e-02   4.05226742e-14   2.17122956e-14   1.75636932e-14
  1.03600000e-04   3.82243005e-03   3.92615138e-03  -1.44003195e-02   3.88419175e-14   2.33052221e-14   1.66642374e-14
  1.03680000e-04   3.55246226e-03   3.72507548e-03  -1.42176161e-02   3.71775223e-14   2.47592640e-14   1.57763348e-14
  1.03760000e-04   3.29647245e-03   3.53169600e-03  -1.40392627e-02   3.55041326e-14   2.60669996e-14   1.48938814e-14
  1.03840000e-04   3.05337342e-03   3.34156335e-03  -1.38685301e-02   3.38482930e-14   2.72405549e-14   1.40157260e-14
  1.03920000e-04   2.82171575e-03   3.16034155e-03  -1.37028165e-02   3.21914555e-14   2.82836889e-14   1.31521322e-14
  1.04000000e-04   2.60025603e-03   2.98242227e-03  -1.35421005e-02   3.05531134e-14   2.92026271e-14   1.22979801e-14
  1.04080000e-04   2.38831465e-03   2.80873957e-03  -1.33821782e-02   2.89233034e-14   2.99977612e-14   1.14580635e-14
  1.04160000e-04   2.17566368e-03   2.62841800e-03  -1.32277390e-02   2.73503712e-14   3.06570340e-14   1.05902233e-14
  1.04240000e-04   1.97253158e-03   2.45153316e-03  -1.30732208e-02   2.57962659e-14   3.12069518e-14   9.74425727e-15
  1.04320000e-04   1.77675489e-03   2.27415184e-03  -1.29211768e-02   2.42827707e-14   3.16546459e-14   8.91033415e-15
  1.04400000e-04   1.57754182e-03   2.09131577e-03  -1.27672837e-02   2.28183145e-14   3.19669848e-14   8.05573898e-15
  1.04480000e-04   1.38685580e-03   1.91071405e-03  -1.26101563e-02   2.13831827e-14   3.21821741e-14   7.22800900e-15
  1.04560000e-04   1.19490601e-03   1.72410758e-03  -1.24488964e-02   2.00049486e-14   3.22751864e-14   6.39011879e-15
  1.04640000e-04   1.01014734e-03   1.53736821e-03  -1.22826158e-02   1.86696854e-14   3.22750483e-14   5.57517773e-15
  1.04720000e-04   8.27618099e-04   1.34783578e-03  -1.21072491e-02   1.73832484e-14   3.21630134e-14   4.76880841e-15
  1.04800000e-04   6.44260678e-04   1.15498528e-03  -1.19235086e-02   1.61555988e-14   3.19365902e-14   3.96650938e-15
  1.04880000e-04   4.65563496e-04   9.53159261e-04  -1.17312778e-02   1.50091687e-14   3.16183975e-14   3.16462452e-15
  1.04960000e-04   2.84921333e-04   7.42867314e-04  -1.15228608e-02   1.39375822e-14   3.11733218e-14   2.35434211e-15
  1.05040000e-04   1.05861695e-04   5.29454478e-04  -1.12962280e-02   1.29299295e-14   3.06121872e-14   1.55596574e-15
  1.05120000e-04  -7.47859369e-05   3.00131928e-04  -1.10582902e-02   1.20416131e-14   2.99491495e-14   7.31410779e-16
  1.05200000e-04  -2.55259299e-04   6.91304478e-05  -1.07971987e-02   1.12208787e-14   2.91632571e-14  -7.85541346e-17
  1.05280000e-04  -4.34847888e-04  -1.73808828e-04  -1.05195851e-02   1.05142385e-14   2.82806470e-14  -9.01891128e-16
  1.05360000e-04  -6.16952068e-04  -4.27824651e-04  -1.02186474e-02   9.91762294e-15   2.72773442e-14  -1.74079968e-15
  1.05440000e-04  -7.97687003e-04  -6.94227011e-04  -9.89736661e-03   9.44301690e-15   2.61801353e-14  -2.59741100e-15
  1.05520000e-04  -9.78680870e-04  -9.75057095e-04  -9.54903202e-03   9.09550973e-15   2.49700547e-14  -3.48190585e-15
  1.05600000e-04  -1.16034458e-03  -1.26757248e-03  -9.17670429e-03   8.87205163e-15   2.36608674e-14  -4.39008386e-15
  1.05680000e-04  -1.34336028e-03  -1.57655400e-03  -8.77937408e-03   8.78752322e-15   2.22517717e-14  -5.34046379e-15
  1.05760000e-04  -1.52649333e-03  -1.89930344e-03  -8.35328843e-03   8.83171140e-15   2.07406441e-14  -6.32976171e-15
  1.05840000e-04  -1.71138410e-03  -2.24240347e-03  -7.90067998e-03   9.02249724e-15   1.91325529e-14  -7.38466326e-15
  1.05920000e-04  -1.89164311e-03  -2.59426801e-03  -7.42259248e-03   9.32061097e-15   1.74527053e-14  -8.47524160e-15
  1.06000000e-04  -2.07279622e-03  -2.97020130e-03  -6.91720769e-03   9.76247481e-15   1.56806132e-14  -9.65855035e-15
  1.06080000e-04  -2.24866303e-03  -3.35219852e-03  -6.38274023e-03   1.02855353e-14   1.38294158e-14  -1.08868053e-14
  1.06160000e-04  -2.42324988e-03  -3.74948923e-03  -5.82666975e-03   1.09048106e-14   1.19098090e-14  -1.21992124e-14
  1.06240000e-04  -2.58884576e-03  -4.16271883e-03  -5.24433017e-03   1.16051929e-14   9.92692977e-15  -1.36084247e-14
  1.06320000e-04  -2.74984457e-03  -4.58523554e-03  -4.64067388e-03   1.23494630e-14   7.88042946e-15  -1.51039980e-14
  1.06400000e-04  -2.90201172e-03  -5.01318852e-03  -4.01994034e-03   1.31061395e-14   5.79117918e-15  -1.66834425e-14
  1.06480000e-04  -3.04282929e-03  -5.45049964e-03  -3.37283265e-03   1.38625716e-14   3.62862677e-15  -1.83700984e-14
  1.06560000e-04  -3.17429871e-03  -5.89050137e-03  -2.70966980e-03   1.45751197e-14   1.41477257e-15  -2.01498735e-14
  1.06640000e-04  -3.29011223e-03  -6.32893846e-03  -2.04285012e-03   1.52051638e-14  -7.98429902e-16  -2.20150667e-14
  1.06720000e-04  -3.39109360e-03  -6.76616789e-03  -1.36255114e-03   1.57261195e-14  -3.05447617e-15  -2.39709496e-14
  1.06800000e-04  -3.47477769e-03  -7.20095519e-03  -6.81006664e-04   1.61055118e-14  -5.31137304e-15  -2.60145969e-14
  1.06880000e-04   1.77865118e-03   4.48806197e-03  -1.56143735e-05  -9.86053994e-15   3.96474766e-15   1.63677491e-14
  1.06960000e-04   6.90995624e-03   1.67375170e-02  -1.04933556e-03  -3.96314424e-14   2.00551541e-14   5.89153296e-14
  1.07040000e-04   6.91841224e-03   1.73532443e-02  -2.26001156e-03  -4.52695387e-14   2.55601336e-14   5.76801974e-14
  1.07120000e-04   6.91528253e-03   1.79363726e-02  -3.60193360e-03  -5.12996565e-14   3.09426660e-14   5.55944642e-14
  1.07200000e-04   6.89825441e-03   1.84712007e-02  -5.10894344e-03  -5.77149576e-14   3.60957373e-14   5.25743041e-14
  1.07280000e-04   6.86484059e-03   1.89520699e-02  -6.76456637e-03  -6.45206705e-14   4.07110687e-14   4.85818136e-14
  1.07360000e-04   6.80863454e-03   1.93567671e-02  -8.57441425e-03  -7.16543940e-14   4.45050311e-14   4.35720657e-14
  1.07440000e-04   6.74999113e-03   1.96793364e-02  -1.05305224e-02  -7.90776169e-14   4.72181479e-14   3.75526101e-14
  1.07520000e-04   6.67232696e-03   1.98947491e-02  -1.26210271e-02  -8.66379319e-14   4.84437782e-14   3.05601279e-14
  1.07600000e-04   6.57776948e-03   1.99778507e-02  -1.48229655e-02  -9.41103102e-14   4.78186074e-14   2.26862211e-14
  1.07680000e-04   6.47532953e-03   1.99196258e-02  -1.70714540e-02  -1.01195975e-13   4.49910133e-14   1.41128500e-14
  1.07760000e-04   6.34512893e-03   1.96831094e-02  -1.94383405e-02  -1.07606987e-13   3.97330208e-14   5.10790463e-15
  1.07840000e-04   6.17775840e-03   1.92338091e-02  -2.18304180e-02  -1.12762468e-13   3.17334959e-14  -3.95151757e-15
  1.07920000e-04   5.99583059e-03   1.85942619e-02  -2.42318746e-02  -1.16350998e-13   2.10399782e-14  -1.26444204e-14
  1.08000000e-04   5.74532744e-03   1.76978084e-02  -2.65433477e-02  -1.17525231e-13   7.60648053e-15  -2.03667941e-14
  1.08080000e-04   5.45972566e-03   1.65833989e-02  -2.87492357e-02  -1.16001542e-13  -8.03270403e-15  -2.66631828e-14
  1.08160000e-04   5.12063237e-03   1.52418023e-02  -3.07568783e-02  -1.11223861e-13  -2.52469913e-14  -3.10287066e-14
  1.08240000e-04   4.70592702e-03   1.36623968e-02  -3.25157364e-02  -1.02855366e-13  -4.31796853e-14  -3.30291718e-14
  1.08320000e-04   4.22218653e-03   1.19286523e-02  -3.39520987e-02  -9.10350160e-14  -6.06686820e-14  -3.26360511e-14
  1.08400000e-04   3.66860680e-03   1.00478978e-02  -3.50471566e-02  -7.59656285e-14  -7.66175943e-14  -2.99177987e-14
  1.08480000e-04   3.04542170e-03   8.06963229e-03  -3.56262154e-02  -5.81082169e-14  -8.95797381e-14  -2.52577930e-14
  1.08560000e-04   2.36928545e-03   6.06822940e-03  -3.58607634e-02  -3.85725161e-14  -9.91979648e-14  -1.93343711e-14
  1.08640000e-04   1.66337562e-03   4.11945456e-03  -3.56010646e-02  -1.83391203e-14  -1.04546476e-13  -1.29540874e-14
  1.08720000e-04   9.21518296e-04   2.20726627e-03  -3.50422198e-02   1.69647716e-15  -1.06160773e-13  -6.64232349e-15
  1.08800000e-04   1.74258695e-04   4.08992154e-04  -3.40179684e-02   2.04317976e-14  -1.03701258e-13  -1.14211942e-15
  1.08880000e-04  -5.34715537e-04  -1.22761224e-03  -3.26939723e-02   3.70294007e-14  -9.80787804e-14   3.07709674e-15
  1.08960000e-04  -1.21738976e-03  -2.69706231e-03  -3.11915682e-02   5.10889120e-14  -9.03627992e-14   5.81948879e-15
  1.09040000e-04  -1.82641686e-03  -3.96937094e-03  -2.96083322e-02   6.24631523e-14  -8.13264828e-14   7.04974605e-15
  1.09120000e-04  -2.35838890e-03  -5.03898972e-03  -2.77890126e-02   7.07697761e-14  -7.11725792e-14   6.89967805e-15
  1.09200000e-04  -2.80046560e-03  -5.91363908e-03  -2.61079188e-02   7.67743296e-14  -6.12739187e-14   5.64380377e-15
  1.09280000e-04  -3.17836193e-03  -6.63177999e-03  -2.43291319e-02   8.02829907e-14  -5.15281436e-14   3.55766540e-15
  1.09360000e-04  -3.45778301e-03  -7.16311810e-03  -2.26162930e-02   8.17763960e-14  -4.24150690e-14   9.31147970e-16
  1.09440000e-04  -3.65321121e-03  -7.53810195e-03  -2.09273049e-02   8.14736482e-14  -3.40592889e-14  -1.95429144e-15
  1.09520000e-04  -3.78323923e-03  -7.78084808e-03  -1.93289069e-02   7.98706496e-14  -2.66654845e-14  -4.89886424e-15
  1.09600000e-04  -3.83766287e-03  -7.87983219e-03  -1.78855203e-02   7.73673485e-14  -2.02055237e-14  -7.69861106e-15
  1.09680000e-04  -3.83148499e-03  -7.86369022e-03  -1.64857112e-02   7.39320787e-14  -1.45933195e-14  -1.02217189e-14
  1.09760000e-04  -3.77024870e-03  -7.74513724e-03  -1.51894258e-02   6.99665545e-14  -9.80072076e-15  -1.23693540e-14
  1.09840000e-04  -3.66101445e-03  -7.53442323e-03  -1.39715995e-02   6.55834726e-14  -5.76621305e-15  -1.40754787e-14
  1.09920000e-04  -3.50870068e-03  -7.23907483e-03  -1.28186411e-02   6.08955174e-14  -2.41357144e-15  -1.53052198e-14
  1.10000000e-04  -3.33176352e-03  -6.88080013e-03  -1.17925706e-02   5.62724236e-14   3.33391202e-16  -1.60932177e-14
  1.10080000e-04  -3.11990092e-03  -6.44307256e-03  -1.08273305e-02   5.15472723e-14   2.57008745e-15  -1.63827679e-14
  1.10160000e-04  -2.89501370e-03  -5.95993778e-03  -9.93469350e-03   4.69209388e-14   4.32532136e-15  -1.62677799e-14
  1.10240000e-04  -2.65005463e-03  -5.42534956e-03  -9.07984215e-03   4.23186412e-14   5.65661043e-15  -1.57310884e-14
  1.10320000e-04  -2.39488395e-03  -4.83329240e-03  -8.28416296e-03   3.78328822e-14   6.63060951e-15  -1.48057248e-14
  1.10400000e-04  -2.12908881e-03  -4.20415716e-03  -7.52399232e-03   3.34673768e-14   7.27981552e-15  -1.35380928e-14
  1.10480000e-04  -1.85408737e-03  -3.53624815e-03  -6.76904777e-03   2.91405138e-14   7.60211795e-15  -1.19532373e-14
  1.10560000e-04  -1.58474341e-03  -2.82522219e-03  -6.07513196e-03   2.50191757e-14   7.71027290e-15  -1.01120780e-14
  1.10640000e-04  -1.30677587e-03  -2.06858762e-03  -5.41978559e-03   2.10246251e-14   7.65308318e-15  -7.99026919e-15
  1.10720000e-04  -1.02455366e-03  -1.27719638e-03  -4.73700832e-03   1.69743326e-14   7.33331489e-15  -5.64854354e-15
  1.10800000e-04  -7.50548533e-04  -4.47734748e-04  -4.02325926e-03   1.28386141e-14   6.74537232e-15  -3.14574322e-15
  1.10880000e-04  -4.73553897e-04   4.18887769e-04  -3.35636623e-03   8.82531803e-15   6.11781956e-15  -4.81647069e-16
  1.10960000e-04  -1.98136451e-04   1.32878800e-03  -2.61855643e-03   4.54804725e-15   5.22877134e-15   2.30920923e-15
  1.11040000e-04   7.93978550e-05   2.27233156e-03  -1.86116683e-03   1.46114390e-16   4.23541809e-15   5.17733026e-15
  1.11120000e-04   3.48953876e-04   3.25190645e-03  -1.05143717e-03  -4.51916635e-15   3.08890181e-15   8.05358546e-15
  1.11200000e-04  -3.29197319e-04  -5.70264334e-04  -1.60769004e-04   1.79146176e-15  -4.23236931e-16  -2.16700654e-15
  1.11280000e-04  -1.91372603e-03  -8.96132978e-03  -7.05891165e-04   2.24610463e-14  -2.81039085e-15  -2.52155724e-14
  1.11360000e-04  -2.08285343e-03  -9.87128120e-03  -1.63322086e-03   2.61825691e-14  -7.86300477e-16  -2.86382951e-14
  1.11440000e-04  -2.25668569e-03  -1.08318752e-02  -2.59636846e-03   2.97644367e-14   1.58932940e-15  -3.25009325e-14
  1.11520000e-04  -2.41033656e-03  -1.17830576e-02  -3.62943479e-03   3.30841766e-14   4.51183404e-15  -3.66192557e-14
  1.11600000e-04  -2.54354585e-03  -1.27280562e-02  -4.74036796e-03   3.60722165e-14   8.06551721e-15  -4.10115195e-14
  1.11680000e-04  -2.66002030e-03  -1.36650579e-02  -5.92245949e-03   3.85873969e-14   1.22882222e-14  -4.56841498e-14
  1.11760000e-04  -2.75934231e-03  -1.46021342e-02  -7.14254198e-03   4.04115096e-14   1.71351576e-14  -5.06429027e-14
  1.11840000e-04  -2.83155671e-03  -1.55148963e-02  -8.44993995e-03   4.14873484e-14   2.27956365e-14  -5.57572856e-14
  1.11920000e-04  -2.87053966e-03  -1.63869424e-02  -9.80550034e-03   4.15251592e-14   2.91656448e-14  -6.08980000e-14
  1.12000000e-04  -2.90242349e-03  -1.72933820e-02  -1.11419602e-02   4.02510651e-14   3.59590724e-14  -6.62970970e-14
  1.12080000e-04  -2.89870378e-03  -1.81482457e-02  -1.25202573e-02   3.75665489e-14   4.33197879e-14  -7.14899409e-14
  1.12160000e-04  -2.88916098e-03  -1.90817486e-02  -1.38054908e-02   3.30590600e-14   5.06148392e-14  -7.68775696e-14
  1.12240000e-04  -2.85902904e-03  -2.00351579e-02  -1.49940675e-02   2.65472794e-14   5.76244929e-14  -8.20601385e-14
  1.12320000e-04  -2.79783687e-03  -2.09991658e-02  -1.60111533e-02   1.78497810e-14   6.37894562e-14  -8.67811405e-14
  1.12400000e-04  -2.75693586e-03  -2.22389898e-02  -1.68018999e-02   6.74519305e-15   6.86154346e-14  -9.19261529e-14
  1.12480000e-04  -2.71726721e-03  -2.37047542e-02  -1.72816197e-02  -6.93394236e-15   7.14765290e-14  -9.69522652e-14
  1.12560000e-04  -2.67461993e-03  -2.54139953e-02  -1.72602740e-02  -2.32704007e-14   7.13776325e-14  -1.01490355e-13
  1.12640000e-04  -2.62438682e-03  -2.73899435e-02  -1.65782033e-02  -4.21033843e-14   6.76176998e-14  -1.05050552e-13
  1.12720000e-04  -2.54143538e-03  -2.94534172e-02  -1.50884307e-02  -6.25574589e-14   5.98433769e-14  -1.06280517e-13
  1.12800000e-04  -2.48986381e-03  -3.18101262e-02  -1.24088087e-02  -8.44311398e-14   4.76547513e-14  -1.05222157e-13
  1.12880000e-04  -2.38334080e-03  -3.37685085e-02  -8.54590112e-03  -1.04879231e-13   3.24643910e-14  -9.90312317e-14
  1.12960000e-04  -2.24528881e-03  -3.49821012e-02  -3.48607119e-03  -1.21463659e-13   1.64809236e-14  -8.71515026e-14
  1.13040000e-04   1.70515498e-03   2.94737518e-02  -2.37262198e-03   1.04022404e-13  -3.75174791e-16   7.00981920e-14
  1.13120000e-04   1.65963431e-03   3.21605553e-02  -7.59289547e-03   1.02225292e-13   1.59722450e-14   8.99963490e-14
  1.13200000e-04   1.32305545e-03   3.00237510e-02  -1.19764322e-02   8.28617621e-14   3.40781440e-14   9.45844639e-14
  1.13280000e-04   9.96456359e-04   2.76926184e-02  -1.49922762e-02   6.29436806e-14   4.91013110e-14   9.48798218e-14
  1.13360000e-04   7.01043190e-04   2.54532222e-02  -1.69669059e-02   4.38252200e-14   6.03457831e-14   9.23396411e-14
  1.13440000e-04   4.28342562e-04   2.33379049e-02  -1.79752548e-02   2.62136652e-14   6.71467322e-14   8.78036222e-14
  1.13520000e-04   1.97969217e-04   2.13626282e-02  -1.84083017e-02   1.04889697e-14   7.05338164e-14   8.19665069e-14
  1.13600000e-04  -2.43132797e-06   1.96526514e-02  -1.83161807e-02  -2.82394370e-15   7.07270995e-14   7.58881949e-14
  1.13680000e-04  -1.70013113e-04   1.81223845e-02  -1.78578535e-02  -1.37925848e-14   6.85249263e-14   6.96713066e-14
  1.13760000e-04  -3.05171194e-04   1.67757724e-02  -1.71453759e-02  -2.24583529e-14   6.46362733e-14   6.36426439e-14
  1.13840000e-04  -4.15595928e-04   1.54980423e-02  -1.63301251e-02  -2.91928485e-14   5.99193838e-14   5.76092080e-14
  1.13920000e-04  -4.97984067e-04   1.42452304e-02  -1.53306550e-02  -3.38637267e-14   5.43297848e-14   5.15831777e-14
  1.14000000e-04  -5.48731128e-04   1.30557913e-02  -1.42965838e-02  -3.68788856e-14   4.86342200e-14   4.58287678e-14
  1.14080000e-04  -5.82501797e-04   1.18496289e-02  -1.32605401e-02  -3.84879930e-14   4.30941147e-14   4.01996139e-14
  1.14160000e-04  -5.89053335e-04   1.06343719e-02  -1.22557851e-02  -3.89481268e-14   3.79133553e-14   3.47694775e-14
  1.14240000e-04  -5.72507592e-04   9.42832118e-03  -1.12469166e-02  -3.83314702e-14   3.30430120e-14   2.96512546e-14
  1.14320000e-04  -5.22238395e-04   8.18377969e-03  -1.03217784e-02  -3.70497385e-14   2.87776434e-14   2.46913544e-14
  1.14400000e-04  -4.49102547e-04   6.89485043e-03  -9.46548987e-03  -3.52130714e-14   2.50562295e-14   1.99221844e-14
  1.14480000e-04  -3.65358348e-04   5.61543824e-03  -8.69725887e-03  -3.30711290e-14   2.18885518e-14   1.55217438e-14
  1.14560000e-04  -2.42325236e-04   4.29653708e-03  -7.98562790e-03  -3.06217968e-14   1.91743695e-14   1.12456810e-14
  1.14640000e-04  -9.65408858e-05   2.97222710e-03  -7.32412660e-03  -2.79811535e-14   1.68514810e-14   7.20737867e-15
  1.14720000e-04   6.26840127e-05   1.62851286e-03  -6.78264113e-03  -2.54899115e-14   1.50296995e-14   3.37305904e-15
  1.14800000e-04   2.43830885e-04   2.70837255e-04  -6.28264936e-03  -2.29730293e-14   1.34877432e-14  -3.10147934e-16
  1.14880000e-04   4.53617522e-04  -1.11561919e-03  -5.82816395e-03  -2.05141979e-14   1.22050445e-14  -3.93293355e-15
  1.14960000e-04   6.83939760e-04  -2.52501487e-03  -5.45332402e-03  -1.83226821e-14   1.12049726e-14  -7.48613747e-15
  1.15040000e-04   9.47769715e-04  -3.96488772e-03  -5.12362723e-03  -1.63424922e-14   1.03889744e-14  -1.10624824e-14
  1.15120000e-04   1.23950784e-03  -5.43469281e-03  -4.85091287e-03  -1.46940790e-14   9.73797634e-15  -1.46645256e-14
  1.15200000e-04   1.55578751e-03  -6.94182422e-03  -4.65271232e-03  -1.35174117e-14   9.24300890e-15  -1.83105160e-14
  1.15280000e-04   1.90698557e-03  -8.50318597e-03  -4.48165267e-03  -1.27037942e-14   8.78535842e-15  -2.20743319e-14
  1.15360000e-04   2.27966192e-03  -1.01094383e-02  -4.35576804e-03  -1.24137221e-14   8.35236316e-15  -2.58821840e-14
  1.15440000e-04   2.70169565e-03  -1.17753521e-02  -4.32543428e-03  -1.29342783e-14   7.99528427e-15  -2.98448115e-14
  1.15520000e-04   3.16243327e-03  -1.35148176e-02  -4.33575097e-03  -1.41535787e-14   7.56135787e-15  -3.38926571e-14
  1.15600000e-04   3.66653910e-03  -1.53198233e-02  -4.43029521e-03  -1.63573732e-14   7.06118902e-15  -3.79548334e-14
  1.15680000e-04   4.22353955e-03  -1.72105653e-02  -4.59942970e-03  -1.96247708e-14   6.40491168e-15  -4.19874113e-14
  1.15760000e-04   4.83528942e-03  -1.92055534e-02  -4.91711441e-03  -2.43813979e-14   5.59945410e-15  -4.58463463e-14
  1.15840000e-04   5.49695957e-03  -2.12943589e-02  -5.36468062e-03  -3.06681071e-14   4.49090858e-15  -4.92503436e-14
  1.15920000e-04   6.21996552e-03  -2.35014914e-02  -5.97645914e-03  -3.87221486e-14   2.96425389e-15  -5.19563188e-14
  1.16000000e-04   7.00451482e-03  -2.58472206e-02  -6.76482165e-03  -4.86537351e-14   8.30473733e-16  -5.35507460e-14
  1.16080000e-04   7.84489252e-03  -2.83092562e-02  -7.81088746e-03  -6.07299887e-14  -2.08731376e-15  -5.34292596e-14
  1.16160000e-04   8.74094572e-03  -3.09338802e-02  -9.10083425e-03  -7.47388499e-14  -6.13612800e-15  -5.09265381e-14
  1.16240000e-04   9.68620725e-03  -3.37170763e-02  -1.07137603e-02  -9.05755096e-14  -1.16688557e-14  -4.51656045e-14
  1.16320000e-04   1.06626204e-02  -3.66548562e-02  -1.26722155e-02  -1.07549654e-13  -1.91470368e-14  -3.51106127e-14
  1.16400000e-04   1.16402781e-02  -3.97689799e-02  -1.50275741e-02  -1.24632539e-13  -2.90661672e-14  -1.96189743e-14
  1.16480000e-04   1.26171368e-02  -4.30553170e-02  -1.77221250e-02  -1.39701264e-13  -4.18651129e-14   2.25061860e-15
  1.16560000e-04   1.35324446e-02  -4.65296994e-02  -2.07598357e-02  -1.50170453e-13  -5.76447896e-14   3.13114898e-14
  1.16640000e-04   1.43524182e-02  -5.02162808e-02  -2.40053198e-02  -1.52232325e-13  -7.58235165e-14   6.75963919e-14
  1.16720000e-04   1.50599986e-02  -5.41012576e-02  -2.72908012e-02  -1.41501473e-13  -9.47673680e-14   1.09781380e-13
  1.16800000e-04   1.55835298e-02  -5.82167579e-02  -3.03884141e-02  -1.13735679e-13  -1.11348196e-13   1.54990899e-13
  1.16880000e-04   1.59431474e-02  -6.25620957e-02  -3.28600081e-02  -6.56486441e-14  -1.20562762e-13   1.97687506e-13
  1.16960000e-04   1.60950501e-02  -6.71462967e-02  -3.42404663e-02   2.81967739e-15  -1.16717667e-13   2.30211292e-13
  1.17040000e-04   1.61301251e-02  -7.19014197e-02  -3.41070503e-02   8.70846864e-14  -9.56738871e-14   2.42875744e-13
  1.17120000e-04   1.61259679e-02  -7.67644645e-02  -3.22252765e-02   1.77706865e-13  -5.77807132e-14   2.26567512e-13
  1.17200000e-04   1.61673004e-02  -8.14817514e-02  -2.85070530e-02   2.61383050e-13  -9.22754899e-15   1.74614161e-13
  1.17280000e-04   1.64214297e-02  -8.59192357e-02  -2.32057604e-02   3.23853387e-13   3.85131764e-14   8.65781991e-14
  1.17360000e-04   1.70382690e-02  -8.98731412e-02  -1.68858504e-02   3.51915691e-13   7.24505553e-14  -3.05181423e-14
  1.17440000e-04   1.80927079e-02  -9.32600960e-02  -1.03626949e-02   3.35670044e-13   8.31147188e-14  -1.61937277e-13
  1.17520000e-04   1.96877941e-02  -9.60995385e-02  -4.50725624e-03   2.70010089e-13   6.87902718e-14  -2.87272407e-13
  1.17600000e-04   5.82859533e-03  -2.46218730e-02  -1.99079217e-04   4.79619243e-14   1.20983098e-14  -9.20859449e-14
  1.17680000e-04  -1.45775062e-02   6.09106113e-02  -2.35106915e-03  -1.42856364e-13  -2.58452492e-14   2.16173820e-13
  1.17760000e-04  -1.57964058e-02   6.20715710e-02  -5.76212665e-03  -1.98517562e-13  -3.38552758e-14   1.79519451e-13
  1.17840000e-04  -1.67582986e-02   6.29324979e-02  -1.02223242e-02  -2.44604463e-13  -4.44851169e-14   1.27133034e-13
  1.17920000e-04  -1.73168504e-02   6.33773907e-02  -1.54991235e-02  -2.74670613e-13  -5.99185265e-14   6.18712435e-14
  1.18000000e-04  -1.74206755e-02   6.33517360e-02  -2.12317086e-02  -2.83080777e-13  -8.14860171e-14  -1.08715823e-14
  1.18080000e-04  -1.70457195e-02   6.28527249e-02  -2.69455402e-02  -2.66184024e-13  -1.08151658e-13  -8.38850583e-14
  1.18160000e-04  -1.61980248e-02   6.17622153e-02  -3.22149792e-02  -2.23039873e-13  -1.36113578e-13  -1.48808749e-13
  1.18240000e-04  -1.49922509e-02   6.03294587e-02  -3.64778766e-02  -1.58069058e-13  -1.59319887e-13  -1.98527772e-13
  1.18320000e-04  -1.35529594e-02   5.86952839e-02  -3.93348731e-02  -7.92060376e-14  -1.71327850e-13  -2.28363787e-13
  1.18400000e-04  -1.20261312e-02   5.69001865e-02  -4.05012561e-02   2.96543556e-15  -1.67711026e-13  -2.36497637e-13
  1.18480000e-04  -1.05595465e-02   5.51276531e-02  -4.00256314e-02   7.76064187e-14  -1.48594907e-13  -2.25135163e-13
  1.18560000e-04  -9.23174137e-03   5.33088951e-02  -3.81004652e-02   1.36726893e-13  -1.17908944e-13  -1.98103168e-13
  1.18640000e-04  -8.09313756e-03   5.14880749e-02  -3.50802921e-02   1.76424240e-13  -8.19639541e-14  -1.61001848e-13
  1.18720000e-04  -7.16020145e-03   4.95615305e-02  -3.13536603e-02   1.96719551e-13  -4.69107312e-14  -1.19077620e-13
  1.18800000e-04  -6.43577213e-03   4.75036617e-02  -2.73614270e-02   2.00728101e-13  -1.72134599e-14  -7.70991474e-14
  1.18880000e-04  -5.89631753e-03   4.52953045e-02  -2.33565923e-02   1.92422983e-13   5.17314763e-15  -3.85444803e-14
  1.18960000e-04  -5.50931439e-03   4.29575282e-02  -1.95886139e-02   1.76158709e-13   2.00510498e-14  -5.57314420e-15
  1.19040000e-04  -5.24699189e-03   4.05682428e-02  -1.61643108e-02   1.55573612e-13   2.84505681e-14   2.09038341e-14
  1.19120000e-04  -5.08250420e-03   3.81110496e-02  -1.32092303e-02   1.33454896e-13   3.19505466e-14   4.08338551e-14
  1.19200000e-04  -4.97159453e-03   3.56545253e-02  -1.06388850e-02   1.11432462e-13   3.19012598e-14   5.48391354e-14
  1.19280000e-04  -4.89670844e-03   3.32429532e-02  -8.50774476e-03   9.09321934e-14   2.97183338e-14   6.37838530e-14
  1.19360000e-04  -4.84611496e-03   3.09039937e-02  -6.80039147e-03   7.26402075e-14   2.64888034e-14   6.86117877e-14
  1.19440000e-04  -4.79382991e-03   2.86475196e-02  -5.40370571e-03   5.66072746e-14   2.27264154e-14   7.02647045e-14
  1.19520000e-04  -4.72726553e-03   2.64894964e-02  -4.30782582e-03   4.29830766e-14   1.89844862e-14   6.95703763e-14
  1.19600000e-04  -4.65415012e-03   2.44173892e-02  -3.49337493e-03   3.17042155e-14   1.56453864e-14   6.71165606e-14
  1.19680000e-04  -4.56184647e-03   2.24727712e-02  -2.89135328e-03   2.25411802e-14   1.27597707e-14   6.36096618e-14
  1.19760000e-04  -4.45599574e-03   2.06136386e-02  -2.46062833e-03   1.52193425e-14   1.03719229e-14   5.93286456e-14
  1.19840000e-04  -4.32237570e-03   1.88602706e-02  -2.17544834e-03   9.53305834e-15   8.49471251e-15   5.47046395e-14
  1.19920000e-04  -4.17854151e-03   1.72033934e-02  -1.99752857e-03   5.22105199e-15   7.06414256e-15   4.99171040e-14
  1.20000000e-04  -4.01219605e-03   1.56260654e-02  -1.95356593e-03   2.18957468e-15   6.20398940e-15   4.51271902e-14
  1.20080000e-04  -3.83465049e-03   1.41396791e-02  -1.95361889e-03   7.06548657e-17   5.61248638e-15   4.04827268e-14
  1.20160000e-04  -3.64009932e-03   1.27225162e-02  -2.03901997e-03  -1.16707276e-15   5.43840625e-15   3.60165537e-14
  1.20240000e-04  -3.42881651e-03   1.13843879e-02  -2.15187738e-03  -1.78804668e-15   5.47707275e-15   3.18252358e-14
  1.20320000e-04  -3.20872684e-03   1.01137615e-02  -2.31293545e-03  -1.84634414e-15   5.79150086e-15   2.78858937e-14
  1.20400000e-04  -2.98442478e-03   8.91120612e-03  -2.49610456e-03  -1.50068265e-15   6.27971953e-15   2.42131482e-14
  1.20480000e-04  -2.74472184e-03   7.76775833e-03  -2.68901962e-03  -8.56059156e-16   6.90064815e-15   2.08076621e-14
  1.20560000e-04  -2.50385992e-03   6.68681163e-03  -2.88180523e-03  -9.42779588e-18   7.60183392e-15   1.76471459e-14
  1.20640000e-04  -2.26847746e-03   5.66934174e-03  -3.11350087e-03   1.06215513e-15   8.50563454e-15   1.47139429e-14
  1.20720000e-04  -2.01977055e-03   4.70455626e-03  -3.34181058e-03   2.21891778e-15   9.47838213e-15   1.20024389e-14
  1.20800000e-04  -1.77286134e-03   3.79140052e-03  -3.57630234e-03   3.43707509e-15   1.05332417e-14   9.46292493e-15
  1.20880000e-04  -1.52093648e-03   2.92302071e-03  -3.81304637e-03   4.67627675e-15   1.16594918e-14   7.07272181e-15
  1.20960000e-04  -1.26947139e-03   2.10685443e-03  -4.04652512e-03   5.88218469e-15   1.28270350e-14   4.83314198e-15
  1.21040000e-04  -1.02064571e-03   1.35163961e-03  -4.28003781e-03   7.02160118e-15   1.40403045e-14   2.75952340e-15
  1.21120000e-04  -7.73939134e-04   6.24661532e-04  -4.49899829e-03   8.08006845e-15   1.52424089e-14   7.26353977e-16
  1.21200000e-04  -5.39891041e-04  -4.88512790e-05  -4.71187557e-03   9.02431491e-15   1.64455164e-14  -1.20451637e-15
  1.21280000e-04  -3.03364884e-04  -6.82480410e-04  -4.94140048e-03   9.89654288e-15   1.77450016e-14  -3.05842030e-15
  1.21360000e-04  -7.30601698e-05  -1.27019102e-03  -5.13954133e-03   1.05835432e-14   1.89501311e-14  -4.83380136e-15
  1.21440000e-04   1.60325040e-04  -1.81546511e-03  -5.33855237e-03   1.11399517e-14   2.01822969e-14  -6.52878166e-15
  1.21520000e-04   3.84302810e-04  -2.31634520e-03  -5.56528066e-03   1.15957285e-14   2.15231217e-14  -8.15748769e-15
  1.21600000e-04   5.97388556e-04  -2.76295635e-03  -5.74440213e-03   1.18089345e-14   2.26808097e-14  -9.68100137e-15
  1.21680000e-04   8.00091000e-04  -3.18014438e-03  -5.90173583e-03   1.18558073e-14   2.37424155e-14  -1.11862995e-14
  1.21760000e-04   1.00438380e-03  -3.55806722e-03  -6.06772126e-03   1.17682909e-14   2.48314814e-14  -1.26130051e-14
  1.21840000e-04   1.20764589e-03  -3.90810225e-03  -6.23322355e-03   1.15407894e-14   2.59037494e-14  -1.40051634e-14
  1.21920000e-04   1.40149278e-03  -4.22050469e-03  -6.35930383e-03   1.11200131e-14   2.67880091e-14  -1.53278256e-14
  1.22000000e-04   1.57827653e-03  -4.50234727e-03  -6.46215651e-03   1.05453292e-14   2.75326556e-14  -1.66071699e-14
  1.22080000e-04   1.75350964e-03  -4.74940862e-03  -6.54050711e-03   9.82488699e-15   2.81382018e-14  -1.77985869e-14
  1.22160000e-04   1.90800959e-03  -4.95850630e-03  -6.64255085e-03   9.01066227e-15   2.87817997e-14  -1.88967022e-14
  1.22240000e-04   2.07973479e-03  -5.15764911e-03  -6.64419673e-03   8.03312096e-15   2.89724116e-14  -1.99757438e-14
  1.22320000e-04   2.23697075e-03  -5.32434265e-03  -6.67917286e-03   7.00081872e-15   2.92346774e-14  -2.09599026e-14
  1.22400000e-04   2.38776999e-03  -5.47564819e-03  -6.68380191e-03   5.88746523e-15   2.93068947e-14  -2.19061447e-14
  1.22480000e-04   2.52738763e-03  -5.60150707e-03  -6.66813340e-03   4.71215227e-15   2.92260058e-14  -2.27650279e-14
  1.22560000e-04   2.67003240e-03  -5.70999641e-03  -6.61586565e-03   3.48775272e-15   2.89270143e-14  -2.35586306e-14
  1.22640000e-04   2.80736508e-03  -5.80602885e-03  -6.56599097e-03   2.24640184e-15   2.85706907e-14  -2.43033817e-14
  1.22720000e-04   2.92920605e-03  -5.87187476e-03  -6.45813041e-03   9.90487600e-16   2.78998481e-14  -2.49179037e-14
  1.22800000e-04   3.05817236e-03  -5.93916999e-03  -6.39364249e-03  -2.59761561e-16   2.73521386e-14  -2.55321434e-14
  1.22880000e-04   3.18681324e-03  -6.01212954e-03  -6.28418595e-03  -1.49575950e-15   2.65501427e-14  -2.61592520e-14
  1.22960000e-04   3.30565067e-03  -6.06203544e-03  -6.13928975e-03  -2.70230632e-15   2.55380737e-14  -2.66717479e-14
  1.23040000e-04   3.42095587e-03  -6.10086171e-03  -6.01031932e-03  -3.88132979e-15   2.45391986e-14  -2.71180459e-14
  1.23120000e-04   3.53556656e-03  -6.13756072e-03  -5.82910971e-03  -5.00341407e-15   2.32674479e-14  -2.75334117e-14
  1.23200000e-04   3.65796572e-03  -6.17051305e-03  -5.65708485e-03  -6.08430703e-15   2.19833680e-14  -2.79127589e-14
  1.23280000e-04   3.76614494e-03  -6.19617242e-03  -5.42054385e-03  -7.07833160e-15   2.03922518e-14  -2.82281511e-14
  1.23360000e-04   3.88332471e-03  -6.22052962e-03  -5.22259654e-03  -8.04132966e-15   1.89198483e-14  -2.85142782e-14
  1.23440000e-04   3.99978643e-03  -6.24532963e-03  -5.01173165e-03  -8.94775365e-15   1.73585384e-14  -2.87722704e-14
  1.23520000e-04   4.12286154e-03  -6.27082330e-03  -4.79803054e-03  -9.80603074e-15   1.57473677e-14  -2.90072909e-14
  1.23600000e-04   4.24474466e-03  -6.29365313e-03  -4.54035505e-03  -1.05759340e-14   1.39300196e-14  -2.91965825e-14
  1.23680000e-04   4.36569725e-03  -6.30156802e-03  -4.28406641e-03  -1.12789902e-14   1.20976478e-14  -2.92887165e-14
  1.23760000e-04   4.49517636e-03  -6.32430495e-03  -4.03441067e-03  -1.19579343e-14   1.02626378e-14  -2.94112535e-14
  1.23840000e-04   4.61899789e-03  -6.34280141e-03  -3.77233808e-03  -1.25771416e-14   8.36911796e-15  -2.94717603e-14
  1.23920000e-04   4.75123007e-03  -6.36023484e-03  -3.49339638e-03  -1.31382577e-14   6.38553044e-15  -2.94946084e-14
  1.24000000e-04   4.88988684e-03  -6.38454454e-03  -3.22607846e-03  -1.36862690e-14   4.42643423e-15  -2.95048848e-14
  1.24080000e-04   5.02347515e-03  -6.40108649e-03  -2.94430945e-03  -1.41765824e-14   2.41284893e-15  -2.94332391e-14
  1.24160000e-04   5.16414795e-03  -6.43204521e-03  -2.62974376e-03  -1.46314690e-14   2.61179892e-16  -2.93712995e-14
  1.24240000e-04   5.32068778e-03  -6.46064912e-03  -2.34157106e-03  -1.50929754e-14  -1.82427252e-15  -2.92619883e-14
  1.24320000e-04   5.47352535e-03  -6.48552768e-03  -2.03861468e-03  -1.55193010e-14  -3.95815450e-15  -2.90759052e-14
  1.24400000e-04   5.62200930e-03  -6.51339053e-03  -1.73456314e-03  -1.59432589e-14  -6.08294864e-15  -2.88329254e-14
  1.24480000e-04   5.79091265e-03  -6.55019122e-03  -1.40733930e-03  -1.63637831e-14  -8.32779617e-15  -2.85734801e-14
  1.24560000e-04   5.95822719e-03  -6.58899786e-03  -1.08191634e-03  -1.68005713e-14  -1.05546506e-14  -2.82434506e-14
  1.24640000e-04   6.12454216e-03  -6.62955164e-03  -7.21754865e-04  -1.72250798e-14  -1.28823264e-14  -2.78372629e-14
  1.24720000e-04   6.29583423e-03  -6.66675069e-03  -3.78747029e-04  -1.76823326e-14  -1.51454366e-14  -2.73379959e-14
  1.24800000e-04   1.31169655e-03  -1.34082472e-03  -5.91773930e-06  -3.60121014e-15  -3.49911745e-15  -5.40607575e-15
  1.24880000e-04  -4.31564239e-03   4.40094832e-03  -4.16152418e-04   1.12673839e-14   1.27500836e-14   1.79897051e-14
  1.24960000e-04  -4.50235078e-03   4.47059364e-03  -8.15149891e-04   1.07506439e-14   1.42545588e-14   1.87979783e-14
  1.25040000e-04  -4.68514310e-03   4.53588725e-03  -1.21869684e-03   1.01463095e-14   1.57545230e-14   1.96306637e-14
  1.25120000e-04  -4.87522134e-03   4.59466264e-03  -1.62505131e-03   9.44277616e-15   1.72669838e-14   2.04918709e-14
  1.25200000e-04  -5.06511555e-03   4.65985600e-03  -2.04029509e-03   8.65670388e-15   1.87876374e-14   2.14187055e-14
  1.25280000e-04  -5.26443676e-03   4.72379037e-03  -2.47002881e-03   7.75102218e-15   2.03503861e-14   2.23990066e-14
  1.25360000e-04  -5.46577458e-03   4.78491070e-03  -2.88601664e-03   6.74614832e-15   2.18320125e-14   2.34202753e-14
  1.25440000e-04  -5.67581586e-03   4.84874994e-03  -3.35884975e-03   5.55330583e-15   2.34806082e-14   2.45119795e-14
  1.25520000e-04  -5.88775234e-03   4.91975301e-03  -3.80409866e-03   4.27630533e-15   2.49767058e-14   2.56831922e-14
  1.25600000e-04  -6.10116274e-03   4.98756950e-03  -4.30211935e-03   2.76792452e-15   2.65866001e-14   2.68971984e-14
  1.25680000e-04  -6.30823745e-03   5.05330373e-03  -4.81426904e-03   1.06716286e-15   2.81460691e-14   2.81452320e-14
  1.25760000e-04  -6.52437432e-03   5.11749731e-03  -5.37641196e-03  -9.02811268e-16   2.97912065e-14   2.94521140e-14
  1.25840000e-04  -6.73493737e-03   5.18022634e-03  -5.99139897e-03  -3.17658958e-15   3.14840309e-14   3.07922305e-14
  1.25920000e-04  -6.93797847e-03   5.23819774e-03  -6.64059202e-03  -5.75357943e-15   3.31303726e-14   3.21449733e-14
  1.26000000e-04  -7.14051968e-03   5.29449382e-03  -7.32207347e-03  -8.64843455e-15   3.47035337e-14   3.35276562e-14
  1.26080000e-04  -7.32125453e-03   5.34339975e-03  -8.04790741e-03  -1.19186652e-14   3.61818983e-14   3.48654518e-14
  1.26160000e-04  -7.48751922e-03   5.37321561e-03  -8.84551182e-03  -1.56669738e-14   3.76281671e-14   3.61189979e-14
  1.26240000e-04  -7.61632700e-03   5.37827802e-03  -9.69427256e-03  -1.98751933e-14   3.89003718e-14   3.71964976e-14
  1.26320000e-04  -7.71038854e-03   5.35965899e-03  -1.05632129e-02  -2.44741122e-14   3.98506570e-14   3.80841370e-14
  1.26400000e-04  -7.79215758e-03   5.33176992e-03  -1.14746463e-02  -2.95086572e-14   4.05164236e-14   3.88648456e-14
  1.26480000e-04  -7.83541016e-03   5.26936092e-03  -1.24575599e-02  -3.50862503e-14   4.08938580e-14   3.93656274e-14
  1.26560000e-04  -7.83321886e-03   5.18255869e-03  -1.34162477e-02  -4.08909122e-14   4.06303791e-14   3.95696920e-14
  1.26640000e-04  -7.79110738e-03   5.08252768e-03  -1.43832474e-02  -4.69705252e-14   3.97742660e-14   3.94977712e-14
  1.26720000e-04  -7.74566339e-03   4.96935728e-03  -1.53967309e-02  -5.34096096e-14   3.83581201e-14   3.92491149e-14
  1.26800000e-04  -7.67757020e-03   4.84125052e-03  -1.63414388e-02  -5.97395937e-14   3.60273503e-14   3.87403068e-14
  1.26880000e-04  -7.58506963e-03   4.70328882e-03  -1.72902618e-02  -6.61271533e-14   3.29116640e-14   3.79619539e-14
  1.26960000e-04  -7.53354416e-03   4.59188688e-03  -1.83033255e-02  -7.27264993e-14   2.90315439e-14   3.72171636e-14
  1.27040000e-04  -7.52043526e-03   4.50177372e-03  -1.92222209e-02  -7.88313733e-14   2.40172555e-14   3.64664672e-14
  1.27120000e-04  -7.56426340e-03   4.44077204e-03  -2.00519172e-02  -8.43179974e-14   1.78954536e-14   3.57708026e-14
  1.27200000e-04  -7.71951075e-03   4.44783675e-03  -2.08959384e-02  -8.94980298e-14   1.07506726e-14   3.53512834e-14
  1.27280000e-04  -7.99560182e-03   4.52120780e-03  -2.16332641e-02  -9.37495037e-14   2.44696405e-15   3.51609878e-14
  1.27360000e-04  -8.45821819e-03   4.69135821e-03  -2.23285647e-02  -9.72346173e-14  -7.00709156e-15   3.53609309e-14
  1.27440000e-04  -9.12634268e-03   4.96479686e-03  -2.28220424e-02  -9.91856345e-14  -1.75462865e-14   3.58464122e-14
  1.27520000e-04  -1.00314792e-02   5.35661800e-03  -2.32006754e-02  -9.99003235e-14  -2.90391288e-14   3.64901659e-14
  1.27600000e-04  -1.11985104e-02   5.86742796e-03  -2.32942384e-02  -9.86861671e-14  -4.11882287e-14   3.70679261e-14
  1.27680000e-04  -1.25856263e-02   6.47027642e-03  -2.29984645e-02  -9.52314651e-14  -5.33725666e-14   3.70986669e-14
  1.27760000e-04  -1.41205166e-02   7.13217865e-03  -2.21627591e-02  -8.92708896e-14  -6.46129995e-14   3.60839378e-14
  1.27840000e-04  -1.56393027e-02   7.76504079e-03  -2.07839522e-02  -8.11910694e-14  -7.38613980e-14   3.34986790e-14
  1.27920000e-04  -1.69717934e-02   8.29841766e-03  -1.88865003e-02  -7.16188228e-14  -8.01119407e-14   2.91582619e-14
  1.28000000e-04  -1.79755237e-02   8.65839970e-03  -1.65425959e-02  -6.13161329e-14  -8.26682782e-14   2.33587645e-14
  1.28080000e-04  -1.84082778e-02   8.74860441e-03  -1.38603631e-02  -5.09438478e-14  -8.09495742e-14   1.65646958e-14
  1.28160000e-04  -1.82755662e-02   8.57870177e-03  -1.11727439e-02  -4.15759070e-14  -7.59039297e-14   9.72599596e-15
  1.28240000e-04  -1.76846092e-02   8.19656857e-03  -8.60333770e-03  -3.35089408e-14  -6.84637141e-14   3.65265158e-15
  1.28320000e-04  -1.66850791e-02   7.65201016e-03  -6.33852825e-03  -2.69251853e-14  -5.97691021e-14  -1.27867693e-15
  1.28400000e-04  -1.54759478e-02   7.01375369e-03  -4.37152891e-03  -2.16174587e-14  -5.07130976e-14  -4.83549652e-15
  1.28480000e-04  -1.41231364e-02   6.33312825e-03  -2.75267359e-03  -1.74315887e-14  -4.19868722e-14  -7.16377735e-15
  1.28560000e-04  -1.27429042e-02   5.65124062e-03  -1.42353820e-03  -1.41057575e-14  -3.39326224e-14  -8.43890109e-15
  1.28640000e-04  -5.80544104e-03   2.46946138e-03  -3.67099901e-04  -5.82178298e-15  -1.43127315e-14  -4.21334862e-15
  1.28720000e-04   1.06232850e-02  -4.87908278e-03  -4.70391305e-04   1.06058502e-14   2.22527596e-14   8.70745831e-15
  1.28800000e-04   1.13822144e-02  -5.18127774e-03  -1.16345514e-03   1.07979310e-14   2.19482018e-14   7.89427594e-15
  1.28880000e-04   1.03682270e-02  -4.69325319e-03  -1.74757788e-03   9.15035828e-15   1.79328110e-14   6.12835019e-15
  1.28960000e-04   9.42141566e-03  -4.23583686e-03  -2.26682152e-03   7.53555328e-15   1.42165929e-14   4.75397443e-15
  1.29040000e-04   8.54472413e-03  -3.80507784e-03  -2.74053929e-03   5.97038294e-15   1.07573538e-14   3.67909579e-15
  1.29120000e-04   7.72259352e-03  -3.40827784e-03  -3.17138685e-03   4.50349201e-15   7.52230452e-15   2.88218841e-15
  1.29200000e-04   6.93283367e-03  -3.03164483e-03  -3.58839830e-03   3.09582989e-15   4.36868502e-15   2.29031775e-15
  1.29280000e-04   6.21291308e-03  -2.67628613e-03  -3.96164052e-03   1.80380984e-15   1.49165695e-15   1.82116800e-15
  1.29360000e-04   5.51594748e-03  -2.33982475e-03  -4.34432267e-03   5.76505356e-16  -1.39558629e-15   1.48363763e-15
  1.29440000e-04   4.85818032e-03  -2.01947930e-03  -4.73642916e-03  -5.78256973e-16  -4.25308010e-15   1.22027172e-15
  1.29520000e-04   4.23923363e-03  -1.71086476e-03  -5.11875561e-03  -1.63458206e-15  -7.01748225e-15   9.91762106e-16
  1.29600000e-04   3.63869415e-03  -1.41012754e-03  -5.49661357e-03  -2.59652586e-15  -9.75543749e-15   7.83836739e-16
  1.29680000e-04   3.06583614e-03  -1.12679172e-03  -5.88717499e-03  -3.44650376e-15  -1.25027013e-14   5.98168830e-16
  1.29760000e-04   2.51821581e-03  -8.56856332e-04  -6.31792268e-03  -4.20571928e-15  -1.53588954e-14   4.06693492e-16
  1.29840000e-04   2.01033064e-03  -6.02193274e-04  -6.76044565e-03  -4.82117033e-15  -1.81937810e-14   1.86973784e-16
  1.29920000e-04   1.52534723e-03  -3.60018017e-04  -7.20497332e-03  -5.27456314e-15  -2.10132824e-14  -6.66733948e-17
  1.30000000e-04   1.07058582e-03  -1.28743136e-04  -7.67887967e-03  -5.57394099e-15  -2.38909601e-14  -3.76563403e-16
  1.30080000e-04   6.33132054e-04   9.89425892e-05  -8.18593600e-03  -5.71250454e-15  -2.68687085e-14  -7.66586657e-16
  1.30160000e-04   2.36090129e-04   3.04392456e-04  -8.72099089e-03  -5.61566412e-15  -2.98682165e-14  -1.19452741e-15
  1.30240000e-04  -1.32783052e-04   4.95450886e-04  -9.27050238e-03  -5.26458688e-15  -3.28632485e-14  -1.68093131e-15
  1.30320000e-04  -4.60109121e-04   6.67567427e-04  -9.82933770e-03  -4.62478750e-15  -3.57918172e-14  -2.21434496e-15
  1.30400000e-04  -7.42655485e-04   8.15959193e-04  -1.04520024e-02  -3.66517634e-15  -3.88237396e-14  -2.77043793e-15
  1.30480000e-04  -1.00319585e-03   9.57360400e-04  -1.10946899e-02  -2.38256968e-15  -4.18395689e-14  -3.39489997e-15
  1.30560000e-04  -1.21380410e-03   1.07142425e-03  -1.17537411e-02  -6.94965065e-16  -4.47355001e-14  -4.00614134e-15
  1.30640000e-04  -1.36467016e-03   1.15618220e-03  -1.23723302e-02   1.40080501e-15  -4.72566093e-14  -4.57059312e-15
  1.30720000e-04  -1.49109541e-03   1.22685407e-03  -1.30227485e-02   3.89469121e-15  -4.97105567e-14  -5.12909811e-15
  1.30800000e-04  -1.55566013e-03   1.26713328e-03  -1.37363663e-02   6.87768390e-15  -5.20815252e-14  -5.58325041e-15
  1.30880000e-04  -1.55561429e-03   1.27101440e-03  -1.43284943e-02   1.02233265e-14  -5.36708512e-14  -5.87081766e-15
  1.30960000e-04  -1.50991953e-03   1.24580598e-03  -1.49990805e-02   1.40528158e-14  -5.51834254e-14  -5.99813182e-15
  1.31040000e-04  -1.41457409e-03   1.17779906e-03  -1.56140110e-02   1.82546880e-14  -5.60952681e-14  -5.88519906e-15
  1.31120000e-04  -1.27624072e-03   1.08207924e-03  -1.62310351e-02   2.28226566e-14  -5.65758037e-14  -5.56629357e-15
  1.31200000e-04  -1.08807572e-03   9.53659398e-04  -1.67539099e-02   2.75598069e-14  -5.62561454e-14  -4.99205016e-15
  1.31280000e-04  -8.58048506e-04   7.88313168e-04  -1.72245713e-02   3.24539712e-14  -5.52707383e-14  -4.14627053e-15
  1.31360000e-04  -5.87996750e-04   5.81264343e-04  -1.76061709e-02   3.73399052e-14  -5.35067307e-14  -3.01356256e-15
  1.31440000e-04  -2.86730939e-04   3.44012621e-04  -1.79318461e-02   4.21614463e-14  -5.10923266e-14  -1.65434145e-15
  1.31520000e-04   2.42475461e-05   8.19728440e-05  -1.82527561e-02   4.69655959e-14  -4.82124871e-14  -1.54130928e-16
  1.31600000e-04   3.71601889e-04  -2.11844547e-04  -1.83758276e-02   5.11708081e-14  -4.43390144e-14   1.54595200e-15
  1.31680000e-04   7.06846647e-04  -5.12432241e-04  -1.84541876e-02   5.50256164e-14  -4.00471209e-14   3.21965452e-15
  1.31760000e-04   1.04914028e-03  -8.38802196e-04  -1.84439221e-02   5.83730854e-14  -3.52630532e-14   4.92413062e-15
  1.31840000e-04   1.40190469e-03  -1.18432546e-03  -1.83455615e-02   6.11437774e-14  -3.00637814e-14   6.61320997e-15
  1.31920000e-04   1.72862321e-03  -1.52547923e-03  -1.82454119e-02   6.35338558e-14  -2.47523600e-14   8.08889980e-15
  1.32000000e-04   2.03110275e-03  -1.85677504e-03  -1.80141120e-02   6.50848247e-14  -1.92104960e-14   9.31844635e-15
  1.32080000e-04   2.32485842e-03  -2.19000340e-03  -1.77627137e-02   6.61858613e-14  -1.36597119e-14   1.03468183e-14
  1.32160000e-04   2.60568828e-03  -2.51955527e-03  -1.74014411e-02   6.65238519e-14  -8.09848167e-15   1.11338476e-14
  1.32240000e-04   2.86243226e-03  -2.82763305e-03  -1.70535766e-02   6.65062967e-14  -2.74066005e-15   1.16174662e-14
  1.32320000e-04   3.08014838e-03  -3.11056394e-03  -1.66154257e-02   6.57917663e-14   2.37379181e-15   1.17520053e-14
  1.32400000e-04   3.28690803e-03  -3.37562039e-03  -1.62159197e-02   6.48844062e-14   7.20544662e-15   1.16518968e-14
  1.32480000e-04   3.46690581e-03  -3.61914217e-03  -1.58123766e-02   6.36610643e-14   1.17168228e-14   1.12761080e-14
  1.32560000e-04   3.62715934e-03  -3.84773512e-03  -1.53632239e-02   6.20317039e-14   1.58854928e-14   1.06667524e-14
  1.32640000e-04   3.76516019e-03  -4.03698952e-03  -1.48951936e-02   6.00646272e-14   1.96743126e-14   9.85069098e-15
  1.32720000e-04   3.88070103e-03  -4.19689962e-03  -1.44285261e-02   5.78920394e-14   2.30623055e-14   8.86241009e-15
  1.32800000e-04   3.98756867e-03  -4.34897943e-03  -1.40208849e-02   5.57838953e-14   2.61543714e-14   7.75252706e-15
  1.32880000e-04   4.06620937e-03  -4.47664503e-03  -1.35921717e-02   5.34606418e-14   2.88406610e-14   6.49438246e-15
  1.32960000e-04   4.12815532e-03  -4.56555511e-03  -1.31982506e-02   5.10804805e-14   3.12227654e-14   5.17636037e-15
  1.33040000e-04   4.17537248e-03  -4.63484516e-03  -1.28299340e-02   4.86801606e-14   3.33143858e-14   3.80756308e-15
  1.33120000e-04   4.22385003e-03  -4.69698850e-03  -1.24978534e-02   4.63335934e-14   3.51998237e-14   2.43025595e-15
  1.33200000e-04   4.24889685e-03  -4.72412745e-03  -1.20970215e-02   4.37018083e-14   3.66221893e-14   1.04790968e-15
  1.33280000e-04   4.26001318e-03  -4.73270172e-03  -1.17523155e-02   4.11788165e-14   3.78570005e-14  -3.18540675e-16
  1.33360000e-04   4.26459261e-03  -4.72627865e-03  -1.13929902e-02   3.86082078e-14   3.87939662e-14  -1.64160733e-15
  1.33440000e-04   4.26364836e-03  -4.71732768e-03  -1.10354481e-02   3.60789660e-14   3.94839772e-14  -2.93878730e-15
  1.33520000e-04   4.25593789e-03  -4.69204942e-03  -1.07343348e-02   3.36719487e-14   4.00827217e-14  -4.17020615e-15
  1.33600000e-04   4.23432084e-03  -4.64706334e-03  -1.04113980e-02   3.12309718e-14   4.03826523e-14  -5.32289595e-15
  1.33680000e-04   4.20108359e-03  -4.58840575e-03  -1.00813758e-02   2.88150995e-14   4.04403868e-14  -6.39816068e-15
  1.33760000e-04   4.17471703e-03  -4.52759081e-03  -9.81848440e-03   2.65747353e-14   4.05413322e-14  -7.39549611e-15
  1.33840000e-04   4.15107626e-03  -4.45861446e-03  -9.61957268e-03   2.44608550e-14   4.06988318e-14  -8.30821995e-15
  1.33920000e-04   4.11976960e-03  -4.38784392e-03  -9.31554429e-03   2.22779089e-14   4.03699567e-14  -9.16288031e-15
  1.34000000e-04   4.07370900e-03  -4.30432248e-03  -8.98050583e-03   2.01343927e-14   3.97617319e-14  -9.92434741e-15
  1.34080000e-04   4.02559012e-03  -4.21437958e-03  -8.76745988e-03   1.81928355e-14   3.94270471e-14  -1.05986962e-14
  1.34160000e-04   3.96797057e-03  -4.12039177e-03  -8.57363940e-03   1.63305728e-14   3.90345370e-14  -1.12015853e-14
  1.34240000e-04   3.92999354e-03  -4.03684365e-03  -8.31290951e-03   1.45258742e-14   3.83698311e-14  -1.17656059e-14
  1.34320000e-04   3.87840063e-03  -3.94376064e-03  -8.03365574e-03   1.27903977e-14   3.75177078e-14  -1.22428164e-14
  1.34400000e-04   3.82831463e-03  -3.85007140e-03  -7.82847208e-03   1.11829258e-14   3.68524587e-14  -1.26554502e-14
  1.34480000e-04   3.77733334e-03  -3.76582130e-03  -7.66864972e-03   9.68399495e-15   3.62836370e-14  -1.30476707e-14
  1.34560000e-04   3.71859814e-03  -3.66673787e-03  -7.50217047e-03   8.22089615e-15   3.56180577e-14  -1.33337242e-14
  1.34640000e-04   3.66609566e-03  -3.57170681e-03  -7.29591567e-03   6.83900605e-15   3.47709506e-14  -1.35855724e-14
  1.34720000e-04   3.60766040e-03  -3.48113627e-03  -7.12312478e-03   5.54113619e-15   3.39886688e-14  -1.38041454e-14
  1.34800000e-04   3.54703737e-03  -3.38979632e-03  -6.91946413e-03   4.32936107e-15   3.30490577e-14  -1.39711930e-14
  1.34880000e-04   3.48161611e-03  -3.28582092e-03  -6.75382442e-03   3.15679931e-15   3.22080379e-14  -1.40422782e-14
  1.34960000e-04   3.41532034e-03  -3.18862366e-03  -6.58725883e-03   2.07217215e-15   3.13348946e-14  -1.40935793e-14
  1.35040000e-04   3.33852633e-03  -3.08646997e-03  -6.50180266e-03   9.87277916e-16   3.07224969e-14  -1.40773283e-14
  1.35120000e-04   3.27465390e-03  -2.99095970e-03  -6.34720923e-03   2.16727256e-17   2.98568159e-14  -1.40580780e-14
  1.35200000e-04   3.19753801e-03  -2.88650196e-03  -6.20034504e-03  -8.99536682e-16   2.89809339e-14  -1.39556468e-14
  1.35280000e-04   3.12456001e-03  -2.78887816e-03  -6.09613360e-03  -1.79009208e-15   2.82611786e-14  -1.38465197e-14
  1.35360000e-04   3.04608148e-03  -2.69305287e-03  -5.98792441e-03  -2.62171884e-15   2.75075947e-14  -1.37051456e-14
  1.35440000e-04   2.97194855e-03  -2.59701667e-03  -5.90023695e-03  -3.43045740e-15   2.68305866e-14  -1.35375281e-14
  1.35520000e-04   2.89723716e-03  -2.49878826e-03  -5.81178742e-03  -4.19369363e-15   2.61451035e-14  -1.33317338e-14
  1.35600000e-04   2.81922627e-03  -2.40223744e-03  -5.68904437e-03  -4.85502255e-15   2.53255871e-14  -1.30998241e-14
  1.35680000e-04   2.73370469e-03  -2.30536335e-03  -5.63662447e-03  -5.57880461e-15   2.47526834e-14  -1.28294396e-14
  1.35760000e-04   2.65235268e-03  -2.20971914e-03  -5.49390993e-03  -6.11382743e-15   2.38550061e-14  -1.25464179e-14
  1.35840000e-04   2.56310795e-03  -2.11764188e-03  -5.49632506e-03  -6.85245569e-15   2.34752919e-14  -1.22401503e-14
  1.35920000e-04   2.47368213e-03  -2.01876776e-03  -5.43834866e-03  -7.46438070e-15   2.28763727e-14  -1.18871725e-14
  1.36000000e-04   2.37844689e-03  -1.92288520e-03  -5.36098056e-03  -7.99832473e-15   2.22041589e-14  -1.15127519e-14
  1.36080000e-04   2.28546850e-03  -1.81982724e-03  -5.30142151e-03  -8.54000943e-15   2.16034193e-14  -1.10974789e-14
  1.36160000e-04   2.18320961e-03  -1.71651287e-03  -5.25306436e-03  -9.07379122e-15   2.10343259e-14  -1.06443926e-14
  1.36240000e-04   2.09066221e-03  -1.61767193e-03  -5.19547576e-03  -9.55085749e-15   2.04501529e-14  -1.02106636e-14
  1.36320000e-04   1.98087554e-03  -1.51965268e-03  -5.19266798e-03  -1.01213000e-14   2.00392733e-14  -9.72559216e-15
  1.36400000e-04   1.87111500e-03  -1.42245556e-03  -5.16989723e-03  -1.06247718e-14   1.95620223e-14  -9.22770321e-15
  1.36480000e-04   1.76426054e-03  -1.32691066e-03  -5.20891135e-03  -1.12538980e-14   1.92981489e-14  -8.72768314e-15
  1.36560000e-04   1.65355860e-03  -1.22541367e-03  -5.16020359e-03  -1.16573588e-14   1.87384101e-14  -8.18541927e-15
  1.36640000e-04   1.53719666e-03  -1.12669499e-03  -5.12327191e-03  -1.20643784e-14   1.82160321e-14  -7.62583654e-15
  1.36720000e-04   1.41112317e-03  -1.02013514e-03  -5.15227595e-03  -1.26318796e-14   1.78996319e-14  -7.00373618e-15
  1.36800000e-04   1.29449637e-03  -9.27433789e-04  -5.07813622e-03  -1.28924641e-14   1.72659748e-14  -6.43982260e-15
  1.36880000e-04   1.17347118e-03  -8.27310256e-04  -5.12399789e-03  -1.34704338e-14   1.70069553e-14  -5.83083660e-15
  1.36960000e-04   1.05082000e-03  -7.28591420e-04  -5.09950503e-03  -1.38372604e-14   1.65275608e-14  -5.21272336e-15
  1.37040000e-04   9.20938227e-04  -6.34132545e-04  -5.11052025e-03  -1.42874818e-14   1.61491736e-14  -4.57851717e-15
  1.37120000e-04   7.90125432e-04  -5.34388582e-04  -5.16805043e-03  -1.48697741e-14   1.59033507e-14  -3.91783245e-15
  1.37200000e-04   6.55977210e-04  -4.36237073e-04  -5.20758516e-03  -1.53932641e-14   1.55912623e-14  -3.24509664e-15
  1.37280000e-04   5.15770472e-04  -3.36411753e-04  -5.22311617e-03  -1.58368318e-14   1.51983943e-14  -2.54275193e-15
  1.37360000e-04   3.75188976e-04  -2.49751145e-04  -5.22466820e-03  -1.62172926e-14   1.47590999e-14  -1.87009991e-15
  1.37440000e-04   2.36910058e-04  -1.53540730e-04  -5.24078656e-03  -1.66422505e-14   1.43558032e-14  -1.17289971e-15
  1.37520000e-04   9.48001027e-05  -6.16567761e-05  -5.31803348e-03  -1.72573411e-14   1.40987499e-14  -4.71091651e-16
  1.37600000e-04   0.00000000e+00   0.00000000e+00   0.00000000e+00   0.00000000e+00   0.00000000e+00   0.00000000e+00
