       time             b_x              b_y              b_z              F_x              F_y              F_z
  0.00000000e+00   9.02127438e-05   7.91070003e-05  -2.96961969e-03   6.80861702e-15   1.22425813e-14   5.32963163e-16
  8.00000000e-08   2.10418100e-04   1.84670949e-04  -2.90630754e-03   6.80902096e-15   1.17396001e-14   1.23892750e-15
  1.60000000e-07   3.20258450e-04   2.81030535e-04  -2.84646554e-03   6.80249787e-15   1.12766479e-14   1.87869473e-15
  2.40000000e-07   4.33166996e-04   3.81785389e-04  -2.78922239e-03   6.82094912e-15   1.08161980e-14   2.53980336e-15
  3.20000000e-07   5.34581114e-04   4.76748093e-04  -2.73561502e-03   6.83845915e-15   1.04015002e-14   3.14905659e-15
  4.00000000e-07   6.33105614e-04   5.69845761e-04  -2.68326661e-03   6.85882918e-15   1.00007784e-14   3.74217917e-15
  4.80000000e-07   7.27224774e-04   6.58635468e-04  -2.62921701e-03   6.86903442e-15   9.60544081e-15   4.30615502e-15
  5.60000000e-07   8.14757117e-04   7.41461930e-04  -2.57871692e-03   6.87456541e-15   9.24430274e-15   4.83007637e-15
  6.40000000e-07   9.02380866e-04   8.29149394e-04  -2.52769321e-03   6.89383226e-15   8.88302769e-15   5.37494791e-15
  7.20000000e-07   9.82859911e-04   9.09602274e-04  -2.47995740e-03   6.90276798e-15   8.55690022e-15   5.87422582e-15
  8.00000000e-07   1.06492445e-03   9.93087755e-04  -2.43040965e-03   6.91674391e-15   8.22188923e-15   6.39022612e-15
  8.80000000e-07   1.14286422e-03   1.07480198e-03  -2.38311512e-03   6.93055034e-15   7.91067061e-15   6.89143477e-15
  9.60000000e-07   1.21017182e-03   1.14872189e-03  -2.33725670e-03   6.92737551e-15   7.63529804e-15   7.33943711e-15
  1.04000000e-06   1.27532528e-03   1.22069741e-03  -2.28977823e-03   6.91577506e-15   7.36103129e-15   7.77606072e-15
  1.12000000e-06   1.34006288e-03   1.29681476e-03  -2.24404597e-03   6.91554548e-15   7.09930924e-15   8.23234241e-15
  1.20000000e-06   1.40181559e-03   1.36973838e-03  -2.20014833e-03   6.90866783e-15   6.85691780e-15   8.67071618e-15
  1.28000000e-06   1.45554458e-03   1.43640048e-03  -2.15451658e-03   6.88183570e-15   6.62871440e-15   9.06853414e-15
  1.36000000e-06   1.51788724e-03   1.51516084e-03  -2.11055593e-03   6.88223417e-15   6.39236900e-15   9.53868238e-15
  1.44000000e-06   1.56472081e-03   1.57941785e-03  -2.06758151e-03   6.84781936e-15   6.19945909e-15   9.91809115e-15
  1.52000000e-06   1.61186048e-03   1.64510069e-03  -2.02495214e-03   6.81329673e-15   6.01114099e-15   1.03069181e-14
  1.60000000e-06   1.65238698e-03   1.70651673e-03  -1.98066742e-03   6.76294757e-15   5.83251122e-15   1.06672550e-14
  1.68000000e-06   1.69441908e-03   1.77136594e-03  -1.93720795e-03   6.71695746e-15   5.65762582e-15   1.10484094e-14
  1.76000000e-06   1.72986221e-03   1.83442484e-03  -1.89279461e-03   6.66093516e-15   5.49511837e-15   1.14132202e-14
  1.84000000e-06   1.75509095e-03   1.88463375e-03  -1.84730708e-03   6.57265375e-15   5.35038660e-15   1.17030485e-14
  1.92000000e-06   1.78203034e-03   1.94123312e-03  -1.80070075e-03   6.49137275e-15   5.19845986e-15   1.20282316e-14
  2.00000000e-06   1.80779576e-03   1.99937986e-03  -1.75911179e-03   6.41556113e-15   5.07502009e-15   1.23613049e-14
  2.08000000e-06   1.82997364e-03   2.05450867e-03  -1.71502986e-03   6.32510472e-15   4.94803172e-15   1.26764842e-14
  2.16000000e-06   1.84434524e-03   2.10389330e-03  -1.67007868e-03   6.21771525e-15   4.83246941e-15   1.29542480e-14
  2.24000000e-06   1.86020032e-03   2.15583305e-03  -1.62535228e-03   6.11026216e-15   4.71612592e-15   1.32485074e-14
  2.32000000e-06   1.87442350e-03   2.20946425e-03  -1.58208947e-03   6.00226853e-15   4.61086000e-15   1.35506391e-14
  2.40000000e-06   1.87472303e-03   2.24911137e-03  -1.53802287e-03   5.86440443e-15   4.52517644e-15   1.37655689e-14
  2.48000000e-06   1.87717176e-03   2.29147479e-03  -1.49209252e-03   5.72429391e-15   4.42565227e-15   1.39982965e-14
  2.56000000e-06   1.88003707e-03   2.33703209e-03  -1.44667989e-03   5.58529461e-15   4.32726460e-15   1.42488447e-14
  2.64000000e-06   1.87203907e-03   2.37487792e-03  -1.40560290e-03   5.43536544e-15   4.26627869e-15   1.44472579e-14
  2.72000000e-06   1.86726814e-03   2.41560375e-03  -1.36172599e-03   5.28171968e-15   4.18441003e-15   1.46654053e-14
  2.80000000e-06   1.85698708e-03   2.45155201e-03  -1.31878261e-03   5.11797441e-15   4.11330260e-15   1.48530830e-14
  2.88000000e-06   1.83755681e-03   2.47936779e-03  -1.27585305e-03   4.93934804e-15   4.05202544e-15   1.49882418e-14
  2.96000000e-06   1.82341083e-03   2.51625317e-03  -1.23593852e-03   4.77291144e-15   3.99592953e-15   1.51769271e-14
  3.04000000e-06   1.80277243e-03   2.54270225e-03  -1.19299211e-03   4.58582266e-15   3.92921736e-15   1.53043966e-14
  3.12000000e-06   1.77938358e-03   2.56732249e-03  -1.15181882e-03   4.39616800e-15   3.87082374e-15   1.54191976e-14
  3.20000000e-06   1.75188791e-03   2.58945087e-03  -1.11099136e-03   4.20163358e-15   3.81451126e-15   1.55161248e-14
  3.28000000e-06   1.72358222e-03   2.61306567e-03  -1.07368191e-03   4.01058903e-15   3.77259583e-15   1.56197292e-14
  3.36000000e-06   1.69421217e-03   2.63438728e-03  -1.03866509e-03   3.81748991e-15   3.73894280e-15   1.57100314e-14
  3.44000000e-06   1.65525202e-03   2.64584650e-03  -1.00308810e-03   3.61261680e-15   3.70623288e-15   1.57373162e-14
  3.52000000e-06   1.62128892e-03   2.65756798e-03  -9.67050465e-04   3.40679123e-15   3.66061621e-15   1.57713892e-14
  3.60000000e-06   1.58277778e-03   2.66272604e-03  -9.37041186e-04   3.20222963e-15   3.64447932e-15   1.57652280e-14
  3.68000000e-06   1.53882658e-03   2.67144584e-03  -9.07036421e-04   3.00054586e-15   3.62628181e-15   1.57708498e-14
  3.76000000e-06   1.49265583e-03   2.67286700e-03  -8.79677856e-04   2.79703366e-15   3.61659896e-15   1.57349608e-14
  3.84000000e-06   1.44907008e-03   2.67589769e-03  -8.52294417e-04   2.59541634e-15   3.59818874e-15   1.57097416e-14
  3.92000000e-06   1.40010921e-03   2.67039764e-03  -8.25856129e-04   2.39111572e-15   3.58099363e-15   1.56328683e-14
  4.00000000e-06   1.34662021e-03   2.65929034e-03  -8.04422238e-04   2.19173559e-15   3.58506851e-15   1.55206717e-14
  4.08000000e-06   1.29284832e-03   2.64465439e-03  -7.87839722e-04   1.99905686e-15   3.60703175e-15   1.53887007e-14
  4.16000000e-06   1.24200439e-03   2.63056594e-03  -7.73476278e-04   1.81240273e-15   3.63181202e-15   1.52619201e-14
  4.24000000e-06   1.18937604e-03   2.61095017e-03  -7.62923673e-04   1.63131284e-15   3.67004063e-15   1.51031328e-14
  4.32000000e-06   1.13694195e-03   2.59400670e-03  -7.55910736e-04   1.45857276e-15   3.71958300e-15   1.49580304e-14
  4.40000000e-06   1.07710965e-03   2.56235257e-03  -7.49450593e-04   1.28718786e-15   3.76621433e-15   1.47265364e-14
  4.48000000e-06   1.02075484e-03   2.53974312e-03  -7.49239334e-04   1.12889362e-15   3.83751105e-15   1.45462410e-14
  4.56000000e-06   9.62970892e-04   2.50858793e-03  -7.51504172e-04   9.76578450e-16   3.91459286e-15   1.43186391e-14
  4.64000000e-06   9.11549433e-04   2.47499540e-03  -7.61399089e-04   8.36813249e-16   4.02452918e-15   1.40839252e-14
  4.72000000e-06   8.53843806e-04   2.43728356e-03  -7.71093230e-04   7.02232479e-16   4.12658419e-15   1.38209651e-14
  4.80000000e-06   7.98001529e-04   2.39671463e-03  -7.88372522e-04   5.80775873e-16   4.26194312e-15   1.35445124e-14
  4.88000000e-06   7.40284434e-04   2.35009634e-03  -8.08725432e-04   4.68799673e-16   4.40652563e-15   1.32341638e-14
  4.96000000e-06   6.86640214e-04   2.29370203e-03  -8.39883490e-04   3.74619675e-16   4.60250466e-15   1.28755992e-14
  5.04000000e-06   6.31564571e-04   2.24913749e-03  -8.69257092e-04   2.83095474e-16   4.78226571e-15   1.25794385e-14
  5.12000000e-06   5.79773305e-04   2.19880179e-03  -9.02552910e-04   2.01814429e-16   4.97755497e-15   1.22559722e-14
  5.20000000e-06   5.21683722e-04   2.13930959e-03  -9.43980393e-04   1.35848108e-16   5.20855838e-15   1.18790483e-14
  5.28000000e-06   4.69110013e-04   2.08267076e-03  -9.87703210e-04   7.65381068e-17   5.44761245e-15   1.15231862e-14
  5.36000000e-06   4.22749606e-04   2.02853304e-03  -1.03346298e-03   2.29307976e-17   5.69455927e-15   1.11869471e-14
  5.44000000e-06   3.81259646e-04   1.96726641e-03  -1.08813944e-03  -1.63024190e-17   5.98661120e-15   1.08175876e-14
  5.52000000e-06   3.40709709e-04   1.91024838e-03  -1.14596391e-03  -5.12402349e-17   6.29183376e-15   1.04728492e-14
  5.60000000e-06   3.00111098e-04   1.84829617e-03  -1.20653557e-03  -7.85716500e-17   6.60784284e-15   1.01030345e-14
  5.68000000e-06   2.56011725e-04   1.78926323e-03  -1.27180677e-03  -1.01422681e-16   6.94332065e-15   9.74791394e-15
  5.76000000e-06   2.11369665e-04   1.72455457e-03  -1.34375332e-03  -1.14600810e-16   7.31037230e-15   9.36400503e-15
  5.84000000e-06   1.78220266e-04   1.66140840e-03  -1.42052375e-03  -1.24534170e-16   7.70680806e-15   8.99806229e-15
  5.92000000e-06   1.45044779e-04   1.60044538e-03  -1.49887678e-03  -1.34984721e-16   8.10902558e-15   8.64545631e-15
  6.00000000e-06   1.16299061e-04   1.54225607e-03  -1.57971718e-03  -1.46968290e-16   8.52508072e-15   8.31209878e-15
  6.08000000e-06   8.00981096e-05   1.48562995e-03  -1.66190765e-03  -1.61481025e-16   8.94079335e-15   7.98466511e-15
  6.16000000e-06   5.38085536e-05   1.42817813e-03  -1.74518170e-03  -1.77768527e-16   9.36727788e-15   7.66027739e-15
  6.24000000e-06   2.72115978e-05   1.37748932e-03  -1.83398198e-03  -2.00610260e-16   9.82119878e-15   7.37364799e-15
  6.32000000e-06   7.14865210e-06   1.32719299e-03  -1.92069955e-03  -2.30176633e-16   1.02674422e-14   7.09389026e-15
  6.40000000e-06  -1.49906426e-05   1.28464402e-03  -2.01083928e-03  -2.71020682e-16   1.07287025e-14   6.85615522e-15
  6.48000000e-06  -3.60963255e-05   1.24289261e-03  -2.10052190e-03  -3.20264775e-16   1.11867423e-14   6.62477254e-15
  6.56000000e-06  -5.66688036e-05   1.20122828e-03  -2.19105805e-03  -3.77499168e-16   1.16481367e-14   6.39575190e-15
  6.64000000e-06  -7.39066303e-05   1.16168747e-03  -2.28323773e-03  -4.45237258e-16   1.21196044e-14   6.18073989e-15
  6.72000000e-06  -8.93323167e-05   1.13076516e-03  -2.37276531e-03  -5.31426820e-16   1.25768603e-14   6.01363688e-15
  6.80000000e-06  -1.04399569e-04   1.10219687e-03  -2.46292974e-03  -6.30463565e-16   1.30359946e-14   5.86052141e-15
  6.88000000e-06  -1.20655379e-04   1.07712833e-03  -2.55349897e-03  -7.44354887e-16   1.34940626e-14   5.72729723e-15
  6.96000000e-06  -1.38743724e-04   1.05972921e-03  -2.64155161e-03  -8.78316840e-16   1.39344788e-14   5.63632192e-15
  7.04000000e-06  -1.56418405e-04   1.05064765e-03  -2.72636610e-03  -1.03361044e-15   1.43552698e-14   5.59132765e-15
  7.12000000e-06  -1.72408706e-04   1.04390389e-03  -2.81138923e-03  -1.20451108e-15   1.47758285e-14   5.56031617e-15
  7.20000000e-06  -1.90978436e-04   1.04079757e-03  -2.89270946e-03  -1.39262580e-15   1.51705577e-14   5.55031236e-15
  7.28000000e-06  -2.12579147e-04   1.04553970e-03  -2.96922444e-03  -1.60202193e-15   1.55325853e-14   5.58411514e-15
  7.36000000e-06  -2.30132998e-04   1.04864499e-03  -3.04527758e-03  -1.82307074e-15   1.58923353e-14   5.61031506e-15
  7.44000000e-06  -2.46086343e-04   1.05649881e-03  -3.12149696e-03  -2.06327097e-15   1.62502652e-14   5.66270891e-15
  7.52000000e-06  -2.64637087e-04   1.07133719e-03  -3.18949932e-03  -2.32277290e-15   1.65568349e-14   5.75408330e-15
  7.60000000e-06  -2.90699101e-04   1.09010731e-03  -3.25392744e-03  -2.59873384e-15   1.68302409e-14   5.87051143e-15
  7.68000000e-06  -3.16123680e-04   1.12026794e-03  -3.31541379e-03  -2.90006539e-15   1.70826745e-14   6.04870261e-15
  7.76000000e-06  -3.42499059e-04   1.15419741e-03  -3.37633834e-03  -3.21907153e-15   1.73243128e-14   6.24884234e-15
  7.84000000e-06  -3.73106400e-04   1.19310876e-03  -3.43244376e-03  -3.55496135e-15   1.75281590e-14   6.47916776e-15
  7.92000000e-06  -4.06952434e-04   1.22400127e-03  -3.48613712e-03  -3.89195401e-15   1.77075206e-14   6.67152982e-15
  8.00000000e-06  -4.41557809e-04   1.25925361e-03  -3.53669024e-03  -4.24438820e-15   1.78611919e-14   6.88946772e-15
  8.08000000e-06  -4.77454061e-04   1.29770083e-03  -3.58375198e-03  -4.61004158e-15   1.79862574e-14   7.12712944e-15
  8.16000000e-06  -5.13956994e-04   1.33969848e-03  -3.63184460e-03  -4.99288679e-15   1.81065770e-14   7.38563615e-15
  8.24000000e-06  -5.60593439e-04   1.39743475e-03  -3.67056770e-03  -5.40038941e-15   1.81545087e-14   7.73645021e-15
  8.32000000e-06  -6.05670833e-04   1.45227705e-03  -3.71179504e-03  -5.81763591e-15   1.82067489e-14   8.07286383e-15
  8.40000000e-06  -6.46751315e-04   1.49994461e-03  -3.74611035e-03  -6.22846535e-15   1.82181144e-14   8.36986303e-15
  8.48000000e-06  -6.97715451e-04   1.55472950e-03  -3.78005847e-03  -6.65909661e-15   1.82019013e-14   8.71552322e-15
  8.56000000e-06  -7.46182432e-04   1.60606663e-03  -3.81388901e-03  -7.09436796e-15   1.81766198e-14   9.04235941e-15
  8.64000000e-06  -7.97612826e-04   1.66163485e-03  -3.84555911e-03  -7.54320245e-15   1.81232243e-14   9.39544422e-15
  8.72000000e-06  -8.55288613e-04   1.72130498e-03  -3.87535175e-03  -8.00565892e-15   1.80371947e-14   9.77837996e-15
  8.80000000e-06  -9.12494584e-04   1.77830607e-03  -3.90528148e-03  -8.47372789e-15   1.79383005e-14   1.01483132e-14
  8.88000000e-06  -9.71092664e-04   1.83184387e-03  -3.93522382e-03  -8.94546599e-15   1.78224857e-14   1.05038212e-14
  8.96000000e-06  -1.02708192e-03   1.88141955e-03  -3.96426824e-03  -9.41799305e-15   1.76915100e-14   1.08363513e-14
  9.04000000e-06  -1.08546138e-03   1.93212546e-03  -3.99250987e-03  -9.89951916e-15   1.75371883e-14   1.11783302e-14
  9.12000000e-06  -1.15033487e-03   1.99029264e-03  -4.02136546e-03  -1.04035867e-14   1.73580304e-14   1.15670085e-14
  9.20000000e-06  -1.21258490e-03   2.04408482e-03  -4.04901828e-03  -1.09064875e-14   1.71604985e-14   1.19294489e-14
  9.28000000e-06  -1.27465039e-03   2.09232862e-03  -4.07816940e-03  -1.14099593e-14   1.69529374e-14   1.22640382e-14
  9.36000000e-06  -1.33222855e-03   2.13552844e-03  -4.10795776e-03  -1.19124379e-14   1.67391687e-14   1.25651391e-14
  9.44000000e-06  -1.39245586e-03   2.17733253e-03  -4.14038061e-03  -1.24242996e-14   1.65147173e-14   1.28631460e-14
  9.52000000e-06  -1.45770592e-03   2.22640576e-03  -4.17263554e-03  -1.29577267e-14   1.62602369e-14   1.32027922e-14
  9.60000000e-06  -1.52194329e-03   2.27039770e-03  -4.20709132e-03  -1.34928477e-14   1.59976368e-14   1.35144076e-14
  9.68000000e-06  -1.58112170e-03   2.31134701e-03  -4.24338234e-03  -1.40324384e-14   1.57335993e-14   1.37986153e-14
  9.76000000e-06  -1.63570599e-03   2.33866928e-03  -4.28237362e-03  -1.45548850e-14   1.54712485e-14   1.40085036e-14
  9.84000000e-06  -1.69940065e-03   2.37590370e-03  -4.32463734e-03  -1.51121083e-14   1.51823361e-14   1.42794159e-14
  9.92000000e-06  -1.75190689e-03   2.40358610e-03  -4.36753199e-03  -1.56552977e-14   1.48993567e-14   1.44792323e-14
  1.00000000e-05  -1.80920657e-03   2.43479902e-03  -4.41199589e-03  -1.62155093e-14   1.45900835e-14   1.47010851e-14
  1.00800000e-05  -1.86719997e-03   2.46221179e-03  -4.46153970e-03  -1.67840479e-14   1.42775061e-14   1.49036929e-14
  1.01600000e-05  -1.91894679e-03   2.48222778e-03  -4.51560532e-03  -1.73505986e-14   1.39752320e-14   1.50554753e-14
  1.02400000e-05  -1.97017288e-03   2.50231076e-03  -4.57120110e-03  -1.79254840e-14   1.36562777e-14   1.52013774e-14
  1.03200000e-05  -2.02089115e-03   2.52280171e-03  -4.63143548e-03  -1.85172694e-14   1.33323116e-14   1.53421471e-14
  1.04000000e-05  -2.06988213e-03   2.53824206e-03  -4.69278795e-03  -1.91025836e-14   1.29912909e-14   1.54524641e-14
  1.04800000e-05  -2.12001002e-03   2.55581639e-03  -4.76181238e-03  -1.97172998e-14   1.26502221e-14   1.55681308e-14
  1.05600000e-05  -2.16450688e-03   2.56374418e-03  -4.83570414e-03  -2.03222921e-14   1.23148354e-14   1.56254036e-14
  1.06400000e-05  -2.20140938e-03   2.56611491e-03  -4.91197951e-03  -2.09202819e-14   1.19814886e-14   1.56352406e-14
  1.07200000e-05  -2.24349888e-03   2.57573483e-03  -4.98834089e-03  -2.15401129e-14   1.16053030e-14   1.56800436e-14
  1.08000000e-05  -2.28263316e-03   2.58198589e-03  -5.07525173e-03  -2.21816904e-14   1.12451190e-14   1.56972314e-14
  1.08800000e-05  -2.31906512e-03   2.58023614e-03  -5.16120670e-03  -2.27975080e-14   1.08580564e-14   1.56717721e-14
  1.09600000e-05  -2.35492443e-03   2.57877619e-03  -5.25910553e-03  -2.34486392e-14   1.04813718e-14   1.56393297e-14
  1.10400000e-05  -2.38734758e-03   2.57512399e-03  -5.36101117e-03  -2.41045001e-14   1.00935770e-14   1.55825141e-14
  1.11200000e-05  -2.42162189e-03   2.57212806e-03  -5.46894647e-03  -2.47794670e-14   9.68309873e-15   1.55263304e-14
  1.12000000e-05  -2.45006890e-03   2.56359413e-03  -5.57939629e-03  -2.54423851e-14   9.26154223e-15   1.54279115e-14
  1.12800000e-05  -2.48312168e-03   2.56165773e-03  -5.69599097e-03  -2.61426733e-14   8.80436437e-15   1.53562755e-14
  1.13600000e-05  -2.51274690e-03   2.55558985e-03  -5.81947796e-03  -2.68475500e-14   8.33669103e-15   1.52533031e-14
  1.14400000e-05  -2.53446964e-03   2.54040325e-03  -5.95043821e-03  -2.75405313e-14   7.87374358e-15   1.50918505e-14
  1.15200000e-05  -2.55080722e-03   2.51916283e-03  -6.08613179e-03  -2.82212517e-14   7.39807345e-15   1.48902336e-14
  1.16000000e-05  -2.58039482e-03   2.51275853e-03  -6.22537116e-03  -2.89573316e-14   6.83853521e-15   1.47629649e-14
  1.16800000e-05  -2.60748455e-03   2.50632133e-03  -6.37322561e-03  -2.97129629e-14   6.25828864e-15   1.46176175e-14
  1.17600000e-05  -2.62928712e-03   2.48900160e-03  -6.52826848e-03  -3.04429717e-14   5.66077004e-15   1.44192874e-14
  1.18400000e-05  -2.64327204e-03   2.46434549e-03  -6.69107021e-03  -3.11590734e-14   5.05527363e-15   1.41711035e-14
  1.19200000e-05  -2.66749750e-03   2.45076868e-03  -6.85583134e-03  -3.19080318e-14   4.35828151e-15   1.39728838e-14
  1.20000000e-05  -2.69318379e-03   2.43471708e-03  -7.02816968e-03  -3.26559700e-14   3.61054742e-15   1.37644927e-14
  1.20800000e-05  -2.71592510e-03   2.42357783e-03  -7.20723282e-03  -3.34257090e-14   2.82214347e-15   1.35449220e-14
  1.21600000e-05  -2.74025014e-03   2.40859295e-03  -7.38999287e-03  -3.41706286e-14   1.96736122e-15   1.33118724e-14
  1.22400000e-05  -2.76765797e-03   2.39641645e-03  -7.57530808e-03  -3.49092860e-14   1.03548541e-15   1.30817674e-14
  1.23200000e-05  -2.79740175e-03   2.38369908e-03  -7.77184617e-03  -3.56534870e-14   3.93341243e-17   1.28451960e-14
  1.24000000e-05  -2.83179810e-03   2.37686245e-03  -7.96839493e-03  -3.63869472e-14  -1.05204103e-15   1.26173379e-14
  1.24800000e-05  -2.86579785e-03   2.36430309e-03  -8.17100202e-03  -3.70783351e-14  -2.21191916e-15   1.23643790e-14
  1.25600000e-05  -2.90557348e-03   2.35018589e-03  -8.37040773e-03  -3.77078710e-14  -3.47764627e-15   1.21128956e-14
  1.26400000e-05  -2.95011808e-03   2.34086523e-03  -8.57063691e-03  -3.83095646e-14  -4.84095306e-15   1.18644299e-14
  1.27200000e-05  -3.00133250e-03   2.33887265e-03  -8.77071184e-03  -3.88845832e-14  -6.31221198e-15   1.16230137e-14
  1.28000000e-05  -3.06435374e-03   2.34118994e-03  -8.96069506e-03  -3.93811292e-14  -7.91939453e-15   1.13983238e-14
  1.28800000e-05  -3.14052541e-03   2.34815001e-03  -9.14532919e-03  -3.98096091e-14  -9.66199872e-15   1.11898942e-14
  1.29600000e-05  -3.21917053e-03   2.35667456e-03  -9.32168478e-03  -4.01409018e-14  -1.14911676e-14   1.09571894e-14
  1.30400000e-05  -3.30574961e-03   2.36470981e-03  -9.48527351e-03  -4.03455461e-14  -1.34241001e-14   1.07143112e-14
  1.31200000e-05  -3.39728775e-03   2.37943573e-03  -9.63017862e-03  -4.04317091e-14  -1.54385666e-14   1.04487234e-14
  1.32000000e-05  -3.50131457e-03   2.39396385e-03  -9.75052451e-03  -4.03478040e-14  -1.75530414e-14   1.01788378e-14
  1.32800000e-05  -3.61746928e-03   2.41240055e-03  -9.83989238e-03  -4.00918252e-14  -1.97472484e-14   9.89773763e-15
  1.33600000e-05  -3.73924819e-03   2.43604969e-03  -9.90121350e-03  -3.96802151e-14  -2.19729163e-14   9.57933654e-15
  1.34400000e-05  -3.87087411e-03   2.46115114e-03  -9.91715563e-03  -3.90521309e-14  -2.42173177e-14   9.23282911e-15
  1.35200000e-05  -4.01294887e-03   2.48857502e-03  -9.88449175e-03  -3.82138873e-14  -2.64524545e-14   8.85442174e-15
  1.36000000e-05  -4.15361735e-03   2.51322803e-03  -9.79816728e-03  -3.71449970e-14  -2.85883155e-14   8.41352730e-15
  1.36800000e-05  -4.29787408e-03   2.54073939e-03  -9.64693502e-03  -3.58664123e-14  -3.06038903e-14   7.91886897e-15
  1.37600000e-05  -4.43471476e-03   2.55449357e-03  -9.42324912e-03  -3.43131873e-14  -3.24027353e-14   7.36440462e-15
  1.38400000e-05  -4.55775494e-03   2.56557634e-03  -9.12266702e-03  -3.25658923e-14  -3.39124002e-14   6.73295479e-15
  1.39200000e-05  -4.66257840e-03   2.56329534e-03  -8.74429292e-03  -3.06165603e-14  -3.50763354e-14   6.04292491e-15
  1.40000000e-05  -4.73644242e-03   2.54539638e-03  -8.28323150e-03  -2.84920511e-14  -3.57965659e-14   5.29195769e-15
  1.40800000e-05  -4.77739414e-03   2.51004610e-03  -7.74030408e-03  -2.62363927e-14  -3.60393300e-14   4.50643912e-15
  1.41600000e-05  -4.77420927e-03   2.45238014e-03  -7.11790678e-03  -2.38802914e-14  -3.57366242e-14   3.70470169e-15
  1.42400000e-05  -4.71771432e-03   2.37108902e-03  -6.42433705e-03  -2.14760025e-14  -3.48491077e-14   2.90883058e-15
  1.43200000e-05  -4.60984621e-03   2.26558495e-03  -5.66570262e-03  -1.90664162e-14  -3.33968020e-14   2.15859443e-15
  1.44000000e-05  -4.44571536e-03   2.13297929e-03  -4.85121148e-03  -1.66756483e-14  -3.13811872e-14   1.48411657e-15
  1.44800000e-05  -4.22166567e-03   1.97344109e-03  -3.99579310e-03  -1.43364970e-14  -2.88283610e-14   9.09162468e-16
  1.45600000e-05  -3.95342915e-03   1.80151830e-03  -3.10589733e-03  -1.21255845e-14  -2.58481813e-14   4.41633346e-16
  1.46400000e-05  -3.64264117e-03   1.60678666e-03  -2.18962204e-03  -9.98792397e-15  -2.24878295e-14   1.13845491e-16
  1.47200000e-05  -3.29408085e-03   1.39815370e-03  -1.26527721e-03  -7.96037426e-15  -1.88339461e-14  -8.74392814e-17
  1.48000000e-05  -2.93006841e-03   1.18234636e-03  -3.23092546e-04  -6.03361756e-15  -1.49974483e-14  -1.64863803e-16
  1.48800000e-05  -1.34826012e-03   1.47920962e-03  -7.19568401e-04  -7.77962752e-15  -8.18099137e-15  -2.24084274e-15
  1.49600000e-05  -1.81248338e-03   1.75305049e-03  -1.82057516e-03  -9.90907914e-15  -1.29615239e-14  -2.61574733e-15
  1.50400000e-05  -2.25194103e-03   2.00576463e-03  -2.93468679e-03  -1.17943456e-14  -1.77375880e-14  -3.07264682e-15
  1.51200000e-05  -2.66616490e-03   2.23380866e-03  -4.02967271e-03  -1.33342906e-14  -2.24508810e-14  -3.62301258e-15
  1.52000000e-05  -3.02282731e-03   2.43424206e-03  -5.11779464e-03  -1.44662647e-14  -2.69843716e-14  -4.29041689e-15
  1.52800000e-05  -3.32520532e-03   2.59462977e-03  -6.20600428e-03  -1.50800361e-14  -3.13749015e-14  -5.03738572e-15
  1.53600000e-05  -3.54376464e-03   2.70051074e-03  -7.27802643e-03  -1.50531434e-14  -3.54335729e-14  -5.81805348e-15
  1.54400000e-05  -3.67854099e-03   2.76325532e-03  -8.33171156e-03  -1.44061807e-14  -3.91390311e-14  -6.62017756e-15
  1.55200000e-05  -3.71953789e-03   2.76475265e-03  -9.39428447e-03  -1.30299413e-14  -4.24899963e-14  -7.34584628e-15
  1.56000000e-05  -3.66049517e-03   2.70267761e-03  -1.04035876e-02  -1.09015427e-14  -4.52575460e-14  -7.92145119e-15
  1.56800000e-05  -3.49026825e-03   2.57382340e-03  -1.13401050e-02  -8.04159948e-15  -4.72883690e-14  -8.25782226e-15
  1.57600000e-05  -3.21631724e-03   2.37252062e-03  -1.22265216e-02  -4.46548234e-15  -4.86244148e-14  -8.26073203e-15
  1.58400000e-05  -2.82223248e-03   2.09511192e-03  -1.29671798e-02  -2.89341994e-16  -4.88709512e-14  -7.83312363e-15
  1.59200000e-05  -2.31695702e-03   1.73247746e-03  -1.37384246e-02   4.55544447e-15  -4.85002068e-14  -6.88436174e-15
  1.60000000e-05  -1.71812742e-03   1.29816295e-03  -1.43175860e-02   9.72046340e-15  -4.69260049e-14  -5.42120686e-15
  1.60800000e-05  -1.03368401e-03   7.90916008e-04  -1.48519463e-02   1.52341697e-14  -4.45409041e-14  -3.43223916e-15
  1.61600000e-05  -2.68244153e-04   2.07318553e-04  -1.51862263e-02   2.07975712e-14  -4.09147014e-14  -9.25918212e-16
  1.62400000e-05   5.54574625e-04  -4.30012492e-04  -1.54905889e-02   2.64212724e-14  -3.65812386e-14   1.96138164e-15
  1.63200000e-05   1.41253137e-03  -1.12852681e-03  -1.54846431e-02   3.15931586e-14  -3.09378373e-14   5.13673490e-15
  1.64000000e-05   2.31455390e-03  -1.86278238e-03  -1.54027929e-02   3.64803185e-14  -2.45682340e-14   8.45307327e-15
  1.64800000e-05   3.20350610e-03  -2.61254560e-03  -1.50208661e-02   4.05214712e-14  -1.72919983e-14   1.16495889e-14
  1.65600000e-05   4.07594327e-03  -3.38235624e-03  -1.45699527e-02   4.41444579e-14  -9.73408379e-15   1.46091377e-14
  1.66400000e-05   4.90153376e-03  -4.13759206e-03  -1.39459919e-02   4.70122696e-14  -1.92109621e-15   1.70931506e-14
  1.67200000e-05   5.68755890e-03  -4.85839074e-03  -1.31558343e-02   4.90921297e-14   6.02956277e-15   1.89969258e-14
  1.68000000e-05   6.40487949e-03  -5.54930213e-03  -1.22244786e-02   5.05288736e-14   1.37863734e-14   2.02157166e-14
  1.68800000e-05   7.02615633e-03  -6.17478830e-03  -1.11491689e-02   5.12425046e-14   2.10647501e-14   2.06264231e-14
  1.69600000e-05   7.56737663e-03  -6.72346933e-03  -9.92580763e-03   5.12797628e-14   2.77861451e-14   2.02738146e-14
  1.70400000e-05   8.01339598e-03  -7.20294515e-03  -8.56920310e-03   5.08291186e-14   3.37083250e-14   1.91983591e-14
  1.71200000e-05   8.35877514e-03  -7.58561972e-03  -7.14092256e-03   4.99714804e-14   3.86289516e-14   1.74593451e-14
  1.72000000e-05   8.59942946e-03  -7.87737594e-03  -5.64556860e-03   4.88406430e-14   4.24389926e-14   1.51789431e-14
  1.72800000e-05   8.74685724e-03  -8.06631047e-03  -4.08154453e-03   4.74575593e-14   4.51342068e-14   1.25045731e-14
  1.73600000e-05   8.79615518e-03  -8.14992764e-03  -2.52613018e-03   4.59590364e-14   4.66346912e-14   9.57728073e-15
  1.74400000e-05   8.75554787e-03  -8.12887386e-03  -9.56640752e-04   4.43454600e-14   4.69927194e-14   6.55513495e-15
  1.75200000e-05  -3.57039335e-03   3.39959406e-03  -4.44776288e-04  -1.79173869e-14  -1.90947874e-14  -2.11883304e-15
  1.76000000e-05  -3.41904282e-03   3.26837369e-03  -1.61616868e-03  -1.61944029e-14  -1.81698225e-14  -2.48514452e-15
  1.76800000e-05  -3.22282860e-03   3.09355873e-03  -2.73122037e-03  -1.41298553e-14  -1.71387316e-14  -2.73927776e-15
  1.77600000e-05  -2.98790103e-03   2.88403159e-03  -3.81528838e-03  -1.17756089e-14  -1.59996504e-14  -2.87242854e-15
  1.78400000e-05  -2.71590603e-03   2.63384706e-03  -4.84088845e-03  -9.15238559e-15  -1.47253909e-14  -2.87703560e-15
  1.79200000e-05  -2.40526839e-03   2.34312140e-03  -5.81480323e-03  -6.28434367e-15  -1.32686384e-14  -2.74721202e-15
  1.80000000e-05  -2.07594423e-03   2.02947872e-03  -6.75058151e-03  -3.27969276e-15  -1.16979292e-14  -2.50826378e-15
  1.80800000e-05  -1.71128845e-03   1.68733053e-03  -7.60734542e-03  -1.83311881e-16  -9.88610681e-15  -2.15152980e-15
  1.81600000e-05  -1.33011020e-03   1.33290499e-03  -8.41151041e-03   2.91672627e-15  -7.90039474e-15  -1.71313382e-15
  1.82400000e-05  -9.46473223e-04   9.51614472e-04  -9.08206448e-03   5.97271443e-15  -5.78099430e-15  -1.22816703e-15
  1.83200000e-05  -5.39804767e-04   5.57169266e-04  -9.71585085e-03   8.99857060e-15  -3.40481743e-15  -6.95207351e-16
  1.84000000e-05  -1.29821171e-04   1.56731962e-04  -1.02375420e-02   1.18387479e-14  -8.58869319e-16  -1.63274779e-16
  1.84800000e-05   2.75765557e-04  -2.46341739e-04  -1.07229648e-02   1.45483229e-14   1.81691632e-15   3.32402849e-16
  1.85600000e-05   6.79244293e-04  -6.52605018e-04  -1.11108844e-02   1.70367426e-14   4.63453081e-15   7.69298987e-16
  1.86400000e-05   1.07830289e-03  -1.05626354e-03  -1.15294745e-02   1.94153887e-14   7.59072625e-15   1.12042074e-15
  1.87200000e-05   1.46410121e-03  -1.44660791e-03  -1.18186094e-02   2.14211669e-14   1.06066106e-14   1.35541747e-15
  1.88000000e-05   1.83725508e-03  -1.82886856e-03  -1.19770777e-02   2.30816478e-14   1.36497739e-14   1.45638467e-15
  1.88800000e-05   2.20079586e-03  -2.19433939e-03  -1.20999834e-02   2.44626836e-14   1.67299970e-14   1.41538057e-15
  1.89600000e-05   2.53798021e-03  -2.54049043e-03  -1.21394681e-02   2.55043308e-14   1.97107686e-14   1.20717543e-15
  1.90400000e-05   2.84667873e-03  -2.85182330e-03  -1.22204451e-02   2.62565955e-14   2.26151691e-14   8.38727686e-16
  1.91200000e-05   3.14799589e-03  -3.15857244e-03  -1.22044220e-02   2.67536388e-14   2.54523987e-14   3.13583054e-16
  1.92000000e-05   3.41968364e-03  -3.43191878e-03  -1.21256360e-02   2.68970085e-14   2.80863583e-14  -3.63761601e-16
  1.92800000e-05   3.68647344e-03  -3.69476650e-03  -1.19867874e-02   2.68358202e-14   3.06127161e-14  -1.18274387e-15
  1.93600000e-05   3.92413809e-03  -3.92462813e-03  -1.18585211e-02   2.65094114e-14   3.29449983e-14  -2.13098037e-15
  1.94400000e-05   4.15146876e-03  -4.14157594e-03  -1.16393958e-02   2.59948120e-14   3.50555245e-14  -3.20192449e-15
  1.95200000e-05   4.35086638e-03  -4.32867950e-03  -1.14892352e-02   2.52826082e-14   3.70088533e-14  -4.36915196e-15
  1.96000000e-05   4.54353545e-03  -4.49372270e-03  -1.12296662e-02   2.43836133e-14   3.86903677e-14  -5.61690536e-15
  1.96800000e-05   4.72545920e-03  -4.65382449e-03  -1.10019973e-02   2.34328453e-14   4.02416702e-14  -6.95752904e-15
  1.97600000e-05   4.88475777e-03  -4.78345820e-03  -1.07186071e-02   2.23146553e-14   4.14720291e-14  -8.33858640e-15
  1.98400000e-05   5.02209814e-03  -4.87226229e-03  -1.04958064e-02   2.09703100e-14   4.25484570e-14  -9.71743224e-15
  1.99200000e-05   5.15285998e-03  -4.96881648e-03  -1.02049508e-02   1.97077590e-14   4.33547197e-14  -1.11583412e-14
  2.00000000e-05   5.27876580e-03  -5.04234182e-03  -9.89048124e-03   1.83785613e-14   4.39608698e-14  -1.26029875e-14
  2.00800000e-05   5.39477806e-03  -5.10934578e-03  -9.62393598e-03   1.70245075e-14   4.44670591e-14  -1.40643227e-14
  2.01600000e-05   5.49758298e-03  -5.15962332e-03  -9.27285066e-03   1.57186750e-14   4.46233267e-14  -1.55103152e-14
  2.02400000e-05   5.60085446e-03  -5.20460707e-03  -9.02186709e-03   1.43408309e-14   4.48409482e-14  -1.69652920e-14
  2.03200000e-05   5.70957918e-03  -5.23306374e-03  -8.73507176e-03   1.29817987e-14   4.48955051e-14  -1.84108885e-14
  2.04000000e-05   5.80795505e-03  -5.26440176e-03  -8.42545572e-03   1.17404990e-14   4.47354656e-14  -1.98585310e-14
  2.04800000e-05   5.89203705e-03  -5.26854179e-03  -8.11906316e-03   1.04456414e-14   4.43989574e-14  -2.12304860e-14
  2.05600000e-05   5.96493026e-03  -5.25771941e-03  -7.86795173e-03   9.06222931e-15   4.40165099e-14  -2.25434648e-14
  2.06400000e-05   6.03138530e-03  -5.24805204e-03  -7.61165728e-03   7.77103379e-15   4.34952057e-14  -2.38312101e-14
  2.07200000e-05   6.10973546e-03  -5.23138334e-03  -7.22952010e-03   6.81354336e-15   4.26644653e-14  -2.51144230e-14
  2.08000000e-05   6.18494404e-03  -5.20903656e-03  -6.97029117e-03   5.65596387e-15   4.19940739e-14  -2.63642998e-14
  2.08800000e-05   6.25496342e-03  -5.17857888e-03  -6.74178087e-03   4.46649687e-15   4.12830098e-14  -2.75668331e-14
  2.09600000e-05   6.33309354e-03  -5.14224893e-03  -6.50972702e-03   3.33816419e-15   4.05176833e-14  -2.87586725e-14
  2.10400000e-05   6.39596984e-03  -5.10906201e-03  -6.23437295e-03   2.42483542e-15   3.95147187e-14  -2.98945822e-14
  2.11200000e-05   6.46082317e-03  -5.06329836e-03  -6.02961738e-03   1.34131928e-15   3.86088212e-14  -3.09840480e-14
  2.12000000e-05   6.52104217e-03  -5.00381270e-03  -5.79876390e-03   3.63085106e-16   3.75600390e-14  -3.20026319e-14
  2.12800000e-05   6.58385635e-03  -4.94640560e-03  -5.58349756e-03  -5.74215759e-16   3.64937199e-14  -3.30067833e-14
  2.13600000e-05   6.63477182e-03  -4.87933941e-03  -5.40193797e-03  -1.58376911e-15   3.53993438e-14  -3.39199304e-14
  2.14400000e-05   6.68721636e-03  -4.81256294e-03  -5.12766987e-03  -2.18351898e-15   3.40529303e-14  -3.48079222e-14
  2.15200000e-05   6.74128741e-03  -4.73284425e-03  -4.96515896e-03  -3.14409204e-15   3.29128849e-14  -3.56417161e-14
  2.16000000e-05   6.79189178e-03  -4.65358013e-03  -4.79824831e-03  -4.01570055e-15   3.17032112e-14  -3.64315529e-14
  2.16800000e-05   6.84609263e-03  -4.56853520e-03  -4.62476666e-03  -4.80611853e-15   3.04470510e-14  -3.71914021e-14
  2.17600000e-05   6.88947058e-03  -4.47774404e-03  -4.41943501e-03  -5.40732836e-15   2.90496494e-14  -3.78624245e-14
  2.18400000e-05   6.93301341e-03  -4.38277107e-03  -4.33221112e-03  -6.43214573e-15   2.78730298e-14  -3.84919517e-14
  2.19200000e-05   6.97536407e-03  -4.28192923e-03  -4.14686522e-03  -6.99165579e-15   2.64475272e-14  -3.90694598e-14
  2.20000000e-05   7.00918385e-03  -4.18242530e-03  -3.99534217e-03  -7.61573387e-15   2.50454839e-14  -3.95788239e-14
  2.20800000e-05   7.04241724e-03  -4.07440768e-03  -3.89634532e-03  -8.42211524e-15   2.37255640e-14  -4.00323013e-14
  2.21600000e-05   7.07583774e-03  -3.96276042e-03  -3.73386660e-03  -8.88068203e-15   2.22511459e-14  -4.04444620e-14
  2.22400000e-05   7.09975397e-03  -3.84807468e-03  -3.66584466e-03  -9.70895931e-15   2.09278025e-14  -4.07717684e-14
  2.23200000e-05   7.12296229e-03  -3.73162829e-03  -3.54638609e-03  -1.02347919e-14   1.94827228e-14  -4.10570965e-14
  2.24000000e-05   7.14159861e-03  -3.60657643e-03  -3.49065881e-03  -1.10111511e-14   1.81388968e-14  -4.12691549e-14
  2.24800000e-05   7.16148374e-03  -3.48198453e-03  -3.39228555e-03  -1.15156174e-14   1.67021813e-14  -4.14545420e-14
  2.25600000e-05   7.16595169e-03  -3.35566915e-03  -3.33930763e-03  -1.21779126e-14   1.53193614e-14  -4.15274832e-14
  2.26400000e-05   7.17112547e-03  -3.21535474e-03  -3.24648142e-03  -1.25937493e-14   1.38599571e-14  -4.15452972e-14
  2.27200000e-05   7.17812397e-03  -3.08925316e-03  -3.22519140e-03  -1.32846249e-14   1.25271324e-14  -4.15659574e-14
  2.28000000e-05   7.17529697e-03  -2.95338419e-03  -3.18431293e-03  -1.38246205e-14   1.11459785e-14  -4.14890487e-14
  2.28800000e-05   7.17265012e-03  -2.81556527e-03  -3.17255813e-03  -1.44507701e-14   9.81365856e-15  -4.13802707e-14
  2.29600000e-05   7.16089446e-03  -2.67784666e-03  -3.14639981e-03  -1.49401466e-14   8.45307447e-15  -4.11965605e-14
  2.30400000e-05   7.14977496e-03  -2.54316989e-03  -3.16727064e-03  -1.56100644e-14   7.16786002e-15  -4.09935076e-14
  2.31200000e-05   7.13926888e-03  -2.40260439e-03  -3.18710900e-03  -1.62163009e-14   5.88195666e-15  -4.07593676e-14
  2.32000000e-05   7.12184597e-03  -2.26558818e-03  -3.22757122e-03  -1.68698034e-14   4.62411244e-15  -4.04702073e-14
  2.32800000e-05   7.10433792e-03  -2.12830866e-03  -3.29040468e-03  -1.75815513e-14   3.39692056e-15  -4.01576675e-14
  2.33600000e-05   7.08343884e-03  -1.99261407e-03  -3.29556818e-03  -1.79309024e-14   2.09702777e-15  -3.98083153e-14
  2.34400000e-05   7.06335536e-03  -1.85663206e-03  -3.35583336e-03  -1.85109359e-14   8.70563714e-16  -3.94434469e-14
  2.35200000e-05   7.04122972e-03  -1.71810878e-03  -3.45492080e-03  -1.92352463e-14  -3.11558046e-16  -3.90470593e-14
  2.36000000e-05   7.01399385e-03  -1.58883759e-03  -3.54925803e-03  -1.98814615e-14  -1.50197729e-15  -3.86170996e-14
  2.36800000e-05   6.99250113e-03  -1.45450572e-03  -3.63333577e-03  -2.04106070e-14  -2.70816645e-15  -3.81968961e-14
  2.37600000e-05   6.96510226e-03  -1.32806417e-03  -3.76729785e-03  -2.11500122e-14  -3.86937124e-15  -3.77387800e-14
  2.38400000e-05   6.93804193e-03  -1.19715100e-03  -3.89124556e-03  -2.17718644e-14  -5.04941076e-15  -3.72654972e-14
  2.39200000e-05   6.91679722e-03  -1.06828709e-03  -4.05212401e-03  -2.25272837e-14  -6.22316858e-15  -3.68124278e-14
  2.40000000e-05   6.89401933e-03  -9.48794631e-04  -4.17689274e-03  -2.30444365e-14  -7.43522514e-15  -3.63462264e-14
  2.40800000e-05   6.88218841e-03  -8.25971800e-04  -4.36884515e-03  -2.38414075e-14  -8.64395085e-15  -3.59228568e-14
  2.41600000e-05   6.86361192e-03  -7.09008211e-04  -4.53911733e-03  -2.44691137e-14  -9.88334190e-15  -3.54560410e-14
  2.42400000e-05   6.85620831e-03  -5.89047489e-04  -4.82019059e-03  -2.55863524e-14  -1.11321018e-14  -3.50334749e-14
  2.43200000e-05   6.85498224e-03  -4.74334438e-04  -4.92479403e-03  -2.57442523e-14  -1.24888946e-14  -3.46313934e-14
  2.44000000e-05   6.84655813e-03  -3.56827139e-04  -5.15556147e-03  -2.64587157e-14  -1.38346662e-14  -3.41795073e-14
  2.44800000e-05   6.84740900e-03  -2.43447425e-04  -5.34899701e-03  -2.69154086e-14  -1.52455889e-14  -3.37613410e-14
  2.45600000e-05   6.85716247e-03  -1.35115531e-04  -5.58336829e-03  -2.75014779e-14  -1.67218040e-14  -3.33710257e-14
  2.46400000e-05   6.87125258e-03  -2.56075755e-05  -5.82704353e-03  -2.80389876e-14  -1.82642960e-14  -3.29833235e-14
  2.47200000e-05   6.89411077e-03   8.32652240e-05  -6.08491356e-03  -2.85482145e-14  -1.98901602e-14  -3.26168498e-14
  2.48000000e-05   6.91692424e-03   1.86578025e-04  -6.32892774e-03  -2.89033632e-14  -2.15736985e-14  -3.22246611e-14
  2.48800000e-05   6.95414493e-03   2.96212675e-04  -6.61468260e-03  -2.93229843e-14  -2.33772456e-14  -3.18746843e-14
  2.49600000e-05   6.99260470e-03   4.03403642e-04  -6.88466364e-03  -2.95552175e-14  -2.52479483e-14  -3.14979901e-14
  2.50400000e-05   7.04003329e-03   5.07331761e-04  -7.12066913e-03  -2.95215849e-14  -2.71848955e-14  -3.11241398e-14
  2.51200000e-05   7.08958739e-03   6.14237880e-04  -7.41681693e-03  -2.96065986e-14  -2.92356479e-14  -3.07215633e-14
  2.52000000e-05   7.15632472e-03   7.21934587e-04  -7.73762248e-03  -2.96410974e-14  -3.14334099e-14  -3.03470717e-14
  2.52800000e-05   7.21877925e-03   8.26832961e-04  -8.02070036e-03  -2.93663379e-14  -3.36528605e-14  -2.98994345e-14
  2.53600000e-05   7.29185762e-03   9.37437207e-04  -8.40350137e-03  -2.92920746e-14  -3.60860768e-14  -2.94427355e-14
  2.54400000e-05   7.36727825e-03   1.03686827e-03  -8.65556663e-03  -2.85649400e-14  -3.84323125e-14  -2.89172411e-14
  2.55200000e-05   7.45186302e-03   1.14323669e-03  -8.96883810e-03  -2.78550492e-14  -4.09355605e-14  -2.83616498e-14
  2.56000000e-05   7.53323474e-03   1.24280241e-03  -9.32973433e-03  -2.71289233e-14  -4.35411090e-14  -2.77051343e-14
  2.56800000e-05   7.61030525e-03   1.34185899e-03  -9.65959510e-03  -2.60720215e-14  -4.61202859e-14  -2.69476059e-14
  2.57600000e-05   7.69632691e-03   1.44630070e-03  -9.93163232e-03  -2.45859321e-14  -4.86520442e-14  -2.61373808e-14
  2.58400000e-05   7.78491199e-03   1.53923873e-03  -1.03980791e-02  -2.34905620e-14  -5.15348604e-14  -2.52158507e-14
  2.59200000e-05   7.87913894e-03   1.63608286e-03  -1.07170294e-02  -2.16748984e-14  -5.41808231e-14  -2.42066941e-14
  2.60000000e-05   7.98962382e-03   1.73233704e-03  -1.10733774e-02  -1.96993629e-14  -5.69316827e-14  -2.31198985e-14
  2.60800000e-05   8.08814078e-03   1.82152096e-03  -1.14616913e-02  -1.75457592e-14  -5.96443753e-14  -2.18603034e-14
  2.61600000e-05   8.16702757e-03   1.90598773e-03  -1.18948852e-02  -1.52044486e-14  -6.22880577e-14  -2.04201571e-14
  2.62400000e-05   8.23118212e-03   1.97294424e-03  -1.23274294e-02  -1.26186108e-14  -6.47639295e-14  -1.87907551e-14
  2.63200000e-05   8.30578537e-03   2.04164621e-03  -1.27745453e-02  -9.72029022e-15  -6.71884120e-14  -1.70581110e-14
  2.64000000e-05   8.37098418e-03   2.09877355e-03  -1.32130985e-02  -6.52790687e-15  -6.93847561e-14  -1.51567702e-14
  2.64800000e-05   8.40692307e-03   2.14869194e-03  -1.36973535e-02  -3.08458810e-15  -7.13402700e-14  -1.30842909e-14
  2.65600000e-05   8.41719998e-03   2.18419326e-03  -1.41765949e-02   6.35615120e-16  -7.29164014e-14  -1.08568675e-14
  2.66400000e-05   8.40777207e-03   2.20580534e-03  -1.46894909e-02   4.60027412e-15  -7.41861680e-14  -8.50691083e-15
  2.67200000e-05   8.36371145e-03   2.20855916e-03  -1.52075364e-02   8.80201187e-15  -7.49698447e-14  -6.04686041e-15
  2.68000000e-05   8.29608013e-03   2.19155834e-03  -1.57454946e-02   1.32197423e-14  -7.53115031e-14  -3.51703855e-15
  2.68800000e-05   8.17475317e-03   2.15309251e-03  -1.63200388e-02   1.78391012e-14  -7.50520900e-14  -9.65919484e-16
  2.69600000e-05   8.01553283e-03   2.10209715e-03  -1.68894054e-02   2.26620196e-14  -7.41398307e-14   1.52752775e-15
  2.70400000e-05   7.82100047e-03   2.03289723e-03  -1.74673772e-02   2.76259104e-14  -7.25806056e-14   3.92236025e-15
  2.71200000e-05   7.52633025e-03   1.92794719e-03  -1.80105870e-02   3.25360220e-14  -6.99466527e-14   6.10881778e-15
  2.72000000e-05   7.21100672e-03   1.80621628e-03  -1.85523622e-02   3.74368740e-14  -6.66892241e-14   8.05840172e-15
  2.72800000e-05   6.79937872e-03   1.65868198e-03  -1.90380608e-02   4.21136488e-14  -6.23484970e-14   9.60866344e-15
  2.73600000e-05   6.31427451e-03   1.48891571e-03  -1.95521085e-02   4.66267036e-14  -5.71935086e-14   1.07025538e-14
  2.74400000e-05   5.76603030e-03   1.30914632e-03  -2.00105587e-02   5.07808421e-14  -5.11840862e-14   1.12838637e-14
  2.75200000e-05   5.11071376e-03   1.10208021e-03  -2.04394600e-02   5.44276408e-14  -4.42007020e-14   1.12259019e-14
  2.76000000e-05   4.41885464e-03   8.98145984e-04  -2.07124721e-02   5.72870464e-14  -3.65450009e-14   1.06370879e-14
  2.76800000e-05   3.61378726e-03   6.72213250e-04  -2.10234735e-02   5.96027746e-14  -2.81206684e-14   9.34615592e-15
  2.77600000e-05   2.78858110e-03   4.68668676e-04  -2.12250138e-02   6.11067897e-14  -1.93627961e-14   7.60077256e-15
  2.78400000e-05   1.91064008e-03   2.69143639e-04  -2.12893618e-02   6.15616577e-14  -1.02527315e-14   5.39531032e-15
  2.79200000e-05   9.91667110e-04   7.06637213e-05  -2.11689477e-02   6.07549391e-14  -1.00558762e-15   2.84273064e-15
  2.80000000e-05   6.81868480e-05  -1.02346322e-04  -2.09650497e-02   5.90929265e-14   8.03978688e-15   1.52945871e-16
  2.80800000e-05  -8.44231508e-04  -2.48474285e-04  -2.05468628e-02   5.62571803e-14   1.66203414e-14  -2.51249118e-15
  2.81600000e-05  -1.71048382e-03  -3.68496801e-04  -2.00532600e-02   5.27348601e-14   2.45225394e-14  -4.94875158e-15
  2.82400000e-05  -2.53612520e-03  -4.80160460e-04  -1.93069529e-02   4.81021077e-14   3.15118366e-14  -7.10229655e-15
  2.83200000e-05  -3.24933423e-03  -5.46291020e-04  -1.85281267e-02   4.32936759e-14   3.73794834e-14  -8.69465658e-15
  2.84000000e-05  -3.87222119e-03  -5.93922046e-04  -1.75455163e-02   3.79422796e-14   4.19829919e-14  -9.79483991e-15
  2.84800000e-05  -4.37103909e-03  -6.05072504e-04  -1.63955427e-02   3.24477059e-14   4.51576667e-14  -1.03170634e-14
  2.85600000e-05  -4.74551319e-03  -6.21067647e-04  -1.51525630e-02   2.69859405e-14   4.69981895e-14  -1.03778609e-14
  2.86400000e-05  -4.97265699e-03  -6.19069096e-04  -1.38351952e-02   2.18546345e-14   4.74636477e-14  -9.97881685e-15
  2.87200000e-05  -5.05871169e-03  -5.89010478e-04  -1.24259435e-02   1.72021137e-14   4.66042892e-14  -9.21225405e-15
  2.88000000e-05  -5.01533623e-03  -5.51428722e-04  -1.09587685e-02   1.30775490e-14   4.45972322e-14  -8.22907247e-15
  2.88800000e-05  -4.82677466e-03  -5.17471646e-04  -9.39579000e-03   9.42870665e-15   4.13614043e-14  -7.12165728e-15
  2.89600000e-05  -4.51228071e-03  -4.76231025e-04  -7.77031618e-03   6.37752840e-15   3.71170819e-14  -5.97832871e-15
  2.90400000e-05  -4.08777803e-03  -4.26526200e-04  -6.13339430e-03   3.95936290e-15   3.21081439e-14  -4.87168439e-15
  2.91200000e-05  -3.57018312e-03  -3.77878300e-04  -4.46815921e-03   2.04203098e-15   2.64460935e-14  -3.86822147e-15
  2.92000000e-05  -2.98634327e-03  -3.29441641e-04  -2.77624088e-03   5.43074289e-16   2.03167091e-14  -2.99504855e-15
  2.92800000e-05  -2.34734395e-03  -2.79407374e-04  -1.08511973e-03  -6.15303359e-16   1.38677114e-14  -2.23976411e-15
  2.93600000e-05   8.70045774e-03   6.36391636e-04  -8.13970865e-04   3.80095876e-15  -4.19819205e-14   7.80511716e-15
  2.94400000e-05   7.74911692e-03   5.59462815e-04  -2.98116822e-03   5.46205095e-15  -3.27265328e-14   8.05616843e-15
  2.95200000e-05   6.76301804e-03   4.65689452e-04  -5.08355268e-03   7.41616623e-15  -2.33747226e-14   7.72497242e-15
  2.96000000e-05   5.77580121e-03   3.78699279e-04  -7.09206517e-03   9.50483659e-15  -1.41185839e-14   6.98687166e-15
  2.96800000e-05   4.81404300e-03   3.04550040e-04  -9.00748194e-03   1.15273441e-14  -5.04765871e-15   5.99011643e-15
  2.97600000e-05   3.89390829e-03   2.38753301e-04  -1.07965826e-02   1.32200775e-14   3.72381582e-15   4.85031651e-15
  2.98400000e-05   3.03387540e-03   1.83740647e-04  -1.24712441e-02   1.44381470e-14   1.21462039e-14   3.69131500e-15
  2.99200000e-05   2.23785278e-03   1.29937994e-04  -1.39862191e-02   1.49557724e-14   2.00929551e-14   2.57965751e-15
  3.00000000e-05   1.54947696e-03   9.23247561e-05  -1.53351449e-02   1.47573524e-14   2.73010149e-14   1.65546117e-15
  3.00800000e-05   9.51545368e-04   6.34230676e-05  -1.65330519e-02   1.37952077e-14   3.38234065e-14   9.23722385e-16
  3.01600000e-05   4.70728797e-04   4.13488089e-05  -1.76418301e-02   1.21055596e-14   3.96045942e-14   4.15832045e-16
  3.02400000e-05   9.82580403e-05   2.34851332e-05  -1.85363561e-02   9.63774598e-15   4.43024691e-14   1.07218237e-16
  3.03200000e-05  -1.51923372e-04   1.26204506e-05  -1.92920358e-02   6.55656980e-15   4.79378713e-14  -2.02725447e-17
  3.04000000e-05  -2.93324759e-04   4.30165472e-06  -1.99665562e-02   2.96530598e-15   5.06385915e-14  -3.26529982e-17
  3.04800000e-05  -3.10243590e-04  -9.85810569e-09  -2.04299124e-02  -1.00916500e-15   5.19410451e-14   1.52998665e-17
  3.05600000e-05  -2.23934554e-04   9.27640839e-08  -2.08459113e-02  -5.19701402e-15   5.23050820e-14   5.60610199e-17
  3.06400000e-05  -1.95635862e-05  -1.96748478e-07  -2.10891660e-02  -9.44883164e-15   5.13249191e-14   8.28647906e-18
  3.07200000e-05   2.84863964e-04   4.31639078e-06  -2.12807559e-02  -1.36246086e-14   4.93794602e-14  -1.72363191e-16
  3.08000000e-05   7.11521873e-04   9.33245768e-06  -2.13915073e-02  -1.75989803e-14   4.63022141e-14  -5.65175040e-16
  3.08800000e-05   1.24715159e-03   2.28014495e-05  -2.14783854e-02  -2.12597662e-14   4.23121945e-14  -1.18953875e-15
  3.09600000e-05   1.90899881e-03   4.18747171e-05  -2.15389420e-02  -2.45227498e-14   3.73455172e-14  -2.10084911e-15
  3.10400000e-05   2.71759743e-03   6.81825183e-05  -2.15130413e-02  -2.71980750e-14   3.12133588e-14  -3.33682311e-15
  3.11200000e-05   3.69026369e-03   1.06185980e-04  -2.15009395e-02  -2.92827933e-14   2.40830051e-14  -4.90694610e-15
  3.12000000e-05   4.86887967e-03   1.61918136e-04  -2.14365699e-02  -3.05583727e-14   1.56524983e-14  -6.82248217e-15
  3.12800000e-05   6.30312098e-03   2.33015791e-04  -2.13073059e-02  -3.08956344e-14   5.69936584e-15  -9.07720948e-15
  3.13600000e-05   8.06834198e-03   3.33601464e-04  -2.11289294e-02  -3.01147916e-14  -6.08158720e-15  -1.15957254e-14
  3.14400000e-05   1.02139254e-02   4.59450224e-04  -2.07125979e-02  -2.78158868e-14  -2.01952928e-14  -1.41647188e-14
  3.15200000e-05   1.28396223e-02   6.26029905e-04  -2.00148328e-02  -2.37539960e-14  -3.71241382e-14  -1.63994953e-14
  3.16000000e-05   1.60148145e-02   8.40782025e-04  -1.87717722e-02  -1.75581365e-14  -5.74865011e-14  -1.75542251e-14
  3.16800000e-05   1.97916231e-02   1.09943394e-03  -1.66945938e-02  -9.30370075e-15  -8.17693555e-14  -1.64146158e-14
  3.17600000e-05   2.39440588e-02   1.37829383e-03  -1.33500774e-02   9.98026322e-17  -1.09103022e-13  -1.10850549e-14
  3.18400000e-05   2.80887225e-02   1.65125545e-03  -8.14783094e-03   8.20842117e-15  -1.37835794e-13   3.63527213e-16
  3.19200000e-05   1.39909176e-02   7.55605163e-04  -1.12393873e-03   4.50781876e-15  -7.18831507e-14   7.78800531e-15
  3.20000000e-05  -3.37931337e-02  -1.96735105e-03  -6.99125481e-03  -1.03150609e-14   1.87011438e-13  -2.76615799e-15
  3.20800000e-05  -3.16511172e-02  -1.87081216e-03  -1.50718800e-02  -2.05023320e-14   1.84064341e-13   2.02079571e-14
  3.21600000e-05  -2.75686908e-02  -1.69499555e-03  -2.11894809e-02  -3.80242584e-14   1.64712701e-13   3.62959210e-14
  3.22400000e-05  -2.26946509e-02  -1.48904045e-03  -2.49348613e-02  -5.63275197e-14   1.35835929e-13   4.31551710e-14
  3.23200000e-05  -1.81136244e-02  -1.28397014e-03  -2.65987187e-02  -7.06178523e-14   1.05079544e-13   4.30180968e-14
  3.24000000e-05  -1.44045794e-02  -1.10898047e-03  -2.69779786e-02  -7.99176480e-14   7.74151383e-14   3.94888086e-14
  3.24800000e-05  -1.15466188e-02  -9.69474018e-04  -2.65771898e-02  -8.46685216e-14   5.39291579e-14   3.48175347e-14
  3.25600000e-05  -9.42907524e-03  -8.57967340e-04  -2.58341482e-02  -8.61680961e-14   3.46890354e-14   3.02980147e-14
  3.26400000e-05  -7.87475968e-03  -7.82545259e-04  -2.49480147e-02  -8.54688857e-14   1.90395416e-14   2.63807617e-14
  3.27200000e-05  -6.71893710e-03  -7.17120355e-04  -2.40321306e-02  -8.32500434e-14   6.23115322e-15   2.30892270e-14
  3.28000000e-05  -5.85659997e-03  -6.75685812e-04  -2.31264446e-02  -8.00668315e-14  -4.27748966e-15   2.04013047e-14
  3.28800000e-05  -5.20782346e-03  -6.41863109e-04  -2.23000582e-02  -7.63688559e-14  -1.29961794e-14   1.82087994e-14
  3.29600000e-05  -4.71627573e-03  -6.18862069e-04  -2.15087696e-02  -7.22375885e-14  -2.02075710e-14   1.64211199e-14
  3.30400000e-05  -4.32805543e-03  -6.03891594e-04  -2.08001572e-02  -6.79802177e-14  -2.63111421e-14   1.49090810e-14
  3.31200000e-05  -4.02350514e-03  -5.98678898e-04  -2.01398069e-02  -6.36107905e-14  -3.14230923e-14   1.36421707e-14
  3.32000000e-05  -3.79389913e-03  -5.94102832e-04  -1.95296942e-02  -5.91920816e-14  -3.56693810e-14   1.25839178e-14
  3.32800000e-05  -3.61658715e-03  -5.98391820e-04  -1.89868029e-02  -5.48679231e-14  -3.92659930e-14   1.16887017e-14
  3.33600000e-05  -3.48051427e-03  -6.06683476e-04  -1.84926860e-02  -5.06111045e-14  -4.22872575e-14   1.09128361e-14
  3.34400000e-05  -3.38667951e-03  -6.22242248e-04  -1.80512573e-02  -4.64742840e-14  -4.48112202e-14   1.02639354e-14
  3.35200000e-05  -3.32881592e-03  -6.39762160e-04  -1.76655508e-02  -4.24625696e-14  -4.69368720e-14   9.70128326e-15
  3.36000000e-05  -3.30998978e-03  -6.68021028e-04  -1.73335831e-02  -3.86083467e-14  -4.87074572e-14   9.24972279e-15
  3.36800000e-05  -3.31993724e-03  -6.99410885e-04  -1.70477888e-02  -3.48687689e-14  -5.01866758e-14   8.84943106e-15
  3.37600000e-05  -3.36670173e-03  -7.40161545e-04  -1.68122117e-02  -3.12687893e-14  -5.14060188e-14   8.52484182e-15
  3.38400000e-05  -3.44973565e-03  -7.90402975e-04  -1.66235694e-02  -2.77919842e-14  -5.23958015e-14   8.25868339e-15
  3.39200000e-05  -3.56359737e-03  -8.49304200e-04  -1.64829926e-02  -2.44237903e-14  -5.32142560e-14   8.02230818e-15
  3.40000000e-05  -3.71970796e-03  -9.17860798e-04  -1.63835026e-02  -2.11428456e-14  -5.38229358e-14   7.81561653e-15
  3.40800000e-05  -3.91602408e-03  -9.97144233e-04  -1.63267286e-02  -1.79413762e-14  -5.42589390e-14   7.61713214e-15
  3.41600000e-05  -4.15440180e-03  -1.09120171e-03  -1.63075880e-02  -1.48123333e-14  -5.45140419e-14   7.42122011e-15
  3.42400000e-05  -4.45346682e-03  -1.19997513e-03  -1.63213896e-02  -1.17429335e-14  -5.45211548e-14   7.21266985e-15
  3.43200000e-05  -4.79736091e-03  -1.32194443e-03  -1.63666991e-02  -8.72131386e-15  -5.43395126e-14   6.94538989e-15
  3.44000000e-05  -5.20907017e-03  -1.46605598e-03  -1.64377477e-02  -5.77066432e-15  -5.38748341e-14   6.63371407e-15
  3.44800000e-05  -5.65160134e-03  -1.61862563e-03  -1.65377788e-02  -2.84235844e-15  -5.32667545e-14   6.18479737e-15
  3.45600000e-05  -6.15153693e-03  -1.78536154e-03  -1.66558168e-02   4.42842080e-17  -5.23784876e-14   5.59817165e-15
  3.46400000e-05  -6.70543373e-03  -1.96878751e-03  -1.67878303e-02   2.86976688e-15  -5.12009609e-14   4.85832765e-15
  3.47200000e-05  -7.33474392e-03  -2.17055379e-03  -1.69231497e-02   5.60254106e-15  -4.96140838e-14   3.93525051e-15
  3.48000000e-05  -8.03596681e-03  -2.39435892e-03  -1.70567040e-02   8.19442275e-15  -4.76023687e-14   2.82159126e-15
  3.48800000e-05  -8.80817413e-03  -2.62929386e-03  -1.71806116e-02   1.06362845e-14  -4.51283089e-14   1.45334403e-15
  3.49600000e-05  -9.62943514e-03  -2.87825697e-03  -1.72918811e-02   1.28724005e-14  -4.22394428e-14  -1.37519733e-16
  3.50400000e-05  -1.05132655e-02  -3.13726500e-03  -1.73780621e-02   1.48486826e-14  -3.88319617e-14  -1.97271637e-15
  3.51200000e-05  -1.14805768e-02  -3.41210544e-03  -1.74243473e-02   1.64626375e-14  -3.47730734e-14  -4.03752173e-15
  3.52000000e-05  -1.25010743e-02  -3.69253555e-03  -1.74301714e-02   1.76755415e-14  -3.01541538e-14  -6.28897846e-15
  3.52800000e-05  -1.35725954e-02  -3.97563664e-03  -1.73692068e-02   1.83841333e-14  -2.48798597e-14  -8.67092682e-15
  3.53600000e-05  -1.46905207e-02  -4.26183565e-03  -1.72567738e-02   1.85506949e-14  -1.90361405e-14  -1.10907442e-14
  3.54400000e-05  -1.58539231e-02  -4.54539854e-03  -1.70639622e-02   1.80800752e-14  -1.25300702e-14  -1.34602946e-14
  3.55200000e-05  -1.70545556e-02  -4.82514171e-03  -1.67946045e-02   1.69386207e-14  -5.43162531e-15  -1.56402782e-14
  3.56000000e-05  -1.82708892e-02  -5.09657508e-03  -1.64390029e-02   1.50985994e-14   2.18389739e-15  -1.74581899e-14
  3.56800000e-05  -1.95088829e-02  -5.36117272e-03  -1.59893837e-02   1.25418651e-14   1.03104784e-14  -1.87595744e-14
  3.57600000e-05  -2.07437683e-02  -5.61424392e-03  -1.54491375e-02   9.32350407e-15   1.87798864e-14  -1.93434404e-14
  3.58400000e-05  -2.19572821e-02  -5.85656079e-03  -1.48217008e-02   5.51556676e-15   2.74280977e-14  -1.90086942e-14
  3.59200000e-05  -2.31448179e-02  -6.08871524e-03  -1.40933564e-02   1.19614740e-15   3.61837224e-14  -1.75967305e-14
  3.60000000e-05  -2.42928712e-02  -6.31143387e-03  -1.32836198e-02  -3.46410756e-15   4.48092423e-14  -1.49550690e-14
  3.60800000e-05  -2.53827468e-02  -6.53331521e-03  -1.23997973e-02  -8.31929000e-15   5.30756680e-14  -1.09351496e-14
  3.61600000e-05  -2.64185348e-02  -6.75975512e-03  -1.14590724e-02  -1.31788334e-14   6.07929983e-14  -5.47865579e-15
  3.62400000e-05  -2.73913556e-02  -6.99521258e-03  -1.04538205e-02  -1.78670656e-14   6.78033051e-14   1.44488944e-15
  3.63200000e-05  -2.82939285e-02  -7.24566290e-03  -9.41182502e-03  -2.21678353e-14   7.38218958e-14   9.80963580e-15
  3.64000000e-05  -2.91242129e-02  -7.52019789e-03  -8.33674126e-03  -2.59085796e-14   7.86718794e-14   1.95446737e-14
  3.64800000e-05  -2.98973667e-02  -7.83869123e-03  -7.25128749e-03  -2.89584516e-14   8.21690846e-14   3.05715865e-14
  3.65600000e-05  -3.05765670e-02  -8.18743770e-03  -6.16138812e-03  -3.10863580e-14   8.40109488e-14   4.26332009e-14
  3.66400000e-05  -3.12268464e-02  -8.60567413e-03  -5.07876712e-03  -3.22709974e-14   8.42489866e-14   5.56635400e-14
  3.67200000e-05  -3.17925139e-02  -9.07704141e-03  -4.01377869e-03  -3.23101521e-14   8.25243828e-14   6.92972233e-14
  3.68000000e-05  -3.23186466e-02  -9.61878540e-03  -2.97370873e-03  -3.11367866e-14   7.88594830e-14   8.33189735e-14
  3.68800000e-05  -3.28201341e-02  -1.02440164e-02  -1.95874579e-03  -2.86660505e-14   7.32015578e-14   9.74836364e-14
  3.69600000e-05  -3.32685712e-02  -1.09459160e-02  -9.70057969e-04  -2.47693338e-14   6.54142223e-14   1.11355987e-13
  3.70400000e-05  -3.36951882e-02  -1.17391657e-02  -1.21028866e-05  -1.93905963e-14   5.55287445e-14   1.24652766e-13
  3.71200000e-05  -3.41441552e-02  -1.26404213e-02   9.23272681e-04  -1.24433440e-14   4.36280883e-14   1.37131693e-13
  3.72000000e-05  -3.45821043e-02  -1.36347864e-02   1.83984773e-03  -3.81626179e-15   2.96766992e-14   1.48197640e-13
  3.72800000e-05  -3.50518414e-02  -1.47402367e-02   2.74114166e-03   6.53540621e-15   1.37537140e-14   1.57529627e-13
  3.73600000e-05  -3.55704567e-02  -1.59586481e-02   3.63952609e-03   1.86607525e-14  -4.05146134e-15   1.64613641e-13
  3.74400000e-05  -3.61666286e-02  -1.72920780e-02   4.53701779e-03   3.25169792e-14  -2.36986466e-14   1.68884210e-13
  3.75200000e-05  -3.68748266e-02  -1.87514448e-02   5.44928747e-03   4.80173184e-14  -4.51043241e-14   1.69721097e-13
  3.76000000e-05  -3.77641814e-02  -2.03494026e-02   6.36769200e-03   6.49054924e-14  -6.83733024e-14   1.66425595e-13
  3.76800000e-05  -3.88357851e-02  -2.20643487e-02   7.29622398e-03   8.26805898e-14  -9.33426055e-14   1.57810646e-13
  3.77600000e-05  -4.01634234e-02  -2.39139987e-02   8.23977405e-03   1.00663152e-13  -1.19845477e-13   1.42842776e-13
  3.78400000e-05  -4.18283217e-02  -2.58960729e-02   9.18178407e-03   1.17772692e-13  -1.47628522e-13   1.20154761e-13
  3.79200000e-05  -4.38782457e-02  -2.79680640e-02   1.01334450e-02   1.32349298e-13  -1.75740507e-13   8.80384982e-14
  3.80000000e-05  -4.63787920e-02  -3.00862768e-02   1.11049684e-02   1.42146274e-13  -2.02511000e-13   4.50042237e-14
  3.80800000e-05  -4.94188240e-02  -3.22117667e-02   1.20687640e-02   1.44465790e-13  -2.25420355e-13  -1.00970104e-14
  3.81600000e-05  -5.29586696e-02  -3.41633865e-02   1.30905156e-02   1.35531369e-13  -2.39704299e-13  -7.72734735e-14
  3.82400000e-05  -5.70464745e-02  -3.58456986e-02   1.42086862e-02   1.12216094e-13  -2.39735084e-13  -1.54267538e-13
  3.83200000e-05  -6.14426956e-02  -3.69778357e-02   1.55256434e-02   7.17247793e-14  -2.17790810e-13  -2.34867498e-13
  3.84000000e-05  -6.59235027e-02  -3.73868116e-02   1.71508840e-02   1.47777090e-14  -1.67541985e-13  -3.08419221e-13
  3.84800000e-05  -7.00896992e-02  -3.69520104e-02   1.92150135e-02  -5.33910708e-14  -8.61540330e-14  -3.60433201e-13
  3.85600000e-05  -7.34382472e-02  -3.56304529e-02   2.17627351e-02  -1.22064135e-13   2.20288698e-14  -3.75838676e-13
  3.86400000e-05  -7.56162688e-02  -3.36617873e-02   2.47951555e-02  -1.77317282e-13   1.44018913e-13  -3.45234264e-13
  3.87200000e-05  -7.63413660e-02  -3.14229817e-02   2.81372766e-02  -2.06269813e-13   2.60697957e-13  -2.68505452e-13
  3.88000000e-05  -7.57141543e-02  -2.93830423e-02   3.15765728e-02  -2.02231509e-13   3.52873259e-13  -1.56549535e-13
  3.88800000e-05  -7.39461789e-02  -2.79147773e-02   3.48915366e-02  -1.65967338e-13   4.06575318e-13  -2.64588811e-14
  3.89600000e-05  -7.14228542e-02  -2.73016619e-02   3.77977703e-02  -1.04192398e-13   4.15708075e-13   1.03387127e-13
  3.90400000e-05  -6.86788228e-02  -2.77077083e-02   4.02538218e-02  -2.65112712e-14   3.82525345e-13   2.18069674e-13
  3.91200000e-05  -6.60090767e-02  -2.90960548e-02   4.22380208e-02   5.83503342e-14   3.12948903e-13   3.06766981e-13
  3.92000000e-05  -6.37605211e-02  -3.13755219e-02   4.37152885e-02   1.42854062e-13   2.14920133e-13   3.62611830e-13
  3.92800000e-05  -6.22606284e-02  -3.44601251e-02   4.47567584e-02   2.20877884e-13   9.67022752e-14   3.81715945e-13
  3.93600000e-05  -6.17066383e-02  -3.80846550e-02   4.53046799e-02   2.85797503e-13  -3.40645357e-14   3.60630890e-13
  3.94400000e-05  -6.22908734e-02  -4.20597818e-02   4.53536409e-02   3.30186202e-13  -1.68421514e-13   2.97303910e-13
  3.95200000e-05  -6.39896281e-02  -4.59522583e-02   4.48718546e-02   3.44769128e-13  -2.93710531e-13   1.90876579e-13
  3.96000000e-05  -6.69778027e-02  -4.94634650e-02   4.38092381e-02   3.21152174e-13  -3.93685187e-13   4.64978064e-14
  3.96800000e-05  -7.08584283e-02  -5.19302468e-02   4.22059835e-02   2.53623476e-13  -4.46312297e-13  -1.23341441e-13
  3.97600000e-05  -7.52028055e-02  -5.29014404e-02   4.02360418e-02   1.46239380e-13  -4.31497686e-13  -2.93996053e-13
  3.98400000e-05  -7.93139296e-02  -5.20546298e-02   3.81881537e-02   1.51758966e-14  -3.40051871e-13  -4.32008690e-13
  3.99200000e-05  -8.22501414e-02  -4.93380728e-02   3.64718088e-02  -1.13336217e-13  -1.83685788e-13  -5.04077622e-13
  4.00000000e-05  -8.32144147e-02  -4.52345876e-02   3.51876090e-02  -2.10490823e-13   3.95805783e-15  -4.92697002e-13
  4.00800000e-05  -8.20432189e-02  -4.05250833e-02   3.44078050e-02  -2.58966886e-13   1.79265278e-13  -4.06353634e-13
  4.01600000e-05  -7.90665493e-02  -3.60896753e-02   3.39837186e-02  -2.58523086e-13   3.08852962e-13  -2.73487588e-13
  4.02400000e-05  -7.49374823e-02  -3.25087629e-02   3.36487382e-02  -2.21634454e-13   3.79723601e-13  -1.26732345e-13
  4.03200000e-05  -7.01968126e-02  -2.99800398e-02   3.31527327e-02  -1.64567888e-13   3.95322603e-13   9.03835500e-15
  4.04000000e-05  -6.55102124e-02  -2.85589193e-02   3.24285699e-02  -1.01661734e-13   3.69422392e-13   1.19968982e-13
  4.04800000e-05  -6.10813032e-02  -2.80159836e-02   3.14493673e-02  -4.12181395e-14   3.16019932e-13   2.01465152e-13
  4.05600000e-05  -5.72153151e-02  -2.82435662e-02   3.02336754e-02   1.21451597e-14   2.48116931e-13   2.54768764e-13
  4.06400000e-05  -5.39504583e-02  -2.90118447e-02   2.88198379e-02   5.74354781e-14   1.74473213e-13   2.83154269e-13
  4.07200000e-05  -5.12054605e-02  -3.01113961e-02   2.72192590e-02   9.47744818e-14   1.00909739e-13   2.89923547e-13
  4.08000000e-05  -4.90496075e-02  -3.14213988e-02   2.55106710e-02   1.24878113e-13   3.16600780e-14   2.79099925e-13
  4.08800000e-05  -4.74013418e-02  -3.27934942e-02   2.36594577e-02   1.47936069e-13  -3.08613371e-14   2.53611776e-13
  4.09600000e-05  -4.62530948e-02  -3.41567508e-02   2.16648600e-02   1.64049943e-13  -8.48375186e-14   2.16481600e-13
  4.10400000e-05  -4.54870832e-02  -3.53629541e-02   1.95162060e-02   1.73027048e-13  -1.28712713e-13   1.70055286e-13
  4.11200000e-05  -4.50295184e-02  -3.63069432e-02   1.72039121e-02   1.74610147e-13  -1.61015281e-13   1.17219742e-13
  4.12000000e-05  -4.48502216e-02  -3.69619497e-02   1.47330185e-02   1.69050750e-13  -1.80727053e-13   6.12189122e-14
  4.12800000e-05  -4.48468381e-02  -3.72493020e-02   1.21349018e-02   1.56905817e-13  -1.87177629e-13   5.31473162e-15
  4.13600000e-05  -4.48743013e-02  -3.70923102e-02   9.44319289e-03   1.39082652e-13  -1.80216075e-13  -4.69537959e-14
  4.14400000e-05  -4.47967017e-02  -3.64530260e-02   6.74418509e-03   1.17084359e-13  -1.60910428e-13  -9.20317112e-14
  4.15200000e-05  -4.46004633e-02  -3.54189439e-02   4.11739790e-03   9.28875996e-14  -1.31759003e-13  -1.27248993e-13
  4.16000000e-05  -4.41561775e-02  -3.40086768e-02   1.63130578e-03   6.81495192e-14  -9.57171720e-14  -1.50794595e-13
  4.16800000e-05  -4.33759628e-02  -3.22651999e-02  -6.24182268e-04   4.43870801e-14  -5.65382736e-14  -1.61993758e-13
  4.17600000e-05  -4.22852036e-02  -3.03211758e-02  -2.60058048e-03   2.28358469e-14  -1.79632969e-14  -1.61867767e-13
  4.18400000e-05  -4.09136777e-02  -2.82842305e-02  -4.26644487e-03   4.15874358e-15   1.69740600e-14  -1.52409732e-13
  4.19200000e-05  -3.93014933e-02  -2.62476855e-02  -5.62188876e-03  -1.14273615e-14   4.62769563e-14  -1.36173207e-13
  4.20000000e-05  -3.75407177e-02  -2.42977446e-02  -6.68806500e-03  -2.40359399e-14   6.90230536e-14  -1.15844880e-13
  4.20800000e-05  -3.56452722e-02  -2.24476677e-02  -7.49194461e-03  -3.39248536e-14   8.50969226e-14  -9.35627311e-14
  4.21600000e-05  -3.37180086e-02  -2.07674164e-02  -8.07798211e-03  -4.15102346e-14   9.51481077e-14  -7.13467691e-14
  4.22400000e-05  -3.18242208e-02  -1.92708567e-02  -8.48645418e-03  -4.71952909e-14   1.00144475e-13  -5.04234695e-14
  4.23200000e-05  -2.99802228e-02  -1.79411395e-02  -8.75404894e-03  -5.13106116e-14   1.01096340e-13  -3.14688643e-14
  4.24000000e-05  -2.82077080e-02  -1.67708725e-02  -8.91293243e-03  -5.41589370e-14   9.89902898e-14  -1.48608834e-14
  4.24800000e-05  -2.65255146e-02  -1.57481154e-02  -8.98855186e-03  -5.59908307e-14   9.47009021e-14  -6.87000334e-16
  4.25600000e-05  -2.49532415e-02  -1.48573592e-02  -9.00738803e-03  -5.70224274e-14   8.89920489e-14   1.11805516e-14
  4.26400000e-05  -2.34991700e-02  -1.40835566e-02  -8.97912200e-03  -5.73980015e-14   8.24062800e-14   2.09632844e-14
  4.27200000e-05  -2.21428842e-02  -1.34087258e-02  -8.92452835e-03  -5.72651307e-14   7.53575655e-14   2.88604859e-14
  4.28000000e-05  -2.08767141e-02  -1.28079943e-02  -8.84437234e-03  -5.66775553e-14   6.81180631e-14   3.51393334e-14
  4.28800000e-05  -1.96984589e-02  -1.22733764e-02  -8.74961145e-03  -5.57419811e-14   6.09323847e-14   4.00229240e-14
  4.29600000e-05  -1.86090929e-02  -1.18045942e-02  -8.64985634e-03  -5.45645800e-14   5.39784305e-14   4.37237174e-14
  4.30400000e-05  -1.75891092e-02  -1.13775630e-02  -8.54712295e-03  -5.31752528e-14   4.73296544e-14   4.64260553e-14
  4.31200000e-05  -1.66451338e-02  -1.09910377e-02  -8.44196679e-03  -5.16240104e-14   4.10593706e-14   4.83303805e-14
  4.32000000e-05  -1.57627954e-02  -1.06372073e-02  -8.33757681e-03  -4.99558339e-14   3.51934208e-14   4.95448360e-14
  4.32800000e-05  -1.49383151e-02  -1.03101962e-02  -8.23825854e-03  -4.82204904e-14   2.97559014e-14   5.01979511e-14
  4.33600000e-05  -1.41648003e-02  -1.00053765e-02  -8.14551425e-03  -4.64525964e-14   2.47464781e-14   5.03828128e-14
  4.34400000e-05  -1.34408107e-02  -9.71635713e-03  -8.05786516e-03  -4.46670433e-14   2.01526689e-14   5.02056984e-14
  4.35200000e-05  -1.27586915e-02  -9.44433939e-03  -7.97888713e-03  -4.29039804e-14   1.59622187e-14   4.97119504e-14
  4.36000000e-05  -1.21152976e-02  -9.18207638e-03  -7.90674107e-03  -4.11702980e-14   1.21516908e-14   4.89724723e-14
  4.36800000e-05  -1.15114371e-02  -8.93300097e-03  -7.83883376e-03  -3.94674755e-14   8.69469264e-15   4.80502170e-14
  4.37600000e-05  -1.09426088e-02  -8.69121083e-03  -7.77520291e-03  -3.78071941e-14   5.56722227e-15   4.69857105e-14
  4.38400000e-05  -1.04018066e-02  -8.45436377e-03  -7.72528003e-03  -3.62501827e-14   2.75808044e-15   4.57911654e-14
  4.39200000e-05  -9.88930913e-03  -8.22265471e-03  -7.68420886e-03  -3.47795701e-14   2.35246187e-16   4.45083649e-14
  4.40000000e-05  -9.40418134e-03  -7.99906251e-03  -7.64860042e-03  -3.33806709e-14  -2.02920283e-15   4.31647078e-14
  4.40800000e-05  -8.93633924e-03  -7.77554775e-03  -7.61791513e-03  -3.20617226e-14  -4.04944713e-15   4.17438491e-14
  4.41600000e-05  -8.49026175e-03  -7.55266524e-03  -7.59803472e-03  -3.08579907e-14  -5.84695797e-15   4.02936477e-14
  4.42400000e-05  -8.07467889e-03  -7.33698228e-03  -7.58367092e-03  -2.97353087e-14  -7.46006450e-15   3.88779305e-14
  4.43200000e-05  -7.68214530e-03  -7.13052340e-03  -7.57228124e-03  -2.86749404e-14  -8.90412288e-15   3.74756439e-14
  4.44000000e-05  -7.30748347e-03  -6.92240926e-03  -7.57145961e-03  -2.77302431e-14  -1.01895990e-14   3.60795516e-14
  4.44800000e-05  -6.95341918e-03  -6.72201368e-03  -7.57624893e-03  -2.68592232e-14  -1.13421306e-14   3.47144606e-14
  4.45600000e-05  -6.61232330e-03  -6.51998444e-03  -7.58492395e-03  -2.60677173e-14  -1.23656921e-14   3.33546251e-14
  4.46400000e-05  -6.28236653e-03  -6.31595665e-03  -7.60125928e-03  -2.53758859e-14  -1.32710035e-14   3.19999213e-14
  4.47200000e-05  -5.97482866e-03  -6.12269542e-03  -7.61899641e-03  -2.47230349e-14  -1.40957073e-14   3.07152816e-14
  4.48000000e-05  -5.68656975e-03  -5.93628028e-03  -7.64416403e-03  -2.41409552e-14  -1.48501816e-14   2.94910032e-14
  4.48800000e-05  -5.41022606e-03  -5.74930344e-03  -7.67422789e-03  -2.36300246e-14  -1.55318534e-14   2.82948481e-14
  4.49600000e-05  -5.13723087e-03  -5.55466750e-03  -7.71199931e-03  -2.32195448e-14  -1.61324222e-14   2.70869323e-14
  4.50400000e-05  -4.88628283e-03  -5.37399256e-03  -7.75349274e-03  -2.28338363e-14  -1.67074552e-14   2.59700150e-14
  4.51200000e-05  -4.64852879e-03  -5.20082299e-03  -7.79706289e-03  -2.24740451e-14  -1.72448185e-14   2.49014914e-14
  4.52000000e-05  -4.41789949e-03  -5.02692557e-03  -7.84841929e-03  -2.21856371e-14  -1.77407368e-14   2.38513351e-14
  4.52800000e-05  -4.19503474e-03  -4.85144845e-03  -7.90388777e-03  -2.19509977e-14  -1.82031208e-14   2.28237932e-14
  4.53600000e-05  -3.99017978e-03  -4.68856622e-03  -7.96549687e-03  -2.17337510e-14  -1.86720757e-14   2.18777108e-14
  4.54400000e-05  -3.79202872e-03  -4.52885943e-03  -8.02761584e-03  -2.15301343e-14  -1.91171178e-14   2.09553659e-14
  4.55200000e-05  -3.60485820e-03  -4.37360824e-03  -8.09891393e-03  -2.13707990e-14  -1.95654129e-14   2.00780194e-14
  4.56000000e-05  -3.41747160e-03  -4.21212355e-03  -8.17743594e-03  -2.12764595e-14  -1.99879886e-14   1.91873804e-14
  4.56800000e-05  -3.23807975e-03  -4.05509291e-03  -8.26150363e-03  -2.12035525e-14  -2.04144985e-14   1.83309829e-14
  4.57600000e-05  -3.08032244e-03  -3.91618569e-03  -8.35273466e-03  -2.11060722e-14  -2.08979010e-14   1.75814957e-14
  4.58400000e-05  -2.92774685e-03  -3.78074710e-03  -8.45088655e-03  -2.10241156e-14  -2.13900816e-14   1.68531167e-14
  4.59200000e-05  -2.78095184e-03  -3.64401834e-03  -8.56018593e-03  -2.09857072e-14  -2.19041788e-14   1.61421109e-14
  4.60000000e-05  -2.63919701e-03  -3.51310076e-03  -8.67398051e-03  -2.09355643e-14  -2.24336931e-14   1.54559839e-14
  4.60800000e-05  -2.51464200e-03  -3.40054939e-03  -8.80016838e-03  -2.08521834e-14  -2.30372261e-14   1.48605113e-14
  4.61600000e-05  -2.38788661e-03  -3.28572460e-03  -8.93297017e-03  -2.07791299e-14  -2.36412744e-14   1.42502348e-14
  4.62400000e-05  -2.26903194e-03  -3.17335766e-03  -9.07737714e-03  -2.07129016e-14  -2.42942489e-14   1.36705322e-14
  4.63200000e-05  -2.15885329e-03  -3.07147004e-03  -9.23413908e-03  -2.06185504e-14  -2.50052455e-14   1.31376934e-14
  4.64000000e-05  -2.05743007e-03  -2.97746017e-03  -9.40268227e-03  -2.04943625e-14  -2.57775063e-14   1.26471588e-14
  4.64800000e-05  -1.95705495e-03  -2.88633913e-03  -9.58363717e-03  -2.03524240e-14  -2.65864932e-14   1.21632785e-14
  4.65600000e-05  -1.85990890e-03  -2.79810931e-03  -9.78183181e-03  -2.02001499e-14  -2.74532753e-14   1.16938939e-14
  4.66400000e-05  -1.77374657e-03  -2.71861484e-03  -9.99730208e-03  -2.00036942e-14  -2.84130904e-14   1.12756154e-14
  4.67200000e-05  -1.69323704e-03  -2.64914126e-03  -1.02283939e-02  -1.97395187e-14  -2.94437086e-14   1.08936192e-14
  4.68000000e-05  -1.63003185e-03  -2.60685935e-03  -1.04713647e-02  -1.93144440e-14  -3.05838788e-14   1.06204905e-14
  4.68800000e-05  -1.56638861e-03  -2.56880902e-03  -1.07345990e-02  -1.88297052e-14  -3.17811123e-14   1.03529013e-14
  4.69600000e-05  -1.51769795e-03  -2.54845238e-03  -1.10194193e-02  -1.82179998e-14  -3.31010149e-14   1.01643996e-14
  4.70400000e-05  -1.47138198e-03  -2.53364275e-03  -1.13282540e-02  -1.75166805e-14  -3.44983797e-14   9.99097460e-15
  4.71200000e-05  -1.43201645e-03  -2.53403892e-03  -1.16559801e-02  -1.66546111e-14  -3.59761211e-14   9.86743002e-15
  4.72000000e-05  -1.40294557e-03  -2.54839426e-03  -1.20122196e-02  -1.56383675e-14  -3.75692704e-14   9.79678152e-15
  4.72800000e-05  -1.38185401e-03  -2.58417806e-03  -1.23903879e-02  -1.43977832e-14  -3.92436273e-14   9.79050501e-15
  4.73600000e-05  -1.37286172e-03  -2.64170452e-03  -1.28007511e-02  -1.29261814e-14  -4.10344677e-14   9.85464037e-15
  4.74400000e-05  -1.37692951e-03  -2.72603832e-03  -1.32397932e-02  -1.11639058e-14  -4.29225591e-14   9.99867973e-15
  4.75200000e-05  -1.39685375e-03  -2.84152635e-03  -1.37106466e-02  -9.06443123e-15  -4.49103925e-14   1.02311549e-14
  4.76000000e-05  -1.43058547e-03  -3.00417285e-03  -1.42139977e-02  -6.52215213e-15  -4.69662121e-14   1.05828859e-14
  4.76800000e-05  -1.48775770e-03  -3.21586265e-03  -1.47555591e-02  -3.49513935e-15  -4.91146752e-14   1.10565766e-14
  4.77600000e-05  -1.57058712e-03  -3.49115100e-03  -1.53332853e-02   1.31313432e-16  -5.13170221e-14   1.16706387e-14
  4.78400000e-05  -1.68359041e-03  -3.84863038e-03  -1.59498477e-02   4.48990851e-15  -5.35441908e-14   1.24460519e-14
  4.79200000e-05  -1.83857467e-03  -4.31442694e-03  -1.65966885e-02   9.76197892e-15  -5.57511544e-14   1.34114799e-14
  4.80000000e-05  -2.04375679e-03  -4.91899162e-03  -1.72898925e-02   1.61398232e-14  -5.79250864e-14   1.45719322e-14
  4.80800000e-05  -2.31704196e-03  -5.70834439e-03  -1.79821252e-02   2.39203958e-14  -5.98943137e-14   1.59309763e-14
  4.81600000e-05  -2.67979279e-03  -6.74190188e-03  -1.86635404e-02   3.34320917e-14  -6.15848127e-14   1.74461908e-14
  4.82400000e-05  -3.15224662e-03  -8.09834523e-03  -1.92751463e-02   4.50812558e-14  -6.27659040e-14   1.89981813e-14
  4.83200000e-05  -3.76348371e-03  -9.84480965e-03  -1.96883384e-02   5.91234006e-14  -6.31010214e-14   2.02509516e-14
  4.84000000e-05  -4.53719042e-03  -1.20578659e-02  -1.97753767e-02   7.57140907e-14  -6.23510022e-14   2.06464222e-14
  4.84800000e-05  -5.47140211e-03  -1.47368195e-02  -1.92163937e-02   9.42488420e-14  -6.00414297e-14   1.92099727e-14
  4.85600000e-05  -6.53001393e-03  -1.77805760e-02  -1.77609245e-02   1.13265866e-13  -5.62966186e-14   1.47153726e-14
  4.86400000e-05  -7.56366843e-03  -2.07522888e-02  -1.50502825e-02   1.29029109e-13  -5.13978144e-14   6.02572692e-15
  4.87200000e-05  -8.34889487e-03  -2.30017182e-02  -1.10950003e-02   1.36925534e-13  -4.65080045e-14  -6.61675329e-15
  4.88000000e-05  -8.69485272e-03  -2.39688666e-02  -6.39914583e-03   1.34003425e-13  -4.30317586e-14  -2.08961577e-14
  4.88800000e-05  -8.54172352e-03  -2.34773665e-02  -1.74352464e-03   1.20838490e-13  -4.14826068e-14  -3.34188635e-14
  4.89600000e-05   7.22839029e-03   2.01174702e-02  -2.28046191e-03  -9.63484396e-14   3.77481143e-14   2.76051259e-14
  4.90400000e-05   6.46254464e-03   1.79847371e-02  -5.67217205e-03  -8.13401893e-14   3.47985335e-14   1.76612894e-14
  4.91200000e-05   5.59724000e-03   1.56535852e-02  -8.33510285e-03  -6.64508925e-14   2.91973350e-14   1.02099973e-14
  4.92000000e-05   4.76202202e-03   1.34091120e-02  -1.03057925e-02  -5.29542856e-14   2.27671742e-14   5.15420002e-15
  4.92800000e-05   3.98801370e-03   1.13233297e-02  -1.17590635e-02  -4.08572517e-14   1.64372909e-14   1.97172036e-15
  4.93600000e-05   3.29348989e-03   9.45591476e-03  -1.28310244e-02  -3.02249488e-14   1.07146494e-14   1.38044180e-16
  4.94400000e-05   2.67468842e-03   7.79416253e-03  -1.36134640e-02  -2.08528812e-14   5.78086563e-15  -7.87305377e-16
  4.95200000e-05   2.15816605e-03   6.37228460e-03  -1.42550227e-02  -1.27215764e-14   1.79565525e-15  -1.12331271e-15
  4.96000000e-05   1.70905166e-03   5.13909732e-03  -1.47146625e-02  -5.65010446e-15  -1.35824237e-15  -1.13060426e-15
  4.96800000e-05   1.32244596e-03   4.05318702e-03  -1.50597911e-02   6.41121734e-16  -3.74916313e-15  -9.52749635e-16
  4.97600000e-05   1.00174384e-03   3.13073928e-03  -1.53027176e-02   6.05095738e-15  -5.38644198e-15  -7.05890059e-16
  4.98400000e-05   7.25565828e-04   2.32323980e-03  -1.55351030e-02   1.09316246e-14  -6.47160253e-15  -4.57252926e-16
  4.99200000e-05   4.92236487e-04   1.62449884e-03  -1.56043488e-02   1.50565106e-14  -6.94770878e-15  -2.48339807e-16
  5.00000000e-05   2.96431653e-04   1.00471786e-03  -1.56650179e-02   1.87761691e-14  -6.97947916e-15  -9.23431123e-17
  5.00800000e-05   1.36987420e-04   4.63817597e-04  -1.56659309e-02   2.19847820e-14  -6.58073890e-15  -2.59313959e-18
  5.01600000e-05  -8.34103502e-06  -3.09784440e-05  -1.55334343e-02   2.47113206e-14  -5.88089312e-15  -1.54100321e-18
  5.02400000e-05  -1.26118470e-04  -4.67122441e-04  -1.53289375e-02   2.69626207e-14  -4.89311025e-15  -7.27253841e-17
  5.03200000e-05  -2.24389651e-04  -8.55727251e-04  -1.49950842e-02   2.86863822e-14  -3.70738908e-15  -2.17698906e-16
  5.04000000e-05  -3.05076210e-04  -1.20765238e-03  -1.45482537e-02   2.99546201e-14  -2.41030656e-15  -4.28067152e-16
  5.04800000e-05  -3.75899128e-04  -1.51399347e-03  -1.40540837e-02   3.08255404e-14  -1.10777645e-15  -7.05142199e-16
  5.05600000e-05  -4.26265980e-04  -1.77650831e-03  -1.33500506e-02   3.10484644e-14   1.75325349e-16  -1.01470560e-15
  5.06400000e-05  -4.59224973e-04  -1.99609110e-03  -1.25626175e-02   3.08468084e-14   1.35670240e-15  -1.34316963e-15
  5.07200000e-05  -4.73777509e-04  -2.15886056e-03  -1.16241153e-02   3.00565116e-14   2.36339585e-15  -1.66398394e-15
  5.08000000e-05  -4.65503829e-04  -2.26877460e-03  -1.05255337e-02   2.87074401e-14   3.14053037e-15  -1.94655962e-15
  5.08800000e-05  -4.36150201e-04  -2.31247487e-03  -9.31780079e-03   2.68382262e-14   3.65142498e-15  -2.16245514e-15
  5.09600000e-05  -3.86918126e-04  -2.29150740e-03  -8.01853441e-03   2.45103058e-14   3.87574378e-15  -2.29029099e-15
  5.10400000e-05  -3.11970917e-04  -2.19968160e-03  -6.63412995e-03   2.17200779e-14   3.83977606e-15  -2.29454616e-15
  5.11200000e-05  -2.22991266e-04  -2.04575413e-03  -5.20104233e-03   1.85830622e-14   3.52498775e-15  -2.18323907e-15
  5.12000000e-05  -1.08577989e-04  -1.82801877e-03  -3.70099922e-03   1.50671778e-14   3.00433015e-15  -1.92594900e-15
  5.12800000e-05   2.33004937e-05  -1.55903702e-03  -2.22226476e-03   1.13707388e-14   2.36848275e-15  -1.54239429e-15
  5.13600000e-05   1.64897036e-04  -1.24222738e-03  -7.33879541e-04   7.45406143e-15   1.60977474e-15  -1.04997289e-15
  5.14400000e-05   1.51729539e-03   4.74463734e-03  -6.15559828e-04  -2.33070667e-14   8.37658523e-15   7.11572457e-15
  5.15200000e-05   1.41540185e-03   4.44025187e-03  -1.83302012e-03  -2.00854147e-14   8.97706511e-15   6.23642747e-15
  5.16000000e-05   1.28900274e-03   4.10754934e-03  -3.00012030e-03  -1.68473377e-14   9.23398077e-15   5.40403897e-15
  5.16800000e-05   1.17354331e-03   3.77809357e-03  -4.12888679e-03  -1.37387082e-14   9.39361391e-15   4.69060653e-15
  5.17600000e-05   1.06480271e-03   3.46006250e-03  -5.17783433e-03  -1.08600113e-14   9.44865396e-15   4.08069524e-15
  5.18400000e-05   9.74863002e-04   3.17962724e-03  -6.18634720e-03  -8.29176991e-15   9.53355116e-15   3.59336431e-15
  5.19200000e-05   8.89753597e-04   2.90543072e-03  -7.11892842e-03  -5.91665923e-15   9.58039760e-15   3.17053513e-15
  5.20000000e-05   8.38772935e-04   2.70554391e-03  -7.95658943e-03  -4.11129362e-15   9.75279338e-15   2.88291473e-15
  5.20800000e-05   8.04799911e-04   2.52826368e-03  -8.76582646e-03  -2.52073463e-15   1.00185928e-14   2.65815863e-15
  5.21600000e-05   8.06673235e-04   2.43249371e-03  -9.49852064e-03  -1.51826877e-15   1.04481911e-14   2.54675579e-15
  5.22400000e-05   8.12262806e-04   2.34683767e-03  -1.01531108e-02  -7.28169884e-16   1.08712483e-14   2.45457675e-15
  5.23200000e-05   8.52248963e-04   2.33169262e-03  -1.07283660e-02  -4.70738928e-16   1.14401245e-14   2.44899057e-15
  5.24000000e-05   9.16080955e-04   2.36248563e-03  -1.12394544e-02  -5.99455500e-16   1.20960185e-14   2.49367265e-15
  5.24800000e-05   1.00103379e-03   2.43197632e-03  -1.17435853e-02  -1.01946832e-15   1.28445811e-14   2.57308087e-15
  5.25600000e-05   1.11370207e-03   2.55143944e-03  -1.21719838e-02  -1.86306647e-15   1.36613428e-14   2.69316723e-15
  5.26400000e-05   1.24692315e-03   2.70424859e-03  -1.25133996e-02  -3.04873532e-15   1.44829304e-14   2.82608297e-15
  5.27200000e-05   1.38857092e-03   2.87878223e-03  -1.28119809e-02  -4.46809535e-15   1.52552399e-14   2.94351408e-15
  5.28000000e-05   1.55396722e-03   3.08822592e-03  -1.30540080e-02  -6.19606904e-15   1.60358715e-14   3.05606567e-15
  5.28800000e-05   1.72222335e-03   3.31979487e-03  -1.32340886e-02  -8.15754305e-15   1.66968220e-14   3.12684265e-15
  5.29600000e-05   1.88743566e-03   3.56229101e-03  -1.33068301e-02  -1.03086726e-14   1.71732281e-14   3.13516288e-15
  5.30400000e-05   2.07773077e-03   3.82680503e-03  -1.34038893e-02  -1.26040262e-14   1.76813167e-14   3.09426448e-15
  5.31200000e-05   2.26266066e-03   4.09088926e-03  -1.34439558e-02  -1.49655238e-14   1.80097477e-14   2.96147816e-15
  5.32000000e-05   2.45524458e-03   4.38132923e-03  -1.34005809e-02  -1.75290026e-14   1.82204720e-14   2.74554503e-15
  5.32800000e-05   2.62485948e-03   4.63554441e-03  -1.33075668e-02  -1.99166635e-14   1.81716951e-14   2.40143500e-15
  5.33600000e-05   2.80492334e-03   4.90812836e-03  -1.31777382e-02  -2.23955883e-14   1.80607503e-14   1.95986382e-15
  5.34400000e-05   2.98131039e-03   5.16987783e-03  -1.30137063e-02  -2.47921675e-14   1.78208739e-14   1.39995432e-15
  5.35200000e-05   3.14859459e-03   5.42107852e-03  -1.27980552e-02  -2.70925878e-14   1.74404044e-14   7.22158627e-16
  5.36000000e-05   3.31560030e-03   5.68702614e-03  -1.25847211e-02  -2.94097527e-14   1.69813341e-14  -7.45104776e-17
  5.36800000e-05   3.46528044e-03   5.91853211e-03  -1.23216636e-02  -3.14708673e-14   1.63681185e-14  -9.88514751e-16
  5.37600000e-05   3.60048828e-03   6.14699420e-03  -1.20283338e-02  -3.34258824e-14   1.56424678e-14  -2.01152875e-15
  5.38400000e-05   3.73426211e-03   6.37353128e-03  -1.17489004e-02  -3.52730871e-14   1.48728761e-14  -3.14295044e-15
  5.39200000e-05   3.83961672e-03   6.57731966e-03  -1.14051249e-02  -3.68858881e-14   1.39650044e-14  -4.36429891e-15
  5.40000000e-05   3.94378110e-03   6.76737615e-03  -1.11175674e-02  -3.83197896e-14   1.30178660e-14  -5.66923175e-15
  5.40800000e-05   4.03746664e-03   6.94354277e-03  -1.07402927e-02  -3.95468734e-14   1.20967990e-14  -7.04585458e-15
  5.41600000e-05   4.11851044e-03   7.10945311e-03  -1.04071222e-02  -4.06091587e-14   1.11034881e-14  -8.48548848e-15
  5.42400000e-05   4.18396759e-03   7.27759819e-03  -1.00455803e-02  -4.15562783e-14   1.00961573e-14  -9.99388216e-15
  5.43200000e-05   4.24934100e-03   7.44504487e-03  -9.67836072e-03  -4.23752409e-14   9.14708912e-15  -1.15687318e-14
  5.44000000e-05   4.29436330e-03   7.58924639e-03  -9.34959212e-03  -4.29656963e-14   8.09641414e-15  -1.31625664e-14
  5.44800000e-05   4.31619654e-03   7.71605312e-03  -8.95016249e-03  -4.33201620e-14   7.10649234e-15  -1.47644539e-14
  5.45600000e-05   4.33717902e-03   7.84039669e-03  -8.57411715e-03  -4.35548472e-14   6.16194749e-15  -1.63973800e-14
  5.46400000e-05   4.35344397e-03   7.96833724e-03  -8.17150108e-03  -4.36829250e-14   5.33633438e-15  -1.80688288e-14
  5.47200000e-05   4.36747900e-03   8.10223448e-03  -7.82196407e-03  -4.37523613e-14   4.48451067e-15  -1.97844123e-14
  5.48000000e-05   4.36364924e-03   8.22593776e-03  -7.52502277e-03  -4.36892916e-14   3.50933765e-15  -2.14985596e-14
  5.48800000e-05   4.34809835e-03   8.33939167e-03  -7.14974637e-03  -4.34296680e-14   2.75067950e-15  -2.32032670e-14
  5.49600000e-05   4.32368471e-03   8.44761100e-03  -6.74076189e-03  -4.30267887e-14   2.14960074e-15  -2.49044960e-14
  5.50400000e-05   4.29350799e-03   8.56202264e-03  -6.41574123e-03  -4.25925682e-14   1.40452206e-15  -2.66291884e-14
  5.51200000e-05   4.25750987e-03   8.65930113e-03  -6.06330392e-03  -4.19685230e-14   8.12917020e-16  -2.83083463e-14
  5.52000000e-05   4.20921159e-03   8.77118173e-03  -5.74106189e-03  -4.13304287e-14   1.79450733e-16  -3.00283341e-14
  5.52800000e-05   4.15583644e-03   8.88064900e-03  -5.44349345e-03  -4.05981506e-14  -4.56397746e-16  -3.17392468e-14
  5.53600000e-05   4.08919553e-03   8.99202959e-03  -5.11290889e-03  -3.97619388e-14  -9.36873658e-16  -3.34484228e-14
  5.54400000e-05   4.02121511e-03   9.09651772e-03  -4.84013321e-03  -3.88327275e-14  -1.52445759e-15  -3.51275469e-14
  5.55200000e-05   3.94592184e-03   9.20127068e-03  -4.53132661e-03  -3.77940929e-14  -1.91222941e-15  -3.67944073e-14
  5.56000000e-05   3.85937647e-03   9.30791012e-03  -4.26117131e-03  -3.66908046e-14  -2.38927857e-15  -3.84501834e-14
  5.56800000e-05   3.76466204e-03   9.41341204e-03  -3.98362114e-03  -3.54868435e-14  -2.76924809e-15  -4.00801281e-14
  5.57600000e-05   3.66518522e-03   9.52332279e-03  -3.70969622e-03  -3.42100506e-14  -3.08058288e-15  -4.17078779e-14
  5.58400000e-05   3.55788285e-03   9.63178253e-03  -3.46448980e-03  -3.28502912e-14  -3.44168340e-15  -4.33042215e-14
  5.59200000e-05   3.43885402e-03   9.73615651e-03  -3.22342038e-03  -3.13869233e-14  -3.76289535e-15  -4.48502424e-14
  5.60000000e-05   3.31242029e-03   9.84533419e-03  -2.99926396e-03  -2.98551036e-14  -4.08563628e-15  -4.63837486e-14
  5.60800000e-05   3.18334246e-03   9.94685183e-03  -2.76288714e-03  -2.82055135e-14  -4.26311947e-15  -4.78457569e-14
  5.61600000e-05   3.04479882e-03   1.00535369e-02  -2.55832918e-03  -2.64948344e-14  -4.51820764e-15  -4.92881874e-14
  5.62400000e-05   2.90110661e-03   1.01526447e-02  -2.39509531e-03  -2.46924380e-14  -4.89226497e-15  -5.06471800e-14
  5.63200000e-05   2.74313312e-03   1.02509306e-02  -2.21158458e-03  -2.27945445e-14  -5.10719527e-15  -5.19455486e-14
  5.64000000e-05   2.58692862e-03   1.03443645e-02  -2.06059976e-03  -2.08151750e-14  -5.38493951e-15  -5.31646910e-14
  5.64800000e-05   2.41997551e-03   1.04319207e-02  -1.87927579e-03  -1.87357813e-14  -5.43377320e-15  -5.42894361e-14
  5.65600000e-05   2.24454493e-03   1.05156016e-02  -1.75365976e-03  -1.65937552e-14  -5.68446569e-15  -5.53248742e-14
  5.66400000e-05   2.06251487e-03   1.05975954e-02  -1.65174141e-03  -1.43842894e-14  -5.97194190e-15  -5.62775954e-14
  5.67200000e-05   1.87619265e-03   1.06701149e-02  -1.53390485e-03  -1.20924851e-14  -6.08269722e-15  -5.71032226e-14
  5.68000000e-05   1.68337075e-03   1.07342429e-02  -1.47091883e-03  -9.74815184e-15  -6.39184989e-15  -5.78015736e-14
  5.68800000e-05   1.49067483e-03   1.07945241e-02  -1.41283784e-03  -7.34907421e-15  -6.62801665e-15  -5.83940798e-14
  5.69600000e-05   1.28804898e-03   1.08482305e-02  -1.35636467e-03  -4.89987964e-15  -6.77765907e-15  -5.88609351e-14
  5.70400000e-05   1.08386957e-03   1.08941636e-02  -1.34586686e-03  -2.41777393e-15  -7.07237567e-15  -5.91946885e-14
  5.71200000e-05   8.82245322e-04   1.09309927e-02  -1.34400438e-03   9.52033097e-17  -7.30939746e-15  -5.93859505e-14
  5.72000000e-05   6.67503764e-04   1.09554071e-02  -1.35075378e-03   2.62690871e-15  -7.48547171e-15  -5.94134326e-14
  5.72800000e-05   4.52955619e-04   1.09808400e-02  -1.38068071e-03   5.16914363e-15  -7.67578455e-15  -5.93512813e-14
  5.73600000e-05   2.43751745e-04   1.10019810e-02  -1.43217484e-03   7.71616927e-15  -7.87343815e-15  -5.91705599e-14
  5.74400000e-05   3.99144743e-05   1.09976328e-02  -1.51063475e-03   1.02400019e-14  -8.10818320e-15  -5.87581457e-14
  5.75200000e-05  -1.68397781e-04   1.10000587e-02  -1.61012434e-03   1.27580833e-14  -8.33660690e-15  -5.82884168e-14
  5.76000000e-05  -3.73776877e-04   1.09909007e-02  -1.72762863e-03   1.52465087e-14  -8.54574504e-15  -5.76653023e-14
  5.76800000e-05  -5.75086587e-04   1.09820220e-02  -1.85126075e-03   1.77114794e-14  -8.67337273e-15  -5.69540536e-14
  5.77600000e-05  -7.75327649e-04   1.09503234e-02  -2.02475932e-03   2.01129325e-14  -8.93760718e-15  -5.60381674e-14
  5.78400000e-05  -9.70264411e-04   1.09308410e-02  -2.18735928e-03   2.24985237e-14  -9.02920760e-15  -5.51013045e-14
  5.79200000e-05  -1.16072565e-03   1.08987543e-02  -2.36115234e-03   2.48191299e-14  -9.05988806e-15  -5.40201035e-14
  5.80000000e-05  -1.34259678e-03   1.08680146e-02  -2.56367414e-03   2.71015331e-14  -9.12284731e-15  -5.28669643e-14
  5.80800000e-05  -1.52009172e-03   1.08345761e-02  -2.78002540e-03   2.93335009e-14  -9.13090239e-15  -5.16250925e-14
  5.81600000e-05  -1.69424671e-03   1.07923104e-02  -2.99160923e-03   3.14855746e-14  -8.99205962e-15  -5.02704123e-14
  5.82400000e-05  -1.86045984e-03   1.07519874e-02  -3.23727085e-03   3.35949699e-14  -8.89659644e-15  -4.88554069e-14
  5.83200000e-05  -2.01552238e-03   1.07103323e-02  -3.51795700e-03   3.56527001e-14  -8.84852147e-15  -4.73653942e-14
  5.84000000e-05  -2.17633365e-03   1.06692401e-02  -3.79903323e-03   3.76524659e-14  -8.63401530e-15  -4.58176330e-14
  5.84800000e-05  -2.32389414e-03   1.06296788e-02  -4.08051591e-03   3.95928504e-14  -8.31553704e-15  -4.42103609e-14
  5.85600000e-05  -2.47173993e-03   1.05853283e-02  -4.37501331e-03   4.14540409e-14  -7.89654952e-15  -4.25258541e-14
  5.86400000e-05  -2.60516403e-03   1.05486449e-02  -4.68966187e-03   4.32825938e-14  -7.45242015e-15  -4.08070338e-14
  5.87200000e-05  -2.73355745e-03   1.05024928e-02  -5.06650774e-03   4.50314696e-14  -7.09117405e-15  -3.89955219e-14
  5.88000000e-05  -2.85331450e-03   1.04616337e-02  -5.42940681e-03   4.67192849e-14  -6.53580772e-15  -3.71458700e-14
  5.88800000e-05  -2.97212344e-03   1.04238295e-02  -5.79019176e-03   4.83367855e-14  -5.79995648e-15  -3.52528308e-14
  5.89600000e-05  -3.07757794e-03   1.03805165e-02  -6.14794352e-03   4.98398624e-14  -4.93590321e-15  -3.32832084e-14
  5.90400000e-05  -3.17650982e-03   1.03503057e-02  -6.55843415e-03   5.13368599e-14  -4.07618679e-15  -3.12973821e-14
  5.91200000e-05  -3.27004823e-03   1.03175857e-02  -6.97912521e-03   5.27308991e-14  -3.07156887e-15  -2.92477570e-14
  5.92000000e-05  -3.34555669e-03   1.02749011e-02  -7.33869941e-03   5.39293177e-14  -1.80527105e-15  -2.71127839e-14
  5.92800000e-05  -3.42357884e-03   1.02263107e-02  -7.77580694e-03   5.50234437e-14  -5.30514773e-16  -2.49237550e-14
  5.93600000e-05  -3.48275094e-03   1.01818631e-02  -8.25695330e-03   5.60321082e-14   7.62283663e-16  -2.26941346e-14
  5.94400000e-05  -3.53763499e-03   1.01256285e-02  -8.70566593e-03   5.68162659e-14   2.30635894e-15  -2.04053174e-14
  5.95200000e-05  -3.57405401e-03   1.00514448e-02  -9.17242509e-03   5.73599117e-14   3.92150751e-15  -1.80530890e-14
  5.96000000e-05  -3.60308012e-03   9.98854974e-03  -9.63451067e-03   5.77848363e-14   5.69932274e-15  -1.57014125e-14
  5.96800000e-05  -3.62679824e-03   9.92320294e-03  -1.01146996e-02   5.80214214e-14   7.61656794e-15  -1.33322041e-14
  5.97600000e-05  -3.63608988e-03   9.84673533e-03  -1.06421450e-02   5.80230637e-14   9.60233081e-15  -1.09400375e-14
  5.98400000e-05  -3.61664011e-03   9.73823975e-03  -1.11579289e-02   5.76285306e-14   1.16346545e-14  -8.52493339e-15
  5.99200000e-05  -3.58629882e-03   9.59673943e-03  -1.16589665e-02   5.68173222e-14   1.37818115e-14  -6.13291424e-15
  6.00000000e-05  -3.54159710e-03   9.44769751e-03  -1.21660718e-02   5.57252248e-14   1.59917847e-14  -3.80326133e-15
  6.00800000e-05  -3.48402083e-03   9.30401831e-03  -1.27030069e-02   5.44170314e-14   1.82598842e-14  -1.55079612e-15
  6.01600000e-05  -3.40195608e-03   9.11258050e-03  -1.32079481e-02   5.25759638e-14   2.05069581e-14   6.06467187e-16
  6.02400000e-05  -3.30940404e-03   8.88124665e-03  -1.37212425e-02   5.02549217e-14   2.27716454e-14   2.61833126e-15
  6.03200000e-05  -3.19522491e-03   8.63062714e-03  -1.42370632e-02   4.75627076e-14   2.49644081e-14   4.45913239e-15
  6.04000000e-05  -3.05772027e-03   8.34437388e-03  -1.46989176e-02   4.44173626e-14   2.70022033e-14   6.08892519e-15
  6.04800000e-05  -2.91425215e-03   8.03661817e-03  -1.51621625e-02   4.09131519e-14   2.89684201e-14   7.49081082e-15
  6.05600000e-05  -2.74631774e-03   7.68002843e-03  -1.55950093e-02   3.69247188e-14   3.06929931e-14   8.61275851e-15
  6.06400000e-05  -2.56604093e-03   7.29105789e-03  -1.60275470e-02   3.25612174e-14   3.22247710e-14   9.44619000e-15
  6.07200000e-05  -2.38171225e-03   6.89885128e-03  -1.64402527e-02   2.80038267e-14   3.35520694e-14   1.00225758e-14
  6.08000000e-05  -2.17568426e-03   6.45502014e-03  -1.67559138e-02   2.30834705e-14   3.44304850e-14   1.02666517e-14
  6.08800000e-05  -1.97642064e-03   5.99470154e-03  -1.70118873e-02   1.80257591e-14   3.50071516e-14   1.02417175e-14
  6.09600000e-05  -1.76285180e-03   5.50841487e-03  -1.71933356e-02   1.28491620e-14   3.51185154e-14   9.93385973e-15
  6.10400000e-05  -1.55596143e-03   5.01336597e-03  -1.73533752e-02   7.65019155e-15   3.49229742e-14   9.40325701e-15
  6.11200000e-05  -1.35600740e-03   4.53284389e-03  -1.74430208e-02   2.63644414e-15   3.43413714e-14   8.71919142e-15
  6.12000000e-05  -1.16093092e-03   4.03439307e-03  -1.74314492e-02  -2.25907654e-15   3.33103670e-14   7.85991710e-15
  6.12800000e-05  -9.77017034e-04   3.57992599e-03  -1.73698941e-02  -6.74219356e-15   3.19581877e-14   6.96579862e-15
  6.13600000e-05  -8.06897276e-04   3.14374710e-03  -1.72244082e-02  -1.08507758e-14   3.02759158e-14   6.03418607e-15
  6.14400000e-05  -6.59035376e-04   2.75395386e-03  -1.69587542e-02  -1.43424743e-14   2.82997777e-14   5.15300116e-15
  6.15200000e-05  -5.27317025e-04   2.40453178e-03  -1.67082561e-02  -1.74531184e-14   2.62438362e-14   4.32764881e-15
  6.16000000e-05  -4.13497457e-04   2.13357900e-03  -1.63496533e-02  -1.97679941e-14   2.39989039e-14   3.63173284e-15
  6.16800000e-05  -3.28209502e-04   1.93769766e-03  -1.59326372e-02  -2.13810394e-14   2.17564018e-14   3.08641869e-15
  6.17600000e-05  -2.71723001e-04   1.82159269e-03  -1.54448107e-02  -2.22464247e-14   1.95637855e-14   2.69877791e-15
  6.18400000e-05  -2.40201185e-04   1.79793005e-03  -1.48832653e-02  -2.23023150e-14   1.74717540e-14   2.47056229e-15
  6.19200000e-05  -2.31359509e-04   1.88803824e-03  -1.42660046e-02  -2.14939922e-14   1.55455048e-14   2.40595372e-15
  6.20000000e-05  -2.39880898e-04   2.07849896e-03  -1.36843467e-02  -2.01054751e-14   1.39008539e-14   2.46382458e-15
  6.20800000e-05  -2.85138005e-04   2.39304790e-03  -1.29827369e-02  -1.77048788e-14   1.25211686e-14   2.69681888e-15
  6.21600000e-05  -3.49573831e-04   2.82571871e-03  -1.22023225e-02  -1.44301067e-14   1.14070097e-14   3.05494207e-15
  6.22400000e-05  -4.45911839e-04   3.38051009e-03  -1.14015682e-02  -1.04208790e-14   1.06824240e-14   3.57484468e-15
  6.23200000e-05  -5.63213977e-04   4.05245600e-03  -1.05054673e-02  -5.55196962e-15   1.02472667e-14   4.25050527e-15
  6.24000000e-05  -7.03926178e-04   4.86338631e-03  -9.58477609e-03   9.12120626e-17   1.01483898e-14   5.14266929e-15
  6.24800000e-05  -8.64523080e-04   5.77937357e-03  -8.53916594e-03   6.56352855e-15   1.02681972e-14   6.28508993e-15
  6.25600000e-05  -1.04128722e-03   6.81350377e-03  -7.40042392e-03   1.38335916e-14   1.05540314e-14   7.77052657e-15
  6.26400000e-05  -1.23886321e-03   7.95695900e-03  -6.10293604e-03   2.19991133e-14   1.08863101e-14   9.72778202e-15
  6.27200000e-05  -1.44313908e-03   9.16553887e-03  -4.65120511e-03   3.08162009e-14   1.10599617e-14   1.22330544e-14
  6.28000000e-05  -1.64623394e-03   1.04207154e-02  -2.99823999e-03   4.02867995e-14   1.07980210e-14   1.54095762e-14
  6.28800000e-05  -1.83653690e-03   1.16688249e-02  -1.13120203e-03   5.01482085e-14   9.76664701e-15   1.93301093e-14
  6.29600000e-05   1.37886531e-03  -9.57523883e-03  -1.09254920e-03  -4.64045673e-14  -4.87098741e-15  -1.58755141e-14
  6.30400000e-05   1.56429765e-03  -1.07159863e-02  -3.78138683e-03  -5.93841376e-14  -3.15433489e-15  -1.56272447e-14
  6.31200000e-05   1.68512571e-03  -1.15624376e-02  -6.70506955e-03  -7.16614075e-14  -2.36465764e-15  -1.39323348e-14
  6.32000000e-05   1.75701138e-03  -1.19950357e-02  -9.77833788e-03  -8.23122747e-14  -3.15856476e-15  -1.09156083e-14
  6.32800000e-05   1.75301891e-03  -1.19279416e-02  -1.28805187e-02  -9.03961502e-14  -5.85128079e-15  -6.88422780e-15
  6.33600000e-05   1.67799409e-03  -1.13628085e-02  -1.58072193e-02  -9.51245537e-14  -1.05999842e-14  -2.47816188e-15
  6.34400000e-05   1.54747568e-03  -1.03589474e-02  -1.83785232e-02  -9.60735375e-14  -1.71581660e-14   1.58168727e-15
  6.35200000e-05   1.37434807e-03  -9.07758422e-03  -2.04942676e-02  -9.35984529e-14  -2.49095689e-14   4.75654258e-15
  6.36000000e-05   1.17609549e-03  -7.66756547e-03  -2.20418086e-02  -8.80999848e-14  -3.30189556e-14   6.78533293e-15
  6.36800000e-05   9.84939623e-04  -6.26807609e-03  -2.32082751e-02  -8.07594707e-14  -4.10607251e-14   7.66229051e-15
  6.37600000e-05   8.03001957e-04  -4.98151094e-03  -2.39197476e-02  -7.20449134e-14  -4.83021021e-14   7.64076806e-15
  6.38400000e-05   6.38381133e-04  -3.86285949e-03  -2.43032566e-02  -6.27025829e-14  -5.45056036e-14   7.01631657e-15
  6.39200000e-05   4.93180309e-04  -2.89761738e-03  -2.45214011e-02  -5.31774838e-14  -5.97262640e-14   5.98814775e-15
  6.40000000e-05   3.68481159e-04  -2.09413904e-03  -2.45855120e-02  -4.36987356e-14  -6.38566405e-14   4.78422102e-15
  6.40800000e-05   2.55911706e-04  -1.43278346e-03  -2.45916705e-02  -3.44709562e-14  -6.70309881e-14   3.54670374e-15
  6.41600000e-05   1.58185639e-04  -8.56396965e-04  -2.45145994e-02  -2.53321704e-14  -6.91820129e-14   2.25335439e-15
  6.42400000e-05   6.54150478e-05  -3.54676483e-04  -2.44555456e-02  -1.64348269e-14  -7.05487775e-14   9.79201516e-16
  6.43200000e-05  -1.93194278e-05   1.09175912e-04  -2.43309849e-02  -7.65213877e-15  -7.09257612e-14  -3.12176006e-16
  6.44000000e-05  -1.16940329e-04   5.71860401e-04  -2.42527305e-02   1.05800337e-15  -7.05572721e-14  -1.66878666e-15
  6.44800000e-05  -2.25499597e-04   1.06589826e-03  -2.42302664e-02   9.82697195e-15  -6.94897393e-14  -3.14833394e-15
  6.45600000e-05  -3.59102751e-04   1.61895330e-03  -2.41947015e-02   1.87258735e-14  -6.74465789e-14  -4.79102313e-15
  6.46400000e-05  -5.23679788e-04   2.29144665e-03  -2.41643619e-02   2.79591482e-14  -6.44341620e-14  -6.71605095e-15
  6.47200000e-05  -7.41291933e-04   3.11728142e-03  -2.41433362e-02   3.76226378e-14  -6.03206828e-14  -8.94349894e-15
  6.48000000e-05  -1.01273978e-03   4.13840328e-03  -2.40951289e-02   4.78107656e-14  -5.49535882e-14  -1.14479559e-14
  6.48800000e-05  -1.36392964e-03   5.40707561e-03  -2.38753296e-02   5.84673779e-14  -4.78402150e-14  -1.41745079e-14
  6.49600000e-05  -1.80090262e-03   6.98096058e-03  -2.35051380e-02   6.97443899e-14  -3.90523996e-14  -1.69420880e-14
  6.50400000e-05  -2.33495640e-03   8.85410215e-03  -2.27904526e-02   8.11777961e-14  -2.82934254e-14  -1.93089405e-14
  6.51200000e-05  -2.95296767e-03   1.10015321e-02  -2.16000439e-02   9.22963384e-14  -1.58091714e-14  -2.06700140e-14
  6.52000000e-05  -3.61644195e-03   1.33007105e-02  -1.97616952e-02   1.02143815e-13  -2.28780059e-15  -2.02324015e-14
  6.52800000e-05  -4.26795704e-03   1.55916008e-02  -1.71659069e-02   1.09813080e-13   1.09589706e-14  -1.73489006e-14
  6.53600000e-05  -4.81482467e-03   1.74989490e-02  -1.37814784e-02   1.13598794e-13   2.20456367e-14  -1.16956103e-14
  6.54400000e-05  -5.16555739e-03   1.87794850e-02  -9.79374771e-03   1.12945145e-13   2.90560585e-14  -3.85621647e-15
  6.55200000e-05  -5.26937342e-03   1.92532355e-02  -5.50726183e-03   1.07797719e-13   3.08966844e-14   4.87260349e-15
  6.56000000e-05  -5.11506182e-03   1.88863867e-02  -1.28068303e-03   9.87733845e-14   2.76280531e-14   1.29322607e-14
  6.56800000e-05   5.45066439e-03  -1.99245713e-02  -2.46907967e-03  -9.91847989e-14  -2.58578248e-14  -1.02941096e-14
  6.57600000e-05   4.96023981e-03  -1.82853383e-02  -5.54690802e-03  -8.62780090e-14  -2.26351128e-14  -2.53635377e-15
  6.58400000e-05   4.40895963e-03  -1.63517570e-02  -7.97215671e-03  -7.18999933e-14  -2.08566437e-14   3.01531975e-15
  6.59200000e-05   3.85864571e-03  -1.43701941e-02  -9.78672806e-03  -5.77075325e-14  -1.99141224e-14   6.48806016e-15
  6.60000000e-05   3.34262005e-03  -1.24760848e-02  -1.10955043e-02  -4.45500238e-14  -1.93262837e-14   8.30990182e-15
  6.60800000e-05   2.89365893e-03  -1.07946002e-02  -1.20165857e-02  -3.30700334e-14  -1.88896599e-14   9.00529755e-15
  6.61600000e-05   2.50534942e-03  -9.33129708e-03  -1.26673681e-02  -2.31972606e-14  -1.84077997e-14   8.97198242e-15
  6.62400000e-05   2.17477040e-03  -8.07926164e-03  -1.31302875e-02  -1.47998565e-14  -1.78201591e-14   8.51370831e-15
  6.63200000e-05   1.89941841e-03  -7.02022534e-03  -1.34682916e-02  -7.68896222e-15  -1.71280372e-14   7.84346872e-15
  6.64000000e-05   1.67331937e-03  -6.14174738e-03  -1.37238706e-02  -1.72449464e-15  -1.63384591e-14   7.10157218e-15
  6.64800000e-05   1.48999698e-03  -5.42168191e-03  -1.39246163e-02   3.26149588e-15  -1.54615903e-14   6.36911222e-15
  6.65600000e-05   1.34578905e-03  -4.83602408e-03  -1.40893821e-02   7.43213932e-15  -1.45211682e-14   5.69413267e-15
  6.66400000e-05   1.23435231e-03  -4.36414055e-03  -1.42305258e-02   1.09206392e-14  -1.35238109e-14   5.09466262e-15
  6.67200000e-05   1.15730452e-03  -4.00815804e-03  -1.43612022e-02   1.37514512e-14  -1.25127871e-14   4.60043972e-15
  6.68000000e-05   1.10738789e-03  -3.74146693e-03  -1.44826560e-02   1.60629078e-14  -1.14792582e-14   4.19378424e-15
  6.68800000e-05   1.08564262e-03  -3.56856367e-03  -1.46004249e-02   1.78506966e-14  -1.04551480e-14   3.88271840e-15
  6.69600000e-05   1.08660757e-03  -3.46461039e-03  -1.47107248e-02   1.92299059e-14  -9.43576735e-15   3.64269060e-15
  6.70400000e-05   1.10901027e-03  -3.43813775e-03  -1.48161846e-02   2.01696224e-14  -8.43923225e-15   3.46806974e-15
  6.71200000e-05   1.15818721e-03  -3.47450100e-03  -1.49188204e-02   2.07498350e-14  -7.51101429e-15   3.36013296e-15
  6.72000000e-05   1.22286616e-03  -3.57322023e-03  -1.50069333e-02   2.09476131e-14  -6.61755069e-15   3.28262225e-15
  6.72800000e-05   1.30890773e-03  -3.72507616e-03  -1.50913592e-02   2.08395659e-14  -5.80756510e-15   3.24097324e-15
  6.73600000e-05   1.41242514e-03  -3.91774611e-03  -1.51658543e-02   2.04734438e-14  -5.08117310e-15   3.21933416e-15
  6.74400000e-05   1.53375553e-03  -4.17447728e-03  -1.52210210e-02   1.97205076e-14  -4.46145422e-15   3.21073579e-15
  6.75200000e-05   1.67499395e-03  -4.48363823e-03  -1.52587028e-02   1.86497487e-14  -3.98276859e-15   3.21754150e-15
  6.76000000e-05   1.84097829e-03  -4.84963138e-03  -1.52717567e-02   1.72316191e-14  -3.69307749e-15   3.24999292e-15
  6.76800000e-05   2.01371620e-03  -5.24246096e-03  -1.52678086e-02   1.56384897e-14  -3.52467735e-15   3.27286414e-15
  6.77600000e-05   2.19604090e-03  -5.65437481e-03  -1.52424270e-02   1.39030612e-14  -3.50323095e-15   3.30264149e-15
  6.78400000e-05   2.39451242e-03  -6.10702971e-03  -1.51888067e-02   1.19157104e-14  -3.67787625e-15   3.35728915e-15
  6.79200000e-05   2.61075745e-03  -6.60968053e-03  -1.51027551e-02   9.63573270e-15  -4.07663405e-15   3.44982153e-15
  6.80000000e-05   2.83486463e-03  -7.13325044e-03  -1.49871864e-02   7.22075091e-15  -4.66519757e-15   3.58625512e-15
  6.80800000e-05   3.06708588e-03  -7.67136985e-03  -1.48412915e-02   4.70968213e-15  -5.44947669e-15   3.79009809e-15
  6.81600000e-05   3.30838756e-03  -8.23323087e-03  -1.46569737e-02   2.05003838e-15  -6.44174310e-15   4.08124357e-15
  6.82400000e-05   3.55635051e-03  -8.80592165e-03  -1.44424446e-02  -6.62540482e-16  -7.62588227e-15   4.48654626e-15
  6.83200000e-05   3.81150333e-03  -9.39145446e-03  -1.41908974e-02  -3.44426294e-15  -9.00065992e-15   5.03149772e-15
  6.84000000e-05   4.07787258e-03  -9.99874326e-03  -1.39073734e-02  -6.30826663e-15  -1.05728945e-14   5.75172236e-15
  6.84800000e-05   4.34283872e-03  -1.06009035e-02  -1.35908551e-02  -9.12218152e-15  -1.22706225e-14   6.65620531e-15
  6.85600000e-05   4.61356260e-03  -1.12057538e-02  -1.32417468e-02  -1.19098547e-14  -1.41040760e-14   7.78597752e-15
  6.86400000e-05   4.89555859e-03  -1.18152086e-02  -1.28636808e-02  -1.46548411e-14  -1.60733829e-14   9.18607526e-15
  6.87200000e-05   5.17870407e-03  -1.24126650e-02  -1.24575123e-02  -1.72682717e-14  -1.80990905e-14   1.08553517e-14
  6.88000000e-05   5.47146457e-03  -1.30232272e-02  -1.20225476e-02  -1.98514246e-14  -2.01868000e-14   1.28326309e-14
  6.88800000e-05   5.77231173e-03  -1.36218014e-02  -1.15690724e-02  -2.22451296e-14  -2.22899498e-14   1.51458510e-14
  6.89600000e-05   6.07198241e-03  -1.41927054e-02  -1.10978658e-02  -2.43654586e-14  -2.43237509e-14   1.77757778e-14
  6.90400000e-05   6.39240784e-03  -1.47820871e-02  -1.06029974e-02  -2.64137129e-14  -2.63415842e-14   2.07994359e-14
  6.91200000e-05   6.71572376e-03  -1.53287876e-02  -1.01026382e-02  -2.80506592e-14  -2.82162314e-14   2.41659787e-14
  6.92000000e-05   7.05642104e-03  -1.58764832e-02  -9.58903133e-03  -2.94663749e-14  -2.99599510e-14   2.79206004e-14
  6.92800000e-05   7.41944491e-03  -1.64245138e-02  -9.07115609e-03  -3.05975742e-14  -3.15413486e-14   3.20834849e-14
  6.93600000e-05   7.77391846e-03  -1.69157895e-02  -8.54748186e-03  -3.12074518e-14  -3.27851524e-14   3.64999371e-14
  6.94400000e-05   8.16363227e-03  -1.74269440e-02  -8.02309016e-03  -3.15485851e-14  -3.38108311e-14   4.13392353e-14
  6.95200000e-05   8.56785406e-03  -1.79006068e-02  -7.50880556e-03  -3.13315144e-14  -3.44893316e-14   4.64702565e-14
  6.96000000e-05   8.99449549e-03  -1.83610366e-02  -7.00017131e-03  -3.06377461e-14  -3.47920341e-14   5.18911218e-14
  6.96800000e-05   9.45429013e-03  -1.88191326e-02  -6.50441309e-03  -2.94362748e-14  -3.47017016e-14   5.76157810e-14
  6.97600000e-05   9.92814422e-03  -1.92370532e-02  -6.01889564e-03  -2.75942789e-14  -3.40990104e-14   6.34675393e-14
  6.98400000e-05   1.04383966e-02  -1.96551481e-02  -5.54595112e-03  -2.51998725e-14  -3.29965898e-14   6.95113587e-14
  6.99200000e-05   1.09803622e-02  -2.00501464e-02  -5.08939559e-03  -2.21416629e-14  -3.13224870e-14   7.56272456e-14
  7.00000000e-05   1.15562955e-02  -2.04257426e-02  -4.65615480e-03  -1.83776400e-14  -2.90299845e-14   8.17373066e-14
  7.00800000e-05   1.21666153e-02  -2.07843057e-02  -4.23846572e-03  -1.39421396e-14  -2.60535589e-14   8.77384671e-14
  7.01600000e-05   1.28137246e-02  -2.11321767e-02  -3.83498339e-03  -8.84577808e-15  -2.23383731e-14   9.35365418e-14
  7.02400000e-05   1.35002138e-02  -2.14593699e-02  -3.44749716e-03  -3.06872268e-15  -1.78354007e-14   9.90016911e-14
  7.03200000e-05   1.42462003e-02  -2.18028539e-02  -3.07433204e-03   3.33925640e-15  -1.25030600e-14   1.04144283e-13
  7.04000000e-05   1.50191177e-02  -2.21065848e-02  -2.71409034e-03   1.03920989e-14  -6.26770529e-15   1.08558551e-13
  7.04800000e-05   1.58547206e-02  -2.24347739e-02  -2.36526493e-03   1.80270210e-14   8.96029433e-16   1.12338859e-13
  7.05600000e-05   1.67311192e-02  -2.27559014e-02  -2.02458019e-03   2.61983217e-14   9.01922832e-15   1.15128348e-13
  7.06400000e-05   1.76674657e-02  -2.30965049e-02  -1.68003654e-03   3.48097817e-14   1.81285541e-14   1.16839354e-13
  7.07200000e-05   1.86581270e-02  -2.34556465e-02  -1.33695835e-03   4.38407924e-14   2.81938767e-14   1.17192483e-13
  7.08000000e-05   1.97158257e-02  -2.38609960e-02  -9.89217214e-04   5.32489318e-14   3.91894979e-14   1.15996974e-13
  7.08800000e-05   2.08614356e-02  -2.43410510e-02  -6.30239187e-04   6.30216672e-14   5.10858241e-14   1.13036141e-13
  7.09600000e-05   2.20842759e-02  -2.48874863e-02  -2.57219019e-04   7.30691716e-14   6.37242285e-14   1.07860915e-13
  7.10400000e-05   2.34047574e-02  -2.55412463e-02   1.32729867e-04   8.34011961e-14   7.69451762e-14   1.00135243e-13
  7.11200000e-05   2.47919914e-02  -2.63093543e-02   5.27102058e-04   9.39650028e-14   9.03330433e-14   8.92132604e-14
  7.12000000e-05   2.63231730e-02  -2.72830964e-02   9.51213317e-04   1.04787523e-13   1.03708218e-13   7.47899561e-14
  7.12800000e-05   2.79346841e-02  -2.84169538e-02   1.39611354e-03   1.15424621e-13   1.16217197e-13   5.60043287e-14
  7.13600000e-05   2.96804962e-02  -2.98312484e-02   1.86999608e-03   1.25843160e-13   1.27230629e-13   3.22787080e-14
  7.14400000e-05   3.14771233e-02  -3.14911808e-02   2.36645352e-03   1.35143868e-13   1.35297895e-13   2.85248609e-15
  7.15200000e-05   3.33175222e-02  -3.34542834e-02   2.92976346e-03   1.42344773e-13   1.38907436e-13  -3.26055061e-14
  7.16000000e-05   3.51945785e-02  -3.57892250e-02   3.55776330e-03   1.46194019e-13   1.36396509e-13  -7.41228386e-14
  7.16800000e-05   3.69456982e-02  -3.84188939e-02   4.30600198e-03   1.44253787e-13   1.25201460e-13  -1.20635163e-13
  7.17600000e-05   3.85243276e-02  -4.13651932e-02   5.21326409e-03   1.34227168e-13   1.03591476e-13  -1.69937670e-13
  7.18400000e-05   3.97708574e-02  -4.45248158e-02   6.34895674e-03   1.13312360e-13   7.01323761e-14  -2.17972599e-13
  7.19200000e-05   4.05696808e-02  -4.77365208e-02   7.77440028e-03   7.92722075e-14   2.52162098e-14  -2.58838490e-13
  7.20000000e-05   4.07981355e-02  -5.07905131e-02   9.53367976e-03   3.14254332e-14  -2.83512716e-14  -2.85521937e-13
  7.20800000e-05   4.04349576e-02  -5.34330733e-02   1.16471412e-02  -2.84451264e-14  -8.50312147e-14  -2.91342020e-13
  7.21600000e-05   3.95389701e-02  -5.54314319e-02   1.40631787e-02  -9.56748574e-14  -1.37253803e-13  -2.72007459e-13
  7.22400000e-05   3.82442100e-02  -5.66081081e-02   1.66833030e-02  -1.63237050e-13  -1.77229662e-13  -2.27159087e-13
  7.23200000e-05   3.68005490e-02  -5.69198730e-02   1.93988847e-02  -2.23417359e-13  -1.99267472e-13  -1.60854493e-13
  7.24000000e-05   3.54503002e-02  -5.64370414e-02   2.20417519e-02  -2.69546454e-13  -2.00655128e-13  -8.02512913e-14
  7.24800000e-05   3.43736014e-02  -5.52246321e-02   2.45005946e-02  -2.96927308e-13  -1.81980003e-13   6.39503825e-15
  7.25600000e-05   3.37501627e-02  -5.35225116e-02   2.66742132e-02  -3.03979774e-13  -1.46358652e-13   9.09449202e-14
  7.26400000e-05   3.37039453e-02  -5.15534459e-02   2.85421868e-02  -2.91508271e-13  -9.80108822e-14   1.67197424e-13
  7.27200000e-05   3.42145733e-02  -4.94181815e-02   3.00995518e-02  -2.61431858e-13  -4.07570239e-14   2.30257297e-13
  7.28000000e-05   3.53149651e-02  -4.73424902e-02   3.13658578e-02  -2.16932828e-13   2.17643735e-14   2.77096037e-13
  7.28800000e-05   3.70087919e-02  -4.54945629e-02   3.23740794e-02  -1.60962526e-13   8.67088243e-14   3.05856069e-13
  7.29600000e-05   3.92149578e-02  -4.39763166e-02   3.31719533e-02  -9.61370147e-14   1.51619135e-13   3.14653164e-13
  7.30400000e-05   4.18714073e-02  -4.29391144e-02   3.37352349e-02  -2.45174516e-14   2.13385118e-13   3.02032822e-13
  7.31200000e-05   4.49267260e-02  -4.25215987e-02   3.40517978e-02   5.17788252e-14   2.68193380e-13   2.66586753e-13
  7.32000000e-05   4.81815674e-02  -4.27630278e-02   3.40561633e-02   1.29530337e-13   3.10440304e-13   2.06552705e-13
  7.32800000e-05   5.14960954e-02  -4.37772561e-02   3.37239637e-02   2.03721175e-13   3.33726798e-13   1.22132690e-13
  7.33600000e-05   5.46560293e-02  -4.56783696e-02   3.29585570e-02   2.67140769e-13   3.31081346e-13   1.58502801e-14
  7.34400000e-05   5.72361464e-02  -4.83137720e-02   3.18531818e-02   3.09076941e-13   2.96492501e-13  -1.05662975e-13
  7.35200000e-05   5.90018952e-02  -5.15638639e-02   3.04149838e-02   3.18481686e-13   2.28715734e-13  -2.30069366e-13
  7.36000000e-05   5.94950936e-02  -5.49824146e-02   2.88688342e-02   2.86733322e-13   1.32128439e-13  -3.39275399e-13
  7.36800000e-05   5.85156685e-02  -5.80840117e-02   2.73536673e-02   2.13034356e-13   1.98889615e-14  -4.13495454e-13
  7.37600000e-05   5.61443344e-02  -6.03071658e-02   2.60860637e-02   1.07688316e-13  -8.92900459e-14  -4.38200205e-13
  7.38400000e-05   5.27412399e-02  -6.13404060e-02   2.51613035e-02  -1.02984834e-14  -1.77267432e-13  -4.10570997e-13
  7.39200000e-05   4.87954417e-02  -6.09858684e-02   2.45678176e-02  -1.19887129e-13  -2.32746528e-13  -3.39643668e-13
  7.40000000e-05   4.48131716e-02  -5.94151103e-02   2.41780295e-02  -2.05429749e-13  -2.53697699e-13  -2.42679751e-13
  7.40800000e-05   4.11872884e-02  -5.68850870e-02   2.38234973e-02  -2.59642094e-13  -2.45666615e-13  -1.37713320e-13
  7.41600000e-05   3.82125079e-02  -5.38417424e-02   2.33854789e-02  -2.83672780e-13  -2.18170402e-13  -3.87773222e-14
  7.42400000e-05   3.59174165e-02  -5.05189092e-02   2.28122497e-02  -2.82383410e-13  -1.79903938e-13   4.62002580e-14
  7.43200000e-05   3.43534297e-02  -4.73021308e-02   2.20976535e-02  -2.63426288e-13  -1.37953233e-13   1.14225458e-13
  7.44000000e-05   3.33272112e-02  -4.41595767e-02   2.12017598e-02  -2.32188675e-13  -9.60263063e-14   1.64973096e-13
  7.44800000e-05   3.28548170e-02  -4.13128964e-02   2.02321945e-02  -1.94628177e-13  -5.66711816e-14   2.00335287e-13
  7.45600000e-05   3.27631469e-02  -3.87275561e-02   1.91547116e-02  -1.54108437e-13  -2.05246199e-14   2.22097262e-13
  7.46400000e-05   3.29632624e-02  -3.64307846e-02   1.80232248e-02  -1.13403336e-13   1.23195046e-14   2.32308767e-13
  7.47200000e-05   3.33957720e-02  -3.44263811e-02   1.68590873e-02  -7.42784780e-14   4.19731477e-14   2.32845979e-13
  7.48000000e-05   3.39769034e-02  -3.26987297e-02   1.56633805e-02  -3.77908644e-14   6.85959902e-14   2.25176059e-13
  7.48800000e-05   3.46400631e-02  -3.12310783e-02   1.44399379e-02  -4.63007607e-15   9.22030539e-14   2.10526315e-13
  7.49600000e-05   3.53288770e-02  -3.00064060e-02   1.31715064e-02   2.47627504e-14   1.12544294e-13   1.89971408e-13
  7.50400000e-05   3.59987493e-02  -2.90237705e-02   1.18295036e-02   5.00806849e-14   1.29207799e-13   1.64610076e-13
  7.51200000e-05   3.66134968e-02  -2.82547599e-02   1.04186911e-02   7.10054275e-14   1.41930375e-13   1.35377052e-13
  7.52000000e-05   3.71032346e-02  -2.76811743e-02   8.89814728e-03   8.72177391e-14   1.50129722e-13   1.03359356e-13
  7.52800000e-05   3.74511129e-02  -2.72662084e-02   7.29111509e-03   9.83621677e-14   1.53742045e-13   6.96998977e-14
  7.53600000e-05   3.76256321e-02  -2.69970673e-02   5.59102889e-03   1.04242321e-13   1.52678695e-13   3.57168216e-14
  7.54400000e-05   3.75934158e-02  -2.68373098e-02   3.81099058e-03   1.04729121e-13   1.47092326e-13   2.73863770e-15
  7.55200000e-05   3.73084805e-02  -2.67264753e-02   1.97543708e-03   9.98351735e-14   1.37304505e-13  -2.78587306e-14
  7.56000000e-05   3.67963107e-02  -2.66510895e-02   1.31860448e-04   9.00896912e-14   1.24112783e-13  -5.48108084e-14
  7.56800000e-05   3.60042324e-02  -2.65273549e-02  -1.68379497e-03   7.60612289e-14   1.08120305e-13  -7.69806000e-14
  7.57600000e-05   3.49426319e-02  -2.63189380e-02  -3.42696982e-03   5.88117260e-14   9.02589598e-14  -9.35180310e-14
  7.58400000e-05   3.37115713e-02  -2.60398136e-02  -5.04575589e-03   3.97571487e-14   7.16818607e-14  -1.04306739e-13
  7.59200000e-05   3.22796067e-02  -2.56218668e-02  -6.51229161e-03   2.00615112e-14   5.30447480e-14  -1.09259201e-13
  7.60000000e-05   3.06947661e-02  -2.50537860e-02  -7.79625551e-03   1.01598386e-15   3.51274838e-14  -1.08884460e-13
  7.60800000e-05   2.90312474e-02  -2.43620476e-02  -8.88576402e-03  -1.63032867e-14   1.85435506e-14  -1.04106255e-13
  7.61600000e-05   2.73383790e-02  -2.35609500e-02  -9.77215740e-03  -3.11402666e-14   3.66936523e-15  -9.59642894e-14
  7.62400000e-05   2.56459505e-02  -2.26527334e-02  -1.04580106e-02  -4.30828488e-14  -9.30303287e-15  -8.55001508e-14
  7.63200000e-05   2.40069283e-02  -2.16815371e-02  -1.09582384e-02  -5.20168227e-14  -2.03138554e-14  -7.37644593e-14
  7.64000000e-05   2.24364275e-02  -2.06661436e-02  -1.13043912e-02  -5.81428672e-14  -2.94544797e-14  -6.15519854e-14
  7.64800000e-05   2.09626582e-02  -1.96294146e-02  -1.15113439e-02  -6.17214673e-14  -3.68476990e-14  -4.95639143e-14
  7.65600000e-05   1.95851168e-02  -1.85904044e-02  -1.16055808e-02  -6.31551375e-14  -4.26795544e-14  -3.82118372e-14
  7.66400000e-05   1.83118608e-02  -1.75682883e-02  -1.16024580e-02  -6.28277565e-14  -4.71283431e-14  -2.77983176e-14
  7.67200000e-05   1.71487569e-02  -1.65796921e-02  -1.15305066e-02  -6.11786306e-14  -5.04189997e-14  -1.84905989e-14
  7.68000000e-05   1.60837213e-02  -1.56237780e-02  -1.14016583e-02  -5.85328253e-14  -5.27169231e-14  -1.03307906e-14
  7.68800000e-05   1.51073472e-02  -1.47168948e-02  -1.12324187e-02  -5.52082895e-14  -5.41916242e-14  -3.25115774e-15
  7.69600000e-05   1.42220700e-02  -1.38539974e-02  -1.10303029e-02  -5.14295379e-14  -5.49821623e-14   2.74591264e-15
  7.70400000e-05   1.34186061e-02  -1.30446600e-02  -1.08133957e-02  -4.74300476e-14  -5.52490763e-14   7.79221374e-15
  7.71200000e-05   1.26782951e-02  -1.22793173e-02  -1.05842553e-02  -4.33313711e-14  -5.50738722e-14   1.19896617e-14
  7.72000000e-05   1.20027964e-02  -1.15617913e-02  -1.03506448e-02  -3.92538075e-14  -5.45641870e-14   1.54294043e-14
  7.72800000e-05   1.13888310e-02  -1.08941333e-02  -1.01127574e-02  -3.52659490e-14  -5.37800026e-14   1.82194209e-14
  7.73600000e-05   1.08154162e-02  -1.02625813e-02  -9.88257516e-03  -3.14392103e-14  -5.28156427e-14   2.04396807e-14
  7.74400000e-05   1.02752535e-02  -9.65723474e-03  -9.65391408e-03  -2.77835460e-14  -5.16857341e-14   2.21317785e-14
  7.75200000e-05   9.78177612e-03  -9.09876977e-03  -9.43314542e-03  -2.43442804e-14  -5.04653171e-14   2.34324810e-14
  7.76000000e-05   9.32071184e-03  -8.57600986e-03  -9.21942749e-03  -2.11219670e-14  -4.91751142e-14   2.43892039e-14
  7.76800000e-05   8.89207320e-03  -8.08609666e-03  -9.01792208e-03  -1.81264352e-14  -4.78671625e-14   2.50475567e-14
  7.77600000e-05   8.48980392e-03  -7.62506733e-03  -8.83018420e-03  -1.53532131e-14  -4.65699454e-14   2.54528326e-14
  7.78400000e-05   8.10826173e-03  -7.18948284e-03  -8.65218250e-03  -1.27866539e-14  -4.52800927e-14   2.56424217e-14
  7.79200000e-05   7.74488127e-03  -6.77862143e-03  -8.48505118e-03  -1.04188902e-14  -4.40180723e-14   2.56555648e-14
  7.80000000e-05   7.40623909e-03  -6.39365519e-03  -8.32786367e-03  -8.23647414e-15  -4.27902095e-14   2.55269006e-14
  7.80800000e-05   7.08252844e-03  -6.03230225e-03  -8.18412498e-03  -6.22989013e-15  -4.16246773e-14   2.52891129e-14
  7.81600000e-05   6.77206044e-03  -5.68709045e-03  -8.05343574e-03  -4.38613832e-15  -4.05274692e-14   2.49309978e-14
  7.82400000e-05   6.47499460e-03  -5.36057928e-03  -7.93526704e-03  -2.68974089e-15  -3.95016736e-14   2.44901393e-14
  7.83200000e-05   6.18185808e-03  -5.04877656e-03  -7.82815511e-03  -1.12761233e-15  -3.85487639e-14   2.39715940e-14
  7.84000000e-05   5.90335607e-03  -4.75205709e-03  -7.73585561e-03   3.12348626e-16  -3.76866924e-14   2.33889085e-14
  7.84800000e-05   5.62848770e-03  -4.46751644e-03  -7.65558950e-03   1.64333978e-15  -3.69091001e-14   2.27469784e-14
  7.85600000e-05   5.36437457e-03  -4.20256385e-03  -7.58560808e-03   2.88467626e-15  -3.62030188e-14   2.20971055e-14
  7.86400000e-05   5.10865825e-03  -3.94740654e-03  -7.52596305e-03   4.04104123e-15  -3.55700794e-14   2.13997679e-14
  7.87200000e-05   4.86656729e-03  -3.70794630e-03  -7.48300572e-03   5.13060568e-15  -3.50377090e-14   2.06984181e-14
  7.88000000e-05   4.62021273e-03  -3.47198714e-03  -7.44713324e-03   6.15191563e-15  -3.45708193e-14   1.99341940e-14
  7.88800000e-05   4.38534112e-03  -3.25102233e-03  -7.42508756e-03   7.12909751e-15  -3.41879823e-14   1.91794935e-14
  7.89600000e-05   4.15013953e-03  -3.03709991e-03  -7.41497038e-03   8.06456709e-15  -3.38895811e-14   1.83945606e-14
  7.90400000e-05   3.91692704e-03  -2.83012607e-03  -7.41942238e-03   8.97014114e-15  -3.36851802e-14   1.75847510e-14
  7.91200000e-05   3.68306379e-03  -2.62607580e-03  -7.43391603e-03   9.84760420e-15  -3.35520003e-14   1.67313499e-14
  7.92000000e-05   3.45880387e-03  -2.43264924e-03  -7.46025447e-03   1.07178648e-14  -3.34823035e-14   1.58870844e-14
  7.92800000e-05   3.23120560e-03  -2.24720125e-03  -7.50127957e-03   1.15904615e-14  -3.35040914e-14   1.50296492e-14
  7.93600000e-05   3.01189011e-03  -2.06299212e-03  -7.55253020e-03   1.24604270e-14  -3.35730969e-14   1.41396947e-14
  7.94400000e-05   2.79332535e-03  -1.88543392e-03  -7.61728519e-03   1.33486431e-14  -3.37122654e-14   1.32395400e-14
  7.95200000e-05   2.56947607e-03  -1.71170030e-03  -7.69616214e-03   1.42614867e-14  -3.39291938e-14   1.23075838e-14
  7.96000000e-05   2.34183760e-03  -1.54031900e-03  -7.79021929e-03   1.52082757e-14  -3.42212668e-14   1.13381891e-14
  7.96800000e-05   2.11679864e-03  -1.37339129e-03  -7.89604478e-03   1.61966273e-14  -3.45544654e-14   1.03522463e-14
  7.97600000e-05   1.89590823e-03  -1.21442892e-03  -8.01603376e-03   1.72460561e-14  -3.49298766e-14   9.37081785e-15
  7.98400000e-05   1.67788478e-03  -1.06121210e-03  -8.14744181e-03   1.83569676e-14  -3.53278556e-14   8.38192232e-15
  7.99200000e-05   1.45826327e-03  -9.08476121e-04  -8.29605428e-03   1.95407571e-14  -3.57746802e-14   7.35241224e-15
  8.00000000e-05   1.23128674e-03  -7.56539975e-04  -8.46245628e-03   2.08104487e-14  -3.62731880e-14   6.27072620e-15
  8.00800000e-05   1.00302633e-03  -6.08371352e-04  -8.64512562e-03   2.21787835e-14  -3.67936824e-14   5.16246126e-15
  8.01600000e-05   7.63491641e-04  -4.56922158e-04  -8.84365533e-03   2.36425204e-14  -3.73403979e-14   3.97036300e-15
  8.02400000e-05   5.38033523e-04  -3.14934641e-04  -9.05875287e-03   2.52374409e-14  -3.78542456e-14   2.81497937e-15
  8.03200000e-05   3.07032139e-04  -1.76990481e-04  -9.29223142e-03   2.69685804e-14  -3.83638687e-14   1.62181287e-15
