     timestep     time              x             y              z              vx             vy             vz             ax             ay             az         v_magnitude      ELoss        Electronic      Nuclear
           0   0.000000e+00   1.000000e-01   7.593501e+00   2.033163e+01   4.853604e+05  -1.441031e+06   3.947504e+06   0.000000e+00   0.000000e+00   0.000000e+00   4.230241e+06   0.000000e+00   0.000000e+00   0.000000e+00
        8000   7.999000e-08   1.676751e-01   7.468077e+00   2.063813e+01   1.147526e+06  -1.630249e+06   3.731016e+06   6.436578e+12  -5.525091e+11  -2.220950e+12   4.230249e+06   1.905336e-16   0.000000e+00   0.000000e+00
       16000   1.599900e-07   2.777066e-01   7.337410e+00   2.093009e+01   1.577959e+06  -1.621221e+06   3.574454e+06   4.536852e+12   5.560990e+11  -1.750524e+12   4.230252e+06   9.780696e-17   0.000000e+00   0.000000e+00
       24000   2.399900e-07   4.171831e-01   7.209923e+00   2.121072e+01   1.894797e+06  -1.561542e+06   3.444760e+06   3.470908e+12   8.947872e+11  -1.503521e+12   4.230254e+06   6.168202e-17   0.000000e+00   0.000000e+00
       32000   3.199900e-07   5.790715e-01   7.087983e+00   2.148166e+01   2.143314e+06  -1.485545e+06   3.330828e+06   2.783388e+12   9.842342e+11  -1.352049e+12   4.230255e+06   4.304700e-17   0.000000e+00   0.000000e+00
       40000   3.999900e-07   7.588957e-01   6.972385e+00   2.174396e+01   2.345868e+06  -1.403798e+06   3.228206e+06   2.303227e+12   1.039893e+12  -1.221479e+12   4.230256e+06   3.216349e-17   0.000000e+00   0.000000e+00
       48000   4.799900e-07   9.535246e-01   6.863432e+00   2.199842e+01   2.515062e+06  -1.319650e+06   3.134973e+06   1.940851e+12   1.062392e+12  -1.109839e+12   4.230256e+06   2.501516e-17   0.000000e+00   0.000000e+00
       56000   5.599900e-07   1.160628e+00   6.761282e+00   2.224578e+01   2.658754e+06  -1.233861e+06   3.050194e+06   1.660801e+12   1.083017e+12  -1.009549e+12   4.230257e+06   2.021009e-17   0.000000e+00   0.000000e+00
       64000   6.399900e-07   1.378385e+00   6.666053e+00   2.248666e+01   2.782102e+06  -1.146624e+06   2.973254e+06   1.430116e+12   1.098780e+12  -9.144184e+11   4.230257e+06   1.669228e-17   0.000000e+00   0.000000e+00
       72000   7.199900e-07   1.605320e+00   6.577878e+00   2.272170e+01   2.888722e+06  -1.057319e+06   2.903866e+06   1.237223e+12   1.126785e+12  -8.204877e+11   4.230258e+06   1.418088e-17   0.000000e+00   0.000000e+00
       80000   7.999900e-07   1.840190e+00   6.496924e+00   2.295148e+01   2.980801e+06  -9.661370e+05   2.841916e+06   1.068799e+12   1.154590e+12  -7.285068e+11   4.230258e+06   1.227256e-17   0.000000e+00   0.000000e+00
       88000   8.799900e-07   2.081906e+00   6.423344e+00   2.317660e+01   3.060079e+06  -8.729439e+05   2.787287e+06   9.170635e+11   1.180014e+12  -6.372414e+11   4.230258e+06   1.077584e-17   0.000000e+00   0.000000e+00
       96000   9.599900e-07   2.329503e+00   6.357338e+00   2.339764e+01   3.128008e+06  -7.768622e+05   2.739916e+06   7.842343e+11   1.227313e+12  -5.473211e+11   4.230258e+06   9.883129e-18   0.000000e+00   0.000000e+00
      104000   1.039990e-06   2.582110e+00   6.299133e+00   2.361518e+01   3.185502e+06  -6.777554e+05   2.699688e+06   6.559529e+11   1.255140e+12  -4.588823e+11   4.230259e+06   9.047667e-18   0.000000e+00   0.000000e+00
      112000   1.119990e-06   2.838924e+00   6.248991e+00   2.382978e+01   3.233240e+06  -5.755126e+05   2.666464e+06   5.362378e+11   1.283783e+12  -3.731277e+11   4.230259e+06   8.470611e-18   0.000000e+00   0.000000e+00
      120000   1.199990e-06   3.099178e+00   6.207096e+00   2.404199e+01   3.271626e+06  -4.712295e+05   2.639980e+06   4.253738e+11   1.328964e+12  -2.899252e+11   4.230259e+06   8.292033e-18   0.000000e+00   0.000000e+00
      128000   1.279990e-06   3.362152e+00   6.173691e+00   2.425235e+01   3.301269e+06  -3.634967e+05   2.620035e+06   3.154271e+11   1.349117e+12  -2.102607e+11   4.230259e+06   8.017203e-18   0.000000e+00   0.000000e+00
      136000   1.359990e-06   3.627149e+00   6.148940e+00   2.446136e+01   3.322307e+06  -2.547815e+05   2.606234e+06   2.120941e+11   1.375979e+12  -1.358466e+11   4.230259e+06   7.988362e-18   0.000000e+00   0.000000e+00
      144000   1.439990e-06   3.893506e+00   6.132995e+00   2.466950e+01   3.335270e+06  -1.436281e+05   2.598162e+06   1.126595e+11   1.399422e+12  -6.725279e+10   4.230260e+06   8.065224e-18   0.000000e+00   0.000000e+00
      152000   1.519990e-06   4.160586e+00   6.125971e+00   2.487720e+01   3.340473e+06  -3.169409e+04   2.595252e+06   1.804709e+10   1.410376e+12  -5.997620e+09   4.230260e+06   8.122071e-18   0.000000e+00   0.000000e+00
      160000   1.599990e-06   4.427785e+00   6.127943e+00   2.508486e+01   3.338312e+06   8.090782e+04   2.596964e+06  -7.140795e+10   1.402084e+12   4.811858e+10   4.230260e+06   8.055698e-18   0.000000e+00   0.000000e+00
      168000   1.679990e-06   4.694528e+00   6.138942e+00   2.529283e+01   3.329153e+06   1.940710e+05   2.602725e+06  -1.560592e+11   1.411155e+12   9.440149e+10   4.230260e+06   8.265406e-18   0.000000e+00   0.000000e+00
      176000   1.759990e-06   4.960277e+00   6.158973e+00   2.550139e+01   3.313499e+06   3.066526e+05   2.611856e+06  -2.350368e+11   1.405299e+12   1.331911e+11   4.230260e+06   8.360201e-18   0.000000e+00   0.000000e+00
      184000   1.839990e-06   5.224528e+00   6.187956e+00   2.571080e+01   3.291820e+06   4.177130e+05   2.623840e+06  -3.069957e+11   1.381007e+12   1.653037e+11   4.230261e+06   8.282211e-18   0.000000e+00   0.000000e+00
      192000   1.919990e-06   5.486820e+00   6.225779e+00   2.592126e+01   3.264615e+06   5.275473e+05   2.638008e+06  -3.708531e+11   1.355369e+12   1.879038e+11   4.230261e+06   8.205202e-18   0.000000e+00   0.000000e+00
      200000   1.999990e-06   5.746739e+00   6.272291e+00   2.613292e+01   3.232598e+06   6.348796e+05   2.653742e+06  -4.267690e+11   1.318851e+12   2.043456e+11   4.230261e+06   8.014947e-18   0.000000e+00   0.000000e+00
      208000   2.079990e-06   6.003926e+00   6.327267e+00   2.634589e+01   3.196394e+06   7.391459e+05   2.670550e+06  -4.766867e+11   1.287383e+12   2.142382e+11   4.230261e+06   7.881133e-18   0.000000e+00   0.000000e+00
      216000   2.159990e-06   6.258073e+00   6.390449e+00   2.656022e+01   3.156774e+06   8.396635e+05   2.687908e+06  -5.168206e+11   1.239398e+12   2.198092e+11   4.230261e+06   7.558742e-18   0.000000e+00   0.000000e+00
      224000   2.239990e-06   6.508928e+00   6.461537e+00   2.677596e+01   3.114258e+06   9.366942e+05   2.705386e+06  -5.455105e+11   1.184052e+12   2.180031e+11   4.230261e+06   7.132418e-18   0.000000e+00   0.000000e+00
      232000   2.319990e-06   6.756302e+00   6.540190e+00   2.699308e+01   3.069838e+06   1.028858e+06   2.722620e+06  -5.658902e+11   1.124249e+12   2.132193e+11   4.230262e+06   6.652905e-18   0.000000e+00   0.000000e+00
      240000   2.399990e-06   7.000068e+00   6.626027e+00   2.721156e+01   3.024155e+06   1.116222e+06   2.739279e+06  -5.748813e+11   1.059603e+12   2.028978e+11   4.230262e+06   6.100912e-18   0.000000e+00   0.000000e+00
      248000   2.479990e-06   7.240157e+00   6.718642e+00   2.743134e+01   2.978136e+06   1.198090e+06   2.755069e+06  -5.733496e+11   9.867560e+11   1.906682e+11   4.230262e+06   5.465524e-18   0.000000e+00   0.000000e+00
      256000   2.559990e-06   7.476577e+00   6.817578e+00   2.765234e+01   2.932549e+06   1.274243e+06   2.769762e+06  -5.633789e+11   9.125003e+11   1.766941e+11   4.230262e+06   4.822547e-18   0.000000e+00   0.000000e+00
      264000   2.639990e-06   7.709399e+00   6.922355e+00   2.787447e+01   2.888314e+06   1.344074e+06   2.783205e+06  -5.382490e+11   8.262660e+11   1.595568e+11   4.230262e+06   4.073898e-18   0.000000e+00   0.000000e+00
      272000   2.719990e-06   7.938769e+00   7.032446e+00   2.809762e+01   2.846383e+06   1.407041e+06   2.795256e+06  -5.062677e+11   7.415319e+11   1.422675e+11   4.230262e+06   3.373887e-18   0.000000e+00   0.000000e+00
      280000   2.799990e-06   8.164910e+00   7.147276e+00   2.832167e+01   2.807688e+06   1.462562e+06   2.805873e+06  -4.625641e+11   6.508545e+11   1.236075e+11   4.230262e+06   2.665334e-18   0.000000e+00   0.000000e+00
      288000   2.879990e-06   8.388103e+00   7.266258e+00   2.854652e+01   2.772859e+06   1.510733e+06   2.814970e+06  -4.078322e+11   5.550230e+11   1.038641e+11   4.230262e+06   1.980740e-18   0.000000e+00   0.000000e+00
      296000   2.959990e-06   8.608695e+00   7.388782e+00   2.877203e+01   2.742781e+06   1.551038e+06   2.822509e+06  -3.430617e+11   4.543197e+11   8.371248e+10   4.230262e+06   1.351785e-18   0.000000e+00   0.000000e+00
      304000   3.039990e-06   8.827092e+00   7.514209e+00   2.899808e+01   2.718121e+06   1.583241e+06   2.828477e+06  -2.707730e+11   3.492924e+11   6.469269e+10   4.230262e+06   8.145439e-19   0.000000e+00   0.000000e+00
      312000   3.119990e-06   9.043758e+00   7.641872e+00   2.922454e+01   2.699613e+06   1.606869e+06   2.832875e+06  -1.891916e+11   2.392500e+11   4.458422e+10   4.230262e+06   3.879678e-19   0.000000e+00   0.000000e+00
      320000   3.199990e-06   9.259213e+00   7.771067e+00   2.945129e+01   2.687897e+06   1.621536e+06   2.835657e+06  -1.034229e+11   1.286333e+11   2.447647e+10   4.230262e+06   1.136876e-19   0.000000e+00   0.000000e+00
      328000   3.279990e-06   9.474013e+00   7.901077e+00   2.967820e+01   2.683338e+06   1.627167e+06   2.836749e+06  -9.241252e+09   1.103479e+10   2.411901e+09   4.230262e+06   8.718387e-22   0.000000e+00   0.000000e+00
      336000   3.359990e-06   9.688795e+00   8.031126e+00   2.990510e+01   2.689494e+06   1.621043e+06   2.834424e+06   2.253633e+11  -2.020518e+11  -9.828374e+10   4.230262e+06   4.133202e-19   0.000000e+00   0.000000e+00
      344000   3.439990e-06   9.904858e+00   8.160093e+00   3.013141e+01   2.712155e+06   1.603884e+06   2.822568e+06   2.578044e+11  -1.671035e+11  -1.527651e+11   4.230262e+06   4.806459e-19   0.000000e+00   0.000000e+00
      352000   3.519990e-06   1.012256e+01   8.287994e+00   3.035674e+01   2.729153e+06   1.595239e+06   2.811060e+06   1.657542e+11  -4.820567e+10  -1.335683e+11   4.230262e+06   1.945076e-19   0.000000e+00   0.000000e+00
      360000   3.599990e-06   1.034132e+01   8.415586e+00   3.058122e+01   2.738704e+06   1.596211e+06   2.801201e+06   7.045791e+10   7.579909e+10  -1.120785e+11   4.230262e+06   9.500368e-20   0.000000e+00   0.000000e+00
      368000   3.679990e-06   1.056054e+01   8.543654e+00   3.080498e+01   2.740493e+06   1.607153e+06   2.793184e+06  -2.686393e+10   2.004531e+11  -8.898018e+10   4.230262e+06   1.992810e-19   0.000000e+00   0.000000e+00
      376000   3.759990e-06   1.077959e+01   8.673005e+00   3.102818e+01   2.734237e+06   1.628317e+06   2.787051e+06  -1.285409e+11   3.269299e+11  -6.490123e+10   4.230262e+06   5.209403e-19   0.000000e+00   0.000000e+00
      384000   3.839990e-06   1.099780e+01   8.804457e+00   3.125096e+01   2.719611e+06   1.659701e+06   2.782845e+06  -2.380933e+11   4.568551e+11  -3.978635e+10   4.230262e+06   1.089880e-18   0.000000e+00   0.000000e+00
      392000   3.919990e-06   1.121449e+01   8.938833e+00   3.147349e+01   2.696048e+06   1.701459e+06   2.780555e+06  -3.538735e+11   5.878369e+11  -1.658496e+10   4.230263e+06   1.922937e-18   0.000000e+00   0.000000e+00
      400000   3.999990e-06   1.142891e+01   9.076968e+00   3.169590e+01   2.662853e+06   1.753705e+06   2.780081e+06  -4.785006e+11   7.202298e+11   3.997620e+09   4.230263e+06   3.052323e-18   0.000000e+00   0.000000e+00
      408000   4.079990e-06   1.164027e+01   9.219702e+00   3.191834e+01   2.619460e+06   1.816336e+06   2.781093e+06  -6.111544e+11   8.491876e+11   2.103341e+10   4.230263e+06   4.470386e-18   0.000000e+00   0.000000e+00
      416000   4.159990e-06   1.184773e+01   9.367859e+00   3.214091e+01   2.564995e+06   1.889248e+06   2.783283e+06  -7.526009e+11   9.737889e+11   3.258875e+10   4.230263e+06   6.187673e-18   0.000000e+00   0.000000e+00
      424000   4.239990e-06   1.205036e+01   9.522245e+00   3.236368e+01   2.498702e+06   1.972019e+06   2.786172e+06  -9.070815e+11   1.093936e+12   3.922348e+10   4.230263e+06   8.250473e-18   0.000000e+00   0.000000e+00
      432000   4.319990e-06   1.224717e+01   9.683634e+00   3.258670e+01   2.419534e+06   2.064171e+06   2.789297e+06  -1.072751e+12   1.205260e+12   3.861901e+10   4.230263e+06   1.063420e-17   0.000000e+00   0.000000e+00
      440000   4.399990e-06   1.243712e+01   9.852735e+00   3.280996e+01   2.326601e+06   2.164736e+06   2.792127e+06  -1.253770e+12   1.306981e+12   3.144043e+10   4.230263e+06   1.339465e-17   0.000000e+00   0.000000e+00
      448000   4.479990e-06   1.261903e+01   1.003020e+01   3.303342e+01   2.218565e+06   2.272899e+06   2.794107e+06  -1.448544e+12   1.393430e+12   1.667977e+10   4.230264e+06   1.649345e-17   0.000000e+00   0.000000e+00
      456000   4.559990e-06   1.279165e+01   1.021657e+01   3.325698e+01   2.094133e+06   2.387398e+06   2.794651e+06  -1.660022e+12   1.460732e+12  -3.933836e+09   4.230264e+06   1.996044e-17   0.000000e+00   0.000000e+00
      464000   4.639990e-06   1.295363e+01   1.041229e+01   3.348051e+01   1.952621e+06   2.506040e+06   2.793237e+06  -1.878073e+12   1.499474e+12  -3.240655e+10   4.230265e+06   2.358226e-17   0.000000e+00   0.000000e+00
      472000   4.719990e-06   1.310359e+01   1.061759e+01   3.370383e+01   1.793117e+06   2.626666e+06   2.789355e+06  -2.113105e+12   1.512061e+12  -6.545092e+10   4.230265e+06   2.757987e-17   0.000000e+00   0.000000e+00
      480000   4.799990e-06   1.324002e+01   1.083254e+01   3.392674e+01   1.614220e+06   2.746876e+06   2.782826e+06  -2.364413e+12   1.488393e+12  -9.762374e+10   4.230266e+06   3.190506e-17   0.000000e+00   0.000000e+00
      488000   4.879990e-06   1.336133e+01   1.105698e+01   3.414902e+01   1.415302e+06   2.863255e+06   2.773779e+06  -2.612507e+12   1.414483e+12  -1.270650e+11   4.230267e+06   3.609688e-17   0.000000e+00   0.000000e+00
      496000   4.959990e-06   1.346594e+01   1.129045e+01   3.437049e+01   1.196834e+06   2.971625e+06   2.762643e+06  -2.852713e+12   1.287904e+12  -1.494389e+11   4.230268e+06   4.008504e-17   0.000000e+00   0.000000e+00
      504000   5.039990e-06   1.355230e+01   1.153212e+01   3.459101e+01   9.591085e+05   3.067752e+06   2.750306e+06  -3.081280e+12   1.103760e+12  -1.565909e+11   4.230269e+06   4.383325e-17   0.000000e+00   0.000000e+00
      512000   5.119990e-06   1.361892e+01   1.178084e+01   3.481054e+01   7.034214e+05   3.146828e+06   2.738221e+06  -3.304795e+12   8.621019e+11  -1.417365e+11   4.230270e+06   4.770298e-17   0.000000e+00   0.000000e+00
      520000   5.199990e-06   1.366442e+01   1.203503e+01   3.502918e+01   4.318895e+05   3.203822e+06   2.728403e+06  -3.482247e+12   5.521781e+11  -9.713017e+10   4.230271e+06   5.078695e-17   0.000000e+00   0.000000e+00
      528000   5.279990e-06   1.368766e+01   1.229272e+01   3.524722e+01   1.475058e+05   3.233626e+06   2.723437e+06  -3.607669e+12   1.826875e+11  -2.146568e+10   4.230272e+06   5.327228e-17   0.000000e+00   0.000000e+00
      536000   5.359990e-06   1.368782e+01   1.255156e+01   3.546514e+01  -1.444600e+05   3.231522e+06   2.726098e+06  -3.676445e+12  -2.429421e+11   9.321371e+10   4.230273e+06   5.545574e-17   0.000000e+00   0.000000e+00
      544000   5.439990e-06   1.366451e+01   1.280881e+01   3.568368e+01  -4.380688e+05   3.193449e+06   2.739563e+06  -3.659707e+12  -7.155940e+11   2.489992e+11   4.230275e+06   5.702159e-17   0.000000e+00   0.000000e+00
      552000   5.519990e-06   1.361785e+01   1.306147e+01   3.590383e+01  -7.268984e+05   3.116332e+06   2.766826e+06  -3.551028e+12  -1.217040e+12   4.379050e+11   4.230276e+06   5.830863e-17   0.000000e+00   0.000000e+00
      560000   5.599990e-06   1.354852e+01   1.330634e+01   3.612680e+01  -1.003607e+06   2.998689e+06   2.809962e+06  -3.352525e+12  -1.726127e+12   6.447237e+11   4.230277e+06   5.974517e-17   0.000000e+00   0.000000e+00
      568000   5.679990e-06   1.345782e+01   1.354018e+01   3.635388e+01  -1.259937e+06   2.840786e+06   2.870148e+06  -3.049365e+12  -2.221622e+12   8.603375e+11   4.230279e+06   6.113246e-17   0.000000e+00   0.000000e+00
      576000   5.759990e-06   1.334765e+01   1.375982e+01   3.658648e+01  -1.488858e+06   2.644040e+06   2.947477e+06  -2.658025e+12  -2.688995e+12   1.069573e+12   4.230280e+06   6.303231e-17   0.000000e+00   0.000000e+00
      584000   5.839990e-06   1.322053e+01   1.396228e+01   3.682590e+01  -1.683026e+06   2.412034e+06   3.040526e+06  -2.186648e+12  -3.101135e+12   1.249789e+12   4.230282e+06   6.515787e-17   0.000000e+00   0.000000e+00
      592000   5.919990e-06   1.307943e+01   1.414493e+01   3.707330e+01  -1.837341e+06   2.149550e+06   3.146253e+06  -1.661806e+12  -3.449244e+12   1.386151e+12   4.230283e+06   6.768846e-17   0.000000e+00   0.000000e+00
      600000   5.999990e-06   1.292771e+01   1.430554e+01   3.732954e+01  -1.948235e+06   1.861890e+06   3.260836e+06  -1.102598e+12  -3.724459e+12   1.467902e+12   4.230285e+06   7.039016e-17   0.000000e+00   0.000000e+00
      608000   6.079990e-06   1.276894e+01   1.444236e+01   3.759514e+01  -2.013371e+06   1.556095e+06   3.379383e+06  -5.266962e+11  -3.908556e+12   1.486020e+12   4.230286e+06   7.251481e-17   0.000000e+00   0.000000e+00
      616000   6.159990e-06   1.260677e+01   1.455417e+01   3.787021e+01  -2.033435e+06   1.237724e+06   3.496930e+06   2.512675e+10  -4.034718e+12   1.442735e+12   4.230288e+06   7.495864e-17   0.000000e+00   0.000000e+00
      624000   6.239990e-06   1.244475e+01   1.464021e+01   3.815449e+01  -2.010163e+06   9.125485e+05   3.608580e+06   5.504133e+11  -4.082992e+12   1.339180e+12   4.230290e+06   7.661681e-17   0.000000e+00   0.000000e+00
      632000   6.319990e-06   1.228622e+01   1.470015e+01   3.844731e+01  -1.946516e+06   5.862077e+05   3.709825e+06   1.033205e+12  -4.063752e+12   1.184299e+12   4.230292e+06   7.750278e-17   0.000000e+00   0.000000e+00
      640000   6.399990e-06   1.213428e+01   1.473411e+01   3.874768e+01  -1.846331e+06   2.636882e+05   3.796961e+06   1.462959e+12  -3.988128e+12   9.884007e+11   4.230293e+06   7.765882e-17   0.000000e+00   0.000000e+00
      648000   6.479990e-06   1.199166e+01   1.474256e+01   3.905437e+01  -1.714070e+06  -5.077217e+04   3.867142e+06   1.832853e+12  -3.868888e+12   7.616467e+11   4.230295e+06   7.719105e-17   0.000000e+00   0.000000e+00
      656000   6.559990e-06   1.186075e+01   1.472627e+01   3.936592e+01  -1.554551e+06  -3.543199e+05   3.918321e+06   2.145344e+12  -3.715877e+12   5.151757e+11   4.230297e+06   7.624370e-17   0.000000e+00   0.000000e+00
      664000   6.639990e-06   1.174354e+01   1.468623e+01   3.968076e+01  -1.372504e+06  -6.442336e+05   3.949256e+06   2.396765e+12  -3.529485e+12   2.572482e+11   4.230299e+06   7.457926e-17   0.000000e+00   0.000000e+00
      672000   6.719990e-06   1.164163e+01   1.462360e+01   3.999725e+01  -1.172402e+06  -9.187882e+05   3.959387e+06   2.595714e+12  -3.328617e+12  -3.762199e+09   4.230301e+06   7.274024e-17   0.000000e+00   0.000000e+00
      680000   6.799990e-06   1.155633e+01   1.453967e+01   4.031371e+01  -9.582921e+05  -1.176662e+06   3.948746e+06   2.746062e+12  -3.114351e+12  -2.615607e+11   4.230302e+06   7.066241e-17   0.000000e+00   0.000000e+00
      688000   6.879990e-06   1.148857e+01   1.443581e+01   4.062850e+01  -7.341375e+05  -1.416806e+06   3.917802e+06   2.853365e+12  -2.889989e+12  -5.103942e+11   4.230304e+06   6.839982e-17   0.000000e+00   0.000000e+00
      696000   6.959990e-06   1.143905e+01   1.431346e+01   4.094004e+01  -5.030662e+05  -1.638919e+06   3.867344e+06   2.918594e+12  -2.664479e+12  -7.494694e+11   4.230305e+06   6.605287e-17   0.000000e+00   0.000000e+00
      704000   7.039990e-06   1.140819e+01   1.417406e+01   4.124678e+01  -2.678700e+05  -1.843090e+06   3.798258e+06   2.956613e+12  -2.439722e+12  -9.753113e+11   4.230307e+06   6.387159e-17   0.000000e+00   0.000000e+00
      712000   7.119990e-06   1.139624e+01   1.401905e+01   4.154729e+01  -3.109468e+04  -2.029203e+06   3.711721e+06   2.955859e+12  -2.213165e+12  -1.185137e+12   4.230308e+06   6.140059e-17   0.000000e+00   0.000000e+00
      720000   7.199990e-06   1.140319e+01   1.384987e+01   4.184023e+01   2.047161e+05  -2.197324e+06   3.609069e+06   2.939277e+12  -1.991091e+12  -1.378927e+12   4.230310e+06   5.921836e-17   0.000000e+00   0.000000e+00
      728000   7.279990e-06   1.142893e+01   1.366794e+01   4.212434e+01   4.382870e+05  -2.348056e+06   3.491428e+06   2.895260e+12  -1.779582e+12  -1.560214e+12   4.230311e+06   5.708923e-17   0.000000e+00   0.000000e+00
      736000   7.359990e-06   1.147321e+01   1.347462e+01   4.239848e+01   6.678036e+05  -2.482184e+06   3.359813e+06   2.835112e+12  -1.576065e+12  -1.727849e+12   4.230312e+06   5.514436e-17   0.000000e+00   0.000000e+00
      744000   7.439990e-06   1.153568e+01   1.327124e+01   4.266158e+01   8.927874e+05  -2.599760e+06   3.215545e+06   2.773553e+12  -1.369644e+12  -1.877383e+12   4.230314e+06   5.345330e-17   0.000000e+00   0.000000e+00
      752000   7.519990e-06   1.161588e+01   1.305909e+01   4.291266e+01   1.111402e+06  -2.701433e+06   3.059838e+06   2.690760e+12  -1.172372e+12  -2.012353e+12   4.230315e+06   5.170247e-17   0.000000e+00   0.000000e+00
      760000   7.599990e-06   1.171330e+01   1.283942e+01   4.315088e+01   1.322725e+06  -2.787734e+06   2.893875e+06   2.594805e+12  -9.849541e+11  -2.134812e+12   4.230316e+06   5.005453e-17   0.000000e+00   0.000000e+00
      768000   7.679990e-06   1.182731e+01   1.261344e+01   4.337544e+01   1.526132e+06  -2.859320e+06   2.718601e+06   2.493100e+12  -8.039072e+11  -2.245019e+12   4.230317e+06   4.859035e-17   0.000000e+00   0.000000e+00
      776000   7.759990e-06   1.195725e+01   1.238230e+01   4.358563e+01   1.721030e+06  -2.916810e+06   2.534930e+06   2.382101e+12  -6.325465e+11  -2.345064e+12   4.230318e+06   4.725099e-17   0.000000e+00   0.000000e+00
      784000   7.839990e-06   1.210242e+01   1.214710e+01   4.378083e+01   1.906448e+06  -2.961034e+06   2.343787e+06   2.258317e+12  -4.724823e+11  -2.433791e+12   4.230319e+06   4.591487e-17   0.000000e+00   0.000000e+00
      792000   7.919990e-06   1.226204e+01   1.190888e+01   4.396045e+01   2.082368e+06  -2.992396e+06   2.145908e+06   2.138022e+12  -3.125963e+11  -2.510568e+12   4.230320e+06   4.479313e-17   0.000000e+00   0.000000e+00
      800000   7.999990e-06   1.243534e+01   1.166866e+01   4.412402e+01   2.248801e+06  -3.010965e+06   1.942318e+06   2.022004e+12  -1.526811e+11  -2.577691e+12   4.230321e+06   4.391338e-17   0.000000e+00   0.000000e+00
      808000   8.079990e-06   1.262157e+01   1.142745e+01   4.427109e+01   2.405038e+06  -3.017493e+06   1.733826e+06   1.888032e+12  -8.083554e+09  -2.632949e+12   4.230322e+06   4.285533e-17   0.000000e+00   0.000000e+00
      816000   8.159990e-06   1.281986e+01   1.118617e+01   4.440132e+01   2.550423e+06  -3.012764e+06   1.521261e+06   1.756519e+12   1.337448e+11  -2.679895e+12   4.230323e+06   4.198964e-17   0.000000e+00   0.000000e+00
      824000   8.239990e-06   1.302936e+01   1.094570e+01   4.451441e+01   2.685105e+06  -2.996976e+06   1.305371e+06   1.616447e+12   2.650724e+11  -2.716327e+12   4.230324e+06   4.107715e-17   0.000000e+00   0.000000e+00
      832000   8.319990e-06   1.324919e+01   1.070693e+01   4.461011e+01   2.809015e+06  -2.970459e+06   1.086949e+06   1.482451e+12   3.980867e+11  -2.743117e+12   4.230325e+06   4.033919e-17   0.000000e+00   0.000000e+00
      840000   8.399990e-06   1.347853e+01   1.047073e+01   4.468827e+01   2.922519e+06  -2.933148e+06   8.667082e+05   1.348944e+12   5.280995e+11  -2.761279e+12   4.230326e+06   3.969570e-17   0.000000e+00   0.000000e+00
      848000   8.479990e-06   1.371649e+01   1.023788e+01   4.474876e+01   3.024603e+06  -2.886331e+06   6.453947e+05   1.204669e+12   6.428143e+11  -2.770671e+12   4.230327e+06   3.895208e-17   0.000000e+00   0.000000e+00
      856000   8.559990e-06   1.396217e+01   1.000916e+01   4.479152e+01   3.115482e+06  -2.830179e+06   4.237132e+05   1.061480e+12   7.537204e+11  -2.770185e+12   4.230328e+06   3.824870e-17   0.000000e+00   0.000000e+00
      864000   8.639990e-06   1.421467e+01   9.785296e+00   4.481656e+01   3.195326e+06  -2.764894e+06   2.023204e+05   9.337263e+11   8.768611e+11  -2.763136e+12   4.230329e+06   3.786858e-17   0.000000e+00   0.000000e+00
      872000   8.719990e-06   1.447314e+01   9.567026e+00   4.482392e+01   3.264384e+06  -2.690568e+06  -1.813693e+04   7.885130e+11   9.751614e+11  -2.746897e+12   4.230330e+06   3.722554e-17   0.000000e+00   0.000000e+00
      880000   8.799990e-06   1.473666e+01   9.355010e+00   4.481370e+01   3.321966e+06  -2.608454e+06  -2.370793e+05   6.525110e+11   1.078640e+12  -2.725054e+12   4.230331e+06   3.680508e-17   0.000000e+00   0.000000e+00
      888000   8.879990e-06   1.500437e+01   9.149902e+00   4.478604e+01   3.368963e+06  -2.517887e+06  -4.539178e+05   5.214173e+11   1.183465e+12  -2.694945e+12   4.230331e+06   3.647865e-17   0.000000e+00   0.000000e+00
      896000   8.959990e-06   1.527542e+01   8.952373e+00   4.474114e+01   3.405532e+06  -2.419020e+06  -6.681334e+05   3.886449e+11   1.281682e+12  -2.659588e+12   4.230332e+06   3.620094e-17   0.000000e+00   0.000000e+00
      904000   9.039990e-06   1.554896e+01   8.763034e+00   4.467922e+01   3.430909e+06  -2.313335e+06  -8.792385e+05   2.492124e+11   1.364089e+12  -2.616648e+12   4.230333e+06   3.580301e-17   0.000000e+00   0.000000e+00
      912000   9.119990e-06   1.582409e+01   8.582431e+00   4.460056e+01   3.445587e+06  -2.200614e+06  -1.086717e+06   1.172669e+11   1.452052e+12  -2.568690e+12   4.230334e+06   3.560167e-17   0.000000e+00   0.000000e+00
      920000   9.199990e-06   1.609997e+01   8.411127e+00   4.450546e+01   3.449642e+06  -2.081163e+06  -1.290142e+06  -1.739796e+10   1.530576e+12  -2.515600e+12   4.230335e+06   3.540093e-17   0.000000e+00   0.000000e+00
      928000   9.279990e-06   1.637576e+01   8.249630e+00   4.439426e+01   3.443021e+06  -1.955474e+06  -1.489115e+06  -1.553609e+11   1.597840e+12  -2.457522e+12   4.230336e+06   3.517820e-17   0.000000e+00   0.000000e+00
      936000   9.359990e-06   1.665056e+01   8.098393e+00   4.426733e+01   3.425473e+06  -1.824437e+06  -1.683245e+06  -2.836769e+11   1.677008e+12  -2.395023e+12   4.230336e+06   3.522852e-17   0.000000e+00   0.000000e+00
      944000   9.439990e-06   1.692355e+01   7.957872e+00   4.412508e+01   3.397419e+06  -1.687689e+06  -1.872166e+06  -4.156157e+11   1.745124e+12  -2.327428e+12   4.230337e+06   3.525360e-17   0.000000e+00   0.000000e+00
      952000   9.519990e-06   1.719387e+01   7.828508e+00   4.396793e+01   3.358816e+06  -1.545611e+06  -2.055530e+06  -5.490640e+11   1.806861e+12  -2.255864e+12   4.230338e+06   3.533535e-17   0.000000e+00   0.000000e+00
      960000   9.599990e-06   1.746068e+01   7.710702e+00   4.379635e+01   3.309531e+06  -1.398715e+06  -2.233017e+06  -6.812135e+11   1.867892e+12  -2.179666e+12   4.230339e+06   3.553491e-17   0.000000e+00   0.000000e+00
      968000   9.679990e-06   1.772311e+01   7.604838e+00   4.361081e+01   3.249563e+06  -1.247212e+06  -2.404283e+06  -8.185567e+11   1.917307e+12  -2.100970e+12   4.230340e+06   3.576420e-17   0.000000e+00   0.000000e+00
      976000   9.759990e-06   1.798031e+01   7.511240e+00   4.341183e+01   3.178515e+06  -1.092114e+06  -2.569068e+06  -9.566814e+11   1.960849e+12  -2.017224e+12   4.230341e+06   3.604664e-17   0.000000e+00   0.000000e+00
      984000   9.839990e-06   1.823137e+01   7.430175e+00   4.319994e+01   3.096194e+06  -9.341635e+05  -2.727034e+06  -1.100790e+12   1.987781e+12  -1.930765e+12   4.230341e+06   3.629771e-17   0.000000e+00   0.000000e+00
      992000   9.919990e-06   1.847540e+01   7.361848e+00   4.297570e+01   3.002451e+06  -7.736339e+05  -2.877946e+06  -1.245509e+12   2.017917e+12  -1.841869e+12   4.230342e+06   3.680767e-17   0.000000e+00   0.000000e+00
     1000000   9.999990e-06   1.871145e+01   7.306442e+00   4.273967e+01   2.897000e+06  -6.111467e+05  -3.021538e+06  -1.392232e+12   2.043050e+12  -1.748114e+12   4.230343e+06   3.743027e-17   0.000000e+00   0.000000e+00
     1008000   1.007999e-05   1.893860e+01   7.264108e+00   4.249246e+01   2.779596e+06  -4.470424e+05  -3.157500e+06  -1.544248e+12   2.058091e+12  -1.650841e+12   4.230344e+06   3.815475e-17   0.000000e+00   0.000000e+00
     1016000   1.015999e-05   1.915586e+01   7.234932e+00   4.223468e+01   2.649888e+06  -2.823643e+05  -3.285450e+06  -1.698005e+12   2.056723e+12  -1.546322e+12   4.230345e+06   3.880277e-17   0.000000e+00   0.000000e+00
     1024000   1.023999e-05   1.936226e+01   7.218906e+00   4.196702e+01   2.507966e+06  -1.185273e+05  -3.404685e+06  -1.850334e+12   2.036745e+12  -1.433930e+12   4.230346e+06   3.930813e-17   0.000000e+00   0.000000e+00
     1032000   1.031999e-05   1.955681e+01   7.215918e+00   4.169018e+01   2.353792e+06   4.350962e+04  -3.514769e+06  -2.004416e+12   2.012759e+12  -1.317441e+12   4.230347e+06   4.002797e-17   0.000000e+00   0.000000e+00
     1040000   1.039999e-05   1.973853e+01   7.225797e+00   4.140490e+01   2.187077e+06   2.029390e+05  -3.615432e+06  -2.163390e+12   1.972046e+12  -1.198030e+12   4.230348e+06   4.084433e-17   0.000000e+00   0.000000e+00
     1048000   1.047999e-05   1.990640e+01   7.248293e+00   4.111197e+01   2.007525e+06   3.587532e+05  -3.706344e+06  -2.324445e+12   1.918297e+12  -1.073372e+12   4.230349e+06   4.178553e-17   0.000000e+00   0.000000e+00
     1056000   1.055999e-05   2.005940e+01   7.283055e+00   4.081217e+01   1.815478e+06   5.093400e+05  -3.786881e+06  -2.477351e+12   1.844002e+12  -9.396797e+11   4.230350e+06   4.254322e-17   0.000000e+00   0.000000e+00
     1064000   1.063999e-05   2.019655e+01   7.329597e+00   4.050635e+01   1.611359e+06   6.529259e+05  -3.856563e+06  -2.624559e+12   1.745440e+12  -8.011200e+11   4.230351e+06   4.318032e-17   0.000000e+00   0.000000e+00
     1072000   1.071999e-05   2.031690e+01   7.387300e+00   4.019542e+01   1.395541e+06   7.881093e+05  -3.915000e+06  -2.767475e+12   1.630277e+12  -6.583386e+11   4.230352e+06   4.388862e-17   0.000000e+00   0.000000e+00
     1080000   1.079999e-05   2.041955e+01   7.455418e+00   3.988026e+01   1.169019e+06   9.129318e+05  -3.961797e+06  -2.893171e+12   1.486928e+12  -5.110850e+11   4.230353e+06   4.426617e-17   0.000000e+00   0.000000e+00
     1088000   1.087999e-05   2.050370e+01   7.533037e+00   3.956184e+01   9.331100e+05   1.025326e+06  -3.996737e+06  -3.003335e+12   1.320986e+12  -3.623229e+11   4.230354e+06   4.448542e-17   0.000000e+00   0.000000e+00
     1096000   1.095999e-05   2.056863e+01   7.619097e+00   3.924110e+01   6.890450e+05   1.123638e+06  -4.019771e+06  -3.093265e+12   1.131989e+12  -2.138337e+11   4.230355e+06   4.448186e-17   0.000000e+00   0.000000e+00
     1104000   1.103999e-05   2.061378e+01   7.712389e+00   3.891899e+01   4.386997e+05   1.205820e+06  -4.031061e+06  -3.160631e+12   9.182230e+11  -6.932776e+10   4.230356e+06   4.424564e-17   0.000000e+00   0.000000e+00
     1112000   1.111999e-05   2.063871e+01   7.811543e+00   3.859644e+01   1.842467e+05   1.269853e+06  -4.031060e+06  -3.195502e+12   6.780351e+11   6.751008e+10   4.230357e+06   4.358429e-17   0.000000e+00   0.000000e+00
     1120000   1.119999e-05   2.064322e+01   7.915028e+00   3.827430e+01  -7.140268e+04   1.313755e+06  -4.020557e+06  -3.189770e+12   4.158437e+11   1.925034e+11   4.230358e+06   4.239665e-17   0.000000e+00   0.000000e+00
     1128000   1.127999e-05   2.062733e+01   8.021164e+00   3.795340e+01  -3.253077e+05   1.335879e+06  -4.000692e+06  -3.149702e+12   1.335884e+11   3.006929e+11   4.230359e+06   4.094441e-17   0.000000e+00   0.000000e+00
     1136000   1.135999e-05   2.059131e+01   8.128147e+00   3.763440e+01  -5.741318e+05   1.334695e+06  -3.973022e+06  -3.059968e+12  -1.659090e+11   3.864291e+11   4.230360e+06   3.894964e-17   0.000000e+00   0.000000e+00
     1144000   1.143999e-05   2.053573e+01   8.234061e+00   3.731787e+01  -8.136106e+05   1.309007e+06  -3.939605e+06  -2.921795e+12  -4.765369e+11   4.450505e+11   4.230360e+06   3.658903e-17   0.000000e+00   0.000000e+00
     1152000   1.151999e-05   2.046148e+01   8.336923e+00   3.700416e+01  -1.039981e+06   1.258336e+06  -3.902690e+06  -2.729352e+12  -7.898535e+11   4.726204e+11   4.230361e+06   3.387236e-17   0.000000e+00   0.000000e+00
     1160000   1.159999e-05   2.036980e+01   8.434727e+00   3.669346e+01  -1.248649e+06   1.182656e+06  -3.864992e+06  -2.478180e+12  -1.098706e+12   4.644019e+11   4.230362e+06   3.088223e-17   0.000000e+00   0.000000e+00
     1168000   1.167999e-05   2.026228e+01   8.525502e+00   3.638571e+01  -1.435556e+06   1.082804e+06  -3.829189e+06  -2.185430e+12  -1.395028e+12   4.248145e+11   4.230363e+06   2.818148e-17   0.000000e+00   0.000000e+00
     1176000   1.175999e-05   2.014081e+01   8.607372e+00   3.608066e+01  -1.596543e+06   9.603480e+05  -3.797994e+06  -1.835592e+12  -1.663501e+12   3.509747e+11   4.230363e+06   2.555688e-17   0.000000e+00   0.000000e+00
     1184000   1.183999e-05   2.000762e+01   8.678617e+00   3.577785e+01  -1.728098e+06   8.176924e+05  -3.773730e+06  -1.446861e+12  -1.898061e+12   2.512713e+11   4.230364e+06   2.351289e-17   0.000000e+00   0.000000e+00
     1192000   1.191999e-05   1.986519e+01   8.737754e+00   3.547663e+01  -1.826770e+06   6.582416e+05  -3.758406e+06  -1.014921e+12  -2.082089e+12   1.286332e+11   4.230364e+06   2.197167e-17   0.000000e+00   0.000000e+00
     1200000   1.199999e-05   1.971627e+01   8.783587e+00   3.517623e+01  -1.890230e+06   4.857747e+05  -3.753271e+06  -5.685502e+11  -2.221000e+12  -1.137048e+09   4.230365e+06   2.145880e-17   0.000000e+00   0.000000e+00
     1208000   1.207999e-05   1.956372e+01   8.815246e+00   3.487582e+01  -1.917389e+06   3.046017e+05  -3.758567e+06  -1.072160e+11  -2.300149e+12  -1.317278e+11   4.230365e+06   2.171767e-17   0.000000e+00   0.000000e+00
     1216000   1.215999e-05   1.941048e+01   8.832220e+00   3.457459e+01  -1.907676e+06   1.195541e+05  -3.773920e+06   3.479354e+11  -2.316288e+12  -2.492700e+11   4.230366e+06   2.265191e-17   0.000000e+00   0.000000e+00
     1224000   1.223999e-05   1.925945e+01   8.834390e+00   3.427177e+01  -1.862185e+06  -6.492624e+04  -3.797901e+06   7.872335e+11  -2.284030e+12  -3.469655e+11   4.230366e+06   2.431975e-17   0.000000e+00   0.000000e+00
     1232000   1.231999e-05   1.911343e+01   8.821961e+00   3.396675e+01  -1.782874e+06  -2.446950e+05  -3.828510e+06   1.188130e+12  -2.201146e+12  -4.126255e+11   4.230367e+06   2.623871e-17   0.000000e+00   0.000000e+00
     1240000   1.239999e-05   1.897500e+01   8.795457e+00   3.365910e+01  -1.673017e+06  -4.163499e+05  -3.863117e+06   1.552478e+12  -2.086637e+12  -4.474679e+11   4.230368e+06   2.843323e-17   0.000000e+00   0.000000e+00
     1248000   1.247999e-05   1.884647e+01   8.755627e+00   3.334861e+01  -1.536250e+06  -5.773746e+05  -3.899050e+06   1.855713e+12  -1.934380e+12  -4.447371e+11   4.230368e+06   3.014318e-17   0.000000e+00   0.000000e+00
     1256000   1.255999e-05   1.872978e+01   8.703420e+00   3.303529e+01  -1.377646e+06  -7.255708e+05  -3.933403e+06   2.099393e+12  -1.767446e+12  -4.092869e+11   4.230369e+06   3.143152e-17   0.000000e+00   0.000000e+00
     1264000   1.263999e-05   1.862650e+01   8.639905e+00   3.271937e+01  -1.202036e+06  -8.599758e+05  -3.963783e+06   2.278499e+12  -1.593249e+12  -3.453168e+11   4.230370e+06   3.204572e-17   0.000000e+00   0.000000e+00
     1272000   1.271999e-05   1.853777e+01   8.566192e+00   3.240125e+01  -1.014804e+06  -9.805622e+05  -3.988070e+06   2.390925e+12  -1.421457e+12  -2.589148e+11   4.230371e+06   3.186150e-17   0.000000e+00   0.000000e+00
     1280000   1.279999e-05   1.846431e+01   8.483377e+00   3.208148e+01  -8.210825e+05  -1.087628e+06  -4.004863e+06   2.440741e+12  -1.257213e+12  -1.589930e+11   4.230371e+06   3.087764e-17   0.000000e+00   0.000000e+00
     1288000   1.287999e-05   1.840643e+01   8.392508e+00   3.176070e+01  -6.259981e+05  -1.182115e+06  -4.013325e+06   2.428517e+12  -1.109224e+12  -5.209812e+10   4.230372e+06   2.911280e-17   0.000000e+00   0.000000e+00
     1296000   1.295999e-05   1.836406e+01   8.294532e+00   3.143958e+01  -4.339974e+05  -1.265581e+06  -4.013229e+06   2.362265e+12  -9.814458e+11   5.402550e+10   4.230373e+06   2.672725e-17   0.000000e+00   0.000000e+00
     1304000   1.303999e-05   1.833679e+01   8.190262e+00   3.111880e+01  -2.492607e+05  -1.339733e+06  -4.004877e+06   2.248814e+12  -8.755389e+11   1.529107e+11   4.230373e+06   2.387215e-17   0.000000e+00   0.000000e+00
     1312000   1.311999e-05   1.832389e+01   8.080378e+00   3.079900e+01  -7.530873e+04  -1.406237e+06  -3.989096e+06   2.092543e+12  -7.902590e+11   2.390653e+11   4.230374e+06   2.066027e-17   0.000000e+00   0.000000e+00
     1320000   1.319999e-05   1.832438e+01   7.965419e+00   3.048071e+01   8.490747e+04  -1.466928e+06  -3.966986e+06   1.905391e+12  -7.288380e+11   3.102840e+11   4.230374e+06   1.738436e-17   0.000000e+00   0.000000e+00
     1328000   1.327999e-05   1.833704e+01   7.845786e+00   3.016441e+01   2.288635e+05  -1.523276e+06  -3.939965e+06   1.689829e+12  -6.825776e+11   3.620488e+11   4.230375e+06   1.409585e-17   0.000000e+00   0.000000e+00
     1336000   1.335999e-05   1.835962e+01   7.722144e+00   2.985019e+01   2.870426e+05  -1.548341e+06  -3.926362e+06  -1.951341e+12   7.912637e+11  -4.546985e+11   4.230375e+06   1.892944e-17   0.000000e+00   0.000000e+00
     1344000   1.343999e-05   1.837360e+01   7.602048e+00   2.953415e+01   5.978318e+04  -1.452165e+06  -3.972873e+06  -2.783855e+12   1.205020e+12  -4.823735e+11   4.230376e+06   3.851937e-17   0.000000e+00   0.000000e+00
     1352000   1.351999e-05   1.836980e+01   7.489621e+00   2.921501e+01  -1.507102e+05  -1.360002e+06  -4.002970e+06  -2.478604e+12   1.091652e+12  -2.775870e+11   4.230376e+06   3.026262e-17   0.000000e+00   0.000000e+00
     1360000   1.359999e-05   1.835015e+01   7.384158e+00   2.889407e+01  -3.365596e+05  -1.278639e+06  -4.018445e+06  -2.169996e+12   9.370131e+11  -1.164192e+11   4.230377e+06   2.286555e-17   0.000000e+00   0.000000e+00
     1368000   1.367999e-05   1.831661e+01   7.284677e+00   2.857236e+01  -4.976603e+05  -1.210835e+06  -4.022724e+06  -1.855833e+12   7.534513e+11   2.791432e+09   4.230378e+06   1.637959e-17   0.000000e+00   0.000000e+00
     1376000   1.375999e-05   1.827118e+01   7.190016e+00   2.825064e+01  -6.339396e+05  -1.158317e+06  -4.019020e+06  -1.546285e+12   5.559496e+11   8.366672e+10   4.230378e+06   1.105266e-17   0.000000e+00   0.000000e+00
     1384000   1.383999e-05   1.821584e+01   7.098917e+00   2.792945e+01  -7.455004e+05  -1.121867e+06  -4.010205e+06  -1.240277e+12   3.539612e+11   1.315427e+11   4.230378e+06   6.862909e-18   0.000000e+00   0.000000e+00
     1392000   1.391999e-05   1.815256e+01   7.010089e+00   2.760908e+01  -8.326447e+05  -1.101403e+06  -3.998714e+06  -9.412416e+11   1.605639e+11   1.517650e+11   4.230378e+06   3.816580e-18   0.000000e+00   0.000000e+00
     1400000   1.399999e-05   1.808325e+01   6.922290e+00   2.728967e+01  -8.959434e+05  -1.095999e+06  -3.986499e+06  -6.436729e+11  -2.139034e+10   1.505416e+11   4.230378e+06   1.786086e-18   0.000000e+00   0.000000e+00
     1408000   1.407999e-05   1.800983e+01   6.834362e+00   2.697122e+01  -9.358517e+05  -1.104351e+06  -3.975008e+06  -3.557914e+11  -1.829002e+11   1.345789e+11   4.230378e+06   7.274077e-19   0.000000e+00   0.000000e+00
     1416000   1.415999e-05   1.793412e+01   6.745278e+00   2.665363e+01  -9.532032e+05  -1.124539e+06  -3.965213e+06  -8.117220e+10  -3.171390e+11   1.094538e+11   4.230378e+06   4.864209e-19   0.000000e+00   0.000000e+00
     1424000   1.423999e-05   1.785789e+01   6.654180e+00   2.633673e+01  -9.491286e+05  -1.154359e+06  -3.957614e+06   1.816899e+11  -4.256665e+11   8.058459e+10   4.230378e+06   9.009483e-19   0.000000e+00   0.000000e+00
     1432000   1.431999e-05   1.778280e+01   6.560376e+00   2.602035e+01  -9.246456e+05  -1.191814e+06  -3.952305e+06   4.255863e+11  -5.045233e+11   5.257111e+10   4.230378e+06   1.789844e-18   0.000000e+00   0.000000e+00
     1440000   1.439999e-05   1.771044e+01   6.463355e+00   2.570430e+01  -8.815438e+05  -1.234320e+06  -3.949106e+06   6.457987e+11  -5.534363e+11   2.881934e+10   4.230378e+06   2.956416e-18   0.000000e+00   0.000000e+00
     1448000   1.447999e-05   1.764220e+01   6.362808e+00   2.538845e+01  -8.219099e+05  -1.279680e+06  -3.947529e+06   8.415599e+11  -5.761832e+11   1.155991e+10   4.230378e+06   4.247235e-18   0.000000e+00   0.000000e+00
     1456000   1.455999e-05   1.757931e+01   6.258588e+00   2.507267e+01  -7.479412e+05  -1.325778e+06  -3.947024e+06   1.002225e+12  -5.717142e+11   2.114834e+09   4.230379e+06   5.435172e-18   0.000000e+00   0.000000e+00
     1464000   1.463999e-05   1.752285e+01   6.150711e+00   2.475691e+01  -6.619019e+05  -1.370849e+06  -3.946994e+06   1.136531e+12  -5.479869e+11  -2.737863e+08   4.230379e+06   6.499451e-18   0.000000e+00   0.000000e+00
     1472000   1.471999e-05   1.747365e+01   6.039327e+00   2.444115e+01  -5.667367e+05  -1.413224e+06  -3.946861e+06   1.236262e+12  -5.082615e+11   4.467997e+09   4.230379e+06   7.294408e-18   0.000000e+00   0.000000e+00
     1480000   1.479999e-05   1.743235e+01   5.924692e+00   2.412543e+01  -4.649148e+05  -1.451931e+06  -3.946119e+06   1.298460e+12  -4.553388e+11   1.455311e+10   4.230379e+06   7.730706e-18   0.000000e+00   0.000000e+00
     1488000   1.487999e-05   1.739934e+01   5.807147e+00   2.380980e+01  -3.599105e+05  -1.485858e+06  -3.944464e+06   1.324548e+12  -3.930600e+11   2.720108e+10   4.230379e+06   7.796535e-18   0.000000e+00   0.000000e+00
     1496000   1.495999e-05   1.737479e+01   5.687090e+00   2.349434e+01  -2.540254e+05  -1.514672e+06  -3.941745e+06   1.315028e+12  -3.268533e+11   4.084648e+10   4.230379e+06   7.503215e-18   0.000000e+00   0.000000e+00
     1504000   1.503999e-05   1.735863e+01   5.564946e+00   2.317915e+01  -1.505497e+05  -1.538032e+06  -3.938008e+06   1.269115e+12  -2.577176e+11   5.213203e+10   4.230380e+06   6.858134e-18   0.000000e+00   0.000000e+00
     1512000   1.511999e-05   1.735057e+01   5.441152e+00   2.286428e+01  -5.211341e+04  -1.555906e+06  -3.933517e+06   1.188723e+12  -1.904068e+11   5.956304e+10   4.230380e+06   5.931699e-18   0.000000e+00   0.000000e+00
     1520000   1.519999e-05   1.735009e+01   5.316139e+00   2.254980e+01   3.871165e+04  -1.568575e+06  -3.928637e+06   1.074422e+12  -1.268650e+11   6.123706e+10   4.230380e+06   4.794129e-18   0.000000e+00   0.000000e+00
     1528000   1.527999e-05   1.735648e+01   5.190309e+00   2.223570e+01   1.191257e+05  -1.576410e+06  -3.923883e+06   9.299581e+11  -6.996259e+10   5.633780e+10   4.230380e+06   3.563881e-18   0.000000e+00   0.000000e+00
     1536000   1.535999e-05   1.736882e+01   5.064028e+00   2.192196e+01   1.869279e+05  -1.579961e+06  -3.919808e+06   7.580554e+11  -1.964634e+10   4.406755e+10   4.230380e+06   2.355748e-18   0.000000e+00   0.000000e+00
     1544000   1.543999e-05   1.738600e+01   4.937614e+00   2.160849e+01   2.399424e+05  -1.579822e+06  -3.916977e+06   5.617635e+11   2.254411e+10   2.531852e+10   4.230380e+06   1.293217e-18   0.000000e+00   0.000000e+00
     1552000   1.551999e-05   1.740676e+01   4.811339e+00   2.129519e+01   2.761174e+05  -1.576584e+06  -3.915898e+06   3.392321e+11   5.735744e+10   8.268652e+08   4.230380e+06   4.833406e-19   0.000000e+00   0.000000e+00
     1560000   1.559999e-05   1.742968e+01   4.685426e+00   2.098190e+01   2.937175e+05  -1.570871e+06  -3.916913e+06   9.722627e+10   8.431817e+10  -2.652500e+10   4.230380e+06   7.051405e-20   0.000000e+00   0.000000e+00
     1568000   1.567999e-05   1.745322e+01   4.560052e+00   2.066843e+01   2.913021e+05  -1.563177e+06  -3.920171e+06  -1.604656e+11   1.065267e+11  -5.440182e+10   4.230380e+06   1.634908e-19   0.000000e+00   0.000000e+00
     1576000   1.575999e-05   1.747572e+01   4.435360e+00   2.035461e+01   2.677964e+05  -1.553870e+06  -3.925543e+06  -4.286882e+11   1.258661e+11  -7.906750e+10   4.230380e+06   8.403652e-19   0.000000e+00   0.000000e+00
     1584000   1.583999e-05   1.749549e+01   4.311475e+00   2.004029e+01   2.227271e+05  -1.542978e+06  -3.932649e+06  -6.975836e+11   1.469258e+11  -9.715565e+10   4.230380e+06   2.113195e-18   0.000000e+00   0.000000e+00
     1592000   1.591999e-05   1.751329e+01   4.187951e+00   1.972572e+01   2.626628e+05  -1.554837e+06  -3.925507e+06   1.615363e+12  -4.064206e+11   2.690570e+11   4.230380e+06   1.162284e-17   0.000000e+00   0.000000e+00
     1600000   1.599999e-05   1.753970e+01   4.062269e+00   1.941262e+01   4.003217e+05  -1.587008e+06  -3.900932e+06   1.824033e+12  -3.921594e+11   3.467182e+11   4.230381e+06   1.470171e-17   0.000000e+00   0.000000e+00
     1608000   1.607999e-05   1.757777e+01   3.934097e+00   1.910174e+01   5.539500e+05  -1.616624e+06  -3.869856e+06   2.013115e+12  -3.416794e+11   4.308916e+11   4.230381e+06   1.777984e-17   0.000000e+00   0.000000e+00
     1616000   1.615999e-05   1.762871e+01   3.803760e+00   1.879362e+01   7.216114e+05  -1.640589e+06  -3.831954e+06   2.173640e+12  -2.502884e+11   5.164711e+11   4.230381e+06   2.063392e-17   0.000000e+00   0.000000e+00
     1624000   1.623999e-05   1.769354e+01   3.671843e+00   1.848881e+01   9.007683e+05  -1.655558e+06  -3.787331e+06   2.299679e+12  -1.175266e+11   5.983088e+11   4.230382e+06   2.310895e-17   0.000000e+00   0.000000e+00
     1632000   1.631999e-05   1.777305e+01   3.539200e+00   1.818781e+01   1.088286e+06  -1.658203e+06  -3.736594e+06   2.382123e+12   5.665676e+10   6.686357e+11   4.230382e+06   2.500536e-17   0.000000e+00   0.000000e+00
     1640000   1.639999e-05   1.786779e+01   3.406938e+00   1.789109e+01   1.280605e+06  -1.645564e+06  -3.680803e+06   2.417357e+12   2.644855e+11   7.227732e+11   4.230383e+06   2.627587e-17   0.000000e+00   0.000000e+00
     1648000   1.647999e-05   1.797798e+01   3.276380e+00   1.759898e+01   1.473980e+06  -1.615274e+06  -3.621383e+06   2.410391e+12   4.961402e+11   7.597650e+11   4.230384e+06   2.708195e-17   0.000000e+00   0.000000e+00
     1656000   1.655999e-05   1.810356e+01   3.149007e+00   1.731172e+01   1.664790e+06  -1.565760e+06  -3.559918e+06   2.354134e+12   7.431137e+11   7.740441e+11   4.230384e+06   2.732662e-17   0.000000e+00   0.000000e+00
     1664000   1.663999e-05   1.824419e+01   3.026391e+00   1.702941e+01   1.849651e+06  -1.496322e+06  -3.497995e+06   2.260519e+12   9.924304e+11   7.707588e+11   4.230385e+06   2.730880e-17   0.000000e+00   0.000000e+00
     1672000   1.671999e-05   1.839927e+01   2.910123e+00   1.675202e+01   2.025646e+06  -1.407121e+06  -3.436995e+06   2.132965e+12   1.235334e+12   7.513252e+11   4.230386e+06   2.710937e-17   0.000000e+00   0.000000e+00
     1680000   1.679999e-05   1.856799e+01   2.801757e+00   1.647943e+01   2.190355e+06  -1.298988e+06  -3.378038e+06   1.979414e+12   1.464464e+12   7.203094e+11   4.230386e+06   2.687054e-17   0.000000e+00   0.000000e+00
     1688000   1.687999e-05   1.874937e+01   2.702755e+00   1.621146e+01   2.341911e+06  -1.173266e+06  -3.321908e+06   1.805686e+12   1.674055e+12   6.817101e+11   4.230387e+06   2.665053e-17   0.000000e+00   0.000000e+00
     1696000   1.695999e-05   1.894231e+01   2.614458e+00   1.594784e+01   2.478967e+06  -1.031680e+06  -3.269026e+06   1.618049e+12   1.860658e+12   6.397689e+11   4.230387e+06   2.649434e-17   0.000000e+00   0.000000e+00
     1704000   1.703999e-05   1.914560e+01   2.538058e+00   1.568832e+01   2.600565e+06  -8.761517e+05  -3.219565e+06   1.420294e+12   2.023218e+12   5.966196e+11   4.230388e+06   2.640112e-17   0.000000e+00   0.000000e+00
     1712000   1.711999e-05   1.935797e+01   2.474593e+00   1.543262e+01   2.706094e+06  -7.086439e+05  -3.173495e+06   1.217176e+12   2.160454e+12   5.554553e+11   4.230389e+06   2.636440e-17   0.000000e+00   0.000000e+00
     1720000   1.719999e-05   1.957814e+01   2.424942e+00   1.518048e+01   2.795291e+06  -5.311224e+05  -3.130567e+06   1.012662e+12   2.273924e+12   5.184005e+11   4.230389e+06   2.639439e-17   0.000000e+00   0.000000e+00
     1728000   1.727999e-05   1.980478e+01   2.389830e+00   1.493166e+01   2.868091e+06  -3.454617e+05  -3.090454e+06   8.075318e+11   2.363479e+12   4.852098e+11   4.230390e+06   2.642957e-17   0.000000e+00   0.000000e+00
     1736000   1.735999e-05   2.003659e+01   2.369836e+00   1.468594e+01   2.924560e+06  -1.534954e+05  -3.052801e+06   6.045453e+11   2.431651e+12   4.568645e+11   4.230390e+06   2.648494e-17   0.000000e+00   0.000000e+00
     1744000   1.743999e-05   2.027228e+01   2.365393e+00   1.444315e+01   2.964932e+06   4.305914e+04  -3.017206e+06   4.056161e+11   2.478585e+12   4.339395e+11   4.230391e+06   2.652203e-17   0.000000e+00   0.000000e+00
     1752000   1.751999e-05   2.051056e+01   2.376803e+00   1.420314e+01   2.989558e+06   2.425623e+05  -2.983273e+06   2.112425e+11   2.505804e+12   4.154063e+11   4.230392e+06   2.652216e-17   0.000000e+00   0.000000e+00
     1760000   1.759999e-05   2.075020e+01   2.404242e+00   1.396580e+01   2.998922e+06   4.435355e+05  -2.950587e+06   2.393004e+10   2.515235e+12   4.023930e+11   4.230392e+06   2.649220e-17   0.000000e+00   0.000000e+00
     1768000   1.767999e-05   2.099000e+01   2.447771e+00   1.373103e+01   2.993540e+06   6.445764e+05  -2.918812e+06  -1.568235e+11   2.507714e+12   3.929308e+11   4.230393e+06   2.640533e-17   0.000000e+00   0.000000e+00
     1776000   1.775999e-05   2.122879e+01   2.507341e+00   1.349877e+01   2.974057e+06   8.443831e+05  -2.887599e+06  -3.286693e+11   2.484539e+12   3.879892e+11   4.230394e+06   2.625786e-17   0.000000e+00   0.000000e+00
     1784000   1.783999e-05   2.146549e+01   2.582807e+00   1.326900e+01   2.941141e+06   1.041761e+06  -2.856687e+06  -4.922743e+11   2.447681e+12   3.857569e+11   4.230394e+06   2.605697e-17   0.000000e+00   0.000000e+00
     1792000   1.791999e-05   2.169904e+01   2.673930e+00   1.304170e+01   2.895500e+06   1.235644e+06  -2.825863e+06  -6.468207e+11   2.397256e+12   3.854480e+11   4.230395e+06   2.577733e-17   0.000000e+00   0.000000e+00
     1800000   1.799999e-05   2.192845e+01   2.780390e+00   1.281687e+01   2.837991e+06   1.425057e+06  -2.794864e+06  -7.898136e+11   2.335993e+12   3.890620e+11   4.230395e+06   2.544359e-17   0.000000e+00   0.000000e+00
     1808000   1.807999e-05   2.215282e+01   2.901797e+00   1.259453e+01   2.769492e+06   1.609139e+06  -2.763483e+06  -9.213408e+11   2.264245e+12   3.950728e+11   4.230396e+06   2.503419e-17   0.000000e+00   0.000000e+00
     1816000   1.815999e-05   2.237130e+01   3.037690e+00   1.237473e+01   2.690984e+06   1.787121e+06  -2.731494e+06  -1.038686e+12   2.183821e+12   4.054948e+11   4.230396e+06   2.454678e-17   0.000000e+00   0.000000e+00
     1824000   1.823999e-05   2.258314e+01   3.187556e+00   1.215752e+01   2.603589e+06   1.958346e+06  -2.698604e+06  -1.144879e+12   2.095792e+12   4.163015e+11   4.230397e+06   2.399166e-17   0.000000e+00   0.000000e+00
     1832000   1.831999e-05   2.278767e+01   3.350831e+00   1.194298e+01   2.508268e+06   2.122292e+06  -2.664719e+06  -1.237413e+12   2.002100e+12   4.297717e+11   4.230398e+06   2.337069e-17   0.000000e+00   0.000000e+00
     1840000   1.839999e-05   2.298428e+01   3.526918e+00   1.173119e+01   2.405915e+06   2.278585e+06  -2.629808e+06  -1.320136e+12   1.904215e+12   4.421336e+11   4.230398e+06   2.271739e-17   0.000000e+00   0.000000e+00
     1848000   1.847999e-05   2.317245e+01   3.715192e+00   1.152223e+01   2.297320e+06   2.426923e+06  -2.593962e+06  -1.392386e+12   1.803532e+12   4.542173e+11   4.230399e+06   2.203763e-17   0.000000e+00   0.000000e+00
     1856000   1.855999e-05   2.335171e+01   3.915008e+00   1.131618e+01   2.183409e+06   2.567083e+06  -2.557164e+06  -1.453189e+12   1.700018e+12   4.658016e+11   4.230399e+06   2.130689e-17   0.000000e+00   0.000000e+00
     1864000   1.863999e-05   2.352168e+01   4.125703e+00   1.111311e+01   2.065133e+06   2.698887e+06  -2.519428e+06  -1.502213e+12   1.594946e+12   4.771951e+11   4.230400e+06   2.052882e-17   0.000000e+00   0.000000e+00
     1872000   1.871999e-05   2.368204e+01   4.346604e+00   1.091310e+01   1.943441e+06   2.822225e+06  -2.480800e+06  -1.538950e+12   1.488633e+12   4.878861e+11   4.230400e+06   1.968867e-17   0.000000e+00   0.000000e+00
     1880000   1.879999e-05   2.383256e+01   4.577032e+00   1.071620e+01   1.819171e+06   2.937068e+06  -2.441422e+06  -1.566204e+12   1.382403e+12   4.960118e+11   4.230401e+06   1.882165e-17   0.000000e+00   0.000000e+00
     1888000   1.887999e-05   2.397306e+01   4.816309e+00   1.052248e+01   1.693095e+06   3.043459e+06  -2.401475e+06  -1.584095e+12   1.277447e+12   5.021038e+11   4.230401e+06   1.793683e-17   0.000000e+00   0.000000e+00
     1896000   1.895999e-05   2.410343e+01   5.063762e+00   1.033198e+01   1.565996e+06   3.141481e+06  -2.361154e+06  -1.591887e+12   1.173368e+12   5.053388e+11   4.230401e+06   1.700977e-17   0.000000e+00   0.000000e+00
     1904000   1.903999e-05   2.422361e+01   5.318725e+00   1.014470e+01   1.438726e+06   3.231236e+06  -2.320664e+06  -1.588254e+12   1.070738e+12   5.061939e+11   4.230402e+06   1.602585e-17   0.000000e+00   0.000000e+00
     1912000   1.911999e-05   2.433364e+01   5.580543e+00   9.960669e+00   1.312069e+06   3.312860e+06  -2.280293e+06  -1.576496e+12   9.700760e+11   5.022241e+11   4.230402e+06   1.501886e-17   0.000000e+00   0.000000e+00
     1920000   1.919999e-05   2.443358e+01   5.848571e+00   9.779846e+00   1.186767e+06   3.386525e+06  -2.240388e+06  -1.554207e+12   8.720070e+11   4.948057e+11   4.230402e+06   1.396623e-17   0.000000e+00   0.000000e+00
     1928000   1.927999e-05   2.452358e+01   6.122181e+00   9.602186e+00   1.063654e+06   3.452458e+06  -2.201245e+06  -1.521715e+12   7.769296e+11   4.832297e+11   4.230403e+06   1.287190e-17   0.000000e+00   0.000000e+00
     1936000   1.935999e-05   2.460385e+01   6.400764e+00   9.427616e+00   9.435658e+05   3.510893e+06  -2.163244e+06  -1.479230e+12   6.846728e+11   4.659821e+11   4.230403e+06   1.173403e-17   0.000000e+00   0.000000e+00
     1944000   1.943999e-05   2.467465e+01   6.683731e+00   9.256025e+00   8.272890e+05   3.562102e+06  -2.126813e+06  -1.426266e+12   5.960834e+11   4.435509e+11   4.230403e+06   1.055922e-17   0.000000e+00   0.000000e+00
     1952000   1.951999e-05   2.473634e+01   6.970516e+00   9.087274e+00   7.157435e+05   3.606415e+06  -2.092318e+06  -1.360423e+12   5.122010e+11   4.174663e+11   4.230404e+06   9.338875e-18   0.000000e+00   0.000000e+00
     1960000   1.959999e-05   2.478932e+01   7.260583e+00   8.921193e+00   6.098925e+05   3.644206e+06  -2.060124e+06  -1.282935e+12   4.333522e+11   3.867496e+11   4.230404e+06   8.097380e-18   0.000000e+00   0.000000e+00
     1968000   1.967999e-05   2.483410e+01   7.553427e+00   8.757585e+00   5.108064e+05   3.675905e+06  -2.030545e+06  -1.191798e+12   3.601041e+11   3.520796e+11   4.230404e+06   6.834702e-18   0.000000e+00   0.000000e+00
     1976000   1.975999e-05   2.487126e+01   7.848578e+00   8.596228e+00   4.195650e+05   3.701994e+06  -2.003878e+06  -1.086841e+12   2.932091e+11   3.141130e+11   4.230404e+06   5.576587e-18   0.000000e+00   0.000000e+00
     1984000   1.983999e-05   2.490147e+01   8.145611e+00   8.436881e+00   3.372903e+05   3.723027e+06  -1.980309e+06  -9.679278e+11   2.340345e+11   2.751254e+11   4.230404e+06   4.357841e-18   0.000000e+00   0.000000e+00
     1992000   1.991999e-05   2.492550e+01   8.444145e+00   8.279295e+00   2.651454e+05   3.739641e+06  -1.959874e+06  -8.324357e+11   1.827059e+11   2.359998e+11   4.230404e+06   3.192936e-18   0.000000e+00   0.000000e+00
     2000000   1.999999e-05   2.494420e+01   8.743853e+00   8.123221e+00   2.045660e+05   3.752507e+06  -1.942464e+06  -6.799955e+11   1.405853e+11   1.999719e+11   4.230404e+06   2.131902e-18   0.000000e+00   0.000000e+00
     2008000   2.007999e-05   2.495857e+01   9.044466e+00   7.968429e+00   1.567866e+05   3.762386e+06  -1.927743e+06  -5.119678e+11   1.080497e+11   1.692404e+11   4.230404e+06   1.234828e-18   0.000000e+00   0.000000e+00
     2016000   2.015999e-05   2.496967e+01   9.345776e+00   7.814725e+00   1.230586e+05   3.770060e+06  -1.915156e+06  -3.285641e+11   8.553636e+10   1.472690e+11   4.230404e+06   5.592335e-19   0.000000e+00   0.000000e+00
     2024000   2.023999e-05   2.497867e+01   9.647639e+00   7.661970e+00   1.046639e+05   3.776352e+06  -1.903820e+06  -1.290120e+11   7.343756e+10   1.385755e+11   4.230404e+06   1.684006e-19   0.000000e+00   0.000000e+00
     2032000   2.031999e-05   2.498685e+01   9.949978e+00   7.510112e+00   1.027902e+05   3.782079e+06  -1.892520e+06   8.416466e+10   7.137805e+10   1.472155e+11   4.230404e+06   1.381822e-19   0.000000e+00   0.000000e+00
     2040000   2.039999e-05   2.499558e+01   1.025278e+01   7.359208e+00   1.184682e+05   3.788026e+06  -1.879667e+06   3.089754e+11   7.880769e+10   1.782911e+11   4.230404e+06   5.448161e-19   0.000000e+00   0.000000e+00
     2048000   2.047999e-05   2.500629e+01   1.055609e+01   7.209460e+00   1.524512e+05   3.794912e+06  -1.863255e+06   5.420109e+11   9.459893e+10   2.370159e+11   4.230404e+06   1.465142e-18   0.000000e+00   0.000000e+00
     2056000   2.055999e-05   2.502048e+01   1.086000e+01   7.061245e+00   2.052681e+05   3.803328e+06  -1.840891e+06   7.788223e+11   1.166422e+11   3.278242e+11   4.230404e+06   2.970514e-18   0.000000e+00   0.000000e+00
     2064000   2.063999e-05   2.503964e+01   1.116467e+01   6.915149e+00   2.769313e+05   3.813687e+06  -1.809813e+06   1.012905e+12   1.426095e+11   4.554951e+11   4.230405e+06   5.118561e-18   0.000000e+00   0.000000e+00
     2072000   2.071999e-05   2.506528e+01   1.147025e+01   6.771990e+00   3.670634e+05   3.826173e+06  -1.766916e+06   1.238677e+12   1.691980e+11   6.237049e+11   4.230405e+06   7.968888e-18   0.000000e+00   0.000000e+00
     2080000   2.079999e-05   2.509884e+01   1.177691e+01   6.632849e+00   4.747348e+05   3.840713e+06  -1.708764e+06   1.449828e+12   1.931524e+11   8.369195e+11   4.230405e+06   1.159337e-17   0.000000e+00   0.000000e+00
     2088000   2.087999e-05   2.514166e+01   1.208481e+01   6.499094e+00   5.982759e+05   3.856955e+06  -1.631654e+06   1.633359e+12   2.105653e+11   1.096617e+12   4.230405e+06   1.598231e-17   0.000000e+00   0.000000e+00
     2096000   2.095999e-05   2.519492e+01   1.239405e+01   6.372387e+00   7.352212e+05   3.874133e+06  -1.531952e+06   1.782399e+12   2.164519e+11   1.402765e+12   4.230406e+06   2.119495e-17   0.000000e+00   0.000000e+00
     2104000   2.103999e-05   2.525957e+01   1.270467e+01   6.254685e+00   8.823736e+05   3.891167e+06  -1.405906e+06   1.887432e+12   2.063253e+11   1.755594e+12   4.230406e+06   2.730068e-17   0.000000e+00   0.000000e+00
     2112000   2.111999e-05   2.533627e+01   1.301660e+01   6.148238e+00   1.035677e+06   3.906552e+06  -1.250027e+06   1.935582e+12   1.743253e+11   2.148405e+12   4.230407e+06   3.426337e-17   0.000000e+00   0.000000e+00
     2120000   2.119999e-05   2.542531e+01   1.332962e+01   6.055558e+00   1.190222e+06   3.918347e+06  -1.061262e+06   1.916104e+12   1.158873e+11   2.576717e+12   4.230408e+06   4.215046e-17   0.000000e+00   0.000000e+00
     2128000   2.127999e-05   2.552658e+01   1.364337e+01   5.979380e+00   1.340148e+06   3.924223e+06  -8.371604e+05   1.818076e+12   2.544991e+10   3.029572e+12   4.230409e+06   5.096903e-17   0.000000e+00   0.000000e+00
     2136000   2.135999e-05   2.563944e+01   1.395727e+01   5.922597e+00   1.478819e+06   3.921416e+06  -5.761611e+05   1.633162e+12  -1.020452e+11   3.497009e+12   4.230410e+06   6.085872e-17   0.000000e+00   0.000000e+00
     2144000   2.143999e-05   2.576269e+01   1.427049e+01   5.888194e+00   1.598800e+06   3.906802e+06  -2.776966e+05   1.348616e+12  -2.702640e+11   3.961603e+12   4.230412e+06   7.179797e-17   0.000000e+00   0.000000e+00
     2152000   2.151999e-05   2.589453e+01   1.458195e+01   5.879146e+00   1.691793e+06   3.876975e+06   5.744463e+04   9.568224e+11  -4.827911e+11   4.408222e+12   4.230414e+06   8.402530e-17   0.000000e+00   0.000000e+00
     2160000   2.159999e-05   2.603242e+01   1.489030e+01   5.898302e+00   1.748844e+06   3.828281e+06   4.268820e+05   4.479130e+11  -7.415295e+11   4.815600e+12   4.230416e+06   9.774106e-17   0.000000e+00   0.000000e+00
     2168000   2.167999e-05   2.617313e+01   1.519387e+01   5.948243e+00   1.760303e+06   3.757042e+06   8.260769e+05  -1.852046e+11  -1.044852e+12   5.147034e+12   4.230418e+06   1.127552e-16   0.000000e+00   0.000000e+00
     2176000   2.175999e-05   2.631258e+01   1.549074e+01   6.031078e+00   1.715818e+06   3.659980e+06   1.247787e+06  -9.502965e+11  -1.386413e+12   5.373589e+12   4.230421e+06   1.294237e-16   0.000000e+00   0.000000e+00
     2184000   2.183999e-05   2.644588e+01   1.577871e+01   6.148218e+00   1.604677e+06   3.534605e+06   1.681685e+06  -1.850430e+12  -1.749592e+12   5.443243e+12   4.230424e+06   1.474426e-16   0.000000e+00   0.000000e+00
     2192000   2.191999e-05   2.656726e+01   1.605549e+01   6.300097e+00   1.415933e+06   3.380058e+06   2.113494e+06  -2.888092e+12  -2.110276e+12   5.309979e+12   4.230428e+06   1.673508e-16   0.000000e+00   0.000000e+00
     2200000   2.199999e-05   2.667009e+01   1.631879e+01   6.485805e+00   1.139418e+06   3.198368e+06   2.523633e+06  -4.039720e+12  -2.419460e+12   4.890456e+12   4.230432e+06   1.881711e-16   0.000000e+00   0.000000e+00
     2208000   2.207999e-05   2.674702e+01   1.656667e+01   6.702624e+00   7.675260e+05   2.995918e+06   2.886515e+06  -5.263062e+12  -2.616056e+12   4.114837e+12   4.230436e+06   2.101600e-16   0.000000e+00   0.000000e+00
     2216000   2.215999e-05   2.679025e+01   1.679792e+01   6.945543e+00   2.969976e+05   2.785314e+06   3.170245e+06  -6.488800e+12  -2.605611e+12   2.897308e+12   4.230442e+06   2.338923e-16   0.000000e+00   0.000000e+00
     2224000   2.223999e-05   2.679207e+01   1.701265e+01   7.206728e+00  -2.656380e+05   2.587537e+06   3.336281e+06  -7.533084e+12  -2.276316e+12   1.165852e+12   4.230447e+06   2.583900e-16   0.000000e+00   0.000000e+00
     2232000   2.231999e-05   2.674590e+01   1.721308e+01   7.475079e+00  -8.968677e+05   2.433401e+06   3.342294e+06  -8.153070e+12  -1.496871e+12  -1.097761e+12   4.230454e+06   2.854595e-16   0.000000e+00   0.000000e+00
     2240000   2.239999e-05   2.664798e+01   1.740421e+01   7.736167e+00  -1.549110e+06   2.362474e+06   3.148932e+06  -7.983175e+12  -1.845531e+11  -3.788597e+12   4.230461e+06   3.189399e-16   0.000000e+00   0.000000e+00
     2248000   2.247999e-05   2.649964e+01   1.759445e+01   7.972938e+00  -2.140376e+06   2.418040e+06   2.732900e+06  -6.559490e+12   1.648866e+12  -6.595890e+12   4.230468e+06   3.643926e-16   0.000000e+00   0.000000e+00
     2256000   2.255999e-05   2.631024e+01   1.779539e+01   8.167788e+00  -2.553772e+06   2.633290e+06   2.107362e+06  -3.488643e+12   3.739023e+12  -8.899314e+12   4.230478e+06   4.301140e-16   0.000000e+00   0.000000e+00
     2264000   2.263999e-05   2.609944e+01   1.802012e+01   8.306368e+00  -2.652486e+06   3.009266e+06   1.343752e+06   1.278703e+12   5.545275e+12  -9.893318e+12   4.230489e+06   5.318323e-16   0.000000e+00   0.000000e+00
     2272000   2.271999e-05   2.589745e+01   1.827974e+01   8.382799e+00  -2.318426e+06   3.490354e+06   5.826501e+05   7.171358e+12   6.219868e+12  -8.721551e+12   4.230503e+06   6.784791e-16   0.000000e+00   0.000000e+00
     2280000   2.279999e-05   2.574127e+01   1.857811e+01   8.404869e+00  -1.509783e+06   3.951894e+06   1.984094e+04   1.285780e+13   4.937436e+12  -4.919510e+12   4.230520e+06   8.733255e-16   0.000000e+00   0.000000e+00
     2288000   2.287999e-05   2.566625e+01   1.890679e+01   8.396679e+00  -3.178607e+05   4.216131e+06  -1.438733e+05   1.642273e+13   1.276929e+12   1.117883e+12   4.230543e+06   1.112934e-15   0.000000e+00   0.000000e+00
     2296000   2.295999e-05   2.569416e+01   1.924254e+01   8.396166e+00   1.010418e+06   4.101992e+06   2.246258e+05   1.599833e+13  -4.383492e+12   8.099956e+12   4.230572e+06   1.391345e-15   0.000000e+00   0.000000e+00
     2304000   2.303999e-05   2.582166e+01   1.954983e+01   8.446956e+00   2.102264e+06   3.494915e+06   1.124323e+06   1.038835e+13  -1.075295e+13   1.400469e+13   4.230608e+06   1.713537e-15   0.000000e+00   0.000000e+00
     2312000   2.311999e-05   2.601286e+01   1.978908e+01   8.585467e+00   2.534020e+06   2.420455e+06   2.370350e+06  -3.577168e+11  -1.562942e+13   1.634438e+13   4.230652e+06   2.088692e-15   0.000000e+00   0.000000e+00
     2320000   2.319999e-05   2.620004e+01   1.993060e+01   8.825427e+00   1.959823e+06   1.110360e+06   3.581210e+06  -1.419328e+13  -1.612012e+13   1.276711e+13   4.230706e+06   2.549168e-15   0.000000e+00   0.000000e+00
     2328000   2.327999e-05   2.629740e+01   1.997294e+01   9.143172e+00   3.154932e+05   3.918931e+04   4.218809e+06  -2.594659e+13  -9.287447e+12   2.028434e+12   4.230771e+06   3.118009e-15   0.000000e+00   0.000000e+00
     2336000   2.335999e-05   2.623442e+01   1.996009e+01   9.471179e+00  -1.906415e+06  -1.671074e+05   3.773295e+06  -2.703467e+13   5.103951e+12  -1.343045e+13   4.230851e+06   3.827445e-15   0.000000e+00   0.000000e+00
     2344000   2.343999e-05   2.600833e+01   1.998071e+01   9.715217e+00  -3.520152e+06   8.912033e+05   2.171456e+06  -1.018856e+13   2.050761e+13  -2.492810e+13   4.230949e+06   4.678984e-15   0.000000e+00   0.000000e+00
     2352000   2.351999e-05   2.572432e+01   2.012590e+01   9.808157e+00  -3.181348e+06   2.782084e+06   2.024263e+05   1.930398e+13   2.361557e+13  -2.111416e+13   4.231068e+06   5.620062e-15   0.000000e+00   0.000000e+00
     2360000   2.359999e-05   2.555894e+01   2.041084e+01   9.775370e+00  -6.776216e+05   4.109620e+06  -7.449749e+05   3.961702e+13   6.430075e+12  -5.856538e+11   4.231210e+06   6.580451e-15   0.000000e+00   0.000000e+00
     2368000   2.367999e-05   2.563053e+01   2.073096e+01   9.740178e+00   2.341782e+06   3.519997e+06   1.737633e+05   3.019536e+13  -2.117912e+13   2.220286e+13   4.231373e+06   7.569763e-15   0.000000e+00   0.000000e+00
     2376000   2.375999e-05   2.587946e+01   2.092220e+01   9.837479e+00   3.370493e+06   1.052231e+06   2.332102e+06  -7.642685e+12  -3.647683e+13   2.751300e+13   4.231561e+06   8.765870e-15   0.000000e+00   0.000000e+00
     2384000   2.383999e-05   2.607866e+01   2.089755e+01   1.009560e+01   1.088954e+06  -1.449527e+06   3.823745e+06  -4.586323e+13  -2.007151e+13   5.459079e+12   4.231782e+06   1.036072e-14   0.000000e+00   0.000000e+00
     2392000   2.391999e-05   2.600806e+01   2.075926e+01   1.038095e+01  -2.791891e+06  -1.436621e+06   2.837544e+06  -4.091813e+13   2.184875e+13  -2.918739e+13   4.232044e+06   1.227199e-14   0.000000e+00   0.000000e+00
     2400000   2.399999e-05   2.570646e+01   2.074973e+01   1.049527e+01  -3.960575e+06   1.490553e+06  -6.977205e+04   1.680880e+13   4.301974e+13  -3.559173e+13   4.232348e+06   1.389387e-14   0.000000e+00   0.000000e+00
     2408000   2.407999e-05   2.550432e+01   2.098304e+01   1.040669e+01  -5.044402e+05   3.866706e+06  -1.646122e+06   5.975450e+13   8.169566e+12   8.567770e+11   4.232681e+06   1.486914e-14   0.000000e+00   0.000000e+00
     2416000   2.415999e-05   2.564186e+01   2.125961e+01   1.032225e+01   3.515451e+06   2.358002e+06   2.805568e+03   2.835758e+13  -4.230273e+13   3.509927e+13   4.233034e+06   1.563828e-14   0.000000e+00   0.000000e+00
     2424000   2.423999e-05   2.593805e+01   2.129371e+01   1.043583e+01   2.919621e+06  -1.515001e+06   2.665021e+06  -4.261685e+13  -4.278067e+13   2.238398e+13   4.233409e+06   1.695663e-14   0.000000e+00   0.000000e+00
     2432000   2.431999e-05   2.599114e+01   2.108812e+01   1.067142e+01  -1.840527e+06  -2.829456e+06   2.555754e+06  -6.033257e+13   1.537053e+13  -2.641401e+13   4.233821e+06   1.870423e-14   0.000000e+00   0.000000e+00
     2440000   2.439999e-05   2.571131e+01   2.096977e+01   1.075616e+01  -4.163234e+06   3.915076e+05  -6.657455e+05   1.184107e+13   5.307512e+13  -4.290799e+13   4.234267e+06   1.962579e-14   0.000000e+00   0.000000e+00
     2448000   2.447999e-05   2.549755e+01   2.114289e+01   1.060209e+01  -4.143853e+05   3.332972e+06  -2.579225e+06   6.771578e+13   9.309981e+12   1.133190e+12   4.234716e+06   1.911916e-14   0.000000e+00   0.000000e+00
     2456000   2.455999e-05   2.566003e+01   2.136802e+01   1.045067e+01   3.897296e+06   1.503622e+06  -6.976249e+05   2.561319e+13  -4.856796e+13   3.834364e+13   4.235148e+06   1.835263e-14   0.000000e+00   0.000000e+00
     2464000   2.463999e-05   2.596726e+01   2.132060e+01   1.051178e+01   2.743270e+06  -2.571124e+06   1.950343e+06  -5.039235e+13  -3.995735e+13   1.822715e+13   4.235569e+06   1.828698e-14   0.000000e+00   0.000000e+00
     2472000   2.471999e-05   2.599298e+01   2.104881e+01   1.067235e+01  -2.162857e+06  -3.368480e+06   1.385291e+06  -5.487232e+13   2.239150e+13  -3.119262e+13   4.235993e+06   1.836080e-14   0.000000e+00   0.000000e+00
     2480000   2.479999e-05   2.571360e+01   2.089930e+01   1.065766e+01  -3.808186e+06  -6.794964e+03  -1.856025e+06   1.881694e+13   4.886441e+13  -3.881032e+13   4.236408e+06   1.739306e-14   0.000000e+00   0.000000e+00
     2488000   2.487999e-05   2.553525e+01   2.102222e+01   1.042333e+01  -7.716366e+04   2.490696e+06  -3.426492e+06   6.103414e+13   6.151323e+12   3.085876e+12   4.236787e+06   1.544896e-14   0.000000e+00   0.000000e+00
     2496000   2.495999e-05   2.570261e+01   2.118372e+01   1.020136e+01   3.765225e+06   9.235119e+05  -1.709796e+06   2.497803e+13  -3.970216e+13   3.354155e+13   4.237121e+06   1.361920e-14   0.000000e+00   0.000000e+00
     2504000   2.503999e-05   2.601774e+01   2.111840e+01   1.016992e+01   3.314875e+06  -2.528882e+06   7.563636e+05  -3.371295e+13  -3.782233e+13   2.133393e+13   4.237420e+06   1.238001e-14   0.000000e+00   0.000000e+00
     2512000   2.511999e-05   2.614098e+01   2.083234e+01   1.026160e+01  -4.604403e+05  -4.081596e+06   1.042409e+06  -5.045859e+13   1.889662e+12  -1.486233e+13   4.237693e+06   1.135045e-14   0.000000e+00   0.000000e+00
     2520000   2.519999e-05   2.597220e+01   2.055340e+01   1.026774e+01  -3.246732e+06  -2.467019e+06  -1.154422e+06  -1.299203e+13   3.319948e+13  -3.442992e+13   4.237941e+06   1.006482e-14   0.000000e+00   0.000000e+00
     2528000   2.527999e-05   2.572362e+01   2.046519e+01   1.007306e+01  -2.367434e+06   1.690760e+05  -3.511215e+06   3.125968e+13   2.662804e+13  -1.980052e+13   4.238155e+06   8.516358e-15   0.000000e+00   0.000000e+00
     2536000   2.535999e-05   2.565503e+01   2.053577e+01   9.758386e+00   7.765828e+05   1.215613e+06  -3.985307e+06   4.070565e+13  -1.331853e+12   7.521411e+12   4.238334e+06   7.029522e-15   0.000000e+00   0.000000e+00
     2544000   2.543999e-05   2.583015e+01   2.060197e+01   9.485018e+00   3.312257e+06   1.536025e+05  -2.640092e+06   1.946554e+13  -2.259567e+13   2.310142e+13   4.238481e+06   5.832652e-15   0.000000e+00   0.000000e+00
     2552000   2.551999e-05   2.612609e+01   2.053339e+01   9.349601e+00   3.700702e+06  -1.914212e+06  -7.786928e+05  -9.158247e+12  -2.613955e+13   2.071771e+13   4.238604e+06   4.903516e-15   0.000000e+00   0.000000e+00
     2560000   2.559999e-05   2.636942e+01   2.030533e+01   9.340295e+00   2.141921e+06  -3.640700e+06   3.523136e+05  -2.709076e+13  -1.532454e+13   6.370200e+12   4.238708e+06   4.137100e-15   0.000000e+00   0.000000e+00
     2568000   2.567999e-05   2.644917e+01   1.998190e+01   9.370829e+00  -1.497845e+05  -4.231716e+06   1.937217e+05  -2.726593e+13   5.161138e+11  -9.764393e+12   4.238795e+06   3.439254e-15   0.000000e+00   0.000000e+00
     2576000   2.575999e-05   2.636195e+01   1.965934e+01   9.342756e+00  -1.846250e+06  -3.677549e+06  -1.017345e+06  -1.362579e+13   1.205453e+13  -1.885436e+13   4.238867e+06   2.813925e-15   0.000000e+00   0.000000e+00
     2584000   2.583999e-05   2.618931e+01   1.940914e+01   9.199514e+00  -2.239858e+06  -2.539061e+06  -2.550431e+06   3.452721e+12   1.495988e+13  -1.792764e+13   4.238926e+06   2.283795e-15   0.000000e+00   0.000000e+00
     2592000   2.591999e-05   2.603570e+01   1.925094e+01   8.945186e+00  -1.444263e+06  -1.470381e+06  -3.704184e+06   1.513030e+13   1.096085e+13  -1.025146e+13   4.238973e+06   1.861769e-15   0.000000e+00   0.000000e+00
     2600000   2.599999e-05   2.597453e+01   1.916152e+01   8.626009e+00  -3.638678e+04  -8.543525e+05  -4.151865e+06   1.880653e+13   4.340921e+12  -1.058975e+12   4.239012e+06   1.531763e-15   0.000000e+00   0.000000e+00
     2608000   2.607999e-05   2.603047e+01   1.910027e+01   8.298940e+00   1.401811e+06  -7.563561e+05  -3.928403e+06   1.638936e+13  -1.616041e+12   6.158738e+12   4.239044e+06   1.267376e-15   0.000000e+00   0.000000e+00
     2616000   2.615999e-05   2.618972e+01   1.902979e+01   8.009595e+00   2.506606e+06  -1.058602e+06  -3.250539e+06   1.095837e+13  -5.576464e+12   1.026568e+13   4.239071e+06   1.051813e-15   0.000000e+00   0.000000e+00
     2624000   2.623999e-05   2.641877e+01   1.892471e+01   7.784406e+00   3.137890e+06  -1.593762e+06  -2.362938e+06   4.852204e+12  -7.493379e+12   1.149680e+13   4.239093e+06   8.685884e-16   0.000000e+00   0.000000e+00
     2632000   2.631999e-05   2.667928e+01   1.877252e+01   7.631676e+00   3.302923e+06  -2.215207e+06  -1.467521e+06  -5.368404e+11  -7.823121e+12   1.059947e+13   4.239111e+06   7.126760e-16   0.000000e+00   0.000000e+00
     2640000   2.639999e-05   2.693709e+01   1.857083e+01   7.546049e+00   3.088578e+06  -2.817130e+06  -7.033139e+05  -4.567169e+12  -7.091026e+12   8.344613e+12   4.239126e+06   5.771301e-16   0.000000e+00   0.000000e+00
     2648000   2.647999e-05   2.716651e+01   1.832408e+01   7.513480e+00   2.613825e+06  -3.334026e+06  -1.499067e+05  -7.039814e+12  -5.763632e+12   5.430951e+12   4.239138e+06   4.602905e-16   0.000000e+00   0.000000e+00
     2656000   2.655999e-05   2.735167e+01   1.804056e+01   7.515618e+00   2.002266e+06  -3.732924e+06   1.630283e+05  -8.015271e+12  -4.194040e+12   2.413970e+12   4.239147e+06   3.593914e-16   0.000000e+00   0.000000e+00
     2664000   2.663999e-05   2.748621e+01   1.773018e+01   7.533377e+00   1.365144e+06  -4.005849e+06   2.449100e+05  -7.728451e+12  -2.651415e+12  -2.860197e+11   4.239154e+06   2.740322e-16   0.000000e+00   0.000000e+00
     2672000   2.671999e-05   2.757179e+01   1.740273e+01   7.549625e+00   7.907685e+05  -4.162622e+06   1.331829e+05  -6.509184e+12  -1.313194e+12  -2.392000e+12   4.239160e+06   2.042339e-16   0.000000e+00   0.000000e+00
     2680000   2.679999e-05   2.761602e+01   1.706671e+01   7.550959e+00   3.385890e+05  -4.223966e+06  -1.182340e+05  -4.733739e+12  -2.740102e+11  -3.770059e+12   4.239164e+06   1.504493e-16   0.000000e+00   0.000000e+00
     2688000   2.687999e-05   2.763005e+01   1.672877e+01   7.528558e+00   3.857126e+04  -4.214991e+06  -4.504467e+05  -2.759887e+12   4.471090e+11  -4.420692e+12   4.239167e+06   1.121680e-16   0.000000e+00   0.000000e+00
     2696000   2.695999e-05   2.762637e+01   1.639354e+01   7.478200e+00  -1.051922e+05  -4.159969e+06  -8.087909e+05  -8.647797e+11   8.862089e+11  -4.445954e+12   4.239169e+06   8.732386e-17   0.000000e+00   0.000000e+00
     2704000   2.703999e-05   2.761700e+01   1.606386e+01   7.399631e+00  -1.073184e+05  -4.078918e+06  -1.149557e+06   7.584651e+11   1.109568e+12  -4.007990e+12   4.239171e+06   7.326377e-17   0.000000e+00   0.000000e+00
     2712000   2.711999e-05   2.761230e+01   1.574121e+01   7.295561e+00   6.522637e+03  -3.986228e+06  -1.442404e+06   2.025049e+12   1.188788e+12  -3.276292e+12   4.239172e+06   6.661236e-17   0.000000e+00   0.000000e+00
     2720000   2.719999e-05   2.762035e+01   1.542613e+01   7.170595e+00   2.068568e+05  -3.890854e+06  -1.670048e+06   2.922568e+12   1.186097e+12  -2.401450e+12   4.239174e+06   6.442714e-17   0.000000e+00   0.000000e+00
     2728000   2.727999e-05   2.764694e+01   1.511862e+01   7.030275e+00   4.652052e+05  -3.797419e+06  -1.825869e+06   3.483407e+12   1.146536e+12  -1.497115e+12   4.239175e+06   6.432387e-17   0.000000e+00   0.000000e+00
     2736000   2.735999e-05   2.769567e+01   1.481845e+01   6.880350e+00   7.567659e+05  -3.707654e+06  -1.910819e+06   3.764589e+12   1.098005e+12  -6.396566e+11   4.239177e+06   6.472108e-17   0.000000e+00   0.000000e+00
     2744000   2.743999e-05   2.776838e+01   1.452530e+01   6.726280e+00   1.061857e+06  -3.621525e+06  -1.930713e+06   3.831429e+12   1.056629e+12   1.251668e+11   4.239178e+06   6.482404e-17   0.000000e+00   0.000000e+00
     2752000   2.751999e-05   2.786552e+01   1.423893e+01   6.572951e+00   1.365566e+06  -3.538279e+06  -1.893794e+06   3.740633e+12   1.026962e+12   7.784616e+11   4.239180e+06   6.417234e-17   0.000000e+00   0.000000e+00
     2760000   2.759999e-05   2.798655e+01   1.395913e+01   6.424543e+00   1.657533e+06  -3.456864e+06  -1.809235e+06   3.545282e+12   1.010530e+12   1.317134e+12   4.239181e+06   6.282801e-17   0.000000e+00   0.000000e+00
     2768000   2.767999e-05   2.813023e+01   1.368580e+01   6.284504e+00   1.930840e+06  -3.376373e+06  -1.686011e+06   3.279192e+12   1.003146e+12   1.746402e+12   4.239183e+06   6.071387e-17   0.000000e+00   0.000000e+00
     2776000   2.775999e-05   2.829487e+01   1.341890e+01   6.155590e+00   2.181206e+06  -3.296163e+06  -1.532427e+06   2.976110e+12   1.003109e+12   2.078374e+12   4.239184e+06   5.814663e-17   0.000000e+00   0.000000e+00
     2784000   2.783999e-05   2.847855e+01   1.315842e+01   6.039929e+00   2.406413e+06  -3.215852e+06  -1.355791e+06   2.652323e+12   1.004636e+12   2.324614e+12   4.239185e+06   5.513280e-17   0.000000e+00   0.000000e+00
     2792000   2.791999e-05   2.867920e+01   1.290437e+01   5.939106e+00   2.605509e+06  -3.135383e+06  -1.162495e+06   2.325563e+12   1.006857e+12   2.496585e+12   4.239187e+06   5.188180e-17   0.000000e+00   0.000000e+00
     2800000   2.799999e-05   2.889474e+01   1.265676e+01   5.854229e+00   2.778632e+06  -3.054868e+06  -9.579645e+05   2.004782e+12   1.005755e+12   2.607598e+12   4.239188e+06   4.850087e-17   0.000000e+00   0.000000e+00
     2808000   2.807999e-05   2.912311e+01   1.241559e+01   5.786014e+00   2.926681e+06  -2.974538e+06  -7.465819e+05   1.699026e+12   1.001803e+12   2.668828e+12   4.239189e+06   4.515013e-17   0.000000e+00   0.000000e+00
     2816000   2.815999e-05   2.936237e+01   1.218082e+01   5.734860e+00   3.050978e+06  -2.894689e+06  -5.320151e+05   1.411571e+12   9.935608e+11   2.688870e+12   4.239190e+06   4.185718e-17   0.000000e+00   0.000000e+00
     2824000   2.823999e-05   2.961068e+01   1.195241e+01   5.700895e+00   3.153096e+06  -2.815679e+06  -3.172988e+05   1.145359e+12   9.812484e+11   2.673981e+12   4.239191e+06   3.863953e-17   0.000000e+00   0.000000e+00
     2832000   2.831999e-05   2.986632e+01   1.173028e+01   5.684031e+00   3.234840e+06  -2.737803e+06  -1.048585e+05   9.023715e+11   9.653097e+11   2.633193e+12   4.239192e+06   3.558499e-17   0.000000e+00   0.000000e+00
     2840000   2.839999e-05   3.012776e+01   1.151433e+01   5.684007e+00   3.298104e+06  -2.661309e+06   1.034351e+05   6.833692e+11   9.468048e+11   2.571637e+12   4.239193e+06   3.270266e-17   0.000000e+00   0.000000e+00
     2848000   2.847999e-05   3.039358e+01   1.130443e+01   5.700431e+00   3.344801e+06  -2.586378e+06   3.061334e+05   4.882218e+11   9.264772e+11   2.493320e+12   4.239193e+06   2.998297e-17   0.000000e+00   0.000000e+00
     2856000   2.855999e-05   3.066254e+01   1.110046e+01   5.732808e+00   3.376821e+06  -2.513110e+06   5.021150e+05   3.161683e+11   9.052864e+11   2.404843e+12   4.239194e+06   2.747972e-17   0.000000e+00   0.000000e+00
     2864000   2.863999e-05   3.093353e+01   1.090229e+01   5.780571e+00   3.395928e+06  -2.441604e+06   6.906646e+05   1.654707e+11   8.829106e+11   2.307708e+12   4.239195e+06   2.514145e-17   0.000000e+00   0.000000e+00
     2872000   2.871999e-05   3.120559e+01   1.070976e+01   5.843102e+00   3.403811e+06  -2.371875e+06   8.712392e+05   3.528138e+10   8.609133e+11   2.205988e+12   4.239195e+06   2.299471e-17   0.000000e+00   0.000000e+00
     2880000   2.879999e-05   3.147788e+01   1.052274e+01   5.919747e+00   3.402099e+06  -2.303820e+06   1.043513e+06  -7.513626e+10   8.405269e+11   2.100688e+12   4.239196e+06   2.101133e-17   0.000000e+00   0.000000e+00
     2888000   2.887999e-05   3.174970e+01   1.034111e+01   6.009837e+00   3.392263e+06  -2.237354e+06   1.207304e+06  -1.680471e+11   8.212132e+11   1.994073e+12   4.239196e+06   1.918259e-17   0.000000e+00   0.000000e+00
     2896000   2.895999e-05   3.202046e+01   1.016473e+01   6.112689e+00   3.375665e+06  -2.172341e+06   1.362574e+06  -2.442232e+11   8.046365e+11   1.887899e+12   4.239196e+06   1.751108e-17   0.000000e+00   0.000000e+00
     2904000   2.903999e-05   3.228966e+01   9.993499e+00   6.227624e+00   3.353568e+06  -2.108549e+06   1.509436e+06  -3.064178e+11   7.904445e+11   1.784986e+12   4.239197e+06   1.600902e-17   0.000000e+00   0.000000e+00
     2912000   2.911999e-05   3.255691e+01   9.827329e+00   6.353981e+00   3.326977e+06  -2.045876e+06   1.648153e+06  -3.562977e+11   7.771774e+11   1.683969e+12   4.239197e+06   1.462263e-17   0.000000e+00   0.000000e+00
     2920000   2.919999e-05   3.282189e+01   9.666134e+00   6.491119e+00   3.296840e+06  -1.984137e+06   1.779001e+06  -3.952032e+11   7.665289e+11   1.587324e+12   4.239198e+06   1.337895e-17   0.000000e+00   0.000000e+00
     2928000   2.927999e-05   3.308434e+01   9.509849e+00   6.638416e+00   3.264082e+06  -1.923098e+06   1.902172e+06  -4.219272e+11   7.599720e+11   1.492365e+12   4.239198e+06   1.222850e-17   0.000000e+00   0.000000e+00
     2936000   2.935999e-05   3.334409e+01   9.358426e+00   6.795269e+00   3.229486e+06  -1.862534e+06   2.017967e+06  -4.415018e+11   7.547025e+11   1.403150e+12   4.239198e+06   1.120599e-17   0.000000e+00   0.000000e+00
     2944000   2.943999e-05   3.360102e+01   9.211833e+00   6.961108e+00   3.193548e+06  -1.802341e+06   2.126881e+06  -4.556467e+11   7.504516e+11   1.320114e+12   4.239198e+06   1.030471e-17   0.000000e+00   0.000000e+00
     2952000   2.951999e-05   3.385504e+01   9.070046e+00   7.135396e+00   3.156812e+06  -1.742349e+06   2.229251e+06  -4.617991e+11   7.498493e+11   1.240028e+12   4.239199e+06   9.483571e-18   0.000000e+00   0.000000e+00
     2960000   2.959999e-05   3.410610e+01   8.933059e+00   7.317622e+00   3.119828e+06  -1.682280e+06   2.325385e+06  -4.625817e+11   7.520427e+11   1.164686e+12   4.239199e+06   8.757256e-18   0.000000e+00   0.000000e+00
     2968000   2.967999e-05   3.435421e+01   8.800885e+00   7.507304e+00   3.082845e+06  -1.622042e+06   2.415752e+06  -4.614039e+11   7.541954e+11   1.095226e+12   4.239199e+06   8.122530e-18   0.000000e+00   0.000000e+00
     2976000   2.975999e-05   3.459936e+01   8.673538e+00   7.703999e+00   3.046065e+06  -1.561587e+06   2.500749e+06  -4.577643e+11   7.573254e+11   1.030502e+12   4.239199e+06   7.564149e-18   0.000000e+00   0.000000e+00
     2984000   2.983999e-05   3.484159e+01   8.551041e+00   7.907288e+00   3.009782e+06  -1.500755e+06   2.580651e+06  -4.492363e+11   7.637889e+11   9.681202e+11   4.239199e+06   7.061589e-18   0.000000e+00   0.000000e+00
     2992000   2.991999e-05   3.508095e+01   8.433432e+00   8.116776e+00   2.974195e+06  -1.439392e+06   2.655772e+06  -4.408284e+11   7.698861e+11   9.109567e+11   4.239199e+06   6.628869e-18   0.000000e+00   0.000000e+00
     3000000   2.999999e-05   3.531748e+01   8.320751e+00   8.332096e+00   2.939229e+06  -1.377576e+06   2.726542e+06  -4.331917e+11   7.755267e+11   8.588212e+11   4.239200e+06   6.258962e-18   0.000000e+00   0.000000e+00
     3008000   3.007999e-05   3.555124e+01   8.213033e+00   8.552914e+00   2.904927e+06  -1.315261e+06   2.793259e+06  -4.239552e+11   7.826448e+11   8.094329e+11   4.239200e+06   5.934186e-18   0.000000e+00   0.000000e+00
     3016000   3.015999e-05   3.578229e+01   8.110326e+00   8.778913e+00   2.871445e+06  -1.252325e+06   2.856099e+06  -4.137022e+11   7.904149e+11   7.625064e+11   4.239200e+06   5.646663e-18   0.000000e+00   0.000000e+00
     3024000   3.023999e-05   3.601069e+01   8.012676e+00   9.009796e+00   2.838628e+06  -1.188859e+06   2.915411e+06  -4.068567e+11   7.956787e+11   7.206112e+11   4.239200e+06   5.403120e-18   0.000000e+00   0.000000e+00
     3032000   3.031999e-05   3.623649e+01   7.920118e+00   9.245292e+00   2.806347e+06  -1.125009e+06   2.971463e+06  -3.994474e+11   8.012849e+11   6.806255e+11   4.239200e+06   5.185624e-18   0.000000e+00   0.000000e+00
     3040000   3.039999e-05   3.645972e+01   7.832686e+00   9.485147e+00   2.774644e+06  -1.060709e+06   3.024412e+06  -3.929498e+11   8.065232e+11   6.433628e+11   4.239200e+06   4.996780e-18   0.000000e+00   0.000000e+00
     3048000   3.047999e-05   3.668044e+01   7.750415e+00   9.729122e+00   2.743381e+06  -9.960466e+05   3.074503e+06  -3.890944e+11   8.096034e+11   6.094802e+11   4.239200e+06   4.830794e-18   0.000000e+00   0.000000e+00
     3056000   3.055999e-05   3.689867e+01   7.673323e+00   9.976998e+00   2.712330e+06  -9.312389e+05   3.122000e+06  -3.875088e+11   8.103129e+11   5.783658e+11   4.239200e+06   4.678935e-18   0.000000e+00   0.000000e+00
     3064000   3.063999e-05   3.711442e+01   7.601418e+00   1.022857e+01   2.681484e+06  -8.663598e+05   3.167000e+06  -3.847143e+11   8.109961e+11   5.475942e+11   4.239201e+06   4.532584e-18   0.000000e+00   0.000000e+00
     3072000   3.071999e-05   3.732771e+01   7.534703e+00   1.048366e+01   2.650720e+06  -8.015437e+05   3.209678e+06  -3.845653e+11   8.095132e+11   5.197548e+11   4.239201e+06   4.400437e-18   0.000000e+00   0.000000e+00
     3080000   3.079999e-05   3.753853e+01   7.473166e+00   1.074207e+01   2.619854e+06  -7.369460e+05   3.250246e+06  -3.870593e+11   8.052843e+11   4.945781e+11   4.239201e+06   4.275635e-18   0.000000e+00   0.000000e+00
     3088000   3.087999e-05   3.774688e+01   7.416781e+00   1.100364e+01   2.588765e+06  -6.727485e+05   3.288849e+06  -3.904460e+11   7.992649e+11   4.708296e+11   4.239201e+06   4.152840e-18   0.000000e+00   0.000000e+00
     3096000   3.095999e-05   3.795273e+01   7.365509e+00   1.126823e+01   2.557295e+06  -6.091802e+05   3.325653e+06  -3.964740e+11   7.899636e+11   4.495782e+11   4.239201e+06   4.031494e-18   0.000000e+00   0.000000e+00
     3104000   3.103999e-05   3.815603e+01   7.319288e+00   1.153571e+01   2.525168e+06  -5.465514e+05   3.360898e+06  -4.070203e+11   7.751282e+11   4.318642e+11   4.239201e+06   3.907034e-18   0.000000e+00   0.000000e+00
     3112000   3.111999e-05   3.835673e+01   7.278027e+00   1.180594e+01   2.492224e+06  -4.851732e+05   3.394739e+06  -4.168805e+11   7.587886e+11   4.144980e+11   4.239201e+06   3.777327e-18   0.000000e+00   0.000000e+00
     3120000   3.119999e-05   3.855476e+01   7.241622e+00   1.207883e+01   2.458459e+06  -4.252090e+05   3.427245e+06  -4.268001e+11   7.403091e+11   3.980064e+11   4.239201e+06   3.643132e-18   0.000000e+00   0.000000e+00
     3128000   3.127999e-05   3.875006e+01   7.209951e+00   1.235427e+01   2.423872e+06  -3.668397e+05   3.458483e+06  -4.381887e+11   7.184190e+11   3.833086e+11   4.239201e+06   3.505528e-18   0.000000e+00   0.000000e+00
     3136000   3.135999e-05   3.894256e+01   7.182877e+00   1.263216e+01   2.388304e+06  -3.103650e+05   3.488625e+06  -4.515565e+11   6.922166e+11   3.707198e+11   4.239201e+06   3.363840e-18   0.000000e+00   0.000000e+00
     3144000   3.143999e-05   3.913216e+01   7.160230e+00   1.291242e+01   2.351507e+06  -2.562373e+05   3.517895e+06  -4.685021e+11   6.601466e+11   3.612525e+11   4.239201e+06   3.221543e-18   0.000000e+00   0.000000e+00
     3152000   3.151999e-05   3.931876e+01   7.141806e+00   1.319500e+01   2.313309e+06  -2.048413e+05   3.546473e+06  -4.863775e+11   6.240512e+11   3.533032e+11   4.239202e+06   3.078196e-18   0.000000e+00   0.000000e+00
     3160000   3.159999e-05   3.950225e+01   7.127374e+00   1.347984e+01   2.273686e+06  -1.564876e+05   3.574450e+06  -5.045387e+11   5.838243e+11   3.464955e+11   4.239202e+06   2.933242e-18   0.000000e+00   0.000000e+00
     3168000   3.167999e-05   3.968251e+01   7.116678e+00   1.376690e+01   2.232592e+06  -1.114933e+05   3.601935e+06  -5.225504e+11   5.404244e+11   3.406231e+11   4.239202e+06   2.792509e-18   0.000000e+00   0.000000e+00
     3176000   3.175999e-05   3.985942e+01   7.109436e+00   1.405614e+01   2.189982e+06  -7.021858e+04   3.629033e+06  -5.425177e+11   4.911473e+11   3.368937e+11   4.239202e+06   2.660935e-18   0.000000e+00   0.000000e+00
     3184000   3.183999e-05   4.003286e+01   7.105335e+00   1.434754e+01   2.145780e+06  -3.300582e+04   3.655868e+06  -5.628422e+11   4.381247e+11   3.343126e+11   4.239202e+06   2.543930e-18   0.000000e+00   0.000000e+00
     3192000   3.191999e-05   4.020270e+01   7.104037e+00   1.464108e+01   2.099921e+06  -2.282610e+02   3.682548e+06  -5.837442e+11   3.804066e+11   3.328971e+11   4.239202e+06   2.444623e-18   0.000000e+00   0.000000e+00
     3200000   3.199999e-05   4.036881e+01   7.105170e+00   1.493674e+01   2.052375e+06   2.772989e+04   3.709153e+06  -6.051394e+11   3.175934e+11   3.324673e+11   4.239202e+06   2.367983e-18   0.000000e+00   0.000000e+00
     3208000   3.207999e-05   4.053104e+01   7.108335e+00   1.523454e+01   2.003090e+06   5.049521e+04   3.735761e+06  -6.272909e+11   2.504378e+11   3.329656e+11   4.239202e+06   2.324871e-18   0.000000e+00   0.000000e+00
     3216000   3.215999e-05   4.068925e+01   7.113101e+00   1.553447e+01   1.952035e+06   6.769325e+04   3.762421e+06  -6.494302e+11   1.788159e+11   3.337244e+11   4.239202e+06   2.316779e-18   0.000000e+00   0.000000e+00
     3224000   3.223999e-05   4.084332e+01   7.119008e+00   1.583653e+01   1.899171e+06   7.895935e+04   3.789162e+06  -6.719854e+11   1.023062e+11   3.346764e+11   4.239202e+06   2.353394e-18   0.000000e+00   0.000000e+00
     3232000   3.231999e-05   4.099307e+01   7.125567e+00   1.614074e+01   1.844479e+06   8.394923e+04   3.815978e+06  -6.956291e+11   2.179962e+10   3.357591e+11   4.239202e+06   2.447967e-18   0.000000e+00   0.000000e+00
     3240000   3.239999e-05   4.113838e+01   7.132264e+00   1.644709e+01   1.787913e+06   8.234767e+04   3.842840e+06  -7.191558e+11  -6.256961e+10   3.359357e+11   4.239202e+06   2.599008e-18   0.000000e+00   0.000000e+00
     3248000   3.247999e-05   4.127909e+01   7.138560e+00   1.675559e+01   1.729429e+06   7.387056e+04   3.869684e+06  -7.431920e+11  -1.501984e+11   3.350144e+11   4.239202e+06   2.817004e-18   0.000000e+00   0.000000e+00
     3256000   3.255999e-05   4.141504e+01   7.143893e+00   1.706623e+01   1.668987e+06   5.827358e+04   3.896399e+06  -7.679813e+11  -2.403633e+11   3.325546e+11   4.239202e+06   3.108215e-18   0.000000e+00   0.000000e+00
     3264000   3.263999e-05   4.154607e+01   7.147688e+00   1.737901e+01   1.606559e+06   3.537436e+04   3.922825e+06  -7.930831e+11  -3.324840e+11   3.278007e+11   4.239202e+06   3.472332e-18   0.000000e+00   0.000000e+00
     3272000   3.271999e-05   4.167203e+01   7.149355e+00   1.769387e+01   1.542076e+06   5.047213e+03   3.948774e+06  -8.192091e+11  -4.255580e+11   3.204640e+11   4.239202e+06   3.914768e-18   0.000000e+00   0.000000e+00
     3280000   3.279999e-05   4.179275e+01   7.148296e+00   1.801079e+01   1.475473e+06  -3.277147e+04   3.974009e+06  -8.459449e+11  -5.192607e+11   3.098037e+11   4.239203e+06   4.432688e-18   0.000000e+00   0.000000e+00
     3288000   3.287999e-05   4.190805e+01   7.143912e+00   1.832969e+01   1.406696e+06  -7.804045e+04   3.998244e+06  -8.737289e+11  -6.116836e+11   2.954664e+11   4.239203e+06   5.021506e-18   0.000000e+00   0.000000e+00
     3296000   3.295999e-05   4.201776e+01   7.135615e+00   1.865048e+01   1.335667e+06  -1.305803e+05   4.021167e+06  -9.022631e+11  -7.015195e+11   2.769176e+11   4.239203e+06   5.669389e-18   0.000000e+00   0.000000e+00
     3304000   3.303999e-05   4.212169e+01   7.122832e+00   1.897303e+01   1.262289e+06  -1.901181e+05   4.042440e+06  -9.324638e+11  -7.864288e+11   2.541880e+11   4.239203e+06   6.365022e-18   0.000000e+00   0.000000e+00
     3312000   3.311999e-05   4.221966e+01   7.105020e+00   1.929721e+01   1.186469e+06  -2.562376e+05   4.061709e+06  -9.631061e+11  -8.656244e+11   2.267290e+11   4.239203e+06   7.085402e-18   0.000000e+00   0.000000e+00
     3320000   3.319999e-05   4.231146e+01   7.081673e+00   1.962284e+01   1.108176e+06  -3.283988e+05   4.078596e+06  -9.947782e+11  -9.371610e+11   1.948333e+11   4.239203e+06   7.813224e-18   0.000000e+00   0.000000e+00
     3328000   3.327999e-05   4.239716e+01   7.052578e+00   1.994967e+01   1.048290e+06  -3.857786e+05   4.089390e+06   1.240258e+11   1.131389e+11  -2.112007e+10   4.239203e+06   1.167611e-19   0.000000e+00   0.000000e+00
     3336000   3.335999e-05   4.248251e+01   7.023177e+00   2.027657e+01   1.087966e+06  -3.464557e+05   4.082541e+06   5.370807e+11   5.473277e+11  -9.667873e+10   4.239203e+06   2.449010e-18   0.000000e+00   0.000000e+00
     3344000   3.343999e-05   4.257129e+01   6.997275e+00   2.060285e+01   1.131700e+06  -3.004025e+05   4.074293e+06   5.545375e+11   6.024437e+11  -1.096111e+11   4.239204e+06   2.797876e-18   0.000000e+00   0.000000e+00
     3352000   3.351999e-05   4.266361e+01   6.975224e+00   2.092843e+01   1.176272e+06  -2.502469e+05   4.065047e+06   5.579591e+11   6.502703e+11  -1.214195e+11   4.239204e+06   3.070306e-18   0.000000e+00   0.000000e+00
     3360000   3.359999e-05   4.275949e+01   6.957333e+00   2.125323e+01   1.220722e+06  -1.964498e+05   4.054885e+06   5.511913e+11   6.928695e+11  -1.323661e+11   4.239204e+06   3.285503e-18   0.000000e+00   0.000000e+00
     3368000   3.367999e-05   4.285889e+01   6.943877e+00   2.157719e+01   1.264083e+06  -1.394805e+05   4.043944e+06   5.310459e+11   7.282647e+11  -1.408771e+11   4.239204e+06   3.411887e-18   0.000000e+00   0.000000e+00
     3376000   3.375999e-05   4.296169e+01   6.935081e+00   2.190025e+01   1.305395e+06  -8.005376e+04   4.032417e+06   4.999765e+11   7.551353e+11  -1.468615e+11   4.239204e+06   3.451052e-18   0.000000e+00   0.000000e+00
     3384000   3.383999e-05   4.306768e+01   6.931113e+00   2.222237e+01   1.343746e+06  -1.889205e+04   4.020552e+06   4.584710e+11   7.746608e+11  -1.495878e+11   4.239204e+06   3.413725e-18   0.000000e+00   0.000000e+00
     3392000   3.391999e-05   4.317659e+01   6.932096e+00   2.254354e+01   1.378318e+06   4.360547e+04   4.008639e+06   4.048281e+11   7.869918e+11  -1.477537e+11   4.239204e+06   3.300597e-18   0.000000e+00   0.000000e+00
     3400000   3.399999e-05   4.328808e+01   6.938102e+00   2.286376e+01   1.408268e+06   1.065035e+05   3.997035e+06   3.430164e+11   7.858285e+11  -1.417913e+11   4.239204e+06   3.096509e-18   0.000000e+00   0.000000e+00
     3408000   3.407999e-05   4.340177e+01   6.949125e+00   2.318308e+01   1.432980e+06   1.689072e+05   3.986087e+06   2.740350e+11   7.717199e+11  -1.312136e+11   4.239204e+06   2.820089e-18   0.000000e+00   0.000000e+00
     3416000   3.415999e-05   4.351721e+01   6.965089e+00   2.350156e+01   1.451984e+06   2.298779e+05   3.976148e+06   2.000709e+11   7.515342e+11  -1.165084e+11   4.239204e+06   2.535336e-18   0.000000e+00   0.000000e+00
     3424000   3.423999e-05   4.363392e+01   6.985846e+00   2.381930e+01   1.464843e+06   2.886058e+05   3.967593e+06   1.202076e+11   7.145653e+11  -9.635757e+10   4.239204e+06   2.190690e-18   0.000000e+00   0.000000e+00
     3432000   3.431999e-05   4.375141e+01   7.011182e+00   2.413642e+01   1.471167e+06   3.441697e+05   3.960817e+06   3.858187e+10   6.718402e+11  -7.270793e+10   4.239204e+06   1.878289e-18   0.000000e+00   0.000000e+00
     3440000   3.439999e-05   4.386914e+01   7.040813e+00   2.445308e+01   1.470884e+06   3.958888e+05   3.956087e+06  -4.580699e+10   6.196565e+11  -4.497737e+10   4.239204e+06   1.591118e-18   0.000000e+00   0.000000e+00
     3448000   3.447999e-05   4.398657e+01   7.074398e+00   2.476946e+01   1.463855e+06   4.428240e+05   3.953718e+06  -1.288944e+11   5.498928e+11  -1.386540e+10   4.239204e+06   1.308621e-18   0.000000e+00   0.000000e+00
     3456000   3.455999e-05   4.410317e+01   7.111504e+00   2.508575e+01   1.450127e+06   4.838817e+05   3.953965e+06  -2.130562e+11   4.736829e+11   2.017082e+10   4.239204e+06   1.107673e-18   0.000000e+00   0.000000e+00
     3464000   3.463999e-05   4.421841e+01   7.151648e+00   2.540217e+01   1.429705e+06   5.185427e+05   3.957008e+06  -2.957489e+11   3.874550e+11   5.608380e+10   4.239204e+06   9.869549e-19   0.000000e+00   0.000000e+00
     3472000   3.471999e-05   4.433176e+01   7.194266e+00   2.571895e+01   1.402851e+06   5.456455e+05   3.962970e+06  -3.764969e+11   2.894715e+11   9.342046e+10   4.239204e+06   9.604508e-19   0.000000e+00   0.000000e+00
     3480000   3.479999e-05   4.444270e+01   7.238723e+00   2.603632e+01   1.369725e+06   5.642789e+05   3.971939e+06  -4.518173e+11   1.771239e+11   1.306467e+11   4.239204e+06   1.035488e-18   0.000000e+00   0.000000e+00
     3488000   3.487999e-05   4.455075e+01   7.284313e+00   2.635454e+01   1.330563e+06   5.738713e+05   3.983859e+06  -5.253993e+11   5.770357e+10   1.671659e+11   4.239204e+06   1.259887e-18   0.000000e+00   0.000000e+00
     3496000   3.495999e-05   4.465543e+01   7.330274e+00   2.667382e+01   1.285570e+06   5.734339e+05   3.998667e+06  -5.965326e+11  -7.199485e+10   2.021105e+11   4.239204e+06   1.647554e-18   0.000000e+00   0.000000e+00
     3504000   3.503999e-05   4.475629e+01   7.375776e+00   2.699439e+01   1.235057e+06   5.622461e+05   4.016138e+06  -6.633267e+11  -2.124736e+11   2.337356e+11   4.239205e+06   2.212869e-18   0.000000e+00   0.000000e+00
     3512000   3.511999e-05   4.485290e+01   7.419928e+00   2.731646e+01   1.179232e+06   5.395869e+05   4.035977e+06  -7.291748e+11  -3.582599e+11   2.609494e+11   4.239205e+06   2.985072e-18   0.000000e+00   0.000000e+00
     3520000   3.519999e-05   4.494484e+01   7.461786e+00   2.764020e+01   1.118513e+06   5.048197e+05   4.057702e+06  -7.870672e+11  -5.129311e+11   2.807727e+11   4.239205e+06   3.941374e-18   0.000000e+00   0.000000e+00
     3528000   3.527999e-05   4.503174e+01   7.500366e+00   2.796573e+01   1.053227e+06   4.575670e+05   4.080711e+06  -8.444877e+11  -6.703012e+11   2.931248e+11   4.239205e+06   5.117882e-18   0.000000e+00   0.000000e+00
     3536000   3.535999e-05   4.511324e+01   7.534655e+00   2.829313e+01   9.835605e+05   3.975124e+05   4.104321e+06  -8.969776e+11  -8.298697e+11   2.953305e+11   4.239205e+06   6.479327e-18   0.000000e+00   0.000000e+00
     3544000   3.543999e-05   4.518900e+01   7.563629e+00   2.862241e+01   9.098909e+05   3.247745e+05   4.127648e+06  -9.459254e+11  -9.864409e+11   2.861385e+11   4.239205e+06   7.993115e-18   0.000000e+00   0.000000e+00
     3552000   3.551999e-05   4.525872e+01   7.586291e+00   2.895352e+01   8.324671e+05   2.397834e+05   4.149743e+06  -9.883922e+11  -1.135755e+12   2.639110e+11   4.239205e+06   9.578862e-18   0.000000e+00   0.000000e+00
     3560000   3.559999e-05   4.532211e+01   7.601700e+00   2.928631e+01   7.517459e+05   1.437218e+05   4.169543e+06  -1.027833e+12  -1.264023e+12   2.288893e+11   4.239206e+06   1.109608e-17   0.000000e+00   0.000000e+00
     3568000   3.567999e-05   4.537893e+01   7.609034e+00   2.962056e+01   6.682462e+05   3.824197e+04   4.186030e+06  -1.058939e+12  -1.368657e+12   1.815568e+11   4.239206e+06   1.241194e-17   0.000000e+00   0.000000e+00
     3576000   3.575999e-05   4.542942e+01   7.608217e+00   2.995591e+01   6.193045e+05  -2.664816e+04   4.193640e+06   9.019676e+11   1.140681e+12  -1.259465e+11   4.239206e+06   8.724253e-18   0.000000e+00   0.000000e+00
     3584000   3.583999e-05   4.548344e+01   7.611839e+00   3.029067e+01   7.337091e+05   1.213360e+05   4.173466e+06   1.459654e+12   1.917434e+12  -3.123438e+11   4.239207e+06   2.420763e-17   0.000000e+00   0.000000e+00
     3592000   3.591999e-05   4.554677e+01   7.627710e+00   3.062343e+01   8.489629e+05   2.758035e+05   4.144161e+06   1.416796e+12   1.943010e+12  -4.195388e+11   4.239207e+06   2.442872e-17   0.000000e+00   0.000000e+00
     3600000   3.599999e-05   4.561915e+01   7.656010e+00   3.095351e+01   9.594544e+05   4.318584e+05   4.106559e+06   1.339146e+12   1.955438e+12  -5.185030e+11   4.239208e+06   2.413067e-17   0.000000e+00   0.000000e+00
     3608000   3.607999e-05   4.570008e+01   7.696823e+00   3.128028e+01   1.062493e+06   5.884738e+05   4.061489e+06   1.233775e+12   1.957098e+12  -6.063097e+11   4.239208e+06   2.345076e-17   0.000000e+00   0.000000e+00
     3616000   3.615999e-05   4.578890e+01   7.750152e+00   3.160318e+01   1.156069e+06   7.445502e+05   4.009992e+06   1.102025e+12   1.942649e+12  -6.783960e+11   4.239209e+06   2.233783e-17   0.000000e+00   0.000000e+00
     3624000   3.623999e-05   4.588475e+01   7.815905e+00   3.192174e+01   1.238256e+06   8.989163e+05   3.953425e+06   9.509011e+11   1.913342e+12  -7.328689e+11   4.239209e+06   2.091780e-17   0.000000e+00   0.000000e+00
     3632000   3.631999e-05   4.598668e+01   7.893909e+00   3.223562e+01   1.307757e+06   1.050735e+06   3.893151e+06   7.844046e+11   1.878357e+12  -7.704349e+11   4.239210e+06   1.942100e-17   0.000000e+00   0.000000e+00
     3640000   3.639999e-05   4.609363e+01   7.983925e+00   3.254459e+01   1.363583e+06   1.199000e+06   3.830658e+06   6.118596e+11   1.829029e+12  -7.902775e+11   4.239210e+06   1.781050e-17   0.000000e+00   0.000000e+00
     3648000   3.647999e-05   4.620448e+01   8.085632e+00   3.284850e+01   1.405532e+06   1.342874e+06   3.767237e+06   4.334904e+11   1.769381e+12  -7.924377e+11   4.239210e+06   1.618014e-17   0.000000e+00   0.000000e+00
     3656000   3.655999e-05   4.631813e+01   8.198646e+00   3.314736e+01   1.433453e+06   1.481491e+06   3.704228e+06   2.632033e+11   1.696694e+12  -7.804303e+11   4.239211e+06   1.458346e-17   0.000000e+00   0.000000e+00
     3664000   3.663999e-05   4.643347e+01   8.322526e+00   3.344122e+01   1.447668e+06   1.614522e+06   3.642594e+06   9.699503e+10   1.624919e+12  -7.587590e+11   4.239211e+06   1.322381e-17   0.000000e+00   0.000000e+00
     3672000   3.671999e-05   4.654942e+01   8.456813e+00   3.373023e+01   1.449056e+06   1.741627e+06   3.583000e+06  -6.004730e+10   1.549033e+12  -7.286621e+11   4.239211e+06   1.202902e-17   0.000000e+00   0.000000e+00
     3680000   3.679999e-05   4.666499e+01   8.601013e+00   3.401457e+01   1.438288e+06   1.862289e+06   3.526205e+06  -2.058564e+11   1.466984e+12  -6.907828e+11   4.239212e+06   1.095299e-17   0.000000e+00   0.000000e+00
     3688000   3.687999e-05   4.677925e+01   8.754604e+00   3.429450e+01   1.416392e+06   1.976420e+06   3.472538e+06  -3.386809e+11   1.385777e+12  -6.505758e+11   4.239212e+06   1.007863e-17   0.000000e+00   0.000000e+00
     3696000   3.695999e-05   4.689133e+01   8.917074e+00   3.457027e+01   1.384116e+06   2.084225e+06   3.422156e+06  -4.620806e+11   1.306077e+12  -6.085528e+11   4.239212e+06   9.387241e-18   0.000000e+00   0.000000e+00
     3704000   3.703999e-05   4.700046e+01   9.087907e+00   3.484214e+01   1.342513e+06   2.185545e+06   3.375200e+06  -5.741307e+11   1.226684e+12  -5.659436e+11   4.239212e+06   8.833664e-18   0.000000e+00   0.000000e+00
     3712000   3.711999e-05   4.710591e+01   9.266593e+00   3.511039e+01   1.292464e+06   2.280560e+06   3.331592e+06  -6.755541e+11   1.149704e+12  -5.249203e+11   4.239213e+06   8.419848e-18   0.000000e+00   0.000000e+00
     3720000   3.719999e-05   4.720705e+01   9.452631e+00   3.537528e+01   1.234854e+06   2.369330e+06   3.291251e+06  -7.596727e+11   1.068373e+12  -4.840785e+11   4.239213e+06   8.006256e-18   0.000000e+00   0.000000e+00
     3728000   3.727999e-05   4.730331e+01   9.645523e+00   3.563707e+01   1.170595e+06   2.452040e+06   3.253942e+06  -8.414935e+11   9.986040e+11  -4.497775e+11   4.239213e+06   7.820831e-18   0.000000e+00   0.000000e+00
     3736000   3.735999e-05   4.739420e+01   9.844804e+00   3.589598e+01   1.100514e+06   2.529039e+06   3.219280e+06  -9.134868e+11   9.274947e+11  -4.163497e+11   4.239213e+06   7.658536e-18   0.000000e+00   0.000000e+00
     3744000   3.743999e-05   4.747926e+01   1.005001e+01   3.615222e+01   1.025259e+06   2.600256e+06   3.187231e+06  -9.768607e+11   8.572045e+11  -3.850986e+11   4.239213e+06   7.532681e-18   0.000000e+00   0.000000e+00
     3752000   3.751999e-05   4.755810e+01   1.026070e+01   3.640600e+01   9.450924e+05   2.666090e+06   3.157483e+06  -1.026764e+12   7.898067e+11  -3.595557e+11   4.239213e+06   7.409543e-18   0.000000e+00   0.000000e+00
     3760000   3.759999e-05   4.763037e+01   1.047645e+01   3.665747e+01   8.608747e+05   2.726660e+06   3.129721e+06  -1.080505e+12   7.252719e+11  -3.346538e+11   4.239214e+06   7.402083e-18   0.000000e+00   0.000000e+00
     3768000   3.767999e-05   4.769574e+01   1.069683e+01   3.690680e+01   7.728870e+05   2.782151e+06   3.103742e+06  -1.121335e+12   6.625246e+11  -3.146396e+11   4.239214e+06   7.360393e-18   0.000000e+00   0.000000e+00
     3776000   3.775999e-05   4.775395e+01   1.092146e+01   3.715411e+01   6.819219e+05   2.832662e+06   3.079277e+06  -1.157224e+12   6.018532e+11  -2.973725e+11   4.239214e+06   7.337833e-18   0.000000e+00   0.000000e+00
     3784000   3.783999e-05   4.780476e+01   1.114993e+01   3.739952e+01   5.877968e+05   2.878491e+06   3.056096e+06  -1.194694e+12   5.427023e+11  -2.813748e+11   4.239214e+06   7.383608e-18   0.000000e+00   0.000000e+00
     3792000   3.791999e-05   4.784794e+01   1.138189e+01   3.764312e+01   4.911704e+05   2.919634e+06   3.034045e+06  -1.218888e+12   4.845601e+11  -2.689605e+11   4.239214e+06   7.350147e-18   0.000000e+00   0.000000e+00
     3800000   3.799999e-05   4.788329e+01   1.161695e+01   3.788499e+01   3.923510e+05   2.956220e+06   3.012933e+06  -1.252290e+12   4.299715e+11  -2.587960e+11   4.239215e+06   7.461849e-18   0.000000e+00   0.000000e+00
     3808000   3.807999e-05   4.791066e+01   1.185477e+01   3.812521e+01   2.913998e+05   2.988377e+06   2.992596e+06  -1.273498e+12   3.745820e+11  -2.500426e+11   4.239215e+06   7.480540e-18   0.000000e+00   0.000000e+00
     3816000   3.815999e-05   4.792987e+01   1.209498e+01   3.836382e+01   1.887580e+05   3.016178e+06   2.972875e+06  -1.293473e+12   3.207978e+11  -2.433374e+11   4.239215e+06   7.523825e-18   0.000000e+00   0.000000e+00
     3824000   3.823999e-05   4.794082e+01   1.233724e+01   3.860088e+01   8.469324e+04   3.039750e+06   2.953590e+06  -1.309166e+12   2.688610e+11  -2.391579e+11   4.239215e+06   7.557498e-18   0.000000e+00   0.000000e+00
     3832000   3.831999e-05   4.794340e+01   1.258123e+01   3.883640e+01  -2.044552e+04   3.059290e+06   2.934497e+06  -1.322765e+12   2.200823e+11  -2.386514e+11   4.239215e+06   7.605424e-18   0.000000e+00   0.000000e+00
     3840000   3.839999e-05   4.793753e+01   1.282662e+01   3.907040e+01  -1.264177e+05   3.074929e+06   2.915437e+06  -1.326613e+12   1.709534e+11  -2.378231e+11   4.239215e+06   7.566856e-18   0.000000e+00   0.000000e+00
     3848000   3.847999e-05   4.792316e+01   1.307311e+01   3.930288e+01  -2.330301e+05   3.086633e+06   2.896436e+06  -1.337335e+12   1.222465e+11  -2.378616e+11   4.239216e+06   7.625461e-18   0.000000e+00   0.000000e+00
     3856000   3.855999e-05   4.790022e+01   1.332038e+01   3.953383e+01  -3.402777e+05   3.094453e+06   2.877416e+06  -1.340133e+12   7.464249e+10  -2.387478e+11   4.239216e+06   7.619515e-18   0.000000e+00   0.000000e+00
     3864000   3.863999e-05   4.786870e+01   1.356813e+01   3.976325e+01  -4.475973e+05   3.098632e+06   2.858162e+06  -1.335186e+12   3.026362e+10  -2.418979e+11   4.239216e+06   7.552384e-18   0.000000e+00   0.000000e+00
     3872000   3.871999e-05   4.782862e+01   1.381607e+01   3.999113e+01  -5.545115e+05   3.099387e+06   2.838533e+06  -1.339129e+12  -1.106989e+10  -2.495070e+11   4.239216e+06   7.607677e-18   0.000000e+00   0.000000e+00
     3880000   3.879999e-05   4.777998e+01   1.406394e+01   4.021740e+01  -6.613224e+05   3.096875e+06   2.818328e+06  -1.333325e+12  -5.225707e+10  -2.554371e+11   4.239216e+06   7.567059e-18   0.000000e+00   0.000000e+00
     3888000   3.887999e-05   4.772284e+01   1.431149e+01   4.044204e+01  -7.672005e+05   3.091251e+06   2.797593e+06  -1.317071e+12  -8.919949e+10  -2.626190e+11   4.239216e+06   7.427136e-18   0.000000e+00   0.000000e+00
     3896000   3.895999e-05   4.765726e+01   1.455846e+01   4.066500e+01  -8.722215e+05   3.082597e+06   2.776290e+06  -1.310713e+12  -1.268217e+11  -2.709638e+11   4.239217e+06   7.410204e-18   0.000000e+00   0.000000e+00
     3904000   3.903999e-05   4.758330e+01   1.480463e+01   4.088623e+01  -9.763127e+05   3.071232e+06   2.754144e+06  -1.290553e+12  -1.566953e+11  -2.827442e+11   4.239217e+06   7.256675e-18   0.000000e+00   0.000000e+00
     3912000   3.911999e-05   4.750109e+01   1.504980e+01   4.110564e+01  -1.078623e+06   3.057563e+06   2.731088e+06  -1.269573e+12  -1.842767e+11  -2.950969e+11   4.239217e+06   7.104285e-18   0.000000e+00   0.000000e+00
     3920000   3.919999e-05   4.741075e+01   1.529378e+01   4.132317e+01  -1.179612e+06   3.041700e+06   2.706943e+06  -1.256406e+12  -2.131864e+11  -3.079508e+11   4.239217e+06   7.046806e-18   0.000000e+00   0.000000e+00
     3928000   3.927999e-05   4.731240e+01   1.553642e+01   4.153873e+01  -1.278950e+06   3.023803e+06   2.681765e+06  -1.226468e+12  -2.334982e+11  -3.216245e+11   4.239217e+06   6.814584e-18   0.000000e+00   0.000000e+00
     3936000   3.935999e-05   4.720620e+01   1.577756e+01   4.175222e+01  -1.375644e+06   3.004531e+06   2.655440e+06  -1.196492e+12  -2.503088e+11  -3.366188e+11   4.239217e+06   6.590611e-18   0.000000e+00   0.000000e+00
     3944000   3.943999e-05   4.709235e+01   1.601710e+01   4.196357e+01  -1.470248e+06   2.983783e+06   2.627998e+06  -1.173407e+12  -2.699529e+11  -3.499633e+11   4.239218e+06   6.445758e-18   0.000000e+00   0.000000e+00
     3952000   3.951999e-05   4.697101e+01   1.625493e+01   4.217267e+01  -1.562749e+06   2.961807e+06   2.599324e+06  -1.133921e+12  -2.754242e+11  -3.678902e+11   4.239218e+06   6.137310e-18   0.000000e+00   0.000000e+00
     3960000   3.959999e-05   4.684238e+01   1.649097e+01   4.237942e+01  -1.652634e+06   2.939184e+06   2.569234e+06  -1.111795e+12  -2.885330e+11  -3.850654e+11   4.239218e+06   6.016872e-18   0.000000e+00   0.000000e+00
     3968000   3.967999e-05   4.670664e+01   1.672518e+01   4.258371e+01  -1.740284e+06   2.915977e+06   2.537608e+06  -1.076581e+12  -2.894355e+11  -4.057189e+11   4.239218e+06   5.770070e-18   0.000000e+00   0.000000e+00
     3976000   3.975999e-05   4.656401e+01   1.695753e+01   4.278539e+01  -1.824987e+06   2.892877e+06   2.504327e+06  -1.039457e+12  -2.865606e+11  -4.264608e+11   4.239218e+06   5.511974e-18   0.000000e+00   0.000000e+00
     3984000   3.983999e-05   4.641472e+01   1.718805e+01   4.298435e+01  -1.906762e+06   2.870187e+06   2.469262e+06  -1.001685e+12  -2.786600e+11  -4.495895e+11   4.239218e+06   5.260658e-18   0.000000e+00   0.000000e+00
     3992000   3.991999e-05   4.625901e+01   1.741678e+01   4.318043e+01  -1.985506e+06   2.848276e+06   2.432296e+06  -9.679068e+11  -2.692862e+11  -4.747660e+11   4.239218e+06   5.062232e-18   0.000000e+00   0.000000e+00
     4000000   3.999999e-05   4.609711e+01   1.764379e+01   4.337346e+01  -2.061578e+06   2.827204e+06   2.393279e+06  -9.343128e+11  -2.563354e+11  -5.020035e+11   4.239218e+06   4.881424e-18   0.000000e+00   0.000000e+00
     4008000   4.007999e-05   4.592924e+01   1.786917e+01   4.356329e+01  -2.134712e+06   2.807471e+06   2.352039e+06  -9.010084e+11  -2.415338e+11  -5.294482e+11   4.239219e+06   4.716643e-18   0.000000e+00   0.000000e+00
     4016000   4.015999e-05   4.575561e+01   1.809302e+01   4.374973e+01  -2.205457e+06   2.788850e+06   2.308517e+06  -8.661427e+11  -2.220595e+11  -5.592068e+11   4.239219e+06   4.559880e-18   0.000000e+00   0.000000e+00
     4024000   4.023999e-05   4.557644e+01   1.831544e+01   4.393259e+01  -2.273431e+06   2.771869e+06   2.262571e+06  -8.375448e+11  -2.057976e+11  -5.894381e+11   4.239219e+06   4.473968e-18   0.000000e+00   0.000000e+00
     4032000   4.031999e-05   4.539193e+01   1.853655e+01   4.411167e+01  -2.339037e+06   2.756371e+06   2.214114e+06  -8.007182e+11  -1.796554e+11  -6.222361e+11   4.239219e+06   4.348220e-18   0.000000e+00   0.000000e+00
     4040000   4.039999e-05   4.520227e+01   1.875651e+01   4.428677e+01  -2.401894e+06   2.742957e+06   2.162885e+06  -7.666805e+11  -1.525053e+11  -6.579913e+11   4.239219e+06   4.280188e-18   0.000000e+00   0.000000e+00
     4048000   4.047999e-05   4.500771e+01   1.897550e+01   4.445766e+01  -2.461966e+06   2.731873e+06   2.108689e+06  -7.410190e+11  -1.304900e+11  -6.961059e+11   4.239219e+06   4.307610e-18   0.000000e+00   0.000000e+00
     4056000   4.055999e-05   4.480841e+01   1.919366e+01   4.462408e+01  -2.520170e+06   2.722457e+06   2.051329e+06  -7.180596e+11  -1.091757e+11  -7.372756e+11   4.239219e+06   4.391256e-18   0.000000e+00   0.000000e+00
     4064000   4.063999e-05   4.460454e+01   1.941115e+01   4.478578e+01  -2.576184e+06   2.715095e+06   1.990606e+06  -6.829892e+11  -7.506291e+10  -7.815169e+11   4.239219e+06   4.439509e-18   0.000000e+00   0.000000e+00
     4072000   4.071999e-05   4.439630e+01   1.962815e+01   4.494248e+01  -2.629577e+06   2.710371e+06   1.926187e+06  -6.575881e+11  -4.837108e+10  -8.296512e+11   4.239219e+06   4.604335e-18   0.000000e+00   0.000000e+00
     4080000   4.079999e-05   4.418385e+01   1.984485e+01   4.509386e+01  -2.681334e+06   2.707384e+06   1.857822e+06  -6.354006e+11  -2.505374e+10  -8.805361e+11   4.239219e+06   4.836476e-18   0.000000e+00   0.000000e+00
     4088000   4.087999e-05   4.396734e+01   2.006139e+01   4.523962e+01  -2.731208e+06   2.706354e+06   1.785255e+06  -6.151127e+11  -4.022915e+09  -9.349370e+11   4.239220e+06   5.134835e-18   0.000000e+00   0.000000e+00
     4096000   4.095999e-05   4.374690e+01   2.027791e+01   4.537938e+01  -2.779512e+06   2.706948e+06   1.708136e+06  -5.955786e+11   1.536911e+10  -9.934855e+11   4.239220e+06   5.501671e-18   0.000000e+00   0.000000e+00
     4104000   4.103999e-05   4.352265e+01   2.049453e+01   4.551279e+01  -2.826367e+06   2.708874e+06   1.626235e+06  -5.765861e+11   3.215956e+10  -1.055657e+12   4.239220e+06   5.935965e-18   0.000000e+00   0.000000e+00
     4112000   4.111999e-05   4.329471e+01   2.071136e+01   4.563944e+01  -2.871946e+06   2.711806e+06   1.539163e+06  -5.680671e+11   3.497746e+10  -1.121580e+12   4.239220e+06   6.485194e-18   0.000000e+00   0.000000e+00
     4120000   4.119999e-05   4.306316e+01   2.092842e+01   4.575891e+01  -2.916701e+06   2.714963e+06   1.446657e+06  -5.482984e+11   4.610932e+10  -1.191983e+12   4.239220e+06   7.066194e-18   0.000000e+00   0.000000e+00
     4128000   4.127999e-05   4.282807e+01   2.114576e+01   4.587075e+01  -2.960322e+06   2.718350e+06   1.348353e+06  -5.397967e+11   4.010431e+10  -1.265968e+12   4.239220e+06   7.771676e-18   0.000000e+00   0.000000e+00
     4136000   4.135999e-05   4.258953e+01   2.136335e+01   4.597449e+01  -3.003060e+06   2.721235e+06   1.243987e+06  -5.230842e+11   3.739307e+10  -1.344538e+12   4.239221e+06   8.538862e-18   0.000000e+00   0.000000e+00
     4144000   4.143999e-05   4.234760e+01   2.158113e+01   4.606962e+01  -3.045127e+06   2.722846e+06   1.133271e+06  -5.246824e+11   6.003604e+09  -1.424238e+12   4.239221e+06   9.444835e-18   0.000000e+00   0.000000e+00
     4152000   4.151999e-05   4.210232e+01   2.179894e+01   4.615563e+01  -3.087005e+06   2.721994e+06   1.015945e+06  -5.176541e+11  -2.403958e+10  -1.508487e+12   4.239221e+06   1.042998e-17   0.000000e+00   0.000000e+00
     4160000   4.159999e-05   4.185371e+01   2.201658e+01   4.623199e+01  -3.127946e+06   2.718736e+06   8.918677e+05  -5.038248e+11  -5.666003e+10  -1.594255e+12   4.239221e+06   1.147384e-17   0.000000e+00   0.000000e+00
     4168000   4.167999e-05   4.160186e+01   2.223384e+01   4.629815e+01  -3.168260e+06   2.711877e+06   7.608213e+05  -5.062556e+11  -1.193886e+11  -1.682591e+12   4.239221e+06   1.271591e-17   0.000000e+00   0.000000e+00
     4176000   4.175999e-05   4.134681e+01   2.245037e+01   4.635353e+01  -3.207956e+06   2.700435e+06   6.226337e+05  -4.944436e+11  -1.789038e+11  -1.771509e+12   4.239222e+06   1.399938e-17   0.000000e+00   0.000000e+00
     4184000   4.183999e-05   4.108859e+01   2.266574e+01   4.639758e+01  -3.247459e+06   2.682741e+06   4.774057e+05  -4.921784e+11  -2.650662e+11  -1.858351e+12   4.239222e+06   1.543938e-17   0.000000e+00   0.000000e+00
     4192000   4.191999e-05   4.082724e+01   2.287943e+01   4.642973e+01  -3.286098e+06   2.658339e+06   3.252654e+05  -4.796646e+11  -3.550451e+11  -1.944115e+12   4.239223e+06   1.695526e-17   0.000000e+00   0.000000e+00
     4200000   4.199999e-05   4.056283e+01   2.309085e+01   4.644944e+01  -3.324057e+06   2.625635e+06   1.664197e+05  -4.722469e+11  -4.694295e+11  -2.026080e+12   4.239223e+06   1.864707e-17   0.000000e+00   0.000000e+00
     4208000   4.207999e-05   4.029542e+01   2.329928e+01   4.645619e+01  -3.361173e+06   2.583318e+06   1.181857e+03  -4.602097e+11  -5.977996e+11  -2.105035e+12   4.239223e+06   2.049995e-17   0.000000e+00   0.000000e+00
     4216000   4.215999e-05   4.002507e+01   2.350389e+01   4.644947e+01  -3.397216e+06   2.530030e+06  -1.699607e+05  -4.424723e+11  -7.400934e+11  -2.173086e+12   4.239224e+06   2.240834e-17   0.000000e+00   0.000000e+00
     4224000   4.223999e-05   3.975190e+01   2.370376e+01   4.642886e+01  -3.431780e+06   2.464547e+06  -3.462903e+05  -4.213174e+11  -9.003377e+11  -2.232564e+12   4.239224e+06   2.448541e-17   0.000000e+00   0.000000e+00
     4232000   4.231999e-05   3.947603e+01   2.389785e+01   4.639396e+01  -3.464649e+06   2.385306e+06  -5.268330e+05  -3.947328e+11  -1.076667e+12  -2.278966e+12   4.239225e+06   2.668393e-17   0.000000e+00   0.000000e+00
     4240000   4.239999e-05   3.919762e+01   2.408501e+01   4.634448e+01  -3.495195e+06   2.291244e+06  -7.105275e+05  -3.628730e+11  -1.269590e+12  -2.309130e+12   4.239226e+06   2.900810e-17   0.000000e+00   0.000000e+00
     4248000   4.247999e-05   3.891687e+01   2.426402e+01   4.628023e+01  -3.523121e+06   2.180858e+06  -8.958312e+05  -3.307827e+11  -1.487071e+12  -2.319388e+12   4.239226e+06   3.156948e-17   0.000000e+00   0.000000e+00
     4256000   4.255999e-05   3.863402e+01   2.443351e+01   4.620115e+01  -3.547480e+06   2.053764e+06  -1.080966e+06  -2.809695e+11  -1.698827e+12  -2.305661e+12   4.239227e+06   3.394997e-17   0.000000e+00   0.000000e+00
     4264000   4.263999e-05   3.834938e+01   2.459214e+01   4.610733e+01  -3.567766e+06   1.908956e+06  -1.264114e+06  -2.313157e+11  -1.933473e+12  -2.266983e+12   4.239228e+06   3.661479e-17   0.000000e+00   0.000000e+00
     4272000   4.271999e-05   3.806329e+01   2.473844e+01   4.599901e+01  -3.583739e+06   1.745293e+06  -1.442854e+06  -1.671120e+11  -2.158250e+12  -2.195640e+12   4.239229e+06   3.897540e-17   0.000000e+00   0.000000e+00
     4280000   4.279999e-05   3.777612e+01   2.487089e+01   4.587666e+01  -3.594692e+06   1.562854e+06  -1.614543e+06  -1.049345e+11  -2.400006e+12  -2.089602e+12   4.239230e+06   4.156107e-17   0.000000e+00   0.000000e+00
     4288000   4.287999e-05   3.748828e+01   2.498799e+01   4.574095e+01  -3.600372e+06   1.361533e+06  -1.776126e+06  -4.497285e+10  -2.653991e+12  -1.943379e+12   4.239231e+06   4.436927e-17   0.000000e+00   0.000000e+00
     4296000   4.295999e-05   3.720019e+01   2.508820e+01   4.559284e+01  -3.601068e+06   1.140668e+06  -1.924128e+06   2.235901e+10  -2.879167e+12  -1.748742e+12   4.239232e+06   4.652470e-17   0.000000e+00   0.000000e+00
     4304000   4.303999e-05   3.691224e+01   2.516999e+01   4.543356e+01  -3.596956e+06   9.011957e+05  -2.054470e+06   8.019150e+10  -3.101246e+12  -1.500822e+12   4.239233e+06   4.869128e-17   0.000000e+00   0.000000e+00
     4312000   4.311999e-05   3.662479e+01   2.523194e+01   4.526471e+01  -3.588636e+06   6.448647e+05  -2.162624e+06   1.258654e+11  -3.301748e+12  -1.193453e+12   4.239234e+06   5.059812e-17   0.000000e+00   0.000000e+00
     4320000   4.319999e-05   3.633814e+01   2.527278e+01   4.508826e+01  -3.577298e+06   3.739092e+05  -2.243712e+06   1.524409e+11  -3.473528e+12  -8.219584e+11   4.239235e+06   5.233059e-17   0.000000e+00   0.000000e+00
     4328000   4.327999e-05   3.605245e+01   2.529147e+01   4.490658e+01  -3.564763e+06   9.190546e+04  -2.292410e+06   1.540809e+11  -3.579245e+12  -3.831531e+11   4.239236e+06   5.322134e-17   0.000000e+00   0.000000e+00
     4336000   4.335999e-05   3.576774e+01   2.528730e+01   4.472249e+01  -3.553566e+06  -1.966148e+05  -2.303182e+06   1.183993e+11  -3.621149e+12   1.263905e+11   4.239238e+06   5.388236e-17   0.000000e+00   0.000000e+00
     4344000   4.343999e-05   3.548376e+01   2.526004e+01   4.453924e+01  -3.547063e+06  -4.841477e+05  -2.270482e+06   3.835345e+10  -3.568912e+12   7.010433e+11   4.239239e+06   5.424054e-17   0.000000e+00   0.000000e+00
     4352000   4.351999e-05   3.519998e+01   2.521005e+01   4.436051e+01  -3.549070e+06  -7.630861e+05  -2.189282e+06  -9.700496e+10  -3.385405e+12   1.337197e+12   4.239240e+06   5.435683e-17   0.000000e+00   0.000000e+00
     4360000   4.359999e-05   3.491557e+01   2.513846e+01   4.419035e+01  -3.563907e+06  -1.021882e+06  -2.055601e+06  -2.860075e+11  -3.045226e+12   2.009647e+12   4.239241e+06   5.491205e-17   0.000000e+00   0.000000e+00
     4368000   4.367999e-05   3.462930e+01   2.504747e+01   4.403306e+01  -3.595965e+06  -1.245872e+06  -1.867623e+06  -5.233452e+11  -2.519891e+12   2.688580e+12   4.239243e+06   5.679091e-17   0.000000e+00   0.000000e+00
     4376000   4.375999e-05   3.433966e+01   2.494048e+01   4.389295e+01  -3.648628e+06  -1.418759e+06  -1.626600e+06  -7.987770e+11  -1.756832e+12   3.323997e+12   4.239244e+06   6.056763e-17   0.000000e+00   0.000000e+00
     4384000   4.383999e-05   3.404492e+01   2.482236e+01   4.377406e+01  -3.723593e+06  -1.521221e+06  -1.338633e+06  -1.073704e+12  -7.614211e+11   3.851811e+12   4.239245e+06   6.792869e-17   0.000000e+00   0.000000e+00
     4392000   4.391999e-05   3.374332e+01   2.469950e+01   4.367972e+01  -3.819555e+06  -1.533341e+06  -1.015421e+06  -1.315991e+12   5.046011e+11   4.187996e+12   4.239247e+06   8.005000e-17   0.000000e+00   0.000000e+00
     4400000   4.399999e-05   3.343338e+01   2.457992e+01   4.361204e+01  -3.930747e+06  -1.436624e+06  -6.757034e+05  -1.447274e+12   1.960822e+12   4.249886e+12   4.239249e+06   9.839668e-17   0.000000e+00   0.000000e+00
     4408000   4.407999e-05   3.311427e+01   2.447296e+01   4.357136e+01  -4.046446e+06  -1.215854e+06  -3.452941e+05  -1.409742e+12   3.571223e+12   3.944619e+12   4.239252e+06   1.242249e-16   0.000000e+00   0.000000e+00
     4416000   4.415999e-05   3.278627e+01   2.438890e+01   4.355570e+01  -4.149884e+06  -8.640543e+05  -5.615600e+04  -1.121393e+12   5.177005e+12   3.206318e+12   4.239255e+06   1.571797e-16   0.000000e+00   0.000000e+00
     4424000   4.423999e-05   3.245122e+01   2.433802e+01   4.356032e+01  -4.218565e+06  -3.881460e+05   1.560959e+05  -5.379063e+11   6.659055e+12   2.024269e+12   4.239259e+06   1.997791e-16   0.000000e+00   0.000000e+00
     4432000   4.431999e-05   3.211290e+01   2.432959e+01   4.357768e+01  -4.227146e+06   1.921661e+05   2.562544e+05   3.782842e+11   7.770267e+12   4.155554e+11   4.239264e+06   2.488239e-16   0.000000e+00   0.000000e+00
     4440000   4.439999e-05   3.177718e+01   2.437066e+01   4.359750e+01  -4.149289e+06   8.422094e+05   2.133047e+05   1.616330e+12   8.353060e+12  -1.536105e+12   4.239271e+06   3.064389e-16   0.000000e+00   0.000000e+00
     4448000   4.447999e-05   3.145197e+01   2.446486e+01   4.360740e+01  -3.960826e+06   1.511062e+06   5.538275e+03   3.132663e+12   8.225486e+12  -3.679713e+12   4.239278e+06   3.731304e-16   0.000000e+00   0.000000e+00
     4456000   4.455999e-05   3.114690e+01   2.461124e+01   4.359374e+01  -3.643414e+06   2.134459e+06  -3.757354e+05   4.812490e+12   7.188719e+12  -5.831113e+12   4.239288e+06   4.462200e-16   0.000000e+00   0.000000e+00
     4464000   4.463999e-05   3.087270e+01   2.480317e+01   4.354288e+01  -3.188394e+06   2.637524e+06  -9.215581e+05   6.547161e+12   5.206897e+12  -7.750908e+12   4.239299e+06   5.331969e-16   0.000000e+00   0.000000e+00
     4472000   4.471999e-05   3.064032e+01   2.502788e+01   4.344267e+01  -2.600361e+06   2.939670e+06  -1.602571e+06   8.106616e+12   2.177595e+12  -9.160443e+12   4.239312e+06   6.329053e-16   0.000000e+00   0.000000e+00
     4480000   4.479999e-05   3.045959e+01   2.526599e+01   4.328428e+01  -1.902986e+06   2.959330e+06  -2.364935e+06   9.217403e+12  -1.843920e+12  -9.725082e+12   4.239328e+06   7.500227e-16   0.000000e+00   0.000000e+00
     4488000   4.487999e-05   3.033740e+01   2.549184e+01   4.306426e+01  -1.148272e+06   2.622244e+06  -3.126878e+06   9.470591e+12  -6.686864e+12  -9.086243e+12   4.239347e+06   8.895427e-16   0.000000e+00   0.000000e+00
     4496000   4.495999e-05   3.027507e+01   2.567469e+01   4.278696e+01  -4.247463e+05   1.879813e+06  -3.775996e+06   8.349633e+12  -1.186956e+13  -6.848946e+12   4.239369e+06   1.055783e-15   0.000000e+00   0.000000e+00
     4504000   4.503999e-05   3.026515e+01   2.578188e+01   4.246683e+01   1.364779e+05   7.383833e+05  -4.172367e+06   5.334290e+12  -1.645955e+13  -2.739096e+12   4.239396e+06   1.258186e-15   0.000000e+00   0.000000e+00
     4512000   4.511999e-05   3.028817e+01   2.578488e+01   4.213016e+01   3.699444e+05  -6.957236e+05  -4.165556e+06   1.527480e+11  -1.886855e+13   3.164077e+12   4.239428e+06   1.500857e-15   0.000000e+00   0.000000e+00
     4520000   4.519999e-05   3.031125e+01   2.566933e+01   4.181428e+01   1.155341e+05  -2.170304e+06  -3.639987e+06  -6.679419e+12  -1.712898e+13   9.999767e+12   4.239466e+06   1.795912e-15   0.000000e+00   0.000000e+00
     4528000   4.527999e-05   3.029165e+01   2.544724e+01   4.156188e+01  -6.947135e+05  -3.282472e+06  -2.591564e+06  -1.331967e+13  -9.675854e+12   1.582398e+13   4.239511e+06   2.138001e-15   0.000000e+00   0.000000e+00
     4536000   4.535999e-05   3.018849e+01   2.516610e+01   4.140880e+01  -1.931231e+06  -3.576141e+06  -1.206427e+06  -1.678725e+13   3.004536e+12   1.796153e+13   4.239564e+06   2.515382e-15   0.000000e+00   0.000000e+00
     4544000   4.543999e-05   2.998123e+01   2.490503e+01   4.136757e+01  -3.215926e+06  -2.759696e+06   1.277952e+05  -1.418785e+13   1.719700e+13   1.438601e+13   4.239626e+06   2.886690e-15   0.000000e+00   0.000000e+00
     4552000   4.551999e-05   2.968673e+01   2.475175e+01   4.141542e+01  -4.024141e+06  -9.392814e+05   9.481923e+05  -5.049614e+12   2.709776e+13   5.420788e+12   4.239697e+06   3.236102e-15   0.000000e+00   0.000000e+00
     4560000   4.559999e-05   2.936203e+01   2.476680e+01   4.149665e+01  -3.918752e+06   1.324061e+06   9.305569e+05   7.953169e+12   2.770005e+13  -5.911933e+12   4.239775e+06   3.549215e-15   0.000000e+00   0.000000e+00
     4568000   4.567999e-05   2.908775e+01   2.495333e+01   4.154114e+01  -2.776512e+06   3.203795e+06   5.565680e+04   1.999884e+13   1.760023e+13  -1.529185e+13   4.239860e+06   3.869503e-15   0.000000e+00   0.000000e+00
     4576000   4.575999e-05   2.893831e+01   2.524806e+01   4.149094e+01  -8.770055e+05   3.919582e+06  -1.358287e+06   2.611872e+13  -6.769074e+11  -1.882506e+13   4.239954e+06   4.252983e-15   0.000000e+00   0.000000e+00
     4584000   4.583999e-05   2.895081e+01   2.553719e+01   4.132473e+01   1.142048e+06   3.033051e+06  -2.733937e+06   2.254357e+13  -2.119867e+13  -1.410506e+13   4.240057e+06   4.743373e-15   0.000000e+00   0.000000e+00
     4592000   4.591999e-05   2.910175e+01   2.569413e+01   4.107269e+01   2.440682e+06   7.027640e+05  -3.395329e+06   8.309507e+12  -3.511369e+13  -1.298492e+12   4.240173e+06   5.347198e-15   0.000000e+00   0.000000e+00
     4600000   4.599999e-05   2.930232e+01   2.563512e+01   4.081438e+01   2.298296e+06  -2.150015e+06  -2.841732e+06  -1.215432e+13  -3.293813e+13   1.508539e+13   4.240303e+06   5.989522e-15   0.000000e+00   0.000000e+00
     4608000   4.607999e-05   2.942766e+01   2.537600e+01   4.064975e+01   6.236844e+05  -4.040488e+06  -1.125552e+06  -2.780630e+13  -1.156001e+13   2.607596e+13   4.240447e+06   6.509130e-15   0.000000e+00   0.000000e+00
     4616000   4.615999e-05   2.938397e+01   2.504780e+01   4.064455e+01  -1.709624e+06  -3.759477e+06   9.623966e+05  -2.731363e+13   1.845749e+13   2.359829e+13   4.240600e+06   6.742713e-15   0.000000e+00   0.000000e+00
     4624000   4.623999e-05   2.917484e+01   2.483199e+01   4.078344e+01  -3.283670e+06  -1.370889e+06   2.306985e+06  -9.902804e+12   3.813348e+13   8.572007e+12   4.240755e+06   6.669860e-15   0.000000e+00   0.000000e+00
     4632000   4.631999e-05   2.890547e+01   2.484822e+01   4.097559e+01  -3.138088e+06   1.748431e+06   2.254036e+06   1.330930e+13   3.609010e+13  -9.458403e+12   4.240906e+06   6.438054e-15   0.000000e+00   0.000000e+00
     4640000   4.639999e-05   2.871720e+01   2.508519e+01   4.111105e+01  -1.354230e+06   3.896873e+06   9.833396e+05   2.926495e+13   1.536327e+13  -2.056470e+13   4.241051e+06   6.218057e-15   0.000000e+00   0.000000e+00
     4648000   4.647999e-05   2.870828e+01   2.541671e+01   4.112131e+01   1.150496e+06   4.018645e+06  -7.173314e+05   3.071673e+13  -1.233781e+13  -1.987464e+13   4.241192e+06   6.117372e-15   0.000000e+00   0.000000e+00
     4656000   4.655999e-05   2.888788e+01   2.567282e+01   4.101047e+01   3.160978e+06   2.099401e+06  -1.894634e+06   1.743887e+13  -3.349837e+13  -8.031910e+12   4.241333e+06   6.117873e-15   0.000000e+00   0.000000e+00
     4664000   4.663999e-05   2.917450e+01   2.572409e+01   4.085122e+01   3.714629e+06  -8.676683e+05  -1.854394e+06  -4.084400e+12  -3.720639e+13   9.219139e+12   4.241473e+06   6.098689e-15   0.000000e+00   0.000000e+00
     4672000   4.671999e-05   2.943680e+01   2.554821e+01   4.074889e+01   2.598803e+06  -3.311086e+06  -5.236432e+05  -2.221152e+13  -2.101155e+13   2.259784e+13   4.241612e+06   5.932927e-15   0.000000e+00   0.000000e+00
     4680000   4.679999e-05   2.956450e+01   2.524348e+01   4.078481e+01   5.329853e+05  -3.951571e+06   1.446859e+06  -2.674525e+13   5.354311e+12   2.448490e+13   4.241744e+06   5.514603e-15   0.000000e+00   0.000000e+00
     4688000   4.687999e-05   2.952883e+01   2.496984e+01   4.097116e+01  -1.292769e+06  -2.610055e+06   3.083792e+06  -1.701599e+13   2.615426e+13   1.500695e+13   4.241864e+06   4.920997e-15   0.000000e+00   0.000000e+00
     4696000   4.695999e-05   2.938772e+01   2.485542e+01   4.125114e+01  -2.017877e+06  -1.694969e+05   3.727432e+06  -8.699123e+11   3.224600e+13   9.981771e+11   4.241970e+06   4.275758e-15   0.000000e+00   0.000000e+00
     4704000   4.703999e-05   2.923971e+01   2.494006e+01   4.153896e+01  -1.496152e+06   2.185595e+06   3.313576e+06   1.302739e+13   2.487563e+13  -1.052281e+13   4.242061e+06   3.691676e-15   0.000000e+00   0.000000e+00
     4712000   4.711999e-05   2.917142e+01   2.518013e+01   4.176268e+01  -1.140267e+05   3.622281e+06   2.204956e+06   2.030129e+13   1.044984e+13  -1.611350e+13   4.242140e+06   3.206324e-15   0.000000e+00   0.000000e+00
     4720000   4.719999e-05   2.922927e+01   2.548671e+01   4.188662e+01   1.563745e+06   3.839003e+06   9.017148e+05   2.057458e+13  -4.732509e+12  -1.552422e+13   4.242209e+06   2.819368e-15   0.000000e+00   0.000000e+00
     4728000   4.727999e-05   2.941592e+01   2.576496e+01   4.191374e+01   3.033359e+06   2.961838e+06  -1.520024e+05   1.544397e+13  -1.633802e+13  -1.019435e+13   4.242270e+06   2.501913e-15   0.000000e+00   0.000000e+00
     4736000   4.735999e-05   2.969978e+01   2.594191e+01   4.187700e+01   3.954209e+06   1.387381e+06  -6.608464e+05   7.306736e+12  -2.192199e+13  -2.310957e+12   4.242324e+06   2.214285e-15   0.000000e+00   0.000000e+00
     4744000   4.743999e-05   3.003025e+01   2.598205e+01   4.182552e+01   4.194064e+06  -3.707887e+05  -5.196759e+05  -1.153882e+12  -2.097885e+13   5.646851e+12   4.242372e+06   1.943463e-15   0.000000e+00   0.000000e+00
     4752000   4.751999e-05   3.035444e+01   2.589080e+01   4.180902e+01   3.824500e+06  -1.826730e+06   1.852819e+05  -7.598516e+12  -1.474602e+13   1.148298e+13   4.242413e+06   1.671321e-15   0.000000e+00   0.000000e+00
     4760000   4.759999e-05   3.063183e+01   2.570658e+01   4.186416e+01   3.068691e+06  -2.660490e+06   1.226093e+06  -1.070495e+13  -5.925645e+12   1.393737e+13   4.242449e+06   1.412332e-15   0.000000e+00   0.000000e+00
     4768000   4.767999e-05   3.084251e+01   2.548428e+01   4.200671e+01   2.201204e+06  -2.783110e+06   2.325430e+06  -1.051351e+13   2.590387e+12   1.305333e+13   4.242478e+06   1.181068e-15   0.000000e+00   0.000000e+00
     4776000   4.775999e-05   3.098714e+01   2.527733e+01   4.223155e+01   1.447514e+06  -2.307392e+06   3.252611e+06  -8.073368e+12   8.823078e+12   9.852704e+12   4.242503e+06   9.859070e-16   0.000000e+00   0.000000e+00
     4784000   4.783999e-05   3.108059e+01   2.512526e+01   4.251894e+01   9.333570e+05  -1.450278e+06   3.876151e+06  -4.730653e+12   1.212385e+13   5.675826e+12   4.242524e+06   8.277440e-16   0.000000e+00   0.000000e+00
     4792000   4.791999e-05   3.114367e+01   2.504942e+01   4.284272e+01   6.867393e+05  -4.358177e+05   4.163846e+06  -1.514111e+12   1.287741e+13   1.597972e+12   4.242541e+06   7.008325e-16   0.000000e+00   0.000000e+00
     4800000   4.799999e-05   3.119670e+01   2.505507e+01   4.317710e+01   6.731476e+05   5.637330e+05   4.150706e+06   1.042758e+12   1.189540e+13  -1.784347e+12   4.242556e+06   5.985821e-16   0.000000e+00   0.000000e+00
     4808000   4.807999e-05   3.125599e+01   2.513632e+01   4.350055e+01   8.323864e+05   1.441503e+06   3.902383e+06   2.806651e+12   9.945058e+12  -4.271953e+12   4.242569e+06   5.134171e-16   0.000000e+00   0.000000e+00
     4816000   4.815999e-05   3.133284e+01   2.528103e+01   4.379713e+01   1.102769e+06   2.144808e+06   3.490442e+06   3.841258e+12   7.607201e+12  -5.887775e+12   4.242580e+06   4.405723e-16   0.000000e+00   0.000000e+00
     4824000   4.823999e-05   3.143402e+01   2.547441e+01   4.405640e+01   1.433358e+06   2.658316e+06   2.979666e+06   4.332581e+12   5.250768e+12  -6.768348e+12   4.242589e+06   3.784109e-16   0.000000e+00   0.000000e+00
     4832000   4.831999e-05   3.156272e+01   2.570151e+01   4.427266e+01   1.785206e+06   2.990381e+06   2.422869e+06   4.421357e+12   3.088744e+12  -7.069621e+12   4.242597e+06   3.246840e-16   0.000000e+00   0.000000e+00
     4840000   4.839999e-05   3.171958e+01   2.594853e+01   4.444392e+01   2.134087e+06   3.159775e+06   1.860427e+06   4.266361e+12   1.198524e+12  -6.929148e+12   4.242604e+06   2.778031e-16   0.000000e+00   0.000000e+00
     4848000   4.847999e-05   3.190366e+01   2.620338e+01   4.457100e+01   2.464136e+06   3.190335e+06   1.322701e+06   3.975895e+12  -3.870286e+11  -6.472979e+12   4.242610e+06   2.375842e-16   0.000000e+00   0.000000e+00
     4856000   4.855999e-05   3.211312e+01   2.645593e+01   4.465678e+01   2.767237e+06   3.106712e+06   8.309788e+05   3.594921e+12  -1.652652e+12  -5.792198e+12   4.242615e+06   2.020532e-16   0.000000e+00   0.000000e+00
     4864000   4.863999e-05   3.234557e+01   2.669807e+01   4.470558e+01   3.038648e+06   2.933683e+06   3.999227e+05   3.190755e+12  -2.627652e+12  -4.967123e+12   4.242620e+06   1.714751e-16   0.000000e+00   0.000000e+00
     4872000   4.871999e-05   3.259844e+01   2.692354e+01   4.472263e+01   3.277526e+06   2.693731e+06   3.850762e+04   2.780583e+12  -3.325036e+12  -4.059642e+12   4.242623e+06   1.448267e-16   0.000000e+00   0.000000e+00
     4880000   4.879999e-05   3.286909e+01   2.712788e+01   4.471371e+01   3.483498e+06   2.408974e+06  -2.489205e+05   2.377679e+12  -3.761145e+12  -3.126120e+12   4.242626e+06   1.214365e-16   0.000000e+00   0.000000e+00
     4888000   4.887999e-05   3.315496e+01   2.730829e+01   4.468479e+01   3.658035e+06   2.098849e+06  -4.620746e+05   1.991587e+12  -3.957587e+12  -2.210304e+12   4.242629e+06   1.006671e-16   0.000000e+00   0.000000e+00
     4896000   4.895999e-05   3.345358e+01   2.746351e+01   4.464168e+01   3.802675e+06   1.781794e+06  -6.039804e+05   1.632335e+12  -3.941310e+12  -1.350314e+12   4.242631e+06   8.221889e-17   0.000000e+00   0.000000e+00
     4904000   4.903999e-05   3.376267e+01   2.759360e+01   4.458990e+01   3.920216e+06   1.472716e+06  -6.804023e+05   1.310402e+12  -3.753882e+12  -5.754043e+11   4.242633e+06   6.627817e-17   0.000000e+00   0.000000e+00
     4912000   4.911999e-05   3.408017e+01   2.769971e+01   4.453436e+01   4.013524e+06   1.184393e+06  -6.991309e+05   1.031641e+12  -3.442966e+12   8.948870e+10   4.242634e+06   5.308163e-17   0.000000e+00   0.000000e+00
     4920000   4.919999e-05   3.440427e+01   2.778393e+01   4.447933e+01   4.085697e+06   9.268110e+05  -6.693694e+05   7.808227e+11  -2.983927e+12   6.342827e+11   4.242635e+06   4.071951e-17   0.000000e+00   0.000000e+00
     4928000   4.927999e-05   3.473339e+01   2.784906e+01   4.442828e+01   4.139675e+06   7.081693e+05  -6.012860e+05   5.760893e+11  -2.477844e+12   1.047777e+12   4.242636e+06   3.108389e-17   0.000000e+00   0.000000e+00
     4936000   4.935999e-05   3.506622e+01   2.789837e+01   4.438387e+01   4.178705e+06   5.322437e+05  -5.050782e+05   4.056033e+11  -1.916000e+12   1.336548e+12   4.242636e+06   2.308659e-17   0.000000e+00   0.000000e+00
     4944000   4.943999e-05   3.540166e+01   2.793538e+01   4.434795e+01   4.205609e+06   4.003453e+05  -3.905725e+05   2.710811e+11  -1.375950e+12   1.508462e+12   4.242637e+06   1.742057e-17   0.000000e+00   0.000000e+00
     4952000   4.951999e-05   3.573885e+01   2.796358e+01   4.432164e+01   4.222740e+06   3.121151e+05  -2.665018e+05   1.611773e+11  -8.340983e+11   1.576887e+12   4.242637e+06   1.317475e-17   0.000000e+00   0.000000e+00
     4960000   4.959999e-05   3.607709e+01   2.798642e+01   4.430536e+01   4.231978e+06   2.656690e+05  -1.405682e+05   7.217889e+10  -3.251475e+11   1.558336e+12   4.242638e+06   1.042775e-17   0.000000e+00   0.000000e+00
     4968000   4.967999e-05   3.641580e+01   2.800710e+01   4.429903e+01   4.234775e+06   2.574820e+05  -1.898973e+04  -6.703559e+08   1.195056e+11   1.469741e+12   4.242638e+06   8.929107e-18   0.000000e+00   0.000000e+00
     4976000   4.975999e-05   3.675451e+01   2.802852e+01   4.430208e+01   4.232160e+06   2.829951e+05   9.333593e+04  -6.327508e+10   5.071574e+11   1.331615e+12   4.242638e+06   8.354061e-18   0.000000e+00   0.000000e+00
     4984000   4.983999e-05   3.709282e+01   2.805316e+01   4.431362e+01   4.224799e+06   3.373327e+05   1.930157e+05  -1.194441e+11   8.343184e+11   1.156409e+12   4.242638e+06   8.408321e-18   0.000000e+00   0.000000e+00
     4992000   4.991999e-05   3.743036e+01   2.808314e+01   4.433256e+01   4.213077e+06   4.156801e+05   2.778012e+05  -1.716056e+11   1.096950e+12   9.612233e+11   4.242638e+06   8.856180e-18   0.000000e+00   0.000000e+00
     5000000   4.999999e-05   3.776680e+01   2.812017e+01   4.435764e+01   4.197243e+06   5.128830e+05   3.465265e+05  -2.228690e+11   1.312648e+12   7.567218e+11   4.242639e+06   9.630814e-18   0.000000e+00   0.000000e+00
     5008000   5.007999e-05   3.810181e+01   2.816559e+01   4.438757e+01   4.177391e+06   6.247020e+05   3.989142e+05  -2.726889e+11   1.469562e+12   5.542924e+11   4.242639e+06   1.043514e-17   0.000000e+00   0.000000e+00
     5016000   5.015999e-05   3.843508e+01   2.822039e+01   4.442104e+01   4.153603e+06   7.470239e+05   4.353393e+05  -3.213437e+11   1.578140e+12   3.580043e+11   4.242639e+06   1.117727e-17   0.000000e+00   0.000000e+00
     5024000   5.023999e-05   3.876628e+01   2.828532e+01   4.445682e+01   4.125867e+06   8.768158e+05   4.565132e+05  -3.666871e+11   1.634113e+12   1.754914e+11   4.242639e+06   1.164406e-17   0.000000e+00   0.000000e+00
     5032000   5.031999e-05   3.909511e+01   2.836080e+01   4.449371e+01   4.094268e+06   1.010964e+06   4.635889e+05  -4.162066e+11   1.682593e+12   6.579864e+09   4.242640e+06   1.233716e-17   0.000000e+00   0.000000e+00
     5040000   5.039999e-05   3.942126e+01   2.844715e+01   4.453065e+01   4.058665e+06   1.147895e+06   4.577898e+05  -4.695009e+11   1.718934e+12  -1.476162e+11   4.242640e+06   1.312791e-17   0.000000e+00   0.000000e+00
     5048000   5.047999e-05   3.974441e+01   2.854445e+01   4.456665e+01   4.019479e+06   1.284411e+06   4.405382e+05  -5.109538e+11   1.695306e+12  -2.807221e+11   4.242640e+06   1.319758e-17   0.000000e+00   0.000000e+00
     5056000   5.055999e-05   4.006429e+01   2.865259e+01   4.460087e+01   3.976946e+06   1.418811e+06   4.133714e+05  -5.538283e+11   1.667676e+12  -3.956234e+11   4.242640e+06   1.332272e-17   0.000000e+00   0.000000e+00
     5064000   5.063999e-05   4.038063e+01   2.877138e+01   4.463257e+01   3.931094e+06   1.550429e+06   3.777188e+05  -5.937628e+11   1.625813e+12  -4.938515e+11   4.242641e+06   1.330349e-17   0.000000e+00   0.000000e+00
     5072000   5.071999e-05   4.069318e+01   2.890056e+01   4.466111e+01   3.882212e+06   1.678197e+06   3.347926e+05  -6.266706e+11   1.564651e+12  -5.761534e+11   4.242641e+06   1.302878e-17   0.000000e+00   0.000000e+00
     5080000   5.079999e-05   4.100171e+01   2.903978e+01   4.468597e+01   3.830496e+06   1.801542e+06   2.859280e+05  -6.643559e+11   1.514695e+12  -6.433181e+11   4.242641e+06   1.293314e-17   0.000000e+00   0.000000e+00
     5088000   5.087999e-05   4.130598e+01   2.918870e+01   4.470673e+01   3.775732e+06   1.920916e+06   2.322488e+05  -7.002981e+11   1.460767e+12  -6.968422e+11   4.242642e+06   1.277031e-17   0.000000e+00   0.000000e+00
     5096000   5.095999e-05   4.160576e+01   2.934698e+01   4.472303e+01   3.718655e+06   2.034963e+06   1.747549e+05  -7.247105e+11   1.387788e+12  -7.388594e+11   4.242642e+06   1.230717e-17   0.000000e+00   0.000000e+00
     5104000   5.103999e-05   4.190090e+01   2.951416e+01   4.473461e+01   3.659463e+06   2.143655e+06   1.143965e+05  -7.527818e+11   1.326103e+12  -7.683841e+11   4.242642e+06   1.197274e-17   0.000000e+00   0.000000e+00
     5112000   5.111999e-05   4.219122e+01   2.968984e+01   4.474128e+01   3.597908e+06   2.247747e+06   5.206747e+04  -7.857613e+11   1.276036e+12  -7.890051e+11   4.242643e+06   1.177803e-17   0.000000e+00   0.000000e+00
     5120000   5.119999e-05   4.247653e+01   2.987365e+01   4.474291e+01   3.534557e+06   2.346656e+06  -1.157643e+04  -8.061563e+11   1.210304e+12  -8.004175e+11   4.242643e+06   1.131472e-17   0.000000e+00   0.000000e+00
     5128000   5.127999e-05   4.275670e+01   3.006518e+01   4.473941e+01   3.469487e+06   2.440679e+06  -7.594761e+04  -8.242627e+11   1.146597e+12  -8.073781e+11   4.242643e+06   1.086532e-17   0.000000e+00   0.000000e+00
     5136000   5.135999e-05   4.303160e+01   3.026404e+01   4.473075e+01   3.402832e+06   2.530022e+06  -1.405220e+05  -8.429158e+11   1.088960e+12  -8.058124e+11   4.242643e+06   1.045356e-17   0.000000e+00   0.000000e+00
     5144000   5.143999e-05   4.330110e+01   3.046988e+01   4.471694e+01   3.334399e+06   2.615315e+06  -2.047825e+05  -8.661972e+11   1.041708e+12  -8.002530e+11   4.242644e+06   1.016690e-17   0.000000e+00   0.000000e+00
     5152000   5.151999e-05   4.356506e+01   3.068238e+01   4.469800e+01   3.264296e+06   2.696732e+06  -2.683954e+05  -8.937757e+11   1.003396e+12  -7.886977e+11   4.242644e+06   9.968964e-18   0.000000e+00   0.000000e+00
     5160000   5.159999e-05   4.382336e+01   3.090124e+01   4.467402e+01   3.193043e+06   2.773984e+06  -3.309301e+05  -8.992244e+11   9.426555e+11  -7.747070e+11   4.242644e+06   9.434023e-18   0.000000e+00   0.000000e+00
     5168000   5.167999e-05   4.407591e+01   3.112612e+01   4.464509e+01   3.120589e+06   2.847484e+06  -3.921576e+05  -9.099737e+11   8.931280e+11  -7.560924e+11   4.242644e+06   9.023513e-18   0.000000e+00   0.000000e+00
     5176000   5.175999e-05   4.432261e+01   3.135676e+01   4.461132e+01   3.046526e+06   2.917964e+06  -4.518819e+05  -9.325180e+11   8.595883e+11  -7.362835e+11   4.242644e+06   8.831219e-18   0.000000e+00   0.000000e+00
     5184000   5.183999e-05   4.456333e+01   3.159291e+01   4.457283e+01   2.971055e+06   2.985443e+06  -5.098989e+05  -9.564699e+11   8.299512e+11  -7.138162e+11   4.242645e+06   8.677599e-18   0.000000e+00   0.000000e+00
     5192000   5.191999e-05   4.479795e+01   3.183435e+01   4.452978e+01   2.894198e+06   3.050122e+06  -5.660470e+05  -9.681668e+11   7.905481e+11  -6.904360e+11   4.242645e+06   8.373041e-18   0.000000e+00   0.000000e+00
     5200000   5.199999e-05   4.502634e+01   3.208088e+01   4.448232e+01   2.815560e+06   3.112540e+06  -6.202853e+05  -9.884568e+11   7.615257e+11  -6.655020e+11   4.242645e+06   8.212235e-18   0.000000e+00   0.000000e+00
     5208000   5.207999e-05   4.524843e+01   3.233226e+01   4.443059e+01   2.736354e+06   3.171771e+06  -6.725114e+05  -9.989184e+11   7.261347e+11  -6.398115e+11   4.242645e+06   7.943728e-18   0.000000e+00   0.000000e+00
     5216000   5.215999e-05   4.546413e+01   3.258829e+01   4.437477e+01   2.655824e+06   3.228691e+06  -7.226280e+05  -1.016210e+12   6.984876e+11  -6.140010e+11   4.242645e+06   7.792152e-18   0.000000e+00   0.000000e+00
     5224000   5.223999e-05   4.567332e+01   3.284880e+01   4.431503e+01   2.573720e+06   3.283616e+06  -7.706314e+05  -1.031856e+12   6.709053e+11  -5.874792e+11   4.242646e+06   7.637796e-18   0.000000e+00   0.000000e+00
     5232000   5.231999e-05   4.587589e+01   3.311361e+01   4.425153e+01   2.490353e+06   3.336383e+06  -8.165367e+05  -1.048792e+12   6.455148e+11  -5.611455e+11   4.242646e+06   7.521004e-18   0.000000e+00   0.000000e+00
     5240000   5.239999e-05   4.607176e+01   3.338256e+01   4.418444e+01   2.406121e+06   3.386804e+06  -8.603411e+05  -1.064691e+12   6.206902e+11  -5.342498e+11   4.242646e+06   7.408913e-18   0.000000e+00   0.000000e+00
     5248000   5.247999e-05   4.626082e+01   3.365546e+01   4.411393e+01   2.320348e+06   3.435452e+06  -9.020511e+05  -1.080002e+12   5.958105e+11  -5.089743e+11   4.242646e+06   7.311201e-18   0.000000e+00   0.000000e+00
     5256000   5.255999e-05   4.644298e+01   3.393218e+01   4.404016e+01   2.233562e+06   3.482017e+06  -9.417024e+05  -1.096680e+12   5.727910e+11  -4.832237e+11   4.242646e+06   7.244877e-18   0.000000e+00   0.000000e+00
     5264000   5.263999e-05   4.661816e+01   3.421254e+01   4.396331e+01   2.145990e+06   3.526428e+06  -9.793258e+05  -1.099347e+12   5.419335e+11  -4.575743e+11   4.242646e+06   7.028597e-18   0.000000e+00   0.000000e+00
     5272000   5.271999e-05   4.678631e+01   3.449636e+01   4.388353e+01   2.057841e+06   3.568642e+06  -1.014956e+06  -1.096350e+12   5.088699e+11  -4.336705e+11   4.242647e+06   6.771502e-18   0.000000e+00   0.000000e+00
     5280000   5.279999e-05   4.694737e+01   3.478348e+01   4.380097e+01   1.968451e+06   3.609110e+06  -1.048607e+06  -1.114726e+12   4.892967e+11  -4.085174e+11   4.242647e+06   6.771115e-18   0.000000e+00   0.000000e+00
     5288000   5.287999e-05   4.710126e+01   3.507375e+01   4.371580e+01   1.878776e+06   3.647342e+06  -1.080346e+06  -1.125525e+12   4.655662e+11  -3.855688e+11   4.242647e+06   6.702554e-18   0.000000e+00   0.000000e+00
     5296000   5.295999e-05   4.724795e+01   3.536700e+01   4.362816e+01   1.788248e+06   3.683677e+06  -1.110290e+06  -1.130992e+12   4.394415e+11  -3.636442e+11   4.242647e+06   6.588728e-18   0.000000e+00   0.000000e+00
     5304000   5.303999e-05   4.738738e+01   3.566308e+01   4.353820e+01   1.697461e+06   3.717857e+06  -1.138516e+06  -1.128657e+12   4.105051e+11  -3.422599e+11   4.242647e+06   6.404066e-18   0.000000e+00   0.000000e+00
     5312000   5.311999e-05   4.751955e+01   3.596180e+01   4.344605e+01   1.606439e+06   3.749951e+06  -1.165022e+06  -1.150115e+12   3.928135e+11  -3.215176e+11   4.242647e+06   6.489875e-18   0.000000e+00   0.000000e+00
     5320000   5.319999e-05   4.764439e+01   3.626302e+01   4.335184e+01   1.514709e+06   3.780173e+06  -1.189959e+06  -1.141547e+12   3.623265e+11  -3.020858e+11   4.242647e+06   6.264997e-18   0.000000e+00   0.000000e+00
     5328000   5.327999e-05   4.776191e+01   3.656657e+01   4.325569e+01   1.423259e+06   3.808144e+06  -1.213437e+06  -1.151103e+12   3.397000e+11  -2.840749e+11   4.242648e+06   6.246361e-18   0.000000e+00   0.000000e+00
     5336000   5.335999e-05   4.787210e+01   3.687227e+01   4.315773e+01   1.331524e+06   3.834152e+06  -1.235469e+06  -1.143915e+12   3.112443e+11  -2.669486e+11   4.242648e+06   6.063844e-18   0.000000e+00   0.000000e+00
     5344000   5.343999e-05   4.797499e+01   3.717996e+01   4.305805e+01   1.240593e+06   3.857857e+06  -1.256157e+06  -1.144242e+12   2.868165e+11  -2.492170e+11   4.242648e+06   5.969304e-18   0.000000e+00   0.000000e+00
     5352000   5.351999e-05   4.807060e+01   3.748948e+01   4.295678e+01   1.149882e+06   3.879538e+06  -1.275548e+06  -1.124122e+12   2.560145e+11  -2.347260e+11   4.242648e+06   5.684463e-18   0.000000e+00   0.000000e+00
     5360000   5.359999e-05   4.815897e+01   3.780064e+01   4.285399e+01   1.059450e+06   3.899189e+06  -1.293813e+06  -1.126349e+12   2.324631e+11  -2.217524e+11   4.242648e+06   5.633468e-18   0.000000e+00   0.000000e+00
     5368000   5.367999e-05   4.824014e+01   3.811329e+01   4.274979e+01   9.697093e+05   3.916738e+06  -1.311064e+06  -1.114237e+12   2.059414e+11  -2.088996e+11   4.242648e+06   5.451546e-18   0.000000e+00   0.000000e+00
     5376000   5.375999e-05   4.831416e+01   3.842726e+01   4.264425e+01   8.810760e+05   3.932197e+06  -1.327251e+06  -1.103495e+12   1.810319e+11  -1.962124e+11   4.242648e+06   5.293043e-18   0.000000e+00   0.000000e+00
     5384000   5.383999e-05   4.838113e+01   3.874239e+01   4.253746e+01   7.933177e+05   3.945681e+06  -1.342503e+06  -1.092064e+12   1.565484e+11  -1.852331e+11   4.242648e+06   5.138836e-18   0.000000e+00   0.000000e+00
     5392000   5.391999e-05   4.844110e+01   3.905852e+01   4.242947e+01   7.062728e+05   3.957274e+06  -1.356919e+06  -1.074964e+12   1.319090e+11  -1.748298e+11   4.242649e+06   4.942143e-18   0.000000e+00   0.000000e+00
     5400000   5.399999e-05   4.849419e+01   3.937550e+01   4.232037e+01   6.209952e+05   3.966857e+06  -1.370576e+06  -1.063521e+12   1.092235e+11  -1.657545e+11   4.242649e+06   4.806466e-18   0.000000e+00   0.000000e+00
     5408000   5.407999e-05   4.854048e+01   3.969317e+01   4.221020e+01   5.365586e+05   3.974673e+06  -1.383527e+06  -1.044769e+12   8.631100e+10  -1.572307e+11   4.242649e+06   4.614433e-18   0.000000e+00   0.000000e+00
     5416000   5.415999e-05   4.858006e+01   4.001140e+01   4.209902e+01   4.532664e+05   3.980739e+06  -1.395829e+06  -1.029128e+12   6.439912e+10  -1.505369e+11   4.242649e+06   4.459217e-18   0.000000e+00   0.000000e+00
     5424000   5.423999e-05   4.861307e+01   4.033004e+01   4.198688e+01   3.721417e+05   3.985007e+06  -1.407588e+06  -1.003725e+12   4.295357e+10  -1.437694e+11   4.242649e+06   4.229518e-18   0.000000e+00   0.000000e+00
     5432000   5.431999e-05   4.863965e+01   4.064896e+01   4.187382e+01   2.926619e+05   3.987643e+06  -1.418847e+06  -9.797664e+11   2.305002e+10  -1.373192e+11   4.242649e+06   4.021546e-18   0.000000e+00   0.000000e+00
     5440000   5.439999e-05   4.865992e+01   4.096802e+01   4.175988e+01   2.143970e+05   3.988767e+06  -1.429630e+06  -9.659237e+11   4.272637e+09  -1.329422e+11   4.242649e+06   3.903993e-18   0.000000e+00   0.000000e+00
     5448000   5.447999e-05   4.867398e+01   4.128712e+01   4.164509e+01   1.372897e+05   3.988405e+06  -1.440088e+06  -9.586472e+11  -1.364229e+10  -1.291815e+11   4.242649e+06   3.843102e-18   0.000000e+00   0.000000e+00
     5456000   5.455999e-05   4.868196e+01   4.160613e+01   4.152948e+01   6.254452e+04   3.986593e+06  -1.450255e+06  -9.202044e+11  -3.131387e+10  -1.257696e+11   4.242649e+06   3.546202e-18   0.000000e+00   0.000000e+00
     5464000   5.463999e-05   4.868404e+01   4.192494e+01   4.141306e+01  -1.027128e+04   3.983445e+06  -1.460183e+06  -8.985018e+11  -4.715470e+10  -1.223255e+11   4.242649e+06   3.385708e-18   0.000000e+00   0.000000e+00
     5472000   5.471999e-05   4.868036e+01   4.224345e+01   4.129585e+01  -8.133684e+04   3.979059e+06  -1.469879e+06  -8.740117e+11  -6.244973e+10  -1.206968e+11   4.242650e+06   3.212716e-18   0.000000e+00   0.000000e+00
     5480000   5.479999e-05   4.867108e+01   4.256156e+01   4.117788e+01  -1.504824e+05   3.973498e+06  -1.479441e+06  -8.490546e+11  -7.653234e+10  -1.191941e+11   4.242650e+06   3.042700e-18   0.000000e+00   0.000000e+00
     5488000   5.487999e-05   4.865633e+01   4.287918e+01   4.105914e+01  -2.181744e+05   3.966805e+06  -1.488936e+06  -8.420627e+11  -9.092715e+10  -1.188642e+11   4.242650e+06   3.003704e-18   0.000000e+00   0.000000e+00
     5496000   5.495999e-05   4.863623e+01   4.319622e+01   4.093965e+01  -2.840364e+05   3.959071e+06  -1.498386e+06  -8.132985e+11  -1.028198e+11  -1.175074e+11   4.242650e+06   2.816309e-18   0.000000e+00   0.000000e+00
     5504000   5.503999e-05   4.861093e+01   4.351260e+01   4.081940e+01  -3.479510e+05   3.950371e+06  -1.507839e+06  -7.860349e+11  -1.145686e+11  -1.187749e+11   4.242650e+06   2.648996e-18   0.000000e+00   0.000000e+00
     5512000   5.511999e-05   4.858061e+01   4.382825e+01   4.069839e+01  -4.100576e+05   3.940764e+06  -1.517337e+06  -7.692376e+11  -1.255304e+11  -1.181413e+11   4.242650e+06   2.551895e-18   0.000000e+00   0.000000e+00
     5520000   5.519999e-05   4.854537e+01   4.414310e+01   4.057663e+01  -4.704155e+05   3.930339e+06  -1.526834e+06  -7.405692e+11  -1.346449e+11  -1.184350e+11   4.242650e+06   2.384186e-18   0.000000e+00   0.000000e+00
     5528000   5.527999e-05   4.850539e+01   4.445709e+01   4.045410e+01  -5.289575e+05   3.919160e+06  -1.536381e+06  -7.182059e+11  -1.438897e+11  -1.197827e+11   4.242650e+06   2.262137e-18   0.000000e+00   0.000000e+00
     5536000   5.535999e-05   4.846079e+01   4.477015e+01   4.033081e+01  -5.856552e+05   3.907317e+06  -1.545950e+06  -7.005072e+11  -1.520881e+11  -1.190245e+11   4.242650e+06   2.168221e-18   0.000000e+00   0.000000e+00
     5544000   5.543999e-05   4.841172e+01   4.508224e+01   4.020675e+01  -6.409459e+05   3.894820e+06  -1.555522e+06  -6.785519e+11  -1.595790e+11  -1.199735e+11   4.242650e+06   2.054408e-18   0.000000e+00   0.000000e+00
     5552000   5.551999e-05   4.835830e+01   4.539331e+01   4.008192e+01  -6.941237e+05   3.881830e+06  -1.565141e+06  -6.569101e+11  -1.658855e+11  -1.200960e+11   4.242650e+06   1.944268e-18   0.000000e+00   0.000000e+00
     5560000   5.559999e-05   4.830070e+01   4.570332e+01   3.995632e+01  -7.455021e+05   3.868374e+06  -1.574799e+06  -6.276190e+11  -1.702587e+11  -1.211185e+11   4.242650e+06   1.796823e-18   0.000000e+00   0.000000e+00
     5568000   5.567999e-05   4.823908e+01   4.601224e+01   3.982995e+01  -7.947539e+05   3.854600e+06  -1.584457e+06  -6.041816e+11  -1.741657e+11  -1.206518e+11   4.242650e+06   1.683339e-18   0.000000e+00   0.000000e+00
     5576000   5.575999e-05   4.817360e+01   4.632005e+01   3.970281e+01  -8.419751e+05   3.840572e+06  -1.594102e+06  -5.829650e+11  -1.778458e+11  -1.205641e+11   4.242650e+06   1.585129e-18   0.000000e+00   0.000000e+00
     5584000   5.583999e-05   4.810440e+01   4.662673e+01   3.957490e+01  -8.876634e+05   3.826289e+06  -1.603636e+06  -5.644237e+11  -1.804240e+11  -1.180691e+11   4.242650e+06   1.499128e-18   0.000000e+00   0.000000e+00
     5592000   5.591999e-05   4.803161e+01   4.693225e+01   3.944623e+01  -9.319374e+05   3.811801e+06  -1.612992e+06  -5.456561e+11  -1.826862e+11  -1.164603e+11   4.242650e+06   1.415389e-18   0.000000e+00   0.000000e+00
     5600000   5.599999e-05   4.795531e+01   4.723660e+01   3.931683e+01  -9.754759e+05   3.796984e+06  -1.622172e+06  -5.395721e+11  -1.866215e+11  -1.123572e+11   4.242650e+06   1.390386e-18   0.000000e+00   0.000000e+00
     5608000   5.607999e-05   4.787556e+01   4.753977e+01   3.918670e+01  -1.017925e+06   3.782066e+06  -1.630917e+06  -5.229646e+11  -1.866173e+11  -1.063594e+11   4.242650e+06   1.312534e-18   0.000000e+00   0.000000e+00
     5616000   5.615999e-05   4.779247e+01   4.784173e+01   3.905589e+01  -1.059265e+06   3.767115e+06  -1.639171e+06  -5.054358e+11  -1.856573e+11  -1.000535e+11   4.242650e+06   1.231703e-18   0.000000e+00   0.000000e+00
     5624000   5.623999e-05   4.770615e+01   4.814251e+01   3.892445e+01  -1.098461e+06   3.752509e+06  -1.646859e+06  -4.853221e+11  -1.823346e+11  -9.175487e+10   4.242650e+06   1.138310e-18   0.000000e+00   0.000000e+00
     5632000   5.631999e-05   4.761675e+01   4.844214e+01   3.879241e+01  -1.136118e+06   3.738159e+06  -1.653932e+06  -4.592455e+11  -1.765061e+11  -8.346981e+10   4.242650e+06   1.022620e-18   0.000000e+00   0.000000e+00
     5640000   5.639999e-05   4.752440e+01   4.874063e+01   3.865984e+01  -1.172609e+06   3.724093e+06  -1.660181e+06  -4.555136e+11  -1.753723e+11  -7.165823e+10   4.242650e+06   9.994268e-19   0.000000e+00   0.000000e+00
     5648000   5.647999e-05   4.742914e+01   4.903800e+01   3.852681e+01  -1.208883e+06   3.710140e+06  -1.665395e+06  -4.482169e+11  -1.718576e+11  -5.750946e+10   4.242651e+06   9.598397e-19   0.000000e+00   0.000000e+00
     5656000   5.655999e-05   4.733100e+01   4.933426e+01   3.839341e+01  -1.244373e+06   3.696618e+06  -1.669321e+06  -4.345296e+11  -1.648635e+11  -4.116791e+10   4.242651e+06   8.939362e-19   0.000000e+00   0.000000e+00
     5664000   5.663999e-05   4.723008e+01   4.962948e+01   3.825975e+01  -1.278597e+06   3.683780e+06  -1.671837e+06  -4.196720e+11  -1.550193e+11  -2.061673e+10   4.242651e+06   8.236655e-19   0.000000e+00   0.000000e+00
     5672000   5.671999e-05   4.712655e+01   4.992372e+01   3.812596e+01  -1.303648e+06   3.674637e+06  -1.672611e+06   0.000000e+00   0.000000e+00   0.000000e+00   4.242651e+06   0.000000e+00   0.000000e+00   0.000000e+00
