       time             b_x              b_y              b_z              F_x              F_y              F_z
  0.00000000e+00   1.76796837e-02   1.30128319e-02  -2.73016868e-02   6.98149685e-15   1.40212656e-13   7.13506969e-14
  8.00000000e-08   2.88496863e-02   2.13070702e-02  -2.83024791e-02  -5.90569671e-14   2.09066389e-13   9.71935093e-14
  1.60000000e-07   4.52743143e-02   3.34754870e-02  -2.20028131e-02  -1.74628474e-13   3.01261602e-13   9.90189031e-14
  2.40000000e-07  -4.79969235e-03  -3.54802483e-03  -2.81198723e-03   2.47433891e-14  -2.73817469e-14  -7.68479200e-15
  3.20000000e-07  -3.21777733e-02  -2.37753808e-02  -1.54757635e-02   1.66247312e-13  -1.71465392e-13  -8.22455937e-14
  4.00000000e-07  -2.39901877e-02  -1.77954412e-02  -1.82007469e-02   1.37886799e-13  -1.01048502e-13  -8.29486569e-14
  4.80000000e-07  -1.71767792e-02  -1.27785026e-02  -1.63068011e-02   1.06347279e-13  -5.42806810e-14  -6.94849901e-14
  5.60000000e-07  -1.36014414e-02  -1.01438696e-02  -1.46775182e-02   8.81678494e-14  -3.06645304e-14  -6.05111044e-14
  6.40000000e-07  -1.09631218e-02  -8.20510310e-03  -1.27319508e-02   7.27756836e-14  -1.64410155e-14  -5.20696685e-14
  7.20000000e-07  -9.32312930e-03  -7.00032256e-03  -1.13875575e-02   6.26555543e-14  -7.92541886e-15  -4.64248235e-14
  8.00000000e-07  -8.11356703e-03  -6.11582531e-03  -1.00856670e-02   5.43132705e-14  -2.96715534e-15  -4.18938835e-14
  8.80000000e-07  -7.19201535e-03  -5.44205277e-03  -9.13702264e-03   4.79963742e-14   7.41781093e-16  -3.82211455e-14
  9.60000000e-07  -6.48758856e-03  -4.92847005e-03  -8.30356659e-03   4.28395348e-14   3.08330470e-15  -3.53006443e-14
  1.04000000e-06  -5.92556440e-03  -4.51957690e-03  -7.56667199e-03   3.85123114e-14   4.56300737e-15  -3.28850047e-14
  1.12000000e-06  -5.44810805e-03  -4.17585034e-03  -6.90386931e-03   3.47619482e-14   5.50629958e-15  -3.07625077e-14
  1.20000000e-06  -5.07388104e-03  -3.90530856e-03  -6.41173910e-03   3.18418421e-14   6.36008425e-15  -2.90716461e-14
  1.28000000e-06  -4.74792354e-03  -3.67209262e-03  -5.97689925e-03   2.92975257e-14   6.98546448e-15  -2.75650764e-14
  1.36000000e-06  -4.46218732e-03  -3.46785237e-03  -5.58683780e-03   2.70503030e-14   7.42198154e-15  -2.62119396e-14
  1.44000000e-06  -4.21043745e-03  -3.28926213e-03  -5.23166237e-03   2.50512194e-14   7.69691516e-15  -2.50004214e-14
  1.52000000e-06  -3.99318496e-03  -3.13537979e-03  -4.92833419e-03   2.33267213e-14   7.92222635e-15  -2.39405642e-14
  1.60000000e-06  -3.79015059e-03  -2.99104379e-03  -4.64912814e-03   2.17452780e-14   8.07749776e-15  -2.29243042e-14
  1.68000000e-06  -3.60087987e-03  -2.85661882e-03  -4.39345653e-03   2.03008781e-14   8.18229221e-15  -2.19587272e-14
  1.76000000e-06  -3.44145138e-03  -2.74551887e-03  -4.19578884e-03   1.91131433e-14   8.36526677e-15  -2.11507192e-14
  1.84000000e-06  -3.29123621e-03  -2.64184037e-03  -4.00605053e-03   1.80034132e-14   8.47708928e-15  -2.03813211e-14
  1.92000000e-06  -3.14601476e-03  -2.54240180e-03  -3.82987242e-03   1.69701768e-14   8.56937365e-15  -1.96286480e-14
  2.00000000e-06  -3.01876228e-03  -2.45432780e-03  -3.67752512e-03   1.60561765e-14   8.65988303e-15  -1.89594821e-14
  2.08000000e-06  -2.89887444e-03  -2.37254467e-03  -3.53812075e-03   1.52163950e-14   8.73910753e-15  -1.83273398e-14
  2.16000000e-06  -2.78459211e-03  -2.29334090e-03  -3.40837444e-03   1.44290188e-14   8.80306117e-15  -1.77114790e-14
  2.24000000e-06  -2.67997260e-03  -2.22170316e-03  -3.29636052e-03   1.37242628e-14   8.88641405e-15  -1.71472817e-14
  2.32000000e-06  -2.57782859e-03  -2.15074720e-03  -3.19082820e-03   1.30544320e-14   8.95904372e-15  -1.65852634e-14
  2.40000000e-06  -2.48373280e-03  -2.08626130e-03  -3.10075500e-03   1.24535330e-14   9.05533326e-15  -1.60680350e-14
  2.48000000e-06  -2.39106997e-03  -2.02161685e-03  -3.01994661e-03   1.18868634e-14   9.16677120e-15  -1.55479640e-14
  2.56000000e-06  -2.30574534e-03  -1.96575796e-03  -2.94227048e-03   1.13660687e-14   9.24728082e-15  -1.50853486e-14
  2.64000000e-06  -2.22606357e-03  -1.91185110e-03  -2.87489990e-03   1.08840781e-14   9.34305438e-15  -1.46409196e-14
  2.72000000e-06  -2.14822321e-03  -1.85742271e-03  -2.80845516e-03   1.04147629e-14   9.41697307e-15  -1.41944709e-14
  2.80000000e-06  -2.07332820e-03  -1.80760103e-03  -2.75493231e-03   9.99406651e-15   9.53287567e-15  -1.37762426e-14
  2.88000000e-06  -2.00004658e-03  -1.75752987e-03  -2.69924633e-03   9.57884552e-15   9.61442568e-15  -1.33577203e-14
  2.96000000e-06  -1.93253340e-03  -1.71072365e-03  -2.66331978e-03   9.21812251e-15   9.77280438e-15  -1.29661100e-14
  3.04000000e-06  -1.86222845e-03  -1.66266631e-03  -2.61835129e-03   8.84610274e-15   9.87322147e-15  -1.25610865e-14
  3.12000000e-06  -1.79743311e-03  -1.62014319e-03  -2.58903978e-03   8.52363912e-15   1.00326185e-14  -1.21956217e-14
  3.20000000e-06  -1.74040185e-03  -1.57816729e-03  -2.54658175e-03   8.18696607e-15   1.00865782e-14  -1.18460437e-14
  3.28000000e-06  -1.68074640e-03  -1.53644884e-03  -2.53005765e-03   7.90186319e-15   1.02808303e-14  -1.14926227e-14
  3.36000000e-06  -1.62282646e-03  -1.49454834e-03  -2.49722685e-03   7.59473486e-15   1.03679876e-14  -1.11405159e-14
  3.44000000e-06  -1.56626663e-03  -1.45539767e-03  -2.47289695e-03   7.31428704e-15   1.04894062e-14  -1.08061038e-14
  3.52000000e-06  -1.51450628e-03  -1.41889173e-03  -2.45069169e-03   7.04848488e-15   1.06023917e-14  -1.04944333e-14
  3.60000000e-06  -1.46190138e-03  -1.38192383e-03  -2.44177328e-03   6.80673140e-15   1.07846814e-14  -1.01788231e-14
  3.68000000e-06  -1.41366472e-03  -1.34778822e-03  -2.42636865e-03   6.56528369e-15   1.09118983e-14  -9.88639459e-15
  3.76000000e-06  -1.36154415e-03  -1.31142798e-03  -2.41062822e-03   6.32236453e-15   1.10379124e-14  -9.57576342e-15
  3.84000000e-06  -1.31357498e-03  -1.27672342e-03  -2.40706164e-03   6.10378830e-15   1.12182825e-14  -9.28120291e-15
  3.92000000e-06  -1.26593908e-03  -1.24171879e-03  -2.40718909e-03   5.89199295e-15   1.14129680e-14  -8.98583372e-15
  4.00000000e-06  -1.22716806e-03  -1.21296108e-03  -2.38297380e-03   5.66267356e-15   1.14406656e-14  -8.73955653e-15
  4.08000000e-06  -1.18358240e-03  -1.18197362e-03  -2.38425494e-03   5.46653701e-15   1.16215212e-14  -8.47494455e-15
  4.16000000e-06  -1.14224173e-03  -1.15161004e-03  -2.38495179e-03   5.27166626e-15   1.17892554e-14  -8.21741645e-15
  4.24000000e-06  -1.10129304e-03  -1.12088582e-03  -2.38833008e-03   5.08079926e-15   1.19669417e-14  -7.95912769e-15
  4.32000000e-06  -1.06185587e-03  -1.09217158e-03  -2.39407715e-03   4.89727428e-15   1.21510040e-14  -7.71536568e-15
  4.40000000e-06  -1.02261862e-03  -1.06157815e-03  -2.38174123e-03   4.69135501e-15   1.22223750e-14  -7.46196651e-15
  4.48000000e-06  -9.90130632e-04  -1.03597894e-03  -2.38694208e-03   4.51602157e-15   1.23807627e-14  -7.24678694e-15
  4.56000000e-06  -9.53774467e-04  -1.00875756e-03  -2.38933252e-03   4.33553810e-15   1.25256672e-14  -7.01890045e-15
  4.64000000e-06  -9.16912501e-04  -9.80736801e-04  -2.41448779e-03   4.17673353e-15   1.28040774e-14  -6.78700020e-15
  4.72000000e-06  -8.87106216e-04  -9.57325456e-04  -2.39732842e-03   3.98383253e-15   1.28120259e-14  -6.59040332e-15
  4.80000000e-06  -8.54315589e-04  -9.30920916e-04  -2.41143356e-03   3.81649171e-15   1.30097186e-14  -6.37442712e-15
  4.88000000e-06  -8.21288109e-04  -9.05897394e-04  -2.42374086e-03   3.64913103e-15   1.31937440e-14  -6.16780717e-15
  4.96000000e-06  -7.94539140e-04  -8.81876793e-04  -2.42855426e-03   3.47696737e-15   1.33182074e-14  -5.97376180e-15
  5.04000000e-06  -7.63487567e-04  -8.58028703e-04  -2.42658183e-03   3.30006930e-15   1.34058737e-14  -5.77857550e-15
  5.12000000e-06  -7.34199826e-04  -8.32164479e-04  -2.45638707e-03   3.14271156e-15   1.36803525e-14  -5.57391052e-15
  5.20000000e-06  -7.07358179e-04  -8.11095208e-04  -2.45028482e-03   2.96653062e-15   1.37296144e-14  -5.40117788e-15
  5.28000000e-06  -6.79880213e-04  -7.86401533e-04  -2.46625842e-03   2.79895664e-15   1.39114805e-14  -5.20746925e-15
  5.36000000e-06  -6.52177524e-04  -7.64574773e-04  -2.48334289e-03   2.63481712e-15   1.40978987e-14  -5.03243681e-15
  5.44000000e-06  -6.28485854e-04  -7.42299141e-04  -2.48877262e-03   2.46274297e-15   1.42038473e-14  -4.85833968e-15
  5.52000000e-06  -6.04126460e-04  -7.22059332e-04  -2.48865524e-03   2.29088346e-15   1.42742956e-14  -4.69766623e-15
  5.60000000e-06  -5.80171080e-04  -7.00687425e-04  -2.51272343e-03   2.12695278e-15   1.44898045e-14  -4.53166479e-15
  5.68000000e-06  -5.57604212e-04  -6.80085254e-04  -2.51325545e-03   1.95298025e-15   1.45563020e-14  -4.37222422e-15
  5.76000000e-06  -5.34578722e-04  -6.59267399e-04  -2.53883004e-03   1.78636186e-15   1.47749517e-14  -4.21280466e-15
  5.84000000e-06  -5.12512930e-04  -6.39314064e-04  -2.53692526e-03   1.61091634e-15   1.48207743e-14  -4.06032652e-15
  5.92000000e-06  -4.92230893e-04  -6.21267111e-04  -2.52639401e-03   1.43776866e-15   1.48081934e-14  -3.92162017e-15
  6.00000000e-06  -4.71440824e-04  -6.00520592e-04  -2.56768649e-03   1.26798239e-15   1.51134515e-14  -3.76748389e-15
  6.08000000e-06  -4.50620424e-04  -5.80382520e-04  -2.58682929e-03   1.09175000e-15   1.52800572e-14  -3.61842314e-15
  6.16000000e-06  -4.32219257e-04  -5.61879392e-04  -2.59256062e-03   9.15363309e-16   1.53579930e-14  -3.48110565e-15
  6.24000000e-06  -4.11770895e-04  -5.43622784e-04  -2.59959146e-03   7.38687732e-16   1.54447294e-14  -3.34678623e-15
  6.32000000e-06  -3.93838921e-04  -5.24953413e-04  -2.62960701e-03   5.57825355e-16   1.56674824e-14  -3.21127518e-15
  6.40000000e-06  -3.75424837e-04  -5.05980802e-04  -2.65343691e-03   3.73371917e-16   1.58505088e-14  -3.07534209e-15
  6.48000000e-06  -3.56963684e-04  -4.88203396e-04  -2.66147904e-03   1.89921561e-16   1.59337391e-14  -2.94824814e-15
  6.56000000e-06  -3.40477045e-04  -4.69738207e-04  -2.65415359e-03   9.11951828e-18   1.59168559e-14  -2.81817163e-15
  6.64000000e-06  -3.23465558e-04  -4.51407852e-04  -2.69094153e-03  -1.84753575e-16   1.61711865e-14  -2.69052265e-15
  6.72000000e-06  -3.07407283e-04  -4.33597907e-04  -2.68533702e-03  -3.67589539e-16   1.61597855e-14  -2.56721945e-15
  6.80000000e-06  -2.90170834e-04  -4.17211245e-04  -2.70225223e-03  -5.57208749e-16   1.62869941e-14  -2.45477874e-15
  6.88000000e-06  -2.76302361e-04  -3.99520316e-04  -2.71501129e-03  -7.49215045e-16   1.63814829e-14  -2.33432743e-15
  6.96000000e-06  -2.61058032e-04  -3.83032268e-04  -2.72103379e-03  -9.37816259e-16   1.64340453e-14  -2.22339950e-15
  7.04000000e-06  -2.46448040e-04  -3.66799528e-04  -2.71781643e-03  -1.12089942e-15   1.64265377e-14  -2.11530211e-15
  7.12000000e-06  -2.33019818e-04  -3.51597903e-04  -2.77363551e-03  -1.34261726e-15   1.67791199e-14  -2.01419650e-15
  7.20000000e-06  -2.20331501e-04  -3.34913311e-04  -2.73069703e-03  -1.50184339e-15   1.65196050e-14  -1.90491004e-15
  7.28000000e-06  -2.04304344e-04  -3.16700062e-04  -2.80657148e-03  -1.75217512e-15   1.69940482e-14  -1.79009841e-15
  7.36000000e-06  -1.94331603e-04  -3.00775355e-04  -2.78920724e-03  -1.93052837e-15   1.68837571e-14  -1.68616203e-15
  7.44000000e-06  -1.82752530e-04  -2.85812736e-04  -2.80457604e-03  -2.13492962e-15   1.69747567e-14  -1.59077087e-15
  7.52000000e-06  -1.69513730e-04  -2.69844098e-04  -2.82097739e-03  -2.34404778e-15   1.70718645e-14  -1.49217559e-15
  7.60000000e-06  -1.59177174e-04  -2.53525110e-04  -2.78659126e-03  -2.50301138e-15   1.68516692e-14  -1.39019277e-15
  7.68000000e-06  -1.45518246e-04  -2.37807329e-04  -2.82926915e-03  -2.74074779e-15   1.71056012e-14  -1.29680434e-15
  7.76000000e-06  -1.35996163e-04  -2.23690339e-04  -2.82780512e-03  -2.93229037e-15   1.70812804e-14  -1.21017433e-15
  7.84000000e-06  -1.23834646e-04  -2.08236092e-04  -2.84759367e-03  -3.15027943e-15   1.71880217e-14  -1.11991144e-15
  7.92000000e-06  -1.14418423e-04  -1.94362641e-04  -2.88141370e-03  -3.38770913e-15   1.73735429e-14  -1.03739055e-15
  8.00000000e-06  -1.05836544e-04  -1.79817104e-04  -2.91232635e-03  -3.62821018e-15   1.75368956e-14  -9.50936195e-16
  8.08000000e-06  -9.44167196e-05  -1.65461578e-04  -2.90774572e-03  -3.82403282e-15   1.74857438e-14  -8.70834788e-16
  8.16000000e-06  -8.59829483e-05  -1.52551787e-04  -2.90017885e-03  -4.01150005e-15   1.74108056e-14  -7.96891859e-16
  8.24000000e-06  -7.51930483e-05  -1.36438543e-04  -2.92724967e-03  -4.25436004e-15   1.75458233e-14  -7.08524558e-16
  8.32000000e-06  -6.61728084e-05  -1.23922876e-04  -2.93596168e-03  -4.46844365e-15   1.75646166e-14  -6.40665152e-16
  8.40000000e-06  -5.97927793e-05  -1.12116976e-04  -2.94109944e-03  -4.67637234e-15   1.75561095e-14  -5.74181403e-16
  8.48000000e-06  -5.27366291e-05  -9.90820922e-05  -2.95063090e-03  -4.89400745e-15   1.75723037e-14  -5.02606801e-16
  8.56000000e-06  -4.41866044e-05  -8.61649766e-05  -2.99378668e-03  -5.17316379e-15   1.77879179e-14  -4.35605847e-16
  8.64000000e-06  -3.84175128e-05  -7.37020331e-05  -2.94143273e-03  -5.28171640e-15   1.74286401e-14  -3.67717334e-16
  8.72000000e-06  -3.18392928e-05  -6.42418996e-05  -2.98314847e-03  -5.55733140e-15   1.76273949e-14  -3.20291077e-16
  8.80000000e-06  -2.65210794e-05  -5.16667998e-05  -2.97786232e-03  -5.75156096e-15   1.75426983e-14  -2.53147189e-16
  8.88000000e-06  -1.97133022e-05  -4.24614570e-05  -3.03552646e-03  -6.06823974e-15   1.78278534e-14  -2.09970691e-16
  8.96000000e-06  -1.48213467e-05  -3.19681123e-05  -3.04972457e-03  -6.30519916e-15   1.78502601e-14  -1.56469074e-16
  9.04000000e-06  -1.13889959e-05  -2.48169916e-05  -3.04792331e-03  -6.50273187e-15   1.77751827e-14  -1.20431827e-16
  9.12000000e-06  -6.57554529e-06  -1.60578185e-05  -3.05942298e-03  -6.73312083e-15   1.77762388e-14  -7.88297917e-17
  9.20000000e-06  -3.14730371e-06  -5.08889889e-06  -3.01864549e-03  -6.84727330e-15   1.74704923e-14  -2.23130277e-17
  9.28000000e-06   8.71928689e-07   5.65181951e-07  -3.09202035e-03  -7.21748306e-15   1.78223094e-14   1.22241016e-18
  9.36000000e-06   2.70545264e-06   6.40444385e-06  -3.07282379e-03  -7.37472009e-15   1.76340364e-14   3.02601928e-17
  9.44000000e-06   5.21292878e-06   1.19950724e-05  -3.09948546e-03  -7.64164319e-15   1.77071197e-14   5.56746732e-17
  9.52000000e-06   6.82368182e-06   1.81911842e-05  -3.10462622e-03  -7.85845584e-15   1.76526252e-14   8.61612757e-17
  9.60000000e-06   8.76658776e-06   2.18654612e-05  -3.13617916e-03  -8.14061601e-15   1.77451030e-14   1.00963441e-16
  9.68000000e-06   8.13064150e-06   2.63496929e-05  -3.14220896e-03  -8.36116716e-15   1.76856435e-14   1.26671913e-16
  9.76000000e-06   6.91085457e-06   2.74379509e-05  -3.18189164e-03  -8.66919153e-15   1.78106397e-14   1.34755040e-16
  9.84000000e-06   7.87875072e-06   2.95062825e-05  -3.19500635e-03  -8.91046369e-15   1.77850345e-14   1.42274187e-16
  9.92000000e-06   6.34402569e-06   3.09777433e-05  -3.20284035e-03  -9.13729883e-15   1.77233696e-14   1.53321015e-16
  1.00000000e-05   3.46770474e-06   2.87356251e-05  -3.20957482e-03  -9.35622977e-15   1.76509055e-14   1.47921512e-16
  1.00800000e-05   9.17141401e-07   2.52458519e-05  -3.22668823e-03  -9.60514367e-15   1.76321570e-14   1.35225197e-16
  1.01600000e-05  -2.43724189e-06   2.14101461e-05  -3.25397189e-03  -9.88659516e-15   1.76633680e-14   1.23624705e-16
  1.02400000e-05  -7.59914145e-06   2.12134118e-05  -3.28748436e-03  -1.01951393e-14   1.77209473e-14   1.37915807e-16
  1.03200000e-05  -1.25608957e-05   1.35467083e-05  -3.31630886e-03  -1.04837313e-14   1.77478341e-14   1.12206011e-16
  1.04000000e-05  -1.57791028e-05   7.05661746e-06  -3.32886435e-03  -1.07252158e-14   1.76849756e-14   8.83275373e-17
  1.04800000e-05  -2.49000496e-05  -2.40213570e-06  -3.36945124e-03  -1.10565743e-14   1.77579658e-14   6.90475060e-17
  1.05600000e-05  -3.13872999e-05  -1.14670421e-05  -3.39463731e-03  -1.13418066e-14   1.77471840e-14   4.49181944e-17
  1.06400000e-05  -3.96640040e-05  -2.48649874e-05  -3.43350260e-03  -1.16720898e-14   1.77990219e-14   5.93835605e-18
  1.07200000e-05  -4.87380563e-05  -3.84120257e-05  -3.46061700e-03  -1.19668091e-14   1.77819481e-14  -2.88392590e-17
  1.08000000e-05  -5.91785220e-05  -5.40174036e-05  -3.50648011e-03  -1.23286443e-14   1.78527649e-14  -6.69529139e-17
  1.08800000e-05  -6.84902709e-05  -6.83601272e-05  -3.54603604e-03  -1.26756596e-14   1.78848371e-14  -9.99567901e-17
  1.09600000e-05  -8.20389452e-05  -9.06120894e-05  -3.58258234e-03  -1.30066201e-14   1.78884110e-14  -1.54597119e-16
  1.10400000e-05  -9.41234187e-05  -1.11335498e-04  -3.62796727e-03  -1.33782853e-14   1.79294506e-14  -2.03136995e-16
  1.11200000e-05  -1.06758006e-04  -1.33946186e-04  -3.67634951e-03  -1.37648089e-14   1.79756698e-14  -2.55217532e-16
  1.12000000e-05  -1.21069273e-04  -1.61610484e-04  -3.71918483e-03  -1.41300462e-14   1.79829456e-14  -3.21446277e-16
  1.12800000e-05  -1.39638129e-04  -1.90889553e-04  -3.79209880e-03  -1.46177501e-14   1.81198228e-14  -3.73853546e-16
  1.13600000e-05  -1.56585266e-04  -2.21615195e-04  -3.83658863e-03  -1.50007789e-14   1.81096438e-14  -4.33841480e-16
  1.14400000e-05  -1.74801623e-04  -2.50883568e-04  -3.90608716e-03  -1.54928310e-14   1.82057057e-14  -4.76010982e-16
  1.15200000e-05  -1.96312646e-04  -2.90361389e-04  -3.96149505e-03  -1.59239166e-14   1.82174567e-14  -5.46152344e-16
  1.16000000e-05  -2.17226924e-04  -3.28307582e-04  -4.02195158e-03  -1.63856158e-14   1.82408846e-14  -6.03991313e-16
  1.16800000e-05  -2.40812713e-04  -3.70577137e-04  -4.09131939e-03  -1.68878950e-14   1.82877469e-14  -6.62427162e-16
  1.17600000e-05  -2.64072506e-04  -4.15431811e-04  -4.16998801e-03  -1.74377479e-14   1.83602532e-14  -7.24847036e-16
  1.18400000e-05  -2.86588530e-04  -4.56863432e-04  -4.20705780e-03  -1.78197736e-14   1.82336461e-14  -7.66175217e-16
  1.19200000e-05  -3.15606653e-04  -5.14108831e-04  -4.32041500e-03  -1.85268997e-14   1.84173779e-14  -8.38188880e-16
  1.20000000e-05  -3.43458951e-04  -5.69750205e-04  -4.41290923e-03  -1.91586236e-14   1.84887174e-14  -8.95950843e-16
  1.20800000e-05  -3.75096045e-04  -6.27448381e-04  -4.49139227e-03  -1.97362145e-14   1.84746988e-14  -9.32660431e-16
  1.21600000e-05  -4.07335849e-04  -6.87942066e-04  -4.61455425e-03  -2.05297542e-14   1.86231552e-14  -9.64155316e-16
  1.22400000e-05  -4.43335650e-04  -7.57118344e-04  -4.70995699e-03  -2.11993560e-14   1.86242497e-14  -9.98380853e-16
  1.23200000e-05  -4.77707331e-04  -8.26304550e-04  -4.81913964e-03  -2.19489391e-14   1.86556220e-14  -1.02301585e-15
  1.24000000e-05  -5.16649576e-04  -9.00965177e-04  -4.93766964e-03  -2.27517186e-14   1.86885351e-14  -1.02944383e-15
  1.24800000e-05  -5.57100559e-04  -9.80735351e-04  -5.05919207e-03  -2.35798177e-14   1.86972519e-14  -1.02797566e-15
  1.25600000e-05  -6.00456968e-04  -1.06468980e-03  -5.19588502e-03  -2.44948145e-14   1.87237310e-14  -1.00596595e-15
  1.26400000e-05  -6.46573928e-04  -1.15480634e-03  -5.31200952e-03  -2.53164875e-14   1.86318625e-14  -9.68976476e-16
  1.27200000e-05  -6.93455945e-04  -1.24725125e-03  -5.46745995e-03  -2.63512425e-14   1.86407866e-14  -9.10170102e-16
  1.28000000e-05  -7.43164581e-04  -1.34406848e-03  -5.61421625e-03  -2.73557147e-14   1.85673221e-14  -8.23971480e-16
  1.28800000e-05  -8.01156084e-04  -1.45650087e-03  -5.75568137e-03  -2.83305770e-14   1.84168035e-14  -7.17009142e-16
  1.29600000e-05  -8.56756655e-04  -1.56592334e-03  -5.92218188e-03  -2.94575795e-14   1.83010785e-14  -5.77508218e-16
  1.30400000e-05  -9.18796577e-04  -1.68449656e-03  -6.08497309e-03  -3.05711224e-14   1.81069624e-14  -3.96464079e-16
  1.31200000e-05  -9.82447477e-04  -1.80854858e-03  -6.26616731e-03  -3.17941022e-14   1.79052185e-14  -1.82954243e-16
  1.32000000e-05  -1.05084307e-03  -1.94201064e-03  -6.45592253e-03  -3.30696392e-14   1.76520289e-14   7.28901920e-17
  1.32800000e-05  -1.12176183e-03  -2.07954521e-03  -6.66609050e-03  -3.44687077e-14   1.73778679e-14   3.79175525e-16
  1.33600000e-05  -1.19772251e-03  -2.22601487e-03  -6.87535003e-03  -3.58677590e-14   1.70069958e-14   7.42041726e-16
  1.34400000e-05  -1.27876489e-03  -2.37779792e-03  -7.08627604e-03  -3.72803148e-14   1.65451721e-14   1.17574900e-15
  1.35200000e-05  -1.36526252e-03  -2.54279459e-03  -7.31113201e-03  -3.87635236e-14   1.60143845e-14   1.66883808e-15
  1.36000000e-05  -1.45498640e-03  -2.71234367e-03  -7.53264142e-03  -4.02254055e-14   1.53671637e-14   2.23645170e-15
  1.36800000e-05  -1.54790298e-03  -2.88556849e-03  -7.76609861e-03  -4.17492424e-14   1.46340537e-14   2.88384344e-15
  1.37600000e-05  -1.64852735e-03  -3.07417921e-03  -8.02569448e-03  -4.33998674e-14   1.38235172e-14   3.61961193e-15
  1.38400000e-05  -1.75929571e-03  -3.27402578e-03  -8.27324761e-03  -4.49510227e-14   1.28433444e-14   4.47619878e-15
  1.39200000e-05  -1.87320130e-03  -3.48184628e-03  -8.55345073e-03  -4.66626392e-14   1.17774670e-14   5.42484999e-15
  1.40000000e-05  -1.99436780e-03  -3.69675643e-03  -8.81754788e-03  -4.82354403e-14   1.05222250e-14   6.49853074e-15
  1.40800000e-05  -2.12026903e-03  -3.91952470e-03  -9.10082119e-03  -4.98665727e-14   9.13321236e-15   7.68421849e-15
  1.41600000e-05  -2.25804573e-03  -4.15924595e-03  -9.38619566e-03  -5.14280292e-14   7.55837661e-15   9.02279238e-15
  1.42400000e-05  -2.40249520e-03  -4.40894455e-03  -9.67071619e-03  -5.28928700e-14   5.79927984e-15   1.04962405e-14
  1.43200000e-05  -2.55447206e-03  -4.66193971e-03  -9.98704224e-03  -5.44530051e-14   3.86994239e-15   1.21214309e-14
  1.44000000e-05  -2.71989507e-03  -4.93720683e-03  -1.02940699e-02  -5.58081020e-14   1.71390895e-15   1.39235754e-14
  1.44800000e-05  -2.89163467e-03  -5.21960668e-03  -1.05787941e-02  -5.68749707e-14  -6.64822413e-16   1.58743754e-14
  1.45600000e-05  -3.07191171e-03  -5.50852068e-03  -1.08918372e-02  -5.79401422e-14  -3.24865793e-15   1.79843214e-14
  1.46400000e-05  -3.26428454e-03  -5.80885885e-03  -1.12058461e-02  -5.87993534e-14  -6.06753263e-15   2.02736374e-14
  1.47200000e-05  -3.47117585e-03  -6.12991167e-03  -1.15021363e-02  -5.92899254e-14  -9.12044576e-15   2.27534501e-14
  1.48000000e-05  -3.68441905e-03  -6.45188795e-03  -1.17913927e-02  -5.94790612e-14  -1.23875426e-14   2.53633164e-14
  1.48800000e-05  -3.91614076e-03  -6.79507472e-03  -1.20730538e-02  -5.92930418e-14  -1.58817479e-14   2.81716264e-14
  1.49600000e-05  -4.15883755e-03  -7.14497940e-03  -1.23547665e-02  -5.87673878e-14  -1.95909653e-14   3.11119649e-14
  1.50400000e-05  -4.40921163e-03  -7.49642050e-03  -1.26104603e-02  -5.77250861e-14  -2.34692784e-14   3.41349714e-14
  1.51200000e-05  -4.67962161e-03  -7.87295053e-03  -1.28619971e-02  -5.62116065e-14  -2.75457283e-14   3.73126508e-14
  1.52000000e-05  -4.95727348e-03  -8.24832491e-03  -1.30805912e-02  -5.40842508e-14  -3.17331805e-14   4.05070380e-14
  1.52800000e-05  -5.25357350e-03  -8.64256981e-03  -1.32722272e-02  -5.13080333e-14  -3.60296400e-14   4.37710410e-14
  1.53600000e-05  -5.55502381e-03  -9.02738861e-03  -1.34154755e-02  -4.78191207e-14  -4.03261952e-14   4.69365839e-14
  1.54400000e-05  -5.87685488e-03  -9.43757536e-03  -1.35639598e-02  -4.38033603e-14  -4.47275065e-14   5.00993231e-14
  1.55200000e-05  -6.20451172e-03  -9.84169226e-03  -1.36650658e-02  -3.90566416e-14  -4.90546560e-14   5.30629145e-14
  1.56000000e-05  -6.54682560e-03  -1.02554745e-02  -1.37085558e-02  -3.34974060e-14  -5.32624335e-14   5.58434612e-14
  1.56800000e-05  -6.89704666e-03  -1.06730987e-02  -1.37158314e-02  -2.72735405e-14  -5.73297583e-14   5.83262530e-14
  1.57600000e-05  -7.25737496e-03  -1.10887488e-02  -1.36824056e-02  -2.04133757e-14  -6.12166009e-14   6.04398857e-14
  1.58400000e-05  -7.63063213e-03  -1.15156657e-02  -1.35986532e-02  -1.28707544e-14  -6.48739012e-14   6.21589605e-14
  1.59200000e-05  -8.00485816e-03  -1.19365507e-02  -1.34544476e-02  -4.73062031e-15  -6.81964470e-14   6.33172254e-14
  1.60000000e-05  -8.37280141e-03  -1.23419202e-02  -1.32757670e-02   3.78009001e-15  -7.11873920e-14   6.37958749e-14
  1.60800000e-05  -8.75334025e-03  -1.27498461e-02  -1.30234687e-02   1.27990154e-14  -7.38083650e-14   6.36551732e-14
  1.61600000e-05  -9.13721323e-03  -1.31660452e-02  -1.27119107e-02   2.21928785e-14  -7.60499391e-14   6.28147798e-14
  1.62400000e-05  -9.50229440e-03  -1.35498650e-02  -1.23654658e-02   3.15764205e-14  -7.78651775e-14   6.10582902e-14
  1.63200000e-05  -9.87533164e-03  -1.39509587e-02  -1.19565549e-02   4.11650987e-14  -7.93259683e-14   5.85581981e-14
  1.64000000e-05  -1.02222653e-02  -1.43142631e-02  -1.15007130e-02   5.05000763e-14  -8.03102239e-14   5.50710639e-14
  1.64800000e-05  -1.05775876e-02  -1.46966151e-02  -1.09891452e-02   5.97804940e-14  -8.10117729e-14   5.08015339e-14
  1.65600000e-05  -1.09081356e-02  -1.50504606e-02  -1.04338854e-02   6.85868381e-14  -8.13075646e-14   4.55785878e-14
  1.66400000e-05  -1.12279940e-02  -1.53945468e-02  -9.83278953e-03   7.68992250e-14  -8.13144814e-14   3.94980026e-14
  1.67200000e-05  -1.15206976e-02  -1.57160833e-02  -9.20596572e-03   8.44918732e-14  -8.10043508e-14   3.25512625e-14
  1.68000000e-05  -1.17920150e-02  -1.60222210e-02  -8.54215459e-03   9.13115040e-14  -8.04364657e-14   2.48209284e-14
  1.68800000e-05  -1.20381823e-02  -1.63124836e-02  -7.85631406e-03   9.72364192e-14  -7.96437149e-14   1.63737157e-14
  1.69600000e-05  -1.22611965e-02  -1.65877008e-02  -7.13976019e-03   1.02187766e-13  -7.86743162e-14   7.29460542e-15
  1.70400000e-05  -1.24541156e-02  -1.68443597e-02  -6.42095448e-03   1.06052845e-13  -7.75255866e-14  -2.32450275e-15
  1.71200000e-05  -1.26229770e-02  -1.70877288e-02  -5.65784228e-03   1.08806791e-13  -7.62787525e-14  -1.23783913e-14
  1.72000000e-05  -1.27572830e-02  -1.73090559e-02  -4.90858099e-03   1.10341588e-13  -7.48745275e-14  -2.27461837e-14
  1.72800000e-05  -1.28625306e-02  -1.75131816e-02  -4.16648016e-03   1.10666862e-13  -7.33550320e-14  -3.33077062e-14
  1.73600000e-05  -1.29463924e-02  -1.77130186e-02  -3.41514273e-03   1.09834702e-13  -7.18004521e-14  -4.39690005e-14
  1.74400000e-05  -1.29919364e-02  -1.78859012e-02  -2.68707276e-03   1.07732746e-13  -7.00582726e-14  -5.45581215e-14
  1.75200000e-05  -1.30126258e-02  -1.80457009e-02  -1.95992857e-03   1.04439399e-13  -6.82532346e-14  -6.49785732e-14
  1.76000000e-05  -1.30020373e-02  -1.81851666e-02  -1.27000154e-03   9.99965551e-14  -6.62523305e-14  -7.50780734e-14
  1.76800000e-05  -1.20254298e-02  -1.69928360e-02  -6.03583617e-04   8.77757555e-14  -5.93244660e-14  -7.86142264e-14
  1.77600000e-05  -2.02994823e-03  -2.92762050e-03  -2.11997333e-05   1.44697467e-14  -9.92985931e-15  -1.42443810e-14
  1.78400000e-05   7.73517937e-03   1.11135646e-02  -4.17316985e-04  -5.46765931e-14   4.00459393e-14   5.30049796e-14
  1.79200000e-05   7.68188860e-03   1.11504649e-02  -8.15178686e-04  -5.62372830e-14   4.23761665e-14   4.96889971e-14
  1.80000000e-05   7.62133239e-03   1.11738878e-02  -1.24777739e-03  -5.76722015e-14   4.44954973e-14   4.62010905e-14
  1.80800000e-05   7.56103990e-03   1.11847559e-02  -1.69213446e-03  -5.90311935e-14   4.63477762e-14   4.25801584e-14
  1.81600000e-05   7.49155847e-03   1.11765894e-02  -2.14064926e-03  -6.02906946e-14   4.78462954e-14   3.88139879e-14
  1.82400000e-05   7.41482599e-03   1.11474206e-02  -2.60337229e-03  -6.14204482e-14   4.90128705e-14   3.49335927e-14
  1.83200000e-05   7.32777126e-03   1.10921616e-02  -3.06298540e-03  -6.24066316e-14   4.97763650e-14   3.09586733e-14
  1.84000000e-05   7.24179329e-03   1.10248725e-02  -3.54011241e-03  -6.33057203e-14   5.02413274e-14   2.69644788e-14
  1.84800000e-05   7.14859779e-03   1.09458717e-02  -4.01317834e-03  -6.41402545e-14   5.03092373e-14   2.29657318e-14
  1.85600000e-05   7.04460076e-03   1.08396424e-02  -4.48669230e-03  -6.48048989e-14   4.99667368e-14   1.89665159e-14
  1.86400000e-05   6.93462655e-03   1.07106320e-02  -4.95625638e-03  -6.53204390e-14   4.92399990e-14   1.50150949e-14
  1.87200000e-05   6.81800710e-03   1.05593395e-02  -5.44506741e-03  -6.56795364e-14   4.81556205e-14   1.11455006e-14
  1.88000000e-05   6.69882671e-03   1.03942028e-02  -5.91032149e-03  -6.59373375e-14   4.67000458e-14   7.39502023e-15
  1.88800000e-05   6.57338134e-03   1.02122535e-02  -6.36922439e-03  -6.60623915e-14   4.48844057e-14   3.78658922e-15
  1.89600000e-05   6.43903561e-03   1.00049809e-02  -6.81797839e-03  -6.59909689e-14   4.27066873e-14   3.46347896e-16
  1.90400000e-05   6.29304805e-03   9.77715089e-03  -7.26419067e-03  -6.57474320e-14   4.01705628e-14  -2.89063104e-15
  1.91200000e-05   6.14528756e-03   9.53635008e-03  -7.68706955e-03  -6.53605359e-14   3.73589053e-14  -5.90494052e-15
  1.92000000e-05   5.99031447e-03   9.27885123e-03  -8.09333510e-03  -6.47986925e-14   3.42676346e-14  -8.67383601e-15
  1.92800000e-05   5.83151702e-03   9.00683722e-03  -8.49167690e-03  -6.40738540e-14   3.09415228e-14  -1.11830104e-14
  1.93600000e-05   5.66628725e-03   8.71927609e-03  -8.87195003e-03  -6.31629630e-14   2.73978523e-14  -1.34141934e-14
  1.94400000e-05   5.49206652e-03   8.41892624e-03  -9.22259668e-03  -6.20620802e-14   2.36653871e-14  -1.53548864e-14
  1.95200000e-05   5.31439607e-03   8.10643808e-03  -9.56580348e-03  -6.07914118e-14   1.97886878e-14  -1.70036807e-14
  1.96000000e-05   5.13062898e-03   7.78499227e-03  -9.86873652e-03  -5.93251848e-14   1.58280096e-14  -1.83564107e-14
  1.96800000e-05   4.94410871e-03   7.45591803e-03  -1.01661870e-02  -5.77078699e-14   1.17886144e-14  -1.94191823e-14
  1.97600000e-05   4.75508857e-03   7.12460617e-03  -1.04290095e-02  -5.59306757e-14   7.75116156e-15  -2.02062664e-14
  1.98400000e-05   4.55844152e-03   6.77970778e-03  -1.06589257e-02  -5.39251444e-14   3.72209759e-15  -2.06943824e-14
  1.99200000e-05   4.36083469e-03   6.43923457e-03  -1.08547914e-02  -5.17949775e-14  -2.19574769e-16  -2.09385165e-14
  2.00000000e-05   4.15244300e-03   6.07994984e-03  -1.10598594e-02  -4.94645477e-14  -4.20358250e-15  -2.08823889e-14
  2.00800000e-05   3.95028268e-03   5.73475150e-03  -1.12261431e-02  -4.70596792e-14  -7.99549198e-15  -2.06438840e-14
  2.01600000e-05   3.74170950e-03   5.38557620e-03  -1.13485429e-02  -4.44757771e-14  -1.16199020e-14  -2.01783883e-14
  2.02400000e-05   3.53230255e-03   5.04086246e-03  -1.14601300e-02  -4.18098927e-14  -1.51108132e-14  -1.95335238e-14
  2.03200000e-05   3.32180468e-03   4.69552319e-03  -1.15446267e-02  -3.90185635e-14  -1.84054335e-14  -1.87130508e-14
  2.04000000e-05   3.11442915e-03   4.36130106e-03  -1.16023214e-02  -3.61760697e-14  -2.14641002e-14  -1.77791324e-14
  2.04800000e-05   2.90998216e-03   4.03382095e-03  -1.16279157e-02  -3.32624017e-14  -2.42568873e-14  -1.67391079e-14
  2.05600000e-05   2.70194021e-03   3.70941269e-03  -1.16503992e-02  -3.03010411e-14  -2.69057649e-14  -1.55939881e-14
  2.06400000e-05   2.49616510e-03   3.39186691e-03  -1.16304452e-02  -2.72827596e-14  -2.92352910e-14  -1.43816066e-14
  2.07200000e-05   2.29050744e-03   3.08079410e-03  -1.15964585e-02  -2.42460324e-14  -3.13502398e-14  -1.31177421e-14
  2.08000000e-05   2.08954199e-03   2.78128008e-03  -1.15516122e-02  -2.12288274e-14  -3.32396404e-14  -1.18431326e-14
  2.08800000e-05   1.89381247e-03   2.49558160e-03  -1.14883794e-02  -1.82481183e-14  -3.48751214e-14  -1.05839319e-14
  2.09600000e-05   1.70125680e-03   2.21939448e-03  -1.14005978e-02  -1.52923363e-14  -3.62453191e-14  -9.33800615e-15
  2.10400000e-05   1.51185327e-03   1.95319617e-03  -1.12901868e-02  -1.23804262e-14  -3.73604895e-14  -8.12119004e-15
  2.11200000e-05   1.32629443e-03   1.69422698e-03  -1.11907513e-02  -9.51654711e-15  -3.83575516e-14  -6.93502521e-15
  2.12000000e-05   1.14517125e-03   1.44690093e-03  -1.10802090e-02  -6.72275572e-15  -3.91539711e-14  -5.80770847e-15
  2.12800000e-05   9.70119020e-04   1.21107769e-03  -1.09403278e-02  -4.01015539e-15  -3.96754050e-14  -4.74760237e-15
  2.13600000e-05   8.05972954e-04   9.98177151e-04  -1.07809084e-02  -1.45084475e-15  -3.99466132e-14  -3.80702040e-15
  2.14400000e-05   6.41136221e-04   7.81506882e-04  -1.06430821e-02   1.09277494e-15  -4.02018745e-14  -2.88613991e-15
  2.15200000e-05   4.83831655e-04   5.78385119e-04  -1.04829224e-02   3.51546442e-15  -4.02318011e-14  -2.05749706e-15
  2.16000000e-05   3.31310337e-04   3.85550206e-04  -1.03233375e-02   5.83670671e-15  -4.01524650e-14  -1.31227231e-15
  2.16800000e-05   1.90046573e-04   2.08516453e-04  -1.01277926e-02   7.99486160e-15  -3.97951409e-14  -6.69301384e-16
  2.17600000e-05   4.76398867e-05   3.14403689e-05  -9.98749579e-03   1.01437541e-14  -3.95958965e-14  -7.62615888e-17
  2.18400000e-05  -9.19732112e-05  -1.36499803e-04  -9.81049222e-03   1.21530636e-14  -3.91747361e-14   4.31128976e-16
  2.19200000e-05  -2.19460118e-04  -2.88602116e-04  -9.61959003e-03   1.40009981e-14  -3.85891830e-14   8.38316308e-16
  2.20000000e-05  -3.41136152e-04  -4.32836761e-04  -9.43529566e-03   1.57476288e-14  -3.79594746e-14   1.17200043e-15
  2.20800000e-05  -4.56351154e-04  -5.67607582e-04  -9.27032931e-03   1.74091346e-14  -3.73365127e-14   1.42905485e-15
  2.21600000e-05  -5.69798454e-04  -6.98882365e-04  -9.08739213e-03   1.89592798e-14  -3.66067455e-14   1.62652171e-15
  2.22400000e-05  -6.76483995e-04  -8.21931960e-04  -8.90370639e-03   2.03968416e-14  -3.58196859e-14   1.75693212e-15
  2.23200000e-05  -7.73440060e-04  -9.35222130e-04  -8.72959132e-03   2.17341948e-14  -3.50042997e-14   1.82444953e-15
  2.24000000e-05  -8.69791588e-04  -1.04231523e-03  -8.55170156e-03   2.29669552e-14  -3.41603163e-14   1.82763085e-15
  2.24800000e-05  -9.52000738e-04  -1.13685731e-03  -8.38222896e-03   2.40889562e-14  -3.32701828e-14   1.77646619e-15
  2.25600000e-05  -1.03717035e-03  -1.23092918e-03  -8.19297011e-03   2.50961957e-14  -3.23262860e-14   1.67977403e-15
  2.26400000e-05  -1.11850085e-03  -1.32464310e-03  -8.05753300e-03   2.61650049e-14  -3.15419380e-14   1.55335760e-15
  2.27200000e-05  -1.19671941e-03  -1.40875369e-03  -7.88852970e-03   2.70451802e-14  -3.06356074e-14   1.36812987e-15
  2.28000000e-05  -1.26527113e-03  -1.48888915e-03  -7.71242724e-03   2.78236813e-14  -2.96692514e-14   1.16302242e-15
  2.28800000e-05  -1.33011012e-03  -1.56075089e-03  -7.57203988e-03   2.85984926e-14  -2.88019764e-14   9.13038757e-16
  2.29600000e-05  -1.39081281e-03  -1.62875915e-03  -7.41248784e-03   2.92446027e-14  -2.78690941e-14   6.36530415e-16
  2.30400000e-05  -1.44583150e-03  -1.69391669e-03  -7.26317502e-03   2.98490759e-14  -2.69524411e-14   3.43989434e-16
  2.31200000e-05  -1.49711937e-03  -1.75451020e-03  -7.12651553e-03   3.04162626e-14  -2.60657622e-14   2.74846418e-17
  2.32000000e-05  -1.54832257e-03  -1.81077494e-03  -6.96955053e-03   3.08480044e-14  -2.51424273e-14  -3.20735787e-16
  2.32800000e-05  -1.58911294e-03  -1.86237930e-03  -6.83484901e-03   3.12756809e-14  -2.42436074e-14  -6.65676273e-16
  2.33600000e-05  -1.63352612e-03  -1.91578078e-03  -6.69623153e-03   3.16517893e-14  -2.33713189e-14  -1.03486579e-15
  2.34400000e-05  -1.67158211e-03  -1.96274351e-03  -6.55772891e-03   3.19495006e-14  -2.24890795e-14  -1.41297679e-15
  2.35200000e-05  -1.70584904e-03  -2.00297568e-03  -6.42188860e-03   3.21778863e-14  -2.16161641e-14  -1.80538257e-15
  2.36000000e-05  -1.73804050e-03  -2.04367626e-03  -6.30692977e-03   3.24390375e-14  -2.07969711e-14  -2.20045018e-15
  2.36800000e-05  -1.76594230e-03  -2.07994355e-03  -6.19821404e-03   3.26622336e-14  -1.99866086e-14  -2.59891030e-15
  2.37600000e-05  -1.79367553e-03  -2.11668676e-03  -6.06749316e-03   3.27691532e-14  -1.91558430e-14  -3.00458668e-15
  2.38400000e-05  -1.81878698e-03  -2.15199842e-03  -5.95924123e-03   3.29144062e-14  -1.83735585e-14  -3.41057259e-15
  2.39200000e-05  -1.84195610e-03  -2.18204036e-03  -5.84524028e-03   3.29772584e-14  -1.75932989e-14  -3.82420106e-15
  2.40000000e-05  -1.85921414e-03  -2.20781206e-03  -5.71377868e-03   3.29166802e-14  -1.67839291e-14  -4.22546929e-15
  2.40800000e-05  -1.87431085e-03  -2.23339309e-03  -5.60635692e-03   3.29147667e-14  -1.60219693e-14  -4.62138772e-15
  2.41600000e-05  -1.88714649e-03  -2.25640154e-03  -5.51718281e-03   3.29423669e-14  -1.52920448e-14  -5.01380497e-15
  2.42400000e-05  -1.89952968e-03  -2.27903227e-03  -5.41321672e-03   3.28800626e-14  -1.45628847e-14  -5.40665044e-15
  2.43200000e-05  -1.90909346e-03  -2.29904400e-03  -5.32516528e-03   3.28420674e-14  -1.38565995e-14  -5.79167833e-15
  2.44000000e-05  -1.91790459e-03  -2.31950957e-03  -5.23181364e-03   3.27581006e-14  -1.31619146e-14  -6.17333240e-15
  2.44800000e-05  -1.92499575e-03  -2.33860831e-03  -5.14987854e-03   3.26901856e-14  -1.24866981e-14  -6.54908113e-15
  2.45600000e-05  -1.92883365e-03  -2.35617486e-03  -5.06678433e-03   3.25864804e-14  -1.18134336e-14  -6.91156016e-15
  2.46400000e-05  -1.93236260e-03  -2.37268190e-03  -4.97949524e-03   3.24368847e-14  -1.11558445e-14  -7.27193236e-15
  2.47200000e-05  -1.93412264e-03  -2.38699738e-03  -4.89976197e-03   3.22874350e-14  -1.05127948e-14  -7.62360411e-15
  2.48000000e-05  -1.93298842e-03  -2.39791558e-03  -4.80711603e-03   3.20450678e-14  -9.87293086e-15  -7.96075858e-15
  2.48800000e-05  -1.93073178e-03  -2.40882982e-03  -4.73545333e-03   3.18742324e-14  -9.25223980e-15  -8.28928499e-15
  2.49600000e-05  -1.92905732e-03  -2.41958661e-03  -4.67238991e-03   3.17222733e-14  -8.65127725e-15  -8.61691121e-15
  2.50400000e-05  -1.92703193e-03  -2.42972586e-03  -4.60481530e-03   3.15301392e-14  -8.06442535e-15  -8.93960771e-15
  2.51200000e-05  -1.92360536e-03  -2.43828776e-03  -4.52591089e-03   3.12632289e-14  -7.49082395e-15  -9.25191220e-15
  2.52000000e-05  -1.91883051e-03  -2.44662245e-03  -4.46025305e-03   3.10384509e-14  -6.92560502e-15  -9.55398386e-15
  2.52800000e-05  -1.91245422e-03  -2.45299383e-03  -4.39398761e-03   3.07869361e-14  -6.37035293e-15  -9.84348912e-15
  2.53600000e-05  -1.90628784e-03  -2.45883535e-03  -4.32901919e-03   3.05244773e-14  -5.83256144e-15  -1.01286527e-14
  2.54400000e-05  -1.89729804e-03  -2.46261959e-03  -4.26445129e-03   3.02410759e-14  -5.29901515e-15  -1.03945086e-14
  2.55200000e-05  -1.88905504e-03  -2.46678454e-03  -4.20026760e-03   2.99480948e-14  -4.78565007e-15  -1.06584713e-14
  2.56000000e-05  -1.87985912e-03  -2.47027917e-03  -4.13870161e-03   2.96518384e-14  -4.28253380e-15  -1.09121722e-14
  2.56800000e-05  -1.86788854e-03  -2.47444279e-03  -4.08604004e-03   2.93879939e-14  -3.77552234e-15  -1.11480021e-14
  2.57600000e-05  -1.85686491e-03  -2.47545841e-03  -4.02445876e-03   2.90584878e-14  -3.29689806e-15  -1.13795059e-14
  2.58400000e-05  -1.84567829e-03  -2.47743824e-03  -3.97460871e-03   2.87771534e-14  -2.81982679e-15  -1.16055249e-14
  2.59200000e-05  -1.83405314e-03  -2.47876329e-03  -3.91723682e-03   2.84483779e-14  -2.36510464e-15  -1.18229518e-14
  2.60000000e-05  -1.82126606e-03  -2.47919564e-03  -3.87018794e-03   2.81548047e-14  -1.90639990e-15  -1.20281114e-14
  2.60800000e-05  -1.80753000e-03  -2.47971515e-03  -3.82943446e-03   2.78822432e-14  -1.44748720e-15  -1.22233807e-14
  2.61600000e-05  -1.79360664e-03  -2.47827625e-03  -3.78783297e-03   2.75895902e-14  -1.00118053e-15  -1.24091191e-14
  2.62400000e-05  -1.78075182e-03  -2.47534775e-03  -3.75327301e-03   2.73163059e-14  -5.59203060e-16  -1.25915006e-14
  2.63200000e-05  -1.76375774e-03  -2.47366006e-03  -3.69291142e-03   2.69199065e-14  -1.59066251e-16  -1.27505678e-14
  2.64000000e-05  -1.74900297e-03  -2.47201552e-03  -3.64420459e-03   2.65716781e-14   2.37701523e-16  -1.29140789e-14
  2.64800000e-05  -1.73314716e-03  -2.47030496e-03  -3.60665477e-03   2.62690259e-14   6.47220343e-16  -1.30666566e-14
  2.65600000e-05  -1.71675633e-03  -2.46779119e-03  -3.56413420e-03   2.59340246e-14   1.03653295e-15  -1.32094768e-14
  2.66400000e-05  -1.70026540e-03  -2.46444031e-03  -3.51548494e-03   2.55617430e-14   1.39988109e-15  -1.33442957e-14
  2.67200000e-05  -1.68502220e-03  -2.46236813e-03  -3.48213847e-03   2.52605786e-14   1.77964065e-15  -1.34821652e-14
  2.68000000e-05  -1.66728397e-03  -2.45863153e-03  -3.44116423e-03   2.49127719e-14   2.13954847e-15  -1.35991843e-14
  2.68800000e-05  -1.65249523e-03  -2.45522860e-03  -3.42265917e-03   2.46660329e-14   2.53226024e-15  -1.37255208e-14
  2.69600000e-05  -1.63439886e-03  -2.45058652e-03  -3.39546197e-03   2.43695384e-14   2.90713274e-15  -1.38283764e-14
  2.70400000e-05  -1.61504818e-03  -2.44540971e-03  -3.36034178e-03   2.40303589e-14   3.25553567e-15  -1.39186157e-14
  2.71200000e-05  -1.59705005e-03  -2.43911716e-03  -3.32574633e-03   2.36861910e-14   3.58937531e-15  -1.40067626e-14
  2.72000000e-05  -1.57915783e-03  -2.43502868e-03  -3.31289716e-03   2.34462866e-14   3.97287098e-15  -1.40962546e-14
  2.72800000e-05  -1.55940485e-03  -2.42981156e-03  -3.28030219e-03   2.31076601e-14   4.29895691e-15  -1.41693813e-14
  2.73600000e-05  -1.54058841e-03  -2.42151375e-03  -3.23810396e-03   2.27124556e-14   4.58213881e-15  -1.42324825e-14
  2.74400000e-05  -1.52151904e-03  -2.41459379e-03  -3.20650277e-03   2.23680636e-14   4.88611548e-15  -1.42932728e-14
  2.75200000e-05  -1.50252073e-03  -2.40807579e-03  -3.18493009e-03   2.20683903e-14   5.21054510e-15  -1.43505822e-14
  2.76000000e-05  -1.48382935e-03  -2.40130587e-03  -3.15691020e-03   2.17362211e-14   5.50477801e-15  -1.44037986e-14
  2.76800000e-05  -1.46554240e-03  -2.39511451e-03  -3.11871075e-03   2.13582622e-14   5.75441251e-15  -1.44559465e-14
  2.77600000e-05  -1.44834649e-03  -2.38713757e-03  -3.10382024e-03   2.10780202e-14   6.06793864e-15  -1.45025412e-14
  2.78400000e-05  -1.42854644e-03  -2.38191363e-03  -3.06754170e-03   2.07083253e-14   6.30866224e-15  -1.45424243e-14
  2.79200000e-05  -1.41227528e-03  -2.37611371e-03  -3.06930702e-03   2.05043616e-14   6.66205289e-15  -1.45920881e-14
  2.80000000e-05  -1.39249099e-03  -2.36839569e-03  -3.04263353e-03   2.01669180e-14   6.91872918e-15  -1.46151482e-14
  2.80800000e-05  -1.37318078e-03  -2.36196296e-03  -3.03106330e-03   1.98978355e-14   7.22060431e-15  -1.46411080e-14
  2.81600000e-05  -1.35378055e-03  -2.35111270e-03  -3.02539493e-03   1.96400705e-14   7.53833364e-15  -1.46466225e-14
  2.82400000e-05  -1.33552635e-03  -2.34285637e-03  -2.99915515e-03   1.92985953e-14   7.76898128e-15  -1.46625925e-14
  2.83200000e-05  -1.31699645e-03  -2.33696036e-03  -2.98102834e-03   1.89979109e-14   8.02270101e-15  -1.46824889e-14
  2.84000000e-05  -1.29788000e-03  -2.32820845e-03  -2.96195151e-03   1.86846745e-14   8.26662136e-15  -1.46852111e-14
  2.84800000e-05  -1.27821859e-03  -2.31865441e-03  -2.94689458e-03   1.83858477e-14   8.52023188e-15  -1.46787082e-14
  2.85600000e-05  -1.25808570e-03  -2.30867736e-03  -2.92518991e-03   1.80575326e-14   8.74060036e-15  -1.46647401e-14
  2.86400000e-05  -1.23893295e-03  -2.29952390e-03  -2.91228551e-03   1.77680613e-14   8.98669342e-15  -1.46546596e-14
  2.87200000e-05  -1.22062953e-03  -2.28975624e-03  -2.91607017e-03   1.75457517e-14   9.29387405e-15  -1.46421609e-14
  2.88000000e-05  -1.20025095e-03  -2.27957373e-03  -2.88648178e-03   1.71836624e-14   9.45955238e-15  -1.46158741e-14
  2.88800000e-05  -1.18037498e-03  -2.26885071e-03  -2.87330969e-03   1.68882890e-14   9.68586038e-15  -1.45860661e-14
  2.89600000e-05  -1.16080986e-03  -2.25771547e-03  -2.85584783e-03   1.65745483e-14   9.88601858e-15  -1.45524967e-14
  2.90400000e-05  -1.14030559e-03  -2.24671836e-03  -2.84509897e-03   1.62885480e-14   1.01106138e-14  -1.45125440e-14
  2.91200000e-05  -1.12112015e-03  -2.23618048e-03  -2.83130008e-03   1.59915378e-14   1.03121809e-14  -1.44768592e-14
  2.92000000e-05  -1.10221468e-03  -2.22655233e-03  -2.83239909e-03   1.57550992e-14   1.05744034e-14  -1.44435734e-14
  2.92800000e-05  -1.08423366e-03  -2.21698320e-03  -2.80846361e-03   1.54203578e-14   1.07148516e-14  -1.44114087e-14
  2.93600000e-05  -1.06361571e-03  -2.20302310e-03  -2.79897473e-03   1.51345157e-14   1.09196342e-14  -1.43457940e-14
  2.94400000e-05  -1.04441745e-03  -2.19123373e-03  -2.79753911e-03   1.48836947e-14   1.11538302e-14  -1.42930761e-14
  2.95200000e-05  -1.02741547e-03  -2.17930714e-03  -2.78628852e-03   1.45952315e-14   1.13322133e-14  -1.42453805e-14
  2.96000000e-05  -1.00700132e-03  -2.16762629e-03  -2.78503824e-03   1.43451189e-14   1.15590829e-14  -1.41834052e-14
  2.96800000e-05  -9.87840255e-04  -2.15567212e-03  -2.79240740e-03   1.41257229e-14   1.18208815e-14  -1.41225461e-14
  2.97600000e-05  -9.68694158e-04  -2.14335781e-03  -2.77750476e-03   1.38231320e-14   1.19694831e-14  -1.40576798e-14
  2.98400000e-05  -9.50384381e-04  -2.13221740e-03  -2.77092796e-03   1.35538313e-14   1.21515800e-14  -1.39993390e-14
  2.99200000e-05  -9.32056236e-04  -2.12133433e-03  -2.76556570e-03   1.32899224e-14   1.23342503e-14  -1.39400137e-14
  3.00000000e-05  -9.13574367e-04  -2.11019553e-03  -2.76618003e-03   1.30468170e-14   1.25422832e-14  -1.38768653e-14
  3.00800000e-05  -8.94717936e-04  -2.09781604e-03  -2.76941825e-03   1.28104725e-14   1.27598675e-14  -1.38042039e-14
  3.01600000e-05  -8.75709026e-04  -2.08583769e-03  -2.76120176e-03   1.25347356e-14   1.29146324e-14  -1.37311980e-14
  3.02400000e-05  -8.57986712e-04  -2.07425585e-03  -2.75485625e-03   1.22671093e-14   1.30715961e-14  -1.36627279e-14
  3.03200000e-05  -8.41210780e-04  -2.06394124e-03  -2.74826167e-03   1.20012333e-14   1.32207573e-14  -1.36022102e-14
  3.04000000e-05  -8.24157593e-04  -2.05128441e-03  -2.74934076e-03   1.17577211e-14   1.34060571e-14  -1.35268248e-14
  3.04800000e-05  -8.06212266e-04  -2.03955975e-03  -2.76491413e-03   1.15620472e-14   1.36654821e-14  -1.34517854e-14
  3.05600000e-05  -7.88261764e-04  -2.02778220e-03  -2.77192768e-03   1.13369475e-14   1.38762611e-14  -1.33749944e-14
  3.06400000e-05  -7.71432345e-04  -2.01586286e-03  -2.76872817e-03   1.10783610e-14   1.40271096e-14  -1.32995848e-14
  3.07200000e-05  -7.54603974e-04  -2.00431592e-03  -2.76741155e-03   1.08267193e-14   1.41834821e-14  -1.32246555e-14
  3.08000000e-05  -7.37676359e-04  -1.99245374e-03  -2.78054420e-03   1.06187139e-14   1.44147875e-14  -1.31463372e-14
  3.08800000e-05  -7.21637778e-04  -1.98200056e-03  -2.77352296e-03   1.03499348e-14   1.45312565e-14  -1.30771812e-14
  3.09600000e-05  -7.05028396e-04  -1.97014674e-03  -2.78309493e-03   1.01294380e-14   1.47355546e-14  -1.29973095e-14
  3.10400000e-05  -6.87769619e-04  -1.95777011e-03  -2.78734563e-03   9.89217355e-15   1.49072875e-14  -1.29114158e-14
  3.11200000e-05  -6.73074939e-04  -1.94616879e-03  -2.78666027e-03   9.64119872e-15   1.50451651e-14  -1.28360390e-14
  3.12000000e-05  -6.56512166e-04  -1.93534778e-03  -2.77233194e-03   9.35355376e-15   1.51033352e-14  -1.27585473e-14
  3.12800000e-05  -6.39328740e-04  -1.92326635e-03  -2.78330548e-03   9.13557208e-15   1.53006989e-14  -1.26712477e-14
  3.13600000e-05  -6.23081023e-04  -1.91166216e-03  -2.78016606e-03   8.87917381e-15   1.54133200e-14  -1.25882787e-14
  3.14400000e-05  -6.07873508e-04  -1.90218906e-03  -2.79532901e-03   8.67248430e-15   1.56262352e-14  -1.25193947e-14
  3.15200000e-05  -5.91749587e-04  -1.89052770e-03  -2.80968407e-03   8.45991889e-15   1.58323873e-14  -1.24347505e-14
  3.16000000e-05  -5.78152722e-04  -1.88140522e-03  -2.80963141e-03   8.21114575e-15   1.59502799e-14  -1.23703899e-14
  3.16800000e-05  -5.64697585e-04  -1.86967631e-03  -2.79844078e-03   7.93389480e-15   1.59991908e-14  -1.22902580e-14
  3.17600000e-05  -5.47859649e-04  -1.85846770e-03  -2.82493775e-03   7.74812762e-15   1.62666208e-14  -1.22041188e-14
  3.18400000e-05  -5.33451651e-04  -1.84795943e-03  -2.84071272e-03   7.53423385e-15   1.64673496e-14  -1.21272888e-14
  3.19200000e-05  -5.17872490e-04  -1.83640596e-03  -2.83838642e-03   7.27674823e-15   1.65586090e-14  -1.20409102e-14
  3.20000000e-05  -5.05605583e-04  -1.82724780e-03  -2.85224061e-03   7.05654686e-15   1.67406045e-14  -1.19755192e-14
  3.20800000e-05  -4.91381434e-04  -1.81824947e-03  -2.85411267e-03   6.80859619e-15   1.68489990e-14  -1.19060826e-14
  3.21600000e-05  -4.76022648e-04  -1.80788684e-03  -2.86176679e-03   6.57230275e-15   1.69885979e-14  -1.18255714e-14
  3.22400000e-05  -4.62172140e-04  -1.79890875e-03  -2.85561074e-03   6.30761627e-15   1.70411700e-14  -1.17560541e-14
  3.23200000e-05  -4.48529443e-04  -1.78896923e-03  -2.85490113e-03   6.05468420e-15   1.71223836e-14  -1.16806573e-14
  3.24000000e-05  -4.34002095e-04  -1.77969672e-03  -2.87414786e-03   5.84005429e-15   1.73209382e-14  -1.16071317e-14
  3.24800000e-05  -4.19799962e-04  -1.77120474e-03  -2.88478448e-03   5.60665808e-15   1.74643325e-14  -1.15386726e-14
  3.25600000e-05  -4.06639638e-04  -1.76208955e-03  -2.89431477e-03   5.36943223e-15   1.75976485e-14  -1.14680189e-14
  3.26400000e-05  -3.93905327e-04  -1.75480156e-03  -2.90158961e-03   5.12681697e-15   1.77139441e-14  -1.14088971e-14
  3.27200000e-05  -3.81046859e-04  -1.74613274e-03  -2.92195813e-03   4.90443910e-15   1.79072505e-14  -1.13407708e-14
  3.28000000e-05  -3.70142658e-04  -1.73945626e-03  -2.94771948e-03   4.68742699e-15   1.81309124e-14  -1.12876907e-14
  3.28800000e-05  -3.58219359e-04  -1.73110113e-03  -2.93972184e-03   4.41496076e-15   1.81437404e-14  -1.12222093e-14
  3.29600000e-05  -3.46423431e-04  -1.72197996e-03  -2.93908690e-03   4.15511746e-15   1.81980095e-14  -1.11517756e-14
  3.30400000e-05  -3.34196711e-04  -1.72001849e-03  -2.94816958e-03   3.90822411e-15   1.83087482e-14  -1.11246997e-14
  3.31200000e-05  -3.22027096e-04  -1.71154951e-03  -2.96515203e-03   3.67096761e-15   1.84652081e-14  -1.10571966e-14
  3.32000000e-05  -3.09209640e-04  -1.70400178e-03  -2.99134923e-03   3.44208670e-15   1.86758076e-14  -1.09943484e-14
  3.32800000e-05  -2.97158858e-04  -1.69727369e-03  -2.99968365e-03   3.18722425e-15   1.87722603e-14  -1.09374118e-14
  3.33600000e-05  -2.85895362e-04  -1.69384515e-03  -2.99411515e-03   2.91507531e-15   1.87784432e-14  -1.09017790e-14
  3.34400000e-05  -2.73575826e-04  -1.68691170e-03  -3.01621347e-03   2.67360182e-15   1.89536098e-14  -1.08428993e-14
  3.35200000e-05  -2.62827977e-04  -1.68360699e-03  -3.02400194e-03   2.41276693e-15   1.90364578e-14  -1.08082127e-14
  3.36000000e-05  -2.51852393e-04  -1.67748386e-03  -3.03391028e-03   2.15402131e-15   1.91288978e-14  -1.07553981e-14
  3.36800000e-05  -2.40436012e-04  -1.67610273e-03  -3.03226424e-03   1.88171655e-15   1.91450364e-14  -1.07317429e-14
  3.37600000e-05  -2.27973979e-04  -1.67005973e-03  -3.04803705e-03   1.62544686e-15   1.92663485e-14  -1.06778598e-14
  3.38400000e-05  -2.16267089e-04  -1.66926739e-03  -3.06439744e-03   1.36413423e-15   1.93881284e-14  -1.06575562e-14
  3.39200000e-05  -2.03962319e-04  -1.66339042e-03  -3.06830679e-03   1.09416417e-15   1.94275852e-14  -1.06048155e-14
  3.40000000e-05  -1.93859759e-04  -1.66309370e-03  -3.10109583e-03   8.37284397e-16   1.96463630e-14  -1.05885339e-14
  3.40800000e-05  -1.83632333e-04  -1.65832038e-03  -3.10944390e-03   5.64233344e-16   1.97075745e-14  -1.05437130e-14
  3.41600000e-05  -1.72561449e-04  -1.65954259e-03  -3.10384052e-03   2.80035521e-16   1.96764576e-14  -1.05360577e-14
  3.42400000e-05  -1.62280969e-04  -1.65582624e-03  -3.11891630e-03   7.25786376e-18   1.97723113e-14  -1.04974570e-14
  3.43200000e-05  -1.52510620e-04  -1.65701529e-03  -3.14115275e-03  -2.69242247e-16   1.99098062e-14  -1.04897131e-14
  3.44000000e-05  -1.41309490e-04  -1.65526434e-03  -3.15410051e-03  -5.50338490e-16   1.99837571e-14  -1.04627713e-14
  3.44800000e-05  -1.31811801e-04  -1.65721496e-03  -3.15552735e-03  -8.38509809e-16   1.99824464e-14  -1.04593242e-14
  3.45600000e-05  -1.22007003e-04  -1.65819266e-03  -3.15578559e-03  -1.12612793e-15   1.99695497e-14  -1.04493681e-14
  3.46400000e-05  -1.11355424e-04  -1.65853629e-03  -3.17100938e-03  -1.41336883e-15   2.00460697e-14  -1.04350835e-14
  3.47200000e-05  -1.00903043e-04  -1.65950873e-03  -3.19237438e-03  -1.70434787e-15   2.01571424e-14  -1.04245229e-14
  3.48000000e-05  -9.01861329e-05  -1.66221216e-03  -3.20958007e-03  -2.00078211e-15   2.02374634e-14  -1.04245771e-14
  3.48800000e-05  -7.99040179e-05  -1.66480958e-03  -3.21350111e-03  -2.29783403e-15   2.02304709e-14  -1.04236079e-14
  3.49600000e-05  -6.94715351e-05  -1.66867453e-03  -3.22481560e-03  -2.59930045e-15   2.02653524e-14  -1.04302708e-14
  3.50400000e-05  -5.90882277e-05  -1.67127302e-03  -3.23876866e-03  -2.90193479e-15   2.03123602e-14  -1.04286638e-14
  3.51200000e-05  -4.95862500e-05  -1.67409653e-03  -3.24579596e-03  -3.20493306e-15   2.03125346e-14  -1.04277112e-14
  3.52000000e-05  -3.96661453e-05  -1.67786730e-03  -3.26199886e-03  -3.51496345e-15   2.03649736e-14  -1.04323452e-14
  3.52800000e-05  -2.95550998e-05  -1.68229745e-03  -3.27517488e-03  -3.82711262e-15   2.03936132e-14  -1.04406677e-14
  3.53600000e-05  -1.98877842e-05  -1.68655544e-03  -3.29446623e-03  -4.14583695e-15   2.04559191e-14  -1.04470915e-14
  3.54400000e-05  -8.63780265e-06  -1.69341800e-03  -3.28495240e-03  -4.44999949e-15   2.03331124e-14  -1.04701731e-14
  3.55200000e-05   2.13197080e-06  -1.69905717e-03  -3.29994357e-03  -4.77023700e-15   2.03579444e-14  -1.04848706e-14
  3.56000000e-05   1.30135559e-05  -1.70563327e-03  -3.30572027e-03  -5.08720386e-15   2.03207852e-14  -1.05048241e-14
  3.56800000e-05   2.23501808e-05  -1.71290206e-03  -3.32666758e-03  -5.42026520e-15   2.03740016e-14  -1.05269951e-14
  3.57600000e-05   3.37008038e-05  -1.72065368e-03  -3.32792634e-03  -5.73824580e-15   2.02985837e-14  -1.05531832e-14
  3.58400000e-05   4.43581988e-05  -1.73168025e-03  -3.36145480e-03  -6.09669545e-15   2.04158512e-14  -1.05978413e-14
  3.59200000e-05   5.49190977e-05  -1.73920689e-03  -3.34690410e-03  -6.39989474e-15   2.02353222e-14  -1.06202291e-14
  3.60000000e-05   6.53731469e-05  -1.74786209e-03  -3.34614761e-03  -6.71954274e-15   2.01342993e-14  -1.06484412e-14
  3.60800000e-05   7.74768487e-05  -1.75897225e-03  -3.38704526e-03  -7.09661228e-15   2.02768189e-14  -1.06925600e-14
  3.61600000e-05   8.83070701e-05  -1.76824759e-03  -3.39194396e-03  -7.42947427e-15   2.01981905e-14  -1.07229003e-14
  3.62400000e-05   9.96685133e-05  -1.78066256e-03  -3.40260121e-03  -7.77711566e-15   2.01477299e-14  -1.07715949e-14
  3.63200000e-05   1.10897658e-04  -1.78678471e-03  -3.40204224e-03  -8.09874073e-15   2.00253825e-14  -1.07815177e-14
  3.64000000e-05   1.22158109e-04  -1.79964817e-03  -3.40744612e-03  -8.44099134e-15   1.99332235e-14  -1.08303766e-14
  3.64800000e-05   1.33674153e-04  -1.81267100e-03  -3.42866860e-03  -8.81051176e-15   1.99282486e-14  -1.08791780e-14
  3.65600000e-05   1.43944331e-04  -1.82410041e-03  -3.44647989e-03  -9.17572206e-15   1.98987256e-14  -1.09149242e-14
  3.66400000e-05   1.56200019e-04  -1.83842040e-03  -3.44948515e-03  -9.52263766e-15   1.97730852e-14  -1.09693701e-14
  3.67200000e-05   1.67901036e-04  -1.85132437e-03  -3.45852893e-03  -9.87843818e-15   1.96779224e-14  -1.10130110e-14
  3.68000000e-05   1.79352665e-04  -1.86670561e-03  -3.46572619e-03  -1.02366122e-14   1.95666868e-14  -1.10687359e-14
  3.68800000e-05   1.92749788e-04  -1.88085806e-03  -3.48141245e-03  -1.06107990e-14   1.94940952e-14  -1.11192960e-14
  3.69600000e-05   2.05638031e-04  -1.89607485e-03  -3.49686892e-03  -1.09894245e-14   1.94142254e-14  -1.11730434e-14
  3.70400000e-05   2.17681098e-04  -1.90971299e-03  -3.50364901e-03  -1.13484933e-14   1.92804331e-14  -1.12141501e-14
  3.71200000e-05   2.31399359e-04  -1.92627585e-03  -3.52762837e-03  -1.17524693e-14   1.92330359e-14  -1.12731961e-14
  3.72000000e-05   2.45100108e-04  -1.94166164e-03  -3.52725578e-03  -1.21019320e-14   1.90428665e-14  -1.13235304e-14
  3.72800000e-05   2.57843988e-04  -1.95771734e-03  -3.53391852e-03  -1.24693472e-14   1.88875502e-14  -1.13731062e-14
  3.73600000e-05   2.71327427e-04  -1.97378948e-03  -3.53458913e-03  -1.28233269e-14   1.86914492e-14  -1.14220648e-14
  3.74400000e-05   2.84021138e-04  -1.98927881e-03  -3.56347736e-03  -1.32448019e-14   1.86441287e-14  -1.14635705e-14
  3.75200000e-05   2.97944397e-04  -2.00500909e-03  -3.58768243e-03  -1.36600032e-14   1.85595510e-14  -1.15065897e-14
  3.76000000e-05   3.12355200e-04  -2.02125176e-03  -3.58628501e-03  -1.40128062e-14   1.83292608e-14  -1.15509569e-14
  3.76800000e-05   3.25268065e-04  -2.03660061e-03  -3.60144178e-03  -1.44063272e-14   1.81839050e-14  -1.15840468e-14
  3.77600000e-05   3.39673102e-04  -2.05479570e-03  -3.62103535e-03  -1.48205959e-14   1.80502107e-14  -1.16330411e-14
  3.78400000e-05   3.53926708e-04  -2.07241914e-03  -3.64830402e-03  -1.52579451e-14   1.79475379e-14  -1.16752922e-14
  3.79200000e-05   3.68562552e-04  -2.08820619e-03  -3.65545418e-03  -1.56359476e-14   1.77320016e-14  -1.17060420e-14
  3.80000000e-05   3.83841954e-04  -2.10598968e-03  -3.66394602e-03  -1.60228517e-14   1.75144045e-14  -1.17456419e-14
  3.80800000e-05   3.97412417e-04  -2.12267662e-03  -3.68302771e-03  -1.64384843e-14   1.73466635e-14  -1.17713518e-14
  3.81600000e-05   4.11038211e-04  -2.13905770e-03  -3.70289244e-03  -1.68578398e-14   1.71734743e-14  -1.17919355e-14
  3.82400000e-05   4.25839041e-04  -2.15577166e-03  -3.72600371e-03  -1.72895383e-14   1.70039780e-14  -1.18140662e-14
  3.83200000e-05   4.41910284e-04  -2.17486226e-03  -3.73483285e-03  -1.76844086e-14   1.67526129e-14  -1.18477987e-14
  3.84000000e-05   4.55988466e-04  -2.19148235e-03  -3.75426829e-03  -1.81064186e-14   1.65490962e-14  -1.18594003e-14
  3.84800000e-05   4.71277222e-04  -2.20992084e-03  -3.76144606e-03  -1.84936943e-14   1.62758581e-14  -1.18794778e-14
  3.85600000e-05   4.85403300e-04  -2.22747886e-03  -3.77138546e-03  -1.88867141e-14   1.60110601e-14  -1.18874010e-14
  3.86400000e-05   5.02140054e-04  -2.24973541e-03  -3.79031123e-03  -1.93236790e-14   1.57710150e-14  -1.19208691e-14
  3.87200000e-05   5.17033162e-04  -2.26779848e-03  -3.82423290e-03  -1.98010230e-14   1.55935738e-14  -1.19241871e-14
  3.88000000e-05   5.33547049e-04  -2.28547744e-03  -3.84114824e-03  -2.02199620e-14   1.53242582e-14  -1.19265242e-14
  3.88800000e-05   5.48608200e-04  -2.30591311e-03  -3.86203528e-03  -2.06606334e-14   1.50671217e-14  -1.19310320e-14
  3.89600000e-05   5.64135973e-04  -2.32513535e-03  -3.87443660e-03  -2.10674759e-14   1.47618926e-14  -1.19264616e-14
  3.90400000e-05   5.78967090e-04  -2.34625583e-03  -3.90160081e-03  -2.15333410e-14   1.45112999e-14  -1.19218547e-14
  3.91200000e-05   5.96368192e-04  -2.36416192e-03  -3.91091726e-03  -2.19230409e-14   1.41682813e-14  -1.19077731e-14
  3.92000000e-05   6.11877116e-04  -2.38265238e-03  -3.95057323e-03  -2.24275783e-14   1.39438461e-14  -1.18834046e-14
  3.92800000e-05   6.28664865e-04  -2.40124911e-03  -3.97543699e-03  -2.28773541e-14   1.36429070e-14  -1.18583711e-14
  3.93600000e-05   6.44035584e-04  -2.41952756e-03  -3.99923130e-03  -2.33213625e-14   1.33306696e-14  -1.18206991e-14
  3.94400000e-05   6.60334038e-04  -2.43710617e-03  -4.01153879e-03  -2.37168739e-14   1.29607095e-14  -1.17779453e-14
  3.95200000e-05   6.75822173e-04  -2.45505625e-03  -4.04543410e-03  -2.41964406e-14   1.26635507e-14  -1.17273497e-14
  3.96000000e-05   6.92158331e-04  -2.47182610e-03  -4.06921807e-03  -2.46309346e-14   1.23135588e-14  -1.16694367e-14
  3.96800000e-05   7.07550399e-04  -2.48980602e-03  -4.10841387e-03  -2.51301504e-14   1.20087223e-14  -1.16055097e-14
  3.97600000e-05   7.24261642e-04  -2.50758761e-03  -4.13338573e-03  -2.55697282e-14   1.16357498e-14  -1.15394106e-14
  3.98400000e-05   7.39540652e-04  -2.52364302e-03  -4.17299081e-03  -2.60612434e-14   1.13040659e-14  -1.14548002e-14
  3.99200000e-05   7.55857180e-04  -2.54105254e-03  -4.19785772e-03  -2.64946972e-14   1.09053815e-14  -1.13718372e-14
  4.00000000e-05   7.71567820e-04  -2.55750995e-03  -4.23869584e-03  -2.69884659e-14   1.05467695e-14  -1.12763222e-14
  4.00800000e-05   7.88562925e-04  -2.57238976e-03  -4.28751514e-03  -2.75087599e-14   1.01909461e-14  -1.11737153e-14
  4.01600000e-05   8.02778618e-04  -2.59058759e-03  -4.30760504e-03  -2.79156243e-14   9.74323837e-15  -1.10620120e-14
  4.02400000e-05   8.17946564e-04  -2.60496413e-03  -4.35865403e-03  -2.84374364e-14   9.36805021e-15  -1.09354259e-14
  4.03200000e-05   8.32779705e-04  -2.62080410e-03  -4.39361015e-03  -2.88919484e-14   8.93092604e-15  -1.08036067e-14
  4.04000000e-05   8.47503930e-04  -2.63518922e-03  -4.44123994e-03  -2.93916923e-14   8.51260572e-15  -1.06596136e-14
  4.04800000e-05   8.62189089e-04  -2.64833174e-03  -4.47657762e-03  -2.98281817e-14   8.04504145e-15  -1.05043351e-14
  4.05600000e-05   8.75722792e-04  -2.66203361e-03  -4.51848747e-03  -3.02903359e-14   7.58202847e-15  -1.03374309e-14
  4.06400000e-05   8.91760541e-04  -2.67626208e-03  -4.55656933e-03  -3.07312587e-14   7.08389728e-15  -1.01750431e-14
  4.07200000e-05   9.06014587e-04  -2.69358452e-03  -4.59591883e-03  -3.11834293e-14   6.57893697e-15  -1.00031281e-14
  4.08000000e-05   9.18210941e-04  -2.70318092e-03  -4.65787791e-03  -3.17001731e-14   6.11259153e-15  -9.79649692e-15
  4.08800000e-05   9.31155340e-04  -2.71449856e-03  -4.70987034e-03  -3.21718287e-14   5.60116758e-15  -9.58865704e-15
  4.09600000e-05   9.43338235e-04  -2.72520631e-03  -4.75980935e-03  -3.26235994e-14   5.06928939e-15  -9.36801137e-15
  4.10400000e-05   9.56011922e-04  -2.73677500e-03  -4.81423250e-03  -3.30905139e-14   4.52390077e-15  -9.14285388e-15
  4.11200000e-05   9.69135220e-04  -2.74650918e-03  -4.86465384e-03  -3.35222721e-14   3.94944960e-15  -8.90809821e-15
  4.12000000e-05   9.79117788e-04  -2.75264753e-03  -4.92828201e-03  -3.39895070e-14   3.38842262e-15  -8.64537864e-15
  4.12800000e-05   9.89218446e-04  -2.75849313e-03  -4.98962679e-03  -3.44343605e-14   2.80012151e-15  -8.37481886e-15
  4.13600000e-05   9.99001993e-04  -2.76405575e-03  -5.06443870e-03  -3.49284490e-14   2.20741089e-15  -8.09467729e-15
  4.14400000e-05   1.00836948e-03  -2.76855994e-03  -5.13928895e-03  -3.54060441e-14   1.58938154e-15  -7.80315580e-15
  4.15200000e-05   1.01777467e-03  -2.77572864e-03  -5.20100285e-03  -3.58206569e-14   9.31383917e-16  -7.50674962e-15
  4.16000000e-05   1.02612385e-03  -2.78056201e-03  -5.27132106e-03  -3.62506180e-14   2.62550199e-16  -7.19509596e-15
  4.16800000e-05   1.03368496e-03  -2.78306367e-03  -5.34687333e-03  -3.66792972e-14  -4.24516576e-16  -6.87006761e-15
  4.17600000e-05   1.03900715e-03  -2.78329012e-03  -5.42304384e-03  -3.70844271e-14  -1.12926796e-15  -6.52546900e-15
  4.18400000e-05   1.04446302e-03  -2.78335750e-03  -5.50575664e-03  -3.75010846e-14  -1.85770062e-15  -6.17496436e-15
  4.19200000e-05   1.04886824e-03  -2.78092508e-03  -5.58082641e-03  -3.78524264e-14  -2.61274704e-15  -5.81210588e-15
  4.20000000e-05   1.05202132e-03  -2.77297776e-03  -5.66821149e-03  -3.82159142e-14  -3.38584496e-15  -5.43647389e-15
  4.20800000e-05   1.05541230e-03  -2.76951303e-03  -5.76192397e-03  -3.86060362e-14  -4.19015302e-15  -5.05744300e-15
  4.21600000e-05   1.05653728e-03  -2.76276888e-03  -5.86337858e-03  -3.89935732e-14  -5.01692806e-15  -4.66242300e-15
  4.22400000e-05   1.05647684e-03  -2.75398304e-03  -5.96374233e-03  -3.93416980e-14  -5.87295988e-15  -4.25732023e-15
  4.23200000e-05   1.05564297e-03  -2.74332186e-03  -6.06359118e-03  -3.96521266e-14  -6.75886990e-15  -3.84536691e-15
  4.24000000e-05   1.05412881e-03  -2.72915734e-03  -6.17707066e-03  -3.99796084e-14  -7.68221790e-15  -3.42843342e-15
  4.24800000e-05   1.05165364e-03  -2.71361311e-03  -6.28589349e-03  -4.02487673e-14  -8.63544821e-15  -3.00585703e-15
  4.25600000e-05   1.04492701e-03  -2.69442901e-03  -6.39696990e-03  -4.04788051e-14  -9.60690587e-15  -2.56563202e-15
  4.26400000e-05   1.03698078e-03  -2.67354013e-03  -6.50847656e-03  -4.06684701e-14  -1.06077065e-14  -2.12220061e-15
  4.27200000e-05   1.02772594e-03  -2.64920794e-03  -6.63404849e-03  -4.08673012e-14  -1.16530017e-14  -1.67758212e-15
  4.28000000e-05   1.01782264e-03  -2.62426556e-03  -6.75939859e-03  -4.10222728e-14  -1.27343548e-14  -1.23310809e-15
  4.28800000e-05   1.00782087e-03  -2.59608956e-03  -6.88444780e-03  -4.11191748e-14  -1.38527392e-14  -7.95679082e-16
  4.29600000e-05   9.95251192e-04  -2.56635111e-03  -7.01137685e-03  -4.11724093e-14  -1.49997246e-14  -3.54043076e-16
  4.30400000e-05   9.79271457e-04  -2.52918265e-03  -7.15049452e-03  -4.11961564e-14  -1.61878959e-14   8.38998528e-17
  4.31200000e-05   9.62543062e-04  -2.49032788e-03  -7.30149180e-03  -4.12101946e-14  -1.74337140e-14   5.13467291e-16
  4.32000000e-05   9.42637463e-04  -2.44522778e-03  -7.45510353e-03  -4.11516195e-14  -1.87123081e-14   9.34232151e-16
  4.32800000e-05   9.21286478e-04  -2.39775166e-03  -7.62571523e-03  -4.10911220e-14  -2.00622586e-14   1.34382398e-15
  4.33600000e-05   9.00328417e-04  -2.34706236e-03  -7.77034683e-03  -4.08509119e-14  -2.14006194e-14   1.73085600e-15
  4.34400000e-05   8.74909380e-04  -2.29156395e-03  -7.94009575e-03  -4.06218732e-14  -2.28142892e-14   2.10827996e-15
  4.35200000e-05   8.46231361e-04  -2.23177426e-03  -8.11108620e-03  -4.03081578e-14  -2.42569662e-14   2.46897209e-15
  4.36000000e-05   8.17749305e-04  -2.16694151e-03  -8.26812898e-03  -3.98482279e-14  -2.57003399e-14   2.79449836e-15
  4.36800000e-05   7.84954109e-04  -2.09549392e-03  -8.45391601e-03  -3.93868065e-14  -2.72365041e-14   3.09408010e-15
  4.37600000e-05   7.51038589e-04  -2.01611623e-03  -8.62931050e-03  -3.87718675e-14  -2.87722256e-14   3.34777411e-15
  4.38400000e-05   7.13622435e-04  -1.93099867e-03  -8.80569789e-03  -3.80513933e-14  -3.03236481e-14   3.56594068e-15
  4.39200000e-05   6.70848209e-04  -1.83994094e-03  -8.98368303e-03  -3.72230046e-14  -3.18811699e-14   3.74996352e-15
  4.40000000e-05   6.30662697e-04  -1.74442735e-03  -9.19930140e-03  -3.64009470e-14  -3.35978519e-14   3.87554346e-15
  4.40800000e-05   5.85984795e-04  -1.63762439e-03  -9.38774686e-03  -3.53426064e-14  -3.52268964e-14   3.93898508e-15
  4.41600000e-05   5.40170722e-04  -1.53201135e-03  -9.58477021e-03  -3.42141113e-14  -3.68939613e-14   3.96884907e-15
  4.42400000e-05   4.91732409e-04  -1.41232444e-03  -9.78446793e-03  -3.29269862e-14  -3.85663728e-14   3.91201288e-15
  4.43200000e-05   4.38373605e-04  -1.28511938e-03  -9.99838609e-03  -3.15331553e-14  -4.02743746e-14   3.79401995e-15
  4.44000000e-05   3.82938643e-04  -1.14776947e-03  -1.02011499e-02  -2.99513005e-14  -4.19254287e-14   3.59285151e-15
  4.44800000e-05   3.24968612e-04  -1.00449880e-03  -1.04193155e-02  -2.82625412e-14  -4.36132172e-14   3.32315355e-15
  4.45600000e-05   2.65469032e-04  -8.43599892e-04  -1.05935362e-02  -2.62799200e-14  -4.50908828e-14   2.93218038e-15
  4.46400000e-05   2.05501127e-04  -6.87414068e-04  -1.07954193e-02  -2.42646624e-14  -4.66419662e-14   2.50809416e-15
  4.47200000e-05   1.43623836e-04  -5.13221532e-04  -1.09731343e-02  -2.20079940e-14  -4.80343283e-14   1.95854515e-15
  4.48000000e-05   7.83323809e-05  -3.29743423e-04  -1.11552763e-02  -1.96097970e-14  -4.93687023e-14   1.32160983e-15
  4.48800000e-05   1.01527300e-05  -1.33403657e-04  -1.13519948e-02  -1.70614940e-14  -5.06844149e-14   5.80361926e-16
  4.49600000e-05  -5.89842493e-05   7.47923656e-05  -1.15439154e-02  -1.43360522e-14  -5.18913599e-14  -2.62950323e-16
  4.50400000e-05  -1.27690867e-04   2.95878682e-04  -1.16961665e-02  -1.13957115e-14  -5.28222081e-14  -1.21183612e-15
  4.51200000e-05  -1.96175226e-04   5.18722969e-04  -1.18433030e-02  -8.35009075e-15  -5.36158471e-14  -2.20999922e-15
  4.52000000e-05  -2.65976475e-04   7.53551444e-04  -1.19935317e-02  -5.15903372e-15  -5.42942971e-14  -3.29689080e-15
  4.52800000e-05  -3.36578864e-04   1.00168083e-03  -1.21177805e-02  -1.80813477e-15  -5.47112182e-14  -4.47232050e-15
  4.53600000e-05  -4.07958310e-04   1.25946906e-03  -1.22399725e-02   1.66106347e-15  -5.49660253e-14  -5.71125900e-15
  4.54400000e-05  -4.76755473e-04   1.52947025e-03  -1.23387681e-02   5.25539694e-15  -5.49631902e-14  -7.01610591e-15
  4.55200000e-05  -5.48341694e-04   1.80848300e-03  -1.24173826e-02   8.94132869e-15  -5.46855286e-14  -8.35931016e-15
  4.56000000e-05  -6.13122624e-04   2.09399602e-03  -1.24793544e-02   1.26904681e-14  -5.41852823e-14  -9.71561303e-15
  4.56800000e-05  -6.79531545e-04   2.38681780e-03  -1.25174713e-02   1.64879556e-14  -5.33886820e-14  -1.10751716e-14
  4.57600000e-05  -7.43983758e-04   2.68954317e-03  -1.25440789e-02   2.03289767e-14  -5.23662061e-14  -1.24334040e-14
  4.58400000e-05  -8.05441916e-04   2.99327843e-03  -1.25441641e-02   2.41497470e-14  -5.10574805e-14  -1.37339143e-14
  4.59200000e-05  -8.67275345e-04   3.30747606e-03  -1.25053575e-02   2.79556145e-14  -4.94003046e-14  -1.50044123e-14
  4.60000000e-05  -9.23174004e-04   3.62145489e-03  -1.24621606e-02   3.17126206e-14  -4.75815501e-14  -1.61762241e-14
  4.60800000e-05  -9.76946579e-04   3.93592452e-03  -1.23642169e-02   3.53437770e-14  -4.53867260e-14  -1.72406964e-14
  4.61600000e-05  -1.02875887e-03   4.25013812e-03  -1.22693436e-02   3.88996370e-14  -4.30691238e-14  -1.81809296e-14
  4.62400000e-05  -1.07836100e-03   4.57530867e-03  -1.21381729e-02   4.23656921e-14  -4.04885919e-14  -1.90253770e-14
  4.63200000e-05  -1.11865209e-03   4.87733004e-03  -1.19839352e-02   4.55796488e-14  -3.77552173e-14  -1.96206355e-14
  4.64000000e-05  -1.15977951e-03   5.17967869e-03  -1.18227984e-02   4.86702088e-14  -3.49022843e-14  -2.00654127e-14
  4.64800000e-05  -1.19815455e-03   5.48232810e-03  -1.16155315e-02   5.15540093e-14  -3.18339769e-14  -2.03429328e-14
  4.65600000e-05  -1.23304040e-03   5.77621828e-03  -1.13943750e-02   5.42344821e-14  -2.86956768e-14  -2.04158455e-14
  4.66400000e-05  -1.26495475e-03   6.06254778e-03  -1.11475203e-02   5.66848420e-14  -2.54755003e-14  -2.02870407e-14
  4.67200000e-05  -1.29305854e-03   6.33616641e-03  -1.08749057e-02   5.88707689e-14  -2.22099476e-14  -1.99403361e-14
  4.68000000e-05  -1.31912193e-03   6.59777286e-03  -1.05781637e-02   6.07926458e-14  -1.89296259e-14  -1.93877020e-14
  4.68800000e-05  -1.34109424e-03   6.84340612e-03  -1.02763948e-02   6.24736628e-14  -1.57194045e-14  -1.86210576e-14
  4.69600000e-05  -1.36307788e-03   7.07443535e-03  -9.94416271e-03   6.38577198e-14  -1.25281757e-14  -1.76659232e-14
  4.70400000e-05  -1.38077012e-03   7.29372728e-03  -9.60449464e-03   6.50198266e-14  -9.45455707e-15  -1.65273032e-14
  4.71200000e-05  -1.39850746e-03   7.49573060e-03  -9.25417295e-03   6.59250925e-14  -6.49037430e-15  -1.52198183e-14
  4.72000000e-05  -1.41608081e-03   7.69280177e-03  -8.88718167e-03   6.66319924e-14  -3.64882340e-15  -1.37755663e-14
  4.72800000e-05  -1.42873651e-03   7.85361515e-03  -8.52841763e-03   6.70347358e-14  -1.00766131e-15  -1.21580301e-14
  4.73600000e-05  -1.44369648e-03   8.00656547e-03  -8.14261205e-03   6.72076080e-14   1.49934454e-15  -1.04417092e-14
  4.74400000e-05  -1.45556513e-03   8.13567084e-03  -7.75393215e-03   6.71305990e-14   3.79834829e-15  -8.61638281e-15
  4.75200000e-05  -1.46595180e-03   8.25736100e-03  -7.36321670e-03   6.69089366e-14   5.89068408e-15  -6.71496894e-15
  4.76000000e-05  -1.47720418e-03   8.35570004e-03  -6.96964220e-03   6.64570538e-14   7.78316644e-15  -4.75445262e-15
  4.76800000e-05  -1.48576514e-03   8.44253430e-03  -6.57318718e-03   6.58525679e-14   9.45017545e-15  -2.74722426e-15
  4.77600000e-05  -1.49527493e-03   8.50021705e-03  -6.17558372e-03   6.50061753e-14   1.09082567e-14  -7.25365431e-16
  4.78400000e-05  -1.50444903e-03   8.55304218e-03  -5.78002102e-03   6.40765458e-14   1.21506108e-14   1.30186186e-15
  4.79200000e-05  -1.51535049e-03   8.58162972e-03  -5.38199319e-03   6.29486290e-14   1.31882081e-14   3.30492480e-15
  4.80000000e-05  -1.52480900e-03   8.60222794e-03  -4.98710216e-03   6.17395793e-14   1.40085316e-14   5.28633952e-15
  4.80800000e-05  -1.53384805e-03   8.59909898e-03  -4.60007507e-03   6.03773240e-14   1.46285426e-14   7.21350074e-15
  4.81600000e-05  -1.54229872e-03   8.58548861e-03  -4.21856767e-03   5.89408941e-14   1.50526890e-14   9.08607543e-15
  4.82400000e-05  -1.55291553e-03   8.55579458e-03  -3.84240748e-03   5.74048916e-14   1.53047543e-14   1.08784367e-14
  4.83200000e-05  -1.56209957e-03   8.51797419e-03  -3.46943391e-03   5.58171688e-14   1.53685899e-14   1.26006944e-14
  4.84000000e-05  -1.56940751e-03   8.46178891e-03  -3.11079882e-03   5.41497697e-14   1.52727937e-14   1.42253174e-14
  4.84800000e-05  -1.57835640e-03   8.39423847e-03  -2.75366068e-03   5.24211692e-14   1.50226316e-14   1.57478605e-14
  4.85600000e-05  -1.58557383e-03   8.31871496e-03  -2.41333287e-03   5.06868601e-14   1.46440814e-14   1.71763210e-14
  4.86400000e-05  -1.59212853e-03   8.22836696e-03  -2.07517765e-03   4.88841387e-14   1.41206309e-14   1.84851169e-14
  4.87200000e-05  -1.59875093e-03   8.13201459e-03  -1.75403631e-03   4.70944926e-14   1.35059035e-14   1.96904936e-14
  4.88000000e-05  -1.60658328e-03   8.02552285e-03  -1.43948216e-03   4.52781592e-14   1.27904769e-14   2.07763122e-14
  4.88800000e-05  -1.61099950e-03   7.91124993e-03  -1.13352757e-03   4.34558096e-14   1.19658918e-14   2.17532184e-14
  4.89600000e-05  -1.61718183e-03   7.78448611e-03  -8.31323967e-04   4.15971948e-14   1.10545154e-14   2.25946743e-14
  4.90400000e-05  -1.62006333e-03   7.65716615e-03  -5.56248251e-04   3.98075274e-14   1.01182501e-14   2.33464224e-14
  4.91200000e-05  -1.62389544e-03   7.52158567e-03  -2.84974140e-04   3.80071146e-14   9.11407091e-15   2.39765094e-14
  4.92000000e-05   3.80947207e-04  -1.86654621e-03  -2.36387071e-05  -9.20828754e-15  -1.80216765e-15  -6.09348939e-15
  4.92800000e-05   2.48125422e-03  -1.13277534e-02  -3.63092208e-04  -5.63708747e-14  -1.12163867e-14  -3.52913329e-14
  4.93600000e-05   2.75263646e-03  -1.23676747e-02  -7.56984644e-04  -6.25404109e-14  -1.17409884e-14  -3.55915944e-14
  4.94400000e-05   2.74001237e-03  -1.21140151e-02  -1.15047707e-03  -6.19577919e-14  -1.09764904e-14  -3.19830333e-14
  4.95200000e-05   2.71890406e-03  -1.18539010e-02  -1.54145790e-03  -6.11063177e-14  -1.03066807e-14  -2.85235448e-14
  4.96000000e-05   2.69294342e-03  -1.15848019e-02  -1.92600947e-03  -5.99958990e-14  -9.75487983e-15  -2.52113043e-14
  4.96800000e-05   2.65740422e-03  -1.13102111e-02  -2.30155824e-03  -5.86666989e-14  -9.29162795e-15  -2.20767211e-14
  4.97600000e-05   2.61972843e-03  -1.10258832e-02  -2.68298696e-03  -5.70834686e-14  -8.91409212e-15  -1.91046205e-14
  4.98400000e-05   2.57242578e-03  -1.07375731e-02  -3.03169541e-03  -5.53682035e-14  -8.65416247e-15  -1.63294410e-14
  4.99200000e-05   2.52100247e-03  -1.04455791e-02  -3.38644283e-03  -5.34643829e-14  -8.44757253e-15  -1.37442315e-14
  5.00000000e-05   2.46757190e-03  -1.01432780e-02  -3.72625482e-03  -5.13894282e-14  -8.33698122e-15  -1.13365277e-14
  5.00800000e-05   2.40797577e-03  -9.83705837e-03  -4.05454756e-03  -4.91880770e-14  -8.27837697e-15  -9.12773115e-15
  5.01600000e-05   2.34448393e-03  -9.53115322e-03  -4.37445508e-03  -4.68932031e-14  -8.26808576e-15  -7.11767942e-15
  5.02400000e-05   2.27610618e-03  -9.21595974e-03  -4.68006435e-03  -4.44738230e-14  -8.29557105e-15  -5.29383631e-15
  5.03200000e-05   2.20500141e-03  -8.89921967e-03  -4.97532914e-03  -4.19796511e-14  -8.35571451e-15  -3.65922546e-15
  5.04000000e-05   2.12886817e-03  -8.57935093e-03  -5.26007747e-03  -3.94135396e-14  -8.42406156e-15  -2.21161182e-15
  5.04800000e-05   2.05229329e-03  -8.25462140e-03  -5.52875159e-03  -3.67882908e-14  -8.52047842e-15  -9.34576046e-16
  5.05600000e-05   1.97455295e-03  -7.93211102e-03  -5.77327832e-03  -3.41742980e-14  -8.63231645e-15   1.72091408e-16
  5.06400000e-05   1.89579307e-03  -7.60681604e-03  -6.00804921e-03  -3.15198002e-14  -8.74021417e-15   1.12019432e-15
  5.07200000e-05   1.81406542e-03  -7.28049185e-03  -6.23874489e-03  -2.88308984e-14  -8.82186830e-15   1.91166726e-15
  5.08000000e-05   1.73280274e-03  -6.95266508e-03  -6.43632179e-03  -2.61792197e-14  -8.89786421e-15   2.56364531e-15
  5.08800000e-05   1.64841231e-03  -6.62537667e-03  -6.63650667e-03  -2.35024390e-14  -8.92837135e-15   3.07573165e-15
  5.09600000e-05   1.56614878e-03  -6.30038226e-03  -6.81938944e-03  -2.08635292e-14  -8.94173968e-15   3.46966360e-15
  5.10400000e-05   1.48124572e-03  -5.97261415e-03  -6.96869054e-03  -1.82785108e-14  -8.90303125e-15   3.74523798e-15
  5.11200000e-05   1.39725798e-03  -5.65079394e-03  -7.13223310e-03  -1.56891757e-14  -8.82724009e-15   3.92010306e-15
  5.12000000e-05   1.31514594e-03  -5.32969398e-03  -7.27061119e-03  -1.31647904e-14  -8.71392533e-15   4.00639423e-15
  5.12800000e-05   1.23543146e-03  -5.01232446e-03  -7.38840372e-03  -1.07170449e-14  -8.56120580e-15   4.01593738e-15
  5.13600000e-05   1.15189103e-03  -4.69589227e-03  -7.50992009e-03  -8.27251736e-15  -8.33449180e-15   3.94263012e-15
  5.14400000e-05   1.07403304e-03  -4.38566760e-03  -7.60788083e-03  -5.93462147e-15  -8.08012801e-15   3.82008824e-15
  5.15200000e-05   9.95285339e-04  -4.07983580e-03  -7.67914872e-03  -3.70430578e-15  -7.75888544e-15   3.64208825e-15
  5.16000000e-05   9.19763121e-04  -3.77844187e-03  -7.75338707e-03  -1.50821479e-15  -7.40049707e-15   3.42755332e-15
  5.16800000e-05   8.43934044e-04  -3.47239379e-03  -7.82124840e-03   6.80487019e-16  -6.98288058e-15   3.17361066e-15
  5.17600000e-05   7.71606752e-04  -3.18891072e-03  -7.85128556e-03   2.61928692e-15  -6.51907109e-15   2.90523062e-15
  5.18400000e-05   6.97758707e-04  -2.90191210e-03  -7.89440587e-03   4.59229177e-15  -5.99726988e-15   2.61043857e-15
  5.19200000e-05   6.32159756e-04  -2.62757428e-03  -7.91129917e-03   6.39980791e-15  -5.46388876e-15   2.32610020e-15
  5.20000000e-05   5.64829421e-04  -2.35310436e-03  -7.92405700e-03   8.17418302e-15  -4.87002605e-15   2.02884691e-15
  5.20800000e-05   5.00526026e-04  -2.09338842e-03  -7.92086501e-03   9.79689886e-15  -4.24329622e-15   1.74052582e-15
  5.21600000e-05   4.37740607e-04  -1.83621093e-03  -7.90895082e-03   1.13574586e-14  -3.58101783e-15   1.46000717e-15
  5.22400000e-05   3.79444699e-04  -1.59027379e-03  -7.88415820e-03   1.27942167e-14  -2.90307277e-15   1.20131763e-15
  5.23200000e-05   3.21592707e-04  -1.35016594e-03  -7.85370880e-03   1.41583151e-14  -2.19013484e-15   9.56268757e-16
  5.24000000e-05   2.66243602e-04  -1.11887371e-03  -7.81392162e-03   1.54224273e-14  -1.45831532e-15   7.34303921e-16
  5.24800000e-05   2.10773036e-04  -8.90739095e-04  -7.77176830e-03   1.66387582e-14  -6.97624530e-16   5.31205109e-16
  5.25600000e-05   1.60148671e-04  -6.81095701e-04  -7.69321256e-03   1.76252170e-14   5.66733207e-17   3.61884596e-16
  5.26400000e-05   1.12047918e-04  -4.74652035e-04  -7.62276132e-03   1.85943831e-14   8.15040211e-16   2.22570449e-16
  5.27200000e-05   6.59893078e-05  -2.81657196e-04  -7.56538923e-03   1.95024976e-14   1.58110119e-15   1.11247123e-16
  5.28000000e-05   2.15643799e-05  -9.27080884e-05  -7.47927929e-03   2.02873148e-14   2.34337853e-15   2.94457810e-17
  5.28800000e-05  -1.94297391e-05   8.14845693e-05  -7.40614732e-03   2.10050391e-14   3.09903612e-15  -2.10094130e-17
  5.29600000e-05  -5.98637592e-05   2.50629886e-04  -7.31556017e-03   2.16275255e-14   3.84967502e-15  -4.50903774e-17
  5.30400000e-05  -9.74026192e-05   4.10179677e-04  -7.19313385e-03   2.20911590e-14   4.56656349e-15  -3.87348848e-17
  5.31200000e-05  -1.33359358e-04   5.58290374e-04  -7.12114883e-03   2.26123632e-14   5.30105573e-15  -7.86977763e-18
  5.32000000e-05  -1.67707238e-04   6.96617924e-04  -6.98606880e-03   2.28921925e-14   5.97667471e-15   4.64170002e-17
  5.32800000e-05  -1.99192021e-04   8.25534707e-04  -6.89019223e-03   2.32120360e-14   6.65415518e-15   1.26206014e-16
  5.33600000e-05  -2.32777852e-04   9.53208260e-04  -6.76646097e-03   2.34387231e-14   7.30903639e-15   2.23309975e-16
  5.34400000e-05  -2.58711572e-04   1.06044803e-03  -6.64423619e-03   2.35434367e-14   7.90551206e-15   3.45024632e-16
  5.35200000e-05  -2.87068049e-04   1.16685119e-03  -6.50802176e-03   2.35992188e-14   8.48213706e-15   4.79840129e-16
  5.36000000e-05  -3.12414762e-04   1.25649157e-03  -6.38666963e-03   2.35919279e-14   9.03591301e-15   6.23655553e-16
  5.36800000e-05  -3.36568660e-04   1.34332534e-03  -6.24567007e-03   2.35135055e-14   9.53726255e-15   7.84181260e-16
  5.37600000e-05  -3.56501184e-04   1.41729825e-03  -6.11098598e-03   2.33752861e-14   9.99647749e-15   9.54784207e-16
  5.38400000e-05  -3.77414603e-04   1.48769366e-03  -5.96431479e-03   2.31857084e-14   1.04181440e-14   1.13145970e-15
  5.39200000e-05  -3.95721138e-04   1.54598618e-03  -5.81253416e-03   2.29158895e-14   1.07880323e-14   1.30921328e-15
  5.40000000e-05  -4.12023234e-04   1.59714547e-03  -5.66538453e-03   2.26194301e-14   1.11228324e-14   1.49064034e-15
  5.40800000e-05  -4.27750635e-04   1.64211327e-03  -5.51346169e-03   2.22802308e-14   1.14162414e-14   1.67161381e-15
  5.41600000e-05  -4.42064341e-04   1.67860331e-03  -5.37453423e-03   2.19288636e-14   1.16913756e-14   1.84782768e-15
  5.42400000e-05  -4.55064286e-04   1.71312942e-03  -5.20166430e-03   2.14948091e-14   1.18690553e-14   2.02852535e-15
  5.43200000e-05  -4.67120416e-04   1.73141285e-03  -5.02771341e-03   2.09765240e-14   1.20038435e-14   2.18489905e-15
  5.44000000e-05  -4.76353626e-04   1.75038873e-03  -4.87422167e-03   2.05181930e-14   1.21269179e-14   2.34968893e-15
  5.44800000e-05  -4.83664410e-04   1.75757021e-03  -4.70538597e-03   1.99709691e-14   1.21768713e-14   2.49553582e-15
  5.45600000e-05  -4.91534853e-04   1.76386733e-03  -4.53586714e-03   1.94304032e-14   1.21948292e-14   2.63661612e-15
  5.46400000e-05  -4.97092865e-04   1.75870218e-03  -4.37384940e-03   1.88545568e-14   1.21832591e-14   2.75598391e-15
  5.47200000e-05  -5.02351928e-04   1.74921251e-03  -4.20735303e-03   1.82594869e-14   1.21288226e-14   2.86241722e-15
  5.48000000e-05  -5.04787289e-04   1.73572638e-03  -4.03422643e-03   1.76442958e-14   1.20123807e-14   2.96056504e-15
  5.48800000e-05  -5.07573849e-04   1.71760360e-03  -3.86404693e-03   1.70251315e-14   1.18740254e-14   3.04172215e-15
  5.49600000e-05  -5.10373665e-04   1.69428988e-03  -3.69017717e-03   1.63867614e-14   1.16972121e-14   3.10421315e-15
  5.50400000e-05  -5.10479686e-04   1.66792634e-03  -3.51122465e-03   1.57393220e-14   1.14641642e-14   3.15752434e-15
  5.51200000e-05  -5.10071967e-04   1.63559521e-03  -3.33600137e-03   1.50835046e-14   1.12091979e-14   3.18945835e-15
  5.52000000e-05  -5.08007634e-04   1.59899995e-03  -3.15287003e-03   1.44082823e-14   1.08978514e-14   3.20537995e-15
  5.52800000e-05  -5.02515566e-04   1.56373679e-03  -2.97015078e-03   1.37596080e-14   1.05424736e-14   3.22247499e-15
  5.53600000e-05  -5.01909739e-04   1.51840332e-03  -2.78866124e-03   1.30759380e-14   1.01924109e-14   3.19624690e-15
  5.54400000e-05  -4.96312845e-04   1.46892947e-03  -2.60763059e-03   1.23883431e-14   9.79244810e-15   3.15839285e-15
  5.55200000e-05  -4.92359301e-04   1.42223412e-03  -2.42455805e-03   1.17305174e-14   9.37386534e-15   3.11652751e-15
  5.56000000e-05  -4.85556563e-04   1.37171192e-03  -2.24021596e-03   1.10669841e-14   8.91520978e-15   3.06017497e-15
  5.56800000e-05  -4.78665134e-04   1.31728634e-03  -2.05794167e-03   1.04021544e-14   8.44232034e-15   2.98444059e-15
  5.57600000e-05  -4.70444350e-04   1.26487881e-03  -1.87940893e-03   9.77008477e-15   7.95488348e-15   2.90819219e-15
  5.58400000e-05  -4.61153822e-04   1.20613478e-03  -1.68846835e-03   9.09998889e-15   7.40914271e-15   2.80723655e-15
  5.59200000e-05  -4.51412582e-04   1.14737385e-03  -1.50291665e-03   8.45273243e-15   6.86073464e-15   2.69885741e-15
  5.60000000e-05  -4.40577513e-04   1.08833634e-03  -1.32540838e-03   7.82922384e-15   6.31593063e-15   2.58371449e-15
  5.60800000e-05  -4.30455681e-04   1.02750085e-03  -1.13894558e-03   7.19541829e-15   5.73578933e-15   2.45509509e-15
  5.61600000e-05  -4.18179064e-04   9.67218169e-04  -9.49169355e-04   6.57149722e-15   5.12225835e-15   2.32443113e-15
  5.62400000e-05  -4.06191685e-04   9.04628090e-04  -7.63115800e-04   5.95076395e-15   4.51097667e-15   2.18001695e-15
  5.63200000e-05  -3.93825068e-04   8.42228997e-04  -5.75186574e-04   5.33759833e-15   3.88274255e-15   2.03078165e-15
  5.64000000e-05  -3.81493022e-04   7.79828317e-04  -3.96242474e-04   4.74448534e-15   3.27428208e-15   1.87609830e-15
  5.64800000e-05  -3.67998070e-04   7.17750374e-04  -2.12678022e-04   4.15320821e-15   2.63877363e-15   1.71906882e-15
  5.65600000e-05  -2.43760941e-04   7.31981769e-04  -3.30762052e-05   3.98271257e-15   1.41408838e-15   1.94270021e-15
  5.66400000e-05  -1.09282542e-04   8.45824969e-04  -1.20879966e-04   4.70615903e-15   9.63783153e-16   2.48917038e-15
  5.67200000e-05  -1.09550183e-04   9.31949814e-04  -2.68663446e-04   5.35658185e-15   1.42954738e-15   2.77466808e-15
  5.68000000e-05  -1.23971616e-04   9.76075185e-04  -4.15641609e-04   5.77689305e-15   1.97453337e-15   2.91386192e-15
  5.68800000e-05  -1.37554651e-04   1.01705016e-03  -5.61475085e-04   6.17460091e-15   2.51770096e-15   3.04783444e-15
  5.69600000e-05  -1.51778012e-04   1.05517212e-03  -7.05746762e-04   6.54996909e-15   3.06612554e-15   3.17557091e-15
  5.70400000e-05  -1.65243851e-04   1.09318914e-03  -8.49362673e-04   6.91803058e-15   3.61569814e-15   3.30775066e-15
  5.71200000e-05  -1.78694107e-04   1.12768436e-03  -9.90395148e-04   7.25732171e-15   4.16455467e-15   3.43243053e-15
  5.72000000e-05  -1.92087518e-04   1.15983222e-03  -1.12913595e-03   7.57379867e-15   4.71366495e-15   3.55336157e-15
  5.72800000e-05  -2.05438219e-04   1.19183500e-03  -1.26636042e-03   7.87941520e-15   5.26585011e-15   3.67769821e-15
  5.73600000e-05  -2.17543658e-04   1.21979655e-03  -1.40250811e-03   8.15342368e-15   5.81646577e-15   3.79404524e-15
  5.74400000e-05  -2.29085228e-04   1.24453610e-03  -1.53440807e-03   8.39571754e-15   6.35864654e-15   3.90393562e-15
  5.75200000e-05  -2.41019691e-04   1.26669615e-03  -1.66428769e-03   8.61197961e-15   6.90477708e-15   4.00807979e-15
  5.76000000e-05  -2.53291347e-04   1.28722897e-03  -1.78960922e-03   8.80373862e-15   7.44582574e-15   4.10959651e-15
  5.76800000e-05  -2.63589352e-04   1.30560325e-03  -1.91325356e-03   8.97118994e-15   7.97936044e-15   4.20914871e-15
  5.77600000e-05  -2.73856554e-04   1.32122200e-03  -2.03422234e-03   9.10970373e-15   8.51195131e-15   4.30209868e-15
  5.78400000e-05  -2.82764269e-04   1.33261539e-03  -2.15050342e-03   9.20923980e-15   9.02934625e-15   4.38436959e-15
  5.79200000e-05  -2.92147724e-04   1.34246982e-03  -2.26336538e-03   9.28508058e-15   9.54501234e-15   4.46294528e-15
  5.80000000e-05  -3.02258072e-04   1.35213829e-03  -2.37136300e-03   9.34261438e-15   1.00545608e-14   4.54222996e-15
  5.80800000e-05  -3.09501123e-04   1.35589345e-03  -2.47589100e-03   9.35376564e-15   1.05439742e-14   4.60501074e-15
  5.81600000e-05  -3.17799398e-04   1.36088144e-03  -2.57672972e-03   9.35519939e-15   1.10320305e-14   4.67267044e-15
  5.82400000e-05  -3.24787786e-04   1.36171045e-03  -2.67359436e-03   9.31907381e-15   1.15049818e-14   4.72761794e-15
  5.83200000e-05  -3.30771215e-04   1.35965095e-03  -2.76533015e-03   9.25127456e-15   1.19594254e-14   4.77360316e-15
  5.84000000e-05  -3.37415407e-04   1.35814762e-03  -2.85300410e-03   9.17058451e-15   1.24070661e-14   4.82170031e-15
  5.84800000e-05  -3.43493232e-04   1.35453700e-03  -2.93687549e-03   9.06390931e-15   1.28420320e-14   4.86286056e-15
  5.85600000e-05  -3.48483829e-04   1.34928107e-03  -3.01595153e-03   8.93334840e-15   1.32571582e-14   4.89878733e-15
  5.86400000e-05  -3.53814663e-04   1.34232085e-03  -3.09116513e-03   8.77984196e-15   1.36623882e-14   4.92787382e-15
  5.87200000e-05  -3.58947380e-04   1.33575739e-03  -3.16136954e-03   8.61364178e-15   1.40499387e-14   4.95844132e-15
  5.88000000e-05  -3.63468262e-04   1.32735486e-03  -3.22690629e-03   8.42448250e-15   1.44182475e-14   4.98189204e-15
  5.88800000e-05  -3.68007479e-04   1.31745203e-03  -3.28874612e-03   8.21532262e-15   1.47735260e-14   4.99889959e-15
  5.89600000e-05  -3.72473123e-04   1.30795123e-03  -3.34664380e-03   7.99598742e-15   1.51137575e-14   5.01689699e-15
  5.90400000e-05  -3.75818336e-04   1.29669007e-03  -3.40059102e-03   7.75646694e-15   1.54330872e-14   5.02762852e-15
  5.91200000e-05  -3.79445442e-04   1.28499261e-03  -3.45047070e-03   7.50405246e-15   1.57373021e-14   5.03552702e-15
  5.92000000e-05  -3.83522949e-04   1.27433166e-03  -3.49730171e-03   7.24686153e-15   1.60308271e-14   5.04653423e-15
  5.92800000e-05  -3.87168172e-04   1.26429663e-03  -3.53928638e-03   6.98309844e-15   1.63014378e-14   5.05927398e-15
  5.93600000e-05  -3.90323728e-04   1.25081837e-03  -3.57803902e-03   6.69421834e-15   1.65548836e-14   5.05702707e-15
  5.94400000e-05  -3.94198462e-04   1.23858579e-03  -3.61326423e-03   6.40371689e-15   1.67953210e-14   5.05861442e-15
  5.95200000e-05  -3.97432583e-04   1.22714079e-03  -3.64445158e-03   6.11005486e-15   1.70136011e-14   5.06242121e-15
  5.96000000e-05  -4.01000576e-04   1.21499760e-03  -3.67318279e-03   5.80693342e-15   1.72206446e-14   5.06221967e-15
  5.96800000e-05  -4.04469471e-04   1.20407796e-03  -3.69801574e-03   5.50424278e-15   1.74079374e-14   5.06601834e-15
  5.97600000e-05  -4.07714489e-04   1.19096058e-03  -3.72110653e-03   5.18624042e-15   1.75835928e-14   5.05947904e-15
  5.98400000e-05  -4.10294893e-04   1.17944731e-03  -3.74010401e-03   4.87201863e-15   1.77354361e-14   5.05842832e-15
  5.99200000e-05  -4.14572088e-04   1.17003454e-03  -3.75720307e-03   4.56420407e-15   1.78836521e-14   5.06554973e-15
  6.00000000e-05  -4.18230573e-04   1.15924736e-03  -3.77119237e-03   4.24721467e-15   1.80119898e-14   5.06578155e-15
  6.00800000e-05  -4.21439240e-04   1.14825458e-03  -3.78234909e-03   3.92729942e-15   1.81221299e-14   5.06396951e-15
  6.01600000e-05  -4.25684424e-04   1.13978675e-03  -3.79175433e-03   3.61750756e-15   1.82255086e-14   5.07239523e-15
  6.02400000e-05  -4.30044217e-04   1.13133331e-03  -3.79922068e-03   3.30651238e-15   1.83169893e-14   5.08016652e-15
  6.03200000e-05  -4.34235078e-04   1.12249634e-03  -3.80478346e-03   2.99299913e-15   1.83952611e-14   5.08542689e-15
  6.04000000e-05  -4.38864782e-04   1.11468468e-03  -3.80855707e-03   2.68397058e-15   1.84635375e-14   5.09461245e-15
  6.04800000e-05  -4.43693603e-04   1.10808165e-03  -3.81031511e-03   2.38085507e-15   1.85197363e-14   5.10850396e-15
  6.05600000e-05  -4.48515640e-04   1.10108096e-03  -3.80985817e-03   2.07689511e-15   1.85620489e-14   5.12008526e-15
  6.06400000e-05  -4.53546037e-04   1.09483092e-03  -3.80789011e-03   1.77736532e-15   1.85944687e-14   5.13451853e-15
  6.07200000e-05  -4.58009950e-04   1.08931107e-03  -3.80387436e-03   1.48309609e-15   1.86111556e-14   5.15108103e-15
  6.08000000e-05  -4.63373983e-04   1.08396701e-03  -3.79950922e-03   1.19047909e-15   1.86261509e-14   5.16869281e-15
  6.08800000e-05  -4.69442719e-04   1.08016674e-03  -3.79384818e-03   9.06692783e-16   1.86344939e-14   5.19333386e-15
  6.09600000e-05  -4.75865218e-04   1.07699973e-03  -3.78674289e-03   6.28094016e-16   1.86339982e-14   5.22082526e-15
  6.10400000e-05  -4.81587130e-04   1.07224101e-03  -3.77833821e-03   3.44991118e-16   1.86206330e-14   5.24030987e-15
  6.11200000e-05  -4.87793454e-04   1.06837611e-03  -3.76869577e-03   6.88169126e-17   1.86000096e-14   5.26395303e-15
  6.12000000e-05  -4.94946968e-04   1.06731373e-03  -3.75845248e-03  -1.92522368e-16   1.85770477e-14   5.30080572e-15
  6.12800000e-05  -5.02266751e-04   1.06555602e-03  -3.74757223e-03  -4.54458550e-16   1.85482157e-14   5.33476635e-15
  6.13600000e-05  -5.09126021e-04   1.06381669e-03  -3.73525290e-03  -7.12438775e-16   1.85073440e-14   5.36808166e-15
  6.14400000e-05  -5.16260408e-04   1.06357494e-03  -3.72192585e-03  -9.60126764e-16   1.84595939e-14   5.40817784e-15
  6.15200000e-05  -5.23921380e-04   1.06356617e-03  -3.70859523e-03  -1.20453374e-15   1.84106083e-14   5.45003698e-15
  6.16000000e-05  -5.32184839e-04   1.06386865e-03  -3.69519916e-03  -1.44523023e-15   1.83604922e-14   5.49423205e-15
  6.16800000e-05  -5.40418266e-04   1.06418583e-03  -3.68054983e-03  -1.68147612e-15   1.83014072e-14   5.53851996e-15
  6.17600000e-05  -5.48093227e-04   1.06513184e-03  -3.66536509e-03  -1.91152375e-15   1.82342922e-14   5.58460560e-15
  6.18400000e-05  -5.56775435e-04   1.06718599e-03  -3.65005269e-03  -2.13395838e-15   1.81677602e-14   5.63731993e-15
  6.19200000e-05  -5.65719828e-04   1.06898647e-03  -3.63451152e-03  -2.35444405e-15   1.80982591e-14   5.68955406e-15
  6.20000000e-05  -5.74935897e-04   1.07137875e-03  -3.61924672e-03  -2.57032793e-15   1.80280595e-14   5.74502241e-15
  6.20800000e-05  -5.83682822e-04   1.07422965e-03  -3.60304280e-03  -2.77974893e-15   1.79488811e-14   5.80168295e-15
  6.21600000e-05  -5.93143589e-04   1.07661730e-03  -3.58528310e-03  -2.98506183e-15   1.78632177e-14   5.85795289e-15
  6.22400000e-05  -6.02961752e-04   1.08022758e-03  -3.56909968e-03  -3.18567575e-15   1.77830265e-14   5.92041642e-15
  6.23200000e-05  -6.12452530e-04   1.08279878e-03  -3.55171515e-03  -3.38520365e-15   1.76936436e-14   5.97793777e-15
  6.24000000e-05  -6.22118008e-04   1.08729878e-03  -3.53518484e-03  -3.57573511e-15   1.76060235e-14   6.04424892e-15
  6.24800000e-05  -6.33513767e-04   1.09272486e-03  -3.51762437e-03  -3.75728761e-15   1.75186143e-14   6.11870870e-15
  6.25600000e-05  -6.42319045e-04   1.09521825e-03  -3.50022815e-03  -3.94834192e-15   1.74188168e-14   6.17488359e-15
  6.26400000e-05  -6.53151179e-04   1.10047046e-03  -3.48258066e-03  -4.12457910e-15   1.73238652e-14   6.24777363e-15
  6.27200000e-05  -6.62724029e-04   1.10349627e-03  -3.46523444e-03  -4.30768991e-15   1.72227561e-14   6.30839187e-15
  6.28000000e-05  -6.74301657e-04   1.10996743e-03  -3.44772687e-03  -4.47357190e-15   1.71267896e-14   6.38876465e-15
  6.28800000e-05  -6.85301850e-04   1.11446123e-03  -3.43038871e-03  -4.64508220e-15   1.70270227e-14   6.45968781e-15
  6.29600000e-05  -6.96070876e-04   1.11924801e-03  -3.41319618e-03  -4.81298719e-15   1.69247603e-14   6.53146883e-15
  6.30400000e-05  -7.08055204e-04   1.12514653e-03  -3.39602918e-03  -4.97377978e-15   1.68252952e-14   6.61143704e-15
  6.31200000e-05  -7.20347799e-04   1.13268724e-03  -3.37886315e-03  -5.12545481e-15   1.67249683e-14   6.69937410e-15
  6.32000000e-05  -7.33224310e-04   1.13967168e-03  -3.36179655e-03  -5.27705900e-15   1.66253297e-14   6.78705121e-15
  6.32800000e-05  -7.45885096e-04   1.14712195e-03  -3.34461981e-03  -5.42392829e-15   1.65223843e-14   6.87636211e-15
  6.33600000e-05  -7.59026276e-04   1.15538090e-03  -3.32753336e-03  -5.56551240e-15   1.64197530e-14   6.97076081e-15
  6.34400000e-05  -7.70468734e-04   1.16144729e-03  -3.31086967e-03  -5.71429809e-15   1.63103977e-14   7.05142682e-15
  6.35200000e-05  -7.84604351e-04   1.17051883e-03  -3.29387775e-03  -5.84812993e-15   1.62081380e-14   7.15278488e-15
  6.36000000e-05  -7.99108923e-04   1.17919758e-03  -3.27760579e-03  -5.98346264e-15   1.61082703e-14   7.25415842e-15
  6.36800000e-05  -8.14185823e-04   1.18905639e-03  -3.26210197e-03  -6.11472720e-15   1.60116847e-14   7.36252895e-15
  6.37600000e-05  -8.26790242e-04   1.19393603e-03  -3.24580646e-03  -6.25980134e-15   1.59007425e-14   7.44345429e-15
  6.38400000e-05  -8.40391628e-04   1.20195592e-03  -3.23028720e-03  -6.39347467e-15   1.57947547e-14   7.54038882e-15
  6.39200000e-05  -8.54135902e-04   1.20985786e-03  -3.21454752e-03  -6.52469175e-15   1.56865862e-14   7.63762644e-15
  6.40000000e-05  -8.69247378e-04   1.21864072e-03  -3.20019889e-03  -6.65544125e-15   1.55869672e-14   7.74331176e-15
  6.40800000e-05  -8.82539383e-04   1.22536375e-03  -3.18582695e-03  -6.79167277e-15   1.54787028e-14   7.83500184e-15
  6.41600000e-05  -8.97204172e-04   1.23321699e-03  -3.17125750e-03  -6.92111966e-15   1.53727241e-14   7.93614583e-15
  6.42400000e-05  -9.11664884e-04   1.24096216e-03  -3.15733507e-03  -7.05140085e-15   1.52665877e-14   8.03645213e-15
  6.43200000e-05  -9.25109952e-04   1.24750243e-03  -3.14403626e-03  -7.18637143e-15   1.51572849e-14   8.12870187e-15
  6.44000000e-05  -9.38996106e-04   1.25434444e-03  -3.13071292e-03  -7.31834706e-15   1.50475389e-14   8.22390839e-15
  6.44800000e-05  -9.53601221e-04   1.26186328e-03  -3.11753513e-03  -7.44675710e-15   1.49389340e-14   8.32456664e-15
  6.45600000e-05  -9.69265194e-04   1.27109702e-03  -3.10574190e-03  -7.57289019e-15   1.48371632e-14   8.43586288e-15
  6.46400000e-05  -9.83941497e-04   1.27820551e-03  -3.09304082e-03  -7.70133093e-15   1.47266080e-14   8.53570710e-15
  6.47200000e-05  -9.99548058e-04   1.28714318e-03  -3.08095200e-03  -7.82438748e-15   1.46194704e-14   8.64609472e-15
  6.48000000e-05  -1.01401901e-03   1.29377805e-03  -3.06906578e-03  -7.95451374e-15   1.45072150e-14   8.74375016e-15
  6.48800000e-05  -1.03020564e-03   1.30235429e-03  -3.05756538e-03  -8.07826641e-15   1.44000485e-14   8.85549027e-15
  6.49600000e-05  -1.04709753e-03   1.31103132e-03  -3.04700615e-03  -8.20427728e-15   1.42964140e-14   8.97068261e-15
  6.50400000e-05  -1.06365549e-03   1.31992334e-03  -3.03587992e-03  -8.32610968e-15   1.41874315e-14   9.08548261e-15
  6.51200000e-05  -1.08063325e-03   1.32874176e-03  -3.02615581e-03  -8.45291542e-15   1.40825286e-14   9.20195360e-15
  6.52000000e-05  -1.09557468e-03   1.33592374e-03  -3.01556173e-03  -8.58012464e-15   1.39657964e-14   9.30420556e-15
  6.52800000e-05  -1.11280214e-03   1.34472703e-03  -3.00629066e-03  -8.70668175e-15   1.38586879e-14   9.42189878e-15
  6.53600000e-05  -1.12857477e-03   1.35207590e-03  -2.99691992e-03  -8.83634340e-15   1.37443066e-14   9.52838940e-15
  6.54400000e-05  -1.14536191e-03   1.36006919e-03  -2.98781201e-03  -8.96410592e-15   1.36316357e-14   9.64154138e-15
  6.55200000e-05  -1.16194252e-03   1.36823393e-03  -2.97925660e-03  -9.09277766e-15   1.35177869e-14   9.75437286e-15
  6.56000000e-05  -1.17892230e-03   1.37621481e-03  -2.97101590e-03  -9.22252301e-15   1.34037360e-14   9.86836117e-15
  6.56800000e-05  -1.19617660e-03   1.38401191e-03  -2.96325743e-03  -9.35412893e-15   1.32895660e-14   9.98296924e-15
  6.57600000e-05  -1.21358200e-03   1.39078120e-03  -2.95618872e-03  -9.49112456e-15   1.31754780e-14   1.00949120e-14
  6.58400000e-05  -1.23117100e-03   1.39903167e-03  -2.94896566e-03  -9.62227084e-15   1.30587441e-14   1.02124815e-14
  6.59200000e-05  -1.24918219e-03   1.40745417e-03  -2.94222761e-03  -9.75447198e-15   1.29420706e-14   1.03324718e-14
  6.60000000e-05  -1.26696001e-03   1.41456299e-03  -2.93598195e-03  -9.89210838e-15   1.28234826e-14   1.04471111e-14
  6.60800000e-05  -1.28533822e-03   1.42313961e-03  -2.92994405e-03  -1.00259466e-14   1.27043819e-14   1.05690896e-14
  6.61600000e-05  -1.30373282e-03   1.43067110e-03  -2.92494195e-03  -1.01671317e-14   1.25855710e-14   1.06877458e-14
  6.62400000e-05  -1.32250963e-03   1.43912144e-03  -2.91982002e-03  -1.03047198e-14   1.24643702e-14   1.08108833e-14
  6.63200000e-05  -1.34136348e-03   1.44656594e-03  -2.91549721e-03  -1.04484995e-14   1.23426728e-14   1.09311460e-14
  6.64000000e-05  -1.35996572e-03   1.45416177e-03  -2.91159429e-03  -1.05934903e-14   1.22183204e-14   1.10503713e-14
  6.64800000e-05  -1.37954754e-03   1.46201406e-03  -2.90809983e-03  -1.07394374e-14   1.20944501e-14   1.11749329e-14
  6.65600000e-05  -1.39725452e-03   1.46766898e-03  -2.90392499e-03  -1.08871711e-14   1.19604229e-14   1.12833805e-14
  6.66400000e-05  -1.41612664e-03   1.47458106e-03  -2.90145668e-03  -1.10398043e-14   1.18309276e-14   1.14009708e-14
  6.67200000e-05  -1.43588160e-03   1.48129433e-03  -2.89835315e-03  -1.11892687e-14   1.16983615e-14   1.15221231e-14
  6.68000000e-05  -1.45525105e-03   1.48819980e-03  -2.89729796e-03  -1.13484222e-14   1.15669130e-14   1.16414264e-14
  6.68800000e-05  -1.47560870e-03   1.49476746e-03  -2.89556969e-03  -1.15046231e-14   1.14322430e-14   1.17644783e-14
  6.69600000e-05  -1.49456475e-03   1.50116068e-03  -2.89484920e-03  -1.16661465e-14   1.12931389e-14   1.18792465e-14
  6.70400000e-05  -1.51407743e-03   1.50710902e-03  -2.89377701e-03  -1.18264958e-14   1.11505694e-14   1.19951724e-14
  6.71200000e-05  -1.53494341e-03   1.51438458e-03  -2.89325843e-03  -1.19864235e-14   1.10086107e-14   1.21211959e-14
  6.72000000e-05  -1.55466881e-03   1.51988314e-03  -2.89343322e-03  -1.21537924e-14   1.08617698e-14   1.22358942e-14
  6.72800000e-05  -1.57662608e-03   1.52686716e-03  -2.89343628e-03  -1.23166512e-14   1.07152652e-14   1.23657605e-14
  6.73600000e-05  -1.59954119e-03   1.53573092e-03  -2.89479056e-03  -1.24826547e-14   1.05697631e-14   1.25048191e-14
  6.74400000e-05  -1.62051245e-03   1.54100566e-03  -2.89528122e-03  -1.26514155e-14   1.04134945e-14   1.26236547e-14
  6.75200000e-05  -1.64174297e-03   1.54604624e-03  -2.89666277e-03  -1.28252249e-14   1.02554244e-14   1.27426235e-14
  6.76000000e-05  -1.66474040e-03   1.55330718e-03  -2.89880699e-03  -1.29983686e-14   1.00981390e-14   1.28757869e-14
  6.76800000e-05  -1.68604646e-03   1.55847201e-03  -2.90109670e-03  -1.31763303e-14   9.93297436e-15   1.29937646e-14
  6.77600000e-05  -1.70896808e-03   1.56468680e-03  -2.90415251e-03  -1.33561817e-14   9.76784658e-15   1.31222133e-14
  6.78400000e-05  -1.73114596e-03   1.57011586e-03  -2.90715848e-03  -1.35369797e-14   9.59615459e-15   1.32437095e-14
  6.79200000e-05  -1.75382983e-03   1.57592730e-03  -2.91161717e-03  -1.37249687e-14   9.42344559e-15   1.33678030e-14
  6.80000000e-05  -1.77740629e-03   1.58187221e-03  -2.91442115e-03  -1.39029445e-14   9.24357473e-15   1.34961054e-14
  6.80800000e-05  -1.79776268e-03   1.58583820e-03  -2.91983598e-03  -1.40989182e-14   9.05823269e-15   1.36005586e-14
  6.81600000e-05  -1.82096225e-03   1.59105388e-03  -2.92468699e-03  -1.42890048e-14   8.87126852e-15   1.37226325e-14
  6.82400000e-05  -1.84385826e-03   1.59667336e-03  -2.93026500e-03  -1.44822004e-14   8.67965009e-15   1.38423286e-14
  6.83200000e-05  -1.86695408e-03   1.60029683e-03  -2.93670281e-03  -1.46831589e-14   8.48426866e-15   1.39578753e-14
  6.84000000e-05  -1.89091238e-03   1.60467951e-03  -2.94299370e-03  -1.48813993e-14   8.28412944e-15   1.40784518e-14
  6.84800000e-05  -1.91523858e-03   1.60905009e-03  -2.95012121e-03  -1.50839655e-14   8.08004201e-15   1.41996149e-14
  6.85600000e-05  -1.94045989e-03   1.61391389e-03  -2.95782604e-03  -1.52886384e-14   7.87200951e-15   1.43252965e-14
  6.86400000e-05  -1.96487526e-03   1.61763188e-03  -2.96548712e-03  -1.54940160e-14   7.65638867e-15   1.44424930e-14
  6.87200000e-05  -1.98915022e-03   1.62089169e-03  -2.97397853e-03  -1.57041658e-14   7.43553376e-15   1.45563054e-14
  6.88000000e-05  -2.01609130e-03   1.62592111e-03  -2.98262924e-03  -1.59121711e-14   7.21175131e-15   1.46870847e-14
  6.88800000e-05  -2.04115500e-03   1.62891978e-03  -2.99221818e-03  -1.61275572e-14   6.98017543e-15   1.48013905e-14
  6.89600000e-05  -2.06828442e-03   1.63305241e-03  -3.00190288e-03  -1.63412089e-14   6.74421932e-15   1.49278418e-14
  6.90400000e-05  -2.09437067e-03   1.63631702e-03  -3.01246104e-03  -1.65602475e-14   6.50105410e-15   1.50445371e-14
  6.91200000e-05  -2.12350857e-03   1.64132483e-03  -3.02330672e-03  -1.67781115e-14   6.25418239e-15   1.51799380e-14
  6.92000000e-05  -2.14989833e-03   1.64398995e-03  -3.03399497e-03  -1.69963780e-14   5.99661967e-15   1.52929941e-14
  6.92800000e-05  -2.17981967e-03   1.64933037e-03  -3.04641841e-03  -1.72215230e-14   5.73692725e-15   1.54285776e-14
  6.93600000e-05  -2.20798708e-03   1.65312601e-03  -3.05854771e-03  -1.74451289e-14   5.46717363e-15   1.55487345e-14
  6.94400000e-05  -2.23621864e-03   1.65579169e-03  -3.07119337e-03  -1.76715715e-14   5.18991441e-15   1.56652183e-14
  6.95200000e-05  -2.26589478e-03   1.65994423e-03  -3.08449269e-03  -1.78993098e-14   4.90626733e-15   1.57893332e-14
  6.96000000e-05  -2.29655022e-03   1.66432280e-03  -3.09858741e-03  -1.81303517e-14   4.61551879e-15   1.59166000e-14
  6.96800000e-05  -2.32725352e-03   1.66828927e-03  -3.11299264e-03  -1.83620397e-14   4.31620059e-15   1.60404467e-14
  6.97600000e-05  -2.35722632e-03   1.67084416e-03  -3.12859780e-03  -1.86003263e-14   4.00845561e-15   1.61550594e-14
  6.98400000e-05  -2.38803416e-03   1.67338119e-03  -3.14355667e-03  -1.88325651e-14   3.69147738e-15   1.62713967e-14
  6.99200000e-05  -2.42040607e-03   1.67725302e-03  -3.15991103e-03  -1.90707240e-14   3.36701474e-15   1.63948388e-14
  7.00000000e-05  -2.45267437e-03   1.68022461e-03  -3.17602926e-03  -1.93056375e-14   3.03263751e-15   1.65130577e-14
  7.00800000e-05  -2.48520104e-03   1.68264285e-03  -3.19343952e-03  -1.95464827e-14   2.68932776e-15   1.66285025e-14
  7.01600000e-05  -2.51857679e-03   1.68611873e-03  -3.21168329e-03  -1.97896345e-14   2.33660586e-15   1.67455830e-14
  7.02400000e-05  -2.55273811e-03   1.68925775e-03  -3.23028805e-03  -2.00324740e-14   1.97384087e-15   1.68628880e-14
  7.03200000e-05  -2.58724765e-03   1.69184520e-03  -3.24952930e-03  -2.02765571e-14   1.60072684e-15   1.69774302e-14
  7.04000000e-05  -2.62264671e-03   1.69515788e-03  -3.26908660e-03  -2.05193884e-14   1.21696662e-15   1.70928653e-14
  7.04800000e-05  -2.65826140e-03   1.69753846e-03  -3.28964847e-03  -2.07653852e-14   8.22323120e-16   1.72041930e-14
  7.05600000e-05  -2.69464616e-03   1.70015105e-03  -3.31078259e-03  -2.10114156e-14   4.16378047e-16   1.73150107e-14
  7.06400000e-05  -2.73211887e-03   1.70290131e-03  -3.33254893e-03  -2.12576560e-14  -1.21571926e-18   1.74270128e-14
  7.07200000e-05  -2.76971148e-03   1.70540088e-03  -3.35533936e-03  -2.15063442e-14  -4.30824965e-16   1.75337374e-14
  7.08000000e-05  -2.80838616e-03   1.70819182e-03  -3.37825316e-03  -2.17515434e-14  -8.72851827e-16   1.76409914e-14
  7.08800000e-05  -2.84723207e-03   1.71089280e-03  -3.40260382e-03  -2.20012854e-14  -1.32767140e-15   1.77426657e-14
  7.09600000e-05  -2.88767063e-03   1.71383770e-03  -3.42738672e-03  -2.22489740e-14  -1.79586864e-15   1.78473824e-14
  7.10400000e-05  -2.92794585e-03   1.71625344e-03  -3.45281224e-03  -2.24954153e-14  -2.27739069e-15   1.79438597e-14
  7.11200000e-05  -2.97073244e-03   1.71937357e-03  -3.47908068e-03  -2.27419699e-14  -2.77366195e-15   1.80482584e-14
  7.12000000e-05  -3.01248597e-03   1.72173374e-03  -3.50614567e-03  -2.29873988e-14  -3.28362760e-15   1.81383462e-14
  7.12800000e-05  -3.05551354e-03   1.72366767e-03  -3.53372329e-03  -2.32296034e-14  -3.80856141e-15   1.82282733e-14
  7.13600000e-05  -3.10061732e-03   1.72732593e-03  -3.56265005e-03  -2.34746864e-14  -4.34987546e-15   1.83212961e-14
  7.14400000e-05  -3.14769211e-03   1.73139617e-03  -3.59324168e-03  -2.37236514e-14  -4.90872168e-15   1.84167429e-14
  7.15200000e-05  -3.19254338e-03   1.73289855e-03  -3.62306148e-03  -2.39585978e-14  -5.48065194e-15   1.84902877e-14
  7.16000000e-05  -3.23874838e-03   1.73576110e-03  -3.65432233e-03  -2.41956186e-14  -6.06992221e-15   1.85609203e-14
  7.16800000e-05  -3.28702250e-03   1.73854085e-03  -3.68669146e-03  -2.44311243e-14  -6.67765947e-15   1.86335831e-14
  7.17600000e-05  -3.33643833e-03   1.74168975e-03  -3.72024970e-03  -2.46654796e-14  -7.30373506e-15   1.87014358e-14
  7.18400000e-05  -3.38809234e-03   1.74505618e-03  -3.75485534e-03  -2.48971543e-14  -7.94974354e-15   1.87706589e-14
  7.19200000e-05  -3.43898068e-03   1.74817056e-03  -3.79036168e-03  -2.51241692e-14  -8.61297181e-15   1.88226335e-14
  7.20000000e-05  -3.49211688e-03   1.75181671e-03  -3.82693886e-03  -2.53477807e-14  -9.29713461e-15   1.88742334e-14
  7.20800000e-05  -3.54499621e-03   1.75441609e-03  -3.86441007e-03  -2.55644040e-14  -9.99959910e-15   1.89116207e-14
  7.21600000e-05  -3.60021957e-03   1.75817178e-03  -3.90421292e-03  -2.57846304e-14  -1.07261789e-14   1.89466782e-14
  7.22400000e-05  -3.65742686e-03   1.76172074e-03  -3.94396738e-03  -2.59916773e-14  -1.14736013e-14   1.89781938e-14
  7.23200000e-05  -3.71434393e-03   1.76527424e-03  -3.98542609e-03  -2.61955634e-14  -1.22418539e-14   1.89914706e-14
  7.24000000e-05  -3.77399103e-03   1.76900980e-03  -4.02823697e-03  -2.63935314e-14  -1.30351294e-14   1.90032711e-14
  7.24800000e-05  -3.83268427e-03   1.77249025e-03  -4.07191797e-03  -2.65811695e-14  -1.38475368e-14   1.89916907e-14
  7.25600000e-05  -3.89540036e-03   1.77762735e-03  -4.11743817e-03  -2.67662459e-14  -1.46890595e-14   1.89811156e-14
  7.26400000e-05  -3.95781433e-03   1.78199652e-03  -4.16514562e-03  -2.69458653e-14  -1.55543016e-14   1.89498826e-14
  7.27200000e-05  -4.02509398e-03   1.78793148e-03  -4.21323552e-03  -2.71124323e-14  -1.64486588e-14   1.89215659e-14
  7.28000000e-05  -4.09037581e-03   1.79243401e-03  -4.26344628e-03  -2.72695951e-14  -1.73645366e-14   1.88622304e-14
  7.28800000e-05  -4.16092066e-03   1.79872927e-03  -4.31519770e-03  -2.74185498e-14  -1.83140679e-14   1.88043204e-14
  7.29600000e-05  -4.23290893e-03   1.80483036e-03  -4.36930952e-03  -2.75589160e-14  -1.92931284e-14   1.87291739e-14
  7.30400000e-05  -4.30263782e-03   1.81079387e-03  -4.42436936e-03  -2.76814885e-14  -2.02910816e-14   1.86151849e-14
  7.31200000e-05  -4.37657190e-03   1.81746705e-03  -4.48197728e-03  -2.77952092e-14  -2.13249076e-14   1.84941621e-14
  7.32000000e-05  -4.45231068e-03   1.82525950e-03  -4.54195393e-03  -2.78983119e-14  -2.23901684e-14   1.83498304e-14
  7.32800000e-05  -4.52955174e-03   1.83327442e-03  -4.60358082e-03  -2.79834279e-14  -2.34843953e-14   1.81812912e-14
  7.33600000e-05  -4.61089521e-03   1.84219491e-03  -4.66721746e-03  -2.80521461e-14  -2.46148950e-14   1.79978912e-14
  7.34400000e-05  -4.69382024e-03   1.85172701e-03  -4.73382667e-03  -2.81067901e-14  -2.57792742e-14   1.77851974e-14
  7.35200000e-05  -4.77917724e-03   1.86182804e-03  -4.80224750e-03  -2.81392357e-14  -2.69762364e-14   1.75453850e-14
  7.36000000e-05  -4.86709366e-03   1.87287994e-03  -4.87390003e-03  -2.81551899e-14  -2.82107712e-14   1.72753972e-14
  7.36800000e-05  -4.95648768e-03   1.88451081e-03  -4.94898473e-03  -2.81520989e-14  -2.94810201e-14   1.69687794e-14
  7.37600000e-05  -5.05021958e-03   1.89779387e-03  -5.02482549e-03  -2.81174991e-14  -3.07851649e-14   1.66325473e-14
  7.38400000e-05  -5.14515015e-03   1.91151736e-03  -5.10565410e-03  -2.80652536e-14  -3.21297230e-14   1.62532397e-14
  7.39200000e-05  -5.24546984e-03   1.92622273e-03  -5.18783181e-03  -2.79771704e-14  -3.35124539e-14   1.58449534e-14
  7.40000000e-05  -5.34552477e-03   1.94160162e-03  -5.27387164e-03  -2.78604972e-14  -3.49268938e-14   1.53805155e-14
  7.40800000e-05  -5.45191512e-03   1.95889215e-03  -5.36354582e-03  -2.77140636e-14  -3.63899705e-14   1.48802112e-14
  7.41600000e-05  -5.56014399e-03   1.97731656e-03  -5.45754551e-03  -2.75347759e-14  -3.78911892e-14   1.43241028e-14
  7.42400000e-05  -5.66922086e-03   1.99700279e-03  -5.55464507e-03  -2.73139975e-14  -3.94215769e-14   1.37045813e-14
  7.43200000e-05  -5.78356668e-03   2.01818200e-03  -5.65410129e-03  -2.70456820e-14  -4.09893476e-14   1.30341743e-14
  7.44000000e-05  -5.90175964e-03   2.04128943e-03  -5.75982318e-03  -2.67412534e-14  -4.26052909e-14   1.23008499e-14
  7.44800000e-05  -6.02315510e-03   2.06667515e-03  -5.86893467e-03  -2.63861786e-14  -4.42534976e-14   1.14961993e-14
  7.45600000e-05  -6.15145332e-03   2.09428787e-03  -5.98298379e-03  -2.59805640e-14  -4.59498223e-14   1.06278194e-14
  7.46400000e-05  -6.27947805e-03   2.12363330e-03  -6.10037824e-03  -2.55122940e-14  -4.76620127e-14   9.66944186e-15
  7.47200000e-05  -6.41701755e-03   2.15566830e-03  -6.22308655e-03  -2.49848052e-14  -4.94263497e-14   8.64219349e-15
  7.48000000e-05  -6.55559439e-03   2.19127165e-03  -6.35016035e-03  -2.43918278e-14  -5.12078617e-14   7.51045509e-15
  7.48800000e-05  -6.69709458e-03   2.22834307e-03  -6.48211314e-03  -2.37215624e-14  -5.30102653e-14   6.28506298e-15
  7.49600000e-05  -6.84652057e-03   2.26937837e-03  -6.61920532e-03  -2.29757384e-14  -5.48456418e-14   4.96107171e-15
  7.50400000e-05  -7.00081103e-03   2.31446670e-03  -6.76239392e-03  -2.21491679e-14  -5.67029701e-14   3.52316113e-15
  7.51200000e-05  -7.16048491e-03   2.36269305e-03  -6.91076545e-03  -2.12289204e-14  -5.85723070e-14   1.97098016e-15
  7.52000000e-05  -7.32398304e-03   2.41423692e-03  -7.06389455e-03  -2.02069402e-14  -6.04382108e-14   2.94897874e-16
  7.52800000e-05  -7.49406333e-03   2.47040813e-03  -7.22360019e-03  -1.90818476e-14  -6.23099980e-14  -1.51317224e-15
  7.53600000e-05  -7.66910425e-03   2.53051415e-03  -7.38756322e-03  -1.78391444e-14  -6.41596535e-14  -3.45806215e-15
  7.54400000e-05  -7.84842417e-03   2.59537880e-03  -7.55717092e-03  -1.64747961e-14  -6.59803839e-14  -5.55007985e-15
  7.55200000e-05  -8.03306492e-03   2.66563224e-03  -7.73235445e-03  -1.49811902e-14  -6.77620719e-14  -7.79631742e-15
  7.56000000e-05  -8.22927615e-03   2.74175836e-03  -7.91456770e-03  -1.33516449e-14  -6.95177916e-14  -1.01997501e-14
  7.56800000e-05  -8.42088148e-03   2.82113490e-03  -8.09752537e-03  -1.15645122e-14  -7.11449226e-14  -1.27601993e-14
  7.57600000e-05  -8.61685671e-03   2.90699803e-03  -8.28926878e-03  -9.62541791e-15  -7.26986765e-14  -1.54891904e-14
  7.58400000e-05  -8.81943402e-03   3.00008056e-03  -8.48043651e-03  -7.52631627e-15  -7.41144934e-14  -1.83919307e-14
  7.59200000e-05  -9.02706739e-03   3.10031572e-03  -8.67451395e-03  -5.26107603e-15  -7.53852450e-14  -2.14681737e-14
  7.60000000e-05  -9.24369665e-03   3.20893769e-03  -8.87386938e-03  -2.82433199e-15  -7.65123494e-14  -2.47260900e-14
  7.60800000e-05  -9.45642454e-03   3.32346660e-03  -9.07279214e-03  -2.06408529e-16  -7.74018249e-14  -2.81380296e-14
  7.61600000e-05  -9.67286417e-03   3.44560303e-03  -9.27395646e-03   2.59349859e-15  -7.80658953e-14  -3.17092976e-14
  7.62400000e-05  -9.89186983e-03   3.57628067e-03  -9.47191186e-03   5.56823049e-15  -7.84443661e-14  -3.54331086e-14
  7.63200000e-05  -1.01136641e-02   3.71369513e-03  -9.66806956e-03   8.72342173e-15  -7.85189178e-14  -3.92861344e-14
  7.64000000e-05  -1.03307333e-02   3.85894023e-03  -9.86085620e-03   1.20500068e-14  -7.82368644e-14  -4.32413557e-14
  7.64800000e-05  -1.05497048e-02   4.01244550e-03  -1.00474076e-02   1.55351987e-14  -7.75736665e-14  -4.72909916e-14
  7.65600000e-05  -1.07621600e-02   4.17238570e-03  -1.02286757e-02   1.91759163e-14  -7.64934183e-14  -5.13785302e-14
  7.66400000e-05  -1.09714371e-02   4.33961043e-03  -1.03995907e-02   2.29441101e-14  -7.49567989e-14  -5.54842189e-14
  7.67200000e-05  -1.11712633e-02   4.51229285e-03  -1.05610682e-02   2.68287808e-14  -7.29427632e-14  -5.95442120e-14
  7.68000000e-05  -1.13665155e-02   4.69274997e-03  -1.07070811e-02   3.07866020e-14  -7.04181192e-14  -6.35458918e-14
  7.68800000e-05  -1.15460296e-02   4.87601035e-03  -1.08394228e-02   3.48043490e-14  -6.73758088e-14  -6.73815571e-14
  7.69600000e-05  -1.17137507e-02   5.06187513e-03  -1.09529958e-02   3.88347178e-14  -6.38021904e-14  -7.10179149e-14
  7.70400000e-05  -1.18672068e-02   5.25008678e-03  -1.10470587e-02   4.28421010e-14  -5.97064023e-14  -7.43980719e-14
  7.71200000e-05  -1.20046460e-02   5.43933285e-03  -1.11200940e-02   4.67864832e-14  -5.51045084e-14  -7.74621984e-14
  7.72000000e-05  -1.21245169e-02   5.62788119e-03  -1.11704879e-02   5.06247227e-14  -5.00232299e-14  -8.01509397e-14
  7.72800000e-05  -1.22251936e-02   5.81408324e-03  -1.11966759e-02   5.43118188e-14  -4.45003651e-14  -8.24085053e-14
  7.73600000e-05  -1.23085097e-02   5.99995981e-03  -1.12020486e-02   5.78279218e-14  -3.86025720e-14  -8.42157938e-14
  7.74400000e-05  -1.23605619e-02   6.17353722e-03  -1.11720257e-02   6.10588791e-14  -3.23421272e-14  -8.54265291e-14
  7.75200000e-05  -1.23973209e-02   6.34265425e-03  -1.11207699e-02   6.40423562e-14  -2.58364838e-14  -8.61294252e-14
  7.76000000e-05  -1.24114297e-02   6.50175951e-03  -1.10419858e-02   6.67101812e-14  -1.91412584e-14  -8.62544656e-14
  7.76800000e-05  -1.24010073e-02   6.64864165e-03  -1.09402314e-02   6.90534478e-14  -1.23547871e-14  -8.57819939e-14
  7.77600000e-05  -1.23727434e-02   6.78544175e-03  -1.08142323e-02   7.10455803e-14  -5.53996470e-15  -8.47605101e-14
  7.78400000e-05  -1.23213525e-02   6.90688141e-03  -1.06625289e-02   7.26491933e-14   1.21739498e-15  -8.31630026e-14
  7.79200000e-05  -1.22532200e-02   7.01660709e-03  -1.04936969e-02   7.39048901e-14   7.83592736e-15  -8.10573492e-14
  7.80000000e-05  -1.21651720e-02   7.10962843e-03  -1.03018047e-02   7.47599557e-14   1.42503869e-14  -7.84476881e-14
  7.80800000e-05  -1.20646924e-02   7.18960262e-03  -1.00955116e-02   7.52676134e-14   2.04027500e-14  -7.54189550e-14
  7.81600000e-05  -1.19501165e-02   7.25474999e-03  -9.87325647e-03   7.54165875e-14   2.62388817e-14  -7.20006095e-14
  7.82400000e-05  -1.18235754e-02   7.30494145e-03  -9.63689843e-03   7.52222378e-14   3.17154390e-14  -6.82497986e-14
  7.83200000e-05  -1.16871797e-02   7.34121647e-03  -9.39340034e-03   7.47328237e-14   3.67959896e-14  -6.42247315e-14
  7.84000000e-05  -1.15395832e-02   7.36246748e-03  -9.14146784e-03   7.39493246e-14   4.14503183e-14  -5.99649611e-14
  7.84800000e-05  -1.13842947e-02   7.36836634e-03  -8.88280658e-03   7.28921654e-14   4.56684378e-14  -5.55369647e-14
  7.85600000e-05  -1.12246371e-02   7.36231672e-03  -8.62114214e-03   7.16088127e-14   4.94522226e-14  -5.10025243e-14
  7.86400000e-05  -1.10601781e-02   7.34436726e-03  -8.35892738e-03   7.01267872e-14   5.27958062e-14  -4.64010453e-14
  7.87200000e-05  -1.08878199e-02   7.31056665e-03  -8.09638506e-03   6.84440412e-14   5.56852383e-14  -4.17613223e-14
  7.88000000e-05  -1.07211709e-02   7.27016906e-03  -7.84010309e-03   6.66476340e-14   5.81967712e-14  -3.71730198e-14
  7.88800000e-05  -1.05519472e-02   7.21942453e-03  -7.58402140e-03   6.47110324e-14   6.03015798e-14  -3.26323833e-14
  7.89600000e-05  -1.03812962e-02   7.15802570e-03  -7.33072290e-03   6.26577476e-14   6.20213977e-14  -2.81715569e-14
  7.90400000e-05  -1.02107318e-02   7.08907111e-03  -7.08497376e-03   6.05343067e-14   6.33852683e-14  -2.38189869e-14
  7.91200000e-05  -1.00496121e-02   7.01712299e-03  -6.84453118e-03   5.83702763e-14   6.44630289e-14  -1.96147305e-14
  7.92000000e-05  -9.89608400e-03   6.94301246e-03  -6.61387209e-03   5.61948131e-14   6.52743356e-14  -1.55594280e-14
  7.92800000e-05  -9.74606335e-03   6.86130921e-03  -6.38743250e-03   5.39722795e-14   6.58105984e-14  -1.16588927e-14
  7.93600000e-05  -9.58878974e-03   6.76922442e-03  -6.17041399e-03   5.17095232e-14   6.60409857e-14  -7.90635643e-15
  7.94400000e-05  -9.43968372e-03   6.67479638e-03  -5.96079513e-03   4.94536152e-14   6.60698131e-14  -4.33229749e-15
  7.95200000e-05  -9.29569164e-03   6.57934122e-03  -5.76059951e-03   4.72227041e-14   6.59056625e-14  -9.29044511e-16
  7.96000000e-05  -9.15875974e-03   6.48176402e-03  -5.56708661e-03   4.50107411e-14   6.55740010e-14   2.29790509e-15
  7.96800000e-05  -9.02221248e-03   6.37857241e-03  -5.38387846e-03   4.28082636e-14   6.50655571e-14   5.34932527e-15
  7.97600000e-05  -8.89681694e-03   6.27881085e-03  -5.20834959e-03   4.06654420e-14   6.44530028e-14   8.23585658e-15
  7.98400000e-05  -8.77509325e-03   6.17694353e-03  -5.04142117e-03   3.85541348e-14   6.37141927e-14   1.09577916e-14
  7.99200000e-05  -8.65991987e-03   6.07484901e-03  -4.88191948e-03   3.64858124e-14   6.28777001e-14   1.35209772e-14
  8.00000000e-05  -8.54677401e-03   5.97046951e-03  -4.73052737e-03   3.44512508e-14   6.19353942e-14   1.59255665e-14
  8.00800000e-05  -8.43942795e-03   5.86653668e-03  -4.58732024e-03   3.24658737e-14   6.09223464e-14   1.81826804e-14
  8.01600000e-05  -8.33510757e-03   5.76174572e-03  -4.45075670e-03   3.05228538e-14   5.98311509e-14   2.02933150e-14
  8.02400000e-05  -8.23332677e-03   5.65576230e-03  -4.32182744e-03   2.86208673e-14   5.86745934e-14   2.22601668e-14
  8.03200000e-05  -8.13743346e-03   5.55094918e-03  -4.19939455e-03   2.67724397e-14   5.74772678e-14   2.40973895e-14
  8.04000000e-05  -8.04860023e-03   5.44893621e-03  -4.08337274e-03   2.49851441e-14   5.62540826e-14   2.58192130e-14
  8.04800000e-05  -7.96236917e-03   5.34774020e-03  -3.97339324e-03   2.32477934e-14   5.49892668e-14   2.74226066e-14
  8.05600000e-05  -7.87874726e-03   5.24587188e-03  -3.87023115e-03   2.15515464e-14   5.36943050e-14   2.89063504e-14
  8.06400000e-05  -7.80158892e-03   5.14599313e-03  -3.77322738e-03   1.99086688e-14   5.23928216e-14   3.02907401e-14
  8.07200000e-05  -7.72331847e-03   5.04530624e-03  -3.68291555e-03   1.83035642e-14   5.10572872e-14   3.15607003e-14
  8.08000000e-05  -7.65145358e-03   4.94671647e-03  -3.59682358e-03   1.67522612e-14   4.97196699e-14   3.27427683e-14
  8.08800000e-05  -7.58217671e-03   4.84884838e-03  -3.51620548e-03   1.52450290e-14   4.83722105e-14   3.38316437e-14
  8.09600000e-05  -7.51505330e-03   4.75135456e-03  -3.44010715e-03   1.37807773e-14   4.70141405e-14   3.48296054e-14
  8.10400000e-05  -7.45392609e-03   4.65725452e-03  -3.36899601e-03   1.23703182e-14   4.56683361e-14   3.57618788e-14
  8.11200000e-05  -7.39319578e-03   4.56308676e-03  -3.30144249e-03   1.10001501e-14   4.43084877e-14   3.66073952e-14
  8.12000000e-05  -7.33620425e-03   4.47166571e-03  -3.23998695e-03   9.67426335e-15   4.29628799e-14   3.73900471e-14
  8.12800000e-05  -7.27974254e-03   4.37997197e-03  -3.18121398e-03   8.38742925e-15   4.16075103e-14   3.80928175e-14
  8.13600000e-05  -7.22628741e-03   4.28841649e-03  -3.12820218e-03   7.13248103e-15   4.02685625e-14   3.87273592e-14
  8.14400000e-05  -7.17430843e-03   4.19889536e-03  -3.07757902e-03   5.92398809e-15   3.89280899e-14   3.93018206e-14
  8.15200000e-05  -7.12560227e-03   4.11087078e-03  -3.03134920e-03   4.75289813e-15   3.76036097e-14   3.98226370e-14
  8.16000000e-05  -7.08127108e-03   4.02424744e-03  -2.98740713e-03   3.62360928e-15   3.62908125e-14   4.02969680e-14
  8.16800000e-05  -7.03399560e-03   3.93803748e-03  -2.94771766e-03   2.52560993e-15   3.49765529e-14   4.07005898e-14
  8.17600000e-05  -6.98982620e-03   3.85296118e-03  -2.91142550e-03   1.46260196e-15   3.36786532e-14   4.10586533e-14
  8.18400000e-05  -6.94895855e-03   3.76997702e-03  -2.87765044e-03   4.39074109e-16   3.23946722e-14   4.13796132e-14
  8.19200000e-05  -6.90682042e-03   3.68669809e-03  -2.84715302e-03  -5.55749146e-16   3.11162289e-14   4.16397012e-14
  8.20000000e-05  -6.86932203e-03   3.60620058e-03  -2.81925492e-03  -1.51218551e-15   2.98576902e-14   4.18764930e-14
  8.20800000e-05  -6.83338605e-03   3.52675586e-03  -2.79404990e-03  -2.43667392e-15   2.86116615e-14   4.20740798e-14
  8.21600000e-05  -6.79698889e-03   3.44743870e-03  -2.77256309e-03  -3.33635290e-15   2.73791689e-14   4.22227218e-14
  8.22400000e-05  -6.76233686e-03   3.36956859e-03  -2.75252492e-03  -4.20032833e-15   2.61562221e-14   4.23390244e-14
  8.23200000e-05  -6.72720666e-03   3.29229902e-03  -2.73533774e-03  -5.03689474e-15   2.49454117e-14   4.24123078e-14
  8.24000000e-05  -6.69349160e-03   3.21617518e-03  -2.72092659e-03  -5.84568820e-15   2.37511430e-14   4.24546190e-14
  8.24800000e-05  -6.66060992e-03   3.14101938e-03  -2.70812334e-03  -6.62318570e-15   2.25676474e-14   4.24647846e-14
  8.25600000e-05  -6.62893934e-03   3.06683961e-03  -2.69815044e-03  -7.37548490e-15   2.14014757e-14   4.24463120e-14
  8.26400000e-05  -6.59994524e-03   2.99411863e-03  -2.69016894e-03  -8.09922842e-15   2.02512412e-14   4.24096349e-14
  8.27200000e-05  -6.56950698e-03   2.92189847e-03  -2.68372621e-03  -8.79455138e-15   1.91098294e-14   4.23339936e-14
  8.28000000e-05  -6.53926310e-03   2.85120607e-03  -2.68075399e-03  -9.46988501e-15   1.79884991e-14   4.22325167e-14
  8.28800000e-05  -6.51044727e-03   2.78017669e-03  -2.67917250e-03  -1.01185058e-14   1.68798681e-14   4.21044238e-14
  8.29600000e-05  -6.48138397e-03   2.71067082e-03  -2.68026933e-03  -1.07452803e-14   1.57881797e-14   4.19513235e-14
  8.30400000e-05  -6.45390361e-03   2.64259969e-03  -2.68311425e-03  -1.13469779e-14   1.47111521e-14   4.17827857e-14
  8.31200000e-05  -6.42648476e-03   2.57519018e-03  -2.68743955e-03  -1.19235708e-14   1.36467975e-14   4.15896778e-14
  8.32000000e-05  -6.40048074e-03   2.50822463e-03  -2.69291097e-03  -1.24740520e-14   1.25944838e-14   4.13789113e-14
  8.32800000e-05  -6.37334834e-03   2.44288334e-03  -2.70138150e-03  -1.30077948e-14   1.15612303e-14   4.11441125e-14
  8.33600000e-05  -6.34685905e-03   2.37820106e-03  -2.71112079e-03  -1.35173519e-14   1.05406656e-14   4.08910404e-14
  8.34400000e-05  -6.32126025e-03   2.31438079e-03  -2.72256052e-03  -1.40054118e-14   9.53446215e-15   4.06228725e-14
  8.35200000e-05  -6.29524456e-03   2.25166928e-03  -2.73578025e-03  -1.44730586e-14   8.54322019e-15   4.03350927e-14
  8.36000000e-05  -6.26974873e-03   2.18966416e-03  -2.75112542e-03  -1.49225637e-14   7.56813657e-15   4.00317636e-14
  8.36800000e-05  -6.24388342e-03   2.12884231e-03  -2.76799856e-03  -1.53517442e-14   6.60730725e-15   3.97111537e-14
  8.37600000e-05  -6.22057719e-03   2.06843199e-03  -2.78633470e-03  -1.57603509e-14   5.65860009e-15   3.93861185e-14
  8.38400000e-05  -6.19506844e-03   2.00947608e-03  -2.80667740e-03  -1.61524484e-14   4.72725227e-15   3.90371989e-14
  8.39200000e-05  -6.16922115e-03   1.95147570e-03  -2.82902170e-03  -1.65282796e-14   3.81223070e-15   3.86727636e-14
  8.40000000e-05  -6.14361076e-03   1.89368024e-03  -2.85238861e-03  -1.68824827e-14   2.90947126e-15   3.82938742e-14
  8.40800000e-05  -6.11858091e-03   1.83791327e-03  -2.87815409e-03  -1.72246938e-14   2.02334528e-15   3.79095116e-14
  8.41600000e-05  -6.09350404e-03   1.78254371e-03  -2.90514872e-03  -1.75474952e-14   1.15023373e-15   3.75113584e-14
  8.42400000e-05  -6.07093985e-03   1.72726600e-03  -2.93323294e-03  -1.78499193e-14   2.85603240e-16   3.71123268e-14
  8.43200000e-05  -6.04460287e-03   1.67350989e-03  -2.96292221e-03  -1.81371513e-14  -5.59022005e-16   3.66855220e-14
  8.44000000e-05  -6.01893658e-03   1.62052326e-03  -2.99433421e-03  -1.84090682e-14  -1.39000352e-15   3.62519590e-14
  8.44800000e-05  -5.99590975e-03   1.56857015e-03  -3.02715199e-03  -1.86649073e-14  -2.21271633e-15   3.58232092e-14
  8.45600000e-05  -5.96817379e-03   1.51739109e-03  -3.06237197e-03  -1.89096741e-14  -3.00981196e-15   3.53612038e-14
  8.46400000e-05  -5.94393371e-03   1.46661371e-03  -3.09856301e-03  -1.91354871e-14  -3.80227952e-15   3.49076625e-14
  8.47200000e-05  -5.91678104e-03   1.41725376e-03  -3.13613203e-03  -1.93469601e-14  -4.57528628e-15   3.44333033e-14
  8.48000000e-05  -5.89174081e-03   1.36891775e-03  -3.17548335e-03  -1.95456888e-14  -5.33925168e-15   3.39630614e-14
  8.48800000e-05  -5.86736580e-03   1.32109574e-03  -3.21594464e-03  -1.97272660e-14  -6.09347827e-15   3.34884551e-14
  8.49600000e-05  -5.84308755e-03   1.27463518e-03  -3.25794860e-03  -1.98962964e-14  -6.83558516e-15   3.30093987e-14
  8.50400000e-05  -5.81899155e-03   1.22849216e-03  -3.30089025e-03  -2.00471831e-14  -7.56780537e-15   3.25237713e-14
  8.51200000e-05  -5.79378026e-03   1.18381714e-03  -3.34629529e-03  -2.01909782e-14  -8.28236899e-15   3.20286380e-14
  8.52000000e-05  -5.76922215e-03   1.13943299e-03  -3.39247486e-03  -2.03160413e-14  -8.98908748e-15   3.15301651e-14
  8.52800000e-05  -5.74283138e-03   1.09589039e-03  -3.44005862e-03  -2.04272312e-14  -9.67878802e-15   3.10178591e-14
  8.53600000e-05  -5.71567043e-03   1.05370236e-03  -3.49043946e-03  -2.05332467e-14  -1.03511140e-14   3.04988180e-14
  8.54400000e-05  -5.68763276e-03   1.01222710e-03  -3.54112457e-03  -2.06199842e-14  -1.10118264e-14   2.99713908e-14
  8.55200000e-05  -5.66043568e-03   9.71112254e-04  -3.59408823e-03  -2.06958717e-14  -1.16622300e-14   2.94434386e-14
  8.56000000e-05  -5.63376355e-03   9.30920171e-04  -3.64782997e-03  -2.07556254e-14  -1.23050285e-14   2.89150776e-14
  8.56800000e-05  -5.60805633e-03   8.91285808e-04  -3.70167690e-03  -2.07948548e-14  -1.29436499e-14   2.83877358e-14
  8.57600000e-05  -5.58022812e-03   8.53505134e-04  -3.75902741e-03  -2.08345725e-14  -1.35597631e-14   2.78498473e-14
  8.58400000e-05  -5.55271515e-03   8.16035408e-04  -3.81619342e-03  -2.08517163e-14  -1.41700935e-14   2.73100264e-14
  8.59200000e-05  -5.52609610e-03   7.79034564e-04  -3.87457486e-03  -2.08533942e-14  -1.47742991e-14   2.67714973e-14
  8.60000000e-05  -5.49806189e-03   7.42925901e-04  -3.93496663e-03  -2.08448361e-14  -1.53620415e-14   2.62247053e-14
  8.60800000e-05  -5.46890827e-03   7.07898141e-04  -3.99700574e-03  -2.08251742e-14  -1.59350081e-14   2.56718682e-14
  8.61600000e-05  -5.43848382e-03   6.74035207e-04  -4.06091500e-03  -2.07957669e-14  -1.64922447e-14   2.51128350e-14
  8.62400000e-05  -5.40732700e-03   6.40670515e-04  -4.12586241e-03  -2.07501171e-14  -1.70371752e-14   2.45494015e-14
  8.63200000e-05  -5.37559721e-03   6.07212049e-04  -4.19039038e-03  -2.06793143e-14  -1.75725654e-14   2.39818684e-14
  8.64000000e-05  -5.34439373e-03   5.74946513e-04  -4.25725672e-03  -2.06007735e-14  -1.80991491e-14   2.34170990e-14
  8.64800000e-05  -5.31314679e-03   5.44057712e-04  -4.32600437e-03  -2.05133257e-14  -1.86156260e-14   2.28530365e-14
  8.65600000e-05  -5.28156362e-03   5.15438797e-04  -4.39737766e-03  -2.04241317e-14  -1.91199715e-14   2.22896880e-14
  8.66400000e-05  -5.25045025e-03   4.85676152e-04  -4.46703707e-03  -2.02994072e-14  -1.96215857e-14   2.17260994e-14
  8.67200000e-05  -5.21549224e-03   4.55210318e-04  -4.53802773e-03  -2.01533966e-14  -2.00956137e-14   2.11462245e-14
  8.68000000e-05  -5.18248812e-03   4.27826511e-04  -4.61288214e-03  -2.00141614e-14  -2.05671341e-14   2.05780217e-14
  8.68800000e-05  -5.14769259e-03   4.01618828e-04  -4.68818632e-03  -1.98590097e-14  -2.10220634e-14   2.00045848e-14
  8.69600000e-05  -5.11049512e-03   3.75417675e-04  -4.76335214e-03  -1.96800782e-14  -2.14572297e-14   1.94231956e-14
  8.70400000e-05  -5.07164271e-03   3.49800958e-04  -4.83890556e-03  -1.94823928e-14  -2.18752137e-14   1.88380955e-14
  8.71200000e-05  -5.03307064e-03   3.25351409e-04  -4.91694217e-03  -1.92765423e-14  -2.22839718e-14   1.82572978e-14
  8.72000000e-05  -4.99389371e-03   3.01644909e-04  -4.99643364e-03  -1.90563912e-14  -2.26800280e-14   1.76774642e-14
  8.72800000e-05  -4.95336652e-03   2.78497038e-04  -5.07637304e-03  -1.88173114e-14  -2.30600880e-14   1.70962365e-14
  8.73600000e-05  -4.91068030e-03   2.55562666e-04  -5.15685195e-03  -1.85579314e-14  -2.34191824e-14   1.65114299e-14
  8.74400000e-05  -4.86446929e-03   2.34777476e-04  -5.24000541e-03  -1.82958737e-14  -2.37482485e-14   1.59206252e-14
  8.75200000e-05  -4.82032332e-03   2.14709175e-04  -5.32285079e-03  -1.80137199e-14  -2.40791676e-14   1.53417669e-14
  8.76000000e-05  -4.77227079e-03   1.94414396e-04  -5.40607606e-03  -1.77086411e-14  -2.43784577e-14   1.47557871e-14
  8.76800000e-05  -4.72190670e-03   1.75029611e-04  -5.48899103e-03  -1.73851315e-14  -2.46543822e-14   1.41694023e-14
  8.77600000e-05  -4.67163543e-03   1.57585262e-04  -5.57577841e-03  -1.70615563e-14  -2.49189251e-14   1.35906613e-14
  8.78400000e-05  -4.62192693e-03   1.40204536e-04  -5.66217999e-03  -1.67145847e-14  -2.51761497e-14   1.30203877e-14
  8.79200000e-05  -4.56790470e-03   1.23427407e-04  -5.74856549e-03  -1.63488454e-14  -2.53976852e-14   1.24457480e-14
  8.80000000e-05  -4.51053922e-03   1.07942193e-04  -5.83566674e-03  -1.59709127e-14  -2.55880067e-14   1.18710347e-14
  8.80800000e-05  -4.44865423e-03   9.31861275e-05  -5.92379118e-03  -1.55787454e-14  -2.57398484e-14   1.12944317e-14
  8.81600000e-05  -4.38613135e-03   7.94506186e-05  -6.01279439e-03  -1.51741462e-14  -2.58752431e-14   1.07271246e-14
  8.82400000e-05  -4.32033893e-03   6.55081827e-05  -6.10185522e-03  -1.47482855e-14  -2.59784533e-14   1.01634320e-14
  8.83200000e-05  -4.25033306e-03   5.31679784e-05  -6.19129023e-03  -1.43132957e-14  -2.60432574e-14   9.60245836e-15
  8.84000000e-05  -4.18265948e-03   4.13075104e-05  -6.28069604e-03  -1.38620895e-14  -2.61081740e-14   9.05981377e-15
  8.84800000e-05  -4.11191350e-03   3.07106907e-05  -6.37092928e-03  -1.34016727e-14  -2.61410344e-14   8.52367171e-15
  8.85600000e-05  -4.03647992e-03   2.08258790e-05  -6.46080521e-03  -1.29269722e-14  -2.61313866e-14   7.99207732e-15
  8.86400000e-05  -3.96000435e-03   1.14027352e-05  -6.55076104e-03  -1.24382790e-14  -2.61007923e-14   7.47363828e-15
  8.87200000e-05  -3.87811421e-03   2.03054340e-06  -6.64253984e-03  -1.19371342e-14  -2.60229778e-14   6.96130246e-15
  8.88000000e-05  -3.79045060e-03  -4.93151308e-06  -6.73248940e-03  -1.14325544e-14  -2.58939489e-14   6.45559561e-15
  8.88800000e-05  -3.69778010e-03  -1.21681852e-05  -6.82338808e-03  -1.09145863e-14  -2.57188753e-14   5.96077661e-15
  8.89600000e-05  -3.60391362e-03  -1.83130187e-05  -6.91199699e-03  -1.03869489e-14  -2.55193733e-14   5.48336515e-15
  8.90400000e-05  -3.50714226e-03  -2.35713750e-05  -7.00080455e-03  -9.85470756e-15  -2.52857977e-14   5.02197742e-15
  8.91200000e-05  -3.40614249e-03  -2.82632436e-05  -7.08835653e-03  -9.31442575e-15  -2.50090605e-14   4.57554559e-15
  8.92000000e-05  -3.30363944e-03  -3.23537972e-05  -7.17510207e-03  -8.76842881e-15  -2.47060119e-14   4.14866023e-15
  8.92800000e-05  -3.19552871e-03  -3.62804404e-05  -7.26225263e-03  -8.21688853e-15  -2.43517779e-14   3.73724212e-15
  8.93600000e-05  -3.08569836e-03  -3.81375164e-05  -7.34592929e-03  -7.66855825e-15  -2.39680108e-14   3.34565404e-15
  8.94400000e-05  -2.97248254e-03  -4.03617179e-05  -7.42827411e-03  -7.11311904e-15  -2.35454537e-14   2.97430557e-15
  8.95200000e-05  -2.85047418e-03  -4.18655768e-05  -7.51116455e-03  -6.56102542e-15  -2.30515703e-14   2.61838237e-15
  8.96000000e-05  -2.72558481e-03  -4.31530521e-05  -7.59075858e-03  -6.00777627e-15  -2.25205931e-14   2.28521772e-15
  8.96800000e-05  -2.59378678e-03  -4.33658833e-05  -7.66930662e-03  -5.46292679e-15  -2.19289102e-14   1.97157769e-15
  8.97600000e-05  -2.45326121e-03  -4.23380426e-05  -7.74559190e-03  -4.92930385e-15  -2.12644331e-14   1.67749148e-15
  8.98400000e-05  -2.31213286e-03  -4.11825635e-05  -7.81775780e-03  -4.40072031e-15  -2.05767219e-14   1.40992500e-15
  8.99200000e-05  -2.16252224e-03  -3.94494546e-05  -7.88815574e-03  -3.88492456e-15  -1.98185641e-14   1.16415898e-15
  9.00000000e-05  -2.01100588e-03  -3.78389962e-05  -7.95520316e-03  -3.37869308e-15  -1.90302669e-14   9.44621741e-16
  9.00800000e-05  -1.84942608e-03  -3.64966152e-05  -8.02165981e-03  -2.88505693e-15  -1.81631008e-14   7.47799256e-16
  9.01600000e-05  -1.68979893e-03  -3.29542757e-05  -8.08118373e-03  -2.41932140e-15  -1.72880308e-14   5.76386008e-16
  9.02400000e-05  -1.52267204e-03  -2.96287511e-05  -8.13849083e-03  -1.97043317e-15  -1.63501763e-14   4.28182433e-16
  9.03200000e-05  -1.35009673e-03  -2.66693841e-05  -8.19099689e-03  -1.53951217e-15  -1.53607673e-14   3.03766757e-16
  9.04000000e-05  -1.17477639e-03  -2.26794644e-05  -8.23873906e-03  -1.13806733e-15  -1.43375247e-14   2.01747137e-16
  9.04800000e-05  -9.93187736e-04  -1.88079322e-05  -8.28269936e-03  -7.61468038e-16  -1.32599473e-14   1.21418497e-16
  9.05600000e-05  -8.07108228e-04  -1.43749435e-05  -8.32183689e-03  -4.16811937e-16  -1.21391821e-14   6.13941857e-17
  9.06400000e-05  -6.11122075e-04  -1.05196895e-05  -8.35496649e-03  -9.91117787e-17  -1.09409790e-14   2.10252307e-17
  9.07200000e-05  -4.13314391e-04  -6.55475172e-06  -8.38304321e-03   1.84320021e-16  -9.71797099e-15  -1.48910484e-18
  9.08000000e-05  -2.10384634e-04  -1.68052430e-06  -8.40482019e-03   4.26566640e-16  -8.44944708e-15  -8.98812394e-18
  9.08800000e-05  -2.74347564e-06   2.90614805e-06  -8.42033069e-03   6.32819790e-16  -7.13919254e-15  -2.67016546e-18
  9.09600000e-05   2.10182951e-04   7.65376076e-06  -8.42855210e-03   7.97911718e-16  -5.78383830e-15   1.46453772e-17
  9.10400000e-05   4.28752231e-04   1.24855368e-05  -8.42999377e-03   9.20542544e-16  -4.38283553e-15   4.03277422e-17
  9.11200000e-05   6.54279159e-04   1.71636317e-05  -8.42507772e-03   1.00046134e-15  -2.92955598e-15   7.17262447e-17
  9.12000000e-05   8.81782530e-04   2.21439851e-05  -8.41270477e-03   1.03341961e-15  -1.45576688e-15   1.04486595e-16
  9.12800000e-05   1.11159751e-03   2.73982891e-05  -8.39261546e-03   1.01903490e-15   3.94383344e-17   1.35099386e-16
  9.13600000e-05   1.34483876e-03   3.27111060e-05  -8.36326268e-03   9.57680666e-16   1.56295668e-15   1.60111212e-16
  9.14400000e-05   1.58316387e-03   3.72401297e-05  -8.32567209e-03   8.54323217e-16   3.12299299e-15   1.76422311e-16
  9.15200000e-05   1.82817706e-03   4.26402845e-05  -8.27993704e-03   6.98693961e-16   4.72813018e-15   1.78617915e-16
  9.16000000e-05   2.07635179e-03   4.76301793e-05  -8.22584175e-03   4.98548734e-16   6.35475225e-15   1.62638741e-16
  9.16800000e-05   2.32362467e-03   5.19227299e-05  -8.16269844e-03   2.57051068e-16   7.97649021e-15   1.23911395e-16
  9.17600000e-05   2.56863544e-03   5.71841961e-05  -8.08930442e-03  -3.44186881e-17   9.58428948e-15   5.68232821e-17
  9.18400000e-05   2.82359354e-03   6.26708577e-05  -8.00617271e-03  -3.69987580e-16   1.12529924e-14  -4.23997669e-17
  9.19200000e-05   3.07725862e-03   6.79748580e-05  -7.91276543e-03  -7.44770696e-16   1.29107306e-14  -1.78729797e-16
  9.20000000e-05   3.33156234e-03   7.36186104e-05  -7.81024605e-03  -1.15889698e-15   1.45672809e-14  -3.57032869e-16
  9.20800000e-05   3.59049042e-03   8.03145628e-05  -7.69813405e-03  -1.61460763e-15   1.62465867e-14  -5.83569432e-16
  9.21600000e-05   3.84847839e-03   8.64650586e-05  -7.57530659e-03  -2.09735146e-15   1.79129871e-14  -8.61056148e-16
  9.22400000e-05   4.10760611e-03   9.33362690e-05  -7.44198049e-03  -2.61064365e-15   1.95779590e-14  -1.19540251e-15
  9.23200000e-05   4.36705609e-03   1.00325263e-04  -7.29754085e-03  -3.14610635e-15   2.12354012e-14  -1.59077913e-15
  9.24000000e-05   4.62287782e-03   1.08332690e-04  -7.14449691e-03  -3.70485291e-15   2.28568640e-14  -2.05066039e-15
  9.24800000e-05   4.87805201e-03   1.17824675e-04  -6.98113637e-03  -4.28347156e-15   2.44609908e-14  -2.58022302e-15
  9.25600000e-05   5.13604830e-03   1.27964928e-04  -6.80578671e-03  -4.87050885e-15   2.60693372e-14  -3.18540806e-15
  9.26400000e-05   5.39093786e-03   1.37853169e-04  -6.62093424e-03  -5.45464522e-15   2.76411938e-14  -3.86580297e-15
  9.27200000e-05   5.64373612e-03   1.49747158e-04  -6.42770575e-03  -6.04416570e-15   2.91802174e-14  -4.62715979e-15
  9.28000000e-05   5.89293704e-03   1.62595537e-04  -6.22363543e-03  -6.62353824e-15   3.06776757e-14  -5.47012129e-15
  9.28800000e-05   6.13634339e-03   1.76955802e-04  -6.01155657e-03  -7.19116452e-15   3.21156622e-14  -6.39508281e-15
  9.29600000e-05   6.38192058e-03   1.93645766e-04  -5.78597643e-03  -7.73872132e-15   3.35472582e-14  -7.41303059e-15
  9.30400000e-05   6.62342762e-03   2.11044028e-04  -5.55408727e-03  -8.25640484e-15   3.49245477e-14  -8.51896637e-15
  9.31200000e-05   6.85640006e-03   2.28792568e-04  -5.31382368e-03  -8.73133916e-15   3.62205870e-14  -9.70648564e-15
  9.32000000e-05   7.08797921e-03   2.49524573e-04  -5.06532367e-03  -9.17169696e-15   3.74771928e-14  -1.09879093e-14
  9.32800000e-05   7.31306709e-03   2.71977582e-04  -4.80851125e-03  -9.56156127e-15   3.86611257e-14  -1.23550464e-14
  9.33600000e-05   7.53127060e-03   2.98916399e-04  -4.54450326e-03  -9.91095128e-15   3.97668391e-14  -1.38090110e-14
  9.34400000e-05   7.74654602e-03   3.24164176e-04  -4.27282991e-03  -1.01739762e-14   4.08163162e-14  -1.53486071e-14
  9.35200000e-05   7.95541012e-03   3.53585226e-04  -3.99521728e-03  -1.03808750e-14   4.17841548e-14  -1.69727585e-14
  9.36000000e-05   8.15454683e-03   3.84722735e-04  -3.71217086e-03  -1.05102624e-14   4.26480992e-14  -1.86679807e-14
  9.36800000e-05   8.35031612e-03   4.20175567e-04  -3.41900174e-03  -1.05585483e-14   4.34490639e-14  -2.04477758e-14
  9.37600000e-05   8.54075584e-03   4.55934045e-04  -3.12738509e-03  -1.05229867e-14   4.41569514e-14  -2.23002927e-14
  9.38400000e-05   8.71806649e-03   4.95191125e-04  -2.83128480e-03  -1.04014964e-14   4.47329602e-14  -2.42044079e-14
  9.39200000e-05   8.89036031e-03   5.36400230e-04  -2.53416264e-03  -1.01884657e-14   4.52157373e-14  -2.61725108e-14
  9.40000000e-05   9.05630729e-03   5.82392266e-04  -2.22612240e-03  -9.86489326e-15   4.56086626e-14  -2.82003237e-14
  9.40800000e-05   9.21026822e-03   6.28318973e-04  -1.92539814e-03  -9.45315266e-15   4.58522578e-14  -3.02567177e-14
  9.41600000e-05   9.35528017e-03   6.79043783e-04  -1.62310670e-03  -8.94938359e-15   4.59739815e-14  -3.23488558e-14
  9.42400000e-05   9.49396099e-03   7.30983804e-04  -1.32225405e-03  -8.34129834e-15   4.59800164e-14  -3.44724328e-14
  9.43200000e-05   9.62393893e-03   7.87107830e-04  -1.01428567e-03  -7.61047076e-15   4.58689506e-14  -3.66158143e-14
  9.44000000e-05   9.74297711e-03   8.45236275e-04  -7.17869994e-04  -6.81150352e-15   4.55987354e-14  -3.87571815e-14
  9.44800000e-05   9.85191286e-03   9.05228058e-04  -4.24329672e-04  -5.91295432e-15   4.51861356e-14  -4.08883802e-14
  9.45600000e-05   1.54602638e-03   1.82475819e-04  -1.28111764e-04  -1.35754708e-15   6.82536947e-15  -6.66089266e-15
  9.46400000e-05  -1.02268783e-02  -1.01956477e-03  -2.61608423e-04   3.64932136e-15  -4.76438145e-14   4.30215096e-14
  9.47200000e-05  -1.72877323e-02  -1.83669252e-03  -7.47791886e-04   6.05935448e-15  -8.48700583e-14   6.83715671e-14
  9.48000000e-05  -1.73992502e-02  -1.93505653e-03  -1.27531005e-03   5.39426398e-15  -9.03365691e-14   6.34749324e-14
  9.48800000e-05  -1.74974965e-02  -2.02146476e-03  -1.82599785e-03   4.96630756e-15  -9.54839290e-14   5.81158673e-14
  9.49600000e-05  -1.75732306e-02  -2.10089094e-03  -2.40409322e-03   4.82625248e-15  -1.00224947e-13   5.23061394e-14
  9.50400000e-05  -1.76270360e-02  -2.17067803e-03  -3.01914125e-03   4.97849866e-15  -1.04530067e-13   4.60875898e-14
  9.51200000e-05  -1.76611618e-02  -2.22977515e-03  -3.64620392e-03   5.51938822e-15  -1.08328427e-13   3.95121147e-14
  9.52000000e-05  -1.76736961e-02  -2.27478018e-03  -4.29588669e-03   6.43245331e-15  -1.11583483e-13   3.26225249e-14
  9.52800000e-05  -1.76589977e-02  -2.30890680e-03  -4.95984153e-03   7.77714019e-15  -1.14207613e-13   2.54762641e-14
  9.53600000e-05  -1.76148885e-02  -2.33438353e-03  -5.65818920e-03   9.56753579e-15  -1.16177616e-13   1.81457414e-14
  9.54400000e-05  -1.75543255e-02  -2.34322209e-03  -6.33214168e-03   1.18183248e-14  -1.17452223e-13   1.07000011e-14
  9.55200000e-05  -1.74605697e-02  -2.33909413e-03  -7.02962827e-03   1.45113185e-14  -1.17967522e-13   3.20945145e-15
  9.56000000e-05  -1.73274437e-02  -2.32032613e-03  -7.73181217e-03   1.76424500e-14  -1.17631347e-13  -4.23645472e-15
  9.56800000e-05  -1.71825797e-02  -2.29325880e-03  -8.44104228e-03   2.12371788e-14  -1.16597314e-13  -1.15532771e-14
  9.57600000e-05  -1.70056477e-02  -2.24469216e-03  -9.12049378e-03   2.51509411e-14  -1.14680748e-13  -1.86705974e-14
  9.58400000e-05  -1.68076890e-02  -2.18954630e-03  -9.79511492e-03   2.94479361e-14  -1.11975519e-13  -2.55000754e-14
  9.59200000e-05  -1.65703589e-02  -2.12192618e-03  -1.04540278e-02   3.40242520e-14  -1.08362357e-13  -3.19357428e-14
  9.60000000e-05  -1.63014772e-02  -2.04289353e-03  -1.10978244e-02   3.88240862e-14  -1.03905312e-13  -3.79013444e-14
  9.60800000e-05  -1.60111436e-02  -1.95587156e-03  -1.17168293e-02   4.37743648e-14  -9.86787249e-14  -4.33457479e-14
  9.61600000e-05  -1.56978116e-02  -1.85428352e-03  -1.22989804e-02   4.87207642e-14  -9.27009444e-14  -4.82085120e-14
  9.62400000e-05  -1.53588753e-02  -1.75140950e-03  -1.28499272e-02   5.36642249e-14  -8.60099107e-14  -5.24192510e-14
  9.63200000e-05  -1.49967592e-02  -1.64013104e-03  -1.33614080e-02   5.84469567e-14  -7.86750342e-14  -5.59430242e-14
  9.64000000e-05  -1.46162383e-02  -1.52322838e-03  -1.38358366e-02   6.30026456e-14  -7.07913166e-14  -5.87626439e-14
  9.64800000e-05  -1.42152146e-02  -1.40578532e-03  -1.42550065e-02   6.71946159e-14  -6.24308260e-14  -6.08503090e-14
  9.65600000e-05  -1.37976744e-02  -1.28646436e-03  -1.46172847e-02   7.09183356e-14  -5.37116429e-14  -6.22147004e-14
  9.66400000e-05  -1.33684008e-02  -1.16559312e-03  -1.49267227e-02   7.41158703e-14  -4.47583949e-14  -6.28832333e-14
  9.67200000e-05  -1.29293247e-02  -1.04732295e-03  -1.51778370e-02   7.67149054e-14  -3.56877814e-14  -6.28874384e-14
  9.68000000e-05  -1.24728263e-02  -9.29527794e-04  -1.53797500e-02   7.87030549e-14  -2.65683649e-14  -6.22216548e-14
  9.68800000e-05  -1.20167491e-02  -8.17211122e-04  -1.55266678e-02   8.00344281e-14  -1.75808372e-14  -6.10167227e-14
  9.69600000e-05  -1.15595316e-02  -7.06092380e-04  -1.56213789e-02   8.06860523e-14  -8.81323348e-15  -5.93078259e-14
  9.70400000e-05  -1.10965201e-02  -6.04310613e-04  -1.56721101e-02   8.07237121e-14  -3.24898109e-16  -5.71432914e-14
  9.71200000e-05  -1.06342302e-02  -5.08296017e-04  -1.56579971e-02   8.00370649e-14   7.72838313e-15  -5.46085732e-14
  9.72000000e-05  -1.01777007e-02  -4.19934634e-04  -1.55958947e-02   7.87391507e-14   1.52851285e-14  -5.17958271e-14
  9.72800000e-05  -9.72290260e-03  -3.38012663e-04  -1.54850352e-02   7.68583960e-14   2.22886499e-14  -4.87451618e-14
  9.73600000e-05  -9.28009052e-03  -2.63118461e-04  -1.53474410e-02   7.45441928e-14   2.87298421e-14  -4.55669587e-14
  9.74400000e-05  -8.84769624e-03  -1.95885848e-04  -1.51246886e-02   7.15711660e-14   3.43712365e-14  -4.23131207e-14
  9.75200000e-05  -8.41102030e-03  -1.35467621e-04  -1.49034662e-02   6.84066607e-14   3.95126335e-14  -3.89655994e-14
  9.76000000e-05  -8.00465233e-03  -8.27511577e-05  -1.46549355e-02   6.49620071e-14   4.39773339e-14  -3.57311334e-14
  9.76800000e-05  -7.59924328e-03  -3.81149517e-05  -1.43770469e-02   6.12823002e-14   4.78155175e-14  -3.25186110e-14
  9.77600000e-05  -7.20738871e-03   5.78889310e-07  -1.40827643e-02   5.74705700e-14   5.10609058e-14  -2.94106449e-14
  9.78400000e-05  -6.83205734e-03   3.53123086e-05  -1.37592791e-02   5.35197632e-14   5.36650960e-14  -2.64370721e-14
  9.79200000e-05  -6.46736906e-03   6.38312124e-05  -1.34176908e-02   4.95278883e-14   5.57030416e-14  -2.36076047e-14
  9.80000000e-05  -6.10269365e-03   8.38810577e-05  -1.31072567e-02   4.57084020e-14   5.74651991e-14  -2.09139212e-14
  9.80800000e-05  -5.77313881e-03   1.06344830e-04  -1.27360110e-02   4.17534273e-14   5.84625545e-14  -1.84383588e-14
  9.81600000e-05  -5.45062871e-03   1.21291774e-04  -1.23750623e-02   3.79557205e-14   5.91283740e-14  -1.61381615e-14
  9.82400000e-05  -5.13816373e-03   1.30138694e-04  -1.20447444e-02   3.43799805e-14   5.96095666e-14  -1.40220873e-14
  9.83200000e-05  -4.83852113e-03   1.40147765e-04  -1.17003312e-02   3.08917670e-14   5.96946641e-14  -1.20598633e-14
  9.84000000e-05  -4.55515439e-03   1.45294493e-04  -1.13505961e-02   2.75488219e-14   5.94513537e-14  -1.02947177e-14
  9.84800000e-05  -4.28173490e-03   1.47810889e-04  -1.10236800e-02   2.44213293e-14   5.90806812e-14  -8.69336646e-15
  9.85600000e-05  -4.02023847e-03   1.47813694e-04  -1.07054958e-02   2.14700131e-14   5.85306913e-14  -7.25449214e-15
  9.86400000e-05  -3.77056006e-03   1.45395323e-04  -1.03886896e-02   1.86807096e-14   5.77840449e-14  -5.97141798e-15
  9.87200000e-05  -3.53887557e-03   1.43819621e-04  -1.00671271e-02   1.60420353e-14   5.68190630e-14  -4.82750146e-15
  9.88000000e-05  -3.31180881e-03   1.40225102e-04  -9.78417033e-03   1.36252804e-14   5.59343914e-14  -3.81033003e-15
  9.88800000e-05  -3.09985408e-03   1.34445797e-04  -9.50107764e-03   1.13555472e-14   5.49057559e-14  -2.92795117e-15
  9.89600000e-05  -2.89521940e-03   1.28077219e-04  -9.23696422e-03   9.25198152e-15   5.38752902e-14  -2.15290636e-15
  9.90400000e-05  -2.69937022e-03   1.22754694e-04  -8.97371578e-03   7.28449092e-15   5.27455408e-14  -1.46971171e-15
  9.91200000e-05  -2.51696174e-03   1.16243613e-04  -8.72071449e-03   5.46043437e-15   5.15824533e-14  -8.88410423e-16
  9.92000000e-05  -2.34068755e-03   1.08357078e-04  -8.48882062e-03   3.77543188e-15   5.04741168e-14  -3.96742812e-16
  9.92800000e-05  -2.17643324e-03   1.02113240e-04  -8.25283337e-03   2.20652621e-15   4.92672212e-14   2.76848679e-17
  9.93600000e-05  -2.01747864e-03   9.56453242e-05  -8.05633206e-03   7.58059153e-16   4.82507846e-14   3.83002309e-16
  9.94400000e-05  -1.86597703e-03   8.83585380e-05  -7.83785190e-03  -5.90932883e-16   4.70454452e-14   6.71042782e-16
  9.95200000e-05  -1.72858836e-03   8.11230648e-05  -7.66451051e-03  -1.84425820e-15   4.60707505e-14   9.03562429e-16
  9.96000000e-05  -1.59212320e-03   7.42929532e-05  -7.50579688e-03  -3.02209675e-15   4.51550789e-14   1.08799300e-15
  9.96800000e-05  -1.46792412e-03   6.91648996e-05  -7.32846187e-03  -4.11333952e-15   4.40830335e-14   1.23996946e-15
  9.97600000e-05  -1.34636238e-03   6.21514598e-05  -7.19495897e-03  -5.15245259e-15   4.32585378e-14   1.33783245e-15
  9.98400000e-05  -1.23351104e-03   5.63109720e-05  -7.04683108e-03  -6.11791046e-15   4.23135512e-14   1.40903438e-15
  9.99200000e-05  -1.12632762e-03   4.91300514e-05  -6.91912426e-03  -7.03427549e-15   4.14721767e-14   1.43955052e-15
  1.00000000e-04  -1.02142691e-03   4.38308314e-05  -6.80503824e-03  -7.91117836e-15   4.06972164e-14   1.44958528e-15
  1.00080000e-04  -9.24914351e-04   3.81448373e-05  -6.67400616e-03  -8.71242087e-15   3.97962505e-14   1.43486002e-15
  1.00160000e-04  -8.38151550e-04   3.32631575e-05  -6.59019540e-03  -9.52799975e-15   3.91614387e-14   1.40944847e-15
  1.00240000e-04  -7.54772600e-04   2.86968274e-05  -6.49955199e-03  -1.02929626e-14   3.84698461e-14   1.36514158e-15
  1.00320000e-04  -6.73975450e-04   2.38587506e-05  -6.40734031e-03  -1.10129352e-14   3.77564668e-14   1.29902107e-15
  1.00400000e-04  -5.98219614e-04   2.17426687e-05  -6.34994685e-03  -1.17615212e-14   3.72366036e-14   1.23553724e-15
  1.00480000e-04  -5.30138648e-04   1.40108598e-05  -6.28415368e-03  -1.24593073e-14   3.66474282e-14   1.13278934e-15
  1.00560000e-04  -4.59857570e-04   1.38552989e-05  -6.21935422e-03  -1.31371944e-14   3.60577906e-14   1.05168954e-15
  1.00640000e-04  -4.06595726e-04   1.17126687e-05  -6.17720420e-03  -1.38344191e-14   3.55724316e-14   9.78057963e-16
  1.00720000e-04  -3.48871263e-04   9.50667587e-06  -6.12760459e-03  -1.44945275e-14   3.50378931e-14   8.79596249e-16
  1.00800000e-04  -2.96598554e-04   7.40381705e-06  -6.11740364e-03  -1.52285671e-14   3.47142079e-14   7.80361882e-16
  1.00880000e-04  -2.48471418e-04   5.48641297e-06  -6.07972216e-03  -1.58810911e-14   3.42154587e-14   6.79918796e-16
  1.00960000e-04  -2.05057406e-04   3.37894860e-06  -6.06940830e-03  -1.65880286e-14   3.38555743e-14   5.79281241e-16
  1.01040000e-04  -1.64582100e-04   2.31778283e-06  -6.03933664e-03  -1.72293391e-14   3.33687636e-14   4.82334823e-16
  1.01120000e-04  -1.26816770e-04   9.04283864e-07  -6.04012264e-03  -1.79463080e-14   3.30374024e-14   3.81741919e-16
  1.01200000e-04  -9.22841471e-05   5.28990079e-07  -6.05440094e-03  -1.86990801e-14   3.27600877e-14   2.87882888e-16
  1.01280000e-04  -6.01264399e-05  -2.34189107e-07  -6.02978144e-03  -1.93220350e-14   3.22545549e-14   1.91418466e-16
  1.01360000e-04  -3.84191038e-05   1.03990440e-07  -6.06967567e-03  -2.01466924e-14   3.20664004e-14   1.28071500e-16
  1.01440000e-04  -1.34926408e-05  -3.60913923e-07  -6.04869811e-03  -2.07629983e-14   3.15429847e-14   4.44332598e-17
  1.01520000e-04   8.10488265e-06   3.60619457e-07  -6.11440011e-03  -2.16780683e-14   3.14470221e-14  -2.68804443e-17
  1.01600000e-04   2.68802454e-05  -1.16964438e-06  -6.13881609e-03  -2.24473390e-14   3.11116664e-14  -1.04218722e-16
  1.01680000e-04   3.88147959e-05  -1.66494600e-07  -6.15461196e-03  -2.31849479e-14   3.07045718e-14  -1.47049265e-16
  1.01760000e-04   5.19001057e-05  -4.06860369e-07  -6.18858979e-03  -2.39866391e-14   3.03685461e-14  -2.03158539e-16
  1.01840000e-04   6.17156971e-05  -5.21806897e-07  -6.21849702e-03  -2.47713893e-14   2.99860154e-14  -2.48360732e-16
  1.01920000e-04   6.95537872e-05   5.86950775e-08  -6.25406050e-03  -2.55786678e-14   2.96043860e-14  -2.84192260e-16
  1.02000000e-04   7.54405868e-05   1.63710193e-06  -6.28515570e-03  -2.63669444e-14   2.91753879e-14  -3.08882512e-16
  1.02080000e-04   7.74909400e-05   1.24983590e-06  -6.32292540e-03  -2.71784850e-14   2.87483618e-14  -3.27404719e-16
  1.02160000e-04   7.84939253e-05   1.64953102e-06  -6.35844288e-03  -2.79799368e-14   2.82834349e-14  -3.38070295e-16
  1.02240000e-04   8.00685989e-05   1.66141816e-06  -6.42084455e-03  -2.88981409e-14   2.79104706e-14  -3.53140879e-16
  1.02320000e-04   7.77836171e-05   3.07908470e-06  -6.44739739e-03  -2.96548433e-14   2.73493455e-14  -3.44704985e-16
  1.02400000e-04   7.38023071e-05   2.05704720e-06  -6.49304523e-03  -3.04916477e-14   2.68406049e-14  -3.38075815e-16
  1.02480000e-04   6.88258897e-05   1.82740503e-06  -6.53612547e-03  -3.13133312e-14   2.62915461e-14  -3.22380987e-16
  1.02560000e-04   6.26295169e-05   1.59803486e-06  -6.59200260e-03  -3.21928066e-14   2.57617627e-14  -2.99613312e-16
  1.02640000e-04   5.64004310e-05   2.13913788e-06  -6.61896591e-03  -3.29256607e-14   2.50906062e-14  -2.72451801e-16
  1.02720000e-04   4.87825279e-05   2.12418296e-06  -6.66159064e-03  -3.37264782e-14   2.44507878e-14  -2.39180851e-16
  1.02800000e-04   3.82906649e-05   1.38415613e-06  -6.71144657e-03  -3.45557592e-14   2.38037519e-14  -1.92240954e-16
  1.02880000e-04   2.87828813e-05   1.45855278e-06  -6.77106657e-03  -3.54296730e-14   2.31591700e-14  -1.45618004e-16
  1.02960000e-04   1.85342184e-05   1.08952178e-06  -6.80770135e-03  -3.61737173e-14   2.24038414e-14  -9.48987139e-17
  1.03040000e-04   7.11889815e-06   5.32816359e-07  -6.84626473e-03  -3.69158349e-14   2.16246929e-14  -3.67029451e-17
  1.03120000e-04  -4.50330304e-06  -2.89810988e-07  -6.86740898e-03  -3.75483294e-14   2.07656814e-14   2.37459839e-17
  1.03200000e-04  -1.62183369e-05  -1.12965872e-06  -6.89612681e-03  -3.82048544e-14   1.99069809e-14   8.65893454e-17
  1.03280000e-04  -2.75422806e-05  -2.11089511e-06  -6.92959650e-03  -3.88704085e-14   1.90382744e-14   1.48694358e-16
  1.03360000e-04  -4.00615087e-05  -3.23439735e-06  -6.96848776e-03  -3.95497620e-14   1.81558310e-14   2.18942763e-16
  1.03440000e-04  -5.25188075e-05  -4.18943214e-06  -7.01712074e-03  -4.02680618e-14   1.72696384e-14   2.91071036e-16
  1.03520000e-04  -6.69412813e-05  -6.46313979e-06  -7.03518700e-03  -4.07902758e-14   1.62800356e-14   3.73171770e-16
  1.03600000e-04  -7.85058579e-05  -7.48575115e-06  -7.03914704e-03  -4.12078677e-14   1.52462766e-14   4.43367521e-16
  1.03680000e-04  -9.23252293e-05  -8.60593220e-06  -7.04588279e-03  -4.16159225e-14   1.42045213e-14   5.27961725e-16
  1.03760000e-04  -1.04078821e-04  -9.45257475e-06  -7.07741851e-03  -4.21476833e-14   1.31958304e-14   6.02189429e-16
  1.03840000e-04  -1.16642504e-04  -1.17319845e-05  -7.09346957e-03  -4.25613332e-14   1.21389052e-14   6.79786809e-16
  1.03920000e-04  -1.30019780e-04  -1.33230171e-05  -7.09560607e-03  -4.28656406e-14   1.10457631e-14   7.64729359e-16
  1.04000000e-04  -1.44304340e-04  -1.56534681e-05  -7.10664661e-03  -4.31959082e-14   9.95494453e-15   8.55189228e-16
  1.04080000e-04  -1.55642953e-04  -1.71501758e-05  -7.11288025e-03  -4.34706401e-14   8.85034320e-15   9.29878423e-16
  1.04160000e-04  -1.71915743e-04  -2.08724063e-05  -7.12428678e-03  -4.37467677e-14   7.73673092e-15   1.03298395e-15
  1.04240000e-04  -1.84557301e-04  -2.23708896e-05  -7.11569381e-03  -4.38739782e-14   6.60023711e-15   1.11719392e-15
  1.04320000e-04  -1.97593908e-04  -2.48041420e-05  -7.12158508e-03  -4.40606789e-14   5.47304552e-15   1.20343539e-15
  1.04400000e-04  -2.10915746e-04  -2.85388528e-05  -7.11722687e-03  -4.41536658e-14   4.33277849e-15   1.29109989e-15
  1.04480000e-04  -2.24561271e-04  -3.22689824e-05  -7.08841506e-03  -4.40652263e-14   3.18109644e-15   1.38150664e-15
  1.04560000e-04  -2.38288286e-04  -3.51878918e-05  -7.09410680e-03  -4.41631958e-14   2.04971089e-15   1.47325766e-15
  1.04640000e-04  -2.52353778e-04  -3.71946119e-05  -7.06126648e-03  -4.39932177e-14   9.10338893e-16   1.56742350e-15
  1.04720000e-04  -2.65326040e-04  -4.09927148e-05  -7.04151356e-03  -4.38739685e-14  -2.15119721e-16   1.65443475e-15
  1.04800000e-04  -2.80830794e-04  -4.40414192e-05  -7.02000289e-03  -4.37164500e-14  -1.33235653e-15   1.75720786e-15
  1.04880000e-04  -2.95556270e-04  -4.64159248e-05  -6.99456954e-03  -4.35076588e-14  -2.43659046e-15   1.85458989e-15
  1.04960000e-04  -3.11063974e-04  -5.11750480e-05  -6.95133488e-03  -4.31583167e-14  -3.51966462e-15   1.95719480e-15
  1.05040000e-04  -3.26333583e-04  -5.31949765e-05  -6.93220366e-03  -4.29361046e-14  -4.59693333e-15   2.05649276e-15
  1.05120000e-04  -3.42510609e-04  -5.80443048e-05  -6.91405994e-03  -4.26903916e-14  -5.66597567e-15   2.16237490e-15
  1.05200000e-04  -3.58222990e-04  -6.27138081e-05  -6.87816577e-03  -4.23103951e-14  -6.70336379e-15   2.26469531e-15
  1.05280000e-04  -3.74937222e-04  -6.77883499e-05  -6.81274547e-03  -4.17254366e-14  -7.68858945e-15   2.37284897e-15
  1.05360000e-04  -3.90340562e-04  -7.13279199e-05  -6.76415132e-03  -4.12248391e-14  -8.66058395e-15   2.47029782e-15
  1.05440000e-04  -4.08858143e-04  -7.81602961e-05  -6.73532622e-03  -4.08195106e-14  -9.63873986e-15   2.58974183e-15
  1.05520000e-04  -4.24243075e-04  -8.27256228e-05  -6.67532828e-03  -4.02081330e-14  -1.05456730e-14   2.68607304e-15
  1.05600000e-04  -4.41871452e-04  -8.80922825e-05  -6.60592255e-03  -3.95224619e-14  -1.14081687e-14   2.79579712e-15
  1.05680000e-04  -4.59484025e-04  -9.27221712e-05  -6.55316100e-03  -3.89222965e-14  -1.22656303e-14   2.90264032e-15
  1.05760000e-04  -4.77966517e-04  -9.80087168e-05  -6.49379493e-03  -3.82668831e-14  -1.30835669e-14   3.01404535e-15
  1.05840000e-04  -4.93803104e-04  -1.03844213e-04  -6.43733217e-03  -3.76145120e-14  -1.38731638e-14   3.10917785e-15
  1.05920000e-04  -5.13166102e-04  -1.09853065e-04  -6.38832389e-03  -3.69923507e-14  -1.46552645e-14   3.22356012e-15
  1.06000000e-04  -5.31240745e-04  -1.15658364e-04  -6.32656785e-03  -3.62852198e-14  -1.53775853e-14   3.32798668e-15
  1.06080000e-04  -5.47777183e-04  -1.21153541e-04  -6.25821047e-03  -3.55318811e-14  -1.60494223e-14   3.42078590e-15
  1.06160000e-04  -5.63289434e-04  -1.27527866e-04  -6.19398625e-03  -3.47934591e-14  -1.66974406e-14   3.50794722e-15
  1.06240000e-04  -5.79803327e-04  -1.32763421e-04  -6.13342397e-03  -3.40707366e-14  -1.73244397e-14   3.59576941e-15
  1.06320000e-04  -5.96654490e-04  -1.39059736e-04  -6.05153675e-03  -3.32227248e-14  -1.78619467e-14   3.68606628e-15
  1.06400000e-04  -6.11074937e-04  -1.45567429e-04  -5.98310041e-03  -3.24470097e-14  -1.83980511e-14   3.76154666e-15
  1.06480000e-04  -6.26346348e-04  -1.51616876e-04  -5.89331624e-03  -3.15544498e-14  -1.88386080e-14   3.83829144e-15
  1.06560000e-04  -6.38666062e-04  -1.55698224e-04  -5.81620313e-03  -3.07353189e-14  -1.92763419e-14   3.89100875e-15
  1.06640000e-04  -6.49687898e-04  -1.58931832e-04  -5.71464916e-03  -2.97913353e-14  -1.95980473e-14   3.93196904e-15
  1.06720000e-04  -6.61925750e-04  -1.64268131e-04  -5.65575562e-03  -2.90725468e-14  -2.00260587e-14   3.98417331e-15
  1.06800000e-04  -6.72346904e-04  -1.68317099e-04  -5.57046737e-03  -2.82211327e-14  -2.03328232e-14   4.02062368e-15
  1.06880000e-04  -6.80352784e-04  -1.72864481e-04  -5.47566273e-03  -2.73278925e-14  -2.05678190e-14   4.04481689e-15
  1.06960000e-04  -6.88155846e-04  -1.77414632e-04  -5.38645722e-03  -2.64717914e-14  -2.07877280e-14   4.06663680e-15
  1.07040000e-04  -6.93195383e-04  -1.80462267e-04  -5.29775933e-03  -2.56301555e-14  -2.09718185e-14   4.06800800e-15
  1.07120000e-04  -6.97108777e-04  -1.81443680e-04  -5.20496991e-03  -2.47817454e-14  -2.11068852e-14   4.05483288e-15
  1.07200000e-04  -6.98200737e-04  -1.82091813e-04  -5.10896371e-03  -2.39303778e-14  -2.11929395e-14   4.02572210e-15
  1.07280000e-04  -6.99116681e-04  -1.82141603e-04  -5.03606810e-03  -2.32001011e-14  -2.13408160e-14   3.99252507e-15
  1.07360000e-04  -6.96596088e-04  -1.82907516e-04  -4.93758331e-03  -2.23614965e-14  -2.13514827e-14   3.94571118e-15
  1.07440000e-04  -6.90180801e-04  -1.80983804e-04  -4.86821616e-03  -2.16720501e-14  -2.14488899e-14   3.86990511e-15
  1.07520000e-04  -6.83146662e-04  -1.77829028e-04  -4.77481050e-03  -2.08884194e-14  -2.14187563e-14   3.78627185e-15
  1.07600000e-04  -6.74280789e-04  -1.76314617e-04  -4.67940828e-03  -2.01086055e-14  -2.13494735e-14   3.70197889e-15
  1.07680000e-04  -6.62189045e-04  -1.71761663e-04  -4.58745694e-03  -1.93642041e-14  -2.12634871e-14   3.59131779e-15
  1.07760000e-04  -6.47292205e-04  -1.67435382e-04  -4.49640718e-03  -1.86394310e-14  -2.11511612e-14   3.47090699e-15
  1.07840000e-04  -6.32070287e-04  -1.62141929e-04  -4.40102137e-03  -1.79139708e-14  -2.09946890e-14   3.34627051e-15
  1.07920000e-04  -6.12916534e-04  -1.54800702e-04  -4.31069578e-03  -1.72295691e-14  -2.08308486e-14   3.19784055e-15
  1.08000000e-04  -5.90276533e-04  -1.45880636e-04  -4.24008006e-03  -1.66421230e-14  -2.07311503e-14   3.03006733e-15
  1.08080000e-04  -5.67733784e-04  -1.37103154e-04  -4.16561559e-03  -1.60516826e-14  -2.05955263e-14   2.86555344e-15
  1.08160000e-04  -5.39872228e-04  -1.25171209e-04  -4.08084267e-03  -1.54408238e-14  -2.03834063e-14   2.66795082e-15
  1.08240000e-04  -5.11462668e-04  -1.13299531e-04  -3.99787051e-03  -1.48522598e-14  -2.01601919e-14   2.47144490e-15
  1.08320000e-04  -4.81052592e-04  -1.01575358e-04  -3.92317521e-03  -1.43096947e-14  -1.99558478e-14   2.27130771e-15
  1.08400000e-04  -4.46554348e-04  -8.70907131e-05  -3.85599056e-03  -1.38126807e-14  -1.97657369e-14   2.04604358e-15
  1.08480000e-04  -4.12205731e-04  -7.19086910e-05  -3.77418564e-03  -1.32779907e-14  -1.94885473e-14   1.82149487e-15
  1.08560000e-04  -3.74849430e-04  -5.55667586e-05  -3.70865400e-03  -1.28173529e-14  -1.92723082e-14   1.58426133e-15
  1.08640000e-04  -3.33255096e-04  -3.69388820e-05  -3.64187044e-03  -1.23686060e-14  -1.90296095e-14   1.32482294e-15
  1.08720000e-04  -2.90598660e-04  -1.71861100e-05  -3.58715712e-03  -1.19740746e-14  -1.88348331e-14   1.06026790e-15
  1.08800000e-04  -2.45454604e-04   3.94291973e-06  -3.52465707e-03  -1.15673877e-14  -1.85847866e-14   7.84754429e-16
  1.08880000e-04  -1.98416452e-04   2.57193921e-05  -3.44739027e-03  -1.11260794e-14  -1.82440255e-14   5.04257374e-16
  1.08960000e-04  -1.48574614e-04   4.94728127e-05  -3.39243957e-03  -1.07719427e-14  -1.80038441e-14   2.09211221e-16
  1.09040000e-04  -9.82253061e-05   7.41809590e-05  -3.34957542e-03  -1.04672450e-14  -1.78175114e-14  -8.76444639e-17
  1.09120000e-04  -4.47043831e-05   1.00631607e-04  -3.29207728e-03  -1.01286342e-14  -1.75413436e-14  -3.98659919e-16
  1.09200000e-04   1.10685479e-05   1.27992635e-04  -3.24457396e-03  -9.83111314e-15  -1.73068652e-14  -7.16262735e-16
  1.09280000e-04   6.79499978e-05   1.58238923e-04  -3.19395971e-03  -9.53771621e-15  -1.70474767e-14  -1.04749667e-15
  1.09360000e-04   1.26067252e-04   1.87300179e-04  -3.15418631e-03  -9.28184937e-15  -1.68382505e-14  -1.37085896e-15
  1.09440000e-04   1.87051491e-04   2.19136756e-04  -3.11695976e-03  -9.04465664e-15  -1.66331280e-14  -1.71216398e-15
  1.09520000e-04   2.48963232e-04   2.49926479e-04  -3.07390440e-03  -8.79615370e-15  -1.63903111e-14  -2.04505111e-15
  1.09600000e-04   3.15432416e-04   2.84423590e-04  -3.02734467e-03  -8.55155562e-15  -1.61162417e-14  -2.40516953e-15
  1.09680000e-04   3.80785824e-04   3.21718572e-04  -3.01209190e-03  -8.40001607e-15  -1.60137732e-14  -2.77233749e-15
  1.09760000e-04   4.46344943e-04   3.58389623e-04  -2.97216308e-03  -8.18667140e-15  -1.57727340e-14  -3.13134352e-15
  1.09840000e-04   5.15852512e-04   3.98030295e-04  -2.94924523e-03  -8.02623821e-15  -1.56177946e-14  -3.51164781e-15
  1.09920000e-04   5.87529451e-04   4.39208043e-04  -2.92380135e-03  -7.86494552e-15  -1.54444515e-14  -3.90047513e-15
  1.10000000e-04   6.59005560e-04   4.80392309e-04  -2.90380588e-03  -7.71917809e-15  -1.53020690e-14  -4.28333645e-15
  1.10080000e-04   7.32724007e-04   5.23315199e-04  -2.88408097e-03  -7.57884617e-15  -1.51579494e-14  -4.67587006e-15
  1.10160000e-04   8.09141965e-04   5.70033165e-04  -2.86804933e-03  -7.45457226e-15  -1.50315325e-14  -5.09066535e-15
  1.10240000e-04   8.85481737e-04   6.17803534e-04  -2.85325529e-03  -7.33518853e-15  -1.49142161e-14  -5.50572216e-15
  1.10320000e-04   9.65411813e-04   6.66051425e-04  -2.83593196e-03  -7.21108084e-15  -1.47789089e-14  -5.92580367e-15
  1.10400000e-04   1.04611457e-03   7.16187314e-04  -2.82495193e-03  -7.10347868e-15  -1.46817794e-14  -6.35265912e-15
  1.10480000e-04   1.13302653e-03   7.71051078e-04  -2.81027714e-03  -6.99390125e-15  -1.45574506e-14  -6.81385242e-15
  1.10560000e-04   1.21360218e-03   8.22752177e-04  -2.81126240e-03  -6.90962684e-15  -1.45382498e-14  -7.23764345e-15
  1.10640000e-04   1.29768259e-03   8.79723515e-04  -2.79853193e-03  -6.80273606e-15  -1.44387558e-14  -7.69328553e-15
  1.10720000e-04   1.38640799e-03   9.38377976e-04  -2.80709590e-03  -6.73625016e-15  -1.44628150e-14  -8.16173688e-15
  1.10800000e-04   1.47432644e-03   9.95956058e-04  -2.81127572e-03  -6.65404218e-15  -1.44692844e-14  -8.61566216e-15
  1.10880000e-04   1.56396798e-03   1.05809310e-03  -2.82103942e-03  -6.58244953e-15  -1.45137035e-14  -9.09295684e-15
  1.10960000e-04   1.65744430e-03   1.12171465e-03  -2.82492866e-03  -6.49564775e-15  -1.45260020e-14  -9.57907503e-15
  1.11040000e-04   1.75210436e-03   1.18711916e-03  -2.83597761e-03  -6.41622568e-15  -1.45881295e-14  -1.00705115e-14
  1.11120000e-04   1.84641285e-03   1.25598479e-03  -2.85810034e-03  -6.35049285e-15  -1.47268691e-14  -1.05742807e-14
  1.11200000e-04   1.94510776e-03   1.32678152e-03  -2.86493351e-03  -6.25211738e-15  -1.47786155e-14  -1.10889261e-14
  1.11280000e-04   2.04547920e-03   1.39907402e-03  -2.88221052e-03  -6.16211366e-15  -1.49020979e-14  -1.16069292e-14
  1.11360000e-04   2.14600708e-03   1.47684147e-03  -2.89123676e-03  -6.05472898e-15  -1.49873202e-14  -1.21496059e-14
  1.11440000e-04   2.24980777e-03   1.55440864e-03  -2.92225085e-03  -5.96633912e-15  -1.52148310e-14  -1.26865155e-14
  1.11520000e-04   2.35588206e-03   1.63444977e-03  -2.94815711e-03  -5.85816102e-15  -1.54227079e-14  -1.32315804e-14
  1.11600000e-04   2.46409923e-03   1.71763021e-03  -2.97389137e-03  -5.73687182e-15  -1.56418211e-14  -1.37876879e-14
  1.11680000e-04   2.57475167e-03   1.80425360e-03  -3.01233872e-03  -5.61805470e-15  -1.59519907e-14  -1.43564640e-14
  1.11760000e-04   2.68620679e-03   1.89541439e-03  -3.05118569e-03  -5.48359774e-15  -1.62806783e-14  -1.49413094e-14
  1.11840000e-04   2.80021543e-03   1.98694747e-03  -3.08882451e-03  -5.32627684e-15  -1.66170164e-14  -1.55178325e-14
  1.11920000e-04   2.91679419e-03   2.08233169e-03  -3.13127322e-03  -5.15473309e-15  -1.69991062e-14  -1.61062512e-14
  1.12000000e-04   3.03525327e-03   2.18174096e-03  -3.17011897e-03  -4.95774216e-15  -1.73764492e-14  -1.67056551e-14
  1.12080000e-04   3.15637860e-03   2.28459450e-03  -3.22482988e-03  -4.75235315e-15  -1.78705970e-14  -1.73117019e-14
  1.12160000e-04   3.28239429e-03   2.38996930e-03  -3.28883272e-03  -4.52636823e-15  -1.84408329e-14  -1.79183177e-14
  1.12240000e-04   3.40810596e-03   2.49871784e-03  -3.35375692e-03  -4.26909308e-15  -1.90394581e-14  -1.85236308e-14
  1.12320000e-04   3.53843382e-03   2.61158418e-03  -3.42529804e-03  -3.98287870e-15  -1.97000814e-14  -1.91345608e-14
  1.12400000e-04   3.67414244e-03   2.73078824e-03  -3.49133920e-03  -3.65728814e-15  -2.03474195e-14  -1.97637318e-14
  1.12480000e-04   3.80370571e-03   2.84951418e-03  -3.57245720e-03  -3.29905942e-15  -2.11168563e-14  -2.03561382e-14
  1.12560000e-04   3.94204545e-03   2.97465490e-03  -3.65775756e-03  -2.89918137e-15  -2.19342224e-14  -2.09624191e-14
  1.12640000e-04   4.08467423e-03   3.10314198e-03  -3.73663892e-03  -2.44819601e-15  -2.27352586e-14  -2.15570250e-14
  1.12720000e-04   4.23008135e-03   3.23656945e-03  -3.82104570e-03  -1.95038412e-15  -2.35964868e-14  -2.21462810e-14
  1.12800000e-04   4.37763706e-03   3.37652643e-03  -3.94028876e-03  -1.40702158e-15  -2.47046610e-14  -2.27331996e-14
  1.12880000e-04   4.52978079e-03   3.51879771e-03  -4.04996961e-03  -7.96047988e-16  -2.57780759e-14  -2.32875222e-14
  1.12960000e-04   4.68459836e-03   3.66715406e-03  -4.17045492e-03  -1.18879328e-16  -2.69458174e-14  -2.38274642e-14
  1.13040000e-04   4.84387390e-03   3.82019067e-03  -4.29946281e-03   6.32164375e-16  -2.81931192e-14  -2.43381489e-14
  1.13120000e-04   5.00589785e-03   3.97789333e-03  -4.43578656e-03   1.46424454e-15  -2.95110273e-14  -2.48122534e-14
  1.13200000e-04   5.17232450e-03   4.14271063e-03  -4.57951288e-03   2.38479667e-15  -3.08990695e-14  -2.52583549e-14
  1.13280000e-04   5.34258788e-03   4.31201449e-03  -4.73498129e-03   3.40192127e-15  -3.23826401e-14  -2.56514952e-14
  1.13360000e-04   5.52048482e-03   4.48833448e-03  -4.89592930e-03   4.52348774e-15  -3.39212415e-14  -2.59967055e-14
  1.13440000e-04   5.69815525e-03   4.66753313e-03  -5.09136942e-03   5.77133514e-15  -3.56901282e-14  -2.62599079e-14
  1.13520000e-04   5.88550959e-03   4.84844492e-03  -5.29329054e-03   7.14422841e-15  -3.75127581e-14  -2.64166713e-14
  1.13600000e-04   6.07151937e-03   5.04374579e-03  -5.49243421e-03   8.65203675e-15  -3.93173112e-14  -2.65411489e-14
  1.13680000e-04   6.26612572e-03   5.23926091e-03  -5.72794904e-03   1.03261018e-14  -4.13486849e-14  -2.65246592e-14
  1.13760000e-04   6.46528074e-03   5.44227447e-03  -5.97138969e-03   1.21635396e-14  -4.34156115e-14  -2.63990434e-14
  1.13840000e-04   6.67054976e-03   5.65201817e-03  -6.23066900e-03   1.41833004e-14  -4.55570601e-14  -2.61414819e-14
  1.13920000e-04   6.88142857e-03   5.86568251e-03  -6.51298561e-03   1.64051132e-14  -4.78022991e-14  -2.57182352e-14
  1.14000000e-04   7.09660502e-03   6.08701667e-03  -6.80962048e-03   1.88389949e-14  -5.00777122e-14  -2.51307638e-14
  1.14080000e-04   7.31670094e-03   6.31186489e-03  -7.14452034e-03   2.15339378e-14  -5.25060772e-14  -2.43338774e-14
  1.14160000e-04   7.54825387e-03   6.54707209e-03  -7.48116115e-03   2.44521625e-14  -5.48530522e-14  -2.33327091e-14
  1.14240000e-04   7.78095563e-03   6.78189513e-03  -7.83962537e-03   2.76241914e-14  -5.71956673e-14  -2.20613106e-14
  1.14320000e-04   8.02032694e-03   7.02211165e-03  -8.23812413e-03   3.11181776e-14  -5.96086601e-14  -2.05144650e-14
  1.14400000e-04   8.26716360e-03   7.26894637e-03  -8.66554970e-03   3.49304080e-14  -6.19854611e-14  -1.86708981e-14
  1.14480000e-04   8.52586313e-03   7.52189294e-03  -9.12420173e-03   3.90842922e-14  -6.42955873e-14  -1.64833268e-14
  1.14560000e-04   8.78697650e-03   7.77602965e-03  -9.59620249e-03   4.35283483e-14  -6.63707915e-14  -1.39241193e-14
  1.14640000e-04   9.05807304e-03   8.03396799e-03  -1.01099822e-02   4.83588784e-14  -6.83114472e-14  -1.09568667e-14
  1.14720000e-04   9.33699122e-03   8.29820324e-03  -1.06378155e-02   5.34936068e-14  -6.98978281e-14  -7.57270577e-15
  1.14800000e-04   9.62500312e-03   8.56196401e-03  -1.12033075e-02   5.89951710e-14  -7.11698684e-14  -3.70650788e-15
  1.14880000e-04   9.92713022e-03   8.83299204e-03  -1.17842245e-02   6.47846097e-14  -7.19386580e-14   6.52708510e-16
  1.14960000e-04   1.02314980e-02   9.09730942e-03  -1.24080409e-02   7.09201935e-14  -7.22088670e-14   5.53781327e-15
  1.15040000e-04   1.05405654e-02   9.35942364e-03  -1.30600087e-02   7.73231831e-14  -7.18041343e-14   1.09482895e-14
  1.15120000e-04   1.08752386e-02   9.62907018e-03  -1.37672949e-02   8.40941575e-14  -7.07472130e-14   1.69469857e-14
  1.15200000e-04   1.12154147e-02   9.89596823e-03  -1.44588521e-02   9.08080784e-14  -6.86095875e-14   2.34798697e-14
  1.15280000e-04   1.15669060e-02   1.01574613e-02  -1.51718414e-02   9.75433907e-14  -6.54313090e-14   3.05605117e-14
  1.15360000e-04   1.19334704e-02   1.04190664e-02  -1.58803094e-02   1.04059464e-13  -6.10258433e-14   3.81578348e-14
  1.15440000e-04   1.23116811e-02   1.06733692e-02  -1.66083052e-02   1.10336898e-13  -5.53603830e-14   4.62148840e-14
  1.15520000e-04   1.27021655e-02   1.09207841e-02  -1.73423299e-02   1.16154540e-13  -4.82997036e-14   5.46606806e-14
  1.15600000e-04   1.31075322e-02   1.11649324e-02  -1.80603609e-02   1.21208106e-13  -3.97441074e-14   6.33984497e-14
  1.15680000e-04   1.35447126e-02   1.14155948e-02  -1.87332281e-02   1.25124874e-13  -2.96563327e-14   7.23973340e-14
  1.15760000e-04   1.39754160e-02   1.16419247e-02  -1.93856172e-02   1.27821241e-13  -1.80734195e-14   8.12945814e-14
  1.15840000e-04   1.44280203e-02   1.18665451e-02  -2.00035269e-02   1.29031463e-13  -5.06737483e-15   9.00609350e-14
  1.15920000e-04   1.49023223e-02   1.20849693e-02  -2.05193017e-02   1.28132712e-13   9.22415632e-15   9.84901261e-14
  1.16000000e-04   1.53867484e-02   1.22975239e-02  -2.09869759e-02   1.25310077e-13   2.45852690e-14   1.06277940e-13
  1.16080000e-04   1.58666614e-02   1.24841305e-02  -2.13621963e-02   1.20192932e-13   4.07161150e-14   1.13067300e-13
  1.16160000e-04   1.63808096e-02   1.26804888e-02  -2.16122102e-02   1.12526941e-13   5.72647563e-14   1.18887771e-13
  1.16240000e-04   1.69026970e-02   1.28706954e-02  -2.17472989e-02   1.02429040e-13   7.38472520e-14   1.23316119e-13
  1.16320000e-04   1.74356938e-02   1.30615918e-02  -2.17440772e-02   8.98957648e-14   9.00218385e-14   1.26159575e-13
  1.16400000e-04   1.79504505e-02   1.32193825e-02  -2.16377064e-02   7.54386251e-14   1.05423696e-13   1.26990977e-13
  1.16480000e-04   1.84870872e-02   1.33921796e-02  -2.13702152e-02   5.89722566e-14   1.19629234e-13   1.25984760e-13
  1.16560000e-04   1.89904374e-02   1.35391463e-02  -2.09788691e-02   4.12213685e-14   1.32257021e-13   1.22669099e-13
  1.16640000e-04   1.94848275e-02   1.36804598e-02  -2.04831906e-02   2.26693346e-14   1.43176947e-13   1.17190461e-13
  1.16720000e-04   1.99524635e-02   1.38167094e-02  -1.98468068e-02   3.66289210e-15   1.52026613e-13   1.09518437e-13
  1.16800000e-04   2.04142980e-02   1.39566694e-02  -1.91039372e-02  -1.51908085e-14   1.58892363e-13   9.98484490e-14
  1.16880000e-04   2.08317142e-02   1.40798810e-02  -1.82424053e-02  -3.33264032e-14   1.63525297e-13   8.81556238e-14
  1.16960000e-04   2.12019271e-02   1.41936788e-02  -1.73579733e-02  -5.01268799e-14   1.66226097e-13   7.46961273e-14
  1.17040000e-04   2.15187434e-02   1.42940160e-02  -1.63992328e-02  -6.53153738e-14   1.66859377e-13   5.97336382e-14
  1.17120000e-04   2.17997408e-02   1.43969796e-02  -1.53764383e-02  -7.86362135e-14   1.65672847e-13   4.36342614e-14
  1.17200000e-04   2.20291400e-02   1.44890752e-02  -1.43191877e-02  -8.97474091e-14   1.62802446e-13   2.66634281e-14
  1.17280000e-04   2.22101838e-02   1.45807246e-02  -1.32483862e-02  -9.85590007e-14   1.58468284e-13   9.17612793e-15
  1.17360000e-04   2.23367781e-02   1.46635292e-02  -1.21765341e-02  -1.04959270e-13   1.52811440e-13  -8.51612642e-15
  1.17440000e-04   2.24147987e-02   1.47410478e-02  -1.11277629e-02  -1.09004890e-13   1.46050589e-13  -2.60954486e-14
  1.17520000e-04   2.24386627e-02   1.48184293e-02  -1.01027108e-02  -1.10798125e-13   1.38283248e-13  -4.32578173e-14
  1.17600000e-04   2.24213001e-02   1.48894459e-02  -9.10518588e-03  -1.10415234e-13   1.29718649e-13  -5.97697079e-14
  1.17680000e-04   2.23556200e-02   1.49584302e-02  -8.17319267e-03  -1.08144037e-13   1.20440481e-13  -7.53715835e-14
  1.17760000e-04   2.22421226e-02   1.50174030e-02  -7.29844992e-03  -1.04116320e-13   1.10537703e-13  -8.98517815e-14
  1.17840000e-04   2.21049539e-02   1.50808478e-02  -6.45450085e-03  -9.85023721e-14   1.00240721e-13  -1.03133511e-13
  1.17920000e-04   2.19264845e-02   1.51357678e-02  -5.70642402e-03  -9.17108083e-14   8.94994281e-14  -1.15002505e-13
  1.18000000e-04   2.17184886e-02   1.51912580e-02  -5.01843816e-03  -8.38632819e-14   7.84700143e-14  -1.25402661e-13
  1.18080000e-04   2.14909079e-02   1.52420408e-02  -4.42357905e-03  -7.53092361e-14   6.72056206e-14  -1.34305963e-13
  1.18160000e-04   2.12440631e-02   1.52915543e-02  -3.89956845e-03  -6.61683748e-14   5.57972284e-14  -1.41671775e-13
  1.18240000e-04   2.09706763e-02   1.53331341e-02  -3.45620861e-03  -5.66709197e-14   4.42770527e-14  -1.47422098e-13
  1.18320000e-04   2.06933501e-02   1.53760619e-02  -3.10231776e-03  -4.70728270e-14   3.27440906e-14  -1.51699266e-13
  1.18400000e-04   2.03934619e-02   1.54069728e-02  -2.83710107e-03  -3.75112700e-14   2.12216290e-14  -1.54391254e-13
  1.18480000e-04   2.00957148e-02   1.54376893e-02  -2.65073978e-03  -2.81008883e-14   9.84483521e-15  -1.55702168e-13
  1.18560000e-04   1.97820370e-02   1.54557308e-02  -2.53714571e-03  -1.89177709e-14  -1.32150921e-15  -1.55551545e-13
  1.18640000e-04   1.94770190e-02   1.54751289e-02  -2.52052740e-03  -1.02105504e-14  -1.22621163e-14  -1.54185555e-13
  1.18720000e-04   1.91529851e-02   1.54760990e-02  -2.56420109e-03  -1.85552593e-15  -2.28004015e-14  -1.51470231e-13
  1.18800000e-04   1.88433704e-02   1.54766551e-02  -2.70108392e-03   5.90778992e-15  -3.29762677e-14  -1.47733155e-13
  1.18880000e-04   1.85208612e-02   1.54593056e-02  -2.86809421e-03   1.33631269e-14  -4.25150585e-14  -1.42867225e-13
  1.18960000e-04   1.82052201e-02   1.54317843e-02  -3.15859673e-03   1.99833554e-14  -5.16371405e-14  -1.37102602e-13
  1.19040000e-04   1.78859627e-02   1.53922464e-02  -3.47910077e-03   2.62514640e-14  -5.99982913e-14  -1.30486528e-13
  1.19120000e-04   1.75612965e-02   1.53270016e-02  -3.84630558e-03   3.20259515e-14  -6.75819654e-14  -1.23082177e-13
  1.19200000e-04   1.72355444e-02   1.52466533e-02  -4.25869213e-03   3.73342476e-14  -7.43420119e-14  -1.15056638e-13
  1.19280000e-04   1.69121829e-02   1.51514239e-02  -4.74750266e-03   4.20528572e-14  -8.03217784e-14  -1.06536792e-13
  1.19360000e-04   1.65772791e-02   1.50289628e-02  -5.25296718e-03   4.64090994e-14  -8.52864743e-14  -9.75507054e-14
  1.19440000e-04   1.62462884e-02   1.48905823e-02  -5.79176895e-03   5.03825229e-14  -8.93157466e-14  -8.83036740e-14
  1.19520000e-04   1.59085007e-02   1.47264539e-02  -6.35689647e-03   5.39676321e-14  -9.23337759e-14  -7.88442889e-14
  1.19600000e-04   1.55639049e-02   1.45375875e-02  -6.94344509e-03   5.71912517e-14  -9.43233142e-14  -6.92904212e-14
  1.19680000e-04   1.52181759e-02   1.43267481e-02  -7.55708581e-03   6.00616214e-14  -9.53276319e-14  -5.97725984e-14
  1.19760000e-04   1.48649506e-02   1.40885562e-02  -8.17431717e-03   6.26207215e-14  -9.52948646e-14  -5.03666679e-14
  1.19840000e-04   1.45030376e-02   1.38275317e-02  -8.80092382e-03   6.48750904e-14  -9.42522813e-14  -4.11764195e-14
  1.19920000e-04   1.41391251e-02   1.35437862e-02  -9.41813151e-03   6.68559488e-14  -9.22606636e-14  -3.23072656e-14
  1.20000000e-04   1.37590531e-02   1.32306797e-02  -1.00275846e-02   6.85019566e-14  -8.92896409e-14  -2.38183567e-14
  1.20080000e-04   1.33712059e-02   1.28897285e-02  -1.06530611e-02   6.97800721e-14  -8.54522256e-14  -1.58088155e-14
  1.20160000e-04   1.29792855e-02   1.25349832e-02  -1.12607781e-02   7.08093875e-14  -8.08221319e-14  -8.35189248e-15
  1.20240000e-04   1.25765614e-02   1.21535350e-02  -1.18455501e-02   7.14874685e-14  -7.54349890e-14  -1.49720709e-15
  1.20320000e-04   1.21707555e-02   1.17592186e-02  -1.23949660e-02   7.18761946e-14  -6.94320659e-14   4.70519654e-15
  1.20400000e-04   1.17462573e-02   1.13372714e-02  -1.29302632e-02   7.18494629e-14  -6.27936565e-14   1.02127505e-14
  1.20480000e-04   1.13131660e-02   1.08954935e-02  -1.34408071e-02   7.14369740e-14  -5.56801497e-14   1.49928224e-14
  1.20560000e-04   1.08744925e-02   1.04435680e-02  -1.39160676e-02   7.06748459e-14  -4.82152480e-14   1.90437317e-14
  1.20640000e-04   1.04287679e-02   9.98022511e-03  -1.43459373e-02   6.95263850e-14  -4.05047952e-14   2.23636527e-14
  1.20720000e-04   9.98280274e-03   9.50871034e-03  -1.47358191e-02   6.79920142e-14  -3.26852713e-14   2.49701823e-14
  1.20800000e-04   9.51965859e-03   9.02520058e-03  -1.50788161e-02   6.60323028e-14  -2.47644581e-14   2.68655560e-14
  1.20880000e-04   9.05293124e-03   8.53572206e-03  -1.53789834e-02   6.36771607e-14  -1.69125928e-14   2.80970305e-14
  1.20960000e-04   8.57750290e-03   8.04060956e-03  -1.56654858e-02   6.09536574e-14  -9.11253933e-15   2.86974696e-14
  1.21040000e-04   8.10348217e-03   7.54644670e-03  -1.58812706e-02   5.78512688e-14  -1.64130924e-15   2.87389267e-14
  1.21120000e-04   7.62283174e-03   7.05258934e-03  -1.60685385e-02   5.44163199e-14   5.58137950e-15   2.82645262e-14
  1.21200000e-04   7.14418103e-03   6.56343714e-03  -1.62024806e-02   5.06664784e-14   1.23772412e-14   2.73543138e-14
  1.21280000e-04   6.66519356e-03   6.07995653e-03  -1.63010475e-02   4.66418035e-14   1.87594376e-14   2.60678471e-14
  1.21360000e-04   6.18712082e-03   5.60297073e-03  -1.63573450e-02   4.23708397e-14   2.46566590e-14   2.44724338e-14
  1.21440000e-04   5.71253941e-03   5.13562785e-03  -1.63654781e-02   3.78945438e-14   3.00012064e-14   2.26421192e-14
  1.21520000e-04   5.24146971e-03   4.67843376e-03  -1.63134741e-02   3.32502880e-14   3.47207859e-14   2.06405621e-14
  1.21600000e-04   4.77744802e-03   4.23339286e-03  -1.62315696e-02   2.85096942e-14   3.88959756e-14   1.85358246e-14
  1.21680000e-04   4.32096657e-03   3.80083948e-03  -1.61203817e-02   2.37083764e-14   4.25277790e-14   1.63820168e-14
  1.21760000e-04   3.87493647e-03   3.38631750e-03  -1.59812767e-02   1.89119702e-14   4.56131142e-14   1.42506243e-14
  1.21840000e-04   3.43549750e-03   2.98296727e-03  -1.57878622e-02   1.41258476e-14   4.80759852e-14   1.21573397e-14
  1.21920000e-04   3.00802859e-03   2.59524442e-03  -1.55736665e-02   9.41816499e-15   5.00449440e-14   1.01587491e-14
  1.22000000e-04   2.59283643e-03   2.22275119e-03  -1.53416142e-02   4.81533235e-15   5.15560792e-14   8.28346381e-15
  1.22080000e-04   2.19116054e-03   1.86576203e-03  -1.50846759e-02   3.53018641e-16   5.26019537e-14   6.55739965e-15
  1.22160000e-04   1.80979240e-03   1.53491316e-03  -1.48135424e-02  -3.89689357e-15   5.32247168e-14   5.03881842e-15
  1.22240000e-04   1.43553933e-03   1.21183073e-03  -1.45143588e-02  -7.98492944e-15   5.34605233e-14   3.67377062e-15
  1.22320000e-04   1.07734839e-03   9.06091941e-04  -1.41908623e-02  -1.18375075e-14   5.33158922e-14   2.50555461e-15
  1.22400000e-04   7.27095686e-04   6.07671742e-04  -1.38784072e-02  -1.55235461e-14   5.30065549e-14   1.50762849e-15
  1.22480000e-04   3.99628535e-04   3.33574248e-04  -1.35708032e-02  -1.89578532e-14   5.24622174e-14   7.31271794e-16
  1.22560000e-04   9.15032965e-05   7.62926002e-05  -1.32161279e-02  -2.20812703e-14   5.15210261e-14   1.44532804e-16
  1.22640000e-04  -2.02258491e-04  -1.67222099e-04  -1.28818400e-02  -2.50022542e-14   5.05030315e-14  -2.63029561e-16
  1.22720000e-04  -4.82443906e-04  -3.99367227e-04  -1.25471705e-02  -2.76976024e-14   4.93520701e-14  -5.05855875e-16
  1.22800000e-04  -7.38336792e-04  -6.09289781e-04  -1.21928430e-02  -3.00727337e-14   4.79679279e-14  -5.75957764e-16
  1.22880000e-04  -9.89551829e-04  -8.16407607e-04  -1.18303316e-02  -3.22331380e-14   4.65106201e-14  -5.13532805e-16
  1.22960000e-04  -1.21828413e-03  -1.00717611e-03  -1.14899062e-02  -3.41899564e-14   4.50211570e-14  -3.21251776e-16
  1.23040000e-04  -1.43253059e-03  -1.18021986e-03  -1.11268477e-02  -3.58293719e-14   4.33963021e-14   9.84049628e-18
  1.23120000e-04  -1.63212036e-03  -1.34723007e-03  -1.07905675e-02  -3.73400796e-14   4.18152845e-14   4.27104096e-16
  1.23200000e-04  -1.82499272e-03  -1.50934282e-03  -1.04539151e-02  -3.86611084e-14   4.02347805e-14   9.40141939e-16
  1.23280000e-04  -1.99343212e-03  -1.65027730e-03  -1.01014058e-02  -3.96713087e-14   3.85374726e-14   1.53290986e-15
  1.23360000e-04  -2.15337612e-03  -1.78546923e-03  -9.78022995e-03  -4.05946541e-14   3.69469581e-14   2.19298542e-15
  1.23440000e-04  -2.29724023e-03  -1.90864646e-03  -9.44383086e-03  -4.12618137e-14   3.52993170e-14   2.90288786e-15
  1.23520000e-04  -2.42899473e-03  -2.02513962e-03  -9.12207085e-03  -4.18040764e-14   3.36992107e-14   3.65007847e-15
  1.23600000e-04  -2.54741883e-03  -2.12804118e-03  -8.82073385e-03  -4.22211296e-14   3.21539543e-14   4.43613453e-15
  1.23680000e-04  -2.65606378e-03  -2.22972684e-03  -8.50121659e-03  -4.24364516e-14   3.05941918e-14   5.23421923e-15
  1.23760000e-04  -2.74707183e-03  -2.31530691e-03  -8.17976244e-03  -4.24432101e-14   2.90299146e-14   6.03701943e-15
  1.23840000e-04  -2.83411621e-03  -2.39485641e-03  -7.88600124e-03  -4.24113875e-14   2.75848845e-14   6.86494483e-15
  1.23920000e-04  -2.91777529e-03  -2.47744580e-03  -7.59628435e-03  -4.23013339e-14   2.62092958e-14   7.70030114e-15
  1.24000000e-04  -2.98361234e-03  -2.54610975e-03  -7.30122464e-03  -4.20020861e-14   2.48248118e-14   8.50696292e-15
  1.24080000e-04  -3.03897757e-03  -2.60691415e-03  -7.04674632e-03  -4.17418070e-14   2.35327349e-14   9.29572213e-15
  1.24160000e-04  -3.08951180e-03  -2.66446298e-03  -6.77615434e-03  -4.13106419e-14   2.22722293e-14   1.00774247e-14
  1.24240000e-04  -3.13010482e-03  -2.71399550e-03  -6.49673964e-03  -4.07205621e-14   2.10371275e-14   1.08308109e-14
  1.24320000e-04  -3.16467553e-03  -2.75944719e-03  -6.25512300e-03  -4.02015547e-14   1.98949766e-14   1.15626406e-14
  1.24400000e-04  -3.19049800e-03  -2.79759427e-03  -6.00946924e-03  -3.95621536e-14   1.87824881e-14   1.22601827e-14
  1.24480000e-04  -3.21249125e-03  -2.83661146e-03  -5.75815453e-03  -3.88338804e-14   1.77236491e-14   1.29344210e-14
  1.24560000e-04  -3.22560389e-03  -2.86681599e-03  -5.50737344e-03  -3.80068125e-14   1.67059617e-14   1.35639983e-14
  1.24640000e-04  -3.23311198e-03  -2.89492064e-03  -5.28965288e-03  -3.72696427e-14   1.57510474e-14   1.41595106e-14
  1.24720000e-04  -3.23215936e-03  -2.91475530e-03  -5.07459088e-03  -3.64599679e-14   1.48261701e-14   1.47065587e-14
  1.24800000e-04  -3.23051898e-03  -2.93259800e-03  -4.85377461e-03  -3.55676181e-14   1.39624607e-14   1.52367152e-14
  1.24880000e-04  -3.22490658e-03  -2.94941019e-03  -4.65509018e-03  -3.47355786e-14   1.31484443e-14   1.57330658e-14
  1.24960000e-04  -3.21373593e-03  -2.96038205e-03  -4.45164142e-03  -3.38179170e-14   1.23720110e-14   1.61863836e-14
  1.25040000e-04  -3.19713436e-03  -2.96850399e-03  -4.24832986e-03  -3.28539253e-14   1.16343453e-14   1.65951834e-14
  1.25120000e-04  -3.17689597e-03  -2.96995579e-03  -4.06069844e-03  -3.19100446e-14   1.09371142e-14   1.69655904e-14
  1.25200000e-04  -3.15291594e-03  -2.97224745e-03  -3.89316798e-03  -3.10427248e-14   1.02711345e-14   1.72987009e-14
  1.25280000e-04  -3.12603000e-03  -2.96985821e-03  -3.71850946e-03  -3.00966236e-14   9.64722648e-15   1.75963123e-14
  1.25360000e-04  -3.09624501e-03  -2.96546188e-03  -3.53691688e-03  -2.90848345e-14   9.06773026e-15   1.78584251e-14
  1.25440000e-04  -3.06694155e-03  -2.95794368e-03  -3.38148337e-03  -2.81758558e-14   8.52102087e-15   1.81012285e-14
  1.25520000e-04  -3.03199609e-03  -2.95103383e-03  -3.21457905e-03  -2.71922710e-14   8.00801962e-15   1.82963062e-14
  1.25600000e-04  -2.99477018e-03  -2.93883212e-03  -3.06113448e-03  -2.62442224e-14   7.52022007e-15   1.84554944e-14
  1.25680000e-04  -2.95577151e-03  -2.92487134e-03  -2.91835999e-03  -2.53327913e-14   7.05741100e-15   1.85843843e-14
  1.25760000e-04  -2.91411305e-03  -2.90646068e-03  -2.76641025e-03  -2.43469394e-14   6.63577647e-15   1.86751442e-14
  1.25840000e-04  -2.87051365e-03  -2.88883109e-03  -2.63257809e-03  -2.34499646e-14   6.22613471e-15   1.87372189e-14
  1.25920000e-04  -2.82705442e-03  -2.86824790e-03  -2.50225126e-03  -2.25541942e-14   5.84819717e-15   1.87782322e-14
  1.26000000e-04  -2.78416746e-03  -2.84643378e-03  -2.37673942e-03  -2.16740087e-14   5.49991839e-15   1.88026149e-14
  1.26080000e-04  -2.73333828e-03  -2.81786618e-03  -2.25700765e-03  -2.07989552e-14   5.15114365e-15   1.87572900e-14
  1.26160000e-04  -2.68713074e-03  -2.79411320e-03  -2.13938746e-03  -1.99470267e-14   4.84511479e-15   1.87261402e-14
  1.26240000e-04  -2.63765995e-03  -2.76308921e-03  -2.02906684e-03  -1.91102655e-14   4.54757854e-15   1.86494679e-14
  1.26320000e-04  -2.58825580e-03  -2.73252199e-03  -1.91996341e-03  -1.82807088e-14   4.27665454e-15   1.85571754e-14
  1.26400000e-04  -2.53588079e-03  -2.70216260e-03  -1.80367714e-03  -1.74128776e-14   4.03746029e-15   1.84329595e-14
  1.26480000e-04  -2.48526258e-03  -2.66954850e-03  -1.71830577e-03  -1.67070115e-14   3.77503193e-15   1.82992342e-14
  1.26560000e-04  -2.43234608e-03  -2.63481757e-03  -1.62116856e-03  -1.59332873e-14   3.55097732e-15   1.81345063e-14
  1.26640000e-04  -2.37754202e-03  -2.59679119e-03  -1.52734885e-03  -1.51714200e-14   3.33944118e-15   1.79388337e-14
  1.26720000e-04  -2.32655226e-03  -2.56076008e-03  -1.44669756e-03  -1.44899153e-14   3.13447294e-15   1.77541683e-14
  1.26800000e-04  -2.27158380e-03  -2.52174150e-03  -1.37011182e-03  -1.38269522e-14   2.93164141e-15   1.75286707e-14
  1.26880000e-04  -2.21805307e-03  -2.48115748e-03  -1.28499812e-03  -1.31177835e-14   2.76951133e-15   1.72952364e-14
  1.26960000e-04  -2.16400714e-03  -2.43897348e-03  -1.20427977e-03  -1.24336625e-14   2.61645197e-15   1.70434462e-14
  1.27040000e-04  -2.10947291e-03  -2.39557190e-03  -1.13051439e-03  -1.17902855e-14   2.46592623e-15   1.67746510e-14
  1.27120000e-04  -2.05617155e-03  -2.35295193e-03  -1.05975403e-03  -1.11708735e-14   2.32892857e-15   1.65032401e-14
  1.27200000e-04  -2.00099297e-03  -2.30559591e-03  -9.87996137e-04  -1.05412812e-14   2.20642765e-15   1.62003661e-14
  1.27280000e-04  -1.94741923e-03  -2.25897662e-03  -9.23110193e-04  -9.95771142e-15   2.08785897e-15   1.58977923e-14
  1.27360000e-04  -1.89318661e-03  -2.21105530e-03  -8.61144723e-04  -9.39403747e-15   1.97591282e-15   1.55790462e-14
  1.27440000e-04  -1.83749267e-03  -2.16216494e-03  -8.02794274e-04  -8.85515954e-15   1.86666211e-15   1.52408403e-14
  1.27520000e-04  -1.78375996e-03  -2.11274471e-03  -7.45644516e-04  -8.32874686e-15   1.77192626e-15   1.49036935e-14
  1.27600000e-04  -1.72844528e-03  -2.05852500e-03  -6.89377814e-04  -7.80491484e-15   1.68475720e-15   1.45381141e-14
  1.27680000e-04  -1.67328072e-03  -2.00742891e-03  -6.42045250e-04  -7.34407823e-15   1.58857340e-15   1.41730763e-14
  1.27760000e-04  -1.61901868e-03  -1.95273565e-03  -5.95169734e-04  -6.88627881e-15   1.50424347e-15   1.37971132e-14
  1.27840000e-04  -1.56665544e-03  -1.89791790e-03  -5.38704640e-04  -6.38212742e-15   1.45780849e-15   1.34244135e-14
  1.27920000e-04  -1.51314554e-03  -1.84130331e-03  -4.94873044e-04  -5.95250723e-15   1.38850087e-15   1.30343704e-14
  1.28000000e-04  -1.45882732e-03  -1.78471812e-03  -4.60744353e-04  -5.58443562e-15   1.30313398e-15   1.26339051e-14
  1.28080000e-04  -1.40554009e-03  -1.72752582e-03  -4.13348273e-04  -5.14846019e-15   1.26210051e-15   1.22319513e-14
  1.28160000e-04  -1.35362309e-03  -1.67042495e-03  -3.75223685e-04  -4.77146081e-15   1.20860573e-15   1.18326068e-14
  1.28240000e-04  -1.30039805e-03  -1.60952036e-03  -3.42166123e-04  -4.42375134e-15   1.14820395e-15   1.14113575e-14
  1.28320000e-04  -1.24902086e-03  -1.54935438e-03  -3.02680802e-04  -4.04819368e-15   1.11496543e-15   1.09977301e-14
  1.28400000e-04  -1.19613099e-03  -1.48601115e-03  -2.67831127e-04  -3.70062238e-15   1.07489567e-15   1.05630820e-14
  1.28480000e-04  -1.14504113e-03  -1.42324282e-03  -2.33787932e-04  -3.36517657e-15   1.04240772e-15   1.01359649e-14
  1.28560000e-04  -1.09040925e-03  -1.35937669e-03  -2.03067206e-04  -3.05330664e-15   1.00279197e-15   9.68241901e-15
  1.28640000e-04  -1.04321772e-03  -1.29331921e-03  -1.71968475e-04  -2.74260898e-15   9.80770109e-16   9.26152003e-15
  1.28720000e-04  -9.91237416e-04  -1.22648097e-03  -1.41429969e-04  -2.44015952e-15   9.56386474e-16   8.80851218e-15
  1.28800000e-04  -9.41394798e-04  -1.15957216e-03  -1.14188427e-04  -2.16211115e-15   9.31615419e-16   8.36446311e-15
  1.28880000e-04  -8.38877204e-04  -1.06723348e-03  -8.73804848e-05  -1.86000662e-15   8.43552031e-16   7.55374827e-15
  1.28960000e-04  -6.74586164e-04  -8.85904084e-04  -5.90416564e-05  -1.44699147e-15   6.91648397e-16   6.15474413e-15
  1.29040000e-04  -5.32337225e-04  -7.32686714e-04  -3.19675488e-05  -1.08743859e-15   5.74082441e-16   4.95069123e-15
  1.29120000e-04  -4.28280303e-04  -6.40496767e-04  -6.46073053e-06  -8.19181971e-16   5.06183807e-16   4.12188846e-15
  1.29200000e-04  -3.69529121e-04  -6.19866062e-04  -1.54118679e-05  -8.35423436e-16   4.05088080e-16   3.73821882e-15
  1.29280000e-04  -3.01524506e-04  -5.83694444e-04  -3.72721550e-05  -9.07595642e-16   2.60646541e-16   3.26046053e-15
  1.29360000e-04  -2.64476524e-04  -5.99567027e-04  -5.87063734e-05  -1.04060396e-15   1.55853830e-16   3.09626520e-15
  1.29440000e-04  -2.37864472e-04  -6.33745606e-04  -7.98050114e-05  -1.19314114e-15   6.49742496e-17   3.04026949e-15
  1.29520000e-04  -2.46126824e-04  -7.01154047e-04  -1.00954981e-04  -1.38365855e-15   1.47641330e-17   3.27080001e-15
  1.29600000e-04  -2.80039684e-04  -7.69690472e-04  -1.22778307e-04  -1.57684106e-15  -8.55264882e-18   3.65016406e-15
  1.29680000e-04  -3.14750946e-04  -8.40711953e-04  -1.44719265e-04  -1.77065308e-15  -3.28788409e-17   4.04200758e-15
  1.29760000e-04  -3.49758809e-04  -9.13479074e-04  -1.66461919e-04  -1.96204675e-15  -5.81596522e-17   4.44168109e-15
  1.29840000e-04  -3.85026694e-04  -9.87857306e-04  -1.88296185e-04  -2.15209094e-15  -8.54318226e-17   4.84878072e-15
  1.29920000e-04  -4.19415706e-04  -1.06216789e-03  -2.10621168e-04  -2.34079635e-15  -1.17229505e-16   5.25248332e-15
  1.30000000e-04  -4.54440348e-04  -1.13888417e-03  -2.32745692e-04  -2.52654806e-15  -1.50220810e-16   5.66820152e-15
  1.30080000e-04  -4.89498018e-04  -1.21707348e-03  -2.55809649e-04  -2.71428055e-15  -1.88398199e-16   6.09019015e-15
  1.30160000e-04  -5.24829155e-04  -1.29715345e-03  -2.78969269e-04  -2.89916852e-15  -2.29442944e-16   6.52111568e-15
  1.30240000e-04  -5.60536245e-04  -1.37917249e-03  -3.02617902e-04  -3.08292420e-15  -2.74584132e-16   6.96188039e-15
  1.30320000e-04  -5.96804125e-04  -1.46359940e-03  -3.26930997e-04  -3.26641386e-15  -3.24394960e-16   7.41500059e-15
  1.30400000e-04  -6.33281289e-04  -1.55013952e-03  -3.50903583e-04  -3.44300115e-15  -3.76738888e-16   7.87790772e-15
  1.30480000e-04  -6.69736051e-04  -1.63795734e-03  -3.76782564e-04  -3.62391484e-15  -4.38344255e-16   8.34713679e-15
  1.30560000e-04  -7.07238231e-04  -1.72918299e-03  -4.02334569e-04  -3.79781906e-15  -5.02323664e-16   8.83486691e-15
  1.30640000e-04  -7.44363626e-04  -1.82234342e-03  -4.28751213e-04  -3.96927056e-15  -5.73607123e-16   9.32916263e-15
  1.30720000e-04  -7.82165494e-04  -1.91764984e-03  -4.56731433e-04  -4.14158562e-15  -6.53584804e-16   9.83674832e-15
  1.30800000e-04  -8.21199215e-04  -2.01552411e-03  -4.85033587e-04  -4.30723833e-15  -7.38708146e-16   1.03621377e-14
  1.30880000e-04  -8.60620704e-04  -2.11690593e-03  -5.13465432e-04  -4.46485626e-15  -8.29513329e-16   1.09034593e-14
  1.30960000e-04  -9.00024100e-04  -2.22196320e-03  -5.43832025e-04  -4.62356576e-15  -9.31852480e-16   1.14591680e-14
  1.31040000e-04  -9.40996309e-04  -2.33045209e-03  -5.73109971e-04  -4.76494121e-15  -1.03633579e-15   1.20376949e-14
  1.31120000e-04  -9.82539448e-04  -2.44207458e-03  -6.05221048e-04  -4.90953288e-15  -1.15549897e-15   1.26327801e-14
  1.31200000e-04  -1.02529239e-03  -2.55801063e-03  -6.38237108e-04  -5.04580526e-15  -1.28391570e-15   1.32516516e-14
  1.31280000e-04  -1.06898288e-03  -2.67839014e-03  -6.72920129e-04  -5.17641105e-15  -1.42460440e-15   1.38933891e-14
  1.31360000e-04  -1.11318150e-03  -2.80196743e-03  -7.10263833e-04  -5.30455552e-15  -1.58135741e-15   1.45521207e-14
  1.31440000e-04  -1.15869053e-03  -2.93069904e-03  -7.47738222e-04  -5.41523997e-15  -1.74692235e-15   1.52383422e-14
  1.31520000e-04  -1.20623662e-03  -3.06465109e-03  -7.87380596e-04  -5.51766776e-15  -1.92784641e-15   1.59564378e-14
  1.31600000e-04  -1.25489941e-03  -3.20440625e-03  -8.27879436e-04  -5.60233069e-15  -2.12140225e-15   1.67031521e-14
  1.31680000e-04  -1.30521172e-03  -3.34966718e-03  -8.70456201e-04  -5.67333203e-15  -2.33194871e-15   1.74806630e-14
  1.31760000e-04  -1.35716175e-03  -3.50201144e-03  -9.14647379e-04  -5.72557046e-15  -2.55904615e-15   1.82937540e-14
  1.31840000e-04  -1.41101184e-03  -3.66154249e-03  -9.61032945e-04  -5.75893171e-15  -2.80546892e-15   1.91442599e-14
  1.31920000e-04  -1.46794582e-03  -3.82995855e-03  -1.00999172e-03  -5.77190700e-15  -3.07349861e-15   2.00439456e-14
  1.32000000e-04  -1.52663874e-03  -4.00596075e-03  -1.06095858e-03  -5.75707579e-15  -3.36281563e-15   2.09812925e-14
  1.32080000e-04  -1.58796759e-03  -4.19051819e-03  -1.11431141e-03  -5.71205649e-15  -3.67592213e-15   2.19638594e-14
  1.32160000e-04  -1.65380256e-03  -4.39024063e-03  -1.16420711e-03  -5.59839443e-15  -3.99617277e-15   2.30223633e-14
  1.32240000e-04  -1.72196030e-03  -4.59968631e-03  -1.22139927e-03  -5.46968033e-15  -4.35903000e-15   2.41270351e-14
  1.32320000e-04  -1.79438143e-03  -4.82187844e-03  -1.28185450e-03  -5.29615616e-15  -4.75416520e-15   2.52972011e-14
  1.32400000e-04  -1.87050832e-03  -5.05889237e-03  -1.34454190e-03  -5.06341596e-15  -5.18030585e-15   2.65352619e-14
  1.32480000e-04  -1.95142699e-03  -5.31270977e-03  -1.40954471e-03  -4.76175961e-15  -5.64050125e-15   2.78519524e-14
  1.32560000e-04  -2.04007037e-03  -5.58703670e-03  -1.47341137e-03  -4.35942000e-15  -6.12802702e-15   2.92729079e-14
  1.32640000e-04  -2.13287530e-03  -5.87971812e-03  -1.54068721e-03  -3.86957732e-15  -6.65860527e-15   3.07681194e-14
  1.32720000e-04  -2.23294284e-03  -6.19574545e-03  -1.60901540e-03  -3.26223268e-15  -7.22993004e-15   3.23671143e-14
  1.32800000e-04  -2.34107102e-03  -6.53916141e-03  -1.67819060e-03  -2.51592247e-15  -7.84600029e-15   3.40820736e-14
  1.32880000e-04  -2.45886583e-03  -6.91412027e-03  -1.74690324e-03  -1.59939947e-15  -8.50870711e-15   3.59281107e-14
  1.32960000e-04  -2.58811398e-03  -7.32569975e-03  -1.81542724e-03  -4.84497355e-16  -9.22649156e-15   3.79218951e-14
  1.33040000e-04  -2.73249647e-03  -7.78676282e-03  -1.86149144e-03   9.92038471e-16  -9.93698914e-15   4.01109746e-14
  1.33120000e-04  -2.88790419e-03  -8.28664135e-03  -1.91077331e-03   2.71352939e-15  -1.07272346e-14   4.24206958e-14
  1.33200000e-04  -3.06273474e-03  -8.84594136e-03  -1.94942671e-03   4.82192746e-15  -1.15731115e-14   4.49397665e-14
  1.33280000e-04  -3.26357292e-03  -9.49086495e-03  -1.94161914e-03   7.59873232e-15  -1.23822773e-14   4.77537035e-14
  1.33360000e-04  -3.48175894e-03  -1.01927627e-02  -1.91771267e-03   1.08949016e-14  -1.32555240e-14   5.06733832e-14
  1.33440000e-04  -3.73157406e-03  -1.09994353e-02  -1.84860635e-03   1.50183621e-14  -1.41479309e-14   5.38660493e-14
  1.33520000e-04  -4.01927510e-03  -1.19281019e-02  -1.66076642e-03   2.04675230e-14  -1.48769650e-14   5.73165184e-14
  1.33600000e-04  -4.34433309e-03  -1.29724625e-02  -1.39513499e-03   2.71140172e-14  -1.56268102e-14   6.08728817e-14
  1.33680000e-04  -3.20141282e-03  -9.57875914e-03  -9.05700136e-04   2.26084842e-14  -1.16989904e-14   4.38144136e-14
  1.33760000e-04  -7.04013098e-04  -2.09783680e-03  -2.21826021e-04   5.05545806e-15  -2.69887148e-15   9.47897464e-15
  1.33840000e-04   2.36986639e-03   7.28799064e-03  -8.26387636e-04  -2.50284953e-14   4.42030781e-15  -3.27921507e-14
  1.33920000e-04   5.84240677e-03   1.81431629e-02  -2.23958866e-03  -5.97322235e-14   8.85834621e-15  -8.40607618e-14
  1.34000000e-04   6.59501695e-03   2.03759290e-02  -3.83250232e-03  -6.68632136e-14   2.95172968e-15  -9.93658349e-14
  1.34080000e-04   7.27284001e-03   2.26461600e-02  -5.95447173e-03  -7.39106699e-14  -6.72230914e-15  -1.15841505e-13
  1.34160000e-04   7.82900302e-03   2.45789432e-02  -9.47272242e-03  -8.35954461e-14  -2.42309829e-14  -1.31962164e-13
  1.34240000e-04   8.56383480e-03   2.71084200e-02  -1.33266250e-02  -9.07658862e-14  -4.63389485e-14  -1.52587751e-13
  1.34320000e-04   9.31884304e-03   2.97878863e-02  -1.84910694e-02  -9.65261204e-14  -7.85306556e-14  -1.75153418e-13
  1.34400000e-04   1.00240237e-02   3.23805249e-02  -2.51041767e-02  -9.71404399e-14  -1.23082130e-13  -1.97544899e-13
  1.34480000e-04   1.06680073e-02   3.48616563e-02  -3.25620552e-02  -8.39696739e-14  -1.77764909e-13  -2.17829256e-13
  1.34560000e-04   1.21862293e-02   4.03882307e-02  -4.24386429e-02  -4.78147972e-14  -2.50859655e-13  -2.52469424e-13
  1.34640000e-04   1.66695216e-02   5.59114529e-02  -6.01529245e-02   4.92319755e-14  -3.73013545e-13  -3.33068691e-13
  1.34720000e-04   2.28556319e-02   7.78583114e-02  -6.87824277e-02   2.98362923e-13  -4.26954841e-13  -3.84149130e-13
  1.34800000e-04   5.82105301e-03   2.02263739e-02  -6.54542955e-02   1.81024422e-13  -2.79663431e-13  -7.03211964e-14
  1.34880000e-04  -1.36795753e-02  -4.72886585e-02  -3.17315067e-02  -1.71469327e-13  -6.04798455e-14   1.64052668e-13
  1.34960000e-04  -1.41118559e-02  -4.96667858e-02  -3.67839382e-02  -1.26365233e-13  -1.11857142e-13   1.99511880e-13
  1.35040000e-04  -1.06216362e-02  -3.78903265e-02  -3.26828966e-02  -4.84861879e-14  -1.23678728e-13   1.59142260e-13
  1.35120000e-04  -8.54847190e-03  -3.09131822e-02  -2.82374184e-02  -7.65946789e-15  -1.16134897e-13   1.29458575e-13
  1.35200000e-04  -7.18629921e-03  -2.63698857e-02  -2.39808768e-02   1.35585278e-14  -1.01445704e-13   1.07488812e-13
  1.35280000e-04  -6.24583870e-03  -2.32432039e-02  -2.05939220e-02   2.53435499e-14  -8.76978798e-14   9.12933428e-14
  1.35360000e-04  -5.41955890e-03  -2.04730695e-02  -1.73855226e-02   3.09285962e-14  -7.36001322e-14   7.70296817e-14
  1.35440000e-04  -5.03944430e-03  -1.93067102e-02  -1.52488371e-02   3.35644146e-14  -6.36031533e-14   6.94362228e-14
  1.35520000e-04  -4.57560636e-03  -1.77768652e-02  -1.32488038e-02   3.45728250e-14  -5.44138513e-14   6.10708765e-14
  1.35600000e-04  -4.19625924e-03  -1.65314369e-02  -1.15746706e-02   3.44376984e-14  -4.67299546e-14   5.42567306e-14
  1.35680000e-04  -3.80959490e-03  -1.52370155e-02  -1.00957494e-02   3.35362445e-14  -4.00780060e-14   4.78329714e-14
  1.35760000e-04  -3.52667893e-03  -1.42757832e-02  -8.85861094e-03   3.21467497e-14  -3.45455724e-14   4.28728433e-14
  1.35840000e-04  -3.26668515e-03  -1.34073657e-02  -7.80600411e-03   3.06055788e-14  -2.99346334e-14   3.86069213e-14
  1.35920000e-04  -3.03099910e-03  -1.26118780e-02  -6.90429797e-03   2.90049990e-14  -2.60646538e-14   3.48782900e-14
  1.36000000e-04  -2.81606785e-03  -1.18784832e-02  -6.12888110e-03   2.74092170e-14  -2.28039788e-14   3.16029075e-14
  1.36080000e-04  -2.62250174e-03  -1.11981978e-02  -5.46025080e-03   2.58603743e-14  -2.00469624e-14   2.86929993e-14
  1.36160000e-04  -2.44199364e-03  -1.05689171e-02  -4.88033027e-03   2.43723577e-14  -1.77019457e-14   2.61402912e-14
  1.36240000e-04  -2.27606755e-03  -9.98408318e-03  -4.37577363e-03   2.29591819e-14  -1.56983882e-14   2.38763183e-14
  1.36320000e-04  -2.12322644e-03  -9.43953379e-03  -3.93498038e-03   2.16249265e-14  -1.39778268e-14   2.18627653e-14
  1.36400000e-04  -1.98494548e-03  -8.93102908e-03  -3.54912652e-03   2.03739486e-14  -1.24959553e-14   2.00501623e-14
  1.36480000e-04  -1.85490244e-03  -8.45720800e-03  -3.20879564e-03   1.91965666e-14  -1.12084766e-14   1.84445089e-14
  1.36560000e-04  -1.73564661e-03  -8.01176242e-03  -2.90895949e-03   1.80974025e-14  -1.00899117e-14   1.69913950e-14
  1.36640000e-04  -1.62373032e-03  -7.59552793e-03  -2.64306869e-03   1.70678773e-14  -9.11040159e-15   1.56956495e-14
  1.36720000e-04  -1.51986791e-03  -7.20409729e-03  -2.40657455e-03   1.61034471e-14  -8.24940629e-15   1.45245502e-14
  1.36800000e-04  -1.42317036e-03  -6.83410492e-03  -2.19568624e-03   1.51997352e-14  -7.48979709e-15   1.34601411e-14
  1.36880000e-04  -1.33214457e-03  -6.48586314e-03  -2.00623170e-03   1.43485092e-14  -6.81398020e-15   1.25011754e-14
  1.36960000e-04  -1.25032898e-03  -6.16329900e-03  -1.82554568e-03   1.34937448e-14  -6.18232654e-15   1.16304440e-14
  1.37040000e-04  -1.16978095e-03  -5.84679721e-03  -1.67314765e-03   1.27436822e-14  -5.64767592e-15   1.08260016e-14
  1.37120000e-04  -1.09403281e-03  -5.54592568e-03  -1.53503913e-03   1.20336458e-14  -5.16654894e-15   1.00897058e-14
  1.37200000e-04  -1.02307724e-03  -5.25864542e-03  -1.41031690e-03   1.13645294e-14  -4.73456318e-15   9.40965646e-15
  1.37280000e-04  -9.55739840e-04  -4.98484393e-03  -1.29628403e-03   1.07271368e-14  -4.34170352e-15   8.78693415e-15
  1.37360000e-04  -8.92391385e-04  -4.72224023e-03  -1.19234880e-03   1.01217415e-14  -3.98535721e-15   8.20838600e-15
  1.37440000e-04  -8.32047525e-04  -4.47062111e-03  -1.09695249e-03   9.54378793e-15  -3.65944654e-15   7.67500319e-15
  1.37520000e-04  -7.74346022e-04  -4.22885364e-03  -1.00961680e-03   8.99355133e-15  -3.36151530e-15   7.18216606e-15
  1.37600000e-04  -7.18933096e-04  -3.99575794e-03  -9.30665849e-04   8.47522081e-15  -3.09137314e-15   6.72557401e-15
  1.37680000e-04  -6.66973194e-04  -3.76907104e-03  -8.57739088e-04   7.97635069e-15  -2.84292986e-15   6.29001590e-15
  1.37760000e-04  -6.16044438e-04  -3.54986010e-03  -7.90944376e-04   7.50079360e-15  -2.61392426e-15   5.88947013e-15
  1.37840000e-04  -5.67997170e-04  -3.33678485e-03  -7.28255112e-04   7.03795893e-15  -2.40007137e-15   5.50765926e-15
  1.37920000e-04  -5.21407230e-04  -3.13010616e-03  -6.69694795e-04   6.59004525e-15  -2.19992932e-15   5.15147363e-15
  1.38000000e-04  -4.76606066e-04  -2.92770092e-03  -6.15545444e-04   6.15839713e-15  -2.01419777e-15   4.81173123e-15
  1.38080000e-04  -4.33697504e-04  -2.73158087e-03  -5.62205173e-04   5.72557126e-15  -1.83348803e-15   4.49151840e-15
  1.38160000e-04  -3.91750025e-04  -2.53768522e-03  -5.14152888e-04   5.31483276e-15  -1.66825637e-15   4.18440452e-15
  1.38240000e-04  -3.50873310e-04  -2.34759590e-03  -4.68478253e-04   4.91201471e-15  -1.51092091e-15   3.89246858e-15
  1.38320000e-04  -3.11271199e-04  -2.16001577e-03  -4.25497311e-04   4.51867567e-15  -1.36230776e-15   3.61006429e-15
  1.38400000e-04  -2.72362051e-04  -1.97461697e-03  -3.87056028e-04   4.14603263e-15  -1.22630322e-15   3.33868252e-15
  1.38480000e-04  -2.34774690e-04  -1.79346563e-03  -3.48017751e-04   3.76727721e-15  -1.09059250e-15   3.07880510e-15
  1.38560000e-04  -1.98084845e-04  -1.61419597e-03  -3.09048933e-04   3.38470011e-15  -9.56421707e-16   2.82607114e-15
  1.38640000e-04  -1.62132270e-04  -1.43514081e-03  -2.72897767e-04   3.01314751e-15  -8.30321972e-16   2.57642454e-15
  1.38720000e-04  -1.26814699e-04  -1.25790037e-03  -2.38060971e-04   2.64614126e-15  -7.08400582e-16   2.33355237e-15
  1.38800000e-04  -9.18937273e-05  -1.08203719e-03  -2.04162368e-04   2.28165848e-15  -5.89433375e-16   2.09695220e-15
  1.38880000e-04  -5.72605182e-05  -9.06211116e-04  -1.70900279e-04   1.91712075e-15  -4.72517665e-16   1.86322360e-15
  1.38960000e-04  -3.90963482e-05  -7.42916062e-04  -1.39468538e-04   1.57277561e-15  -3.77165237e-16   1.56818401e-15
  1.39040000e-04  -4.34263432e-05  -6.48878364e-04  -1.07685205e-04   1.29541755e-15  -3.04531612e-16   1.31261047e-15
  1.39120000e-04  -7.82829235e-05  -7.10827075e-04  -7.70667774e-05   1.18569783e-15  -2.66863245e-16   1.25701023e-15
  1.39200000e-04  -1.15622737e-04  -8.06649724e-04  -4.50659432e-05   1.10362213e-15  -2.29039866e-16   1.26816679e-15
  1.39280000e-04  -1.69079195e-04  -9.63457772e-04  -1.39309955e-05   1.09151230e-15  -2.10805603e-16   1.33158299e-15
  1.39360000e-04  -2.17273044e-04  -1.08724630e-03  -2.22110164e-05   1.27435991e-15  -2.82141817e-16   1.34498973e-15
  1.39440000e-04  -2.99391941e-04  -1.42968069e-03  -6.30667656e-05   1.87957896e-15  -4.67755966e-16   1.68093095e-15
  1.39520000e-04  -3.98074716e-04  -1.84678045e-03  -1.05675350e-04   2.58079266e-15  -6.75893345e-16   2.09015924e-15
  1.39600000e-04  -5.08572432e-04  -2.36291043e-03  -1.48868711e-04   3.40180018e-15  -8.99248615e-16   2.65188120e-15
  1.39680000e-04  -6.35588605e-04  -2.95060741e-03  -1.93892247e-04   4.32667018e-15  -1.14655420e-15   3.26495289e-15
  1.39760000e-04  -7.07430477e-04  -3.32009145e-03  -2.40326718e-04   5.03988525e-15  -1.33874997e-15   3.65920162e-15
  1.39840000e-04  -7.49734805e-04  -3.58709358e-03  -2.91304728e-04   5.67917056e-15  -1.50904992e-15   3.96571476e-15
  1.39920000e-04  -7.96216734e-04  -3.86274547e-03  -3.43381840e-04   6.34669229e-15  -1.68583435e-15   4.24776796e-15
  1.40000000e-04  -8.38601842e-04  -4.14377688e-03  -4.01311105e-04   7.06759055e-15  -1.87027346e-15   4.54286321e-15
  1.40080000e-04  -8.83148146e-04  -4.43333621e-03  -4.57340742e-04   7.80167615e-15  -2.05119292e-15   4.81827183e-15
  1.40160000e-04  -9.28300957e-04  -4.72679124e-03  -5.18211643e-04   8.58375664e-15  -2.24157518e-15   5.06964371e-15
  1.40240000e-04  -9.74012147e-04  -5.03017654e-03  -5.85147180e-04   9.42925488e-15  -2.44309471e-15   5.30633826e-15
  1.40320000e-04  -1.02106053e-03  -5.34027767e-03  -6.58475886e-04   1.03373835e-14  -2.65614577e-15   5.51191288e-15
  1.40400000e-04  -1.07091148e-03  -5.66141614e-03  -7.32197715e-04   1.12789865e-14  -2.86840785e-15   5.68214610e-15
  1.40480000e-04  -1.12093773e-03  -5.98874612e-03  -8.14345715e-04   1.22962181e-14  -3.09247529e-15   5.81663838e-15
  1.40560000e-04  -1.17006955e-03  -6.32922921e-03  -9.05421284e-04   1.34014909e-14  -3.32578547e-15   5.92981648e-15
  1.40640000e-04  -1.22213805e-03  -6.68126362e-03  -9.93857853e-04   1.45253197e-14  -3.54780819e-15   5.98867923e-15
  1.40720000e-04  -1.27578824e-03  -7.04228747e-03  -1.09557652e-03   1.57582860e-14  -3.78639807e-15   5.98832455e-15
  1.40800000e-04  -1.33079993e-03  -7.41533898e-03  -1.19974099e-03   1.70402256e-14  -4.01721459e-15   5.92784357e-15
  1.40880000e-04  -1.38735725e-03  -7.79940276e-03  -1.31468786e-03   1.84182704e-14  -4.25298766e-15   5.79456390e-15
  1.40960000e-04  -1.44575341e-03  -8.19552706e-03  -1.43449257e-03   1.98574568e-14  -4.47948100e-15   5.57878235e-15
  1.41040000e-04  -1.50825356e-03  -8.60376251e-03  -1.57370165e-03   2.14425106e-14  -4.72002109e-15   5.25461584e-15
  1.41120000e-04  -1.57087848e-03  -9.02879775e-03  -1.70546117e-03   2.30167331e-14  -4.91934023e-15   4.84281753e-15
  1.41200000e-04  -1.63739266e-03  -9.46383635e-03  -1.86064565e-03   2.47511726e-14  -5.12689098e-15   4.29564261e-15
  1.41280000e-04  -1.70554168e-03  -9.91609027e-03  -2.02472888e-03   2.65637455e-14  -5.30855910e-15   3.62249785e-15
  1.41360000e-04  -1.77792198e-03  -1.03862503e-02  -2.18983183e-03   2.84010913e-14  -5.45057268e-15   2.79294867e-15
  1.41440000e-04  -1.85329773e-03  -1.08694778e-02  -2.37031592e-03   3.03336856e-14  -5.56289687e-15   1.79234911e-15
  1.41520000e-04  -1.93305012e-03  -1.13672628e-02  -2.56954902e-03   3.23730057e-14  -5.63954425e-15   5.94477517e-16
  1.41600000e-04  -2.01733900e-03  -1.18829876e-02  -2.77683094e-03   3.44454441e-14  -5.65760389e-15  -8.13481682e-16
  1.41680000e-04  -2.10729798e-03  -1.24207304e-02  -2.98384127e-03   3.64892709e-14  -5.60091387e-15  -2.45533353e-15
  1.41760000e-04  -2.20194647e-03  -1.29742573e-02  -3.21592369e-03   3.86296490e-14  -5.47755254e-15  -4.35123606e-15
  1.41840000e-04  -2.30162539e-03  -1.35478793e-02  -3.45994239e-03   4.07682667e-14  -5.26060455e-15  -6.52127685e-15
  1.41920000e-04  -2.40918815e-03  -1.41431534e-02  -3.71583848e-03   4.28771882e-14  -4.93853661e-15  -9.00274149e-15
  1.42000000e-04  -2.52253491e-03  -1.47529235e-02  -3.98445682e-03   4.49170912e-14  -4.49249383e-15  -1.18027412e-14
  1.42080000e-04  -2.65008934e-03  -1.53856785e-02  -4.26233786e-03   4.68371620e-14  -3.91531787e-15  -1.49877471e-14
  1.42160000e-04  -2.77963758e-03  -1.60445706e-02  -4.55754839e-03   4.86445772e-14  -3.17298103e-15  -1.84979224e-14
  1.42240000e-04  -2.92011287e-03  -1.67313888e-02  -4.84920341e-03   5.01566739e-14  -2.26075866e-15  -2.24031676e-14
  1.42320000e-04  -3.07159400e-03  -1.74317726e-02  -5.15787090e-03   5.14223343e-14  -1.16009899e-15  -2.67020936e-14
  1.42400000e-04  -3.23556377e-03  -1.81543210e-02  -5.48611882e-03   5.23991889e-14   1.52073997e-16  -3.14068512e-14
  1.42480000e-04  -3.41101384e-03  -1.89104082e-02  -5.81070289e-03   5.28742855e-14   1.68133410e-15  -3.65101500e-14
  1.42560000e-04  -3.60319072e-03  -1.96933153e-02  -6.12900734e-03   5.27369335e-14   3.42842859e-15  -4.20195866e-14
  1.42640000e-04  -3.80896342e-03  -2.05010721e-02  -6.45053460e-03   5.19509788e-14   5.41213560e-15  -4.78772659e-14
  1.42720000e-04  -4.03444139e-03  -2.13377197e-02  -6.75792220e-03   5.03104467e-14   7.61304913e-15  -5.40727825e-14
  1.42800000e-04  -4.27158180e-03  -2.22056703e-02  -7.05324036e-03   4.77262165e-14   1.00294485e-14  -6.04795871e-14
  1.42880000e-04  -4.53130464e-03  -2.31022913e-02  -7.34476319e-03   4.41427538e-14   1.26645300e-14  -6.70687284e-14
  1.42960000e-04  -4.80993208e-03  -2.40299434e-02  -7.59945871e-03   3.92549927e-14   1.54488110e-14  -7.36957624e-14
  1.43040000e-04  -5.10474741e-03  -2.49885967e-02  -7.84222630e-03   3.31212940e-14   1.84002363e-14  -8.01904840e-14
  1.43120000e-04  -5.42452429e-03  -2.59785933e-02  -8.02399686e-03   2.53665507e-14   2.13932765e-14  -8.64118857e-14
  1.43200000e-04  -5.76325733e-03  -2.70098168e-02  -8.15456833e-03   1.59849659e-14   2.43987644e-14  -9.21117584e-14
  1.43280000e-04  -6.12342129e-03  -2.80694785e-02  -8.22677534e-03   4.92454793e-15   2.73581385e-14  -9.70105210e-14
  1.43360000e-04  -6.51013277e-03  -2.91585454e-02  -8.24685200e-03  -7.75746332e-15   3.02498311e-14  -1.00831076e-13
  1.43440000e-04  -6.90369379e-03  -3.02876886e-02  -8.17562087e-03  -2.22272123e-14   3.29111671e-14  -1.03154650e-13
  1.43520000e-04  -7.32251537e-03  -3.14559456e-02  -8.01681292e-03  -3.83189481e-14   3.53491951e-14  -1.03700969e-13
  1.43600000e-04  -7.75013088e-03  -3.26600562e-02  -7.77134368e-03  -5.58030776e-14   3.75100923e-14  -1.01990158e-13
  1.43680000e-04  -8.19430215e-03  -3.38978128e-02  -7.39501977e-03  -7.45867106e-14   3.93336923e-14  -9.76522201e-14
  1.43760000e-04  -8.64040580e-03  -3.51521417e-02  -6.93307730e-03  -9.39488890e-14   4.08844769e-14  -9.02081961e-14
  1.43840000e-04  -9.08671263e-03  -3.64433429e-02  -6.36374227e-03  -1.13539447e-13   4.21612973e-14  -7.93241251e-14
  1.43920000e-04  -9.52091558e-03  -3.77853109e-02  -5.68073551e-03  -1.32802825e-13   4.31824085e-14  -6.46494189e-14
  1.44000000e-04  -9.94809753e-03  -3.91519445e-02  -4.83607826e-03  -1.51088211e-13   4.40695610e-14  -4.59812135e-14
  1.44080000e-04  -1.03519356e-02  -4.05344748e-02  -3.92991586e-03  -1.67010963e-13   4.49000994e-14  -2.31850308e-14
  1.44160000e-04  -1.07299259e-02  -4.19338369e-02  -2.94195669e-03  -1.79713913e-13   4.57304756e-14   3.62434683e-15
  1.44240000e-04  -1.10632881e-02  -4.33654562e-02  -1.88574985e-03  -1.88184131e-13   4.65209815e-14   3.42206949e-14
  1.44320000e-04  -7.42773557e-03  -2.93462949e-02  -7.88319727e-04  -1.24731192e-13   3.04247921e-14   4.26418226e-14
  1.44400000e-04   4.53221611e-04   1.13373362e-03  -2.55173708e-04   5.83637200e-15  -2.61657446e-15  -1.25925394e-15
  1.44480000e-04   7.42837673e-03   2.98344993e-02  -1.09093027e-03   1.34601901e-13  -3.50528072e-14  -4.20827318e-14
  1.44560000e-04   7.62155468e-03   3.08268006e-02  -2.03658244e-03   1.46766426e-13  -3.80849172e-14  -2.72259079e-14
  1.44640000e-04   7.83313002e-03   3.18188795e-02  -3.05250666e-03   1.57919102e-13  -3.98211831e-14  -9.84914120e-15
  1.44720000e-04   8.07093453e-03   3.27996143e-02  -4.14829715e-03   1.67616219e-13  -3.99740573e-14   1.00489101e-14
  1.44800000e-04   8.33820114e-03   3.37663900e-02  -5.33637530e-03   1.75420746e-13  -3.82091060e-14   3.23271650e-14
  1.44880000e-04   8.64407077e-03   3.47153782e-02  -6.55980528e-03   1.80536142e-13  -3.42295437e-14   5.67510179e-14
  1.44960000e-04   8.98801091e-03   3.56399482e-02  -7.81060953e-03   1.82334154e-13  -2.78157855e-14   8.28959909e-14
  1.45040000e-04   9.37475661e-03   3.65301714e-02  -9.09147697e-03   1.80228787e-13  -1.88290805e-14   1.10187979e-13
  1.45120000e-04   9.80461760e-03   3.74078412e-02  -1.03169793e-02   1.73355031e-13  -7.39777007e-15   1.37922655e-13
  1.45200000e-04   1.02871229e-02   3.82700626e-02  -1.14621371e-02   1.61096619e-13   6.19716718e-15   1.65273428e-13
  1.45280000e-04   1.08136125e-02   3.91025465e-02  -1.25427476e-02   1.43159676e-13   2.17081292e-14   1.91099787e-13
  1.45360000e-04   1.14024890e-02   3.99590362e-02  -1.33990636e-02   1.18735635e-13   3.80514715e-14   2.14521103e-13
  1.45440000e-04   1.20272701e-02   4.07867063e-02  -1.41074039e-02   8.82094356e-14   5.49066723e-14   2.33946730e-13
  1.45520000e-04   1.26986572e-02   4.16358987e-02  -1.45589024e-02   5.15984038e-14   7.11022088e-14   2.48345287e-13
  1.45600000e-04   1.33964736e-02   4.24996658e-02  -1.47828802e-02   9.82810129e-15   8.60642109e-14   2.56334492e-13
  1.45680000e-04   1.41337037e-02   4.33780926e-02  -1.46461123e-02  -3.64042015e-14   9.85710633e-14   2.56812077e-13
  1.45760000e-04   1.48846582e-02   4.42936104e-02  -1.41187708e-02  -8.55577556e-14   1.08059129e-13   2.48805726e-13
  1.45840000e-04   1.56098633e-02   4.51806234e-02  -1.33142949e-02  -1.35031483e-13   1.14789542e-13   2.31213154e-13
  1.45920000e-04   1.63196895e-02   4.60706656e-02  -1.21148343e-02  -1.82951008e-13   1.18441732e-13   2.03963646e-13
  1.46000000e-04   1.69592222e-02   4.69536853e-02  -1.06158847e-02  -2.26569918e-13   1.19615302e-13   1.67101446e-13
  1.46080000e-04   1.75249405e-02   4.77509431e-02  -8.79856338e-03  -2.63049512e-13   1.18878935e-13   1.21230498e-13
  1.46160000e-04   1.79726070e-02   4.85338411e-02  -6.78778946e-03  -2.90314595e-13   1.16995351e-13   6.78458994e-14
  1.46240000e-04   1.82902684e-02   4.92067340e-02  -4.61299884e-03  -3.05898435e-13   1.14528507e-13   8.80322528e-15
  1.46320000e-04   1.84651094e-02   4.97896856e-02  -2.37471242e-03  -3.08494398e-13   1.11864322e-13  -5.33510461e-14
  1.46400000e-04  -2.91122997e-03  -9.21507732e-03  -1.15457429e-04   5.60860489e-14  -1.79205709e-14   1.61103520e-14
  1.46480000e-04  -2.81203010e-02  -7.70303581e-02  -2.81729238e-03   4.84990410e-13  -1.78702486e-13   4.52349852e-14
  1.46560000e-04  -2.82710114e-02  -7.72502678e-02  -5.94645280e-03   4.83501431e-13  -1.68727980e-13  -1.06751514e-13
  1.46640000e-04  -2.86106691e-02  -7.72718871e-02  -8.88741523e-03   4.42424261e-13  -1.34896552e-13  -2.51405267e-13
  1.46720000e-04  -2.91112116e-02  -7.71135309e-02  -1.13664421e-02   3.63600037e-13  -8.19898278e-14  -3.74990913e-13
  1.46800000e-04  -2.97630653e-02  -7.67703831e-02  -1.31982732e-02   2.52507407e-13  -1.78869149e-14  -4.65379757e-13
  1.46880000e-04  -3.04934322e-02  -7.63373882e-02  -1.42162823e-02   1.18487802e-13   4.84085878e-14  -5.14092556e-13
  1.46960000e-04  -3.12496841e-02  -7.58127523e-02  -1.43228459e-02  -2.63379753e-14   1.08434111e-13  -5.16491974e-13
  1.47040000e-04  -3.19822106e-02  -7.53587278e-02  -1.34215493e-02  -1.68299315e-13   1.55784420e-13  -4.73651099e-13
  1.47120000e-04  -3.25758020e-02  -7.48677662e-02  -1.17398595e-02  -2.93031749e-13   1.88576845e-13  -3.89492136e-13
  1.47200000e-04  -3.29752143e-02  -7.43757373e-02  -9.36553764e-03  -3.88342021e-13   2.06545417e-13  -2.72948167e-13
  1.47280000e-04  -3.31263141e-02  -7.38581394e-02  -6.54038934e-03  -4.45249561e-13   2.11705514e-13  -1.35572751e-13
  1.47360000e-04  -3.29922081e-02  -7.32897745e-02  -3.54953298e-03  -4.59394610e-13   2.06344372e-13   9.44068434e-15
  1.47440000e-04  -1.23000700e-02  -2.74714803e-02  -6.12719841e-04  -1.66381685e-13   7.34651375e-14   4.62042960e-14
  1.47520000e-04   1.86280758e-02   4.17875567e-02  -1.67248116e-03   2.49879249e-13  -1.13922997e-13  -6.32557772e-14
  1.47600000e-04   2.06121875e-02   4.64277250e-02  -3.74744799e-03   2.82937191e-13  -1.26748321e-13  -1.40580349e-14
  1.47680000e-04   2.02744429e-02   4.56066466e-02  -5.78620050e-03   2.75417858e-13  -1.17292535e-13   4.05489626e-14
  1.47760000e-04   1.99732411e-02   4.46501180e-02  -7.70005134e-03   2.60310691e-13  -1.00896737e-13   9.01548532e-14
  1.47840000e-04   1.97086470e-02   4.36115455e-02  -9.45050310e-03   2.38833568e-13  -7.90657670e-14   1.33210494e-13
  1.47920000e-04   1.94662223e-02   4.24524664e-02  -1.09235379e-02   2.11796698e-13  -5.37782963e-14   1.68430805e-13
  1.48000000e-04   1.92529598e-02   4.12727665e-02  -1.21405322e-02   1.80819284e-13  -2.68449559e-14   1.95489025e-13
  1.48080000e-04   1.90634242e-02   4.00688296e-02  -1.30528841e-02   1.47020960e-13  -1.64016876e-16   2.14217099e-13
  1.48160000e-04   1.88691648e-02   3.88232167e-02  -1.37162067e-02   1.11591686e-13   2.51543728e-14   2.24713409e-13
  1.48240000e-04   1.87008533e-02   3.76320257e-02  -1.40009425e-02   7.60053037e-14   4.70791440e-14   2.28059475e-13
  1.48320000e-04   1.85184101e-02   3.64339654e-02  -1.40582992e-02   4.12759275e-14   6.57140066e-14   2.24677704e-13
  1.48400000e-04   1.83396666e-02   3.53058931e-02  -1.38731834e-02   8.52403394e-15   8.04362701e-14   2.15970783e-13
  1.48480000e-04   1.81457215e-02   3.42014091e-02  -1.34293518e-02  -2.14344399e-14   9.09528175e-14   2.02673308e-13
  1.48560000e-04   1.79351545e-02   3.31513823e-02  -1.28152255e-02  -4.79658606e-14   9.78559900e-14   1.86012038e-13
  1.48640000e-04   1.77115046e-02   3.21432937e-02  -1.20232669e-02  -7.06177849e-14   1.01329676e-13   1.66869980e-13
  1.48720000e-04   1.74509589e-02   3.11482353e-02  -1.11493300e-02  -8.91816122e-14   1.02237275e-13   1.46036225e-13
  1.48800000e-04   1.71638852e-02   3.01981414e-02  -1.01326115e-02  -1.03515935e-13   1.00611801e-13   1.24504307e-13
  1.48880000e-04   1.68472625e-02   2.92870693e-02  -9.15323548e-03  -1.14086060e-13   9.77998941e-14   1.02940045e-13
  1.48960000e-04   1.64972578e-02   2.83892865e-02  -8.06262444e-03  -1.20676288e-13   9.33620768e-14   8.18164014e-14
  1.49040000e-04   1.61175223e-02   2.75182042e-02  -7.05473171e-03  -1.24147865e-13   8.85223250e-14   6.16634985e-14
  1.49120000e-04   1.57081469e-02   2.66645899e-02  -6.04805657e-03  -1.24619237e-13   8.31234846e-14   4.28098427e-14
  1.49200000e-04   1.52806158e-02   2.58302264e-02  -5.03886668e-03  -1.22456649e-13   7.74127326e-14   2.54770396e-14
  1.49280000e-04   1.48192576e-02   2.49937307e-02  -4.10893247e-03  -1.18272412e-13   7.17425278e-14   9.83322827e-15
  1.49360000e-04   1.43476935e-02   2.41877297e-02  -3.25059580e-03  -1.12583096e-13   6.62438061e-14  -4.00556378e-15
  1.49440000e-04   1.38615513e-02   2.33942329e-02  -2.44223023e-03  -1.05604370e-13   6.08964479e-14  -1.60569250e-14
  1.49520000e-04   1.33699065e-02   2.26201752e-02  -1.68368876e-03  -9.76964756e-14   5.57826398e-14  -2.63585890e-14
  1.49600000e-04   1.28693737e-02   2.18533415e-02  -1.00166656e-03  -8.92394143e-14   5.09492391e-14  -3.49859443e-14
  1.49680000e-04   4.62849578e-03   7.90688730e-03  -4.04129580e-04  -3.16897494e-14   1.77770126e-14  -1.51313743e-14
  1.49760000e-04  -6.59493224e-03  -1.13719351e-02  -2.09396307e-04   4.17384803e-14  -2.45942080e-14   2.11144495e-14
  1.49840000e-04  -1.77728907e-02  -3.08391019e-02  -1.03626995e-03   1.14837616e-13  -6.77043474e-14   4.53017862e-14
  1.49920000e-04  -1.78699717e-02  -3.09867186e-02  -1.77946907e-03   1.16403649e-13  -6.87403961e-14   2.80473507e-14
  1.50000000e-04  -1.72153127e-02  -2.98965797e-02  -2.50302559e-03   1.11335573e-13  -6.50031755e-14   1.06654578e-14
  1.50080000e-04  -1.65935354e-02  -2.88200835e-02  -3.18429540e-03   1.04968456e-13  -5.99334996e-14  -4.55652524e-15
  1.50160000e-04  -1.60052504e-02  -2.77687469e-02  -3.81470797e-03   9.77088679e-14  -5.38975347e-14  -1.76128555e-14
  1.50240000e-04  -1.54366168e-02  -2.67141514e-02  -4.40997175e-03   8.96683266e-14  -4.71096865e-14  -2.84991162e-14
  1.50320000e-04  -1.48944209e-02  -2.56767858e-02  -4.91645875e-03   8.13759183e-14  -4.00548294e-14  -3.73374235e-14
  1.50400000e-04  -1.43785786e-02  -2.46777564e-02  -5.34857301e-03   7.30551832e-14  -3.29594900e-14  -4.43227434e-14
  1.50480000e-04  -1.38758323e-02  -2.36858806e-02  -5.74667429e-03   6.46185451e-14  -2.58341284e-14  -4.95472687e-14
  1.50560000e-04  -1.33922728e-02  -2.27173218e-02  -6.05513534e-03   5.64584065e-14  -1.90972378e-14  -5.32223092e-14
  1.50640000e-04  -1.29319744e-02  -2.17916844e-02  -6.31739269e-03   4.86054461e-14  -1.27301037e-14  -5.55852708e-14
  1.50720000e-04  -1.24761063e-02  -2.08725035e-02  -6.54054207e-03   4.10130653e-14  -6.74154419e-15  -5.67186105e-14
  1.50800000e-04  -1.20432985e-02  -2.00039835e-02  -6.67943160e-03   3.40302026e-14  -1.47649702e-15  -5.69359925e-14
  1.50880000e-04  -1.16209466e-02  -1.91563642e-02  -6.78993475e-03   2.74410926e-14   3.30808752e-15  -5.62983912e-14
  1.50960000e-04  -1.12071278e-02  -1.83304664e-02  -6.85462443e-03   2.13463580e-14   7.50463219e-15  -5.49694260e-14
  1.51040000e-04  -1.08095233e-02  -1.75430797e-02  -6.88321775e-03   1.57808303e-14   1.11252952e-14  -5.31372399e-14
  1.51120000e-04  -1.04184403e-02  -1.67787709e-02  -6.86567279e-03   1.07547330e-14   1.41428780e-14  -5.08832367e-14
  1.51200000e-04  -1.00403200e-02  -1.60482958e-02  -6.82826020e-03   6.21031349e-15   1.66866664e-14  -4.83499578e-14
  1.51280000e-04  -9.67361767e-03  -1.53487288e-02  -6.75898457e-03   2.17770511e-15   1.87167656e-14  -4.56199955e-14
  1.51360000e-04  -9.31399904e-03  -1.46715905e-02  -6.66324486e-03  -1.38324980e-15   2.02932591e-14  -4.27495620e-14
  1.51440000e-04  -8.96792810e-03  -1.40257704e-02  -6.54856495e-03  -4.49614209e-15   2.14709829e-14  -3.98294893e-14
  1.51520000e-04  -8.63072338e-03  -1.34072001e-02  -6.42304596e-03  -7.21327609e-15   2.23254209e-14  -3.69085937e-14
  1.51600000e-04  -8.30103591e-03  -1.28094777e-02  -6.29166066e-03  -9.58078849e-15   2.29122926e-14  -3.40075608e-14
  1.51680000e-04  -7.98469574e-03  -1.22478400e-02  -6.13379697e-03  -1.15264726e-14   2.31509689e-14  -3.12227461e-14
  1.51760000e-04  -7.67590024e-03  -1.17035016e-02  -5.97156519e-03  -1.31721961e-14   2.31855552e-14  -2.85090615e-14
  1.51840000e-04  -7.37669601e-03  -1.11826678e-02  -5.80751257e-03  -1.45430891e-14   2.30511635e-14  -2.59136000e-14
  1.51920000e-04  -7.08436389e-03  -1.06814885e-02  -5.64359904e-03  -1.56733491e-14   2.27819658e-14  -2.34441881e-14
  1.52000000e-04  -6.80012795e-03  -1.01988078e-02  -5.48795413e-03  -1.66187200e-14   2.24363530e-14  -2.11034254e-14
  1.52080000e-04  -6.53109747e-03  -9.74556943e-03  -5.31579425e-03  -1.72912984e-14   2.19099629e-14  -1.89235896e-14
  1.52160000e-04  -6.26786419e-03  -9.31227077e-03  -5.13462736e-03  -1.77440195e-14   2.12634567e-14  -1.69036534e-14
  1.52240000e-04  -6.01465130e-03  -8.89728268e-03  -4.96068007e-03  -1.80644541e-14   2.05862403e-14  -1.50201597e-14
  1.52320000e-04  -5.76680570e-03  -8.49666914e-03  -4.78385042e-03  -1.82264978e-14   1.98470224e-14  -1.32790337e-14
  1.52400000e-04  -5.52892094e-03  -8.11520065e-03  -4.62658548e-03  -1.83450913e-14   1.91549687e-14  -1.16755339e-14
  1.52480000e-04  -5.29972885e-03  -7.75139055e-03  -4.46611268e-03  -1.83346966e-14   1.84160185e-14  -1.02059295e-14
  1.52560000e-04  -5.07791046e-03  -7.40232365e-03  -4.31693295e-03  -1.82751652e-14   1.77026048e-14  -8.85831635e-15
  1.52640000e-04  -4.86280115e-03  -7.06226961e-03  -4.15983834e-03  -1.80901289e-14   1.69380212e-14  -7.60899102e-15
  1.52720000e-04  -4.65579165e-03  -6.74262486e-03  -4.02069986e-03  -1.79086053e-14   1.62390023e-14  -6.49507952e-15
  1.52800000e-04  -4.45659306e-03  -6.43641202e-03  -3.86897290e-03  -1.75978510e-14   1.54800665e-14  -5.48197828e-15
  1.52880000e-04  -4.26306526e-03  -6.14107778e-03  -3.73170352e-03  -1.72945071e-14   1.47801134e-14  -4.56580049e-15
  1.52960000e-04  -4.07751835e-03  -5.85792324e-03  -3.59481249e-03  -1.69392663e-14   1.40822870e-14  -3.73393243e-15
  1.53040000e-04  -3.89793572e-03  -5.58659590e-03  -3.47035620e-03  -1.65974446e-14   1.34383594e-14  -2.99073382e-15
  1.53120000e-04  -3.72376711e-03  -5.32680059e-03  -3.35106348e-03  -1.62411879e-14   1.28194025e-14  -2.33000638e-15
  1.53200000e-04  -3.55597238e-03  -5.07275305e-03  -3.23524214e-03  -1.58673624e-14   1.22202838e-14  -1.72060679e-15
  1.53280000e-04  -3.39541985e-03  -4.83287715e-03  -3.12484513e-03  -1.54896824e-14   1.16494224e-14  -1.18605947e-15
  1.53360000e-04  -3.23918059e-03  -4.60047751e-03  -3.01402759e-03  -1.50829426e-14   1.10857785e-14  -7.11174595e-16
  1.53440000e-04  -3.08917423e-03  -4.38011743e-03  -2.90828728e-03  -1.46783642e-14   1.05508306e-14  -2.99094498e-16
  1.53520000e-04  -2.94771574e-03  -4.16706506e-03  -2.81053105e-03  -1.42946122e-14   1.00548513e-14   8.44089366e-17
  1.53600000e-04  -2.80988755e-03  -3.96160008e-03  -2.71485261e-03  -1.39042340e-14   9.57621199e-15   4.17043560e-16
  1.53680000e-04  -2.67452565e-03  -3.76197805e-03  -2.62268041e-03  -1.35170166e-14   9.12054014e-15   7.01700381e-16
  1.53760000e-04  -2.54538093e-03  -3.57505404e-03  -2.53953037e-03  -1.31639955e-14   8.70652127e-15   9.37613915e-16
  1.53840000e-04  -2.42076654e-03  -3.39328973e-03  -2.45880663e-03  -1.28129180e-14   8.31030593e-15   1.14600609e-15
  1.53920000e-04  -2.30130057e-03  -3.21656642e-03  -2.38526377e-03  -1.24907376e-14   7.94802655e-15   1.33301249e-15
  1.54000000e-04  -2.18696940e-03  -3.04690185e-03  -2.30574452e-03  -1.21282849e-14   7.57408327e-15   1.49483154e-15
  1.54080000e-04  -2.07609561e-03  -2.88154159e-03  -2.23930487e-03  -1.18292902e-14   7.25309121e-15   1.63383446e-15
  1.54160000e-04  -1.96800362e-03  -2.72279495e-03  -2.17478588e-03  -1.15347367e-14   6.94626353e-15   1.74139092e-15
  1.54240000e-04  -1.86485051e-03  -2.57094804e-03  -2.11074304e-03  -1.12374757e-14   6.64880755e-15   1.82991183e-15
  1.54320000e-04  -1.76330014e-03  -2.42407213e-03  -2.05861497e-03  -1.10009321e-14   6.39758166e-15   1.88949651e-15
  1.54400000e-04  -1.66698698e-03  -2.28012137e-03  -2.00159974e-03  -1.07344120e-14   6.13704047e-15   1.94890514e-15
  1.54480000e-04  -1.57287671e-03  -2.14204997e-03  -1.95247014e-03  -1.05081662e-14   5.90804448e-15   1.98349946e-15
  1.54560000e-04  -1.48091610e-03  -2.00551609e-03  -1.89993055e-03  -1.02608472e-14   5.67466386e-15   2.00787555e-15
  1.54640000e-04  -1.39448978e-03  -1.87584897e-03  -1.85305405e-03  -1.00421995e-14   5.46452876e-15   2.02536671e-15
  1.54720000e-04  -1.30731141e-03  -1.74784235e-03  -1.81239807e-03  -9.85673225e-15   5.27918764e-15   2.01866847e-15
  1.54800000e-04  -1.22678392e-03  -1.62628877e-03  -1.76870157e-03  -9.65232427e-15   5.08908052e-15   2.01560387e-15
  1.54880000e-04  -1.14641826e-03  -1.50722066e-03  -1.73460004e-03  -9.50058784e-15   4.93264757e-15   1.99300066e-15
  1.54960000e-04  -1.06922937e-03  -1.39087281e-03  -1.69892600e-03  -9.33916173e-15   4.77559261e-15   1.96798691e-15
  1.55040000e-04  -9.96178228e-04  -1.27885564e-03  -1.66455372e-03  -9.18394621e-15   4.62602153e-15   1.94216232e-15
  1.55120000e-04  -9.23059300e-04  -1.16594543e-03  -1.63850340e-03  -9.07585760e-15   4.50443280e-15   1.90761395e-15
  1.55200000e-04  -8.51403667e-04  -1.06134475e-03  -1.61019199e-03  -8.95347693e-15   4.37967979e-15   1.84740263e-15
  1.55280000e-04  -7.82630953e-04  -9.55913827e-04  -1.58650621e-03  -8.85763458e-15   4.27080049e-15   1.79623739e-15
  1.55360000e-04  -7.15578133e-04  -8.52511046e-04  -1.56739833e-03  -8.78780460e-15   4.17719886e-15   1.73998694e-15
  1.55440000e-04  -6.48658360e-04  -7.52029906e-04  -1.54180200e-03  -8.68049259e-15   4.06848527e-15   1.66756269e-15
  1.55520000e-04  -5.84690913e-04  -6.52570155e-04  -1.52925942e-03  -8.64813538e-15   3.99730510e-15   1.60075140e-15
  1.55600000e-04  -5.21637421e-04  -5.56873973e-04  -1.51364192e-03  -8.59774073e-15   3.91963950e-15   1.52093969e-15
  1.55680000e-04  -4.60688818e-04  -4.60878448e-04  -1.49895003e-03  -8.55307225e-15   3.84604935e-15   1.44617462e-15
  1.55760000e-04  -3.99556495e-04  -3.66514359e-04  -1.48619809e-03  -8.51965040e-15   3.77930317e-15   1.35844124e-15
  1.55840000e-04  -3.41636698e-04  -2.74798517e-04  -1.47178469e-03  -8.47624333e-15   3.70923297e-15   1.27498545e-15
  1.55920000e-04  -2.85065191e-04  -1.80890155e-04  -1.46866570e-03  -8.49933550e-15   3.66912925e-15   1.19779154e-15
  1.56000000e-04  -2.27403568e-04  -9.22550245e-05  -1.46726435e-03  -8.53173121e-15   3.63418456e-15   1.09378677e-15
  1.56080000e-04  -1.71826392e-04  -3.20957782e-06  -1.46380061e-03  -8.55264508e-15   3.59412845e-15   9.96060873e-16
  1.56160000e-04  -1.17274465e-04   8.62856577e-05  -1.47242860e-03  -8.64489991e-15   3.58384698e-15   8.98556715e-16
  1.56240000e-04  -6.09835699e-05   1.72770759e-04  -1.47274343e-03  -8.68824817e-15   3.55334303e-15   7.76614676e-16
  1.56320000e-04  -7.21510107e-06   2.61420107e-04  -1.48065706e-03  -8.77715869e-15   3.54034067e-15   6.67841561e-16
  1.56400000e-04   4.68059544e-05   3.51520712e-04  -1.48876845e-03  -8.86806373e-15   3.52716292e-15   5.54010019e-16
  1.56480000e-04   9.97028462e-05   4.39098809e-04  -1.49314098e-03  -8.93651440e-15   3.50428650e-15   4.33805059e-16
  1.56560000e-04   1.54430354e-04   5.24130690e-04  -1.50146973e-03  -9.02778456e-15   3.49035603e-15   2.89875140e-16
  1.56640000e-04   2.04702255e-04   6.09551822e-04  -1.51322659e-03  -9.13958707e-15   3.48195640e-15   1.66226778e-16
  1.56720000e-04   2.57574442e-04   6.96472494e-04  -1.53212976e-03  -9.29435889e-15   3.48869461e-15   2.33599838e-17
  1.56800000e-04   3.10704204e-04   7.87512133e-04  -1.56633249e-03  -9.54157440e-15   3.52674529e-15  -1.19548419e-16
  1.56880000e-04   3.62439082e-04   8.74221717e-04  -1.58651901e-03  -9.70445019e-15   3.53043496e-15  -2.71594037e-16
  1.56960000e-04   4.14977969e-04   9.62477374e-04  -1.61146349e-03  -9.89611751e-15   3.54168639e-15  -4.33070769e-16
  1.57040000e-04   4.66989303e-04   1.05108590e-03  -1.63817912e-03  -1.00983912e-14   3.55311232e-15  -5.98966510e-16
  1.57120000e-04   5.19437630e-04   1.14136284e-03  -1.66658174e-03  -1.03109780e-14   3.56446709e-15  -7.72575172e-16
  1.57200000e-04   5.73153478e-04   1.23281198e-03  -1.70410138e-03  -1.05782641e-14   3.59070288e-15  -9.60217107e-16
  1.57280000e-04   6.25848701e-04   1.32406234e-03  -1.73837224e-03  -1.08255849e-14   3.60487061e-15  -1.15171240e-15
  1.57360000e-04   6.80716351e-04   1.41585129e-03  -1.78924980e-03  -1.11727663e-14   3.64654560e-15  -1.36510754e-15
  1.57440000e-04   7.36012846e-04   1.51016742e-03  -1.83995543e-03  -1.15191169e-14   3.68057605e-15  -1.58695799e-15
  1.57520000e-04   7.88681863e-04   1.60587759e-03  -1.88570241e-03  -1.18349314e-14   3.69724812e-15  -1.80127461e-15
  1.57600000e-04   8.47502047e-04   1.70210600e-03  -1.94048805e-03  -1.22046324e-14   3.72422612e-15  -2.06361658e-15
  1.57680000e-04   9.01900542e-04   1.79725810e-03  -1.99700791e-03  -1.25833380e-14   3.74422501e-15  -2.31325102e-15
  1.57760000e-04   9.59540569e-04   1.89813764e-03  -2.06299618e-03  -1.30195661e-14   3.77172285e-15  -2.58534302e-15
  1.57840000e-04   1.01953834e-03   1.99917282e-03  -2.13789004e-03  -1.35085805e-14   3.80304390e-15  -2.88582368e-15
  1.57920000e-04   1.07514668e-03   2.10200260e-03  -2.21436947e-03  -1.40057120e-14   3.82277881e-15  -3.17142369e-15
  1.58000000e-04   1.13671498e-03   2.20787982e-03  -2.29375870e-03  -1.45188931e-14   3.83412766e-15  -3.50453175e-15
  1.58080000e-04   1.19622548e-03   2.30938549e-03  -2.38359430e-03  -1.50927810e-14   3.84517549e-15  -3.84896737e-15
  1.58160000e-04   1.25626617e-03   2.41906463e-03  -2.48307214e-03  -1.57242168e-14   3.85297352e-15  -4.20173443e-15
  1.58240000e-04   1.31998344e-03   2.52846487e-03  -2.59971027e-03  -1.64582591e-14   3.86493028e-15  -4.59754658e-15
  1.58320000e-04   1.38314920e-03   2.63807989e-03  -2.71206151e-03  -1.71617083e-14   3.84647043e-15  -5.01091392e-15
  1.58400000e-04   1.44593465e-03   2.75132757e-03  -2.84362425e-03  -1.79800899e-14   3.82742088e-15  -5.43937774e-15
  1.58480000e-04   1.51212502e-03   2.86347723e-03  -2.97982222e-03  -1.88216819e-14   3.78467236e-15  -5.91424977e-15
  1.58560000e-04   1.57317364e-03   2.97239821e-03  -3.11650274e-03  -1.96595936e-14   3.70951320e-15  -6.38594147e-15
  1.58640000e-04   1.63701195e-03   3.08695300e-03  -3.27691277e-03  -2.06388026e-14   3.62510768e-15  -6.89534058e-15
  1.58720000e-04   1.70355999e-03   3.19856134e-03  -3.45856305e-03  -2.17428419e-14   3.52019222e-15  -7.45416072e-15
  1.58800000e-04   1.76556475e-03   3.31380975e-03  -3.65576043e-03  -2.29353275e-14   3.38055690e-15  -8.01236401e-15
  1.58880000e-04   1.82331368e-03   3.41346786e-03  -3.85309123e-03  -2.41184162e-14   3.18660883e-15  -8.58999944e-15
  1.58960000e-04   1.88228867e-03   3.51836964e-03  -4.07345762e-03  -2.54346343e-14   2.95082645e-15  -9.20427541e-15
  1.59040000e-04   1.93659542e-03   3.61677693e-03  -4.31442213e-03  -2.68678688e-14   2.66152037e-15  -9.82890988e-15
  1.59120000e-04   1.98954555e-03   3.70759764e-03  -4.58771626e-03  -2.84913772e-14   2.31301453e-15  -1.04865172e-14
  1.59200000e-04   2.03424325e-03   3.79007005e-03  -4.87402454e-03  -3.01816215e-14   1.88081557e-15  -1.11341945e-14
  1.59280000e-04   2.06587535e-03   3.84405978e-03  -5.18215733e-03  -3.19969228e-14   1.35809046e-15  -1.17482101e-14
  1.59360000e-04   2.09383648e-03   3.89073143e-03  -5.52500465e-03  -3.40137805e-14   7.31593765e-16  -1.23751678e-14
  1.59440000e-04   2.10803660e-03   3.91286759e-03  -5.88924457e-03  -3.61497338e-14  -1.91449037e-17  -1.29524037e-14
  1.59520000e-04   2.10735607e-03   3.91107166e-03  -6.28615015e-03  -3.84746306e-14  -9.11191366e-16  -1.34650747e-14
  1.59600000e-04   2.08530330e-03   3.87069036e-03  -6.70393168e-03  -4.09171576e-14  -1.96348958e-15  -1.38612308e-14
  1.59680000e-04   2.03874168e-03   3.78187159e-03  -7.14185416e-03  -4.34756478e-14  -3.19414485e-15  -1.41021447e-14
  1.59760000e-04   1.96379343e-03   3.64569797e-03  -7.61167905e-03  -4.62225916e-14  -4.62538467e-15  -1.41406878e-14
  1.59840000e-04   1.85861537e-03   3.45140247e-03  -8.08927682e-03  -4.90084081e-14  -6.26676947e-15  -1.39341163e-14
  1.59920000e-04   1.71682436e-03   3.19134201e-03  -8.57255116e-03  -5.18216689e-14  -8.12524193e-15  -1.34031430e-14
  1.60000000e-04   1.52752996e-03   2.84247970e-03  -9.10974708e-03  -5.49739274e-14  -1.02576083e-14  -1.24187163e-14
  1.60080000e-04   1.31084036e-03   2.44417134e-03  -9.51504890e-03  -5.72754165e-14  -1.24858888e-14  -1.10978494e-14
  1.60160000e-04   1.04165606e-03   1.94228374e-03  -9.94965802e-03  -5.97618557e-14  -1.49445382e-14  -9.17396685e-15
  1.60240000e-04   7.32679895e-04   1.37095265e-03  -1.03144439e-02  -6.17878019e-14  -1.74974890e-14  -6.71474971e-15
  1.60320000e-04   3.94147180e-04   7.40243588e-04  -1.06049853e-02  -6.33126207e-14  -2.00927705e-14  -3.75559554e-15
  1.60400000e-04   3.51239585e-05   6.37842067e-05  -1.28464520e-03  -7.62503779e-15  -2.61861385e-15  -3.38496355e-16
