       time             b_x              b_y              b_z              F_x              F_y              F_z
  0.00000000e+00   2.72861991e-05   2.38881625e-05  -9.52642228e-04   2.61389606e-15   4.77653193e-15   1.94643754e-16
  8.00000000e-08   4.04403475e-05   3.56123229e-05  -9.47470925e-04   2.61560420e-15   4.72358447e-15   2.89184344e-16
  1.60000000e-07   5.31607943e-05   4.66098378e-05  -9.41798681e-04   2.61435165e-15   4.66919284e-15   3.78649214e-16
  2.40000000e-07   6.73571141e-05   5.92759641e-05  -9.36832915e-04   2.61977758e-15   4.61439614e-15   4.80324111e-16
  3.20000000e-07   7.97687513e-05   7.04076328e-05  -9.32145636e-04   2.62206934e-15   4.56581762e-15   5.69253974e-16
  4.00000000e-07   9.10585666e-05   8.10327244e-05  -9.27172484e-04   2.62250405e-15   4.51877652e-15   6.52489415e-16
  4.80000000e-07   1.02019606e-04   9.09925291e-05  -9.22680253e-04   2.62263089e-15   4.47508511e-15   7.31303265e-16
  5.60000000e-07   1.12317577e-04   1.00354820e-04  -9.17747943e-04   2.62024210e-15   4.43090736e-15   8.05190751e-16
  6.40000000e-07   1.23305232e-04   1.10462242e-04  -9.13048387e-04   2.62066377e-15   4.38608440e-15   8.84551447e-16
  7.20000000e-07   1.34374478e-04   1.20461486e-04  -9.07970307e-04   2.62003696e-15   4.33910429e-15   9.63424730e-16
  8.00000000e-07   1.45476749e-04   1.30429218e-04  -9.03348752e-04   2.62067470e-15   4.29442390e-15   1.04208434e-15
  8.80000000e-07   1.57494140e-04   1.41551861e-04  -8.98622056e-04   2.62430586e-15   4.24679581e-15   1.12890023e-15
  9.60000000e-07   1.68041065e-04   1.51239663e-04  -8.94528819e-04   2.62583432e-15   4.20644385e-15   1.20446555e-15
  1.04000000e-06   1.79860663e-04   1.62172944e-04  -8.89619804e-04   2.62880072e-15   4.15851565e-15   1.28955826e-15
  1.12000000e-06   1.90731835e-04   1.72235678e-04  -8.85535856e-04   2.63161243e-15   4.11749196e-15   1.36765923e-15
  1.20000000e-06   2.02958876e-04   1.83569478e-04  -8.81526737e-04   2.63808927e-15   4.07336033e-15   1.45562035e-15
  1.28000000e-06   2.11145875e-04   1.91811794e-04  -8.76995448e-04   2.63519206e-15   4.03729430e-15   1.51746580e-15
  1.36000000e-06   2.23514587e-04   2.03768488e-04  -8.73180517e-04   2.64395262e-15   3.99401679e-15   1.60885030e-15
  1.44000000e-06   2.31557308e-04   2.11228936e-04  -8.68592427e-04   2.63904801e-15   3.95820162e-15   1.66611811e-15
  1.52000000e-06   2.41505758e-04   2.21746981e-04  -8.65306901e-04   2.64538805e-15   3.92431939e-15   1.74398520e-15
  1.60000000e-06   2.50873366e-04   2.30593806e-04  -8.60934768e-04   2.64478668e-15   3.88635382e-15   1.81160724e-15
  1.68000000e-06   2.58894975e-04   2.39329648e-04  -8.57324156e-04   2.64573997e-15   3.85604204e-15   1.87540962e-15
  1.76000000e-06   2.69120306e-04   2.48495684e-04  -8.53897786e-04   2.64827811e-15   3.82106128e-15   1.94662954e-15
  1.84000000e-06   2.77665843e-04   2.56881437e-04  -8.50001519e-04   2.64769217e-15   3.78810306e-15   2.00972233e-15
  1.92000000e-06   2.86177914e-04   2.65929909e-04  -8.46882215e-04   2.65064540e-15   3.75948080e-15   2.07622090e-15
  2.00000000e-06   2.94417101e-04   2.74461785e-04  -8.43361112e-04   2.65131437e-15   3.72956098e-15   2.13931402e-15
  2.08000000e-06   3.03755687e-04   2.83525358e-04  -8.39956352e-04   2.65361418e-15   3.69755248e-15   2.20773411e-15
  2.16000000e-06   3.12504471e-04   2.92746990e-04  -8.36373489e-04   2.65588891e-15   3.66627169e-15   2.27561871e-15
  2.24000000e-06   3.21326939e-04   3.01695285e-04  -8.32442034e-04   2.65664057e-15   3.63308269e-15   2.34218603e-15
  2.32000000e-06   3.29405697e-04   3.10280189e-04  -8.29028362e-04   2.65760711e-15   3.60473007e-15   2.40511343e-15
  2.40000000e-06   3.36898321e-04   3.18530171e-04  -8.25832560e-04   2.65816237e-15   3.57918899e-15   2.46491870e-15
  2.48000000e-06   3.44190090e-04   3.26424222e-04  -8.22414021e-04   2.65726232e-15   3.55310603e-15   2.52235878e-15
  2.56000000e-06   3.51239931e-04   3.34218747e-04  -8.18954827e-04   2.65597428e-15   3.52754664e-15   2.57872152e-15
  2.64000000e-06   3.57637335e-04   3.41651196e-04  -8.16117319e-04   2.65508780e-15   3.50712043e-15   2.63169322e-15
  2.72000000e-06   3.65180551e-04   3.50125753e-04  -8.12642094e-04   2.65535117e-15   3.48050041e-15   2.69281574e-15
  2.80000000e-06   3.71187956e-04   3.57241247e-04  -8.09247406e-04   2.65231237e-15   3.45830465e-15   2.74323458e-15
  2.88000000e-06   3.78601101e-04   3.65466481e-04  -8.06494455e-04   2.65336949e-15   3.43621664e-15   2.80273547e-15
  2.96000000e-06   3.85092308e-04   3.73114878e-04  -8.02476870e-04   2.65016983e-15   3.40970945e-15   2.85712078e-15
  3.04000000e-06   3.91020305e-04   3.80138741e-04  -8.00468910e-04   2.64965834e-15   3.39566713e-15   2.90691469e-15
  3.12000000e-06   3.97493302e-04   3.87558169e-04  -7.97306160e-04   2.64755018e-15   3.37413448e-15   2.96003839e-15
  3.20000000e-06   4.03569629e-04   3.95159648e-04  -7.94042265e-04   2.64558428e-15   3.35317276e-15   3.01333586e-15
  3.28000000e-06   4.09520554e-04   4.02421636e-04  -7.90817371e-04   2.64276749e-15   3.33286150e-15   3.06452953e-15
  3.36000000e-06   4.15240712e-04   4.09326007e-04  -7.87631811e-04   2.63906696e-15   3.31345954e-15   3.11329885e-15
  3.44000000e-06   4.20938922e-04   4.16470161e-04  -7.84431248e-04   2.63581742e-15   3.29415782e-15   3.16335764e-15
  3.52000000e-06   4.25779035e-04   4.22853438e-04  -7.81777896e-04   2.63175963e-15   3.28006226e-15   3.20747579e-15
  3.60000000e-06   4.30319256e-04   4.29201391e-04  -7.79302011e-04   2.62786903e-15   3.26778115e-15   3.25080498e-15
  3.68000000e-06   4.35715617e-04   4.36363646e-04  -7.76332461e-04   2.62478911e-15   3.25085354e-15   3.30041064e-15
  3.76000000e-06   4.40667677e-04   4.43229041e-04  -7.73596204e-04   2.62134829e-15   3.23640595e-15   3.34749906e-15
  3.84000000e-06   4.45449969e-04   4.50000696e-04  -7.71091819e-04   2.61801333e-15   3.22378123e-15   3.39375634e-15
  3.92000000e-06   4.50346644e-04   4.56959664e-04  -7.68438710e-04   2.61467902e-15   3.21018736e-15   3.44131293e-15
  4.00000000e-06   4.54629834e-04   4.63319438e-04  -7.65587125e-04   2.60940222e-15   3.19705496e-15   3.48434518e-15
  4.08000000e-06   4.59996211e-04   4.70554494e-04  -7.62654416e-04   2.60586514e-15   3.18107003e-15   3.53443819e-15
  4.16000000e-06   4.64096445e-04   4.76913059e-04  -7.60196300e-04   2.60108308e-15   3.17080624e-15   3.57717121e-15
  4.24000000e-06   4.67907612e-04   4.82895514e-04  -7.57293334e-04   2.59442108e-15   3.15882822e-15   3.61726854e-15
  4.32000000e-06   4.71850686e-04   4.89178874e-04  -7.54656328e-04   2.58883298e-15   3.14813729e-15   3.65934104e-15
  4.40000000e-06   4.75807648e-04   4.95323267e-04  -7.51985335e-04   2.58271459e-15   3.13733358e-15   3.70069673e-15
  4.48000000e-06   4.79454058e-04   5.01571424e-04  -7.49321625e-04   2.57669546e-15   3.12738180e-15   3.74206795e-15
  4.56000000e-06   4.82870952e-04   5.07455326e-04  -7.46558358e-04   2.56951645e-15   3.11748369e-15   3.78098849e-15
  4.64000000e-06   4.85820871e-04   5.12989955e-04  -7.44103877e-04   2.56200523e-15   3.11045335e-15   3.81708391e-15
  4.72000000e-06   4.88854521e-04   5.18739929e-04  -7.42108291e-04   2.55569072e-15   3.10591193e-15   3.85458771e-15
  4.80000000e-06   4.92147088e-04   5.24791842e-04  -7.39684192e-04   2.54906555e-15   3.09847555e-15   3.89432397e-15
  4.88000000e-06   4.95593562e-04   5.31028829e-04  -7.36999757e-04   2.54219216e-15   3.08932637e-15   3.93543608e-15
  4.96000000e-06   4.98603439e-04   5.36897049e-04  -7.34321699e-04   2.53435713e-15   3.08126024e-15   3.97367900e-15
  5.04000000e-06   5.01027283e-04   5.42191557e-04  -7.31621956e-04   2.52508654e-15   3.07441360e-15   4.00761394e-15
  5.12000000e-06   5.03049981e-04   5.47355938e-04  -7.28767656e-04   2.51511412e-15   3.06760331e-15   4.04010657e-15
  5.20000000e-06   5.05528797e-04   5.52669100e-04  -7.26408653e-04   2.50622948e-15   3.06268405e-15   4.07432097e-15
  5.28000000e-06   5.07546688e-04   5.57698363e-04  -7.23826662e-04   2.49618382e-15   3.05753261e-15   4.10610843e-15
  5.36000000e-06   5.09091539e-04   5.62492330e-04  -7.21551487e-04   2.48605850e-15   3.05516849e-15   4.13572731e-15
  5.44000000e-06   5.11411356e-04   5.68034338e-04  -7.19021765e-04   2.47688573e-15   3.04977436e-15   4.17106157e-15
  5.52000000e-06   5.13288901e-04   5.73262323e-04  -7.16432701e-04   2.46679005e-15   3.04501892e-15   4.20384297e-15
  5.60000000e-06   5.15453960e-04   5.78977217e-04  -7.13892945e-04   2.45762436e-15   3.04000573e-15   4.23997223e-15
  5.68000000e-06   5.17234516e-04   5.83835851e-04  -7.12047228e-04   2.44775383e-15   3.03982646e-15   4.27053476e-15
  5.76000000e-06   5.18567445e-04   5.89035257e-04  -7.09756847e-04   2.43762668e-15   3.03804867e-15   4.30230667e-15
  5.84000000e-06   5.19819616e-04   5.94183608e-04  -7.07421746e-04   2.42714819e-15   3.03620265e-15   4.33368228e-15
  5.92000000e-06   5.21109710e-04   5.99212759e-04  -7.04911568e-04   2.41595792e-15   3.03330107e-15   4.36447914e-15
  6.00000000e-06   5.22441782e-04   6.04013470e-04  -7.02210640e-04   2.40383526e-15   3.02922640e-15   4.39406262e-15
  6.08000000e-06   5.22872219e-04   6.07656543e-04  -6.99740412e-04   2.38968721e-15   3.02828032e-15   4.41543085e-15
  6.16000000e-06   5.24304447e-04   6.12808688e-04  -6.97231677e-04   2.37830138e-15   3.02514522e-15   4.44728684e-15
  6.24000000e-06   5.25621727e-04   6.17896316e-04  -6.94984570e-04   2.36706028e-15   3.02378612e-15   4.47860968e-15
  6.32000000e-06   5.24194263e-04   6.20734188e-04  -6.92775234e-04   2.35140490e-15   3.02791749e-15   4.49225767e-15
  6.40000000e-06   5.24262603e-04   6.24670213e-04  -6.89953209e-04   2.33672539e-15   3.02555663e-15   4.51484652e-15
  6.48000000e-06   5.26155544e-04   6.31023330e-04  -6.88102100e-04   2.32808409e-15   3.02539911e-15   4.55460284e-15
  6.56000000e-06   5.26433661e-04   6.35454556e-04  -6.85838091e-04   2.31492442e-15   3.02591976e-15   4.58051059e-15
  6.64000000e-06   5.25835382e-04   6.38676726e-04  -6.82655423e-04   2.29787958e-15   3.02266348e-15   4.59794371e-15
  6.72000000e-06   5.25476604e-04   6.42400568e-04  -6.80386140e-04   2.28316427e-15   3.02424339e-15   4.61873764e-15
  6.80000000e-06   5.25413235e-04   6.46784068e-04  -6.78293584e-04   2.26980202e-15   3.02628391e-15   4.64391278e-15
  6.88000000e-06   5.25465891e-04   6.50600110e-04  -6.75827039e-04   2.25466118e-15   3.02589137e-15   4.66597609e-15
  6.96000000e-06   5.24750996e-04   6.53935438e-04  -6.73375859e-04   2.23856567e-15   3.02691896e-15   4.68400983e-15
  7.04000000e-06   5.23606898e-04   6.57426889e-04  -6.71173200e-04   2.22303412e-15   3.03010108e-15   4.70231219e-15
  7.12000000e-06   5.23048186e-04   6.60707921e-04  -6.69239358e-04   2.20743591e-15   3.03376617e-15   4.72032711e-15
  7.20000000e-06   5.22570990e-04   6.64506464e-04  -6.67069145e-04   2.19224478e-15   3.03584890e-15   4.74155456e-15
  7.28000000e-06   5.22505107e-04   6.69111232e-04  -6.64481491e-04   2.17765704e-15   3.03470873e-15   4.76822104e-15
  7.36000000e-06   5.21217929e-04   6.72467834e-04  -6.62181290e-04   2.16122908e-15   3.03731656e-15   4.78565173e-15
  7.44000000e-06   5.20790235e-04   6.76944859e-04  -6.60081834e-04   2.14687282e-15   3.03959102e-15   4.81107909e-15
  7.52000000e-06   5.18379936e-04   6.78870599e-04  -6.56834284e-04   2.12637310e-15   3.03829482e-15   4.81838151e-15
  7.60000000e-06   5.18961166e-04   6.84766571e-04  -6.55371248e-04   2.11504363e-15   3.04255978e-15   4.85384238e-15
  7.68000000e-06   5.16758132e-04   6.87299512e-04  -6.53301194e-04   2.09710504e-15   3.04773276e-15   4.86513931e-15
  7.76000000e-06   5.15312842e-04   6.90693716e-04  -6.50903256e-04   2.07997318e-15   3.04961765e-15   4.88273581e-15
  7.84000000e-06   5.13265308e-04   6.92874146e-04  -6.48964162e-04   2.06147150e-15   3.05510315e-15   4.89223285e-15
  7.92000000e-06   5.11541247e-04   6.95670056e-04  -6.46262397e-04   2.04275806e-15   3.05539580e-15   4.90590569e-15
  8.00000000e-06   5.09592393e-04   6.98083620e-04  -6.44168378e-04   2.02425405e-15   3.05955712e-15   4.91699264e-15
  8.08000000e-06   5.07126000e-04   7.00165785e-04  -6.41483367e-04   2.00431908e-15   3.06085219e-15   4.92537524e-15
  8.16000000e-06   5.05800282e-04   7.03608340e-04  -6.39761030e-04   1.98777327e-15   3.06604231e-15   4.94357904e-15
  8.24000000e-06   5.02895845e-04   7.05332242e-04  -6.37166192e-04   1.96729485e-15   3.06826679e-15   4.94924549e-15
  8.32000000e-06   5.00918063e-04   7.08463740e-04  -6.34850457e-04   1.94926630e-15   3.07062861e-15   4.96471522e-15
  8.40000000e-06   4.98501052e-04   7.11173948e-04  -6.32664051e-04   1.93070086e-15   3.07429243e-15   4.97706972e-15
  8.48000000e-06   4.95794135e-04   7.13209589e-04  -6.30165491e-04   1.91062763e-15   3.07636658e-15   4.98499548e-15
  8.56000000e-06   4.93602481e-04   7.16201066e-04  -6.27897340e-04   1.89218928e-15   3.07893964e-15   4.99943061e-15
  8.64000000e-06   4.91289475e-04   7.19599755e-04  -6.25772350e-04   1.87442386e-15   3.08242529e-15   5.01619670e-15
  8.72000000e-06   4.89057632e-04   7.21954723e-04  -6.23756607e-04   1.85523350e-15   3.08632267e-15   5.02680260e-15
  8.80000000e-06   4.86456321e-04   7.24193600e-04  -6.21540384e-04   1.83553106e-15   3.08939290e-15   5.03623632e-15
  8.88000000e-06   4.83422410e-04   7.25746119e-04  -6.19197711e-04   1.81466538e-15   3.09213220e-15   5.04096317e-15
  8.96000000e-06   4.80133297e-04   7.26869823e-04  -6.17045072e-04   1.79344837e-15   3.09619252e-15   5.04278103e-15
  9.04000000e-06   4.77933659e-04   7.30748220e-04  -6.15152712e-04   1.77621024e-15   3.10021087e-15   5.06278226e-15
  9.12000000e-06   4.73861518e-04   7.30911542e-04  -6.12490575e-04   1.75298157e-15   3.10186634e-15   5.05780912e-15
  9.20000000e-06   4.71395796e-04   7.33797083e-04  -6.10765771e-04   1.73451070e-15   3.10693157e-15   5.07149962e-15
  9.28000000e-06   4.68274797e-04   7.35583186e-04  -6.08424678e-04   1.71375106e-15   3.10894307e-15   5.07769127e-15
  9.36000000e-06   4.64847490e-04   7.36381207e-04  -6.06510883e-04   1.69226153e-15   3.11376263e-15   5.07750131e-15
  9.44000000e-06   4.61369871e-04   7.38040038e-04  -6.04284137e-04   1.67144455e-15   3.11654623e-15   5.08252636e-15
  9.52000000e-06   4.57054532e-04   7.38568038e-04  -6.02075271e-04   1.64924592e-15   3.12026648e-15   5.07963798e-15
  9.60000000e-06   4.52658477e-04   7.39058896e-04  -6.00712275e-04   1.62804418e-15   3.12904244e-15   5.07646469e-15
  9.68000000e-06   4.49808376e-04   7.41916639e-04  -5.98639354e-04   1.60876182e-15   3.13143640e-15   5.08970768e-15
  9.76000000e-06   4.46616344e-04   7.44165125e-04  -5.96994729e-04   1.58923469e-15   3.13666705e-15   5.09883298e-15
  9.84000000e-06   4.42545507e-04   7.45038555e-04  -5.94806584e-04   1.56739832e-15   3.13941239e-15   5.09851174e-15
  9.92000000e-06   4.38702517e-04   7.46116897e-04  -5.92266770e-04   1.54538560e-15   3.13952583e-15   5.09975905e-15
  1.00000000e-05   4.35059756e-04   7.47261869e-04  -5.90056622e-04   1.52385034e-15   3.14122694e-15   5.10168848e-15
  1.00800000e-05   4.31598803e-04   7.49033924e-04  -5.88133046e-04   1.50332491e-15   3.14429785e-15   5.10772011e-15
  1.01600000e-05   4.27469884e-04   7.49795115e-04  -5.85804930e-04   1.48122572e-15   3.14540268e-15   5.10679715e-15
  1.02400000e-05   4.23499652e-04   7.50631817e-04  -5.83738970e-04   1.45951954e-15   3.14773744e-15   5.10655969e-15
  1.03200000e-05   4.19518542e-04   7.51065549e-04  -5.81877889e-04   1.43764269e-15   3.15113130e-15   5.10386111e-15
  1.04000000e-05   4.13357407e-04   7.50606762e-04  -5.80030145e-04   1.41490254e-15   3.15661471e-15   5.09324699e-15
  1.04800000e-05   4.09965439e-04   7.51574554e-04  -5.78082766e-04   1.39354253e-15   3.15841257e-15   5.09457636e-15
  1.05600000e-05   4.04865644e-04   7.51762463e-04  -5.76490200e-04   1.37181604e-15   3.16388949e-15   5.08923576e-15
  1.06400000e-05   3.99953357e-04   7.51815127e-04  -5.74663823e-04   1.34973685e-15   3.16748861e-15   5.08331570e-15
  1.07200000e-05   3.95169717e-04   7.52075081e-04  -5.72874084e-04   1.32794002e-15   3.17094459e-15   5.07886493e-15
  1.08000000e-05   3.92351159e-04   7.52899662e-04  -5.70877467e-04   1.30648073e-15   3.17105266e-15   5.08004585e-15
  1.08800000e-05   3.86880833e-04   7.53274683e-04  -5.69667575e-04   1.28544818e-15   3.17829198e-15   5.07566565e-15
  1.09600000e-05   3.83202355e-04   7.54023478e-04  -5.67821076e-04   1.26410149e-15   3.17972462e-15   5.07553137e-15
  1.10400000e-05   3.78797058e-04   7.54393020e-04  -5.66248825e-04   1.24271809e-15   3.18329991e-15   5.07232344e-15
  1.11200000e-05   3.73595997e-04   7.54349158e-04  -5.64670986e-04   1.22099969e-15   3.18730230e-15   5.06578073e-15
  1.12000000e-05   3.69996518e-04   7.55514895e-04  -5.63372982e-04   1.20061766e-15   3.19144864e-15   5.06842080e-15
  1.12800000e-05   3.64277364e-04   7.54751918e-04  -5.61654037e-04   1.17822039e-15   3.19453081e-15   5.05698719e-15
  1.13600000e-05   3.59858675e-04   7.55433004e-04  -5.61057996e-04   1.15815419e-15   3.20328769e-15   5.05587852e-15
  1.14400000e-05   3.54519852e-04   7.54873937e-04  -5.59569843e-04   1.13625200e-15   3.20699233e-15   5.04619548e-15
  1.15200000e-05   3.49891538e-04   7.55052078e-04  -5.59037574e-04   1.11588521e-15   3.21585694e-15   5.04184046e-15
  1.16000000e-05   3.45975615e-04   7.55847699e-04  -5.58076515e-04   1.09559359e-15   3.22128871e-15   5.04205473e-15
  1.16800000e-05   3.38594835e-04   7.52898929e-04  -5.55151694e-04   1.07073532e-15   3.21679988e-15   5.01569330e-15
  1.17600000e-05   3.35796619e-04   7.54668749e-04  -5.54809142e-04   1.05181028e-15   3.22483012e-15   5.02311992e-15
  1.18400000e-05   3.30179193e-04   7.53471154e-04  -5.53199221e-04   1.02964101e-15   3.22674080e-15   5.00944695e-15
  1.19200000e-05   3.25025700e-04   7.52694838e-04  -5.51914209e-04   1.00813128e-15   3.23011061e-15   4.99888589e-15
  1.20000000e-05   3.20185757e-04   7.51828517e-04  -5.50692367e-04   9.86697270e-16   3.23342079e-15   4.98809233e-15
  1.20800000e-05   3.15594145e-04   7.51575605e-04  -5.49351692e-04   9.65632193e-16   3.23559402e-15   4.98140160e-15
  1.21600000e-05   3.10833140e-04   7.50771806e-04  -5.49057816e-04   9.45182549e-16   3.24420553e-15   4.97115609e-15
  1.22400000e-05   3.05294979e-04   7.50180093e-04  -5.47876520e-04   9.24158117e-16   3.24750425e-15   4.96161777e-15
  1.23200000e-05   3.00849329e-04   7.48882814e-04  -5.47315910e-04   9.03304754e-16   3.25379598e-15   4.94864203e-15
  1.24000000e-05   2.95545761e-04   7.48454606e-04  -5.46444635e-04   8.82770106e-16   3.25841511e-15   4.94043602e-15
  1.24800000e-05   2.90641260e-04   7.47853714e-04  -5.45657910e-04   8.62255533e-16   3.26310347e-15   4.93153501e-15
  1.25600000e-05   2.85388998e-04   7.46519358e-04  -5.45100629e-04   8.41601744e-16   3.26918471e-15   4.91779574e-15
  1.26400000e-05   2.80833997e-04   7.45089419e-04  -5.44868491e-04   8.21230004e-16   3.27671093e-15   4.90406767e-15
  1.27200000e-05   2.75454962e-04   7.44114103e-04  -5.44081616e-04   8.00731809e-16   3.28094928e-15   4.89258614e-15
  1.28000000e-05   2.70905643e-04   7.42906337e-04  -5.44200244e-04   7.80889402e-16   3.29023705e-15   4.88034565e-15
  1.28800000e-05   2.65312875e-04   7.41825151e-04  -5.43579010e-04   7.60601266e-16   3.29514960e-15   4.86814633e-15
  1.29600000e-05   2.60481504e-04   7.40593874e-04  -5.43648250e-04   7.40834144e-16   3.30381677e-15   4.85563975e-15
  1.30400000e-05   2.55725994e-04   7.39418479e-04  -5.43720839e-04   7.21154773e-16   3.31225549e-15   4.84359023e-15
  1.31200000e-05   2.49650797e-04   7.38593952e-04  -5.42365925e-04   7.00641995e-16   3.31203795e-15   4.83283870e-15
  1.32000000e-05   2.45068425e-04   7.36697310e-04  -5.42561234e-04   6.80896645e-16   3.32072682e-15   4.81648268e-15
  1.32800000e-05   2.39625739e-04   7.36198872e-04  -5.41894476e-04   6.61159526e-16   3.32410449e-15   4.80837679e-15
  1.33600000e-05   2.34476625e-04   7.34647445e-04  -5.41698191e-04   6.41426110e-16   3.33010111e-15   4.79390507e-15
  1.34400000e-05   2.29236183e-04   7.33370025e-04  -5.41536507e-04   6.21883191e-16   3.33612492e-15   4.78115900e-15
  1.35200000e-05   2.24253037e-04   7.32241768e-04  -5.41634385e-04   6.02634244e-16   3.34347267e-15   4.76958806e-15
  1.36000000e-05   2.19559793e-04   7.31279485e-04  -5.41687288e-04   5.83455876e-16   3.35023171e-15   4.75931267e-15
  1.36800000e-05   2.13800642e-04   7.28874145e-04  -5.42371340e-04   5.64310376e-16   3.36108281e-15   4.73929223e-15
  1.37600000e-05   2.09153567e-04   7.27869608e-04  -5.42643806e-04   5.45371820e-16   3.36878843e-15   4.72889425e-15
  1.38400000e-05   2.04272208e-04   7.27121184e-04  -5.43131281e-04   5.26684255e-16   3.37770851e-15   4.72001974e-15
  1.39200000e-05   1.99281162e-04   7.24730254e-04  -5.43767959e-04   5.07709001e-16   3.38739168e-15   4.70075891e-15
  1.40000000e-05   1.94335209e-04   7.24019043e-04  -5.44974458e-04   4.89538863e-16   3.40045428e-15   4.69219842e-15
  1.40800000e-05   1.89548483e-04   7.21925720e-04  -5.45636610e-04   4.70769136e-16   3.40983423e-15   4.67505399e-15
  1.41600000e-05   1.84852598e-04   7.20480591e-04  -5.46793266e-04   4.52471951e-16   3.42212193e-15   4.66211492e-15
  1.42400000e-05   1.80141555e-04   7.18269681e-04  -5.47806025e-04   4.33995881e-16   3.43330323e-15   4.64437811e-15
  1.43200000e-05   1.75541634e-04   7.17640332e-04  -5.49067564e-04   4.15971731e-16   3.44584331e-15   4.63676360e-15
  1.44000000e-05   1.70448206e-04   7.14990183e-04  -5.50744895e-04   3.97873647e-16   3.46089422e-15   4.61615218e-15
  1.44800000e-05   1.65860791e-04   7.15199377e-04  -5.51898545e-04   3.79926721e-16   3.47235745e-15   4.61396910e-15
  1.45600000e-05   1.60146364e-04   7.11431186e-04  -5.53976891e-04   3.61960726e-16   3.48961580e-15   4.58609059e-15
  1.46400000e-05   1.56402198e-04   7.11997950e-04  -5.54735280e-04   3.43851759e-16   3.49809534e-15   4.58672085e-15
  1.47200000e-05   1.50136086e-04   7.08319029e-04  -5.56680233e-04   3.25945345e-16   3.51413035e-15   4.55928090e-15
  1.48000000e-05   1.46550532e-04   7.09036767e-04  -5.57529821e-04   3.07876304e-16   3.52281411e-15   4.56105498e-15
  1.48800000e-05   1.40791761e-04   7.07067778e-04  -5.59129341e-04   2.89994749e-16   3.53619412e-15   4.54484786e-15
  1.49600000e-05   1.35167889e-04   7.05272611e-04  -5.60909127e-04   2.72218125e-16   3.55048962e-15   4.52989283e-15
  1.50400000e-05   1.30887166e-04   7.04480918e-04  -5.62203510e-04   2.54264937e-16   3.56146749e-15   4.52196733e-15
  1.51200000e-05   1.26416233e-04   7.02915481e-04  -5.63614712e-04   2.36356923e-16   3.57300953e-15   4.50911413e-15
  1.52000000e-05   1.21657752e-04   7.01583494e-04  -5.66039065e-04   2.18867464e-16   3.59078700e-15   4.49768218e-15
  1.52800000e-05   1.16230977e-04   6.99356543e-04  -5.68912258e-04   2.01569388e-16   3.61119925e-15   4.48038234e-15
  1.53600000e-05   1.12231646e-04   6.99127380e-04  -5.70519921e-04   1.83683676e-16   3.62344537e-15   4.47638180e-15
  1.54400000e-05   1.07608423e-04   6.96094846e-04  -5.73198096e-04   1.66337478e-16   3.64227453e-15   4.45442485e-15
  1.55200000e-05   1.03245334e-04   6.96688513e-04  -5.74858908e-04   1.48352861e-16   3.65448840e-15   4.45562693e-15
  1.56000000e-05   9.92272448e-05   6.94986825e-04  -5.78041482e-04   1.31048840e-16   3.67621023e-15   4.44245158e-15
  1.56800000e-05   9.53236440e-05   6.92660214e-04  -5.80727773e-04   1.13600263e-16   3.69463421e-15   4.42540384e-15
  1.57600000e-05   9.13984213e-05   6.92528477e-04  -5.83883832e-04   9.60126464e-17   3.71587374e-15   4.42232451e-15
  1.58400000e-05   8.73118206e-05   6.90793847e-04  -5.86300492e-04   7.83338116e-17   3.73223806e-15   4.40908134e-15
  1.59200000e-05   8.30624875e-05   6.89048602e-04  -5.88690850e-04   6.06344406e-17   3.74824151e-15   4.39578265e-15
  1.60000000e-05   7.82029888e-05   6.88031699e-04  -5.91700237e-04   4.29540983e-17   3.76789315e-15   4.38700021e-15
  1.60800000e-05   7.34410067e-05   6.86804481e-04  -5.94696239e-04   2.52494779e-17   3.78728696e-15   4.37699087e-15
  1.61600000e-05   6.89902069e-05   6.85683249e-04  -5.97407338e-04   7.39072991e-18   3.80474910e-15   4.36781145e-15
  1.62400000e-05   6.40182521e-05   6.84324025e-04  -6.00876094e-04  -1.02914301e-17   3.82672381e-15   4.35707166e-15
  1.63200000e-05   5.97526303e-05   6.83333254e-04  -6.03727279e-04  -2.82705874e-17   3.84475284e-15   4.34891435e-15
  1.64000000e-05   5.44720987e-05   6.81839841e-04  -6.07392294e-04  -4.60209047e-17   3.86751493e-15   4.33742564e-15
  1.64800000e-05   5.11011468e-05   6.81191592e-04  -6.10587334e-04  -6.41691523e-17   3.88760302e-15   4.33176914e-15
  1.65600000e-05   4.54265009e-05   6.79703529e-04  -6.14738487e-04  -8.20039883e-17   3.91295607e-15   4.32041421e-15
  1.66400000e-05   4.20365771e-05   6.79045658e-04  -6.18596290e-04  -1.00241215e-16   3.93691416e-15   4.31481843e-15
  1.67200000e-05   3.73577995e-05   6.78266089e-04  -6.22533941e-04  -1.18550869e-16   3.96082448e-15   4.30830184e-15
  1.68000000e-05   3.34964647e-05   6.77729402e-04  -6.26001012e-04  -1.37130849e-16   3.98183102e-15   4.30352429e-15
  1.68800000e-05   2.86450346e-05   6.76867333e-04  -6.29716441e-04  -1.55685073e-16   4.00390652e-15   4.29662265e-15
  1.69600000e-05   2.55852035e-05   6.76874452e-04  -6.33396132e-04  -1.74675895e-16   4.02620653e-15   4.29552231e-15
  1.70400000e-05   2.09836949e-05   6.76587139e-04  -6.37294824e-04  -1.93677324e-16   4.04917394e-15   4.29244808e-15
  1.71200000e-05   1.53593033e-05   6.75837974e-04  -6.41362995e-04  -2.12644273e-16   4.07262544e-15   4.28644758e-15
  1.72000000e-05   1.27651381e-05   6.76478889e-04  -6.45908936e-04  -2.32286727e-16   4.10011637e-15   4.28957836e-15
  1.72800000e-05   7.02524454e-06   6.75914399e-04  -6.49718031e-04  -2.51670043e-16   4.12147661e-15   4.28493163e-15
  1.73600000e-05   3.17144309e-06   6.75986950e-04  -6.54528860e-04  -2.71445766e-16   4.14978282e-15   4.28451414e-15
  1.74400000e-05  -4.19778829e-07   6.75824648e-04  -6.58716469e-04  -2.91325027e-16   4.17408523e-15   4.28268019e-15
  1.75200000e-05  -4.62925436e-06   6.75548169e-04  -6.62867013e-04  -3.11325404e-16   4.19769836e-15   4.28017776e-15
  1.76000000e-05  -7.91551371e-06   6.75050237e-04  -6.67462471e-04  -3.31388444e-16   4.22439082e-15   4.27634401e-15
  1.76800000e-05  -1.36189623e-05   6.75138050e-04  -6.71506023e-04  -3.51907068e-16   4.24622346e-15   4.27632745e-15
  1.77600000e-05  -1.76501939e-05   6.74879675e-04  -6.76094639e-04  -3.72444080e-16   4.27213416e-15   4.27418006e-15
  1.78400000e-05  -2.08097478e-05   6.74060945e-04  -6.80790949e-04  -3.92884334e-16   4.29900215e-15   4.26851338e-15
  1.79200000e-05  -2.64304833e-05   6.74812953e-04  -6.85444823e-04  -4.14351607e-16   4.32410297e-15   4.27300945e-15
  1.80000000e-05  -2.95343900e-05   6.73984765e-04  -6.90782068e-04  -4.35227934e-16   4.35469881e-15   4.26741657e-15
  1.80800000e-05  -3.51741798e-05   6.74817148e-04  -6.94981331e-04  -4.57148960e-16   4.37647420e-15   4.27263229e-15
  1.81600000e-05  -3.90894318e-05   6.74864756e-04  -6.99939003e-04  -4.78922262e-16   4.40382356e-15   4.27280963e-15
  1.82400000e-05  -4.29474143e-05   6.75447760e-04  -7.05067488e-04  -5.01267560e-16   4.43209626e-15   4.27643834e-15
  1.83200000e-05  -4.79091858e-05   6.75861874e-04  -7.09296591e-04  -5.23632362e-16   4.45380597e-15   4.27923170e-15
  1.84000000e-05  -5.07576335e-05   6.76712905e-04  -7.14522719e-04  -5.46654428e-16   4.48293432e-15   4.28454731e-15
  1.84800000e-05  -5.67058409e-05   6.76945375e-04  -7.18709709e-04  -5.69350713e-16   4.50331407e-15   4.28654728e-15
  1.85600000e-05  -6.02955491e-05   6.77353058e-04  -7.24146466e-04  -5.92631156e-16   4.53289785e-15   4.28933287e-15
  1.86400000e-05  -6.28508870e-05   6.78793699e-04  -7.29488053e-04  -6.16862620e-16   4.56239217e-15   4.29848496e-15
  1.87200000e-05  -6.81910703e-05   6.78861588e-04  -7.35084424e-04  -6.40505149e-16   4.59138740e-15   4.29963304e-15
  1.88000000e-05  -7.16396073e-05   6.80146709e-04  -7.39710575e-04  -6.65047344e-16   4.61535492e-15   4.30812036e-15
  1.88800000e-05  -7.63527768e-05   6.81313280e-04  -7.44926586e-04  -6.89932631e-16   4.64192738e-15   4.31624418e-15
  1.89600000e-05  -8.07001688e-05   6.82188880e-04  -7.50369543e-04  -7.14960819e-16   4.66996378e-15   4.32252995e-15
  1.90400000e-05  -8.50942425e-05   6.82919157e-04  -7.55700764e-04  -7.40148670e-16   4.69702864e-15   4.32800043e-15
  1.91200000e-05  -8.96100842e-05   6.84310411e-04  -7.61490679e-04  -7.66280981e-16   4.72665398e-15   4.33776161e-15
  1.92000000e-05  -9.44572142e-05   6.84548207e-04  -7.66673883e-04  -7.91632328e-16   4.75195483e-15   4.34046029e-15
  1.92800000e-05  -9.91836106e-05   6.85844813e-04  -7.71990601e-04  -8.18159218e-16   4.77793842e-15   4.34988750e-15
  1.93600000e-05  -1.03718781e-04   6.87029160e-04  -7.77253269e-04  -8.44884781e-16   4.80348632e-15   4.35863795e-15
  1.94400000e-05  -1.07583184e-04   6.88510747e-04  -7.82989688e-04  -8.72347588e-16   4.83232248e-15   4.36909443e-15
  1.95200000e-05  -1.12990341e-04   6.89868722e-04  -7.87870890e-04  -8.99712110e-16   4.85423390e-15   4.37945222e-15
  1.96000000e-05  -1.16238446e-04   6.91329522e-04  -7.93954929e-04  -9.27973835e-16   4.88528930e-15   4.38968362e-15
  1.96800000e-05  -1.21734746e-04   6.92755238e-04  -7.99039400e-04  -9.56129449e-16   4.90785823e-15   4.40070749e-15
  1.97600000e-05  -1.27045078e-04   6.94982258e-04  -8.03567607e-04  -9.85074912e-16   4.92681217e-15   4.41679821e-15
  1.98400000e-05  -1.31448666e-04   6.96761689e-04  -8.08699327e-04  -1.01421850e-15   4.95008959e-15   4.42976806e-15
  1.99200000e-05  -1.36539241e-04   6.98855124e-04  -8.14117459e-04  -1.04413046e-15   4.97425532e-15   4.44511852e-15
  2.00000000e-05  -1.41475840e-04   7.00517510e-04  -8.19307979e-04  -1.07388480e-15   4.99684437e-15   4.45779343e-15
  2.00800000e-05  -1.46428569e-04   7.03210874e-04  -8.24246098e-04  -1.10485293e-15   5.01754134e-15   4.47702655e-15
  2.01600000e-05  -1.51246099e-04   7.06205404e-04  -8.29895729e-04  -1.13685805e-15   5.04252650e-15   4.49816125e-15
  2.02400000e-05  -1.55856952e-04   7.08098175e-04  -8.35180961e-04  -1.16798631e-15   5.06513376e-15   4.51237629e-15
  2.03200000e-05  -1.60088978e-04   7.10057282e-04  -8.39994469e-04  -1.19926770e-15   5.08488319e-15   4.52687252e-15
  2.04000000e-05  -1.64842920e-04   7.12970638e-04  -8.46303576e-04  -1.23276566e-15   5.11314759e-15   4.54770238e-15
  2.04800000e-05  -1.69567121e-04   7.14870772e-04  -8.51205493e-04  -1.26477735e-15   5.13235143e-15   4.56227399e-15
  2.05600000e-05  -1.73472505e-04   7.16446466e-04  -8.56713629e-04  -1.29718404e-15   5.15588984e-15   4.57439299e-15
  2.06400000e-05  -1.78796337e-04   7.19586807e-04  -8.61565580e-04  -1.33120557e-15   5.17352883e-15   4.59723306e-15
  2.07200000e-05  -1.83858453e-04   7.21840607e-04  -8.66938685e-04  -1.36499374e-15   5.19436019e-15   4.61447369e-15
  2.08000000e-05  -1.88843792e-04   7.23537560e-04  -8.72494662e-04  -1.39867316e-15   5.21607820e-15   4.62829105e-15
  2.08800000e-05  -1.93931246e-04   7.26006074e-04  -8.77818818e-04  -1.43343535e-15   5.23589786e-15   4.64706551e-15
  2.09600000e-05  -1.99246462e-04   7.29682952e-04  -8.82788420e-04  -1.46970402e-15   5.25291727e-15   4.67359722e-15
  2.10400000e-05  -2.04689976e-04   7.32125481e-04  -8.87826128e-04  -1.50502490e-15   5.26984594e-15   4.69264406e-15
  2.11200000e-05  -2.09541051e-04   7.32859010e-04  -8.94333373e-04  -1.53982414e-15   5.29622051e-15   4.70075189e-15
  2.12000000e-05  -2.15216601e-04   7.37355501e-04  -8.98405095e-04  -1.57759454e-15   5.30616792e-15   4.73289462e-15
  2.12800000e-05  -2.20350952e-04   7.37856888e-04  -9.04677112e-04  -1.61270037e-15   5.33001404e-15   4.73997581e-15
  2.13600000e-05  -2.25728130e-04   7.41016324e-04  -9.09903443e-04  -1.65056499e-15   5.34672881e-15   4.76379369e-15
  2.14400000e-05  -2.31074955e-04   7.43165080e-04  -9.15104578e-04  -1.68756946e-15   5.36294109e-15   4.78142683e-15
  2.15200000e-05  -2.36497105e-04   7.45509411e-04  -9.20181804e-04  -1.72509447e-15   5.37790700e-15   4.80042108e-15
  2.16000000e-05  -2.42039720e-04   7.49010730e-04  -9.25540249e-04  -1.76472604e-15   5.39405976e-15   4.82674032e-15
  2.16800000e-05  -2.47325182e-04   7.51243986e-04  -9.30672113e-04  -1.80294885e-15   5.40874521e-15   4.84510269e-15
  2.17600000e-05  -2.53150517e-04   7.54440686e-04  -9.35848042e-04  -1.84286290e-15   5.42259214e-15   4.86996352e-15
  2.18400000e-05  -2.58690370e-04   7.57188330e-04  -9.40991708e-04  -1.88257165e-15   5.43619428e-15   4.89188798e-15
  2.19200000e-05  -2.64512539e-04   7.61267699e-04  -9.45506625e-04  -1.92387281e-15   5.44514282e-15   4.92233444e-15
  2.20000000e-05  -2.70025754e-04   7.62646922e-04  -9.51596910e-04  -1.96344627e-15   5.46374062e-15   4.93600386e-15
  2.20800000e-05  -2.75501328e-04   7.65348168e-04  -9.56249980e-04  -2.00380900e-15   5.47315470e-15   4.95782595e-15
  2.21600000e-05  -2.81268547e-04   7.68732335e-04  -9.60811716e-04  -2.04542063e-15   5.48117048e-15   4.98418722e-15
  2.22400000e-05  -2.86795115e-04   7.70740663e-04  -9.65679518e-04  -2.08577820e-15   5.49097011e-15   5.00197514e-15
  2.23200000e-05  -2.92392094e-04   7.73793123e-04  -9.70420101e-04  -2.12784536e-15   5.49946751e-15   5.02629252e-15
  2.24000000e-05  -2.98288179e-04   7.77287342e-04  -9.75387448e-04  -2.17118804e-15   5.50846519e-15   5.05368406e-15
  2.24800000e-05  -3.03874049e-04   7.78556988e-04  -9.80311737e-04  -2.21162786e-15   5.51719585e-15   5.06727351e-15
  2.25600000e-05  -3.09725501e-04   7.81520058e-04  -9.85618088e-04  -2.25534711e-15   5.52739582e-15   5.09153523e-15
  2.26400000e-05  -3.15589870e-04   7.84514735e-04  -9.90124044e-04  -2.29861465e-15   5.53224877e-15   5.11607632e-15
  2.27200000e-05  -3.21556874e-04   7.87776640e-04  -9.94931977e-04  -2.34300729e-15   5.53831183e-15   5.14242471e-15
  2.28000000e-05  -3.26730827e-04   7.88954256e-04  -1.00002447e-03  -2.38491505e-15   5.54683477e-15   5.15529801e-15
  2.28800000e-05  -3.32459228e-04   7.91146209e-04  -1.00466319e-03  -2.42818617e-15   5.55130219e-15   5.17503242e-15
  2.29600000e-05  -3.38651065e-04   7.94443854e-04  -1.00997853e-03  -2.47436583e-15   5.55864305e-15   5.20206747e-15
  2.30400000e-05  -3.45324470e-04   7.98930416e-04  -1.01413209e-03  -2.52145219e-15   5.55768844e-15   5.23691690e-15
  2.31200000e-05  -3.51402888e-04   8.01487379e-04  -1.01889734e-03  -2.56658674e-15   5.56086667e-15   5.25948023e-15
  2.32000000e-05  -3.57448512e-04   8.03674989e-04  -1.02356059e-03  -2.61135169e-15   5.56296781e-15   5.27984557e-15
  2.32800000e-05  -3.63629950e-04   8.06524190e-04  -1.02816251e-03  -2.65747408e-15   5.56396137e-15   5.30442083e-15
  2.33600000e-05  -3.69637229e-04   8.09122010e-04  -1.03245116e-03  -2.70312712e-15   5.56284925e-15   5.32732238e-15
  2.34400000e-05  -3.75989903e-04   8.12029105e-04  -1.03682054e-03  -2.74974455e-15   5.56112290e-15   5.35258477e-15
  2.35200000e-05  -3.81395933e-04   8.13738341e-04  -1.04261494e-03  -2.79657933e-15   5.56899548e-15   5.36948870e-15
  2.36000000e-05  -3.87133018e-04   8.15975931e-04  -1.04715746e-03  -2.84298361e-15   5.56830829e-15   5.39003787e-15
  2.36800000e-05  -3.93594501e-04   8.18770504e-04  -1.05122321e-03  -2.89002388e-15   5.56300230e-15   5.41494866e-15
  2.37600000e-05  -3.99213079e-04   8.20309122e-04  -1.05574245e-03  -2.93580655e-15   5.56133589e-15   5.43127440e-15
  2.38400000e-05  -4.05577866e-04   8.24083240e-04  -1.06077391e-03  -2.98660305e-15   5.56086090e-15   5.46196728e-15
  2.39200000e-05  -4.11818301e-04   8.25186836e-04  -1.06473736e-03  -3.03142596e-15   5.55372026e-15   5.47670607e-15
  2.40000000e-05  -4.17485684e-04   8.26921897e-04  -1.06951431e-03  -3.07883189e-15   5.55189737e-15   5.49441337e-15
  2.40800000e-05  -4.24571988e-04   8.29550237e-04  -1.07324904e-03  -3.12664136e-15   5.54076643e-15   5.51952830e-15
  2.41600000e-05  -4.29528752e-04   8.30734279e-04  -1.07888385e-03  -3.17491413e-15   5.54421041e-15   5.53301689e-15
  2.42400000e-05  -4.35431671e-04   8.32678314e-04  -1.08334992e-03  -3.22315649e-15   5.53846466e-15   5.55242927e-15
  2.43200000e-05  -4.41250738e-04   8.34526537e-04  -1.08798710e-03  -3.27175240e-15   5.53334733e-15   5.57119505e-15
  2.44000000e-05  -4.47617501e-04   8.37482811e-04  -1.09261088e-03  -3.32275785e-15   5.52653120e-15   5.59732617e-15
  2.44800000e-05  -4.53463422e-04   8.39189014e-04  -1.09720607e-03  -3.37162252e-15   5.51996981e-15   5.61535856e-15
  2.45600000e-05  -4.59249350e-04   8.40600933e-04  -1.10137453e-03  -3.41950869e-15   5.51046561e-15   5.63160806e-15
  2.46400000e-05  -4.65497116e-04   8.42941050e-04  -1.10529711e-03  -3.46907365e-15   5.49806064e-15   5.65403162e-15
  2.47200000e-05  -4.71584202e-04   8.45032970e-04  -1.10991050e-03  -3.51954571e-15   5.48940313e-15   5.67477176e-15
  2.48000000e-05  -4.77780356e-04   8.47062134e-04  -1.11381312e-03  -3.56898826e-15   5.47582056e-15   5.69534745e-15
  2.48800000e-05  -4.83066198e-04   8.46757792e-04  -1.11825784e-03  -3.61478795e-15   5.46667271e-15   5.70094780e-15
  2.49600000e-05  -4.89410843e-04   8.49693520e-04  -1.12238856e-03  -3.66694691e-15   5.45294510e-15   5.72705026e-15
  2.50400000e-05  -4.94793580e-04   8.50866286e-04  -1.12706621e-03  -3.71663386e-15   5.44379565e-15   5.74137411e-15
  2.51200000e-05  -4.99838406e-04   8.51045880e-04  -1.13185476e-03  -3.76466154e-15   5.43541077e-15   5.74941818e-15
  2.52000000e-05  -5.05714176e-04   8.52531423e-04  -1.13636667e-03  -3.81516436e-15   5.42312517e-15   5.76641985e-15
  2.52800000e-05  -5.11481829e-04   8.54102834e-04  -1.14084619e-03  -3.86603086e-15   5.41029329e-15   5.78373442e-15
  2.53600000e-05  -5.17403773e-04   8.55576651e-04  -1.14545251e-03  -3.91714468e-15   5.39725373e-15   5.80077277e-15
  2.54400000e-05  -5.22811730e-04   8.56036729e-04  -1.14997384e-03  -3.96610647e-15   5.38425624e-15   5.81113052e-15
  2.55200000e-05  -5.28228106e-04   8.56368459e-04  -1.15439861e-03  -4.01477096e-15   5.37013021e-15   5.82080137e-15
  2.56000000e-05  -5.33364849e-04   8.56685704e-04  -1.15926187e-03  -4.06438432e-15   5.35851964e-15   5.82988804e-15
  2.56800000e-05  -5.39057573e-04   8.57291646e-04  -1.16336239e-03  -4.11339565e-15   5.34077061e-15   5.84164933e-15
  2.57600000e-05  -5.44999497e-04   8.59199547e-04  -1.16809266e-03  -4.16672327e-15   5.32539874e-15   5.86121504e-15
  2.58400000e-05  -5.50674477e-04   8.59975116e-04  -1.17239982e-03  -4.21686503e-15   5.30766317e-15   5.87391610e-15
  2.59200000e-05  -5.55013439e-04   8.59793876e-04  -1.17733924e-03  -4.26618384e-15   5.29594423e-15   5.87868777e-15
  2.60000000e-05  -5.61017837e-04   8.61243854e-04  -1.18186158e-03  -4.31864515e-15   5.27744128e-15   5.89578422e-15
  2.60800000e-05  -5.66457709e-04   8.61740136e-04  -1.18624358e-03  -4.36878850e-15   5.25883450e-15   5.90644517e-15
  2.61600000e-05  -5.71807787e-04   8.61953608e-04  -1.19116483e-03  -4.41946510e-15   5.24283967e-15   5.91536031e-15
  2.62400000e-05  -5.77351536e-04   8.62400482e-04  -1.19575995e-03  -4.47020090e-15   5.22395995e-15   5.92595775e-15
  2.63200000e-05  -5.81585812e-04   8.61560652e-04  -1.20092608e-03  -4.51910752e-15   5.21080345e-15   5.92681942e-15
  2.64000000e-05  -5.86547034e-04   8.62194599e-04  -1.20618313e-03  -4.57191572e-15   5.19579468e-15   5.93726567e-15
  2.64800000e-05  -5.91046713e-04   8.61261346e-04  -1.21102354e-03  -4.62017435e-15   5.17902828e-15   5.93814694e-15
  2.65600000e-05  -5.95535987e-04   8.61104816e-04  -1.21632531e-03  -4.67140953e-15   5.16423595e-15   5.94326276e-15
  2.66400000e-05  -6.00380099e-04   8.60197597e-04  -1.22081129e-03  -4.71916680e-15   5.14351912e-15   5.94501108e-15
  2.67200000e-05  -6.04615230e-04   8.59044712e-04  -1.22548883e-03  -4.76675820e-15   5.12481083e-15   5.94415559e-15
  2.68000000e-05  -6.08994549e-04   8.58267092e-04  -1.23034236e-03  -4.81572184e-15   5.10613495e-15   5.94564259e-15
  2.68800000e-05  -6.13622626e-04   8.57691034e-04  -1.23529783e-03  -4.86551319e-15   5.08675449e-15   5.94872957e-15
  2.69600000e-05  -6.18060175e-04   8.57670893e-04  -1.24064011e-03  -4.91765028e-15   5.06938065e-15   5.95439722e-15
  2.70400000e-05  -6.23752036e-04   8.59173389e-04  -1.24440087e-03  -4.97042338e-15   5.03962749e-15   5.97092601e-15
  2.71200000e-05  -6.27449278e-04   8.57466760e-04  -1.25063225e-03  -5.02031917e-15   5.02773294e-15   5.96587005e-15
  2.72000000e-05  -6.31333831e-04   8.56022617e-04  -1.25535091e-03  -5.06760560e-15   5.00668712e-15   5.96262623e-15
  2.72800000e-05  -6.36442783e-04   8.56758315e-04  -1.26113366e-03  -5.12315133e-15   4.98743112e-15   5.97368543e-15
  2.73600000e-05  -6.38427339e-04   8.53262724e-04  -1.26627760e-03  -5.16597173e-15   4.97259712e-15   5.95527345e-15
  2.74400000e-05  -6.42300324e-04   8.51565537e-04  -1.27195413e-03  -5.21483717e-15   4.95493537e-15   5.95064212e-15
  2.75200000e-05  -6.45633028e-04   8.49855758e-04  -1.27744206e-03  -5.26326122e-15   4.93719076e-15   5.94471992e-15
  2.76000000e-05  -6.49656711e-04   8.49335498e-04  -1.28188267e-03  -5.31256356e-15   4.91149346e-15   5.94660377e-15
  2.76800000e-05  -6.52072219e-04   8.47008029e-04  -1.28767189e-03  -5.36000298e-15   4.89677592e-15   5.93529888e-15
  2.77600000e-05  -6.55897751e-04   8.46004093e-04  -1.29229053e-03  -5.40840032e-15   4.87149192e-15   5.93416075e-15
  2.78400000e-05  -6.59723926e-04   8.44044808e-04  -1.29865600e-03  -5.45824148e-15   4.85469276e-15   5.92806001e-15
  2.79200000e-05  -6.63245120e-04   8.43369851e-04  -1.30336855e-03  -5.50782802e-15   4.82960443e-15   5.92785733e-15
  2.80000000e-05  -6.67555042e-04   8.42105093e-04  -1.30962580e-03  -5.55946957e-15   4.80960957e-15   5.92646285e-15
  2.80800000e-05  -6.69765415e-04   8.40589476e-04  -1.31486366e-03  -5.60796460e-15   4.78982450e-15   5.91871009e-15
  2.81600000e-05  -6.73523544e-04   8.38618670e-04  -1.32121275e-03  -5.65784594e-15   4.77066371e-15   5.91234086e-15
  2.82400000e-05  -6.75934520e-04   8.36830815e-04  -1.32693330e-03  -5.70673989e-15   4.75164680e-15   5.90361772e-15
  2.83200000e-05  -6.77821343e-04   8.33245787e-04  -1.33322984e-03  -5.75174835e-15   4.73656457e-15   5.88449195e-15
  2.84000000e-05  -6.79621115e-04   8.29908700e-04  -1.33914006e-03  -5.79646330e-15   4.71928525e-15   5.86643246e-15
  2.84800000e-05  -6.81331513e-04   8.26430530e-04  -1.34559728e-03  -5.84205142e-15   4.70452351e-15   5.84746692e-15
  2.85600000e-05  -6.85135997e-04   8.25890458e-04  -1.35161981e-03  -5.89535684e-15   4.68073003e-15   5.84845782e-15
  2.86400000e-05  -6.86674965e-04   8.22075059e-04  -1.35758596e-03  -5.93862028e-15   4.66291676e-15   5.82738011e-15
  2.87200000e-05  -6.89701825e-04   8.20777897e-04  -1.36443380e-03  -5.99175032e-15   4.64438707e-15   5.82258472e-15
  2.88000000e-05  -6.92850337e-04   8.19462097e-04  -1.37003401e-03  -6.04166849e-15   4.61868716e-15   5.81796589e-15
  2.88800000e-05  -6.94247736e-04   8.16429612e-04  -1.37747384e-03  -6.09103027e-15   4.60685070e-15   5.80036665e-15
  2.89600000e-05  -6.96608176e-04   8.14560561e-04  -1.38382071e-03  -6.14119040e-15   4.58605215e-15   5.79093851e-15
  2.90400000e-05  -6.98849554e-04   8.12364342e-04  -1.39059726e-03  -6.19144403e-15   4.56713413e-15   5.77957762e-15
  2.91200000e-05  -7.01159995e-04   8.10198373e-04  -1.39776981e-03  -6.24282690e-15   4.54931892e-15   5.76852582e-15
  2.92000000e-05  -7.03104819e-04   8.07517814e-04  -1.40438495e-03  -6.29110522e-15   4.52934914e-15   5.75400394e-15
  2.92800000e-05  -7.04580836e-04   8.04315194e-04  -1.41165287e-03  -6.33941990e-15   4.51345611e-15   5.73574089e-15
  2.93600000e-05  -7.04706020e-04   7.99456974e-04  -1.41895167e-03  -6.38244559e-15   4.50150809e-15   5.70598000e-15
  2.94400000e-05  -7.06143868e-04   7.96633785e-04  -1.42660381e-03  -6.43291105e-15   4.48647479e-15   5.68948296e-15
  2.95200000e-05  -7.06247472e-04   7.91749216e-04  -1.43348302e-03  -6.47455949e-15   4.47152880e-15   5.65962107e-15
  2.96000000e-05  -7.08696224e-04   7.89628499e-04  -1.43992460e-03  -6.52395661e-15   4.44629944e-15   5.64920423e-15
  2.96800000e-05  -7.08668650e-04   7.85056532e-04  -1.44766981e-03  -6.56880798e-15   4.43477437e-15   5.62051981e-15
  2.97600000e-05  -7.10712790e-04   7.83275120e-04  -1.45585232e-03  -6.62407444e-15   4.41781428e-15   5.61058172e-15
  2.98400000e-05  -7.11419515e-04   7.79562768e-04  -1.46324981e-03  -6.67075591e-15   4.40100025e-15   5.58794663e-15
  2.99200000e-05  -7.13267024e-04   7.77276684e-04  -1.47102387e-03  -6.72322987e-15   4.38148652e-15   5.57508663e-15
  3.00000000e-05  -7.14036076e-04   7.73729689e-04  -1.47907419e-03  -6.77221840e-15   4.36622429e-15   5.55339662e-15
  3.00800000e-05  -7.14388674e-04   7.69545282e-04  -1.48711964e-03  -6.81899541e-15   4.35175019e-15   5.52765340e-15
  3.01600000e-05  -7.14470094e-04   7.65247360e-04  -1.49529592e-03  -6.86569004e-15   4.33820563e-15   5.50067080e-15
  3.02400000e-05  -7.14620258e-04   7.61069184e-04  -1.50359708e-03  -6.91309238e-15   4.32440556e-15   5.47447703e-15
  3.03200000e-05  -7.15024635e-04   7.57742925e-04  -1.51155539e-03  -6.96240536e-15   4.30757403e-15   5.45287666e-15
  3.04000000e-05  -7.15005624e-04   7.53127862e-04  -1.52027457e-03  -7.00939973e-15   4.29501328e-15   5.42431910e-15
  3.04800000e-05  -7.15230951e-04   7.49500791e-04  -1.52937576e-03  -7.06091054e-15   4.28265815e-15   5.40092085e-15
  3.05600000e-05  -7.15105253e-04   7.45554193e-04  -1.53877225e-03  -7.11216795e-15   4.27216172e-15   5.37511431e-15
  3.06400000e-05  -7.14743854e-04   7.41521411e-04  -1.54777092e-03  -7.16195788e-15   4.26006493e-15   5.34826867e-15
  3.07200000e-05  -7.14809733e-04   7.37855587e-04  -1.55715553e-03  -7.21417193e-15   4.24746617e-15   5.32430883e-15
  3.08000000e-05  -7.14604534e-04   7.33470165e-04  -1.56711018e-03  -7.26550943e-15   4.23759689e-15   5.29644753e-15
  3.08800000e-05  -7.14324510e-04   7.28912986e-04  -1.57608121e-03  -7.31329463e-15   4.22304892e-15   5.26768593e-15
  3.09600000e-05  -7.13276501e-04   7.24699021e-04  -1.58557168e-03  -7.36383318e-15   4.21284507e-15   5.23816993e-15
  3.10400000e-05  -7.12420423e-04   7.20617653e-04  -1.59626588e-03  -7.41847677e-15   4.20637812e-15   5.20982425e-15
  3.11200000e-05  -7.12659871e-04   7.16235094e-04  -1.60537718e-03  -7.46726307e-15   4.18845865e-15   5.18354186e-15
  3.12000000e-05  -7.12441615e-04   7.12210246e-04  -1.61549920e-03  -7.52039054e-15   4.17573184e-15   5.15743876e-15
  3.12800000e-05  -7.11156107e-04   7.07549759e-04  -1.62631144e-03  -7.57329622e-15   4.16902148e-15   5.12545494e-15
  3.13600000e-05  -7.11171946e-04   7.03893645e-04  -1.63686621e-03  -7.62916535e-15   4.15565970e-15   5.10169419e-15
  3.14400000e-05  -7.11593735e-04   7.00645732e-04  -1.64765637e-03  -7.68732619e-15   4.14092507e-15   5.08089840e-15
  3.15200000e-05  -7.11522984e-04   6.97306993e-04  -1.65884727e-03  -7.74645090e-15   4.12877000e-15   5.05821011e-15
  3.16000000e-05  -7.10049080e-04   6.92062037e-04  -1.67043883e-03  -7.79974052e-15   4.12262507e-15   5.02341703e-15
  3.16800000e-05  -7.09542415e-04   6.87626611e-04  -1.68145932e-03  -7.85431797e-15   4.10971452e-15   4.99501874e-15
  3.17600000e-05  -7.07316313e-04   6.82199957e-04  -1.69326245e-03  -7.90762210e-15   4.10564328e-15   4.95732942e-15
  3.18400000e-05  -7.05864512e-04   6.76912258e-04  -1.70498170e-03  -7.96122701e-15   4.09745172e-15   4.92272902e-15
  3.19200000e-05  -7.04523236e-04   6.71711732e-04  -1.71671301e-03  -8.01522008e-15   4.08801962e-15   4.88892404e-15
  3.20000000e-05  -7.02868147e-04   6.67130589e-04  -1.72880097e-03  -8.07276981e-15   4.08032348e-15   4.85666163e-15
  3.20800000e-05  -7.01586332e-04   6.62691024e-04  -1.74134285e-03  -8.13239137e-15   4.07203906e-15   4.82620545e-15
  3.21600000e-05  -7.00089893e-04   6.58524316e-04  -1.75436470e-03  -8.19469492e-15   4.06545729e-15   4.79616672e-15
  3.22400000e-05  -6.99496100e-04   6.55140570e-04  -1.76694613e-03  -8.25875576e-15   4.05262791e-15   4.77208006e-15
  3.23200000e-05  -6.98744449e-04   6.51210265e-04  -1.78005364e-03  -8.32249336e-15   4.04136120e-15   4.74540302e-15
  3.24000000e-05  -6.96271098e-04   6.45963127e-04  -1.79388096e-03  -8.38351844e-15   4.03851848e-15   4.70819179e-15
  3.24800000e-05  -6.95047998e-04   6.41183726e-04  -1.80686460e-03  -8.44372616e-15   4.02652383e-15   4.67690634e-15
  3.25600000e-05  -6.93211767e-04   6.36352836e-04  -1.82039889e-03  -8.50560691e-15   4.01795282e-15   4.64350012e-15
  3.26400000e-05  -6.90432188e-04   6.30567157e-04  -1.83496064e-03  -8.56719215e-15   4.01586202e-15   4.60355156e-15
  3.27200000e-05  -6.87538820e-04   6.25025969e-04  -1.84967286e-03  -8.63037096e-15   4.01367841e-15   4.56424944e-15
  3.28000000e-05  -6.84063591e-04   6.18852048e-04  -1.86489793e-03  -8.69286172e-15   4.01455679e-15   4.52083021e-15
  3.28800000e-05  -6.79961315e-04   6.12174904e-04  -1.87990472e-03  -8.75273640e-15   4.01604684e-15   4.47365505e-15
  3.29600000e-05  -6.79397372e-04   6.08447579e-04  -1.89488717e-03  -8.82455867e-15   4.00194197e-15   4.44900045e-15
  3.30400000e-05  -6.76483839e-04   6.02091897e-04  -1.90996975e-03  -8.88621529e-15   3.99646140e-15   4.40719968e-15
  3.31200000e-05  -6.73751492e-04   5.96219225e-04  -1.92624807e-03  -8.95399343e-15   3.99322984e-15   4.36787296e-15
  3.32000000e-05  -6.72419978e-04   5.91569958e-04  -1.94223722e-03  -9.02596025e-15   3.98189657e-15   4.33768145e-15
  3.32800000e-05  -6.71611451e-04   5.87635804e-04  -1.95831243e-03  -9.10131112e-15   3.96728430e-15   4.31180589e-15
  3.33600000e-05  -6.68433748e-04   5.82943297e-04  -1.97548656e-03  -9.17752567e-15   3.96471163e-15   4.27528595e-15
  3.34400000e-05  -6.68500856e-04   5.79308477e-04  -1.99266313e-03  -9.25833976e-15   3.94719950e-15   4.25353090e-15
  3.35200000e-05  -6.66777728e-04   5.74612989e-04  -2.01005609e-03  -9.33570398e-15   3.93619519e-15   4.22208535e-15
  3.36000000e-05  -6.65459799e-04   5.69618314e-04  -2.02761167e-03  -9.41258598e-15   3.92247009e-15   4.19114197e-15
  3.36800000e-05  -6.63497652e-04   5.65118906e-04  -2.04594010e-03  -9.49443482e-15   3.91231484e-15   4.15968106e-15
  3.37600000e-05  -6.61121418e-04   5.60464346e-04  -2.06496419e-03  -9.57831143e-15   3.90446440e-15   4.12633786e-15
  3.38400000e-05  -6.58749712e-04   5.55546338e-04  -2.08440973e-03  -9.66282377e-15   3.89616782e-15   4.09223005e-15
  3.39200000e-05  -6.56647770e-04   5.50375559e-04  -2.10328152e-03  -9.74448344e-15   3.88310273e-15   4.05835265e-15
  3.40000000e-05  -6.53890940e-04   5.44975246e-04  -2.12305150e-03  -9.82856180e-15   3.87384153e-15   4.02154881e-15
  3.40800000e-05  -6.51645074e-04   5.40126961e-04  -2.14348653e-03  -9.91760941e-15   3.86257764e-15   3.98838226e-15
  3.41600000e-05  -6.49770523e-04   5.36059402e-04  -2.16410814e-03  -1.00109252e-14   3.84831263e-15   3.95901116e-15
  3.42400000e-05  -6.47406943e-04   5.31531479e-04  -2.18498335e-03  -1.01034612e-14   3.83481904e-15   3.92651868e-15
  3.43200000e-05  -6.45095195e-04   5.26607481e-04  -2.20615910e-03  -1.01956446e-14   3.81992147e-15   3.89308305e-15
  3.44000000e-05  -6.43505959e-04   5.21810297e-04  -2.22806946e-03  -1.02912830e-14   3.80193716e-15   3.86271256e-15
  3.44800000e-05  -6.41439823e-04   5.17224238e-04  -2.25082783e-03  -1.03911715e-14   3.78622472e-15   3.83131855e-15
  3.45600000e-05  -6.39263712e-04   5.12549724e-04  -2.27355205e-03  -1.04908472e-14   3.76855906e-15   3.79933762e-15
  3.46400000e-05  -6.36357649e-04   5.07658467e-04  -2.29719039e-03  -1.05932130e-14   3.75425818e-15   3.76414298e-15
  3.47200000e-05  -6.33849703e-04   5.02638120e-04  -2.32059257e-03  -1.06944549e-14   3.73508383e-15   3.73011302e-15
  3.48000000e-05  -6.30790450e-04   4.96913105e-04  -2.34514716e-03  -1.07971207e-14   3.71904179e-15   3.69220379e-15
  3.48800000e-05  -6.28901849e-04   4.92478070e-04  -2.37031432e-03  -1.09080127e-14   3.69691636e-15   3.66226518e-15
  3.49600000e-05  -6.27642774e-04   4.88809247e-04  -2.39562356e-03  -1.10230851e-14   3.66956840e-15   3.63674779e-15
  3.50400000e-05  -6.23774648e-04   4.82654336e-04  -2.42194605e-03  -1.11312529e-14   3.65363148e-15   3.59497454e-15
  3.51200000e-05  -6.22322349e-04   4.78286161e-04  -2.44740271e-03  -1.12443786e-14   3.62182482e-15   3.56700463e-15
  3.52000000e-05  -6.20269257e-04   4.73616056e-04  -2.47474171e-03  -1.13634392e-14   3.59455626e-15   3.53605853e-15
  3.52800000e-05  -6.19577204e-04   4.69996366e-04  -2.50194883e-03  -1.14869417e-14   3.55772073e-15   3.51292678e-15
  3.53600000e-05  -6.18617098e-04   4.66139032e-04  -2.52988315e-03  -1.16123505e-14   3.52062375e-15   3.48818430e-15
  3.54400000e-05  -6.17963300e-04   4.62275963e-04  -2.55808062e-03  -1.17389518e-14   3.47944085e-15   3.46459106e-15
  3.55200000e-05  -6.17432825e-04   4.57186638e-04  -2.58603202e-03  -1.18592634e-14   3.43367398e-15   3.43852215e-15
  3.56000000e-05  -6.18952658e-04   4.55557970e-04  -2.61542328e-03  -1.20007318e-14   3.37851191e-15   3.42850542e-15
  3.56800000e-05  -6.18815905e-04   4.52002593e-04  -2.64559683e-03  -1.21366180e-14   3.32885562e-15   3.40754249e-15
  3.57600000e-05  -6.20185248e-04   4.49429130e-04  -2.67577323e-03  -1.22770491e-14   3.26850741e-15   3.39453549e-15
  3.58400000e-05  -6.22136530e-04   4.46749494e-04  -2.70619118e-03  -1.24179509e-14   3.20207206e-15   3.38342131e-15
  3.59200000e-05  -6.22162382e-04   4.43333877e-04  -2.73834215e-03  -1.25621374e-14   3.14409529e-15   3.36319305e-15
  3.60000000e-05  -6.23980464e-04   4.41116482e-04  -2.77071276e-03  -1.27126788e-14   3.07413399e-15   3.35239168e-15
  3.60800000e-05  -6.25615665e-04   4.38605022e-04  -2.80378789e-03  -1.28645424e-14   3.00205142e-15   3.34011504e-15
  3.61600000e-05  -6.27351855e-04   4.36182780e-04  -2.83691904e-03  -1.30169065e-14   2.92502353e-15   3.32826746e-15
  3.62400000e-05  -6.29347289e-04   4.34011602e-04  -2.87082088e-03  -1.31732675e-14   2.84369584e-15   3.31778178e-15
  3.63200000e-05  -6.30843790e-04   4.32086926e-04  -2.90680372e-03  -1.33386573e-14   2.76386934e-15   3.30563804e-15
  3.64000000e-05  -6.33198328e-04   4.29951485e-04  -2.94269102e-03  -1.35024566e-14   2.67473226e-15   3.29621356e-15
  3.64800000e-05  -6.37189567e-04   4.28638373e-04  -2.97868700e-03  -1.36701310e-14   2.57297341e-15   3.29451869e-15
  3.65600000e-05  -6.39843052e-04   4.26763129e-04  -3.01604211e-03  -1.38400915e-14   2.47450130e-15   3.28626456e-15
  3.66400000e-05  -6.43175957e-04   4.25404363e-04  -3.05375814e-03  -1.40133728e-14   2.36793007e-15   3.28133133e-15
  3.67200000e-05  -6.48097648e-04   4.24460583e-04  -3.09224692e-03  -1.41909834e-14   2.24950459e-15   3.28303958e-15
  3.68000000e-05  -6.52695375e-04   4.23761718e-04  -3.13138305e-03  -1.43716057e-14   2.12765661e-15   3.28350120e-15
  3.68800000e-05  -6.57902044e-04   4.22363613e-04  -3.17097185e-03  -1.45499285e-14   1.99753827e-15   3.28483369e-15
  3.69600000e-05  -6.64421730e-04   4.22993545e-04  -3.21140938e-03  -1.47402210e-14   1.85623304e-15   3.29416044e-15
  3.70400000e-05  -6.70580993e-04   4.23425783e-04  -3.25427142e-03  -1.49381165e-14   1.71360664e-15   3.30113898e-15
  3.71200000e-05  -6.77451301e-04   4.23731972e-04  -3.29606138e-03  -1.51299477e-14   1.55906845e-15   3.31014160e-15
  3.72000000e-05  -6.86082646e-04   4.24383822e-04  -3.33846306e-03  -1.53244583e-14   1.39006580e-15   3.32601143e-15
  3.72800000e-05  -6.95414566e-04   4.25200318e-04  -3.38170124e-03  -1.55214770e-14   1.21163106e-15   3.34418870e-15
  3.73600000e-05  -7.05485955e-04   4.27329915e-04  -3.42679863e-03  -1.57304133e-14   1.02451130e-15   3.36622930e-15
  3.74400000e-05  -7.15828812e-04   4.30288056e-04  -3.47264587e-03  -1.59443914e-14   8.29068700e-16   3.38940207e-15
  3.75200000e-05  -7.26801886e-04   4.32516594e-04  -3.51877905e-03  -1.61539016e-14   6.22815967e-16   3.41313399e-15
  3.76000000e-05  -7.39677750e-04   4.35085231e-04  -3.56514455e-03  -1.63635750e-14   3.99383074e-16   3.44377004e-15
  3.76800000e-05  -7.54455042e-04   4.39188560e-04  -3.61327606e-03  -1.65850068e-14   1.60069934e-16   3.48241946e-15
  3.77600000e-05  -7.69697224e-04   4.43490224e-04  -3.66171551e-03  -1.68056864e-14  -9.02283076e-17   3.52164846e-15
  3.78400000e-05  -7.86015751e-04   4.48303995e-04  -3.71072771e-03  -1.70279453e-14  -3.54373457e-16   3.56408964e-15
  3.79200000e-05  -8.04408250e-04   4.53902309e-04  -3.76072521e-03  -1.72543933e-14  -6.37216612e-16   3.61375572e-15
  3.80000000e-05  -8.25122513e-04   4.60528098e-04  -3.81081278e-03  -1.74822959e-14  -9.41137256e-16   3.67155684e-15
  3.80800000e-05  -8.44726183e-04   4.66973078e-04  -3.86329417e-03  -1.77146836e-14  -1.24793370e-15   3.72254998e-15
  3.81600000e-05  -8.68511906e-04   4.75236241e-04  -3.91705459e-03  -1.79564072e-14  -1.58493099e-15   3.78910645e-15
  3.82400000e-05  -8.94123837e-04   4.84154139e-04  -3.97047369e-03  -1.81948816e-14  -1.94217670e-15   3.86053796e-15
  3.83200000e-05  -9.21380612e-04   4.93241507e-04  -4.02428539e-03  -1.84301992e-14  -2.31854588e-15   3.93551243e-15
  3.84000000e-05  -9.50957248e-04   5.04106520e-04  -4.07883032e-03  -1.86711264e-14  -2.71752080e-15   4.01721125e-15
  3.84800000e-05  -9.82645352e-04   5.15439590e-04  -4.13415148e-03  -1.89109099e-14  -3.13851734e-15   4.10362362e-15
  3.85600000e-05  -1.01709831e-03   5.29171670e-04  -4.19056291e-03  -1.91597422e-14  -3.58518232e-15   4.19756603e-15
  3.86400000e-05  -1.05515751e-03   5.43331171e-04  -4.24687495e-03  -1.94025441e-14  -4.06262191e-15   4.30090156e-15
  3.87200000e-05  -1.09602853e-03   5.58115673e-04  -4.30336157e-03  -1.96407568e-14  -4.56708728e-15   4.41000981e-15
  3.88000000e-05  -1.13914702e-03   5.75103951e-04  -4.36092157e-03  -1.98850860e-14  -5.09598744e-15   4.52228129e-15
  3.88800000e-05  -1.18854233e-03   5.93644432e-04  -4.41824987e-03  -2.01264627e-14  -5.67033242e-15   4.65229271e-15
  3.89600000e-05  -1.24094015e-03   6.13463753e-04  -4.47562050e-03  -2.03637487e-14  -6.27400175e-15   4.78622366e-15
  3.90400000e-05  -1.29716927e-03   6.34839209e-04  -4.53217533e-03  -2.05942922e-14  -6.91150491e-15   4.92624115e-15
  3.91200000e-05  -1.35823414e-03   6.59157109e-04  -4.58977577e-03  -2.08314351e-14  -7.58846043e-15   5.07475309e-15
  3.92000000e-05  -1.42491724e-03   6.84479167e-04  -4.64654735e-03  -2.10572296e-14  -8.30920083e-15   5.23342019e-15
  3.92800000e-05  -1.49668057e-03   7.12261691e-04  -4.70213556e-03  -2.12769082e-14  -9.07109645e-15   5.39834298e-15
  3.93600000e-05  -1.57392047e-03   7.42772734e-04  -4.75612180e-03  -2.14893839e-14  -9.87627963e-15   5.56898062e-15
  3.94400000e-05  -1.65908715e-03   7.76292373e-04  -4.80875909e-03  -2.16961674e-14  -1.07376578e-14   5.75205999e-15
  3.95200000e-05  -1.75044651e-03   8.12007982e-04  -4.85891839e-03  -2.18879854e-14  -1.16459704e-14   5.93900216e-15
  3.96000000e-05  -1.84908751e-03   8.50511121e-04  -4.90581688e-03  -2.20643155e-14  -1.26062405e-14   6.13090606e-15
  3.96800000e-05  -1.95574995e-03   8.92104100e-04  -4.94889554e-03  -2.22239853e-14  -1.36217340e-14   6.32718011e-15
  3.97600000e-05  -2.07190589e-03   9.38009306e-04  -4.98805174e-03  -2.23723867e-14  -1.46998237e-14   6.52858273e-15
  3.98400000e-05  -2.19478322e-03   9.86155905e-04  -5.02045157e-03  -2.24884752e-14  -1.58229535e-14   6.72318586e-15
  3.99200000e-05  -2.32757978e-03   1.03729401e-03  -5.04666394e-03  -2.25781712e-14  -1.70073240e-14   6.91761919e-15
  4.00000000e-05  -2.47070573e-03   1.09290143e-03  -5.06600772e-03  -2.26469878e-14  -1.82535537e-14   7.10711658e-15
  4.00800000e-05  -2.62414657e-03   1.15258029e-03  -5.07590837e-03  -2.26848066e-14  -1.95576578e-14   7.28667341e-15
  4.01600000e-05  -2.78637243e-03   1.21475863e-03  -5.07424871e-03  -2.26776419e-14  -2.09069230e-14   7.44770173e-15
  4.02400000e-05  -2.95813682e-03   1.28066060e-03  -5.05759945e-03  -2.26234283e-14  -2.22981906e-14   7.58596690e-15
  4.03200000e-05  -3.13863911e-03   1.35047373e-03  -5.02928429e-03  -2.25364913e-14  -2.37279395e-14   7.69293438e-15
  4.04000000e-05  -3.32845757e-03   1.42270495e-03  -4.98428976e-03  -2.23968895e-14  -2.51893347e-14   7.76642353e-15
  4.04800000e-05  -3.52737895e-03   1.49898166e-03  -4.92069621e-03  -2.22126726e-14  -2.66739902e-14   7.79741118e-15
  4.05600000e-05  -3.72761188e-03   1.57432995e-03  -4.83268714e-03  -2.19468199e-14  -2.81245776e-14   7.76625108e-15
  4.06400000e-05  -3.93464728e-03   1.65288043e-03  -4.72611140e-03  -2.16460413e-14  -2.95739288e-14   7.67806053e-15
  4.07200000e-05  -4.14691151e-03   1.73207660e-03  -4.59497625e-03  -2.12884115e-14  -3.09976990e-14   7.52795394e-15
  4.08000000e-05  -4.34874811e-03   1.80699600e-03  -4.43377443e-03  -2.08435326e-14  -3.22912001e-14   7.28345665e-15
  4.08800000e-05  -4.55507525e-03   1.88338383e-03  -4.25166502e-03  -2.03777846e-14  -3.35457376e-14   6.97205503e-15
  4.09600000e-05  -4.75363736e-03   1.95702342e-03  -4.04040773e-03  -1.98598485e-14  -3.46702603e-14   6.57260559e-15
  4.10400000e-05  -4.92775006e-03   2.01918271e-03  -3.80201341e-03  -1.92589852e-14  -3.55653124e-14   6.07325620e-15
  4.11200000e-05  -5.10167534e-03   2.08167651e-03  -3.53960162e-03  -1.86612950e-14  -3.63667208e-14   5.50912850e-15
  4.12000000e-05  -5.25331306e-03   2.13545883e-03  -3.24955507e-03  -1.80217152e-14  -3.69345784e-14   4.86264727e-15
  4.12800000e-05  -5.37781997e-03   2.17784362e-03  -2.94325798e-03  -1.73579989e-14  -3.72587657e-14   4.14657100e-15
  4.13600000e-05  -5.47550751e-03   2.21026387e-03  -2.61542418e-03  -1.66786753e-14  -3.73248396e-14   3.37477466e-15
  4.14400000e-05  -5.54083791e-03   2.23053626e-03  -2.28208038e-03  -1.60042378e-14  -3.71337439e-14   2.56289191e-15
  4.15200000e-05  -5.58174084e-03   2.23991676e-03  -1.93584080e-03  -1.53352419e-14  -3.67129588e-14   1.73742297e-15
  4.16000000e-05  -5.58784673e-03   2.23633198e-03  -1.59488811e-03  -1.46855154e-14  -3.60463790e-14   9.08364193e-16
  4.16800000e-05  -5.57088092e-03   2.22454729e-03  -1.24676089e-03  -1.40667276e-14  -3.51734203e-14   9.55497758e-17
  4.17600000e-05  -5.51976230e-03   2.19975862e-03  -9.16562266e-04  -1.34743491e-14  -3.40959023e-14  -6.84678660e-16
  4.18400000e-05  -5.44934977e-03   2.16803601e-03  -5.85115522e-04  -1.29193382e-14  -3.28558595e-14  -1.41970933e-15
  4.19200000e-05  -5.32761612e-03   2.11656602e-03  -2.67492865e-04  -1.23351666e-14  -3.13126479e-14  -2.08698790e-15
  4.20000000e-05   2.15142417e-04  -5.67837930e-05  -2.95672000e-05   3.08281186e-16   1.15674846e-15   2.16386680e-17
  4.20800000e-05   4.47595339e-03  -1.71963778e-03  -3.24694115e-04   9.66700513e-15   2.48595873e-14   1.60020999e-15
  4.21600000e-05   4.32516460e-03  -1.65624244e-03  -6.06380392e-04   9.07447493e-15   2.32928395e-14   1.10493097e-15
  4.22400000e-05   4.16650259e-03  -1.58990337e-03  -8.65923604e-04   8.43646607e-15   2.17461275e-14   6.65550985e-16
  4.23200000e-05   4.00263015e-03  -1.51995205e-03  -1.11533474e-03   7.74855350e-15   2.02018115e-14   2.76875690e-16
  4.24000000e-05   3.83537595e-03  -1.45079859e-03  -1.34029121e-03   7.05686315e-15   1.87050302e-14  -5.33527041e-17
  4.24800000e-05   3.66588920e-03  -1.37931797e-03  -1.55803467e-03   6.33471511e-15   1.72171575e-14  -3.37329463e-16
  4.25600000e-05   3.49706983e-03  -1.30949964e-03  -1.75305860e-03   5.62713069e-15   1.57920399e-14  -5.71116959e-16
  4.26400000e-05   3.32842513e-03  -1.23910960e-03  -1.93685840e-03   4.91522904e-15   1.43968287e-14  -7.63750588e-16
  4.27200000e-05   3.15430691e-03  -1.16767754e-03  -2.11040826e-03   4.19991012e-15   1.29954960e-14  -9.12971812e-16
  4.28000000e-05   2.99046788e-03  -1.10085805e-03  -2.26943526e-03   3.52290510e-15   1.16879327e-14  -1.02740111e-15
  4.28800000e-05   2.82749310e-03  -1.03297514e-03  -2.41308650e-03   2.85664907e-15   1.04210469e-14  -1.11373003e-15
  4.29600000e-05   2.66816607e-03  -9.68321787e-04  -2.54765608e-03   2.22110768e-15   9.19476917e-15  -1.16860796e-15
  4.30400000e-05   2.51243868e-03  -9.04495820e-04  -2.67047162e-03   1.60851371e-15   8.01460797e-15  -1.20124376e-15
  4.31200000e-05   2.36421871e-03  -8.44726251e-04  -2.78298339e-03   1.03767506e-15   6.89896231e-15  -1.21252746e-15
  4.32000000e-05   2.21642983e-03  -7.85662591e-04  -2.89178757e-03   4.82038026e-16   5.79109863e-15  -1.20390796e-15
  4.32800000e-05   2.07862034e-03  -7.30669207e-04  -2.98987518e-03  -2.81900387e-17   4.76211237e-15  -1.18336889e-15
  4.33600000e-05   1.94104168e-03  -6.74791558e-04  -3.08476240e-03  -5.30698401e-16   3.73797402e-15  -1.15161577e-15
  4.34400000e-05   1.81401484e-03  -6.23833908e-04  -3.16265065e-03  -9.72088640e-16   2.81056030e-15  -1.11194894e-15
  4.35200000e-05   1.68508920e-03  -5.73375045e-04  -3.25296084e-03  -1.41870659e-15   1.83828663e-15  -1.05893523e-15
  4.36000000e-05   1.56530084e-03  -5.26704531e-04  -3.33620588e-03  -1.82353390e-15   9.30579759e-16  -1.00249201e-15
  4.36800000e-05   1.44927860e-03  -4.81469391e-04  -3.40583305e-03  -2.19010668e-15   7.26097777e-17  -9.42217099e-16
  4.37600000e-05   1.34257328e-03  -4.39903885e-04  -3.47185205e-03  -2.51993971e-15  -7.27854322e-16  -8.82243177e-16
  4.38400000e-05   1.23576459e-03  -3.98951371e-04  -3.54050341e-03  -2.83942449e-15  -1.53951795e-15  -8.17586397e-16
  4.39200000e-05   1.13549523e-03  -3.62906098e-04  -3.60416166e-03  -3.11278446e-15  -2.30603408e-15  -7.48489752e-16
  4.40000000e-05   1.04011520e-03  -3.25888230e-04  -3.66595682e-03  -3.37800885e-15  -3.04425951e-15  -6.87795885e-16
  4.40800000e-05   9.48447964e-04  -2.90850808e-04  -3.71425470e-03  -3.60191031e-15  -3.73220819e-15  -6.27503745e-16
  4.41600000e-05   8.63837511e-04  -2.59272316e-04  -3.77004163e-03  -3.80624790e-15  -4.40198175e-15  -5.69401592e-16
  4.42400000e-05   7.79835472e-04  -2.28954873e-04  -3.80945583e-03  -3.97000510e-15  -5.03111577e-15  -5.10322843e-16
  4.43200000e-05   7.04594392e-04  -2.00019604e-04  -3.86378539e-03  -4.13620901e-15  -5.65073492e-15  -4.61747155e-16
  4.44000000e-05   6.27880731e-04  -1.73953584e-04  -3.91538608e-03  -4.27149221e-15  -6.27506743e-15  -4.06196771e-16
  4.44800000e-05   5.59387944e-04  -1.50321356e-04  -3.94569055e-03  -4.35436458e-15  -6.80172448e-15  -3.58197021e-16
  4.45600000e-05   4.94630146e-04  -1.28291916e-04  -3.98481696e-03  -4.43083398e-15  -7.33126538e-15  -3.13962220e-16
  4.46400000e-05   4.33200261e-04  -1.07596463e-04  -4.01547169e-03  -4.47936047e-15  -7.82229773e-15  -2.73643707e-16
  4.47200000e-05   3.76631765e-04  -8.96679895e-05  -4.04324795e-03  -4.50040051e-15  -8.27943296e-15  -2.35601104e-16
  4.48000000e-05   3.24194108e-04  -7.33911931e-05  -4.05746196e-03  -4.48755032e-15  -8.67896518e-15  -2.01573735e-16
  4.48800000e-05   2.73664583e-04  -5.80917224e-05  -4.09908414e-03  -4.49447901e-15  -9.13932746e-15  -1.70540645e-16
  4.49600000e-05   2.28753626e-04  -4.48948899e-05  -4.11707097e-03  -4.45357002e-15  -9.50686879e-15  -1.43781943e-16
  4.50400000e-05   1.87303818e-04  -3.27383343e-05  -4.13474315e-03  -4.40013603e-15  -9.85361367e-15  -1.21306539e-16
  4.51200000e-05   1.50931812e-04  -2.37859006e-05  -4.14434093e-03  -4.31361822e-15  -1.01497469e-14  -9.88435431e-17
  4.52000000e-05   1.15962208e-04  -1.49945147e-05  -4.18263456e-03  -4.25030880e-15  -1.05137442e-14  -8.01472607e-17
  4.52800000e-05   8.71564300e-05  -7.64021116e-06  -4.17471729e-03  -4.12578687e-15  -1.07182917e-14  -6.65191971e-17
  4.53600000e-05   6.06356201e-05  -3.56973875e-06  -4.17597117e-03  -3.98864602e-15  -1.09326244e-14  -4.85701178e-17
  4.54400000e-05   3.99766013e-05  -1.65044592e-07  -4.19336661e-03  -3.85925853e-15  -1.11554935e-14  -3.63523869e-17
  4.55200000e-05   2.13432835e-05   1.05305934e-06  -4.19470038e-03  -3.69949648e-15  -1.13212409e-14  -2.16657526e-17
  4.56000000e-05   6.83953766e-06   6.40876189e-07  -4.20368202e-03  -3.53458581e-15  -1.14820266e-14  -7.50139759e-18
  4.56800000e-05  -5.11173930e-06  -5.90925999e-07  -4.19262542e-03  -3.34585798e-15  -1.15709620e-14   5.71020150e-18
  4.57600000e-05  -1.17980448e-05  -4.39794357e-06  -4.18794566e-03  -3.14723975e-15  -1.16444455e-14   2.10945645e-17
  4.58400000e-05  -1.14441228e-05  -9.46222995e-06  -4.19968557e-03  -2.95275215e-15  -1.17204544e-14   3.44533633e-17
  4.59200000e-05  -1.37680528e-05  -1.70953456e-05  -4.15143850e-03  -2.70198804e-15  -1.16415892e-14   5.69003022e-17
  4.60000000e-05  -5.92021390e-06  -2.50680195e-05  -4.14883045e-03  -2.48255642e-15  -1.16282331e-14   7.38024951e-17
  4.60800000e-05   1.06631597e-06  -3.79534615e-05  -4.13266569e-03  -2.22805183e-15  -1.15781582e-14   1.05756286e-16
  4.61600000e-05   1.14281698e-05  -4.69823693e-05  -4.11239381e-03  -1.99561063e-15  -1.14935373e-14   1.25763111e-16
  4.62400000e-05   2.90369280e-05  -6.11134238e-05  -4.08141703e-03  -1.73215563e-15  -1.13337412e-14   1.57383390e-16
  4.63200000e-05   4.91638648e-05  -7.66773907e-05  -4.04478032e-03  -1.46290351e-15  -1.11394089e-14   1.93389692e-16
  4.64000000e-05   7.32391616e-05  -9.34247183e-05  -4.01865777e-03  -1.19734683e-15  -1.09481107e-14   2.32697466e-16
  4.64800000e-05   1.02333625e-04  -1.13633368e-04  -3.99073119e-03  -9.16651181e-16  -1.07190084e-14   2.81710980e-16
  4.65600000e-05   1.32485624e-04  -1.32191732e-04  -3.91787782e-03  -6.35251755e-16  -1.03523603e-14   3.27813876e-16
  4.66400000e-05   1.67684297e-04  -1.55312623e-04  -3.88170690e-03  -3.49823199e-16  -1.00566987e-14   3.87270972e-16
  4.67200000e-05   2.05663283e-04  -1.77425400e-04  -3.82612288e-03  -7.15097894e-17  -9.68603913e-15   4.45318273e-16
  4.68000000e-05   2.48343998e-04  -2.01887545e-04  -3.76726341e-03   2.11408500e-16  -9.27533480e-15   5.11001327e-16
  4.68800000e-05   2.98405892e-04  -2.29353224e-04  -3.71253773e-03   5.01259701e-16  -8.83047563e-15   5.85819476e-16
  4.69600000e-05   3.45155036e-04  -2.57814776e-04  -3.64400749e-03   7.90192469e-16  -8.36140516e-15   6.66418143e-16
  4.70400000e-05   3.94821047e-04  -2.86488128e-04  -3.56943538e-03   1.07090633e-15  -7.85503085e-15   7.48911004e-16
  4.71200000e-05   4.50783324e-04  -3.17295287e-04  -3.49413910e-03   1.35326513e-15  -7.30735412e-15   8.38151628e-16
  4.72000000e-05   5.07844467e-04  -3.49394404e-04  -3.41633474e-03   1.63262208e-15  -6.74309003e-15   9.32319650e-16
  4.72800000e-05   5.67997959e-04  -3.83122240e-04  -3.34039410e-03   1.91080060e-15  -6.16343364e-15   1.03181817e-15
  4.73600000e-05   6.32988926e-04  -4.18663171e-04  -3.24931252e-03   2.19011004e-15  -5.51080895e-15   1.13669834e-15
  4.74400000e-05   6.99113313e-04  -4.55181053e-04  -3.16099331e-03   2.46390018e-15  -4.85686636e-15   1.24432372e-15
  4.75200000e-05   7.69507486e-04  -4.92584193e-04  -3.06394073e-03   2.73284903e-15  -4.15181677e-15   1.35383399e-15
  4.76000000e-05   8.38447070e-04  -5.30357565e-04  -2.96699262e-03   2.99382958e-15  -3.45342328e-15   1.46333927e-15
  4.76800000e-05   9.14349954e-04  -5.70143457e-04  -2.86524206e-03   3.25692783e-15  -2.70012630e-15   1.57663159e-15
  4.77600000e-05   9.87812560e-04  -6.09143964e-04  -2.75920409e-03   3.50651965e-15  -1.94753288e-15   1.68530920e-15
  4.78400000e-05   1.06676081e-03  -6.49557159e-04  -2.64675461e-03   3.75571345e-15  -1.14482781e-15   1.79468055e-15
  4.79200000e-05   1.14633497e-03  -6.91131789e-04  -2.52998524e-03   4.00373781e-15  -3.26015977e-16   1.90315129e-15
  4.80000000e-05   1.22540259e-03  -7.33848743e-04  -2.41059971e-03   4.25132635e-15   4.97446477e-16   2.00968075e-15
  4.80800000e-05   1.30767623e-03  -7.77145688e-04  -2.29152403e-03   4.49652481e-15   1.33856810e-15   2.11201633e-15
  4.81600000e-05   1.39039151e-03  -8.21308652e-04  -2.15753338e-03   4.74162038e-15   2.22213649e-15   2.20976828e-15
  4.82400000e-05   1.47500264e-03  -8.65518549e-04  -2.02575755e-03   4.98327809e-15   3.10983335e-15   2.29974704e-15
  4.83200000e-05   1.55768325e-03  -9.08343982e-04  -1.89471804e-03   5.21443546e-15   3.98328570e-15   2.37726411e-15
  4.84000000e-05   1.64190609e-03  -9.53421172e-04  -1.75663280e-03   5.45758292e-15   4.88271061e-15   2.45102956e-15
  4.84800000e-05   1.72454725e-03  -9.96014061e-04  -1.60640632e-03   5.68706919e-15   5.80259377e-15   2.50755649e-15
  4.85600000e-05   1.80911489e-03  -1.04052658e-03  -1.45611409e-03   5.92961223e-15   6.73086732e-15   2.55728822e-15
  4.86400000e-05   1.89162180e-03  -1.08173285e-03  -1.31303645e-03   6.15566210e-15   7.62532269e-15   2.58608398e-15
  4.87200000e-05   1.97438850e-03  -1.12488247e-03  -1.15771103e-03   6.39892865e-15   8.54893984e-15   2.60636593e-15
  4.88000000e-05   2.05616835e-03  -1.16737166e-03  -1.00424607e-03   6.64458423e-15   9.45767257e-15   2.61067976e-15
  4.88800000e-05   2.13710267e-03  -1.20996387e-03  -8.43425065e-04   6.90014563e-15   1.03749344e-14   2.60014078e-15
  4.89600000e-05   2.21534984e-03  -1.25017075e-03  -6.76756563e-04   7.15299309e-15   1.12851161e-14   2.56822035e-15
  4.90400000e-05   2.29211349e-03  -1.29064422e-03  -5.12461497e-04   7.41853725e-15   1.21740462e-14   2.52071007e-15
  4.91200000e-05   2.36778389e-03  -1.33052058e-03  -3.41206437e-04   7.69592952e-15   1.30660996e-14   2.45477044e-15
  4.92000000e-05   2.43990695e-03  -1.36739814e-03  -1.71246894e-04   7.97043857e-15   1.39258057e-14   2.36505086e-15
  4.92800000e-05   8.16150209e-04  -3.92610160e-04  -5.17889713e-06   2.30668831e-15   4.78717305e-15   6.00778519e-16
  4.93600000e-05  -7.83080776e-04   5.57052173e-04  -1.42732220e-04  -3.33244492e-15  -4.94286175e-15  -1.00788969e-15
  4.94400000e-05  -8.35836938e-04   5.81608112e-04  -2.82998594e-04  -3.52565925e-15  -5.58634508e-15  -1.06780524e-15
  4.95200000e-05  -8.80397297e-04   6.04910411e-04  -4.21133989e-04  -3.70421402e-15  -6.17972124e-15  -1.13265070e-15
  4.96000000e-05  -9.28476578e-04   6.27314699e-04  -5.61340911e-04  -3.87086582e-15  -6.80208361e-15  -1.19898401e-15
  4.96800000e-05  -9.72538795e-04   6.49703177e-04  -6.99298617e-04  -4.02835009e-15  -7.39898965e-15  -1.27187488e-15
  4.97600000e-05  -1.01438732e-03   6.69135928e-04  -8.43157031e-04  -4.16104079e-15  -8.00100601e-15  -1.34358551e-15
  4.98400000e-05  -1.05991394e-03   6.91698420e-04  -9.86098264e-04  -4.30140834e-15  -8.62630031e-15  -1.42752064e-15
  4.99200000e-05  -1.09708047e-03   7.10134244e-04  -1.12359525e-03  -4.40509359e-15  -9.19327399e-15  -1.50918805e-15
  5.00000000e-05  -1.13294488e-03   7.27434928e-04  -1.27031426e-03  -4.49216876e-15  -9.77955653e-15  -1.59378782e-15
  5.00800000e-05  -1.16687651e-03   7.43744825e-04  -1.41417740e-03  -4.55973405e-15  -1.03516968e-14  -1.68180766e-15
  5.01600000e-05  -1.19925732e-03   7.60176099e-04  -1.55759211e-03  -4.61400614e-15  -1.09178691e-14  -1.77589657e-15
  5.02400000e-05  -1.22622396e-03   7.73492867e-04  -1.70358714e-03  -4.63559337e-15  -1.14631819e-14  -1.86806633e-15
  5.03200000e-05  -1.25360717e-03   7.85965284e-04  -1.84790293e-03  -4.63652615e-15  -1.20107496e-14  -1.96311706e-15
  5.04000000e-05  -1.27470062e-03   7.96308269e-04  -1.99258336e-03  -4.60882253e-15  -1.25265689e-14  -2.05770136e-15
  5.04800000e-05  -1.29489959e-03   8.05380764e-04  -2.13190341e-03  -4.55707828e-15  -1.30270716e-14  -2.15337809e-15
  5.05600000e-05  -1.31175969e-03   8.13355636e-04  -2.27693080e-03  -4.48119353e-15  -1.35263608e-14  -2.25017499e-15
  5.06400000e-05  -1.32384716e-03   8.19085950e-04  -2.42009255e-03  -4.37429887e-15  -1.39963032e-14  -2.34423770e-15
  5.07200000e-05  -1.33184159e-03   8.22576755e-04  -2.56290575e-03  -4.23590401e-15  -1.44444602e-14  -2.43478483e-15
  5.08000000e-05  -1.33803771e-03   8.24614660e-04  -2.70275266e-03  -4.07078041e-15  -1.48767339e-14  -2.52361796e-15
  5.08800000e-05  -1.33935681e-03   8.26426684e-04  -2.84169612e-03  -3.88545584e-15  -1.52803590e-14  -2.61255405e-15
  5.09600000e-05  -1.33773984e-03   8.26763049e-04  -2.98769071e-03  -3.66944063e-15  -1.56873180e-14  -2.69804967e-15
  5.10400000e-05  -1.33077471e-03   8.21075972e-04  -3.12260122e-03  -3.40297840e-15  -1.60347237e-14  -2.76600440e-15
  5.11200000e-05  -1.32182767e-03   8.16896134e-04  -3.25517784e-03  -3.12702767e-15  -1.63645182e-14  -2.83693253e-15
  5.12000000e-05  -1.30762864e-03   8.08363702e-04  -3.39826556e-03  -2.80119800e-15  -1.66921107e-14  -2.89276089e-15
  5.12800000e-05  -1.29028337e-03   8.00130198e-04  -3.52241290e-03  -2.46775319e-15  -1.69491191e-14  -2.94610582e-15
  5.13600000e-05  -1.26700218e-03   7.86721611e-04  -3.65892054e-03  -2.07853486e-15  -1.72037802e-14  -2.97931516e-15
  5.14400000e-05  -1.23767347e-03   7.72531670e-04  -3.78650246e-03  -1.67181730e-15  -1.73967685e-14  -3.00287425e-15
  5.15200000e-05  -1.20630369e-03   7.55832956e-04  -3.91630634e-03  -1.23101632e-15  -1.75806171e-14  -3.01381690e-15
  5.16000000e-05  -1.17326115e-03   7.38535488e-04  -4.04668115e-03  -7.67921322e-16  -1.77520335e-14  -3.01717234e-15
  5.16800000e-05  -1.13450780e-03   7.17543777e-04  -4.17375451e-03  -2.68638258e-16  -1.78766309e-14  -3.00029458e-15
  5.17600000e-05  -1.09573983e-03   6.96269424e-04  -4.28840050e-03   2.37483172e-16  -1.79606333e-14  -2.97678810e-15
  5.18400000e-05  -1.04826688e-03   6.69998168e-04  -4.39599670e-03   7.79314311e-16  -1.79689856e-14  -2.92450557e-15
  5.19200000e-05  -9.98346692e-04   6.43875718e-04  -4.51620504e-03   1.34748071e-15  -1.79900773e-14  -2.86271920e-15
  5.20000000e-05  -9.41317876e-04   6.11677941e-04  -4.62005382e-03   1.94504465e-15  -1.79172288e-14  -2.76846968e-15
  5.20800000e-05  -8.84385450e-04   5.79295827e-04  -4.71359835e-03   2.54178250e-15  -1.78070261e-14  -2.66536316e-15
  5.21600000e-05  -8.22975563e-04   5.45518241e-04  -4.82821841e-03   3.18307129e-15  -1.77182608e-14  -2.54446326e-15
  5.22400000e-05  -7.61190014e-04   5.10767698e-04  -4.92901820e-03   3.82274325e-15  -1.75779051e-14  -2.41185153e-15
  5.23200000e-05  -6.93641891e-04   4.71957458e-04  -5.02739218e-03   4.49024764e-15  -1.73860386e-14  -2.25168319e-15
  5.24000000e-05  -6.20647960e-04   4.29537906e-04  -5.12149841e-03   5.17899961e-15  -1.71386955e-14  -2.06503138e-15
  5.24800000e-05  -5.46752861e-04   3.84901332e-04  -5.21720875e-03   5.88843139e-15  -1.68758008e-14  -1.86211351e-15
  5.25600000e-05  -4.72621107e-04   3.41600323e-04  -5.28589469e-03   6.55225189e-15  -1.65251254e-14  -1.65378261e-15
  5.26400000e-05  -3.92843137e-04   2.93742964e-04  -5.36387404e-03   7.25710597e-15  -1.61525078e-14  -1.41606417e-15
  5.27200000e-05  -3.13855096e-04   2.45889083e-04  -5.43589819e-03   7.95272171e-15  -1.57525218e-14  -1.17172455e-15
  5.28000000e-05  -2.29036207e-04   1.94190159e-04  -5.50871913e-03   8.66996353e-15  -1.53054974e-14  -9.00011858e-16
  5.28800000e-05  -1.44120164e-04   1.40149616e-04  -5.57525528e-03   9.38743994e-15  -1.48241989e-14  -6.15312662e-16
  5.29600000e-05  -5.61515411e-05   8.49039446e-05  -5.64035402e-03   1.01057416e-14  -1.43042610e-14  -3.15927180e-16
  5.30400000e-05   3.20491964e-05   3.01136536e-05  -5.67924225e-03   1.07660699e-14  -1.37006197e-14  -1.18909923e-17
  5.31200000e-05   1.19822440e-04  -2.55498571e-05  -5.73574064e-03   1.14575513e-14  -1.31250856e-14   2.97819571e-16
  5.32000000e-05   2.09352179e-04  -8.41079110e-05  -5.78145834e-03   1.21366450e-14  -1.24951381e-14   6.21257274e-16
  5.32800000e-05   3.01852990e-04  -1.44337661e-04  -5.83333044e-03   1.28286426e-14  -1.18446947e-14   9.56914702e-16
  5.33600000e-05   3.94378160e-04  -2.05699452e-04  -5.87676127e-03   1.35005140e-14  -1.11546867e-14   1.29643190e-15
  5.34400000e-05   4.89779744e-04  -2.70840642e-04  -5.89904223e-03   1.41366310e-14  -1.03828950e-14   1.65042816e-15
  5.35200000e-05   5.81075986e-04  -3.32418971e-04  -5.92115240e-03   1.47394962e-14  -9.61632099e-15   1.98633881e-15
  5.36000000e-05   6.70410459e-04  -3.94010953e-04  -5.92903029e-03   1.52972484e-14  -8.81375695e-15   2.31541271e-15
  5.36800000e-05   7.60567744e-04  -4.57535311e-04  -5.94316918e-03   1.58642832e-14  -8.00476809e-15   2.64645438e-15
  5.37600000e-05   8.53522767e-04  -5.23943446e-04  -5.95166148e-03   1.64199721e-14  -7.15245016e-15   2.98442704e-15
  5.38400000e-05   9.46295521e-04  -5.89779990e-04  -5.94416630e-03   1.69198695e-14  -6.25460488e-15   3.31418008e-15
  5.39200000e-05   1.03619763e-03  -6.54569038e-04  -5.92769843e-03   1.73763753e-14  -5.34262851e-15   3.62745816e-15
  5.40000000e-05   1.12676174e-03  -7.21428616e-04  -5.94920420e-03   1.79150128e-14  -4.48553967e-15   3.93698836e-15
  5.40800000e-05   1.21482985e-03  -7.87334429e-04  -5.92174916e-03   1.83178544e-14  -3.53988477e-15   4.22850558e-15
  5.41600000e-05   1.29661693e-03  -8.49217366e-04  -5.93451204e-03   1.87758273e-14  -2.68826510e-15   4.48696992e-15
  5.42400000e-05   1.37764519e-03  -9.11455499e-04  -5.91003572e-03   1.91320710e-14  -1.76636552e-15   4.73214891e-15
  5.43200000e-05   1.46217728e-03  -9.76917164e-04  -5.88805612e-03   1.94954062e-14  -8.20443360e-16   4.97740588e-15
  5.44000000e-05   1.54790643e-03  -1.04219921e-03  -5.87562160e-03   1.98636672e-14   1.27187624e-16   5.21043480e-15
  5.44800000e-05   1.62638728e-03  -1.10544080e-03  -5.83921139e-03   2.01470543e-14   1.07649790e-15   5.40773505e-15
  5.45600000e-05   1.70168318e-03  -1.16613377e-03  -5.79012678e-03   2.03691483e-14   2.02859910e-15   5.57780865e-15
  5.46400000e-05   1.77436113e-03  -1.22694687e-03  -5.75604362e-03   2.06115750e-14   2.94843555e-15   5.72525261e-15
  5.47200000e-05   1.84786147e-03  -1.28876417e-03  -5.69430499e-03   2.07797818e-14   3.90891674e-15   5.85857033e-15
  5.48000000e-05   1.91638331e-03  -1.34695264e-03  -5.65006162e-03   2.09534774e-14   4.81926636e-15   5.95808914e-15
  5.48800000e-05   1.98532689e-03  -1.40360572e-03  -5.61602697e-03   2.11277483e-14   5.72151393e-15   6.03891993e-15
  5.49600000e-05   2.05241243e-03  -1.46232610e-03  -5.56070474e-03   2.12515534e-14   6.63499123e-15   6.09894485e-15
  5.50400000e-05   2.11968144e-03  -1.51841038e-03  -5.52746194e-03   2.13971475e-14   7.52726885e-15   6.13765481e-15
  5.51200000e-05   2.18245378e-03  -1.57050023e-03  -5.48839736e-03   2.14932283e-14   8.39812274e-15   6.14363749e-15
  5.52000000e-05   2.23814881e-03  -1.61957851e-03  -5.41912225e-03   2.14926749e-14   9.24648653e-15   6.11323980e-15
  5.52800000e-05   2.29401457e-03  -1.66883625e-03  -5.35845605e-03   2.15022261e-14   1.00825702e-14   6.06522871e-15
  5.53600000e-05   2.34703239e-03  -1.71645218e-03  -5.29412296e-03   2.14845551e-14   1.08962418e-14   5.99194033e-15
  5.54400000e-05   2.39892158e-03  -1.76399746e-03  -5.23403178e-03   2.14666291e-14   1.16924489e-14   5.89818921e-15
  5.55200000e-05   2.44648828e-03  -1.81031861e-03  -5.18078507e-03   2.14470483e-14   1.24513086e-14   5.77694620e-15
  5.56000000e-05   2.49678761e-03  -1.85287028e-03  -5.09257855e-03   2.13265622e-14   1.32304699e-14   5.64224029e-15
  5.56800000e-05   2.54156156e-03  -1.89701148e-03  -5.03761531e-03   2.12758808e-14   1.39528439e-14   5.47982608e-15
  5.57600000e-05   2.58324308e-03  -1.93465171e-03  -4.95373312e-03   2.11242639e-14   1.46524993e-14   5.29330608e-15
  5.58400000e-05   2.62267581e-03  -1.97302587e-03  -4.90430431e-03   2.10373657e-14   1.53186932e-14   5.08737028e-15
  5.59200000e-05   2.66101783e-03  -2.00916627e-03  -4.83392889e-03   2.08930835e-14   1.59695274e-14   4.86383487e-15
  5.60000000e-05   2.69676009e-03  -2.04427064e-03  -4.75920698e-03   2.07315047e-14   1.65902844e-14   4.62111930e-15
  5.60800000e-05   2.73049360e-03  -2.07433569e-03  -4.69004876e-03   2.05463083e-14   1.71840415e-14   4.36159491e-15
  5.61600000e-05   2.76467482e-03  -2.10729639e-03  -4.61835689e-03   2.03724231e-14   1.77654641e-14   4.08933896e-15
  5.62400000e-05   2.79398767e-03  -2.13612267e-03  -4.54188458e-03   2.01644689e-14   1.83000180e-14   3.79758530e-15
  5.63200000e-05   2.81855496e-03  -2.16277537e-03  -4.46011767e-03   1.99354118e-14   1.87873593e-14   3.48784876e-15
  5.64000000e-05   2.84607867e-03  -2.18763017e-03  -4.39831324e-03   1.97248411e-14   1.92827729e-14   3.17277849e-15
  5.64800000e-05   2.87181344e-03  -2.21322718e-03  -4.33245547e-03   1.95124290e-14   1.97506576e-14   2.84442941e-15
  5.65600000e-05   2.89233326e-03  -2.23356977e-03  -4.24935214e-03   1.92458877e-14   2.01614240e-14   2.50239879e-15
  5.66400000e-05   2.91299842e-03  -2.25472001e-03  -4.19006484e-03   1.90160725e-14   2.05689770e-14   2.15187723e-15
  5.67200000e-05   2.93301610e-03  -2.27340583e-03  -4.12089471e-03   1.87602198e-14   2.09507463e-14   1.79438654e-15
  5.68000000e-05   2.95127198e-03  -2.29079505e-03  -4.05577608e-03   1.85027244e-14   2.13080093e-14   1.42865130e-15
  5.68800000e-05   2.96687702e-03  -2.30511152e-03  -3.98138315e-03   1.82192893e-14   2.16251632e-14   1.05641125e-15
  5.69600000e-05   2.98354365e-03  -2.31665134e-03  -3.91453980e-03   1.79293437e-14   2.19378370e-14   6.82241132e-16
  5.70400000e-05   2.99965863e-03  -2.33282719e-03  -3.84304202e-03   1.76676733e-14   2.22266222e-14   2.98232554e-16
  5.71200000e-05   3.01300786e-03  -2.34581808e-03  -3.77811973e-03   1.73953908e-14   2.24876669e-14  -8.98665790e-17
  5.72000000e-05   3.02591076e-03  -2.35604251e-03  -3.71156706e-03   1.71085565e-14   2.27282124e-14  -4.79492698e-16
  5.72800000e-05   3.03814008e-03  -2.36517155e-03  -3.64581425e-03   1.68197322e-14   2.29492576e-14  -8.71747257e-16
  5.73600000e-05   3.04773430e-03  -2.37375230e-03  -3.60783969e-03   1.65456557e-14   2.31702404e-14  -1.26769744e-15
  5.74400000e-05   3.05798713e-03  -2.37521157e-03  -3.53099567e-03   1.62122311e-14   2.33349903e-14  -1.65640100e-15
  5.75200000e-05   3.06324231e-03  -2.37898398e-03  -3.45926486e-03   1.59021978e-14   2.34580124e-14  -2.05071041e-15
  5.76000000e-05   3.07198500e-03  -2.38487971e-03  -3.38127837e-03   1.56108276e-14   2.35780976e-14  -2.44721004e-15
  5.76800000e-05   3.07827133e-03  -2.38396405e-03  -3.33080574e-03   1.52896939e-14   2.37043937e-14  -2.83552898e-15
  5.77600000e-05   3.08182904e-03  -2.38655995e-03  -3.25296277e-03   1.49925641e-14   2.37606702e-14  -3.22836294e-15
  5.78400000e-05   3.09076410e-03  -2.38918207e-03  -3.20056885e-03   1.47038964e-14   2.38721100e-14  -3.62077574e-15
  5.79200000e-05   3.09703710e-03  -2.38864816e-03  -3.13958167e-03   1.44012447e-14   2.39404534e-14  -4.00821899e-15
  5.80000000e-05   3.10404536e-03  -2.39104802e-03  -3.06365115e-03   1.41258749e-14   2.39753817e-14  -4.39963037e-15
  5.80800000e-05   3.11010872e-03  -2.38747142e-03  -3.01164861e-03   1.38166315e-14   2.40287109e-14  -4.78031674e-15
  5.81600000e-05   3.11337165e-03  -2.38598418e-03  -2.96589557e-03   1.35231734e-14   2.40626952e-14  -5.16219979e-15
  5.82400000e-05   3.11538701e-03  -2.38123495e-03  -2.89922563e-03   1.32237537e-14   2.40407159e-14  -5.53578246e-15
  5.83200000e-05   3.11548890e-03  -2.37517807e-03  -2.82796091e-03   1.29274825e-14   2.39852210e-14  -5.90310230e-15
  5.84000000e-05   3.11562338e-03  -2.36760814e-03  -2.77343249e-03   1.26218060e-14   2.39470600e-14  -6.26388437e-15
  5.84800000e-05   3.11345600e-03  -2.35942716e-03  -2.72364044e-03   1.23163036e-14   2.38921140e-14  -6.61813985e-15
  5.85600000e-05   3.11380858e-03  -2.35177321e-03  -2.65991423e-03   1.20314072e-14   2.38143584e-14  -6.97107864e-15
  5.86400000e-05   3.11612745e-03  -2.34489049e-03  -2.59326537e-03   1.17626563e-14   2.37305476e-14  -7.32343060e-15
  5.87200000e-05   3.11447044e-03  -2.33656867e-03  -2.55467343e-03   1.14679882e-14   2.36672759e-14  -7.66575673e-15
  5.88000000e-05   3.11713286e-03  -2.32828242e-03  -2.50365322e-03   1.11912972e-14   2.35946941e-14  -8.00843777e-15
  5.88800000e-05   3.11513873e-03  -2.31963630e-03  -2.44342426e-03   1.09301872e-14   2.34651090e-14  -8.34135504e-15
  5.89600000e-05   3.11594905e-03  -2.30907144e-03  -2.40009186e-03   1.06459509e-14   2.33771993e-14  -8.66941094e-15
  5.90400000e-05   3.11751624e-03  -2.29901190e-03  -2.35256670e-03   1.03761479e-14   2.32753063e-14  -8.99545011e-15
  5.91200000e-05   3.11556451e-03  -2.28540005e-03  -2.29928810e-03   1.01004090e-14   2.31308159e-14  -9.30492013e-15
  5.92000000e-05   3.11658083e-03  -2.27808194e-03  -2.24702493e-03   9.86787747e-15   2.29965089e-14  -9.62779433e-15
  5.92800000e-05   3.11678957e-03  -2.26616715e-03  -2.19729108e-03   9.61269373e-15   2.28540315e-14  -9.93510240e-15
  5.93600000e-05   3.11622538e-03  -2.25412519e-03  -2.13776216e-03   9.38031711e-15   2.26758139e-14  -1.02363778e-14
  5.94400000e-05   3.11324132e-03  -2.24365586e-03  -2.13215623e-03   9.07438190e-15   2.26006997e-14  -1.05327420e-14
  5.95200000e-05   3.11315566e-03  -2.22921168e-03  -2.07360031e-03   8.84086841e-15   2.24110748e-14  -1.08198432e-14
  5.96000000e-05   3.11123146e-03  -2.21545373e-03  -2.02945834e-03   8.59385769e-15   2.22371233e-14  -1.11004187e-14
  5.96800000e-05   3.10887277e-03  -2.20229729e-03  -1.97803347e-03   8.37134858e-15   2.20355581e-14  -1.13766489e-14
  5.97600000e-05   3.10715745e-03  -2.18883677e-03  -1.93210014e-03   8.14455142e-15   2.18436025e-14  -1.16482972e-14
  5.98400000e-05   3.10547015e-03  -2.17517318e-03  -1.87741532e-03   7.94266843e-15   2.16231230e-14  -1.19144215e-14
  5.99200000e-05   3.10335927e-03  -2.15984764e-03  -1.84453711e-03   7.69327373e-15   2.14478004e-14  -1.21705270e-14
  6.00000000e-05   3.10143552e-03  -2.14347993e-03  -1.80471515e-03   7.45958930e-15   2.12498771e-14  -1.24192728e-14
  6.00800000e-05   3.09970953e-03  -2.12913424e-03  -1.77021159e-03   7.23109745e-15   2.10604252e-14  -1.26686386e-14
  6.01600000e-05   3.09663935e-03  -2.11155955e-03  -1.74273228e-03   6.97461913e-15   2.08763625e-14  -1.29014667e-14
  6.02400000e-05   3.09511126e-03  -2.09730889e-03  -1.68495249e-03   6.81568449e-15   2.06160061e-14  -1.31415167e-14
  6.03200000e-05   3.09281766e-03  -2.08204782e-03  -1.64559199e-03   6.61416584e-15   2.03939561e-14  -1.33719556e-14
  6.04000000e-05   3.09017264e-03  -2.06436274e-03  -1.61147889e-03   6.39331228e-15   2.01788123e-14  -1.35899699e-14
  6.04800000e-05   3.08853682e-03  -2.04802896e-03  -1.57310579e-03   6.19700107e-15   1.99523657e-14  -1.38092155e-14
  6.05600000e-05   3.08521611e-03  -2.03166736e-03  -1.53321489e-03   6.01150790e-15   1.97083036e-14  -1.40188543e-14
  6.06400000e-05   3.08304927e-03  -2.01386048e-03  -1.50113494e-03   5.80384125e-15   1.94866807e-14  -1.42225239e-14
  6.07200000e-05   3.08101276e-03  -1.99634578e-03  -1.46513306e-03   5.61510549e-15   1.92506131e-14  -1.44223545e-14
  6.08000000e-05   3.07806703e-03  -1.97886928e-03  -1.42878449e-03   5.43399024e-15   1.90045907e-14  -1.46148105e-14
  6.08800000e-05   3.07569549e-03  -1.96125098e-03  -1.39502519e-03   5.25111774e-15   1.87645848e-14  -1.48034756e-14
  6.09600000e-05   3.07280387e-03  -1.94309365e-03  -1.35677516e-03   5.08590780e-15   1.85055533e-14  -1.49840787e-14
  6.10400000e-05   3.06987656e-03  -1.92560731e-03  -1.33037597e-03   4.89328221e-15   1.82759466e-14  -1.51615216e-14
  6.11200000e-05   3.06570454e-03  -1.90651985e-03  -1.29432321e-03   4.72980638e-15   1.80098650e-14  -1.53253655e-14
  6.12000000e-05   3.06359633e-03  -1.88837431e-03  -1.26218722e-03   4.56442810e-15   1.77610416e-14  -1.54936837e-14
  6.12800000e-05   3.06135299e-03  -1.87003652e-03  -1.23798667e-03   4.37762149e-15   1.75310705e-14  -1.56563053e-14
  6.13600000e-05   3.05776106e-03  -1.85096045e-03  -1.19981776e-03   4.24031940e-15   1.72515962e-14  -1.58075163e-14
  6.14400000e-05   3.05336487e-03  -1.83170073e-03  -1.17397241e-03   4.06633114e-15   1.70013652e-14  -1.59504775e-14
  6.15200000e-05   3.05098507e-03  -1.81209590e-03  -1.14616411e-03   3.90324659e-15   1.67517692e-14  -1.60946108e-14
  6.16000000e-05   3.04800657e-03  -1.79450671e-03  -1.10810265e-03   3.79151047e-15   1.64667966e-14  -1.62378713e-14
  6.16800000e-05   3.04391787e-03  -1.77477415e-03  -1.09291656e-03   3.59375626e-15   1.62419676e-14  -1.63660484e-14
  6.17600000e-05   3.03996190e-03  -1.75344872e-03  -1.06236142e-03   3.45052406e-15   1.59701577e-14  -1.64853416e-14
  6.18400000e-05   3.03629589e-03  -1.73422448e-03  -1.03081730e-03   3.32599592e-15   1.56944613e-14  -1.66072216e-14
  6.19200000e-05   3.03154070e-03  -1.71472457e-03  -1.00809334e-03   3.17266898e-15   1.54385655e-14  -1.67194958e-14
  6.20000000e-05   3.02666749e-03  -1.69353460e-03  -9.66344213e-04   3.09156250e-15   1.51236642e-14  -1.68214562e-14
  6.20800000e-05   3.02369746e-03  -1.67261369e-03  -9.47995015e-04   2.92685741e-15   1.48848625e-14  -1.69269809e-14
  6.21600000e-05   3.01936797e-03  -1.65156515e-03  -9.18437886e-04   2.81106587e-15   1.46052965e-14  -1.70223341e-14
  6.22400000e-05   3.01390801e-03  -1.63062045e-03  -8.98500680e-04   2.66277439e-15   1.43489792e-14  -1.71089261e-14
  6.23200000e-05   3.00861936e-03  -1.61102913e-03  -8.64665923e-04   2.58137129e-15   1.40500059e-14  -1.71957802e-14
  6.24000000e-05   3.00412273e-03  -1.59054570e-03  -8.42079611e-04   2.45632620e-15   1.37871453e-14  -1.72786268e-14
  6.24800000e-05   2.99974801e-03  -1.56906090e-03  -8.16458110e-04   2.34545856e-15   1.35144741e-14  -1.73545318e-14
  6.25600000e-05   2.99341152e-03  -1.54880509e-03  -7.92671914e-04   2.23673802e-15   1.32393050e-14  -1.74216158e-14
  6.26400000e-05   2.98858249e-03  -1.52672861e-03  -7.67449478e-04   2.13289891e-15   1.29645028e-14  -1.74851029e-14
  6.27200000e-05   2.98238198e-03  -1.50459096e-03  -7.46834486e-04   2.01441139e-15   1.26983883e-14  -1.75382046e-14
  6.28000000e-05   2.97470452e-03  -1.48241151e-03  -7.22269355e-04   1.91815559e-15   1.24146997e-14  -1.75803493e-14
  6.28800000e-05   2.96773347e-03  -1.46132252e-03  -6.96788558e-04   1.83509289e-15   1.21305240e-14  -1.76244876e-14
  6.29600000e-05   2.96125167e-03  -1.44058346e-03  -6.72055567e-04   1.75516527e-15   1.18501338e-14  -1.76676174e-14
  6.30400000e-05   2.95303718e-03  -1.41750231e-03  -6.54836775e-04   1.63900903e-15   1.15873602e-14  -1.76915160e-14
  6.31200000e-05   2.94515632e-03  -1.39493170e-03  -6.30858706e-04   1.56004448e-15   1.13050125e-14  -1.77141813e-14
  6.32000000e-05   2.93775624e-03  -1.37279897e-03  -6.19150359e-04   1.43147660e-15   1.10626229e-14  -1.77362863e-14
  6.32800000e-05   2.93087820e-03  -1.35114888e-03  -5.93212086e-04   1.37434437e-15   1.07778230e-14  -1.77582483e-14
  6.33600000e-05   2.92249776e-03  -1.32771055e-03  -5.71808694e-04   1.29601651e-15   1.05030495e-14  -1.77636410e-14
  6.34400000e-05   2.91369442e-03  -1.30531328e-03  -5.53489372e-04   1.21137444e-15   1.02373842e-14  -1.77662283e-14
  6.35200000e-05   2.90365776e-03  -1.28356779e-03  -5.35600960e-04   1.13124388e-15   9.97032399e-15  -1.77610616e-14
  6.36000000e-05   2.89429256e-03  -1.26037479e-03  -5.18751542e-04   1.04669322e-15   9.70945837e-15  -1.77505404e-14
  6.36800000e-05   2.88522829e-03  -1.23760940e-03  -5.03141624e-04   9.61985403e-16   9.45431512e-15  -1.77389454e-14
  6.37600000e-05   2.87535976e-03  -1.21537448e-03  -4.81687042e-04   9.11432666e-16   9.17973896e-15  -1.77213063e-14
  6.38400000e-05   2.86553731e-03  -1.19241187e-03  -4.61139522e-04   8.59321298e-16   8.90933232e-15  -1.76978462e-14
  6.39200000e-05   2.85382918e-03  -1.16925302e-03  -4.47936124e-04   7.75505978e-16   8.65858399e-15  -1.76608080e-14
  6.40000000e-05   2.84386805e-03  -1.14675986e-03  -4.27288649e-04   7.34326319e-16   8.39036114e-15  -1.76307098e-14
  6.40800000e-05   2.83070841e-03  -1.12431384e-03  -4.12345678e-04   6.69640931e-16   8.13395405e-15  -1.75812657e-14
  6.41600000e-05   2.81857203e-03  -1.10218770e-03  -3.95308554e-04   6.20361594e-16   7.87523783e-15  -1.75342940e-14
  6.42400000e-05   2.80724551e-03  -1.07921603e-03  -3.83097777e-04   5.49217099e-16   7.63546764e-15  -1.74851754e-14
  6.43200000e-05   2.79352690e-03  -1.05526129e-03  -3.67980973e-04   4.94626061e-16   7.38305476e-15  -1.74174784e-14
  6.44000000e-05   2.77989081e-03  -1.03405673e-03  -3.43910959e-04   4.95696683e-16   7.10472323e-15  -1.73553765e-14
  6.44800000e-05   2.76799458e-03  -1.01234587e-03  -3.31466742e-04   4.40906908e-16   6.86904556e-15  -1.72971259e-14
  6.45600000e-05   2.75441422e-03  -9.89232771e-04  -3.19102399e-04   3.86678150e-16   6.63226291e-15  -1.72226221e-14
  6.46400000e-05   2.73834708e-03  -9.65952347e-04  -3.09167268e-04   3.23622728e-16   6.40063229e-15  -1.71315497e-14
  6.47200000e-05   2.72323294e-03  -9.43210054e-04  -2.96011705e-04   2.82064025e-16   6.16332766e-15  -1.70438752e-14
  6.48000000e-05   2.70859070e-03  -9.22126721e-04  -2.79006055e-04   2.67426389e-16   5.91730433e-15  -1.69607638e-14
  6.48800000e-05   2.69425763e-03  -8.99564902e-04  -2.69502554e-04   2.14888294e-16   5.69818838e-15  -1.68715501e-14
  6.49600000e-05   2.67595893e-03  -8.77327622e-04  -2.59917148e-04   1.66974709e-16   5.47453100e-15  -1.67597246e-14
  6.50400000e-05   2.65874191e-03  -8.55459775e-04  -2.47349745e-04   1.38896424e-16   5.24640378e-15  -1.66517158e-14
  6.51200000e-05   2.64259222e-03  -8.34345934e-04  -2.33727136e-04   1.21189954e-16   5.01970272e-15  -1.65488397e-14
  6.52000000e-05   2.62735610e-03  -8.11794395e-04  -2.19820448e-04   1.06223275e-16   4.79640469e-15  -1.64434570e-14
  6.52800000e-05   2.60830643e-03  -7.89568502e-04  -2.08624482e-04   8.10270085e-17   4.57885485e-15  -1.63162841e-14
  6.53600000e-05   2.59011100e-03  -7.68342791e-04  -2.02682524e-04   3.28241763e-17   4.38252709e-15  -1.61941186e-14
  6.54400000e-05   2.57182111e-03  -7.46392247e-04  -1.90537312e-04   1.97902747e-17   4.16963003e-15  -1.60665774e-14
  6.55200000e-05   2.55154590e-03  -7.25055418e-04  -1.78699633e-04   9.29191990e-18   3.95834155e-15  -1.59278907e-14
  6.56000000e-05   2.53219148e-03  -7.03874422e-04  -1.68140511e-04  -4.61326962e-18   3.75580828e-15  -1.57921434e-14
  6.56800000e-05   2.51131670e-03  -6.82232339e-04  -1.59821753e-04  -2.79556490e-17   3.56199944e-15  -1.56444080e-14
  6.57600000e-05   2.49241140e-03  -6.61385193e-04  -1.51188239e-04  -4.55950225e-17   3.37308781e-15  -1.55075017e-14
  6.58400000e-05   2.47073138e-03  -6.40634733e-04  -1.43175002e-04  -6.35105219e-17   3.18646517e-15  -1.53537816e-14
  6.59200000e-05   2.45157223e-03  -6.19368104e-04  -1.36058956e-04  -8.39328974e-17   3.00900006e-15  -1.52099228e-14
  6.60000000e-05   2.42932862e-03  -5.99424232e-04  -1.25951556e-04  -8.39536647e-17   2.82239711e-15  -1.50515351e-14
  6.60800000e-05   2.40633410e-03  -5.80049090e-04  -1.20917639e-04  -1.08183398e-16   2.65495592e-15  -1.48888961e-14
  6.61600000e-05   2.38445896e-03  -5.60219913e-04  -1.14092982e-04  -1.20530588e-16   2.48665944e-15  -1.47290073e-14
  6.62400000e-05   2.36052670e-03  -5.41477403e-04  -1.06398081e-04  -1.24635951e-16   2.31755052e-15  -1.45595457e-14
  6.63200000e-05   2.33645845e-03  -5.21367167e-04  -9.98560746e-05  -1.33630573e-16   2.15592439e-15  -1.43832058e-14
  6.64000000e-05   2.31299677e-03  -5.02767428e-04  -9.27488426e-05  -1.35881397e-16   1.99689114e-15  -1.42132777e-14
  6.64800000e-05   2.28839211e-03  -4.83216005e-04  -8.85561832e-05  -1.52356734e-16   1.85012714e-15  -1.40324814e-14
  6.65600000e-05   2.26362923e-03  -4.63885577e-04  -8.29420837e-05  -1.58544312e-16   1.70271244e-15  -1.38500172e-14
  6.66400000e-05   2.23907140e-03  -4.44439018e-04  -7.97372190e-05  -1.75668164e-16   1.56697346e-15  -1.36668638e-14
  6.67200000e-05   2.21394210e-03  -4.26476721e-04  -7.41380463e-05  -1.76608337e-16   1.42720593e-15  -1.34839099e-14
  6.68000000e-05   2.19010035e-03  -4.08218759e-04  -6.82791568e-05  -1.74166852e-16   1.29112889e-15  -1.33057577e-14
  6.68800000e-05   2.16403676e-03  -3.90695588e-04  -6.71612311e-05  -1.95342275e-16   1.17276412e-15  -1.31165200e-14
  6.69600000e-05   2.13562214e-03  -3.72241479e-04  -6.34257526e-05  -2.00561253e-16   1.04910981e-15  -1.29102960e-14
  6.70400000e-05   2.11115035e-03  -3.55860419e-04  -6.14414441e-05  -2.12665452e-16   9.36476945e-16  -1.27312083e-14
  6.71200000e-05   2.08366512e-03  -3.40809252e-04  -5.87456907e-05  -2.18686943e-16   8.24296105e-16  -1.25387596e-14
  6.72000000e-05   2.05672972e-03  -3.23760908e-04  -5.70374641e-05  -2.29040243e-16   7.19313120e-16  -1.23420519e-14
  6.72800000e-05   2.02779795e-03  -3.07819182e-04  -5.35124572e-05  -2.27384618e-16   6.12009836e-16  -1.21369577e-14
  6.73600000e-05   1.99958292e-03  -2.92929761e-04  -4.94079967e-05  -2.20718136e-16   5.06954929e-16  -1.19382780e-14
  6.74400000e-05   1.97225149e-03  -2.76082127e-04  -5.11664633e-05  -2.45102632e-16   4.24379110e-16  -1.17375226e-14
  6.75200000e-05   1.94147374e-03  -2.60376282e-04  -5.00716174e-05  -2.52038136e-16   3.36189212e-16  -1.15207207e-14
  6.76000000e-05   1.91371722e-03  -2.44428055e-04  -4.94180775e-05  -2.59928260e-16   2.53418767e-16  -1.13191745e-14
  6.76800000e-05   1.88474075e-03  -2.30317706e-04  -4.96458201e-05  -2.71159192e-16   1.77167016e-16  -1.11161318e-14
  6.77600000e-05   1.85747836e-03  -2.15936809e-04  -4.95421133e-05  -2.79247406e-16   1.03549683e-16  -1.09211369e-14
  6.78400000e-05   1.82715927e-03  -2.02369098e-04  -4.92055576e-05  -2.84818909e-16   3.28698890e-17  -1.07114193e-14
  6.79200000e-05   1.79629748e-03  -1.87929365e-04  -5.10156482e-05  -3.00942372e-16  -2.73878261e-17  -1.04955061e-14
  6.80000000e-05   1.76571438e-03  -1.74600991e-04  -5.30598939e-05  -3.17276077e-16  -8.32469435e-17  -1.02843012e-14
  6.80800000e-05   1.73515026e-03  -1.61983803e-04  -5.44251767e-05  -3.28873624e-16  -1.37695000e-16  -1.00751311e-14
  6.81600000e-05   1.70594185e-03  -1.51535190e-04  -5.77019421e-05  -3.50430517e-16  -1.82915758e-16  -9.88001249e-15
  6.82400000e-05   1.67491015e-03  -1.38122399e-04  -5.94463287e-05  -3.61943210e-16  -2.29200283e-16  -9.66526742e-15
  6.83200000e-05   1.64311781e-03  -1.26117538e-04  -5.99872264e-05  -3.66183414e-16  -2.75678238e-16  -9.45058912e-15
  6.84000000e-05   1.61079191e-03  -1.14262738e-04  -6.32273097e-05  -3.84425290e-16  -3.10101410e-16  -9.23329036e-15
  6.84800000e-05   1.58012613e-03  -1.02892207e-04  -6.56677230e-05  -3.97548808e-16  -3.44275391e-16  -9.02656550e-15
  6.85600000e-05   1.54882022e-03  -9.13581354e-05  -7.06726752e-05  -4.23910150e-16  -3.67003260e-16  -8.81573927e-15
  6.86400000e-05   1.51743181e-03  -8.12934518e-05  -7.26689383e-05  -4.33500323e-16  -3.96064371e-16  -8.60903924e-15
  6.87200000e-05   1.48669003e-03  -7.16177755e-05  -7.77742681e-05  -4.59684413e-16  -4.12615037e-16  -8.40712074e-15
  6.88000000e-05   1.45520054e-03  -6.16376288e-05  -8.23239372e-05  -4.82014910e-16  -4.27642456e-16  -8.20016040e-15
  6.88800000e-05   1.42311426e-03  -5.18429342e-05  -8.64113836e-05  -5.01248930e-16  -4.40923848e-16  -7.99056426e-15
  6.89600000e-05   1.39050308e-03  -4.30366917e-05  -9.24241104e-05  -5.30979518e-16  -4.45008244e-16  -7.78127016e-15
  6.90400000e-05   1.35753511e-03  -3.58461735e-05  -9.58736381e-05  -5.46976071e-16  -4.54126689e-16  -7.57518471e-15
  6.91200000e-05   1.32493016e-03  -2.78554484e-05  -1.02749649e-04  -5.80908100e-16  -4.49953613e-16  -7.36867724e-15
  6.92000000e-05   1.29321978e-03  -2.03766100e-05  -1.07267957e-04  -6.01737427e-16  -4.51075645e-16  -7.16884493e-15
  6.92800000e-05   1.26032987e-03  -1.29544502e-05  -1.11529489e-04  -6.20780236e-16  -4.49732941e-16  -6.96283857e-15
  6.93600000e-05   1.22817554e-03  -4.96792526e-06  -1.17631667e-04  -6.49169447e-16  -4.40575054e-16  -6.75927931e-15
  6.94400000e-05   1.19577903e-03   2.12270457e-06  -1.27137215e-04  -6.96449098e-16  -4.18229561e-16  -6.55737979e-15
  6.95200000e-05   1.16323845e-03   8.64996940e-06  -1.31343452e-04  -7.14695147e-16  -4.10015959e-16  -6.35667397e-15
  6.96000000e-05   1.13043701e-03   1.54893816e-05  -1.37459485e-04  -7.42893390e-16  -3.93382754e-16  -6.15372186e-15
  6.96800000e-05   1.09931202e-03   2.03289722e-05  -1.47551821e-04  -7.94104844e-16  -3.63427121e-16  -5.96642652e-15
  6.97600000e-05   1.06649603e-03   2.62317488e-05  -1.55076603e-04  -8.30215570e-16  -3.38140621e-16  -5.76677340e-15
  6.98400000e-05   1.03296614e-03   3.11336021e-05  -1.63927216e-04  -8.74159298e-16  -3.06147492e-16  -5.56654625e-15
  6.99200000e-05   1.00036701e-03   3.53064973e-05  -1.69773471e-04  -9.02046861e-16  -2.82266120e-16  -5.37388880e-15
  7.00000000e-05   9.67815774e-04   3.95809439e-05  -1.76435645e-04  -9.34191035e-16  -2.54005271e-16  -5.18137131e-15
  7.00800000e-05   9.35060724e-04   4.34463288e-05  -1.85098261e-04  -9.77523338e-16  -2.17572704e-16  -4.98922255e-15
  7.01600000e-05   9.03301911e-04   4.62912103e-05  -1.97009926e-04  -1.03944350e-15  -1.70234428e-16  -4.80590837e-15
  7.02400000e-05   8.67787000e-04   4.97323241e-05  -2.06203109e-04  -1.08589504e-15  -1.26406169e-16  -4.60037715e-15
  7.03200000e-05   8.35432929e-04   5.22628411e-05  -2.10952594e-04  -1.10876086e-15  -9.75061479e-17  -4.41516864e-15
  7.04000000e-05   8.05597979e-04   5.40868350e-05  -2.22443039e-04  -1.16917911e-15  -4.86023549e-17  -4.24610758e-15
  7.04800000e-05   7.72423697e-04   5.62433022e-05  -2.31515087e-04  -1.21605064e-15  -2.74638363e-18  -4.05788152e-15
  7.05600000e-05   7.39425215e-04   5.80477543e-05  -2.39066590e-04  -1.25494272e-15   3.96115270e-17  -3.87187908e-15
  7.06400000e-05   7.07329180e-04   6.00189889e-05  -2.47872513e-04  -1.30057011e-15   8.62508135e-17  -3.69042332e-15
  7.07200000e-05   6.75207375e-04   6.03301980e-05  -2.54754324e-04  -1.33729580e-15   1.28191838e-16  -3.51404497e-15
  7.08000000e-05   6.43039841e-04   6.08893521e-05  -2.63791335e-04  -1.38566622e-15   1.77905874e-16  -3.33675106e-15
  7.08800000e-05   6.11603054e-04   6.12125667e-05  -2.75665628e-04  -1.44990232e-15   2.36599839e-16  -3.16427481e-15
  7.09600000e-05   5.79466676e-04   6.10802617e-05  -2.84403821e-04  -1.49751574e-15   2.87323937e-16  -2.98944875e-15
  7.10400000e-05   5.47227894e-04   6.10192133e-05  -2.97298642e-04  -1.56796126e-15   3.51712837e-16  -2.81390756e-15
  7.11200000e-05   5.15877737e-04   6.03891770e-05  -3.07171385e-04  -1.62254960e-15   4.06778405e-16  -2.64501266e-15
  7.12000000e-05   4.84287947e-04   5.87868260e-05  -3.17594647e-04  -1.68129692e-15   4.64488431e-16  -2.47776856e-15
  7.12800000e-05   4.52319416e-04   5.78756741e-05  -3.27342667e-04  -1.73578394e-15   5.21206788e-16  -2.30634029e-15
  7.13600000e-05   4.22490086e-04   5.60356593e-05  -3.36780420e-04  -1.78969296e-15   5.75355267e-16  -2.14943351e-15
  7.14400000e-05   3.91891631e-04   5.37272421e-05  -3.47093332e-04  -1.84906881e-15   6.33464959e-16  -1.98966734e-15
  7.15200000e-05   3.60854956e-04   5.08854134e-05  -3.56548982e-04  -1.90448618e-15   6.89900841e-16  -1.82902608e-15
  7.16000000e-05   3.30513221e-04   4.86165561e-05  -3.67757302e-04  -1.96910827e-15   7.51265635e-16  -1.67037436e-15
  7.16800000e-05   3.00796833e-04   4.55480957e-05  -3.76133583e-04  -2.01920353e-15   8.03795977e-16  -1.51743603e-15
  7.17600000e-05   2.70010995e-04   4.18686475e-05  -3.83387501e-04  -2.06396100e-15   8.54423646e-16  -1.36029109e-15
  7.18400000e-05   2.40506246e-04   3.91502659e-05  -3.96981071e-04  -2.14275015e-15   9.22826068e-16  -1.20715052e-15
  7.19200000e-05   2.10691770e-04   3.56002598e-05  -4.03288228e-04  -2.18252640e-15   9.69999184e-16  -1.05460090e-15
  7.20000000e-05   1.80397535e-04   3.14983796e-05  -4.18631046e-04  -2.27290162e-15   1.04460525e-15  -9.00846893e-16
  7.20800000e-05   1.52887291e-04   2.74432628e-05  -4.30730396e-04  -2.34557996e-15   1.10653170e-15  -7.62060280e-16
  7.21600000e-05   1.23106964e-04   2.30811937e-05  -4.38370104e-04  -2.39419530e-15   1.15773401e-15  -6.11401711e-16
  7.22400000e-05   9.35540044e-05   1.87350108e-05  -4.49442594e-04  -2.46194567e-15   1.21872560e-15  -4.61665274e-16
  7.23200000e-05   6.48612598e-05   1.32282674e-05  -4.56611212e-04  -2.50960445e-15   1.26718219e-15  -3.19776382e-16
  7.24000000e-05   3.69060166e-05   7.77415244e-06  -3.48160468e-04  -1.91759508e-15   9.77006965e-16  -1.81454819e-16
  7.24800000e-05   9.63058982e-06   2.24137003e-06  -8.07740346e-05  -4.44576716e-16   2.25147374e-16  -4.67588060e-17
  7.25600000e-05   0.00000000e+00   0.00000000e+00   0.00000000e+00   0.00000000e+00  -0.00000000e+00   0.00000000e+00
  7.26400000e-05   0.00000000e+00   0.00000000e+00   0.00000000e+00   0.00000000e+00  -0.00000000e+00   0.00000000e+00
