       time             b_x              b_y              b_z              F_x              F_y              F_z
  0.00000000e+00   1.34251784e-03   1.01993639e-03  -8.99896210e-03   2.29026743e-14   3.15876957e-14   6.99688346e-15
  8.00000000e-08   1.89592878e-03   1.44499419e-03  -9.45456853e-03   2.10856339e-14   3.63156280e-14   9.77863044e-15
  1.60000000e-07   2.65376198e-03   2.02309229e-03  -9.88311565e-03   1.81087245e-14   4.20114921e-14   1.34622901e-14
  2.40000000e-07   3.52673218e-03   2.69500779e-03  -1.02840821e-02   1.41734797e-14   4.82323566e-14   1.75001173e-14
  3.20000000e-07   4.63176054e-03   3.54292087e-03  -1.05473159e-02   8.50706130e-15   5.52251352e-14   2.22863293e-14
  4.00000000e-07   5.90811696e-03   4.52818041e-03  -1.06939337e-02   1.30389529e-15   6.27625657e-14   2.72962031e-14
  4.80000000e-07   7.34578544e-03   5.63696225e-03  -1.05313624e-02  -7.79863921e-15   7.02333821e-14   3.21530851e-14
  5.60000000e-07   8.90474784e-03   6.84417140e-03  -1.00159702e-02  -1.86058884e-14   7.73775832e-14   3.63324460e-14
  6.40000000e-07   1.04577136e-02   8.04764199e-03  -9.19882078e-03  -3.01807715e-14   8.37828427e-14   3.89867860e-14
  7.20000000e-07   1.18182580e-02   9.10434429e-03  -7.84665358e-03  -4.16545522e-14   8.79023451e-14   3.92535449e-14
  8.00000000e-07   1.29888280e-02   1.00144475e-02  -6.17019688e-03  -5.20547110e-14   9.05190023e-14   3.73356172e-14
  8.80000000e-07   1.35492115e-02   1.04559165e-02  -4.22018364e-03  -5.89278578e-14   8.94780687e-14   3.24983962e-14
  9.60000000e-07   1.38009538e-02   1.06565452e-02  -2.11445217e-03  -6.30120302e-14   8.68494219e-14   2.64317510e-14
  1.04000000e-06   1.63682247e-03   1.22995783e-03  -1.11795409e-05  -7.39891197e-15   9.86931162e-15   2.51635784e-15
  1.12000000e-06  -1.23480092e-02  -9.57407196e-03  -1.44080340e-03   5.74637760e-14  -7.08657194e-14  -2.15780562e-14
  1.20000000e-06  -1.16401443e-02  -8.98542091e-03  -2.61501830e-03   5.39337971e-14  -6.26345295e-14  -2.48562579e-14
  1.28000000e-06  -1.05595054e-02  -8.16417144e-03  -3.46965897e-03   4.93429420e-14  -5.26676437e-14  -2.62415968e-14
  1.36000000e-06  -9.47411362e-03  -7.33886436e-03  -4.02108840e-03   4.48433460e-14  -4.34106200e-14  -2.64272487e-14
  1.44000000e-06  -8.53035188e-03  -6.62324356e-03  -4.30859579e-03   4.09435824e-14  -3.57889236e-14  -2.60466314e-14
  1.52000000e-06  -7.64583690e-03  -5.95169879e-03  -4.44477039e-03   3.72525988e-14  -2.91116053e-14  -2.51000116e-14
  1.60000000e-06  -6.92584358e-03  -5.40741520e-03  -4.48071275e-03   3.42232799e-14  -2.38408372e-14  -2.41273618e-14
  1.68000000e-06  -6.30098231e-03  -4.93540020e-03  -4.44106367e-03   3.15374935e-14  -1.95125949e-14  -2.30608547e-14
  1.76000000e-06  -5.72999236e-03  -4.50369486e-03  -4.36315830e-03   2.90467165e-14  -1.57714408e-14  -2.18666618e-14
  1.84000000e-06  -5.26502208e-03  -4.15400131e-03  -4.26687343e-03   2.69845550e-14  -1.28090030e-14  -2.08268804e-14
  1.92000000e-06  -4.83804296e-03  -3.83317052e-03  -4.15217357e-03   2.50632057e-14  -1.02435412e-14  -1.97466759e-14
  2.00000000e-06  -4.48508988e-03  -3.56893977e-03  -4.04210024e-03   2.34509467e-14  -8.15954628e-15  -1.88166225e-14
  2.08000000e-06  -4.17479176e-03  -3.33587935e-03  -3.92865502e-03   2.20030009e-14  -6.40496859e-15  -1.79429714e-14
  2.16000000e-06  -3.89915145e-03  -3.12938124e-03  -3.81791617e-03   2.07017385e-14  -4.90092868e-15  -1.71251375e-14
  2.24000000e-06  -3.64219389e-03  -2.94015557e-03  -3.70991899e-03   1.94994516e-14  -3.55544247e-15  -1.63257553e-14
  2.32000000e-06  -3.42091199e-03  -2.77535761e-03  -3.61292000e-03   1.84410901e-14  -2.40862092e-15  -1.56107973e-14
  2.40000000e-06  -3.22113244e-03  -2.62665782e-03  -3.51920453e-03   1.74739238e-14  -1.41047258e-15  -1.49411589e-14
  2.48000000e-06  -3.03868711e-03  -2.49241625e-03  -3.43235292e-03   1.65937076e-14  -5.18521251e-16  -1.43140043e-14
  2.56000000e-06  -2.87098022e-03  -2.36857955e-03  -3.35418691e-03   1.57825833e-14   2.94388315e-16  -1.37168165e-14
  2.64000000e-06  -2.71380535e-03  -2.25015735e-03  -3.28366067e-03   1.50152347e-14   1.04989262e-15  -1.31288986e-14
  2.72000000e-06  -2.57528618e-03  -2.14710148e-03  -3.20882700e-03   1.43201186e-14   1.66605072e-15  -1.26075926e-14
  2.80000000e-06  -2.44456959e-03  -2.04994167e-03  -3.14853520e-03   1.36789361e-14   2.27585358e-15  -1.21022876e-14
  2.88000000e-06  -2.32237818e-03  -1.95821686e-03  -3.09464627e-03   1.30774422e-14   2.84626456e-15  -1.16150172e-14
  2.96000000e-06  -2.20480893e-03  -1.86890661e-03  -3.04587640e-03   1.24996494e-14   3.39266044e-15  -1.11297701e-14
  3.04000000e-06  -2.09595390e-03  -1.79221724e-03  -2.99246414e-03   1.19768735e-14   3.85725980e-15  -1.06988825e-14
  3.12000000e-06  -1.99535953e-03  -1.71466549e-03  -2.95209680e-03   1.14730202e-14   4.32166744e-15  -1.02649121e-14
  3.20000000e-06  -1.89650047e-03  -1.63927042e-03  -2.91988357e-03   1.09942503e-14   4.79593941e-15  -9.83342033e-15
  3.28000000e-06  -1.80576873e-03  -1.56913829e-03  -2.87966135e-03   1.05317056e-14   5.18223398e-15  -9.42800666e-15
  3.36000000e-06  -1.71560700e-03  -1.50232617e-03  -2.85464858e-03   1.01073348e-14   5.61861822e-15  -9.03130834e-15
  3.44000000e-06  -1.62938830e-03  -1.43584662e-03  -2.82274757e-03   9.67902435e-15   5.99245628e-15  -8.63525218e-15
  3.52000000e-06  -1.54841998e-03  -1.37159827e-03  -2.78630049e-03   9.25799718e-15   6.30937013e-15  -8.25079313e-15
  3.60000000e-06  -1.46993373e-03  -1.31167979e-03  -2.77151925e-03   8.88580722e-15   6.70291293e-15  -7.88506996e-15
  3.68000000e-06  -1.39272290e-03  -1.24991507e-03  -2.74303175e-03   8.49161970e-15   7.01632727e-15  -7.50858476e-15
  3.76000000e-06  -1.32013795e-03  -1.19278347e-03  -2.73320462e-03   8.14162696e-15   7.38695151e-15  -7.15610687e-15
  3.84000000e-06  -1.24846752e-03  -1.13481463e-03  -2.71786921e-03   7.78336444e-15   7.71837985e-15  -6.79804900e-15
  3.92000000e-06  -1.17918696e-03  -1.07769773e-03  -2.69087353e-03   7.41733078e-15   7.97539387e-15  -6.44455543e-15
  4.00000000e-06  -1.11063718e-03  -1.02356402e-03  -2.68768158e-03   7.09246282e-15   8.33354803e-15  -6.10454488e-15
  4.08000000e-06  -1.04395569e-03  -9.68669081e-04  -2.66644513e-03   6.74623324e-15   8.58987239e-15  -5.76179581e-15
  4.16000000e-06  -9.80376377e-04  -9.15544401e-04  -2.65445423e-03   6.41837094e-15   8.87026470e-15  -5.42994498e-15
  4.24000000e-06  -9.18773065e-04  -8.63073183e-04  -2.65389395e-03   6.10602120e-15   9.19084105e-15  -5.10284754e-15
  4.32000000e-06  -8.57085232e-04  -8.10874530e-04  -2.64337859e-03   5.78477912e-15   9.45708155e-15  -4.77667306e-15
  4.40000000e-06  -7.95773003e-04  -7.57791852e-04  -2.62212122e-03   5.45154211e-15   9.66268338e-15  -4.44696938e-15
  4.48000000e-06  -7.36540816e-04  -7.04269211e-04  -2.63848168e-03   5.15129304e-15   1.00380230e-14  -4.11737107e-15
  4.56000000e-06  -6.81944077e-04  -6.57433364e-04  -2.62762787e-03   4.85257249e-15   1.02563889e-14  -3.82553232e-15
  4.64000000e-06  -6.25130383e-04  -6.07318633e-04  -2.61251184e-03   4.53849148e-15   1.04568131e-14  -3.51683244e-15
  4.72000000e-06  -5.70658102e-04  -5.59670533e-04  -2.60125653e-03   4.23818308e-15   1.06618008e-14  -3.22369177e-15
  4.80000000e-06  -5.18057854e-04  -5.09716347e-04  -2.63818154e-03   3.96446940e-15   1.10940686e-14  -2.92195685e-15
  4.88000000e-06  -4.66657299e-04  -4.63549172e-04  -2.62195740e-03   3.66383159e-15   1.12535488e-14  -2.64166267e-15
  4.96000000e-06  -4.16700338e-04  -4.16607588e-04  -2.58406762e-03   3.34648985e-15   1.12945722e-14  -2.36057597e-15
  5.04000000e-06  -3.65834466e-04  -3.68677795e-04  -2.60726637e-03   3.06726640e-15   1.16399169e-14  -2.07630902e-15
  5.12000000e-06  -3.18881665e-04  -3.23414881e-04  -2.58056823e-03   2.76609969e-15   1.17165821e-14  -1.81021196e-15
  5.20000000e-06  -2.71802219e-04  -2.77441735e-04  -2.58291161e-03   2.47968347e-15   1.19355438e-14  -1.54298794e-15
  5.28000000e-06  -2.26118594e-04  -2.32521065e-04  -2.58064400e-03   2.19387214e-15   1.21225667e-14  -1.28449620e-15
  5.36000000e-06  -1.81990319e-04  -1.89269443e-04  -2.57308681e-03   1.91103323e-15   1.22736799e-14  -1.03798368e-15
  5.44000000e-06  -1.38139709e-04  -1.43608537e-04  -2.57245086e-03   1.62139797e-15   1.24554622e-14  -7.82401785e-16
  5.52000000e-06  -9.52188610e-05  -9.98481449e-05  -2.57455079e-03   1.33870450e-15   1.26445101e-14  -5.39900321e-16
  5.60000000e-06  -5.42291622e-05  -5.72942089e-05  -2.56131288e-03   1.05416466e-15   1.27457626e-14  -3.07430167e-16
  5.68000000e-06  -1.31729919e-05  -1.46615261e-05  -2.58248609e-03   7.79362839e-16   1.30185751e-14  -7.78856930e-17
  5.76000000e-06   2.52311140e-05   2.77911978e-05  -2.55476132e-03   4.90506014e-16   1.30311655e-14   1.46599883e-16
  5.84000000e-06   6.39421219e-05   6.84266370e-05  -2.53926348e-03   2.12621479e-16   1.31042283e-14   3.58479435e-16
  5.92000000e-06   1.01490679e-04   1.10595123e-04  -2.54908248e-03  -6.70511383e-17   1.32986586e-14   5.74309279e-16
  6.00000000e-06   1.35591186e-04   1.50454464e-04  -2.53247980e-03  -3.42474570e-16   1.33437881e-14   7.74417218e-16
  6.08000000e-06   1.72041840e-04   1.91145129e-04  -2.53013776e-03  -6.20527818e-16   1.34679345e-14   9.75272325e-16
  6.16000000e-06   2.04898005e-04   2.30677659e-04  -2.53153031e-03  -8.95252504e-16   1.35950470e-14   1.16634518e-15
  6.24000000e-06   2.38433085e-04   2.71275905e-04  -2.49826099e-03  -1.17350314e-15   1.35474562e-14   1.35906396e-15
  6.32000000e-06   2.69775244e-04   3.09297517e-04  -2.48119409e-03  -1.44114688e-15   1.35715989e-14   1.53509800e-15
  6.40000000e-06   3.00902344e-04   3.46316068e-04  -2.49682697e-03  -1.70883478e-15   1.37581927e-14   1.70235698e-15
  6.48000000e-06   3.30420513e-04   3.83372497e-04  -2.49228037e-03  -1.97626583e-15   1.38348253e-14   1.86611941e-15
  6.56000000e-06   3.61595245e-04   4.18900462e-04  -2.49600716e-03  -2.24094562e-15   1.39578126e-14   2.01787037e-15
  6.64000000e-06   3.86221660e-04   4.59734780e-04  -2.45286862e-03  -2.51269030e-15   1.38182352e-14   2.19427485e-15
  6.72000000e-06   4.16093413e-04   4.93739970e-04  -2.43162886e-03  -2.76201710e-15   1.38079379e-14   2.33106039e-15
  6.80000000e-06   4.41727207e-04   5.29170845e-04  -2.40659179e-03  -3.01434300e-15   1.37610035e-14   2.47254418e-15
  6.88000000e-06   4.64506966e-04   5.64237848e-04  -2.41977854e-03  -3.28084921e-15   1.38927312e-14   2.60967164e-15
  6.96000000e-06   4.89471077e-04   5.97352398e-04  -2.40958572e-03  -3.53077480e-15   1.39147207e-14   2.73232845e-15
  7.04000000e-06   5.11828423e-04   6.32591019e-04  -2.36505727e-03  -3.76993077e-15   1.37547872e-14   2.86318528e-15
  7.12000000e-06   5.33745711e-04   6.65606206e-04  -2.33930390e-03  -4.00707324e-15   1.36859948e-14   2.97982870e-15
  7.20000000e-06   5.56044159e-04   6.96659704e-04  -2.32801923e-03  -4.24368660e-15   1.36896005e-14   3.08301401e-15
  7.28000000e-06   5.75249494e-04   7.27652588e-04  -2.32928819e-03  -4.48915825e-15   1.37417521e-14   3.18416395e-15
  7.36000000e-06   5.93171187e-04   7.58811445e-04  -2.30115294e-03  -4.71424163e-15   1.36432229e-14   3.28369369e-15
  7.44000000e-06   6.10253782e-04   7.89444160e-04  -2.26425013e-03  -4.92754497e-15   1.34982618e-14   3.37819170e-15
  7.52000000e-06   6.27598288e-04   8.18216350e-04  -2.24890026e-03  -5.14806308e-15   1.34595034e-14   3.46030026e-15
  7.60000000e-06   6.42814939e-04   8.46066625e-04  -2.22890432e-03  -5.35991282e-15   1.33890881e-14   3.53654863e-15
  7.68000000e-06   6.56903179e-04   8.71793394e-04  -2.20441733e-03  -5.55733876e-15   1.32921201e-14   3.60065623e-15
  7.76000000e-06   6.70548003e-04   8.97777498e-04  -2.17514833e-03  -5.74877412e-15   1.31703095e-14   3.66374026e-15
  7.84000000e-06   6.82899627e-04   9.23460773e-04  -2.12506771e-03  -5.91487153e-15   1.29437684e-14   3.72402195e-15
  7.92000000e-06   6.94810764e-04   9.48649714e-04  -2.11509397e-03  -6.11677024e-15   1.29080599e-14   3.78008244e-15
  8.00000000e-06   7.04549812e-04   9.68815749e-04  -2.05778220e-03  -6.24402673e-15   1.26383513e-14   3.81235969e-15
  8.08000000e-06   7.11793868e-04   9.87990855e-04  -2.01689955e-03  -6.38025962e-15   1.24379665e-14   3.84112711e-15
  8.16000000e-06   7.19545585e-04   1.01092718e-03  -1.99825344e-03  -6.55450602e-15   1.23453188e-14   3.88536924e-15
  8.24000000e-06   7.29261907e-04   1.02952449e-03  -1.95890645e-03  -6.68310858e-15   1.21640066e-14   3.90493693e-15
  8.32000000e-06   7.31466274e-04   1.04489960e-03  -1.91267438e-03  -6.78487854e-15   1.19211293e-14   3.91779885e-15
  8.40000000e-06   7.34596374e-04   1.05915000e-03  -1.86557400e-03  -6.87612874e-15   1.16796034e-14   3.92333549e-15
  8.48000000e-06   7.37265052e-04   1.07257846e-03  -1.82031776e-03  -6.96140422e-15   1.14464732e-14   3.92505126e-15
  8.56000000e-06   7.37208566e-04   1.08228243e-03  -1.77955359e-03  -7.03266253e-15   1.12243685e-14   3.91300259e-15
  8.64000000e-06   7.35764121e-04   1.09343573e-03  -1.73477244e-03  -7.09961666e-15   1.09797569e-14   3.90945527e-15
  8.72000000e-06   7.36639785e-04   1.10303144e-03  -1.68036456e-03  -7.14083414e-15   1.07031268e-14   3.89538259e-15
  8.80000000e-06   7.31869875e-04   1.10907073e-03  -1.62172561e-03  -7.15477430e-15   1.03862847e-14   3.87412062e-15
  8.88000000e-06   7.25338769e-04   1.11076012e-03  -1.56756710e-03  -7.15144298e-15   1.00847730e-14   3.83686594e-15
  8.96000000e-06   7.19274403e-04   1.11170847e-03  -1.51310098e-03  -7.13881249e-15   9.78638836e-15   3.79673651e-15
  9.04000000e-06   7.11538388e-04   1.11229334e-03  -1.46292993e-03  -7.12604893e-15   9.50254289e-15   3.75900285e-15
  9.12000000e-06   7.02316684e-04   1.11004911e-03  -1.40389137e-03  -7.08116461e-15   9.17573948e-15   3.71275261e-15
  9.20000000e-06   6.90845531e-04   1.10362882e-03  -1.34102906e-03  -7.00618083e-15   8.82543785e-15   3.65377527e-15
  9.28000000e-06   6.78628626e-04   1.09857750e-03  -1.28201048e-03  -6.93779652e-15   8.49170731e-15   3.60419150e-15
  9.36000000e-06   6.65273738e-04   1.09110176e-03  -1.21716372e-03  -6.84320840e-15   8.13069899e-15   3.54825984e-15
  9.44000000e-06   6.50817123e-04   1.07713011e-03  -1.15494684e-03  -6.71951559e-15   7.77940572e-15   3.46877986e-15
  9.52000000e-06   6.33107850e-04   1.06314107e-03  -1.09678875e-03  -6.59760620e-15   7.43437024e-15   3.39790871e-15
  9.60000000e-06   6.17372093e-04   1.04664075e-03  -1.03407150e-03  -6.45132322e-15   7.08113803e-15   3.31557413e-15
  9.68000000e-06   5.96785331e-04   1.02845657e-03  -9.64123034e-04  -6.27891528e-15   6.67911331e-15   3.23818984e-15
  9.76000000e-06   5.75270392e-04   1.00753064e-03  -8.95795336e-04  -6.09221822e-15   6.28295919e-15   3.15429321e-15
  9.84000000e-06   5.54161962e-04   9.85773196e-04  -8.29087332e-04  -5.89995721e-15   5.89826709e-15   3.06942542e-15
  9.92000000e-06   5.31852704e-04   9.61060671e-04  -7.57808067e-04  -5.68106088e-15   5.49205229e-15   2.97794121e-15
  1.00000000e-05   5.07810454e-04   9.34088159e-04  -6.91474105e-04  -5.45717794e-15   5.10158749e-15   2.88386860e-15
  1.00800000e-05   4.84302493e-04   9.06432449e-04  -6.23134872e-04  -5.22207251e-15   4.70767677e-15   2.78932912e-15
  1.01600000e-05   4.58100338e-04   8.75463112e-04  -5.54932266e-04  -4.96858534e-15   4.30487851e-15   2.68979082e-15
  1.02400000e-05   4.31602108e-04   8.42348670e-04  -4.81218554e-04  -4.69072696e-15   3.88047598e-15   2.58549078e-15
  1.03200000e-05   4.03181889e-04   8.09044630e-04  -4.09873393e-04  -4.41315314e-15   3.45950400e-15   2.48757235e-15
  1.04000000e-05   3.74446139e-04   7.73289696e-04  -3.39257061e-04  -4.12288686e-15   3.04211555e-15   2.38355405e-15
  1.04800000e-05   3.44506506e-04   7.36534829e-04  -2.62656274e-04  -3.81304028e-15   2.59693240e-15   2.28098104e-15
  1.05600000e-05   3.16715052e-04   7.00674102e-04  -1.87456030e-04  -3.50734598e-15   2.16874655e-15   2.18053951e-15
  1.06400000e-05   2.85557775e-04   6.60866313e-04  -1.13751662e-04  -3.18482317e-15   1.73309240e-15   2.07373993e-15
  1.07200000e-05  -1.02314988e-04  -2.26060293e-05  -3.72421188e-05   2.44506248e-17  -3.07775062e-16   1.19646970e-16
  1.08000000e-05  -6.04125949e-04  -9.45472283e-04  -3.56709642e-05   4.14952207e-15  -2.55457151e-15  -2.56672067e-15
  1.08800000e-05  -8.80201632e-04  -1.47587646e-03  -1.06713620e-04   6.35436549e-15  -3.48771165e-15  -4.17651790e-15
  1.09600000e-05  -8.51337792e-04  -1.44010546e-03  -1.75037193e-04   6.03641087e-15  -3.06623432e-15  -4.13240124e-15
  1.10400000e-05  -8.21633390e-04  -1.40428668e-03  -2.42226844e-04   5.72305691e-15  -2.64391913e-15  -4.08474234e-15
  1.11200000e-05  -7.92363481e-04  -1.36579281e-03  -3.09267916e-04   5.40042899e-15  -2.22269264e-15  -4.02034943e-15
  1.12000000e-05  -7.63435700e-04  -1.32887113e-03  -3.80354329e-04   5.07860711e-15  -1.78503362e-15  -3.95712687e-15
  1.12800000e-05  -7.33297941e-04  -1.29185158e-03  -4.47795838e-04   4.76533019e-15  -1.35606866e-15  -3.89143271e-15
  1.13600000e-05  -7.04027752e-04  -1.25185035e-03  -5.15078724e-04   4.44066650e-15  -9.30801724e-16  -3.80743351e-15
  1.14400000e-05  -6.73595438e-04  -1.21237141e-03  -5.89974789e-04   4.10422832e-15  -4.68148217e-16  -3.72392178e-15
  1.15200000e-05  -6.43565369e-04  -1.17092944e-03  -6.62462304e-04   3.76478051e-15  -1.68677255e-17  -3.62757462e-15
  1.16000000e-05  -6.12611704e-04  -1.13068481e-03  -7.30586838e-04   3.43963104e-15   4.20252670e-16  -3.53459905e-15
  1.16800000e-05  -5.84667870e-04  -1.09306214e-03  -8.01769803e-04   3.11974001e-15   8.57111224e-16  -3.44349159e-15
  1.17600000e-05  -5.54653008e-04  -1.05082090e-03  -8.73016057e-04   2.77949354e-15   1.30289526e-15  -3.33414717e-15
  1.18400000e-05  -5.25576406e-04  -1.01196490e-03  -9.43383281e-04   2.45487961e-15   1.74036877e-15  -3.23454843e-15
  1.19200000e-05  -4.95498015e-04  -9.68890631e-04  -1.01107369e-03   2.11649687e-15   2.17003992e-15  -3.11673756e-15
  1.20000000e-05  -4.65071199e-04  -9.28005332e-04  -1.07826931e-03   1.78723279e-15   2.59802332e-15  -3.00682767e-15
  1.20800000e-05  -4.36774137e-04  -8.86177278e-04  -1.14759249e-03   1.44802380e-15   3.02472433e-15  -2.88682729e-15
  1.21600000e-05  -4.07896211e-04  -8.45037230e-04  -1.22504628e-03   1.09306079e-15   3.48704175e-15  -2.76931207e-15
  1.22400000e-05  -3.82457937e-04  -8.04594176e-04  -1.29067706e-03   7.62667242e-16   3.88272835e-15  -2.64644725e-15
  1.23200000e-05  -3.54140177e-04  -7.63752785e-04  -1.36825224e-03   4.03323357e-16   4.33971269e-15  -2.52680067e-15
  1.24000000e-05  -3.27120947e-04  -7.24131615e-04  -1.44191739e-03   5.37250919e-17   4.77236241e-15  -2.40887108e-15
  1.24800000e-05  -2.97680064e-04  -6.81970045e-04  -1.50928106e-03  -2.97039391e-16   5.18593159e-15  -2.28468201e-15
  1.25600000e-05  -2.74293182e-04  -6.44401433e-04  -1.59451622e-03  -6.70303364e-16   5.64753758e-15  -2.16706586e-15
  1.26400000e-05  -2.47270009e-04  -6.04075659e-04  -1.66229850e-03  -1.02280002e-15   6.04706191e-15  -2.04534573e-15
  1.27200000e-05  -2.19978536e-04  -5.62513035e-04  -1.74263267e-03  -1.41216416e-15   6.49799399e-15  -1.91925732e-15
  1.28000000e-05  -1.94361909e-04  -5.22253407e-04  -1.81971658e-03  -1.79456752e-15   6.92443128e-15  -1.79561603e-15
  1.28800000e-05  -1.65983920e-04  -4.80736060e-04  -1.88583180e-03  -2.16371968e-15   7.31200108e-15  -1.67353203e-15
  1.29600000e-05  -1.46410901e-04  -4.46683124e-04  -1.96157978e-03  -2.52873929e-15   7.69969407e-15  -1.56460035e-15
  1.30400000e-05  -1.23744922e-04  -4.09398575e-04  -2.04736288e-03  -2.93649709e-15   8.13831859e-15  -1.44988436e-15
  1.31200000e-05  -1.01529230e-04  -3.72297878e-04  -2.12738338e-03  -3.33770379e-15   8.54578612e-15  -1.33624413e-15
  1.32000000e-05  -7.91182209e-05  -3.35337039e-04  -2.20251001e-03  -3.73419752e-15   8.92834274e-15  -1.22522075e-15
  1.32800000e-05  -5.85469791e-05  -2.98863726e-04  -2.27754842e-03  -4.13589455e-15   9.29746485e-15  -1.11371106e-15
  1.33600000e-05  -3.84051504e-05  -2.64136915e-04  -2.36813870e-03  -4.57531614e-15   9.72393447e-15  -1.01038607e-15
  1.34400000e-05  -1.93716961e-05  -2.32480411e-04  -2.45762771e-03  -5.00870475e-15   1.01344563e-14  -9.19193516e-16
  1.35200000e-05  -1.18295003e-06  -1.98267836e-04  -2.53496981e-03  -5.43212121e-15   1.04841874e-14  -8.17465835e-16
  1.36000000e-05   1.73885820e-05  -1.67718736e-04  -2.61372534e-03  -5.85269720e-15   1.08343715e-14  -7.34161757e-16
  1.36800000e-05   3.61693499e-05  -1.36494513e-04  -2.70157551e-03  -6.30875005e-15   1.12150163e-14  -6.51091032e-16
  1.37600000e-05   5.16461719e-05  -1.03699215e-04  -2.79094899e-03  -6.78556630e-15   1.15797774e-14  -5.55818952e-16
  1.38400000e-05   6.82145166e-05  -7.92800447e-05  -2.86994660e-03  -7.21093795e-15   1.18983659e-14  -5.00076769e-16
  1.39200000e-05   8.04372587e-05  -5.17618221e-05  -2.96063914e-03  -7.69045211e-15   1.22371518e-14  -4.22887120e-16
  1.40000000e-05   9.38901060e-05  -2.72405930e-05  -3.05298871e-03  -8.17357797e-15   1.25774936e-14  -3.63590106e-16
  1.40800000e-05   1.09514031e-04  -4.09973926e-06  -3.14249302e-03  -8.65491444e-15   1.29049353e-14  -3.18454624e-16
  1.41600000e-05   1.16799819e-04   2.00465060e-05  -3.23414990e-03  -9.15794636e-15   1.31953778e-14  -2.48944943e-16
  1.42400000e-05   1.26675690e-04   3.88024001e-05  -3.32614494e-03  -9.65179436e-15   1.34860411e-14  -2.10260513e-16
  1.43200000e-05   1.34033368e-04   5.69543640e-05  -3.42591373e-03  -1.01779282e-14   1.37840865e-14  -1.69040486e-16
  1.44000000e-05   1.41380397e-04   7.32251383e-05  -3.51621072e-03  -1.06816127e-14   1.40321892e-14  -1.37267555e-16
  1.44800000e-05   1.50081720e-04   8.92499570e-05  -3.59632815e-03  -1.11655183e-14   1.42343314e-14  -1.12705711e-16
  1.45600000e-05   1.54979904e-04   1.03196367e-04  -3.71465973e-03  -1.17689639e-14   1.45505896e-14  -8.67871961e-17
  1.46400000e-05   1.58737302e-04   1.12460267e-04  -3.80680992e-03  -1.22877620e-14   1.47475270e-14  -7.67086800e-17
  1.47200000e-05   1.59466087e-04   1.20598199e-04  -3.91337483e-03  -1.28601465e-14   1.49690892e-14  -6.27366533e-17
  1.48000000e-05   1.60781039e-04   1.27895367e-04  -4.02332045e-03  -1.34541983e-14   1.51875185e-14  -5.48717755e-17
  1.48800000e-05   1.60153121e-04   1.33131829e-04  -4.12045864e-03  -1.40119893e-14   1.53339572e-14  -4.91756070e-17
  1.49600000e-05   1.58285499e-04   1.33728051e-04  -4.22867316e-03  -1.46004848e-14   1.54959008e-14  -5.64736039e-17
  1.50400000e-05   1.51954882e-04   1.28557965e-04  -4.33124161e-03  -1.51599016e-14   1.56001085e-14  -6.88261897e-17
  1.51200000e-05   1.47002677e-04   1.21971596e-04  -4.43450550e-03  -1.57291024e-14   1.56922530e-14  -8.97982893e-17
  1.52000000e-05   1.37138417e-04   1.13352098e-04  -4.55145835e-03  -1.63506636e-14   1.57890635e-14  -9.94364012e-17
  1.52800000e-05   1.29628672e-04   1.02503984e-04  -4.65266498e-03  -1.69215706e-14   1.58203252e-14  -1.22913290e-16
  1.53600000e-05   1.18931426e-04   8.99445828e-05  -4.77076298e-03  -1.75582666e-14   1.58707364e-14  -1.38498373e-16
  1.54400000e-05   1.06292786e-04   7.17453268e-05  -4.88250984e-03  -1.81621397e-14   1.58678673e-14  -1.62223760e-16
  1.55200000e-05   9.04890940e-05   4.82032125e-05  -4.99576667e-03  -1.87623057e-14   1.58312780e-14  -1.87091522e-16
  1.56000000e-05   7.30625752e-05   2.43965820e-05  -5.09604056e-03  -1.93236512e-14   1.57235218e-14  -2.01771457e-16
  1.56800000e-05   5.39300589e-05  -8.69844362e-06  -5.21991940e-03  -1.99473626e-14   1.56532765e-14  -2.32172471e-16
  1.57600000e-05   3.20923035e-05  -4.28717903e-05  -5.33465018e-03  -2.05429337e-14   1.55166086e-14  -2.48281482e-16
  1.58400000e-05   8.01587554e-06  -8.09775624e-05  -5.45848667e-03  -2.11675700e-14   1.53687612e-14  -2.59083060e-16
  1.59200000e-05  -1.81688708e-05  -1.24119716e-04  -5.59818244e-03  -2.18455245e-14   1.52244303e-14  -2.66647876e-16
  1.60000000e-05  -4.33643762e-05  -1.66286218e-04  -5.69066119e-03  -2.23475983e-14   1.49247472e-14  -2.65819744e-16
  1.60800000e-05  -7.46212909e-05  -2.16973030e-04  -5.81711851e-03  -2.29583235e-14   1.46612754e-14  -2.52345143e-16
  1.61600000e-05  -1.07920027e-04  -2.72927506e-04  -5.94397684e-03  -2.35559843e-14   1.43579760e-14  -2.31583020e-16
  1.62400000e-05  -1.45810657e-04  -3.35178363e-04  -6.06203598e-03  -2.40974232e-14   1.39798942e-14  -1.93350374e-16
  1.63200000e-05  -1.86439931e-04  -4.04097541e-04  -6.17935994e-03  -2.46117029e-14   1.35567303e-14  -1.43969150e-16
  1.64000000e-05  -2.27377543e-04  -4.74975851e-04  -6.32708186e-03  -2.52492606e-14   1.31698634e-14  -8.12779506e-17
  1.64800000e-05  -2.71754476e-04  -5.52252545e-04  -6.43051550e-03  -2.56720253e-14   1.26344203e-14  -1.40420744e-19
  1.65600000e-05  -3.20507359e-04  -6.33769436e-04  -6.52622976e-03  -2.60402376e-14   1.20358416e-14   1.10038913e-16
  1.66400000e-05  -3.72513187e-04  -7.19538928e-04  -6.67256335e-03  -2.66097165e-14   1.14941268e-14   2.46082132e-16
  1.67200000e-05  -4.22902082e-04  -8.05650493e-04  -6.77440308e-03  -2.69758481e-14   1.08377073e-14   3.95125303e-16
  1.68000000e-05  -4.81551914e-04  -9.04217039e-04  -6.86771325e-03  -2.72427972e-14   1.01039351e-14   5.79912229e-16
  1.68800000e-05  -5.43326100e-04  -1.01017714e-03  -7.02458914e-03  -2.77564138e-14   9.43533724e-15   7.89999523e-16
  1.69600000e-05  -6.09458644e-04  -1.11927224e-03  -7.13825217e-03  -2.80500851e-14   8.63961733e-15   1.04021023e-15
  1.70400000e-05  -6.75950896e-04  -1.23399076e-03  -7.23498045e-03  -2.82268582e-14   7.78709914e-15   1.30902381e-15
  1.71200000e-05  -7.49164882e-04  -1.35384453e-03  -7.34666408e-03  -2.84321408e-14   6.90214839e-15   1.62739517e-15
  1.72000000e-05  -8.26062036e-04  -1.47944119e-03  -7.45895937e-03  -2.85950542e-14   5.97371735e-15   1.98198226e-15
  1.72800000e-05  -9.05124709e-04  -1.60973199e-03  -7.54823412e-03  -2.86069879e-14   4.98035950e-15   2.36821583e-15
  1.73600000e-05  -9.88690000e-04  -1.74362591e-03  -7.65808983e-03  -2.86717125e-14   3.96984120e-15   2.79776261e-15
  1.74400000e-05  -1.07558044e-03  -1.88482579e-03  -7.75195796e-03  -2.86001993e-14   2.90433026e-15   3.26209950e-15
  1.75200000e-05  -1.16281340e-03  -2.02341167e-03  -7.83551734e-03  -2.84564959e-14   1.80857830e-15   3.75598636e-15
  1.76000000e-05  -1.25744426e-03  -2.17438195e-03  -7.91725775e-03  -2.82143111e-14   6.64885669e-16   4.29848430e-15
  1.76800000e-05  -1.35585794e-03  -2.32799530e-03  -7.99453490e-03  -2.78987414e-14  -5.11490185e-16   4.88051865e-15
  1.77600000e-05  -1.45896840e-03  -2.48630018e-03  -8.07109619e-03  -2.75154912e-14  -1.72080004e-15   5.50391877e-15
  1.78400000e-05  -1.56528875e-03  -2.64980711e-03  -8.13627714e-03  -2.70085995e-14  -2.95841844e-15   6.15951181e-15
  1.79200000e-05  -1.67367237e-03  -2.81321140e-03  -8.19971714e-03  -2.64428985e-14  -4.21062969e-15   6.84196042e-15
  1.80000000e-05  -1.78615097e-03  -2.98289145e-03  -8.24846973e-03  -2.57276569e-14  -5.48640910e-15   7.55520044e-15
  1.80800000e-05  -1.90296588e-03  -3.15298248e-03  -8.29155116e-03  -2.49278762e-14  -6.77995551e-15   8.29928895e-15
  1.81600000e-05  -2.02156577e-03  -3.32766711e-03  -8.33327849e-03  -2.40429138e-14  -8.07673382e-15   9.05778118e-15
  1.82400000e-05  -2.13836916e-03  -3.49980366e-03  -8.36435915e-03  -2.30587962e-14  -9.35762734e-15   9.81044401e-15
  1.83200000e-05  -2.26376807e-03  -3.67712107e-03  -8.38169098e-03  -2.19263252e-14  -1.06635620e-14   1.06001669e-14
  1.84000000e-05  -2.39264078e-03  -3.85387118e-03  -8.38851286e-03  -2.06852585e-14  -1.19655088e-14   1.13972434e-14
  1.84800000e-05  -2.52013065e-03  -4.03121325e-03  -8.38780469e-03  -1.93435967e-14  -1.32398808e-14   1.21749585e-14
  1.85600000e-05  -2.65286765e-03  -4.20856665e-03  -8.38739341e-03  -1.79383611e-14  -1.45156693e-14   1.29573342e-14
  1.86400000e-05  -2.78649263e-03  -4.38709149e-03  -8.37553222e-03  -1.64121619e-14  -1.57664873e-14   1.37186972e-14
  1.87200000e-05  -2.92039054e-03  -4.56355718e-03  -8.34952818e-03  -1.47698582e-14  -1.69840667e-14   1.44489019e-14
  1.88000000e-05  -3.05566992e-03  -4.73594532e-03  -8.31556952e-03  -1.30503033e-14  -1.81738532e-14   1.51460214e-14
  1.88800000e-05  -3.19141241e-03  -4.90751191e-03  -8.27745595e-03  -1.12568191e-14  -1.93299269e-14   1.58003859e-14
  1.89600000e-05  -3.32737175e-03  -5.07771452e-03  -8.22425128e-03  -9.34930368e-15  -2.04437437e-14   1.64046670e-14
  1.90400000e-05  -3.46450703e-03  -5.24496757e-03  -8.15884122e-03  -7.35219303e-15  -2.15187066e-14   1.69554277e-14
  1.91200000e-05  -3.60127509e-03  -5.40954305e-03  -8.08748280e-03  -5.29436165e-15  -2.25486449e-14   1.74398291e-14
  1.92000000e-05  -3.73502269e-03  -5.56813483e-03  -8.00893443e-03  -3.19211667e-15  -2.35188028e-14   1.78398880e-14
  1.92800000e-05  -3.86856840e-03  -5.72468738e-03  -7.91746147e-03  -1.00992869e-15  -2.44399426e-14   1.81646617e-14
  1.93600000e-05  -4.00223585e-03  -5.87626169e-03  -7.84413211e-03   1.11508060e-15  -2.53311554e-14   1.84073496e-14
  1.94400000e-05  -4.12871381e-03  -6.02034814e-03  -7.70444855e-03   3.47435774e-15  -2.61020570e-14   1.85345961e-14
  1.95200000e-05  -4.25720375e-03  -6.16063601e-03  -7.60493580e-03   5.68918940e-15  -2.68678427e-14   1.85804278e-14
  1.96000000e-05  -4.38162021e-03  -6.29705758e-03  -7.49128700e-03   7.95079909e-15  -2.75638206e-14   1.85193257e-14
  1.96800000e-05  -4.50072458e-03  -6.42329487e-03  -7.37054418e-03   1.01916639e-14  -2.81885496e-14   1.83424033e-14
  1.97600000e-05  -4.62011836e-03  -6.54791329e-03  -7.23421775e-03   1.24766387e-14  -2.87676802e-14   1.80703336e-14
  1.98400000e-05  -4.73415138e-03  -6.66681226e-03  -7.08618743e-03   1.47605342e-14  -2.92750204e-14   1.76812231e-14
  1.99200000e-05  -4.84457215e-03  -6.78027894e-03  -6.93369307e-03   1.70133433e-14  -2.97258041e-14   1.71808693e-14
  2.00000000e-05  -4.95101784e-03  -6.89037466e-03  -6.78377396e-03   1.92181543e-14  -3.01220676e-14   1.65693767e-14
  2.00800000e-05  -5.04946648e-03  -6.99233621e-03  -6.63547298e-03   2.13450955e-14  -3.04414835e-14   1.58354564e-14
  2.01600000e-05  -5.14858200e-03  -7.08752113e-03  -6.47665693e-03   2.34282082e-14  -3.07328068e-14   1.50073360e-14
  2.02400000e-05  -5.23463812e-03  -7.17368757e-03  -6.31093938e-03   2.54350071e-14  -3.09216380e-14   1.40516502e-14
  2.03200000e-05  -5.32086264e-03  -7.25920379e-03  -6.14536954e-03   2.73882228e-14  -3.10864311e-14   1.30071538e-14
  2.04000000e-05  -5.39960638e-03  -7.34210216e-03  -5.95461813e-03   2.93306914e-14  -3.11869142e-14   1.18569016e-14
  2.04800000e-05  -5.47511157e-03  -7.41494029e-03  -5.81265448e-03   3.10389704e-14  -3.12427375e-14   1.06184201e-14
  2.05600000e-05  -5.54665069e-03  -7.48767423e-03  -5.63826016e-03   3.27564401e-14  -3.12616841e-14   9.29165624e-15
  2.06400000e-05  -5.61122391e-03  -7.55435128e-03  -5.46755521e-03   3.43592096e-14  -3.12219351e-14   7.87632592e-15
  2.07200000e-05  -5.66961638e-03  -7.61653685e-03  -5.29044021e-03   3.58723128e-14  -3.11347715e-14   6.38073221e-15
  2.08000000e-05  -5.72166396e-03  -7.67282544e-03  -5.12668379e-03   3.72454072e-14  -3.09892995e-14   4.81203487e-15
  2.08800000e-05  -5.76660522e-03  -7.72529261e-03  -4.94919673e-03   3.85372316e-14  -3.08004876e-14   3.17501598e-15
  2.09600000e-05  -5.80781716e-03  -7.77373385e-03  -4.76732268e-03   3.97241500e-14  -3.05871479e-14   1.48212058e-15
  2.10400000e-05  -5.84005421e-03  -7.81483267e-03  -4.59627848e-03   4.07593494e-14  -3.03046456e-14  -2.63490474e-16
  2.11200000e-05  -5.87021069e-03  -7.85750571e-03  -4.43770707e-03   4.16961950e-14  -2.99898246e-14  -2.05516744e-15
  2.12000000e-05  -5.89523110e-03  -7.89819063e-03  -4.27322952e-03   4.25378708e-14  -2.96469997e-14  -3.88767416e-15
  2.12800000e-05  -5.91790714e-03  -7.93927624e-03  -4.09152521e-03   4.33081268e-14  -2.93154371e-14  -5.75582920e-15
  2.13600000e-05  -5.93124043e-03  -7.97483389e-03  -3.96163783e-03   4.38924127e-14  -2.88431754e-14  -7.65262282e-15
  2.14400000e-05  -5.94649163e-03  -8.01157994e-03  -3.79681183e-03   4.44277167e-14  -2.84399320e-14  -9.57125555e-15
  2.15200000e-05  -5.95096339e-03  -8.04509724e-03  -3.63196526e-03   4.48465946e-14  -2.79763658e-14  -1.15110846e-14
  2.16000000e-05  -5.95015713e-03  -8.07533415e-03  -3.47693083e-03   4.51412025e-14  -2.74664668e-14  -1.34590975e-14
  2.16800000e-05  -5.94671980e-03  -8.10366333e-03  -3.33054728e-03   4.53229254e-14  -2.69264304e-14  -1.54088824e-14
  2.17600000e-05  -5.93443985e-03  -8.12565130e-03  -3.19450360e-03   4.53680382e-14  -2.63137112e-14  -1.73478760e-14
  2.18400000e-05  -5.92104761e-03  -8.15124972e-03  -3.04832639e-03   4.53470542e-14  -2.57262891e-14  -1.92894896e-14
  2.19200000e-05  -5.90386940e-03  -8.17834995e-03  -2.90289112e-03   4.52410203e-14  -2.51242469e-14  -2.12278688e-14
  2.20000000e-05  -5.88650593e-03  -8.20701853e-03  -2.76067873e-03   4.50499951e-14  -2.45218775e-14  -2.31593627e-14
  2.20800000e-05  -5.86098801e-03  -8.23240925e-03  -2.62579507e-03   4.47476453e-14  -2.38620606e-14  -2.50678984e-14
  2.21600000e-05  -5.83876815e-03  -8.26455748e-03  -2.49802338e-03   4.43912298e-14  -2.32070938e-14  -2.69788258e-14
  2.22400000e-05  -5.81130266e-03  -8.29292542e-03  -2.37990588e-03   4.39252655e-14  -2.24995948e-14  -2.88564143e-14
  2.23200000e-05  -5.77972948e-03  -8.32332805e-03  -2.26697319e-03   4.33843810e-14  -2.17602420e-14  -3.07160022e-14
  2.24000000e-05  -5.74005707e-03  -8.34522205e-03  -2.12422514e-03   4.27119226e-14  -2.11020113e-14  -3.25143989e-14
  2.24800000e-05  -5.69956558e-03  -8.37885032e-03  -2.03065664e-03   4.20214863e-14  -2.02657289e-14  -3.43242212e-14
  2.25600000e-05  -5.66170061e-03  -8.41060361e-03  -1.91962157e-03   4.12364837e-14  -1.95209776e-14  -3.60932703e-14
  2.26400000e-05  -5.61478073e-03  -8.43910537e-03  -1.80975812e-03   4.03552368e-14  -1.87414944e-14  -3.78085660e-14
  2.27200000e-05  -5.56506797e-03  -8.46945115e-03  -1.72465566e-03   3.94139591e-14  -1.78566863e-14  -3.94890591e-14
  2.28000000e-05  -5.51346365e-03  -8.49578521e-03  -1.61962548e-03   3.83706552e-14  -1.70648253e-14  -4.11058745e-14
  2.28800000e-05  -5.46031904e-03  -8.52940370e-03  -1.53511286e-03   3.72950288e-14  -1.61887838e-14  -4.27083149e-14
  2.29600000e-05  -5.40529589e-03  -8.56290596e-03  -1.44636753e-03   3.61440727e-14  -1.53394514e-14  -4.42620054e-14
  2.30400000e-05  -5.34787236e-03  -8.59933650e-03  -1.37061682e-03   3.49414404e-14  -1.44335306e-14  -4.57776206e-14
  2.31200000e-05  -5.28697040e-03  -8.63372081e-03  -1.28507597e-03   3.36548762e-14  -1.35793287e-14  -4.72284933e-14
  2.32000000e-05  -5.22562659e-03  -8.66934656e-03  -1.20341126e-03   3.23077549e-14  -1.27235383e-14  -4.86313390e-14
  2.32800000e-05  -5.16912277e-03  -8.71566999e-03  -1.12676112e-03   3.09346348e-14  -1.18777636e-14  -5.00392289e-14
  2.33600000e-05  -5.10045958e-03  -8.75203169e-03  -1.05989922e-03   2.94688199e-14  -1.09576697e-14  -5.13281369e-14
  2.34400000e-05  -5.03305568e-03  -8.79364524e-03  -9.88117697e-04   2.79527871e-14  -1.00897966e-14  -5.25866928e-14
  2.35200000e-05  -4.96553963e-03  -8.84075868e-03  -9.12571736e-04   2.63866726e-14  -9.26541831e-15  -5.38157594e-14
  2.36000000e-05  -4.89511917e-03  -8.88558291e-03  -8.65166090e-04   2.47769175e-14  -8.29770787e-15  -5.49674720e-14
  2.36800000e-05  -4.82704333e-03  -8.93553286e-03  -8.10274815e-04   2.31135701e-14  -7.40021626e-15  -5.60863152e-14
  2.37600000e-05  -4.75410714e-03  -8.98392861e-03  -7.54945109e-04   2.13863684e-14  -6.51672697e-15  -5.71263743e-14
  2.38400000e-05  -4.68064841e-03  -9.03636688e-03  -7.05317491e-04   1.96159748e-14  -5.62400480e-15  -5.81226344e-14
  2.39200000e-05  -4.60559033e-03  -9.08814378e-03  -6.43244307e-04   1.77746737e-14  -4.82846140e-15  -5.90461717e-14
  2.40000000e-05  -4.52842195e-03  -9.14200464e-03  -5.99646788e-04   1.59011885e-14  -3.94689388e-15  -5.99098829e-14
  2.40800000e-05  -4.45160318e-03  -9.19961015e-03  -5.66818891e-04   1.39910467e-14  -3.02867198e-15  -6.07248401e-14
  2.41600000e-05  -4.37658518e-03  -9.25760246e-03  -5.23612877e-04   1.20172841e-14  -2.20445608e-15  -6.14703936e-14
  2.42400000e-05  -4.29637406e-03  -9.31624184e-03  -4.76000769e-04   9.98893858e-15  -1.43165058e-15  -6.21398442e-14
  2.43200000e-05  -4.21586379e-03  -9.37776775e-03  -4.40050186e-04   7.92614983e-15  -6.18755116e-16  -6.27497207e-14
  2.44000000e-05  -4.13445879e-03  -9.44033475e-03  -4.30222658e-04   5.84305762e-15   3.25104863e-16  -6.32857874e-14
  2.44800000e-05  -4.05371022e-03  -9.50614883e-03  -3.93474197e-04   3.68602659e-15   1.06735900e-15  -6.37616326e-14
  2.45600000e-05  -3.97335862e-03  -9.57517737e-03  -3.69866718e-04   1.49743696e-15   1.85757532e-15  -6.41757318e-14
  2.46400000e-05  -3.89103845e-03  -9.64333576e-03  -3.24846527e-04  -7.58220262e-16   2.47864140e-15  -6.44984795e-14
  2.47200000e-05  -3.80915374e-03  -9.71589801e-03  -3.13998425e-04  -3.02173606e-15   3.27767321e-15  -6.47623676e-14
  2.48000000e-05  -3.72741549e-03  -9.79004904e-03  -3.10454807e-04  -5.32019332e-15   4.08513451e-15  -6.49469611e-14
  2.48800000e-05  -3.64543364e-03  -9.86806516e-03  -2.96901276e-04  -7.67225243e-15   4.79183377e-15  -6.50635153e-14
  2.49600000e-05  -3.56135779e-03  -9.94191707e-03  -2.77313041e-04  -1.00644704e-14   5.41996248e-15  -6.50587411e-14
  2.50400000e-05  -3.47841129e-03  -1.00255834e-02  -2.54941242e-04  -1.25052658e-14   5.99213050e-15  -6.50194772e-14
  2.51200000e-05  -3.39608093e-03  -1.01080080e-02  -2.71978831e-04  -1.49423130e-14   6.76588559e-15  -6.48738772e-14
  2.52000000e-05  -3.31429408e-03  -1.01946751e-02  -2.59463799e-04  -1.74465566e-14   7.31735384e-15  -6.46526644e-14
  2.52800000e-05  -3.23266594e-03  -1.02830672e-02  -2.45794752e-04  -1.99853750e-14   7.82061189e-15  -6.43375668e-14
  2.53600000e-05  -3.15337468e-03  -1.03757170e-02  -2.56449239e-04  -2.25399133e-14   8.43070034e-15  -6.39415759e-14
  2.54400000e-05  -3.07306568e-03  -1.04670751e-02  -2.85301128e-04  -2.51024193e-14   9.09869418e-15  -6.34253791e-14
  2.55200000e-05  -2.99526145e-03  -1.05655674e-02  -2.78839150e-04  -2.77353795e-14   9.52115084e-15  -6.28378321e-14
  2.56000000e-05  -2.91621583e-03  -1.06605107e-02  -3.07595983e-04  -3.03504495e-14   1.00945931e-14  -6.21108771e-14
  2.56800000e-05  -2.83964309e-03  -1.07654325e-02  -3.10094432e-04  -3.30314962e-14   1.04791587e-14  -6.13200823e-14
  2.57600000e-05  -2.76576071e-03  -1.08710499e-02  -3.20835296e-04  -3.57229385e-14   1.08712939e-14  -6.04088135e-14
  2.58400000e-05  -2.69217142e-03  -1.09835808e-02  -3.56719869e-04  -3.84320316e-14   1.13493173e-14  -5.94038302e-14
  2.59200000e-05  -2.62115342e-03  -1.10961074e-02  -4.08512920e-04  -4.11406936e-14   1.18634275e-14  -5.82644851e-14
  2.60000000e-05  -2.55092299e-03  -1.12127964e-02  -4.44260772e-04  -4.38796569e-14   1.22413323e-14  -5.70069257e-14
  2.60800000e-05  -2.48410173e-03  -1.13390515e-02  -4.76598281e-04  -4.66589723e-14   1.25609897e-14  -5.56528972e-14
  2.61600000e-05  -2.41987017e-03  -1.14636105e-02  -5.30335589e-04  -4.94156886e-14   1.29359577e-14  -5.41416234e-14
  2.62400000e-05  -2.35820418e-03  -1.15950082e-02  -5.67281310e-04  -5.21999401e-14   1.31854037e-14  -5.25078949e-14
  2.63200000e-05  -2.29789019e-03  -1.17312576e-02  -6.07041019e-04  -5.49886445e-14   1.33963503e-14  -5.07349064e-14
  2.64000000e-05  -2.24042288e-03  -1.18678989e-02  -6.61270919e-04  -5.77503201e-14   1.36211507e-14  -4.87989110e-14
  2.64800000e-05  -2.18606884e-03  -1.20067425e-02  -7.37471641e-04  -6.04850007e-14   1.38810779e-14  -4.67030210e-14
  2.65600000e-05  -2.13591852e-03  -1.21527238e-02  -8.04146554e-04  -6.32203825e-14   1.40533699e-14  -4.44609710e-14
  2.66400000e-05  -2.08902276e-03  -1.22993085e-02  -8.77469417e-04  -6.59102421e-14   1.41941623e-14  -4.20417915e-14
  2.67200000e-05  -2.04591983e-03  -1.24496234e-02  -9.52027210e-04  -6.85623964e-14   1.42842149e-14  -3.94525801e-14
  2.68000000e-05  -2.00549991e-03  -1.25999599e-02  -1.04646815e-03  -7.11440393e-14   1.43699932e-14  -3.66776326e-14
  2.68800000e-05  -1.97216414e-03  -1.27601345e-02  -1.13842530e-03  -7.37035469e-14   1.44016257e-14  -3.37406325e-14
  2.69600000e-05  -1.94363484e-03  -1.29225694e-02  -1.24520230e-03  -7.61867079e-14   1.44087893e-14  -3.06130508e-14
  2.70400000e-05  -1.91984744e-03  -1.30887948e-02  -1.35723522e-03  -7.85907307e-14   1.43579412e-14  -2.72951447e-14
  2.71200000e-05  -1.90252672e-03  -1.32640757e-02  -1.47802089e-03  -8.09350931e-14   1.42600283e-14  -2.37918951e-14
  2.72000000e-05  -1.89213497e-03  -1.34493405e-02  -1.60146549e-03  -8.32123539e-14   1.40996413e-14  -2.00952643e-14
  2.72800000e-05  -1.88700074e-03  -1.36260162e-02  -1.74452543e-03  -8.52955881e-14   1.38829472e-14  -1.61742696e-14
  2.73600000e-05  -1.88722148e-03  -1.38081289e-02  -1.89955758e-03  -8.72536701e-14   1.35834933e-14  -1.20531362e-14
  2.74400000e-05  -1.89581175e-03  -1.39894826e-02  -2.05396486e-03  -8.90270014e-14   1.31989466e-14  -7.72554518e-15
  2.75200000e-05  -1.91084056e-03  -1.41670781e-02  -2.21947084e-03  -9.05808933e-14   1.27184880e-14  -3.19813479e-15
  2.76000000e-05  -1.93450445e-03  -1.43511121e-02  -2.39598684e-03  -9.19612183e-14   1.21427592e-14   1.51807507e-15
  2.76800000e-05  -1.96297826e-03  -1.45247096e-02  -2.56802982e-03  -9.30352031e-14   1.14393439e-14   6.41461911e-15
  2.77600000e-05  -2.00282813e-03  -1.47006351e-02  -2.76321076e-03  -9.38761233e-14   1.06317833e-14   1.14807654e-14
  2.78400000e-05  -2.05127106e-03  -1.48794529e-02  -2.95174164e-03  -9.44534894e-14   9.70707713e-15   1.67066495e-14
  2.79200000e-05  -2.10946692e-03  -1.50575340e-02  -3.15738576e-03  -9.47356470e-14   8.64277675e-15   2.20761144e-14
  2.80000000e-05  -2.17385896e-03  -1.52386641e-02  -3.37148770e-03  -9.47213621e-14   7.41142764e-15   2.75755492e-14
  2.80800000e-05  -2.24564438e-03  -1.53919762e-02  -3.59314436e-03  -9.42045001e-14   6.01152699e-15   3.31243373e-14
  2.81600000e-05  -2.32928405e-03  -1.55442349e-02  -3.81830759e-03  -9.33314366e-14   4.47071672e-15   3.87348458e-14
  2.82400000e-05  -2.42083917e-03  -1.56903383e-02  -4.04875956e-03  -9.20575218e-14   2.75541446e-15   4.43649634e-14
  2.83200000e-05  -2.51972778e-03  -1.58174118e-02  -4.28914782e-03  -9.03032689e-14   8.43728896e-16   4.99386025e-14
  2.84000000e-05  -2.62713964e-03  -1.59339646e-02  -4.51542400e-03  -8.80972595e-14  -1.18423085e-15   5.54351696e-14
  2.84800000e-05  -2.74371384e-03  -1.60393857e-02  -4.76630163e-03  -8.54572173e-14  -3.45244315e-15   6.08113459e-14
  2.85600000e-05  -2.86797836e-03  -1.61345134e-02  -4.98689492e-03  -8.23542687e-14  -5.76860254e-15   6.60258258e-14
  2.86400000e-05  -2.99854840e-03  -1.62114704e-02  -5.23097482e-03  -7.87898381e-14  -8.33596276e-15   7.09988806e-14
  2.87200000e-05  -3.12678687e-03  -1.62587378e-02  -5.46643582e-03  -7.47082586e-14  -1.10581339e-14   7.56229679e-14
  2.88000000e-05  -3.26490418e-03  -1.62916810e-02  -5.69215394e-03  -7.02059057e-14  -1.38532207e-14   7.99183953e-14
  2.88800000e-05  -3.40561576e-03  -1.63044198e-02  -5.91264427e-03  -6.52868403e-14  -1.67556857e-14   8.38091391e-14
  2.89600000e-05  -3.54744413e-03  -1.62884526e-02  -6.11854074e-03  -5.99524526e-14  -1.97001711e-14   8.72043354e-14
  2.90400000e-05  -3.68907413e-03  -1.62495746e-02  -6.32205602e-03  -5.42768903e-14  -2.27280810e-14   9.00898568e-14
  2.91200000e-05  -3.82759826e-03  -1.61811731e-02  -6.50617087e-03  -4.82845022e-14  -2.57272320e-14   9.23908217e-14
  2.92000000e-05  -3.96398044e-03  -1.60908828e-02  -6.67080805e-03  -4.20601619e-14  -2.86588329e-14   9.41222677e-14
  2.92800000e-05  -4.09744833e-03  -1.59712798e-02  -6.81794071e-03  -3.56449685e-14  -3.15036530e-14   9.52204043e-14
  2.93600000e-05  -4.22368235e-03  -1.58370553e-02  -6.95851477e-03  -2.91351757e-14  -3.43053350e-14   9.57608390e-14
  2.94400000e-05  -4.34155821e-03  -1.56807031e-02  -7.06794044e-03  -2.25768081e-14  -3.68836322e-14   9.56968750e-14
  2.95200000e-05  -4.45086614e-03  -1.54947891e-02  -7.16912770e-03  -1.60218134e-14  -3.93472694e-14   9.49890444e-14
  2.96000000e-05  -4.55156758e-03  -1.52954347e-02  -7.24506668e-03  -9.55895773e-15  -4.15637229e-14   9.37525467e-14
  2.96800000e-05  -4.64047657e-03  -1.50729956e-02  -7.29795277e-03  -3.23829009e-15  -4.35233212e-14   9.19509978e-14
  2.97600000e-05  -4.71737354e-03  -1.48329465e-02  -7.34168839e-03   2.88578458e-15  -4.52911196e-14   8.96506902e-14
  2.98400000e-05  -4.78630295e-03  -1.45761693e-02  -7.36850555e-03   8.76281581e-15  -4.68001311e-14   8.68867016e-14
  2.99200000e-05  -4.84087399e-03  -1.43114467e-02  -7.38656818e-03   1.43594890e-14  -4.80884116e-14   8.37604484e-14
  3.00000000e-05  -4.88207450e-03  -1.40309595e-02  -7.37737037e-03   1.96166802e-14  -4.90291298e-14   8.02664922e-14
  3.00800000e-05  -4.91170871e-03  -1.37419967e-02  -7.34407254e-03   2.45050898e-14  -4.96394218e-14   7.64947381e-14
  3.01600000e-05  -4.93048580e-03  -1.34420204e-02  -7.30241163e-03   2.90175316e-14  -5.00166390e-14   7.24766254e-14
  3.02400000e-05  -4.93962049e-03  -1.31499307e-02  -7.23801027e-03   3.31409424e-14  -5.00793527e-14   6.83663495e-14
  3.03200000e-05  -4.93394770e-03  -1.28461555e-02  -7.16662951e-03   3.68662918e-14  -4.99206085e-14   6.41014777e-14
  3.04000000e-05  -4.92036324e-03  -1.25467704e-02  -7.09878664e-03   4.02419435e-14  -4.96159200e-14   5.98010055e-14
  3.04800000e-05  -4.89646120e-03  -1.22430832e-02  -7.01842958e-03   4.32220023e-14  -4.90775708e-14   5.54576947e-14
  3.05600000e-05  -4.86487490e-03  -1.19454755e-02  -6.92813527e-03   4.58376675e-14  -4.83383219e-14   5.11580253e-14
  3.06400000e-05  -4.82467205e-03  -1.16526478e-02  -6.81617115e-03   4.80634300e-14  -4.73494711e-14   4.69261136e-14
  3.07200000e-05  -4.77936797e-03  -1.13649432e-02  -6.69312247e-03   4.99348931e-14  -4.61946210e-14   4.27815294e-14
  3.08000000e-05  -4.72444666e-03  -1.10802272e-02  -6.59284493e-03   5.15622990e-14  -4.50401732e-14   3.87468575e-14
  3.08800000e-05  -4.66416585e-03  -1.07985079e-02  -6.48297175e-03   5.28713518e-14  -4.37455895e-14   3.48275991e-14
  3.09600000e-05  -4.60017707e-03  -1.05285780e-02  -6.37794982e-03   5.39500885e-14  -4.23960379e-14   3.10742537e-14
  3.10400000e-05  -4.53015010e-03  -1.02611021e-02  -6.25517745e-03   5.47115709e-14  -4.08972095e-14   2.74650581e-14
  3.11200000e-05  -4.45929053e-03  -1.00058058e-02  -6.15024638e-03   5.53279384e-14  -3.94295729e-14   2.40317682e-14
  3.12000000e-05  -4.38264967e-03  -9.75470091e-03  -6.01509221e-03   5.56175692e-14  -3.77918838e-14   2.07638051e-14
  3.12800000e-05  -4.30590344e-03  -9.51624032e-03  -5.90979474e-03   5.58486537e-14  -3.62501424e-14   1.76801667e-14
  3.13600000e-05  -4.22884754e-03  -9.28813161e-03  -5.80414117e-03   5.59225455e-14  -3.46890145e-14   1.47667348e-14
  3.14400000e-05  -4.14999397e-03  -9.06635713e-03  -5.67733085e-03   5.57533579e-14  -3.30455160e-14   1.20173286e-14
  3.15200000e-05  -4.07017343e-03  -8.85107445e-03  -5.57622045e-03   5.55497235e-14  -3.14847237e-14   9.42872075e-15
  3.16000000e-05  -3.98732574e-03  -8.64626286e-03  -5.44089485e-03   5.50855718e-14  -2.98204819e-14   7.01936125e-15
  3.16800000e-05  -3.90626090e-03  -8.45097504e-03  -5.34226422e-03   5.46788277e-14  -2.82841558e-14   4.76182517e-15
  3.17600000e-05  -3.82372302e-03  -8.25704053e-03  -5.24004193e-03   5.41388094e-14  -2.67474526e-14   2.64177056e-15
  3.18400000e-05  -3.74152945e-03  -8.07130537e-03  -5.12397786e-03   5.34512106e-14  -2.52029420e-14   6.69667645e-16
  3.19200000e-05  -3.65971589e-03  -7.89216731e-03  -5.03144243e-03   5.27961476e-14  -2.37387499e-14  -1.16640794e-15
  3.20000000e-05  -3.58024653e-03  -7.72154148e-03  -4.94063994e-03   5.20903548e-14  -2.23110390e-14  -2.87831111e-15
  3.20800000e-05  -3.49892682e-03  -7.55461953e-03  -4.84702511e-03   5.13028386e-14  -2.08989654e-14  -4.46070435e-15
  3.21600000e-05  -3.41885921e-03  -7.39661122e-03  -4.76069871e-03   5.05101030e-14  -1.95344963e-14  -5.92305000e-15
  3.22400000e-05  -3.34028635e-03  -7.24454161e-03  -4.66831549e-03   4.96424859e-14  -1.81986215e-14  -7.27873840e-15
  3.23200000e-05  -3.26451075e-03  -7.09812111e-03  -4.61105829e-03   4.89158237e-14  -1.69482832e-14  -8.54148070e-15
  3.24000000e-05  -3.18887166e-03  -6.96483130e-03  -4.51729171e-03   4.79965169e-14  -1.56860177e-14  -9.69701945e-15
  3.24800000e-05  -3.11497614e-03  -6.83016923e-03  -4.44213188e-03   4.71212843e-14  -1.44839916e-14  -1.07726569e-14
  3.25600000e-05  -3.04196679e-03  -6.70136021e-03  -4.37115688e-03   4.62470226e-14  -1.33213219e-14  -1.17614013e-14
  3.26400000e-05  -2.97166139e-03  -6.57590672e-03  -4.29913810e-03   4.53420603e-14  -1.22003630e-14  -1.26799370e-14
  3.27200000e-05  -2.90072361e-03  -6.45721411e-03  -4.22276131e-03   4.44038820e-14  -1.11104017e-14  -1.35127567e-14
  3.28000000e-05  -2.82987046e-03  -6.33942351e-03  -4.17148505e-03   4.35757571e-14  -1.00615982e-14  -1.42704613e-14
  3.28800000e-05  -2.76317303e-03  -6.23063400e-03  -4.09866032e-03   4.26357817e-14  -9.05435237e-15  -1.49794522e-14
  3.29600000e-05  -2.69398930e-03  -6.11667048e-03  -4.04836377e-03   4.17804083e-14  -8.07177520e-15  -1.56071903e-14
  3.30400000e-05  -2.62807409e-03  -6.01240829e-03  -3.98899258e-03   4.08881548e-14  -7.13166483e-15  -1.61892051e-14
  3.31200000e-05  -2.56234748e-03  -5.90724905e-03  -3.92903291e-03   3.99739475e-14  -6.22507537e-15  -1.67099830e-14
  3.32000000e-05  -2.49765339e-03  -5.80596189e-03  -3.87186939e-03   3.90739786e-14  -5.35303911e-15  -1.71787081e-14
  3.32800000e-05  -2.43385957e-03  -5.70919223e-03  -3.81399975e-03   3.81726467e-14  -4.51643859e-15  -1.75987546e-14
  3.33600000e-05  -2.37357035e-03  -5.61610448e-03  -3.76126159e-03   3.73015221e-14  -3.71793332e-15  -1.79879764e-14
  3.34400000e-05  -2.31599112e-03  -5.52744851e-03  -3.71960769e-03   3.64976334e-14  -2.94637759e-15  -1.83466242e-14
  3.35200000e-05  -2.25729351e-03  -5.44106638e-03  -3.67261330e-03   3.56641666e-14  -2.20380125e-15  -1.86552347e-14
  3.36000000e-05  -2.19951428e-03  -5.35609755e-03  -3.62641210e-03   3.48345380e-14  -1.49087128e-15  -1.89260928e-14
  3.36800000e-05  -2.14405877e-03  -5.27632739e-03  -3.59115975e-03   3.40771131e-14  -7.97050594e-16  -1.91742607e-14
  3.37600000e-05  -2.08791216e-03  -5.19508631e-03  -3.56820984e-03   3.33827705e-14  -1.07553230e-16  -1.93770959e-14
  3.38400000e-05  -2.03458344e-03  -5.11519105e-03  -3.51256607e-03   3.25072723e-14   5.01169938e-16  -1.95590166e-14
  3.39200000e-05  -1.98266022e-03  -5.04128727e-03  -3.47972907e-03   3.17750275e-14   1.11633213e-15  -1.97218901e-14
  3.40000000e-05  -1.93087973e-03  -4.96856363e-03  -3.44201781e-03   3.10187283e-14   1.69953432e-15  -1.98539583e-14
  3.40800000e-05  -1.88126342e-03  -4.89873681e-03  -3.43297747e-03   3.04311252e-14   2.30974886e-15  -1.99721131e-14
  3.41600000e-05  -1.83049514e-03  -4.82716229e-03  -3.38857274e-03   2.96431494e-14   2.83362999e-15  -2.00497489e-14
  3.42400000e-05  -1.78281770e-03  -4.75847215e-03  -3.36439387e-03   2.89777175e-14   3.36947620e-15  -2.01211716e-14
  3.43200000e-05  -1.73480604e-03  -4.69025809e-03  -3.33888068e-03   2.83092386e-14   3.88302579e-15  -2.01634733e-14
  3.44000000e-05  -1.68813324e-03  -4.62302985e-03  -3.29798388e-03   2.75611632e-14   4.33810144e-15  -2.01887246e-14
  3.44800000e-05  -1.64152137e-03  -4.55941685e-03  -3.27800175e-03   2.69411171e-14   4.82135497e-15  -2.01973616e-14
  3.45600000e-05  -1.59672860e-03  -4.49462757e-03  -3.25347120e-03   2.62982196e-14   5.27162176e-15  -2.01892354e-14
  3.46400000e-05  -1.55150206e-03  -4.43000566e-03  -3.23732011e-03   2.57072275e-14   5.72598027e-15  -2.01558509e-14
  3.47200000e-05  -1.50736374e-03  -4.36813773e-03  -3.20871980e-03   2.50582641e-14   6.12784934e-15  -2.01136941e-14
  3.48000000e-05  -1.46395817e-03  -4.30684679e-03  -3.18293045e-03   2.44318472e-14   6.51767584e-15  -2.00563081e-14
  3.48800000e-05  -1.42206271e-03  -4.24675559e-03  -3.17876215e-03   2.39312404e-14   6.94998645e-15  -1.99909951e-14
  3.49600000e-05  -1.38009325e-03  -4.18717694e-03  -3.16905132e-03   2.34063408e-14   7.35343597e-15  -1.99091350e-14
  3.50400000e-05  -1.34030462e-03  -4.13039534e-03  -3.15387355e-03   2.28619516e-14   7.72284898e-15  -1.98297103e-14
  3.51200000e-05  -1.29969964e-03  -4.07044291e-03  -3.12777438e-03   2.22611553e-14   8.04411963e-15  -1.97187961e-14
  3.52000000e-05  -1.26096784e-03  -4.01332195e-03  -3.13585971e-03   2.18535993e-14   8.45679302e-15  -1.96107366e-14
  3.52800000e-05  -1.22373544e-03  -3.95668043e-03  -3.10624928e-03   2.12521113e-14   8.73336742e-15  -1.94968596e-14
  3.53600000e-05  -1.18579944e-03  -3.90180073e-03  -3.08414553e-03   2.07004466e-14   9.01945367e-15  -1.93696077e-14
  3.54400000e-05  -1.14840367e-03  -3.84712026e-03  -3.08035537e-03   2.02521925e-14   9.35356482e-15  -1.92321904e-14
  3.55200000e-05  -1.11223918e-03  -3.79418854e-03  -3.07114511e-03   1.97836283e-14   9.65614865e-15  -1.90943029e-14
  3.56000000e-05  -1.07600181e-03  -3.74036483e-03  -3.06729116e-03   1.93484591e-14   9.96604712e-15  -1.89403700e-14
  3.56800000e-05  -1.04232343e-03  -3.68565410e-03  -3.03590033e-03   1.87779775e-14   1.01619655e-14  -1.87839553e-14
  3.57600000e-05  -1.00793173e-03  -3.63331475e-03  -3.05310601e-03   1.84655241e-14   1.05248349e-14  -1.86210453e-14
  3.58400000e-05  -9.76277832e-04  -3.58644122e-03  -3.04500466e-03   1.80334762e-14   1.07831237e-14  -1.84823108e-14
  3.59200000e-05  -9.42757013e-04  -3.53462880e-03  -3.04717331e-03   1.76554903e-14   1.10719153e-14  -1.83054728e-14
  3.60000000e-05  -9.11343652e-04  -3.48530189e-03  -3.03634048e-03   1.72201569e-14   1.12996828e-14  -1.81390350e-14
  3.60800000e-05  -8.80391444e-04  -3.43521609e-03  -3.04105483e-03   1.68679664e-14   1.15784207e-14  -1.79624484e-14
  3.61600000e-05  -8.50561952e-04  -3.38595850e-03  -3.03603851e-03   1.64740657e-14   1.18093718e-14  -1.77857613e-14
  3.62400000e-05  -8.21087221e-04  -3.33678904e-03  -3.02278410e-03   1.60467894e-14   1.19971917e-14  -1.76022864e-14
  3.63200000e-05  -7.91568344e-04  -3.29020960e-03  -3.02117573e-03   1.56836168e-14   1.22232905e-14  -1.74209801e-14
  3.64000000e-05  -7.61311222e-04  -3.24232144e-03  -3.02393129e-03   1.53465643e-14   1.24597200e-14  -1.72232515e-14
  3.64800000e-05  -7.32356721e-04  -3.19693765e-03  -3.00174447e-03   1.48983498e-14   1.25816164e-14  -1.70346112e-14
  3.65600000e-05  -7.04641563e-04  -3.15069085e-03  -3.00731430e-03   1.45871934e-14   1.28125673e-14  -1.68413329e-14
  3.66400000e-05  -6.77758642e-04  -3.10492185e-03  -3.01910343e-03   1.43097645e-14   1.30638184e-14  -1.66475588e-14
  3.67200000e-05  -6.51077336e-04  -3.06199271e-03  -3.01856556e-03   1.39801166e-14   1.32550943e-14  -1.64611761e-14
  3.68000000e-05  -6.23180430e-04  -3.01682325e-03  -3.02394747e-03   1.36824551e-14   1.34656587e-14  -1.62536390e-14
  3.68800000e-05  -6.01115676e-04  -2.97115346e-03  -3.04476728e-03   1.34582240e-14   1.37401634e-14  -1.60649662e-14
  3.69600000e-05  -5.75857978e-04  -2.92662058e-03  -3.06387224e-03   1.32288808e-14   1.40027883e-14  -1.58618902e-14
  3.70400000e-05  -5.51059774e-04  -2.88480478e-03  -3.04762989e-03   1.28468606e-14   1.40987324e-14  -1.56683982e-14
  3.71200000e-05  -5.26692095e-04  -2.84156264e-03  -3.04674471e-03   1.25384119e-14   1.42579290e-14  -1.54652540e-14
  3.72000000e-05  -5.04197715e-04  -2.79786832e-03  -3.05996031e-03   1.22960231e-14   1.44768618e-14  -1.52629365e-14
  3.72800000e-05  -4.82061657e-04  -2.75596527e-03  -3.06466273e-03   1.20204804e-14   1.46510046e-14  -1.50660208e-14
  3.73600000e-05  -4.60883748e-04  -2.71421757e-03  -3.06623099e-03   1.17353707e-14   1.48057240e-14  -1.48699162e-14
  3.74400000e-05  -4.40030160e-04  -2.67127484e-03  -3.07145095e-03   1.14700155e-14   1.49729181e-14  -1.46653595e-14
  3.75200000e-05  -4.18579254e-04  -2.63236825e-03  -3.09190601e-03   1.12685210e-14   1.52088890e-14  -1.44739735e-14
  3.76000000e-05  -3.98361635e-04  -2.59137376e-03  -3.10224585e-03   1.10291223e-14   1.53926042e-14  -1.42740363e-14
  3.76800000e-05  -3.77915079e-04  -2.55328741e-03  -3.12105625e-03   1.08240011e-14   1.56140588e-14  -1.40842489e-14
  3.77600000e-05  -3.58644818e-04  -2.51415842e-03  -3.13727511e-03   1.06106119e-14   1.58201625e-14  -1.38909831e-14
  3.78400000e-05  -3.37718782e-04  -2.47490173e-03  -3.13683012e-03   1.03350719e-14   1.59380964e-14  -1.36875663e-14
  3.79200000e-05  -3.19673410e-04  -2.43608977e-03  -3.14677111e-03   1.01029380e-14   1.61051388e-14  -1.34942145e-14
  3.80000000e-05  -3.01072299e-04  -2.39880474e-03  -3.14030949e-03   9.81087709e-15   1.61845494e-14  -1.33035795e-14
  3.80800000e-05  -2.83330939e-04  -2.36100506e-03  -3.15084967e-03   9.58614075e-15   1.63464109e-14  -1.31107522e-14
  3.81600000e-05  -2.65310640e-04  -2.32405303e-03  -3.17474396e-03   9.41092770e-15   1.65732063e-14  -1.29187834e-14
  3.82400000e-05  -2.48353154e-04  -2.28716047e-03  -3.18885049e-03   9.20068529e-15   1.67479087e-14  -1.27287792e-14
  3.83200000e-05  -2.31167954e-04  -2.24941343e-03  -3.20391456e-03   8.99572622e-15   1.69243182e-14  -1.25313305e-14
  3.84000000e-05  -2.16215745e-04  -2.21703058e-03  -3.21633276e-03   8.77743942e-15   1.70858970e-14  -1.23674320e-14
  3.84800000e-05  -2.01113648e-04  -2.18085205e-03  -3.24044180e-03   8.60345230e-15   1.73059148e-14  -1.21810277e-14
  3.85600000e-05  -1.87007193e-04  -2.14476594e-03  -3.25200423e-03   8.38692168e-15   1.74584679e-14  -1.19965226e-14
  3.86400000e-05  -1.72387391e-04  -2.11106128e-03  -3.25846649e-03   8.15267640e-15   1.75798396e-14  -1.18207560e-14
  3.87200000e-05  -1.58380040e-04  -2.07903162e-03  -3.27666510e-03   7.95544051e-15   1.77614142e-14  -1.16540823e-14
  3.88000000e-05  -1.44282952e-04  -2.04342755e-03  -3.28510289e-03   7.73198581e-15   1.78875753e-14  -1.14661730e-14
  3.88800000e-05  -1.30424371e-04  -2.01071947e-03  -3.29829886e-03   7.52063241e-15   1.80366533e-14  -1.12929499e-14
  3.89600000e-05  -1.16904006e-04  -1.97845293e-03  -3.32745651e-03   7.35672649e-15   1.82702400e-14  -1.11216602e-14
  3.90400000e-05  -1.03907506e-04  -1.94584595e-03  -3.34068352e-03   7.14423862e-15   1.84155961e-14  -1.09487334e-14
  3.91200000e-05  -9.11125314e-05  -1.91371528e-03  -3.35483020e-03   6.93386751e-15   1.85634081e-14  -1.07775469e-14
  3.92000000e-05  -8.05429192e-05  -1.88596771e-03  -3.36361288e-03   6.70216603e-15   1.86818556e-14  -1.06353465e-14
  3.92800000e-05  -6.86623668e-05  -1.85564372e-03  -3.36735488e-03   6.46157538e-15   1.87670180e-14  -1.04736707e-14
  3.93600000e-05  -5.67854082e-05  -1.82701472e-03  -3.40112860e-03   6.29882408e-15   1.90163656e-14  -1.03203570e-14
  3.94400000e-05  -4.59718335e-05  -1.79563511e-03  -3.41874957e-03   6.09456288e-15   1.91754274e-14  -1.01534927e-14
  3.95200000e-05  -3.57539662e-05  -1.76834209e-03  -3.43723922e-03   5.88516748e-15   1.93376486e-14  -1.00097764e-14
  3.96000000e-05  -2.54669779e-05  -1.73974759e-03  -3.45503847e-03   5.67437795e-15   1.94934017e-14  -9.85751918e-15
  3.96800000e-05  -1.64457234e-05  -1.71495964e-03  -3.46632942e-03   5.44069639e-15   1.96116200e-14  -9.72862326e-15
  3.97600000e-05  -6.17444207e-06  -1.68798958e-03  -3.47568990e-03   5.20574306e-15   1.97137199e-14  -9.58333377e-15
  3.98400000e-05   4.01903893e-06  -1.66044120e-03  -3.48568508e-03   4.97304867e-15   1.98164121e-14  -9.43401349e-15
  3.99200000e-05   1.32312368e-05  -1.63663247e-03  -3.51887630e-03   4.78363310e-15   2.00501382e-14  -9.30735013e-15
  4.00000000e-05   2.31333518e-05  -1.61353823e-03  -3.53016108e-03   4.54232164e-15   2.01550990e-14  -9.18256789e-15
  4.00800000e-05   3.12482731e-05  -1.58812164e-03  -3.54651950e-03   4.31450638e-15   2.02892134e-14  -9.04743875e-15
  4.01600000e-05   3.88013897e-05  -1.56510197e-03  -3.57347439e-03   4.10113005e-15   2.04824863e-14  -8.92634075e-15
  4.02400000e-05   4.68352877e-05  -1.54712943e-03  -3.57697183e-03   3.83090469e-15   2.05366778e-14  -8.83246462e-15
  4.03200000e-05   5.50164895e-05  -1.52281640e-03  -3.59550025e-03   3.59961221e-15   2.06740973e-14  -8.70110254e-15
  4.04000000e-05   6.27119498e-05  -1.50099861e-03  -3.61148012e-03   3.35646092e-15   2.07946980e-14  -8.58438134e-15
  4.04800000e-05   7.09458083e-05  -1.48237150e-03  -3.63045259e-03   3.11052741e-15   2.09282475e-14  -8.48455062e-15
  4.05600000e-05   7.85769934e-05  -1.46278120e-03  -3.65156657e-03   2.86712010e-15   2.10721981e-14  -8.37961597e-15
  4.06400000e-05   8.55407264e-05  -1.44342711e-03  -3.66999401e-03   2.61600493e-15   2.11986563e-14  -8.27656397e-15
  4.07200000e-05   9.20887366e-05  -1.42560044e-03  -3.68702683e-03   2.35699085e-15   2.13144613e-14  -8.18243385e-15
  4.08000000e-05   9.90110418e-05  -1.40745996e-03  -3.70052769e-03   2.09118396e-15   2.14053727e-14  -8.08537516e-15
  4.08800000e-05   1.04725281e-04  -1.39110283e-03  -3.71380434e-03   1.81963552e-15   2.14937826e-14  -7.99974828e-15
  4.09600000e-05   1.12194027e-04  -1.37458103e-03  -3.73374176e-03   1.55481766e-15   2.16136974e-14  -7.91038566e-15
  4.10400000e-05   1.18073013e-04  -1.35703342e-03  -3.73897345e-03   1.27209574e-15   2.16472361e-14  -7.81653657e-15
  4.11200000e-05   1.24545660e-04  -1.34153185e-03  -3.75369719e-03   9.94916530e-16   2.17311020e-14  -7.73345623e-15
  4.12000000e-05   1.30386617e-04  -1.32681513e-03  -3.75818426e-03   7.04192207e-16   2.17523276e-14  -7.65515955e-15
  4.12800000e-05   1.36222409e-04  -1.31195978e-03  -3.77491920e-03   4.24650809e-16   2.18413318e-14  -7.57555336e-15
  4.13600000e-05   1.42242763e-04  -1.29791371e-03  -3.78910159e-03   1.38406794e-16   2.19109456e-14  -7.50014974e-15
  4.14400000e-05   1.48184012e-04  -1.28571013e-03  -3.81259569e-03  -1.47465092e-16   2.20312143e-14  -7.43525138e-15
  4.15200000e-05   1.54294239e-04  -1.27299696e-03  -3.82172318e-03  -4.45352549e-16   2.20625014e-14  -7.36688955e-15
  4.16000000e-05   1.59409364e-04  -1.26009365e-03  -3.82670905e-03  -7.46266260e-16   2.20675252e-14  -7.29768317e-15
  4.16800000e-05   1.65493501e-04  -1.24852939e-03  -3.83305734e-03  -1.04946233e-15   2.20738034e-14  -7.23533958e-15
  4.17600000e-05   1.71354688e-04  -1.23653785e-03  -3.83908374e-03  -1.35167194e-15   2.20742217e-14  -7.17025932e-15
  4.18400000e-05   1.76622315e-04  -1.22547283e-03  -3.84842049e-03  -1.65519625e-15   2.20910165e-14  -7.11052368e-15
  4.19200000e-05   1.82154628e-04  -1.21623868e-03  -3.87499471e-03  -1.96012442e-15   2.22034180e-14  -7.06109393e-15
  4.20000000e-05   1.87039065e-04  -1.20387269e-03  -3.89175804e-03  -2.26374731e-15   2.22553147e-14  -6.99323405e-15
  4.20800000e-05   1.93547030e-04  -1.19696998e-03  -3.90917698e-03  -2.58376846e-15   2.23021515e-14  -6.95672944e-15
  4.21600000e-05   1.98613132e-04  -1.18603147e-03  -3.91562140e-03  -2.89600369e-15   2.22837921e-14  -6.89659707e-15
  4.22400000e-05   2.02881623e-04  -1.17710162e-03  -3.90684829e-03  -3.21243177e-15   2.21743372e-14  -6.84776821e-15
  4.23200000e-05   2.08196453e-04  -1.17039398e-03  -3.90701321e-03  -3.53235006e-15   2.21095695e-14  -6.81142561e-15
  4.24000000e-05   2.14195110e-04  -1.16100138e-03  -3.92156980e-03  -3.84698427e-15   2.21215709e-14  -6.75932876e-15
  4.24800000e-05   2.19511751e-04  -1.15555074e-03  -3.93735326e-03  -4.17441831e-15   2.21373397e-14  -6.72968649e-15
  4.25600000e-05   2.24915438e-04  -1.14998371e-03  -3.94488389e-03  -4.50076860e-15   2.21000665e-14  -6.69905870e-15
  4.26400000e-05   2.30875020e-04  -1.14593837e-03  -3.95657796e-03  -4.83334561e-15   2.20800910e-14  -6.67706350e-15
  4.27200000e-05   2.35354253e-04  -1.14081721e-03  -3.96527317e-03  -5.16269453e-15   2.20416273e-14  -6.64784712e-15
  4.28000000e-05   2.40927925e-04  -1.13757120e-03  -3.96929138e-03  -5.49465902e-15   2.19683007e-14  -6.62947627e-15
  4.28800000e-05   2.47259926e-04  -1.13475851e-03  -3.98691866e-03  -5.83685895e-15   2.19650205e-14  -6.61368278e-15
  4.29600000e-05   2.52567053e-04  -1.13237604e-03  -3.98703361e-03  -6.16856561e-15   2.18597074e-14  -6.59923842e-15
  4.30400000e-05   2.58230115e-04  -1.12936545e-03  -3.99201163e-03  -6.50128076e-15   2.17758549e-14  -6.58107420e-15
  4.31200000e-05   2.63939450e-04  -1.12634378e-03  -3.99204501e-03  -6.82889847e-15   2.16588073e-14  -6.56247074e-15
  4.32000000e-05   2.69353127e-04  -1.12573136e-03  -4.00407734e-03  -7.17365158e-15   2.16046593e-14  -6.55663858e-15
  4.32800000e-05   2.74698770e-04  -1.12493211e-03  -4.00123715e-03  -7.50225927e-15   2.14623394e-14  -6.54910847e-15
  4.33600000e-05   2.81206471e-04  -1.12495131e-03  -4.01129619e-03  -7.84578046e-15   2.13831791e-14  -6.54684130e-15
  4.34400000e-05   2.86396667e-04  -1.12288716e-03  -4.01946827e-03  -8.18099476e-15   2.12917797e-14  -6.53103198e-15
  4.35200000e-05   2.90723663e-04  -1.12325668e-03  -4.02589767e-03  -8.52104164e-15   2.11878008e-14  -6.52689397e-15
  4.36000000e-05   2.98534045e-04  -1.12412804e-03  -4.02389592e-03  -8.85007841e-15   2.10221541e-14  -6.52940412e-15
  4.36800000e-05   3.05093420e-04  -1.12609161e-03  -4.02118779e-03  -9.17881880e-15   2.08514758e-14  -6.53564828e-15
  4.37600000e-05   3.11013678e-04  -1.12704000e-03  -4.03649239e-03  -9.52957788e-15   2.07746693e-14  -6.53481038e-15
  4.38400000e-05   3.18080045e-04  -1.12920375e-03  -4.03138350e-03  -9.85224686e-15   2.05790080e-14  -6.54159947e-15
  4.39200000e-05   3.24589560e-04  -1.12999592e-03  -4.04335006e-03  -1.01961720e-14   2.04709762e-14  -6.53955014e-15
  4.40000000e-05   3.31001824e-04  -1.13352536e-03  -4.04020508e-03  -1.05219712e-14   2.02775504e-14  -6.55113015e-15
  4.40800000e-05   3.35929797e-04  -1.13422278e-03  -4.04099694e-03  -1.08432349e-14   2.01045765e-14  -6.54433418e-15
  4.41600000e-05   3.42791750e-04  -1.13933421e-03  -4.04276794e-03  -1.11775851e-14   1.99256907e-14  -6.56322731e-15
  4.42400000e-05   3.48783522e-04  -1.13952113e-03  -4.03860282e-03  -1.14825955e-14   1.97138359e-14  -6.55406679e-15
  4.43200000e-05   3.56623036e-04  -1.14200852e-03  -4.05267491e-03  -1.18288591e-14   1.95846688e-14  -6.55969277e-15
  4.44000000e-05   3.62884247e-04  -1.14496084e-03  -4.06242213e-03  -1.21674304e-14   1.94321984e-14  -6.56368890e-15
  4.44800000e-05   3.68586133e-04  -1.14985657e-03  -4.06274406e-03  -1.24909524e-14   1.92281608e-14  -6.57526502e-15
  4.45600000e-05   3.75848439e-04  -1.15308462e-03  -4.05838626e-03  -1.27955858e-14   1.89909479e-14  -6.58078587e-15
  4.46400000e-05   3.82107537e-04  -1.15521941e-03  -4.05788763e-03  -1.31018322e-14   1.87716850e-14  -6.57773848e-15
  4.47200000e-05   3.90221818e-04  -1.15783654e-03  -4.06404621e-03  -1.34224312e-14   1.85740426e-14  -6.58049376e-15
  4.48000000e-05   3.97428225e-04  -1.16190321e-03  -4.05821818e-03  -1.37165417e-14   1.83159252e-14  -6.58729322e-15
  4.48800000e-05   4.03832534e-04  -1.16679096e-03  -4.05608816e-03  -1.40183421e-14   1.80741690e-14  -6.59498480e-15
  4.49600000e-05   4.11876905e-04  -1.17186682e-03  -4.05832344e-03  -1.43284133e-14   1.78431106e-14  -6.60649457e-15
  4.50400000e-05   4.18055011e-04  -1.17652904e-03  -4.05428171e-03  -1.46176436e-14   1.75840377e-14  -6.61007600e-15
  4.51200000e-05   4.25220277e-04  -1.18365917e-03  -4.06471176e-03  -1.49505796e-14   1.73842632e-14  -6.62638184e-15
  4.52000000e-05   4.33489381e-04  -1.18877896e-03  -4.05340021e-03  -1.52147653e-14   1.70754516e-14  -6.63501636e-15
  4.52800000e-05   4.41262623e-04  -1.19333780e-03  -4.05581985e-03  -1.55106046e-14   1.68270632e-14  -6.63851495e-15
  4.53600000e-05   4.48475768e-04  -1.19698724e-03  -4.06138351e-03  -1.58093949e-14   1.65896777e-14  -6.63511905e-15
  4.54400000e-05   4.55803607e-04  -1.20322636e-03  -4.07187880e-03  -1.61290208e-14   1.63683006e-14  -6.64224994e-15
  4.55200000e-05   4.61838313e-04  -1.20639008e-03  -4.06159361e-03  -1.63735088e-14   1.60553040e-14  -6.63061739e-15
  4.56000000e-05   4.67637535e-04  -1.21045585e-03  -4.06180097e-03  -1.66477751e-14   1.57854192e-14  -6.62087525e-15
  4.56800000e-05   4.74348986e-04  -1.21219862e-03  -4.06522621e-03  -1.69199903e-14   1.55216439e-14  -6.60265731e-15
  4.57600000e-05   4.81474773e-04  -1.21734133e-03  -4.07486268e-03  -1.72205954e-14   1.52775981e-14  -6.59883191e-15
  4.58400000e-05   4.86988133e-04  -1.21935637e-03  -4.07899003e-03  -1.74898414e-14   1.50110030e-14  -6.57542851e-15
  4.59200000e-05   4.92604260e-04  -1.22097320e-03  -4.07290321e-03  -1.77205293e-14   1.46983293e-14  -6.54949873e-15
  4.60000000e-05   4.98607282e-04  -1.22420171e-03  -4.08274240e-03  -1.80051772e-14   1.44444283e-14  -6.53002408e-15
  4.60800000e-05   5.04458241e-04  -1.22820835e-03  -4.07901044e-03  -1.82440788e-14   1.41325359e-14  -6.51164659e-15
  4.61600000e-05   5.12083959e-04  -1.23200404e-03  -4.08200994e-03  -1.85005035e-14   1.38366314e-14  -6.49694570e-15
  4.62400000e-05   5.16112467e-04  -1.23307679e-03  -4.07887721e-03  -1.87214628e-14   1.35267759e-14  -6.45813358e-15
  4.63200000e-05   5.21632896e-04  -1.23494775e-03  -4.08587101e-03  -1.89765621e-14   1.32455528e-14  -6.42613646e-15
  4.64000000e-05   5.26333889e-04  -1.23596478e-03  -4.09436609e-03  -1.92298845e-14   1.29683626e-14  -6.38677117e-15
  4.64800000e-05   5.33042422e-04  -1.23793187e-03  -4.08547005e-03  -1.94204886e-14   1.26164513e-14  -6.35673522e-15
  4.65600000e-05   5.36550145e-04  -1.23726803e-03  -4.08762550e-03  -1.96351693e-14   1.23141535e-14  -6.30467769e-15
  4.66400000e-05   5.40772179e-04  -1.23611888e-03  -4.07475856e-03  -1.97879427e-14   1.19540662e-14  -6.25249702e-15
  4.67200000e-05   5.45116825e-04  -1.23609178e-03  -4.09385200e-03  -2.00586521e-14   1.16997312e-14  -6.20350963e-15
  4.68000000e-05   5.49604778e-04  -1.23352965e-03  -4.09488339e-03  -2.02483860e-14   1.13791438e-14  -6.14550366e-15
  4.68800000e-05   5.52917723e-04  -1.23236634e-03  -4.10149424e-03  -2.04600064e-14   1.10780925e-14  -6.08679838e-15
  4.69600000e-05   5.55534929e-04  -1.22963881e-03  -4.09633537e-03  -2.06153832e-14   1.07393084e-14  -6.01953544e-15
  4.70400000e-05   5.56235294e-04  -1.22760930e-03  -4.09584687e-03  -2.07865009e-14   1.04202909e-14  -5.94607958e-15
  4.71200000e-05   5.57867370e-04  -1.22467925e-03  -4.10177624e-03  -2.09739294e-14   1.01147244e-14  -5.87256899e-15
  4.72000000e-05   5.61049935e-04  -1.21973550e-03  -4.08547253e-03  -2.10600988e-14   9.73512913e-15  -5.79860701e-15
  4.72800000e-05   5.62078515e-04  -1.21497730e-03  -4.08012475e-03  -2.11842154e-14   9.39608804e-15  -5.71630220e-15
  4.73600000e-05   5.62697702e-04  -1.20581448e-03  -4.08607549e-03  -2.13300863e-14   9.08939208e-15  -5.61969823e-15
  4.74400000e-05   5.62462323e-04  -1.19492831e-03  -4.08654238e-03  -2.14419121e-14   8.76838707e-15  -5.51514202e-15
  4.75200000e-05   5.62967738e-04  -1.18863304e-03  -4.08337802e-03  -2.15520480e-14   8.43334749e-15  -5.42620915e-15
  4.76000000e-05   5.61531524e-04  -1.18053515e-03  -4.08084315e-03  -2.16517037e-14   8.10704921e-15  -5.32457876e-15
  4.76800000e-05   5.62101676e-04  -1.17223987e-03  -4.07542781e-03  -2.17328704e-14   7.76474805e-15  -5.23091834e-15
  4.77600000e-05   5.59493145e-04  -1.16123145e-03  -4.07952800e-03  -2.18366917e-14   7.45817614e-15  -5.11778519e-15
  4.78400000e-05   5.54934075e-04  -1.14799193e-03  -4.07419523e-03  -2.18864812e-14   7.13615120e-15  -4.99185658e-15
  4.79200000e-05   5.51010818e-04  -1.13333411e-03  -4.07458420e-03  -2.19485309e-14   6.82489868e-15  -4.86645201e-15
  4.80000000e-05   5.44547653e-04  -1.11655139e-03  -4.08861825e-03  -2.20541384e-14   6.55334902e-15  -4.72694663e-15
  4.80800000e-05   5.37452302e-04  -1.09909039e-03  -4.08121446e-03  -2.20607023e-14   6.23700716e-15  -4.58481416e-15
  4.81600000e-05   5.31220929e-04  -1.07968879e-03  -4.07976714e-03  -2.20787263e-14   5.93028523e-15  -4.44425953e-15
  4.82400000e-05   5.21827171e-04  -1.05863835e-03  -4.09133361e-03  -2.21402634e-14   5.66249154e-15  -4.28904689e-15
  4.83200000e-05   5.11443793e-04  -1.03936508e-03  -4.07003391e-03  -2.20618200e-14   5.33732147e-15  -4.13529882e-15
  4.84000000e-05   5.01849215e-04  -1.01655807e-03  -4.07019779e-03  -2.20553886e-14   5.05094359e-15  -3.98090161e-15
  4.84800000e-05   4.90825931e-04  -9.90309215e-04  -4.08076091e-03  -2.20744344e-14   4.78863509e-15  -3.81716416e-15
  4.85600000e-05   4.77874256e-04  -9.63683155e-04  -4.07647865e-03  -2.20217878e-14   4.51020067e-15  -3.64776837e-15
  4.86400000e-05   4.64080324e-04  -9.34607896e-04  -4.08532594e-03  -2.20109987e-14   4.25743949e-15  -3.47436366e-15
  4.87200000e-05   4.48311817e-04  -9.02830394e-04  -4.06830335e-03  -2.18695001e-14   3.97544625e-15  -3.29216086e-15
  4.88000000e-05   4.32611513e-04  -8.72262749e-04  -4.07137585e-03  -2.18165449e-14   3.72556597e-15  -3.11633251e-15
  4.88800000e-05   4.13710481e-04  -8.37268986e-04  -4.06803215e-03  -2.17109962e-14   3.48304416e-15  -2.92483223e-15
  4.89600000e-05   3.94651895e-04  -8.00147061e-04  -4.08008207e-03  -2.16600574e-14   3.26191765e-15  -2.73479708e-15
  4.90400000e-05   3.74230313e-04  -7.63052537e-04  -4.07413719e-03  -2.15246368e-14   3.02617377e-15  -2.54392542e-15
  4.91200000e-05   3.51754615e-04  -7.22204395e-04  -4.05977532e-03  -2.13302641e-14   2.79479009e-15  -2.34530923e-15
  4.92000000e-05   3.26696640e-04  -6.78651136e-04  -4.05981903e-03  -2.11840412e-14   2.59414432e-15  -2.13834016e-15
  4.92800000e-05   3.00269988e-04  -6.30889850e-04  -4.06605720e-03  -2.10431862e-14   2.40791510e-15  -1.92760851e-15
  4.93600000e-05   2.75174988e-04  -5.85902833e-04  -4.06115616e-03  -2.08606049e-14   2.20822764e-15  -1.73204951e-15
  4.94400000e-05   2.46822558e-04  -5.34347101e-04  -4.04020959e-03  -2.05728330e-14   2.01509869e-15  -1.52333716e-15
  4.95200000e-05   2.16038098e-04  -4.81299887e-04  -4.04377246e-03  -2.03852557e-14   1.85740658e-15  -1.31015321e-15
  4.96000000e-05   1.83650822e-04  -4.26713912e-04  -4.05936226e-03  -2.02423848e-14   1.71611081e-15  -1.09618671e-15
  4.96800000e-05   1.48918729e-04  -3.70141651e-04  -4.05635247e-03  -2.00038991e-14   1.57586204e-15  -8.78189809e-16
  4.97600000e-05   1.12379125e-04  -3.10157275e-04  -4.05203747e-03  -1.97417576e-14   1.44767786e-15  -6.58327888e-16
  4.98400000e-05   7.43708734e-05  -2.45681803e-04  -4.03986638e-03  -1.94217167e-14   1.32764200e-15  -4.38278732e-16
  4.99200000e-05   3.28870109e-05  -1.80894932e-04  -4.03288574e-03  -1.91217994e-14   1.23156256e-15  -2.11174406e-16
  5.00000000e-05  -8.47800091e-06  -1.10772972e-04  -4.04073703e-03  -1.88640461e-14   1.14318386e-15   8.23996351e-18
  5.00800000e-05  -5.49017493e-05  -4.00401418e-05  -4.03639049e-03  -1.85469833e-14   1.07814975e-15   2.41575378e-16
  5.01600000e-05  -9.96635916e-05   3.31984070e-05  -4.02760428e-03  -1.81976837e-14   1.01041846e-15   4.58632645e-16
  5.02400000e-05  -1.46979760e-04   1.10121589e-04  -4.03932433e-03  -1.79249675e-14   9.61169211e-16   6.78443391e-16
  5.03200000e-05  -1.99862321e-04   1.94091834e-04  -4.02209888e-03  -1.74890378e-14   9.38835559e-16   9.14353452e-16
  5.04000000e-05  -2.53513073e-04   2.75846226e-04  -4.02657940e-03  -1.71623686e-14   9.26641843e-16   1.14402201e-15
  5.04800000e-05  -3.09384942e-04   3.61974226e-04  -4.02185909e-03  -1.67752813e-14   9.28885891e-16   1.37405416e-15
  5.05600000e-05  -3.69121270e-04   4.55128485e-04  -4.01088941e-03  -1.63298823e-14   9.54915775e-16   1.61119283e-15
  5.06400000e-05  -4.27600684e-04   5.47025749e-04  -4.01213149e-03  -1.59475865e-14   9.78862006e-16   1.83310584e-15
  5.07200000e-05  -4.89729193e-04   6.40617709e-04  -3.99973433e-03  -1.54975829e-14   1.02733247e-15   2.06207349e-15
  5.08000000e-05  -5.55270643e-04   7.38861976e-04  -4.00766271e-03  -1.51229629e-14   1.09008059e-15   2.29629015e-15
  5.08800000e-05  -6.26662477e-04   8.45182014e-04  -3.99546361e-03  -1.46240808e-14   1.19007882e-15   2.54543575e-15
  5.09600000e-05  -6.98793437e-04   9.52122374e-04  -3.99111028e-03  -1.41625811e-14   1.29634092e-15   2.78894672e-15
  5.10400000e-05  -7.73850556e-04   1.06409113e-03  -3.97046846e-03  -1.36089908e-14   1.42892492e-15   3.03536762e-15
  5.11200000e-05  -8.51845964e-04   1.17909571e-03  -3.96031615e-03  -1.30955716e-14   1.57558285e-15   3.28589241e-15
  5.12000000e-05  -9.32450469e-04   1.29683469e-03  -3.95604790e-03  -1.26031426e-14   1.73568384e-15   3.53956817e-15
  5.12800000e-05  -1.01653670e-03   1.41914452e-03  -3.94248806e-03  -1.20545956e-14   1.92152915e-15   3.79985079e-15
  5.13600000e-05  -1.10323876e-03   1.54484131e-03  -3.92654596e-03  -1.14876644e-14   2.12613580e-15   4.06417734e-15
  5.14400000e-05  -1.19368949e-03   1.67505017e-03  -3.90804398e-03  -1.08974707e-14   2.35458223e-15   4.33778117e-15
  5.15200000e-05  -1.28764054e-03   1.80951865e-03  -3.90152408e-03  -1.03531707e-14   2.59383922e-15   4.61992861e-15
  5.16000000e-05  -1.38398902e-03   1.94770358e-03  -3.87463923e-03  -9.70814471e-15   2.86391891e-15   4.90730352e-15
  5.16800000e-05  -1.48421002e-03   2.08892829e-03  -3.84308803e-03  -9.03874909e-15   3.16043897e-15   5.20865830e-15
  5.17600000e-05  -1.58739566e-03   2.23482084e-03  -3.83868696e-03  -8.48729347e-15   3.45140423e-15   5.51906502e-15
  5.18400000e-05  -1.69685039e-03   2.38806530e-03  -3.81434084e-03  -7.82401824e-15   3.78890436e-15   5.85273848e-15
  5.19200000e-05  -1.80972178e-03   2.54497667e-03  -3.79983860e-03  -7.20500192e-15   4.13535323e-15   6.20116506e-15
  5.20000000e-05  -1.92726011e-03   2.70590912e-03  -3.76803618e-03  -6.50253952e-15   4.51998240e-15   6.57179110e-15
  5.20800000e-05  -2.04858416e-03   2.86991081e-03  -3.72935113e-03  -5.77020634e-15   4.92970727e-15   6.96329539e-15
  5.21600000e-05  -2.17302377e-03   3.04099883e-03  -3.69589836e-03  -5.04981016e-15   5.34890558e-15   7.37016294e-15
  5.22400000e-05  -2.30009608e-03   3.21240198e-03  -3.66230656e-03  -4.34546411e-15   5.77993734e-15   7.79903776e-15
  5.23200000e-05  -2.43419899e-03   3.39259655e-03  -3.62210204e-03  -3.59305363e-15   6.24604497e-15   8.26495714e-15
  5.24000000e-05  -2.57394903e-03   3.57946673e-03  -3.58416001e-03  -2.84559656e-15   6.73128712e-15   8.76602571e-15
  5.24800000e-05  -2.71594786e-03   3.76924995e-03  -3.55041463e-03  -2.12937794e-15   7.21780682e-15   9.29159011e-15
  5.25600000e-05  -2.86455614e-03   3.96435732e-03  -3.50270651e-03  -1.34871768e-15   7.73992067e-15   9.86302695e-15
  5.26400000e-05  -3.01707244e-03   4.16265862e-03  -3.45055618e-03  -5.59838816e-16   8.27549733e-15   1.04728463e-14
  5.27200000e-05  -3.17530175e-03   4.36772197e-03  -3.39703260e-03   2.34059513e-16   8.82673814e-15   1.11301636e-14
  5.28000000e-05  -3.33966232e-03   4.57994246e-03  -3.34044816e-03   1.04031551e-15   9.39395834e-15   1.18395749e-14
  5.28800000e-05  -3.50888822e-03   4.79455451e-03  -3.28240547e-03   1.82981439e-15   9.96768502e-15   1.26035602e-14
  5.29600000e-05  -3.68430361e-03   5.01625176e-03  -3.22395032e-03   2.61227843e-15   1.05480346e-14   1.34267486e-14
  5.30400000e-05  -3.86660117e-03   5.24387693e-03  -3.16154070e-03   3.39802905e-15   1.11377637e-14   1.43177784e-14
  5.31200000e-05  -4.05658899e-03   5.47719523e-03  -3.09117762e-03   4.20278529e-15   1.17395418e-14   1.52856922e-14
  5.32000000e-05  -4.25001651e-03   5.71794434e-03  -3.02186238e-03   4.98342127e-15   1.23240125e-14   1.63106021e-14
  5.32800000e-05  -4.45530853e-03   5.96404297e-03  -2.93424809e-03   5.82733512e-15   1.29354458e-14   1.74439846e-14
  5.33600000e-05  -4.66838574e-03   6.21695605e-03  -2.84378721e-03   6.65626617e-15   1.35371080e-14   1.86672149e-14
  5.34400000e-05  -4.88036938e-03   6.46842335e-03  -2.76161532e-03   7.37797069e-15   1.40819492e-14   1.99451336e-14
  5.35200000e-05  -5.10532103e-03   6.73105936e-03  -2.67303780e-03   8.10667019e-15   1.46249476e-14   2.13443434e-14
  5.36000000e-05  -5.33817557e-03   6.99985477e-03  -2.58153579e-03   8.80057973e-15   1.51372873e-14   2.28467772e-14
  5.36800000e-05  -5.57928931e-03   7.27197252e-03  -2.48407881e-03   9.45988261e-15   1.56133502e-14   2.44599454e-14
  5.37600000e-05  -5.83012778e-03   7.55429199e-03  -2.38116586e-03   1.00965081e-14   1.60472949e-14   2.61896998e-14
  5.38400000e-05  -6.09241086e-03   7.84298505e-03  -2.27730252e-03   1.06646610e-14   1.64294924e-14   2.80519455e-14
  5.39200000e-05  -6.36290125e-03   8.13742996e-03  -2.16919697e-03   1.11708458e-14   1.67402527e-14   3.00312262e-14
  5.40000000e-05  -6.64660089e-03   8.44044353e-03  -2.05962947e-03   1.15973664e-14   1.69791400e-14   3.21554957e-14
  5.40800000e-05  -6.93854594e-03   8.74699834e-03  -1.94276226e-03   1.19515987e-14   1.71211943e-14   3.44006797e-14
  5.41600000e-05  -7.24179929e-03   9.06123250e-03  -1.83384198e-03   1.21453574e-14   1.71502162e-14   3.67795357e-14
  5.42400000e-05  -7.55924639e-03   9.38469466e-03  -1.72236433e-03   1.22277350e-14   1.70627886e-14   3.93044596e-14
  5.43200000e-05  -7.88536077e-03   9.71132579e-03  -1.60949416e-03   1.21630979e-14   1.68273032e-14   4.19417546e-14
  5.44000000e-05  -8.22648644e-03   1.00448827e-02  -1.49813133e-03   1.19274879e-14   1.64378168e-14   4.47187924e-14
  5.44800000e-05  -8.57532992e-03   1.03791845e-02  -1.39398289e-03   1.14578528e-14   1.58572308e-14   4.75832642e-14
  5.45600000e-05  -8.94513500e-03   1.07285722e-02  -1.29422863e-03   1.07797378e-14   1.50914418e-14   5.05964794e-14
  5.46400000e-05  -9.33112585e-03   1.10872731e-02  -1.19938346e-03   9.85750584e-15   1.41067739e-14   5.37142874e-14
  5.47200000e-05  -9.72967757e-03   1.14503001e-02  -1.10980072e-03   8.66071920e-15   1.28735844e-14   5.68934565e-14
  5.48000000e-05  -1.01489544e-02   1.18262508e-02  -1.03697578e-03   7.10875375e-15   1.13750804e-14   6.01538981e-14
  5.48800000e-05  -1.05796387e-02   1.22033415e-02  -9.80835760e-04   5.16595664e-15   9.57481474e-15   6.34059054e-14
  5.49600000e-05  -1.10353962e-02   1.25957962e-02  -9.32543938e-04   2.88194922e-15   7.46244449e-15   6.66906685e-14
  5.50400000e-05  -1.15069538e-02   1.29932264e-02  -9.04142627e-04   1.51593210e-16   4.99849644e-15   6.99029314e-14
  5.51200000e-05  -1.19989370e-02   1.34029141e-02  -9.00026907e-04  -3.06568081e-15   2.15830435e-15   7.30116824e-14
  5.52000000e-05  -1.25104059e-02   1.38202713e-02  -9.25130068e-04  -6.81704920e-15  -1.08730285e-15   7.59430860e-14
  5.52800000e-05  -1.30402634e-02   1.42479785e-02  -9.94433248e-04  -1.12048574e-14  -4.76863974e-15   7.86084096e-14
  5.53600000e-05  -1.35953673e-02   1.46891029e-02  -1.08705254e-03  -1.61000243e-14  -8.90986631e-15   8.09600252e-14
  5.54400000e-05  -1.41763038e-02   1.51482089e-02  -1.23859255e-03  -2.17249607e-14  -1.35535449e-14   8.28906271e-14
  5.55200000e-05  -1.47765103e-02   1.56187481e-02  -1.41952457e-03  -2.78705922e-14  -1.87112639e-14   8.42419898e-14
  5.56000000e-05  -1.53879739e-02   1.60908280e-02  -1.65650566e-03  -3.46475981e-14  -2.44000180e-14   8.48411491e-14
  5.56800000e-05  -1.60140051e-02   1.65683919e-02  -1.96168768e-03  -4.20674767e-14  -3.06473753e-14   8.45654797e-14
  5.57600000e-05  -1.66739803e-02   1.70749619e-02  -2.31781710e-03  -4.99823100e-14  -3.74934863e-14   8.33561028e-14
  5.58400000e-05  -1.73454487e-02   1.75890528e-02  -2.75171973e-03  -5.83993221e-14  -4.49303869e-14   8.09237575e-14
  5.59200000e-05  -1.80317024e-02   1.81171994e-02  -3.25770156e-03  -6.71435804e-14  -5.29617508e-14   7.71078815e-14
  5.60000000e-05  -1.87313815e-02   1.86633995e-02  -3.86783222e-03  -7.62071545e-14  -6.16242199e-14   7.17062783e-14
  5.60800000e-05  -1.94340117e-02   1.92211847e-02  -4.54616697e-03  -8.51276616e-14  -7.08148612e-14   6.44997081e-14
  5.61600000e-05  -2.01413157e-02   1.97920657e-02  -5.30870280e-03  -9.37030209e-14  -8.05137682e-14   5.53371225e-14
  5.62400000e-05  -2.08512170e-02   2.03844718e-02  -6.19268664e-03  -1.01788135e-13  -9.07418446e-14   4.40328964e-14
  5.63200000e-05  -2.15503983e-02   2.09859632e-02  -7.14729740e-03  -1.08685461e-13  -1.01237199e-13   3.04527487e-14
  5.64000000e-05  -2.22340798e-02   2.16041995e-02  -8.20930454e-03  -1.14124985e-13  -1.11941743e-13   1.45021142e-14
  5.64800000e-05  -2.29212914e-02   2.22556748e-02  -9.34001506e-03  -1.17509983e-13  -1.22615686e-13  -3.79167126e-15
  5.65600000e-05  -2.35457699e-02   2.28937916e-02  -1.05350289e-02  -1.18135018e-13  -1.32719781e-13  -2.43833280e-14
  5.66400000e-05  -2.41635715e-02   2.35750351e-02  -1.18127144e-02  -1.15739957e-13  -1.42219711e-13  -4.70801154e-14
  5.67200000e-05  -2.47406314e-02   2.42665567e-02  -1.31180113e-02  -1.09557030e-13  -1.50343511e-13  -7.14902000e-14
  5.68000000e-05  -2.52903043e-02   2.49954647e-02  -1.44433894e-02  -9.92514117e-14  -1.56605054e-13  -9.72290977e-14
  5.68800000e-05  -2.58135214e-02   2.57586554e-02  -1.57356250e-02  -8.44429072e-14  -1.60152972e-13  -1.23640239e-13
  5.69600000e-05  -2.62745264e-02   2.65376783e-02  -1.69899097e-02  -6.49793554e-14  -1.60253403e-13  -1.49821365e-13
  5.70400000e-05  -2.67264944e-02   2.73696325e-02  -1.81232256e-02  -4.10616368e-14  -1.55949790e-13  -1.74960843e-13
  5.71200000e-05  -2.71528903e-02   2.82502985e-02  -1.91865341e-02  -1.30300015e-14  -1.46964587e-13  -1.97950877e-13
  5.72000000e-05  -2.75511384e-02   2.91607412e-02  -1.99879097e-02   1.83062851e-14  -1.31739625e-13  -2.17430645e-13
  5.72800000e-05  -2.79466938e-02   3.01280139e-02  -2.05432383e-02   5.18912977e-14  -1.10274078e-13  -2.32316303e-13
  5.73600000e-05  -2.83396137e-02   3.11381216e-02  -2.08331325e-02   8.65024104e-14  -8.26948109e-14  -2.41269813e-13
  5.74400000e-05  -2.87787066e-02   3.22244575e-02  -2.07662800e-02   1.20712076e-13  -4.90564438e-14  -2.43411661e-13
  5.75200000e-05  -2.91981592e-02   3.33107225e-02  -2.03870796e-02   1.53109867e-13  -1.09664801e-14  -2.37200607e-13
  5.76000000e-05  -2.96590366e-02   3.44266695e-02  -1.96389595e-02   1.82390156e-13   3.03605572e-14  -2.22226816e-13
  5.76800000e-05  -3.01078207e-02   3.54958010e-02  -1.85583445e-02   2.07266312e-13   7.24175970e-14  -1.97744812e-13
  5.77600000e-05  -3.06131115e-02   3.65660256e-02  -1.71464101e-02   2.27140743e-13   1.13136145e-13  -1.64264454e-13
  5.78400000e-05  -3.10709422e-02   3.74984025e-02  -1.54253643e-02   2.40820526e-13   1.49409860e-13  -1.21870027e-13
  5.79200000e-05  -3.15347522e-02   3.83190720e-02  -1.34924159e-02   2.48259476e-13   1.78888754e-13  -7.21849977e-14
  5.80000000e-05  -3.20017635e-02   3.90076518e-02  -1.14285827e-02   2.49299481e-13   1.99540354e-13  -1.70119416e-14
  5.80800000e-05  -3.24662911e-02   3.95427589e-02  -9.26291340e-03   2.43857358e-13   2.09918891e-13   4.14154942e-14
  5.81600000e-05  -3.29121101e-02   3.98937102e-02  -7.09557164e-03   2.31880910e-13   2.09176047e-13   1.00501920e-13
  5.82400000e-05  -3.33618414e-02   4.01011604e-02  -5.04176300e-03   2.13678323e-13   1.97588382e-13   1.57647448e-13
  5.83200000e-05  -3.37709863e-02   4.01021686e-02  -3.16758042e-03   1.89038427e-13   1.75778463e-13   2.09965757e-13
  5.84000000e-05  -2.60321943e-02   3.11723445e-02  -1.53725297e-03   1.23377342e-13   1.12707990e-13   1.96187197e-13
  5.84800000e-05   5.88057763e-03  -6.73680487e-03  -1.37209262e-04  -2.63638864e-14  -2.20920656e-14  -4.52224963e-14
  5.85600000e-05   4.03853152e-02  -4.56766524e-02  -1.76128812e-03  -2.08055251e-13  -1.73261798e-13  -2.77273192e-13
  5.86400000e-05   5.36574687e-02  -5.99089702e-02  -4.15037858e-03  -3.38984271e-13  -2.85949073e-13  -2.54946238e-13
  5.87200000e-05   5.37934922e-02  -5.95903807e-02  -6.96809824e-03  -3.75859375e-13  -3.25389332e-13  -1.18929747e-13
  5.88000000e-05   5.36227651e-02  -5.92970787e-02  -9.98221091e-03  -3.75324499e-13  -3.43789416e-13   2.60233526e-14
  5.88800000e-05   5.31462977e-02  -5.90096723e-02  -1.29101383e-02  -3.36975961e-13  -3.39954608e-13   1.66658575e-13
  5.89600000e-05   5.24020159e-02  -5.87561044e-02  -1.55169912e-02  -2.65575495e-13  -3.13538364e-13   2.90365670e-13
  5.90400000e-05   5.14943835e-02  -5.86128568e-02  -1.76169371e-02  -1.69974803e-13  -2.65680406e-13   3.87101338e-13
  5.91200000e-05   5.04082838e-02  -5.84266630e-02  -1.89543413e-02  -6.10045845e-14  -1.98225321e-13   4.48789408e-13
  5.92000000e-05   4.92870054e-02  -5.83242841e-02  -1.95329324e-02   4.93546299e-14  -1.16534994e-13   4.72502634e-13
  5.92800000e-05   4.81647392e-02  -5.82151902e-02  -1.92669892e-02   1.50370196e-13  -2.71620598e-14   4.57974293e-13
  5.93600000e-05   4.70831513e-02  -5.80435502e-02  -1.82411358e-02   2.34046037e-13   6.14204831e-14   4.08667649e-13
  5.94400000e-05   4.60673145e-02  -5.77754873e-02  -1.65677552e-02   2.95453605e-13   1.40680520e-13   3.30936116e-13
  5.95200000e-05   4.51411284e-02  -5.73572538e-02  -1.44180042e-02   3.32729501e-13   2.03270935e-13   2.33092077e-13
  5.96000000e-05   4.43108172e-02  -5.67807753e-02  -1.19640871e-02   3.46541714e-13   2.44234199e-13   1.24350430e-13
  5.96800000e-05   4.35806106e-02  -5.60284747e-02  -9.36081391e-03   3.39091574e-13   2.61457454e-13   1.37547305e-14
  5.97600000e-05   4.29453224e-02  -5.51143104e-02  -6.88763839e-03   3.13852780e-13   2.55883100e-13  -9.06423503e-14
  5.98400000e-05   4.23517520e-02  -5.39833960e-02  -4.61552271e-03   2.73725150e-13   2.30313926e-13  -1.82078659e-13
  5.99200000e-05   4.18243575e-02  -5.27303155e-02  -2.69000507e-03   2.22736210e-13   1.89723818e-13  -2.55909517e-13
  6.00000000e-05   2.75389070e-02  -3.40673668e-02  -1.17967738e-03   1.12716248e-13   9.80993998e-14  -2.01670371e-13
  6.00800000e-05   7.22970304e-03  -8.85382869e-03  -4.12352981e-06   2.54056735e-14   2.07713951e-14  -5.59953342e-14
  6.01600000e-05  -1.10615717e-02   1.34034742e-02  -7.63480000e-04  -3.97855954e-14  -2.80237970e-14   8.44488128e-14
  6.02400000e-05  -2.54385437e-02   3.01557331e-02  -1.54514482e-03  -1.04830815e-13  -7.93677803e-14   1.76908767e-13
  6.03200000e-05  -2.50079292e-02   2.92436864e-02  -2.43727588e-03  -1.18755622e-13  -8.88390821e-14   1.52567844e-13
  6.04000000e-05  -2.45246161e-02   2.83424927e-02  -3.40018839e-03  -1.28515055e-13  -9.59269474e-14   1.27338117e-13
  6.04800000e-05  -2.39900811e-02   2.74504678e-02  -4.41338886e-03  -1.34195666e-13  -1.00878504e-13   1.02008408e-13
  6.05600000e-05  -2.34089965e-02   2.65762789e-02  -5.47044555e-03  -1.36044270e-13  -1.03920017e-13   7.72976331e-14
  6.06400000e-05  -2.27756264e-02   2.57075642e-02  -6.49783589e-03  -1.34351201e-13  -1.05444909e-13   5.37411249e-14
  6.07200000e-05  -2.21308992e-02   2.48767813e-02  -7.50630442e-03  -1.29683875e-13  -1.05769447e-13   3.18155725e-14
  6.08000000e-05  -2.14117389e-02   2.40219623e-02  -8.45067785e-03  -1.22190598e-13  -1.04759395e-13   1.18081575e-14
  6.08800000e-05  -2.06604220e-02   2.31710957e-02  -9.36209148e-03  -1.12438440e-13  -1.02673885e-13  -5.98592592e-15
  6.09600000e-05  -1.99078845e-02   2.23562009e-02  -1.01489082e-02  -1.01278279e-13  -9.99269590e-14  -2.14555982e-14
  6.10400000e-05  -1.91154774e-02   2.15328177e-02  -1.09033945e-02  -8.87087159e-14  -9.62222877e-14  -3.45055402e-14
  6.11200000e-05  -1.83300692e-02   2.07365962e-02  -1.15549451e-02  -7.55398245e-14  -9.19833647e-14  -4.52422468e-14
  6.12000000e-05  -1.75371121e-02   1.99521877e-02  -1.21116965e-02  -6.20772145e-14  -8.71676181e-14  -5.37108580e-14
  6.12800000e-05  -1.67371998e-02   1.91669353e-02  -1.25715145e-02  -4.86266710e-14  -8.18424749e-14  -6.00401102e-14
  6.13600000e-05  -1.59574797e-02   1.84114097e-02  -1.29454672e-02  -3.56186157e-14  -7.62073847e-14  -6.44783252e-14
  6.14400000e-05  -1.51997346e-02   1.76795705e-02  -1.32234845e-02  -2.33163420e-14  -7.03343020e-14  -6.72347776e-14
  6.15200000e-05  -1.44559293e-02   1.69649123e-02  -1.34223791e-02  -1.18245854e-14  -6.42531835e-14  -6.84762550e-14
  6.16000000e-05  -1.37360355e-02   1.62685882e-02  -1.35353832e-02  -1.33845853e-15  -5.80820435e-14  -6.84522725e-14
  6.16800000e-05  -1.30376816e-02   1.55940927e-02  -1.35824622e-02   8.10734208e-15  -5.18861487e-14  -6.73529102e-14
  6.17600000e-05  -1.23685608e-02   1.49404284e-02  -1.35663749e-02   1.64579946e-14  -4.57644036e-14  -6.54044657e-14
  6.18400000e-05  -1.17351233e-02   1.43081771e-02  -1.34903708e-02   2.36893800e-14  -3.98030672e-14  -6.28231157e-14
  6.19200000e-05  -1.11218710e-02   1.36961161e-02  -1.33590454e-02   2.98184641e-14  -3.40060984e-14  -5.96890394e-14
  6.20000000e-05  -1.05405050e-02   1.31105604e-02  -1.31891881e-02   3.49292664e-14  -2.84655353e-14  -5.62105279e-14
  6.20800000e-05  -9.99893904e-03   1.25482778e-02  -1.29770167e-02   3.90440055e-14  -2.32441598e-14  -5.25600620e-14
  6.21600000e-05  -9.47682550e-03   1.20065641e-02  -1.27476332e-02   4.23570394e-14  -1.83052543e-14  -4.87301031e-14
  6.22400000e-05  -8.98669089e-03   1.14831051e-02  -1.24771452e-02   4.47867160e-14  -1.37218466e-14  -4.48863719e-14
  6.23200000e-05  -8.52437584e-03   1.09848442e-02  -1.21920407e-02   4.65258600e-14  -9.48750227e-15  -4.10778363e-14
  6.24000000e-05  -8.08509213e-03   1.05019562e-02  -1.18789638e-02   4.75771807e-14  -5.61461338e-15  -3.73458764e-14
  6.24800000e-05  -7.66916744e-03   1.00374343e-02  -1.15751053e-02   4.82104469e-14  -2.07167876e-15  -3.37386416e-14
  6.25600000e-05  -7.28652546e-03   9.59968461e-03  -1.12601662e-02   4.83459438e-14   1.10908239e-15  -3.03394376e-14
  6.26400000e-05  -6.91564598e-03   9.17017875e-03  -1.09393567e-02   4.81035878e-14   3.97842484e-15  -2.70751312e-14
  6.27200000e-05  -6.57083434e-03   8.76366108e-03  -1.06143065e-02   4.75136631e-14   6.52103693e-15  -2.40294786e-14
  6.28000000e-05  -6.23896043e-03   8.36688473e-03  -1.03010464e-02   4.67385431e-14   8.79956279e-15  -2.11604710e-14
  6.28800000e-05  -5.92727151e-03   7.98408446e-03  -9.99606494e-03   4.57888555e-14   1.08148740e-14  -1.85128961e-14
  6.29600000e-05  -5.63297202e-03   7.62185325e-03  -9.68445984e-03   4.46034925e-14   1.25567396e-14  -1.60612570e-14
  6.30400000e-05  -5.35341931e-03   7.27163829e-03  -9.38290083e-03   4.33240399e-14   1.40785724e-14  -1.38078263e-14
  6.31200000e-05  -5.09083221e-03   6.93713079e-03  -9.08744320e-03   4.19505494e-14   1.53844300e-14  -1.17568168e-14
  6.32000000e-05  -4.83891191e-03   6.61243978e-03  -8.81012579e-03   4.05812257e-14   1.65335316e-14  -9.87976752e-15
  6.32800000e-05  -4.60927501e-03   6.30978540e-03  -8.51566844e-03   3.90225018e-14   1.74311659e-14  -8.20587678e-15
  6.33600000e-05  -4.38195478e-03   6.01204446e-03  -8.24903531e-03   3.75669083e-14   1.82388799e-14  -6.66302595e-15
  6.34400000e-05  -4.16783113e-03   5.72351791e-03  -8.00414927e-03   3.61851792e-14   1.89483457e-14  -5.29256998e-15
  6.35200000e-05  -3.96141713e-03   5.44609797e-03  -7.76781093e-03   3.48129217e-14   1.95441608e-14  -4.05121729e-15
  6.36000000e-05  -3.77012667e-03   5.18002404e-03  -7.52639400e-03   3.33879790e-14   1.99837354e-14  -2.97096859e-15
  6.36800000e-05  -3.58320616e-03   4.92526763e-03  -7.28425895e-03   3.19439415e-14   2.03025756e-14  -1.98594117e-15
  6.37600000e-05  -3.40520771e-03   4.68165761e-03  -7.07100746e-03   3.06417551e-14   2.06068985e-14  -1.11258510e-15
  6.38400000e-05  -3.23910552e-03   4.44518723e-03  -6.86158545e-03   2.93592427e-14   2.08204418e-14  -3.71185831e-16
  6.39200000e-05  -3.08004782e-03   4.22033218e-03  -6.67258861e-03   2.81797625e-14   2.10175709e-14   2.85663484e-16
  6.40000000e-05  -2.92401553e-03   4.00235164e-03  -6.47245035e-03   2.69525564e-14   2.10959567e-14   8.68873913e-16
  6.40800000e-05  -2.77910421e-03   3.79448188e-03  -6.29314245e-03   2.58363167e-14   2.11714141e-14   1.35587756e-15
  6.41600000e-05  -2.63981446e-03   3.59435411e-03  -6.12582047e-03   2.47890494e-14   2.12275144e-14   1.77294004e-15
  6.42400000e-05  -2.50304580e-03   3.39825465e-03  -5.95030030e-03   2.37206238e-14   2.11927625e-14   2.12503494e-15
  6.43200000e-05  -2.37435484e-03   3.21379306e-03  -5.78829200e-03   2.27266472e-14   2.11514291e-14   2.42129997e-15
  6.44000000e-05  -2.25037727e-03   3.03726103e-03  -5.64163067e-03   2.18174991e-14   2.11235264e-14   2.66945152e-15
  6.44800000e-05  -2.13171879e-03   2.86692578e-03  -5.49977876e-03   2.09456880e-14   2.10696258e-14   2.86461280e-15
  6.45600000e-05  -2.01851536e-03   2.70339811e-03  -5.35240189e-03   2.00659559e-14   2.09467263e-14   3.01246065e-15
  6.46400000e-05  -1.90948590e-03   2.54520062e-03  -5.21279963e-03   1.92390945e-14   2.08178786e-14   3.11711537e-15
  6.47200000e-05  -1.80421986e-03   2.39285462e-03  -5.09091948e-03   1.85056821e-14   2.07322931e-14   3.18627002e-15
  6.48000000e-05  -1.70140682e-03   2.24596984e-03  -4.97157303e-03   1.77983094e-14   2.06281270e-14   3.22794937e-15
  6.48800000e-05  -1.60465293e-03   2.10369826e-03  -4.86503842e-03   1.71598891e-14   2.05505993e-14   3.22640694e-15
  6.49600000e-05  -1.50991502e-03   1.97106130e-03  -4.75072599e-03   1.64984611e-14   2.04110146e-14   3.22478854e-15
  6.50400000e-05  -1.41903533e-03   1.84122151e-03  -4.65118550e-03   1.59130450e-14   2.03156047e-14   3.18722081e-15
  6.51200000e-05  -1.33247125e-03   1.71603015e-03  -4.54011045e-03   1.52964180e-14   2.01394983e-14   3.12282028e-15
  6.52000000e-05  -1.24855227e-03   1.59715104e-03  -4.43940966e-03   1.47324689e-14   1.99910505e-14   3.04870934e-15
  6.52800000e-05  -1.16697691e-03   1.48163017e-03  -4.34937534e-03   1.42231592e-14   1.98753280e-14   2.95439833e-15
  6.53600000e-05  -1.08848935e-03   1.37195505e-03  -4.26498282e-03   1.37437871e-14   1.97687852e-14   2.85157510e-15
  6.54400000e-05  -1.01437946e-03   1.26724814e-03  -4.18367061e-03   1.32851714e-14   1.96579647e-14   2.73332086e-15
  6.55200000e-05  -9.41381195e-04   1.16811008e-03  -4.08796802e-03   1.27839639e-14   1.94595013e-14   2.61652156e-15
  6.56000000e-05  -8.67308666e-04   1.06601092e-03  -4.02306180e-03   1.24108944e-14   1.94075169e-14   2.46691429e-15
  6.56800000e-05  -7.99943418e-04   9.73497685e-04  -3.95245657e-03   1.20170947e-14   1.93068961e-14   2.32316858e-15
  6.57600000e-05  -7.35517409e-04   8.84343676e-04  -3.88747413e-03   1.16504196e-14   1.92213854e-14   2.16830361e-15
  6.58400000e-05  -6.70587681e-04   7.95552356e-04  -3.82122087e-03   1.12910278e-14   1.91209743e-14   1.99939031e-15
  6.59200000e-05  -6.09203037e-04   7.11600940e-04  -3.74988453e-03   1.09208137e-14   1.89794449e-14   1.82746907e-15
  6.60000000e-05  -5.50054956e-04   6.32506181e-04  -3.68236525e-03   1.05683884e-14   1.88458224e-14   1.65841907e-15
  6.60800000e-05  -4.91278749e-04   5.55977970e-04  -3.62699141e-03   1.02613290e-14   1.87683883e-14   1.48708308e-15
  6.61600000e-05  -4.34702530e-04   4.81212022e-04  -3.56355753e-03   9.93757534e-15   1.86368406e-14   1.30442193e-15
  6.62400000e-05  -3.81483629e-04   4.12062569e-04  -3.50780311e-03   9.63852483e-15   1.85347057e-14   1.12905966e-15
  6.63200000e-05  -3.27362663e-04   3.42110515e-04  -3.46144992e-03   9.37699985e-15   1.84785863e-14   9.39501969e-16
  6.64000000e-05  -2.76587042e-04   2.78010669e-04  -3.39134170e-03   9.04790813e-15   1.82808668e-14   7.60684735e-16
  6.64800000e-05  -2.25888308e-04   2.15602348e-04  -3.35385807e-03   8.81706207e-15   1.82560109e-14   5.79740569e-16
  6.65600000e-05  -1.77849987e-04   1.56835761e-04  -3.30827707e-03   8.56524727e-15   1.81771063e-14   4.01263606e-16
  6.66400000e-05  -1.32542495e-04   9.63939503e-05  -3.24873672e-03   8.28705036e-15   1.80103715e-14   1.96293075e-16
  6.67200000e-05  -8.97287096e-05   4.45676433e-05  -3.20381526e-03   8.04259456e-15   1.79157278e-14   2.39745820e-17
  6.68000000e-05  -4.43999317e-05  -9.20400172e-06  -3.19006613e-03   7.88322981e-15   1.79968046e-14  -1.61644763e-16
  6.68800000e-05  -9.56250163e-07  -5.94883006e-05  -3.14840286e-03   7.65388382e-15   1.79129703e-14  -3.40785865e-16
  6.69600000e-05   4.04540077e-05  -1.09099009e-04  -3.11332989e-03   7.44483472e-15   1.78589462e-14  -5.29086218e-16
  6.70400000e-05   8.05170193e-05  -1.54284763e-04  -3.08238561e-03   7.24334701e-15   1.78222995e-14  -7.02863568e-16
  6.71200000e-05   1.19017328e-04  -2.00252331e-04  -3.03387410e-03   7.00838204e-15   1.76778753e-14  -8.91901489e-16
  6.72000000e-05   1.57756938e-04  -2.41675888e-04  -2.98680003e-03   6.77736446e-15   1.75367430e-14  -1.06101233e-15
  6.72800000e-05   1.94942262e-04  -2.82849942e-04  -2.97047700e-03   6.61580537e-15   1.75675722e-14  -1.23861814e-15
  6.73600000e-05   2.30145574e-04  -3.21423121e-04  -2.94833080e-03   6.44027260e-15   1.75583640e-14  -1.41146439e-15
  6.74400000e-05   2.64463330e-04  -3.57701084e-04  -2.90728519e-03   6.22738967e-15   1.74334279e-14  -1.57846222e-15
  6.75200000e-05   3.00277032e-04  -3.95389199e-04  -2.88556601e-03   6.05772943e-15   1.74203032e-14  -1.75660605e-15
  6.76000000e-05   3.33092171e-04  -4.29256078e-04  -2.83655275e-03   5.83638044e-15   1.72376857e-14  -1.92322484e-15
  6.76800000e-05   3.65932487e-04  -4.62393251e-04  -2.80239387e-03   5.64629204e-15   1.71386185e-14  -2.09057687e-15
  6.77600000e-05   3.95803022e-04  -4.92703471e-04  -2.78156922e-03   5.47941334e-15   1.71105955e-14  -2.25113270e-15
  6.78400000e-05   4.27452997e-04  -5.23499495e-04  -2.76592827e-03   5.32393989e-15   1.71128531e-14  -2.41612770e-15
  6.79200000e-05   4.56298164e-04  -5.50770850e-04  -2.74215296e-03   5.15152028e-15   1.70595250e-14  -2.56924393e-15
  6.80000000e-05   4.85922948e-04  -5.78892681e-04  -2.70689692e-03   4.96590704e-15   1.69349102e-14  -2.73022861e-15
  6.80800000e-05   5.13861133e-04  -6.04446347e-04  -2.70355147e-03   4.82687973e-15   1.69964860e-14  -2.88254840e-15
  6.81600000e-05   5.40111680e-04  -6.27643233e-04  -2.65824280e-03   4.62597409e-15   1.67996763e-14  -3.02668384e-15
  6.82400000e-05   5.67358064e-04  -6.51868148e-04  -2.63959004e-03   4.46792662e-15   1.67616141e-14  -3.17907251e-15
  6.83200000e-05   5.92779217e-04  -6.72169048e-04  -2.62588970e-03   4.31261130e-15   1.67480985e-14  -3.31359198e-15
  6.84000000e-05   6.18125254e-04  -6.94547547e-04  -2.61082985e-03   4.15962539e-15   1.67234007e-14  -3.46404321e-15
  6.84800000e-05   6.43212714e-04  -7.15369587e-04  -2.60195621e-03   4.01293244e-15   1.67332530e-14  -3.60855079e-15
  6.85600000e-05   6.66147224e-04  -7.34009196e-04  -2.57317828e-03   3.84171865e-15   1.66158979e-14  -3.74520169e-15
  6.86400000e-05   6.90048653e-04  -7.51971694e-04  -2.53953199e-03   3.66792572e-15   1.64667472e-14  -3.87925043e-15
  6.87200000e-05   7.13201387e-04  -7.70359535e-04  -2.53117357e-03   3.52390032e-15   1.64684886e-14  -4.01924497e-15
  6.88000000e-05   7.35027188e-04  -7.87688648e-04  -2.51082976e-03   3.36752623e-15   1.63922413e-14  -4.15669722e-15
  6.88800000e-05   7.56062011e-04  -8.03697596e-04  -2.49495247e-03   3.21552843e-15   1.63396257e-14  -4.28905125e-15
  6.89600000e-05   7.76517862e-04  -8.18689809e-04  -2.49651365e-03   3.07731917e-15   1.63913251e-14  -4.41808819e-15
  6.90400000e-05   7.97684892e-04  -8.31766926e-04  -2.46983429e-03   2.91513667e-15   1.62668858e-14  -4.53669996e-15
  6.91200000e-05   8.18028015e-04  -8.44912772e-04  -2.46555625e-03   2.77100035e-15   1.62773409e-14  -4.65865555e-15
  6.92000000e-05   8.36351431e-04  -8.56258865e-04  -2.44768198e-03   2.61609250e-15   1.61985538e-14  -4.77275343e-15
  6.92800000e-05   8.54140471e-04  -8.68983573e-04  -2.43274485e-03   2.46665460e-15   1.61347261e-14  -4.89732512e-15
  6.93600000e-05   8.72616562e-04  -8.79652710e-04  -2.43708728e-03   2.32589896e-15   1.61891661e-14  -5.01058207e-15
  6.94400000e-05   8.88693832e-04  -8.87952900e-04  -2.39971842e-03   2.16224534e-15   1.59787106e-14  -5.11175321e-15
  6.95200000e-05   9.04683318e-04  -8.97213285e-04  -2.38645108e-03   2.01418187e-15   1.59156794e-14  -5.22012053e-15
  6.96000000e-05   9.21266204e-04  -9.05794895e-04  -2.39233686e-03   1.87325036e-15   1.59705414e-14  -5.32545097e-15
  6.96800000e-05   9.38870570e-04  -9.13854836e-04  -2.40981904e-03   1.73320178e-15   1.60969206e-14  -5.42903692e-15
  6.97600000e-05   9.53430378e-04  -9.21802608e-04  -2.39292969e-03   1.58195683e-15   1.60028747e-14  -5.53430634e-15
  6.98400000e-05   9.69872797e-04  -9.29486088e-04  -2.35920021e-03   1.42975316e-15   1.58029529e-14  -5.63832868e-15
  6.99200000e-05   9.85857618e-04  -9.37129318e-04  -2.36339477e-03   1.28619137e-15   1.58376283e-14  -5.74339268e-15
  7.00000000e-05   9.99027906e-04  -9.42079304e-04  -2.37108831e-03   1.13911063e-15   1.58891785e-14  -5.83312856e-15
  7.00800000e-05   1.01677355e-03  -9.49623549e-04  -2.36568089e-03   9.92639143e-16   1.58610261e-14  -5.94024103e-15
  7.01600000e-05   1.02804586e-03  -9.53306588e-04  -2.34669618e-03   8.43548900e-16   1.57389450e-14  -6.02414285e-15
  7.02400000e-05   1.04001688e-03  -9.57267509e-04  -2.34379416e-03   6.94787782e-16   1.57163603e-14  -6.11067744e-15
  7.03200000e-05   1.05300109e-03  -9.61563079e-04  -2.33116592e-03   5.48649150e-16   1.56315104e-14  -6.19988266e-15
  7.04000000e-05   1.06429969e-03  -9.64036973e-04  -2.33787647e-03   3.98009327e-16   1.56644927e-14  -6.27815416e-15
  7.04800000e-05   1.07602240e-03  -9.69180585e-04  -2.32615979e-03   2.53671715e-16   1.55799726e-14  -6.37396048e-15
  7.05600000e-05   1.08552873e-03  -9.72879901e-04  -2.34460839e-03   9.91326223e-17   1.56810361e-14  -6.46084591e-15
  7.06400000e-05   1.09688937e-03  -9.71444717e-04  -2.35370863e-03  -5.87126974e-17   1.57229397e-14  -6.51668090e-15
  7.07200000e-05   1.10636805e-03  -9.74123142e-04  -2.33676188e-03  -2.03916619e-16   1.55973988e-14  -6.59861582e-15
  7.08000000e-05   1.11480215e-03  -9.73768913e-04  -2.35218033e-03  -3.64841329e-16   1.56725003e-14  -6.66110473e-15
  7.08800000e-05   1.12485549e-03  -9.75367774e-04  -2.34536164e-03  -5.14652924e-16   1.56070781e-14  -6.73736236e-15
  7.09600000e-05   1.13009472e-03  -9.75726815e-04  -2.36192495e-03  -6.78704559e-16   1.56828989e-14  -6.80344456e-15
  7.10400000e-05   1.13796885e-03  -9.72995192e-04  -2.34628189e-03  -8.25538595e-16   1.55565630e-14  -6.85164827e-15
  7.11200000e-05   1.14591807e-03  -9.71881513e-04  -2.36266945e-03  -9.92142255e-16   1.56294532e-14  -6.91035741e-15
  7.12000000e-05   1.15117753e-03  -9.71595188e-04  -2.37814469e-03  -1.16017275e-15   1.56926272e-14  -6.97284987e-15
  7.12800000e-05   1.15772638e-03  -9.68633261e-04  -2.38707719e-03  -1.32676162e-15   1.57136071e-14  -7.01977692e-15
  7.13600000e-05   1.16131528e-03  -9.67025235e-04  -2.39484551e-03  -1.49179904e-15   1.57235364e-14  -7.07248357e-15
  7.14400000e-05   1.16746072e-03  -9.64423865e-04  -2.40191595e-03  -1.65839406e-15   1.57286554e-14  -7.12148173e-15
  7.15200000e-05   1.17012620e-03  -9.61485316e-04  -2.41477212e-03  -1.83219784e-15   1.57658603e-14  -7.16529138e-15
  7.16000000e-05   1.17424789e-03  -9.57252478e-04  -2.41691657e-03  -1.99709762e-15   1.57350276e-14  -7.20235118e-15
  7.16800000e-05   1.17667443e-03  -9.52465133e-04  -2.42978159e-03  -2.17408288e-15   1.57683318e-14  -7.23397282e-15
  7.17600000e-05   1.17693542e-03  -9.48108927e-04  -2.44004012e-03  -2.34944577e-15   1.57823238e-14  -7.26566252e-15
  7.18400000e-05   1.17688485e-03  -9.41456279e-04  -2.46177438e-03  -2.54139870e-15   1.58656217e-14  -7.28243942e-15
  7.19200000e-05   1.17767020e-03  -9.36316358e-04  -2.48426439e-03  -2.73657425e-15   1.59517992e-14  -7.30949272e-15
  7.20000000e-05   1.17770015e-03  -9.29967984e-04  -2.48837682e-03  -2.91050824e-15   1.59215125e-14  -7.32774985e-15
  7.20800000e-05   1.17278956e-03  -9.22457505e-04  -2.51828377e-03  -3.12089764e-15   1.60471510e-14  -7.33156892e-15
  7.21600000e-05   1.17181803e-03  -9.13728892e-04  -2.53673939e-03  -3.31903867e-15   1.61012487e-14  -7.33283267e-15
  7.22400000e-05   1.16759955e-03  -9.04728491e-04  -2.54512255e-03  -3.50417881e-15   1.60899697e-14  -7.32716451e-15
  7.23200000e-05   1.16254356e-03  -8.96039681e-04  -2.57312985e-03  -3.72086758e-15   1.61973708e-14  -7.32149510e-15
  7.24000000e-05   1.15611000e-03  -8.84523560e-04  -2.60091683e-03  -3.94142806e-15   1.63006555e-14  -7.29551902e-15
  7.24800000e-05   1.14754046e-03  -8.71971902e-04  -2.63378520e-03  -4.17434051e-15   1.64320884e-14  -7.25896100e-15
  7.25600000e-05   1.14026176e-03  -8.62343181e-04  -2.67040804e-03  -4.41721906e-15   1.65841941e-14  -7.24160968e-15
  7.26400000e-05   1.13088241e-03  -8.48750918e-04  -2.68693092e-03  -4.62857720e-15   1.66108639e-14  -7.19514682e-15
  7.27200000e-05   1.11800832e-03  -8.34677956e-04  -2.69994041e-03  -4.83558499e-15   1.66134518e-14  -7.13834505e-15
  7.28000000e-05   1.10660276e-03  -8.19767804e-04  -2.72205475e-03  -5.06140816e-15   1.66696581e-14  -7.07782136e-15
  7.28800000e-05   1.09310824e-03  -8.06067273e-04  -2.75503178e-03  -5.31118583e-15   1.67888527e-14  -7.01939115e-15
  7.29600000e-05   1.07660688e-03  -7.88919771e-04  -2.77309413e-03  -5.53480462e-15   1.68153209e-14  -6.93259838e-15
  7.30400000e-05   1.06148174e-03  -7.72540354e-04  -2.79565754e-03  -5.76949493e-15   1.68669806e-14  -6.85156762e-15
  7.31200000e-05   1.04536600e-03  -7.55362282e-04  -2.85015294e-03  -6.07614592e-15   1.71069059e-14  -6.76234163e-15
  7.32000000e-05   1.02483900e-03  -7.36857157e-04  -2.87069687e-03  -6.31398362e-15   1.71407146e-14  -6.65381118e-15
  7.32800000e-05   1.00412476e-03  -7.17755558e-04  -2.90203142e-03  -6.57880527e-15   1.72362499e-14  -6.53933492e-15
  7.33600000e-05   9.78535749e-04  -6.95342760e-04  -2.93369889e-03  -6.84766877e-15   1.73310976e-14  -6.39184273e-15
  7.34400000e-05   9.56807597e-04  -6.75573555e-04  -2.97239700e-03  -7.13731214e-15   1.74643532e-14  -6.26682427e-15
  7.35200000e-05   9.33151742e-04  -6.55343972e-04  -3.00958499e-03  -7.42840647e-15   1.75851434e-14  -6.13245622e-15
  7.36000000e-05   9.06750958e-04  -6.33031825e-04  -3.02841601e-03  -7.67633808e-15   1.75961285e-14  -5.97653565e-15
  7.36800000e-05   8.75648990e-04  -6.07521657e-04  -3.06463248e-03  -7.97103786e-15   1.77059769e-14  -5.78751149e-15
  7.37600000e-05   8.47090047e-04  -5.84203218e-04  -3.07947688e-03  -8.21420375e-15   1.76883934e-14  -5.61517013e-15
  7.38400000e-05   8.16831835e-04  -5.59836577e-04  -3.13254484e-03  -8.56163520e-15   1.78885964e-14  -5.42948550e-15
  7.39200000e-05   7.84615804e-04  -5.34360152e-04  -3.16635034e-03  -8.86215491e-15   1.79740770e-14  -5.22936995e-15
  7.40000000e-05   7.50157144e-04  -5.08328789e-04  -3.20781844e-03  -9.18857338e-15   1.80995633e-14  -5.01693078e-15
  7.40800000e-05   7.14491639e-04  -4.81217039e-04  -3.23797970e-03  -9.48721361e-15   1.81568370e-14  -4.79185035e-15
  7.41600000e-05   6.77389632e-04  -4.53626567e-04  -3.26855136e-03  -9.79043888e-15   1.82128853e-14  -4.55669463e-15
  7.42400000e-05   6.39927625e-04  -4.26025425e-04  -3.30425863e-03  -1.01125004e-14   1.82937835e-14  -4.31712129e-15
  7.43200000e-05   5.99264971e-04  -3.97763017e-04  -3.32746666e-03  -1.03995483e-14   1.83017693e-14  -4.06070243e-15
  7.44000000e-05   5.59119278e-04  -3.67882373e-04  -3.36752893e-03  -1.07423993e-14   1.83984392e-14  -3.79350683e-15
  7.44800000e-05   5.17413937e-04  -3.38383031e-04  -3.39694589e-03  -1.10557178e-14   1.84320194e-14  -3.52006345e-15
  7.45600000e-05   4.75538503e-04  -3.09392367e-04  -3.43675630e-03  -1.14067451e-14   1.85173729e-14  -3.24535095e-15
  7.46400000e-05   4.31436222e-04  -2.79354984e-04  -3.45381675e-03  -1.16856760e-14   1.84751350e-14  -2.95404930e-15
  7.47200000e-05   3.87665067e-04  -2.48932743e-04  -3.48195969e-03  -1.20036670e-14   1.84882543e-14  -2.65819684e-15
  7.48000000e-05   3.41130241e-04  -2.17588818e-04  -3.52031401e-03  -1.23601478e-14   1.85511344e-14  -2.34437598e-15
  7.48800000e-05   2.96247446e-04  -1.87567464e-04  -3.53542435e-03  -1.26391185e-14   1.84847962e-14  -2.03977011e-15
  7.49600000e-05   2.50589571e-04  -1.57380843e-04  -3.57235892e-03  -1.29981670e-14   1.85281069e-14  -1.72803862e-15
  7.50400000e-05   2.02542174e-04  -1.27802708e-04  -3.62020140e-03  -1.34022135e-14   1.86215313e-14  -1.40721331e-15
  7.51200000e-05   1.56108841e-04  -9.68864038e-05  -3.61608112e-03  -1.36158168e-14   1.84409342e-14  -1.08189641e-15
  7.52000000e-05   1.06806724e-04  -6.60868666e-05  -3.65825727e-03  -1.40048241e-14   1.84927682e-14  -7.42959908e-16
  7.52800000e-05   5.77705865e-05  -3.60703752e-05  -3.66997513e-03  -1.42806086e-14   1.83836217e-14  -4.05480477e-16
  7.53600000e-05   1.11131654e-05  -7.54505084e-06  -8.87499079e-04  -3.49371672e-15   4.41472579e-15  -8.12796135e-17
  7.54400000e-05   0.00000000e+00   0.00000000e+00   0.00000000e+00   0.00000000e+00  -0.00000000e+00   0.00000000e+00
