     timestep     time              x             y              z              vx             vy             vz             ax             ay             az         v_magnitude      ELoss        Electronic      Nuclear
           0   0.000000e+00   1.000000e-01   7.270820e+00   1.693313e+01   1.307722e+06  -6.836082e+05   1.087620e+06   0.000000e+00   0.000000e+00   0.000000e+00   1.833133e+06   0.000000e+00   0.000000e+00   0.000000e+00
        8000   7.999000e-08   2.050195e-01   7.217040e+00   1.702022e+01   1.317657e+06  -6.606784e+05   1.089798e+06   1.198257e+11   2.946434e+11   3.374605e+10   1.833133e+06   8.281722e-19   0.000000e+00   0.000000e+00
       16000   1.599900e-07   3.108059e-01   7.165146e+00   1.710752e+01   1.326875e+06  -6.364728e+05   1.093015e+06   1.100517e+11   3.107155e+11   4.733538e+10   1.833133e+06   8.976592e-19   0.000000e+00   0.000000e+00
       24000   2.399900e-07   4.172966e-01   7.115239e+00   1.719513e+01   1.335247e+06  -6.109651e+05   1.097366e+06   9.882956e+10   3.269679e+11   6.178913e+10   1.833133e+06   9.753439e-19   0.000000e+00   0.000000e+00
       32000   3.199900e-07   5.244194e-01   7.067426e+00   1.728313e+01   1.342651e+06  -5.841535e+05   1.102918e+06   8.596256e+10   3.431505e+11   7.710107e+10   1.833133e+06   1.061092e-18   0.000000e+00   0.000000e+00
       40000   3.999900e-07   6.320915e-01   7.021809e+00   1.737163e+01   1.348956e+06  -5.560607e+05   1.109725e+06   7.143875e+10   3.590134e+11   9.305633e+10   1.833133e+06   1.154723e-18   0.000000e+00   0.000000e+00
       48000   4.799900e-07   7.402197e-01   6.978489e+00   1.746072e+01   1.354032e+06  -5.267283e+05   1.117824e+06   5.523184e+10   3.741892e+11   1.094197e+11   1.833133e+06   1.254992e-18   0.000000e+00   0.000000e+00
       56000   5.599900e-07   8.487008e-01   6.937564e+00   1.755051e+01   1.357754e+06  -4.962148e+05   1.127232e+06   3.752912e+10   3.884955e+11   1.258158e+11   1.833133e+06   1.361242e-18   0.000000e+00   0.000000e+00
       64000   6.399900e-07   9.574214e-01   6.899124e+00   1.764111e+01   1.360002e+06  -4.646077e+05   1.137941e+06   1.835459e+10   4.013743e+11   1.419415e+11   1.833133e+06   1.469863e-18   0.000000e+00   0.000000e+00
       72000   7.199900e-07   1.066259e+00   6.863253e+00   1.773262e+01   1.360665e+06  -4.320366e+05   1.149918e+06  -1.962813e+09   4.126343e+11   1.573555e+11   1.833133e+06   1.578704e-18   0.000000e+00   0.000000e+00
       80000   7.999900e-07   1.175084e+00   6.830021e+00   1.782513e+01   1.359666e+06  -3.986420e+05   1.163086e+06  -2.313744e+10   4.218865e+11   1.716494e+11   1.833133e+06   1.683574e-18   0.000000e+00   0.000000e+00
       88000   8.799900e-07   1.283760e+00   6.799488e+00   1.791874e+01   1.356950e+06  -3.645884e+05   1.177344e+06  -4.484632e+10   4.289771e+11   1.845310e+11   1.833133e+06   1.781498e-18   0.000000e+00   0.000000e+00
       96000   9.599900e-07   1.392149e+00   6.771699e+00   1.801353e+01   1.352493e+06  -3.300586e+05   1.192560e+06  -6.657142e+10   4.335568e+11   1.954945e+11   1.833133e+06   1.866794e-18   0.000000e+00   0.000000e+00
      104000   1.039990e-06   1.500112e+00   6.746686e+00   1.810957e+01   1.346312e+06  -2.952499e+05   1.208573e+06  -8.784977e+10   4.355313e+11   2.042624e+11   1.833133e+06   1.935659e-18   0.000000e+00   0.000000e+00
      112000   1.119990e-06   1.607514e+00   6.724461e+00   1.820692e+01   1.338453e+06  -2.603641e+05   1.225207e+06  -1.082936e+11   4.352285e+11   2.107939e+11   1.833133e+06   1.987930e-18   0.000000e+00   0.000000e+00
      120000   1.199990e-06   1.714223e+00   6.705023e+00   1.830562e+01   1.329000e+06  -2.256086e+05   1.242271e+06  -1.275278e+11   4.324183e+11   2.149645e+11   1.833133e+06   2.019286e-18   0.000000e+00   0.000000e+00
      128000   1.279990e-06   1.820115e+00   6.688354e+00   1.840569e+01   1.318068e+06  -1.911771e+05   1.259573e+06  -1.451364e+11   4.273029e+11   2.167344e+11   1.833133e+06   2.028739e-18   0.000000e+00   0.000000e+00
      136000   1.359990e-06   1.925078e+00   6.674421e+00   1.850715e+01   1.305801e+06  -1.572447e+05   1.276925e+06  -1.609049e+11   4.200855e+11   2.162763e+11   1.833133e+06   2.016693e-18   0.000000e+00   0.000000e+00
      144000   1.439990e-06   2.029011e+00   6.663177e+00   1.860999e+01   1.292352e+06  -1.239721e+05   1.294155e+06  -1.746224e+11   4.109599e+11   2.137485e+11   1.833133e+06   1.983764e-18   0.000000e+00   0.000000e+00
      152000   1.519990e-06   2.131827e+00   6.654564e+00   1.871421e+01   1.277893e+06  -9.150125e+04   1.311105e+06  -1.861759e+11   4.002335e+11   2.093937e+11   1.833133e+06   1.932160e-18   0.000000e+00   0.000000e+00
      160000   1.599990e-06   2.233452e+00   6.648512e+00   1.881976e+01   1.262599e+06  -5.994491e+04   1.327641e+06  -1.955268e+11   3.882117e+11   2.034778e+11   1.833133e+06   1.864557e-18   0.000000e+00   0.000000e+00
      168000   1.679990e-06   2.333825e+00   6.644946e+00   1.892662e+01   1.246645e+06  -2.939422e+04   1.343649e+06  -2.027098e+11   3.752036e+11   1.962851e+11   1.833134e+06   1.784054e-18   0.000000e+00   0.000000e+00
      176000   1.759990e-06   2.432902e+00   6.643781e+00   1.903473e+01   1.230199e+06   8.611131e+01   1.359040e+06  -2.078738e+11   3.615071e+11   1.881453e+11   1.833134e+06   1.694209e-18   0.000000e+00   0.000000e+00
      184000   1.839990e-06   2.530648e+00   6.644930e+00   1.914404e+01   1.213418e+06   2.844737e+04   1.373749e+06  -2.111810e+11   3.473102e+11   1.793433e+11   1.833134e+06   1.597788e-18   0.000000e+00   0.000000e+00
      192000   1.919990e-06   2.627043e+00   6.648302e+00   1.925451e+01   1.196445e+06   5.565744e+04   1.387732e+06  -2.127684e+11   3.328189e+11   1.700930e+11   1.833134e+06   1.497290e-18   0.000000e+00   0.000000e+00
      200000   1.999990e-06   2.722078e+00   6.653804e+00   1.936606e+01   1.179407e+06   8.170511e+04   1.400964e+06  -2.128417e+11   3.182897e+11   1.606200e+11   1.833134e+06   1.395607e-18   0.000000e+00   0.000000e+00
      208000   2.079990e-06   2.815750e+00   6.661344e+00   1.947864e+01   1.162418e+06   1.065923e+05   1.413436e+06  -2.116486e+11   3.038959e+11   1.511443e+11   1.833134e+06   1.295100e-18   0.000000e+00   0.000000e+00
      216000   2.159990e-06   2.908068e+00   6.670828e+00   1.959219e+01   1.145571e+06   1.303332e+05   1.425153e+06  -2.093388e+11   2.896993e+11   1.417788e+11   1.833134e+06   1.196809e-18   0.000000e+00   0.000000e+00
      224000   2.239990e-06   2.999047e+00   6.682167e+00   1.970665e+01   1.128948e+06   1.529490e+05   1.436127e+06  -2.060855e+11   2.758128e+11   1.326316e+11   1.833134e+06   1.101983e-18   0.000000e+00   0.000000e+00
      232000   2.319990e-06   3.088709e+00   6.695269e+00   1.982195e+01   1.112939e+06   1.740511e+05   1.446185e+06  -1.595880e+11   2.076512e+11   9.782333e+10   1.833134e+06   6.328843e-19   0.000000e+00   0.000000e+00
      240000   2.399990e-06   3.177466e+00   6.709551e+00   1.993782e+01   1.108847e+06   1.792741e+05   1.448689e+06   5.559398e+10  -7.174615e+10  -3.367382e+10   1.833134e+06   7.579232e-20   0.000000e+00   0.000000e+00
      248000   2.479990e-06   3.266547e+00   6.723421e+00   2.005348e+01   1.119601e+06   1.657433e+05   1.442014e+06   1.601698e+11  -1.983149e+11  -1.015636e+11   1.833134e+06   6.095260e-19   0.000000e+00   0.000000e+00
      256000   2.559990e-06   3.356620e+00   6.736064e+00   2.016852e+01   1.132115e+06   1.505532e+05   1.433886e+06   1.527093e+11  -1.814522e+11  -1.015182e+11   1.833134e+06   5.387179e-19   0.000000e+00   0.000000e+00
      264000   2.639990e-06   3.447670e+00   6.747545e+00   2.028290e+01   1.144044e+06   1.366802e+05   1.425784e+06   1.455600e+11  -1.653572e+11  -1.009447e+11   1.833134e+06   4.753322e-19   0.000000e+00   0.000000e+00
      272000   2.719990e-06   3.539652e+00   6.757966e+00   2.039664e+01   1.155420e+06   1.240545e+05   1.417743e+06   1.387477e+11  -1.500898e+11  -9.994191e+10   1.833134e+06   4.190384e-19   0.000000e+00   0.000000e+00
      280000   2.799990e-06   3.632523e+00   6.767427e+00   2.050974e+01   1.166258e+06   1.126744e+05   1.409797e+06   1.321464e+11  -1.349039e+11  -9.853620e+10   1.833134e+06   3.672714e-19   0.000000e+00   0.000000e+00
      288000   2.879990e-06   3.726239e+00   6.776026e+00   2.062222e+01   1.176569e+06   1.024814e+05   1.401985e+06   1.258459e+11  -1.206082e+11  -9.679558e+10   1.833134e+06   3.217930e-19   0.000000e+00   0.000000e+00
      296000   2.959990e-06   3.820761e+00   6.783854e+00   2.073407e+01   1.186389e+06   9.339089e+04   1.394323e+06   1.197185e+11  -1.072066e+11  -9.468409e+10   1.833134e+06   2.816257e-19   0.000000e+00   0.000000e+00
      304000   3.039990e-06   3.916049e+00   6.790995e+00   2.084531e+01   1.195729e+06   8.534102e+04   1.386841e+06   1.137209e+11  -9.365130e+10  -9.228651e+10   1.833134e+06   2.446242e-19   0.000000e+00   0.000000e+00
      312000   3.119990e-06   4.012065e+00   6.797537e+00   2.095597e+01   1.204604e+06   7.834629e+04   1.379555e+06   1.082537e+11  -8.154220e+10  -8.989427e+10   1.833134e+06   2.140999e-19   0.000000e+00   0.000000e+00
      320000   3.199990e-06   4.108774e+00   6.803556e+00   2.106605e+01   1.213048e+06   7.229718e+04   1.372468e+06   1.029189e+11  -6.983093e+10  -8.728570e+10   1.833134e+06   1.868890e-19   0.000000e+00   0.000000e+00
      328000   3.279990e-06   4.206141e+00   6.809128e+00   2.117557e+01   1.221066e+06   6.716234e+04   1.365601e+06   9.766128e+10  -5.871633e+10  -8.443695e+10   1.833134e+06   1.628269e-19   0.000000e+00   0.000000e+00
      336000   3.359990e-06   4.304134e+00   6.814325e+00   2.128455e+01   1.228680e+06   6.289588e+04   1.358959e+06   9.270468e+10  -4.808057e+10  -8.159201e+10   1.833134e+06   1.421708e-19   0.000000e+00   0.000000e+00
      344000   3.439990e-06   4.402720e+00   6.819214e+00   2.139301e+01   1.235900e+06   5.945706e+04   1.352552e+06   8.787468e+10  -3.792839e+10  -7.862846e+10   1.833134e+06   1.241985e-19   0.000000e+00   0.000000e+00
      352000   3.519990e-06   4.501868e+00   6.823859e+00   2.150096e+01   1.242744e+06   5.681190e+04   1.346380e+06   8.326586e+10  -2.828379e+10  -7.566297e+10   1.833134e+06   1.089406e-19   0.000000e+00   0.000000e+00
      360000   3.599990e-06   4.601549e+00   6.828323e+00   2.160843e+01   1.249222e+06   5.491025e+04   1.340451e+06   7.878034e+10  -1.925614e+10  -7.262976e+10   1.833134e+06   9.594156e-20   0.000000e+00   0.000000e+00
      368000   3.679990e-06   4.701734e+00   6.832665e+00   2.171544e+01   1.255350e+06   5.373664e+04   1.334761e+06   7.446552e+10  -1.039349e+10  -6.961672e+10   1.833134e+06   8.499246e-20   0.000000e+00   0.000000e+00
      376000   3.759990e-06   4.802396e+00   6.836939e+00   2.182200e+01   1.261137e+06   5.323906e+04   1.329315e+06   7.020895e+10  -2.190371e+09  -6.652029e+10   1.833134e+06   7.575966e-20   0.000000e+00   0.000000e+00
      384000   3.839990e-06   4.903507e+00   6.841200e+00   2.192814e+01   1.266581e+06   5.337840e+04   1.324124e+06   6.604275e+10   5.591775e+09  -6.339809e+10   1.833134e+06   6.809523e-20   0.000000e+00   0.000000e+00
      392000   3.919990e-06   5.005041e+00   6.845496e+00   2.203387e+01   1.271706e+06   5.413006e+04   1.319172e+06   6.206397e+10   1.326866e+10  -6.037522e+10   1.833134e+06   6.211250e-20   0.000000e+00   0.000000e+00
      400000   3.999990e-06   5.106972e+00   6.849877e+00   2.213921e+01   1.276514e+06   5.549716e+04   1.314462e+06   5.818578e+10   2.053383e+10  -5.737287e+10   1.833134e+06   5.746365e-20   0.000000e+00   0.000000e+00
      408000   4.079990e-06   5.209275e+00   6.854390e+00   2.224419e+01   1.281015e+06   5.741983e+04   1.309993e+06   5.436465e+10   2.718690e+10  -5.435367e+10   1.833134e+06   5.382171e-20   0.000000e+00   0.000000e+00
      416000   4.159990e-06   5.311926e+00   6.859078e+00   2.234882e+01   1.285213e+06   5.986394e+04   1.305766e+06   5.063969e+10   3.409486e+10  -5.140569e+10   1.833134e+06   5.155838e-20   0.000000e+00   0.000000e+00
      424000   4.239990e-06   5.414901e+00   6.863983e+00   2.245312e+01   1.289118e+06   6.285169e+04   1.301770e+06   4.697176e+10   4.083317e+10  -4.848666e+10   1.833134e+06   5.038667e-20   0.000000e+00   0.000000e+00
      432000   4.319990e-06   5.518177e+00   6.869148e+00   2.255711e+01   1.292730e+06   6.635135e+04   1.298009e+06   4.343361e+10   4.671086e+10  -4.564469e+10   1.833134e+06   4.979706e-20   0.000000e+00   0.000000e+00
      440000   4.399990e-06   5.621731e+00   6.874612e+00   2.266080e+01   1.296064e+06   7.030161e+04   1.294472e+06   3.982771e+10   5.182842e+10  -4.269141e+10   1.833134e+06   4.933708e-20   0.000000e+00   0.000000e+00
      448000   4.479990e-06   5.725539e+00   6.880408e+00   2.276423e+01   1.299115e+06   7.467464e+04   1.291164e+06   3.651533e+10   5.700939e+10  -4.003729e+10   1.833134e+06   5.007714e-20   0.000000e+00   0.000000e+00
      456000   4.559990e-06   5.829582e+00   6.886570e+00   2.286740e+01   1.301898e+06   7.946761e+04   1.288070e+06   3.311729e+10   6.262080e+10  -3.733617e+10   1.833134e+06   5.190384e-20   0.000000e+00   0.000000e+00
      464000   4.639990e-06   5.933836e+00   6.893134e+00   2.297033e+01   1.304410e+06   8.472229e+04   1.285191e+06   2.976610e+10   6.890619e+10  -3.475361e+10   1.833134e+06   5.538261e-20   0.000000e+00   0.000000e+00
      472000   4.719990e-06   6.038280e+00   6.900138e+00   2.307303e+01   1.306651e+06   9.042140e+04   1.282524e+06   2.640828e+10   7.293368e+10  -3.204704e+10   1.833134e+06   5.701661e-20   0.000000e+00   0.000000e+00
      480000   4.799990e-06   6.142893e+00   6.907608e+00   2.317553e+01   1.308636e+06   9.638212e+04   1.280063e+06   2.324309e+10   7.647895e+10  -2.952033e+10   1.833134e+06   5.877289e-20   0.000000e+00   0.000000e+00
      488000   4.879990e-06   6.247655e+00   6.915568e+00   2.327785e+01   1.310368e+06   1.026796e+05   1.277800e+06   2.008352e+10   8.096115e+10  -2.710110e+10   1.833134e+06   6.226810e-20   0.000000e+00   0.000000e+00
      496000   4.959990e-06   6.352546e+00   6.924048e+00   2.337999e+01   1.311843e+06   1.093794e+05   1.275729e+06   1.684046e+10   8.629950e+10  -2.471633e+10   1.833134e+06   6.752609e-20   0.000000e+00   0.000000e+00
      504000   5.039990e-06   6.457544e+00   6.933078e+00   2.348197e+01   1.313070e+06   1.164082e+05   1.273843e+06   1.379447e+10   8.976861e+10  -2.242256e+10   1.833134e+06   7.083984e-20   0.000000e+00   0.000000e+00
      512000   5.119990e-06   6.562630e+00   6.942680e+00   2.358381e+01   1.314057e+06   1.237118e+05   1.272136e+06   1.076920e+10   9.354428e+10  -2.022094e+10   1.833134e+06   7.508072e-20   0.000000e+00   0.000000e+00
      520000   5.199990e-06   6.667786e+00   6.952881e+00   2.368552e+01   1.314798e+06   1.313549e+05   1.270604e+06   7.674322e+09   9.765420e+10  -1.803666e+10   1.833134e+06   8.030310e-20   0.000000e+00   0.000000e+00
      528000   5.279990e-06   6.772992e+00   6.963704e+00   2.378711e+01   1.315298e+06   1.392606e+05   1.269243e+06   4.787733e+09   1.003761e+11  -1.597458e+10   1.833134e+06   8.380760e-20   0.000000e+00   0.000000e+00
      536000   5.359990e-06   6.878228e+00   6.975166e+00   2.388860e+01   1.315580e+06   1.473225e+05   1.268040e+06   2.080893e+09   1.021607e+11  -1.402798e+10   1.833134e+06   8.611018e-20   0.000000e+00   0.000000e+00
      544000   5.439990e-06   6.983478e+00   6.987282e+00   2.399000e+01   1.315637e+06   1.556151e+05   1.266990e+06  -6.860410e+08   1.050004e+11  -1.218397e+10   1.833134e+06   9.044968e-20   0.000000e+00   0.000000e+00
      552000   5.519990e-06   7.088724e+00   7.000074e+00   2.409132e+01   1.315460e+06   1.642387e+05   1.266085e+06  -3.404105e+09   1.081692e+11  -1.049494e+10   1.833134e+06   9.569762e-20   0.000000e+00   0.000000e+00
      560000   5.599990e-06   7.193947e+00   7.013563e+00   2.419258e+01   1.315075e+06   1.730308e+05   1.265314e+06  -6.173468e+09   1.109228e+11  -8.752263e+09   1.833134e+06   1.005241e-19   0.000000e+00   0.000000e+00
      568000   5.679990e-06   7.299130e+00   7.027766e+00   2.429378e+01   1.314465e+06   1.820938e+05   1.264675e+06  -9.127023e+09   1.153776e+11  -7.126138e+09   1.833134e+06   1.088407e-19   0.000000e+00   0.000000e+00
      576000   5.759990e-06   7.404256e+00   7.042704e+00   2.439493e+01   1.313643e+06   1.914186e+05   1.264153e+06  -1.141039e+10   1.165092e+11  -5.784672e+09   1.833134e+06   1.112051e-19   0.000000e+00   0.000000e+00
      584000   5.839990e-06   7.509308e+00   7.058390e+00   2.449604e+01   1.312637e+06   2.007663e+05   1.263747e+06  -1.389272e+10   1.181938e+11  -4.346663e+09   1.833134e+06   1.147954e-19   0.000000e+00   0.000000e+00
      592000   5.919990e-06   7.614273e+00   7.074828e+00   2.459713e+01   1.311454e+06   2.101960e+05   1.263443e+06  -1.625423e+10   1.205636e+11  -3.185879e+09   1.833134e+06   1.198808e-19   0.000000e+00   0.000000e+00
      600000   5.999990e-06   7.719135e+00   7.092028e+00   2.469820e+01   1.310071e+06   2.198240e+05   1.263238e+06  -1.844359e+10   1.215175e+11  -2.018539e+09   1.833134e+06   1.223165e-19   0.000000e+00   0.000000e+00
      608000   6.079990e-06   7.823878e+00   7.110011e+00   2.479925e+01   1.308482e+06   2.297437e+05   1.263121e+06  -2.060821e+10   1.226448e+11  -9.589455e+08   1.833134e+06   1.252045e-19   0.000000e+00   0.000000e+00
      616000   6.159990e-06   7.928488e+00   7.128786e+00   2.490030e+01   1.306747e+06   2.396131e+05   1.263083e+06  -2.246904e+10   1.225229e+11   2.711830e+06   1.833134e+06   1.256024e-19   0.000000e+00   0.000000e+00
      624000   6.239990e-06   8.032954e+00   7.148349e+00   2.500135e+01   1.304860e+06   2.494933e+05   1.263120e+06  -2.453141e+10   1.239508e+11   8.592518e+08   1.833134e+06   1.292423e-19   0.000000e+00   0.000000e+00
      632000   6.319990e-06   8.137262e+00   7.168705e+00   2.510240e+01   1.302819e+06   2.594426e+05   1.263223e+06  -2.648130e+10   1.250414e+11   1.630298e+09   1.833134e+06   1.322613e-19   0.000000e+00   0.000000e+00
      640000   6.399990e-06   8.241401e+00   7.189861e+00   2.520346e+01   1.300638e+06   2.694165e+05   1.263382e+06  -2.810239e+10   1.250676e+11   2.260556e+09   1.833134e+06   1.330503e-19   0.000000e+00   0.000000e+00
      648000   6.479990e-06   8.345361e+00   7.211814e+00   2.530454e+01   1.298324e+06   2.794424e+05   1.263585e+06  -2.981532e+10   1.259226e+11   2.787307e+09   1.833134e+06   1.356115e-19   0.000000e+00   0.000000e+00
      656000   6.559990e-06   8.449129e+00   7.234574e+00   2.540564e+01   1.295870e+06   2.895473e+05   1.263829e+06  -3.142170e+10   1.267237e+11   3.185619e+09   1.833134e+06   1.380657e-19   0.000000e+00   0.000000e+00
      664000   6.639990e-06   8.552697e+00   7.258143e+00   2.550675e+01   1.293305e+06   2.996687e+05   1.264097e+06  -3.290782e+10   1.271200e+11   3.533064e+09   1.833134e+06   1.396724e-19   0.000000e+00   0.000000e+00
      672000   6.719990e-06   8.656054e+00   7.282523e+00   2.560789e+01   1.290628e+06   3.097932e+05   1.264392e+06  -3.399323e+10   1.258581e+11   3.861796e+09   1.833134e+06   1.376964e-19   0.000000e+00   0.000000e+00
      680000   6.799990e-06   8.759195e+00   7.307709e+00   2.570906e+01   1.287868e+06   3.198390e+05   1.264705e+06  -3.491098e+10   1.252053e+11   3.886578e+09   1.833134e+06   1.368837e-19   0.000000e+00   0.000000e+00
      688000   6.879990e-06   8.862112e+00   7.333695e+00   2.581025e+01   1.285035e+06   3.298238e+05   1.265023e+06  -3.582750e+10   1.242512e+11   3.998931e+09   1.833134e+06   1.354890e-19   0.000000e+00   0.000000e+00
      696000   6.959990e-06   8.964799e+00   7.360479e+00   2.591146e+01   1.282132e+06   3.397595e+05   1.265339e+06  -3.686428e+10   1.244429e+11   3.939168e+09   1.833134e+06   1.364806e-19   0.000000e+00   0.000000e+00
      704000   7.039990e-06   9.067251e+00   7.388055e+00   2.601270e+01   1.279168e+06   3.496064e+05   1.265656e+06  -3.756991e+10   1.233429e+11   3.900711e+09   1.833134e+06   1.346970e-19   0.000000e+00   0.000000e+00
      712000   7.119990e-06   9.169464e+00   7.416415e+00   2.611397e+01   1.276162e+06   3.593752e+05   1.265955e+06  -3.773862e+10   1.213580e+11   3.592288e+09   1.833134e+06   1.308501e-19   0.000000e+00   0.000000e+00
      720000   7.199990e-06   9.271436e+00   7.445551e+00   2.621525e+01   1.273144e+06   3.689870e+05   1.266228e+06  -3.798448e+10   1.200377e+11   3.212293e+09   1.833134e+06   1.283994e-19   0.000000e+00   0.000000e+00
      728000   7.279990e-06   9.373167e+00   7.475450e+00   2.631656e+01   1.270121e+06   3.784594e+05   1.266468e+06  -3.770836e+10   1.177055e+11   2.643232e+09   1.833134e+06   1.237153e-19   0.000000e+00   0.000000e+00
      736000   7.359990e-06   9.474656e+00   7.506101e+00   2.641789e+01   1.267123e+06   3.877473e+05   1.266661e+06  -3.719630e+10   1.147118e+11   2.094698e+09   1.833134e+06   1.177518e-19   0.000000e+00   0.000000e+00
      744000   7.439990e-06   9.575907e+00   7.537487e+00   2.651923e+01   1.264147e+06   3.968877e+05   1.266804e+06  -3.698680e+10   1.130559e+11   1.489105e+09   1.833134e+06   1.145557e-19   0.000000e+00   0.000000e+00
      752000   7.519990e-06   9.676920e+00   7.569598e+00   2.662057e+01   1.261196e+06   4.058870e+05   1.266895e+06  -3.665984e+10   1.114729e+11   7.814147e+08   1.833134e+06   1.114706e-19   0.000000e+00   0.000000e+00
      760000   7.599990e-06   9.777700e+00   7.602422e+00   2.672193e+01   1.258316e+06   4.146528e+05   1.266920e+06  -3.545796e+10   1.077429e+11  -4.612091e+07   1.833134e+06   1.041458e-19   0.000000e+00   0.000000e+00
      768000   7.679990e-06   9.878253e+00   7.635937e+00   2.682328e+01   1.255509e+06   4.232048e+05   1.266876e+06  -3.468003e+10   1.058568e+11  -9.928982e+08   1.833134e+06   1.004504e-19   0.000000e+00   0.000000e+00
      776000   7.759990e-06   9.978584e+00   7.670129e+00   2.692462e+01   1.252785e+06   4.315621e+05   1.266753e+06  -3.333781e+10   1.028270e+11  -2.061182e+09   1.833134e+06   9.462008e-20   0.000000e+00   0.000000e+00
      784000   7.839990e-06   1.007870e+01   7.704979e+00   2.702596e+01   1.250191e+06   4.396243e+05   1.266544e+06  -3.142004e+10   9.853270e+10  -3.186783e+09   1.833134e+06   8.666315e-20   0.000000e+00   0.000000e+00
      792000   7.919990e-06   1.017862e+01   7.740460e+00   2.712727e+01   1.247762e+06   4.473440e+05   1.266236e+06  -2.942702e+10   9.480023e+10  -4.493870e+09   1.833134e+06   7.992143e-20   0.000000e+00   0.000000e+00
      800000   7.999990e-06   1.027835e+01   7.776547e+00   2.722855e+01   1.245479e+06   4.547921e+05   1.265830e+06  -2.771692e+10   9.183155e+10  -5.722182e+09   1.833134e+06   7.474699e-20   0.000000e+00   0.000000e+00
      808000   8.079990e-06   1.037790e+01   7.813219e+00   2.732980e+01   1.243359e+06   4.619737e+05   1.265314e+06  -2.531708e+10   8.773703e+10  -7.155456e+09   1.833134e+06   6.791492e-20   0.000000e+00   0.000000e+00
      816000   8.159990e-06   1.047729e+01   7.850454e+00   2.743100e+01   1.241437e+06   4.688319e+05   1.264679e+06  -2.267699e+10   8.341699e+10  -8.663406e+09   1.833134e+06   6.109710e-20   0.000000e+00   0.000000e+00
      824000   8.239990e-06   1.057654e+01   7.888224e+00   2.753214e+01   1.239729e+06   4.753642e+05   1.263915e+06  -1.972717e+10   7.896130e+10  -1.034797e+10   1.833134e+06   5.448740e-20   0.000000e+00   0.000000e+00
      832000   8.319990e-06   1.067565e+01   7.926503e+00   2.763322e+01   1.238250e+06   4.815621e+05   1.263018e+06  -1.696537e+10   7.523626e+10  -1.205327e+10   1.833134e+06   4.932670e-20   0.000000e+00   0.000000e+00
      840000   8.399990e-06   1.077466e+01   7.965262e+00   2.773422e+01   1.237040e+06   4.873546e+05   1.261982e+06  -1.329534e+10   6.971075e+10  -1.388842e+10   1.833134e+06   4.232995e-20   0.000000e+00   0.000000e+00
      848000   8.479990e-06   1.087359e+01   8.004468e+00   2.783514e+01   1.236120e+06   4.927140e+05   1.260801e+06  -9.738245e+09   6.479281e+10  -1.577301e+10   1.833134e+06   3.676437e-20   0.000000e+00   0.000000e+00
      856000   8.559990e-06   1.097245e+01   8.044086e+00   2.793595e+01   1.235506e+06   4.976599e+05   1.259460e+06  -5.775234e+09   5.917933e+10  -1.771855e+10   1.833134e+06   3.116099e-20   0.000000e+00   0.000000e+00
      864000   8.639990e-06   1.107128e+01   8.084082e+00   2.803665e+01   1.235220e+06   5.021581e+05   1.257955e+06  -1.259519e+09   5.300544e+10  -1.992225e+10   1.833134e+06   2.596883e-20   0.000000e+00   0.000000e+00
      872000   8.719990e-06   1.117009e+01   8.124419e+00   2.813722e+01   1.235287e+06   5.062023e+05   1.256267e+06   3.025186e+09   4.792307e+10  -2.228485e+10   1.833134e+06   2.268487e-20   0.000000e+00   0.000000e+00
      880000   8.799990e-06   1.126893e+01   8.165063e+00   2.823764e+01   1.235713e+06   5.098087e+05   1.254388e+06   7.699282e+09   4.202236e+10  -2.466337e+10   1.833134e+06   1.969827e-20   0.000000e+00   0.000000e+00
      888000   8.879990e-06   1.136782e+01   8.205976e+00   2.833791e+01   1.236520e+06   5.129470e+05   1.252311e+06   1.263839e+10   3.602189e+10  -2.723358e+10   1.833134e+06   1.780020e-20   0.000000e+00   0.000000e+00
      896000   8.959990e-06   1.146679e+01   8.247121e+00   2.843801e+01   1.237736e+06   5.155834e+05   1.250026e+06   1.788830e+10   2.971456e+10  -2.996843e+10   1.833134e+06   1.700741e-20   0.000000e+00   0.000000e+00
      904000   9.039990e-06   1.156587e+01   8.288456e+00   2.853791e+01   1.239378e+06   5.177183e+05   1.247514e+06   2.328348e+10   2.359173e+10  -3.292220e+10   1.833134e+06   1.766698e-20   0.000000e+00   0.000000e+00
      912000   9.119990e-06   1.166510e+01   8.329942e+00   2.863760e+01   1.241475e+06   5.193219e+05   1.244759e+06   2.907183e+10   1.655895e+10  -3.590362e+10   1.833134e+06   1.949527e-20   0.000000e+00   0.000000e+00
      920000   9.199990e-06   1.176452e+01   8.371533e+00   2.873707e+01   1.244049e+06   5.203500e+05   1.241756e+06   3.524147e+10   9.302381e+09  -3.920464e+10   1.833134e+06   2.319479e-20   0.000000e+00   0.000000e+00
      928000   9.279990e-06   1.186416e+01   8.413182e+00   2.883628e+01   1.247114e+06   5.208011e+05   1.238489e+06   4.140695e+10   2.007477e+09  -4.253947e+10   1.833134e+06   2.855869e-20   0.000000e+00   0.000000e+00
      936000   9.359990e-06   1.196407e+01   8.454845e+00   2.893522e+01   1.250682e+06   5.206650e+05   1.234942e+06   4.785058e+10  -5.449840e+09  -4.616270e+10   1.833134e+06   3.602336e-20   0.000000e+00   0.000000e+00
      944000   9.439990e-06   1.206428e+01   8.496473e+00   2.903386e+01   1.254778e+06   5.199093e+05   1.231100e+06   5.458284e+10  -1.356500e+10  -4.990394e+10   1.833134e+06   4.576362e-20   0.000000e+00   0.000000e+00
      952000   9.519990e-06   1.216485e+01   8.538014e+00   2.913218e+01   1.259413e+06   5.185272e+05   1.226943e+06   6.133651e+10  -2.125810e+10  -5.397560e+10   1.833134e+06   5.769277e-20   0.000000e+00   0.000000e+00
      960000   9.599990e-06   1.226580e+01   8.579419e+00   2.923016e+01   1.264603e+06   5.164926e+05   1.222455e+06   6.836865e+10  -2.956400e+10  -5.823486e+10   1.833134e+06   7.236134e-20   0.000000e+00   0.000000e+00
      968000   9.679990e-06   1.236720e+01   8.620635e+00   2.932777e+01   1.270366e+06   5.137704e+05   1.217617e+06   7.566793e+10  -3.818083e+10  -6.283562e+10   1.833134e+06   9.010560e-20   0.000000e+00   0.000000e+00
      976000   9.759990e-06   1.246908e+01   8.661605e+00   2.942497e+01   1.276711e+06   5.103547e+05   1.212405e+06   8.299352e+10  -4.731835e+10  -6.747701e+10   1.833134e+06   1.107334e-19   0.000000e+00   0.000000e+00
      984000   9.839990e-06   1.257149e+01   8.702272e+00   2.952174e+01   1.283647e+06   5.062068e+05   1.206808e+06   9.049823e+10  -5.645339e+10  -7.258038e+10   1.833134e+06   1.347316e-19   0.000000e+00   0.000000e+00
      992000   9.919990e-06   1.267448e+01   8.742578e+00   2.961805e+01   1.291185e+06   5.013239e+05   1.200790e+06   9.798576e+10  -6.570145e+10  -7.793195e+10   1.833134e+06   1.618197e-19   0.000000e+00   0.000000e+00
     1000000   9.999990e-06   1.277809e+01   8.782464e+00   2.971386e+01   1.299326e+06   4.956828e+05   1.194332e+06   1.056240e+11  -7.544704e+10  -8.359650e+10   1.833134e+06   1.929496e-19   0.000000e+00   0.000000e+00
     1008000   1.007999e-05   1.288239e+01   8.821867e+00   2.980913e+01   1.308052e+06   4.892890e+05   1.187424e+06   1.066662e+11  -7.995166e+10  -8.455716e+10   1.833134e+06   2.017474e-19   0.000000e+00   0.000000e+00
     1016000   1.015999e-05   1.298730e+01   8.860807e+00   2.990391e+01   1.313993e+06   4.848735e+05   1.182667e+06   3.732170e+10  -2.698403e+10  -3.040296e+10   1.833134e+06   2.466377e-20   0.000000e+00   0.000000e+00
     1024000   1.023999e-05   1.309246e+01   8.899580e+00   2.999848e+01   1.313944e+06   4.853413e+05   1.182529e+06  -3.845373e+10   3.869334e+10   2.684638e+10   1.833134e+06   2.990864e-20   0.000000e+00   0.000000e+00
     1032000   1.031999e-05   1.319742e+01   8.938560e+00   3.009319e+01   1.309969e+06   4.892708e+05   1.185317e+06  -5.286124e+10   5.339953e+10   3.637831e+10   1.833134e+06   5.641175e-20   0.000000e+00   0.000000e+00
     1040000   1.039999e-05   1.330204e+01   8.977883e+00   3.018814e+01   1.305456e+06   4.939366e+05   1.188356e+06  -5.953804e+10   6.256132e+10   3.940155e+10   1.833134e+06   7.294063e-20   0.000000e+00   0.000000e+00
     1048000   1.047999e-05   1.340628e+01   9.017609e+00   3.028334e+01   1.300409e+06   4.993201e+05   1.191636e+06  -6.650942e+10   7.182400e+10   4.248479e+10   1.833134e+06   9.217286e-20   0.000000e+00   0.000000e+00
     1056000   1.055999e-05   1.351009e+01   9.057794e+00   3.037881e+01   1.294807e+06   5.054409e+05   1.195151e+06  -7.355120e+10   8.112202e+10   4.537699e+10   1.833134e+06   1.137246e-19   0.000000e+00   0.000000e+00
     1064000   1.063999e-05   1.361343e+01   9.098500e+00   3.047457e+01   1.288626e+06   5.123180e+05   1.198897e+06  -8.078742e+10   9.053890e+10   4.814442e+10   1.833134e+06   1.379449e-19   0.000000e+00   0.000000e+00
     1072000   1.071999e-05   1.371626e+01   9.139786e+00   3.057064e+01   1.281851e+06   5.199631e+05   1.202862e+06  -8.854576e+10   1.004026e+11   5.095934e+10   1.833134e+06   1.660822e-19   0.000000e+00   0.000000e+00
     1080000   1.079999e-05   1.381851e+01   9.181714e+00   3.066703e+01   1.274455e+06   5.283839e+05   1.207044e+06  -9.631717e+10   1.100581e+11   5.351852e+10   1.833134e+06   1.963248e-19   0.000000e+00   0.000000e+00
     1088000   1.087999e-05   1.392015e+01   9.224348e+00   3.076377e+01   1.266427e+06   5.375854e+05   1.211423e+06  -1.045473e+11   1.201781e+11   5.596377e+10   1.833134e+06   2.307335e-19   0.000000e+00   0.000000e+00
     1096000   1.095999e-05   1.402112e+01   9.267750e+00   3.086087e+01   1.257725e+06   5.476135e+05   1.215989e+06  -1.130723e+11   1.305887e+11   5.814360e+10   1.833134e+06   2.688958e-19   0.000000e+00   0.000000e+00
     1104000   1.103999e-05   1.412137e+01   9.311988e+00   3.095833e+01   1.248338e+06   5.584640e+05   1.220718e+06  -1.216691e+11   1.405648e+11   6.011556e+10   1.833134e+06   3.090151e-19   0.000000e+00   0.000000e+00
     1112000   1.111999e-05   1.422084e+01   9.357126e+00   3.105618e+01   1.238243e+06   5.701219e+05   1.225600e+06  -1.308332e+11   1.509792e+11   6.195104e+10   1.833134e+06   3.541366e-19   0.000000e+00   0.000000e+00
     1120000   1.119999e-05   1.431947e+01   9.403230e+00   3.115443e+01   1.227403e+06   5.826074e+05   1.230622e+06  -1.402993e+11   1.613741e+11   6.353415e+10   1.833134e+06   4.028024e-19   0.000000e+00   0.000000e+00
     1128000   1.127999e-05   1.441720e+01   9.450366e+00   3.125309e+01   1.215790e+06   5.959361e+05   1.235757e+06  -1.500124e+11   1.716252e+11   6.482382e+10   1.833134e+06   4.546001e-19   0.000000e+00   0.000000e+00
     1136000   1.135999e-05   1.451397e+01   9.498601e+00   3.135216e+01   1.203395e+06   6.100667e+05   1.240984e+06  -1.600358e+11   1.817633e+11   6.583424e+10   1.833134e+06   5.098252e-19   0.000000e+00   0.000000e+00
     1144000   1.143999e-05   1.460972e+01   9.547998e+00   3.145165e+01   1.190175e+06   6.250188e+05   1.246281e+06  -1.705685e+11   1.919817e+11   6.661006e+10   1.833134e+06   5.697575e-19   0.000000e+00   0.000000e+00
     1152000   1.151999e-05   1.470438e+01   9.598625e+00   3.155156e+01   1.176090e+06   6.407940e+05   1.251629e+06  -1.816858e+11   2.024626e+11   6.706696e+10   1.833134e+06   6.354152e-19   0.000000e+00   0.000000e+00
     1160000   1.159999e-05   1.479787e+01   9.650548e+00   3.165191e+01   1.161104e+06   6.574050e+05   1.256995e+06  -1.931120e+11   2.127700e+11   6.710277e+10   1.833134e+06   7.047645e-19   0.000000e+00   0.000000e+00
     1168000   1.167999e-05   1.489013e+01   9.703831e+00   3.175268e+01   1.145203e+06   6.748073e+05   1.262350e+06  -2.046140e+11   2.225197e+11   6.667541e+10   1.833134e+06   7.756851e-19   0.000000e+00   0.000000e+00
     1176000   1.175999e-05   1.498108e+01   9.758538e+00   3.185388e+01   1.128342e+06   6.930160e+05   1.267657e+06  -2.169480e+11   2.326969e+11   6.589308e+10   1.833134e+06   8.544344e-19   0.000000e+00   0.000000e+00
     1184000   1.183999e-05   1.507064e+01   9.814734e+00   3.195550e+01   1.110488e+06   7.120047e+05   1.272889e+06  -2.295802e+11   2.421465e+11   6.484283e+10   1.833134e+06   9.353033e-19   0.000000e+00   0.000000e+00
     1192000   1.191999e-05   1.515873e+01   9.872479e+00   3.205754e+01   1.091599e+06   7.317509e+05   1.278019e+06  -2.428793e+11   2.516876e+11   6.334444e+10   1.833134e+06   1.022749e-18   0.000000e+00   0.000000e+00
     1200000   1.199999e-05   1.524527e+01   9.931835e+00   3.215998e+01   1.071620e+06   7.522546e+05   1.283014e+06  -2.563956e+11   2.604576e+11   6.144096e+10   1.833134e+06   1.111810e-18   0.000000e+00   0.000000e+00
     1208000   1.207999e-05   1.533016e+01   9.992858e+00   3.226282e+01   1.050549e+06   7.734367e+05   1.287837e+06  -2.704891e+11   2.691168e+11   5.902828e+10   1.833134e+06   1.206685e-18   0.000000e+00   0.000000e+00
     1216000   1.215999e-05   1.541332e+01   1.005560e+01   3.236603e+01   1.028331e+06   7.952867e+05   1.292454e+06  -2.847683e+11   2.767831e+11   5.626172e+10   1.833134e+06   1.302160e-18   0.000000e+00   0.000000e+00
     1224000   1.223999e-05   1.549466e+01   1.012012e+01   3.246961e+01   1.004953e+06   8.177396e+05   1.296825e+06  -2.997124e+11   2.843319e+11   5.296707e+10   1.833134e+06   1.404236e-18   0.000000e+00   0.000000e+00
     1232000   1.231999e-05   1.557408e+01   1.018646e+01   3.257352e+01   9.803537e+05   8.407693e+05   1.300921e+06  -3.152665e+11   2.913367e+11   4.929398e+10   1.833135e+06   1.511265e-18   0.000000e+00   0.000000e+00
     1240000   1.239999e-05   1.565149e+01   1.025466e+01   3.267774e+01   9.545172e+05   8.643003e+05   1.304708e+06  -3.303980e+11   2.964942e+11   4.530706e+10   1.833135e+06   1.611839e-18   0.000000e+00   0.000000e+00
     1248000   1.247999e-05   1.572677e+01   1.032476e+01   3.278226e+01   9.274041e+05   8.882651e+05   1.308162e+06  -3.472457e+11   3.022517e+11   4.094259e+10   1.833135e+06   1.729110e-18   0.000000e+00   0.000000e+00
     1256000   1.255999e-05   1.579983e+01   1.039679e+01   3.288704e+01   8.989043e+05   9.126877e+05   1.311242e+06  -3.653725e+11   3.081355e+11   3.600078e+10   1.833135e+06   1.859664e-18   0.000000e+00   0.000000e+00
     1264000   1.263999e-05   1.587056e+01   1.047079e+01   3.299205e+01   8.691133e+05   9.373625e+05   1.313917e+06  -3.808917e+11   3.100198e+11   3.077783e+10   1.833135e+06   1.960019e-18   0.000000e+00   0.000000e+00
     1272000   1.271999e-05   1.593886e+01   1.054677e+01   3.309726e+01   8.379420e+05   9.622667e+05   1.316161e+06  -3.991204e+11   3.130174e+11   2.525236e+10   1.833135e+06   2.087724e-18   0.000000e+00   0.000000e+00
     1280000   1.279999e-05   1.600460e+01   1.062476e+01   3.320262e+01   8.053679e+05   9.873020e+05   1.317953e+06  -4.159716e+11   3.132940e+11   1.949772e+10   1.833135e+06   2.198229e-18   0.000000e+00   0.000000e+00
     1288000   1.287999e-05   1.606768e+01   1.070474e+01   3.330812e+01   7.714289e+05   1.012315e+06   1.319280e+06  -4.335838e+11   3.126949e+11   1.359533e+10   1.833135e+06   2.314726e-18   0.000000e+00   0.000000e+00
     1296000   1.295999e-05   1.612799e+01   1.078673e+01   3.341370e+01   7.360202e+05   1.037268e+06   1.320126e+06  -4.516042e+11   3.108327e+11   7.556787e+09   1.833135e+06   2.433416e-18   0.000000e+00   0.000000e+00
     1304000   1.303999e-05   1.618540e+01   1.087070e+01   3.351932e+01   6.992042e+05   1.061987e+06   1.320485e+06  -4.684136e+11   3.066416e+11   1.416544e+09   1.833135e+06   2.537208e-18   0.000000e+00   0.000000e+00
     1312000   1.311999e-05   1.623982e+01   1.095663e+01   3.362496e+01   6.609823e+05   1.086349e+06   1.320353e+06  -4.869186e+11   3.020012e+11  -4.719098e+09   1.833135e+06   2.657611e-18   0.000000e+00   0.000000e+00
     1320000   1.319999e-05   1.629112e+01   1.104450e+01   3.373057e+01   6.212975e+05   1.110254e+06   1.319739e+06  -5.048051e+11   2.951551e+11  -1.065329e+10   1.833135e+06   2.768846e-18   0.000000e+00   0.000000e+00
     1328000   1.327999e-05   1.633919e+01   1.113426e+01   3.383611e+01   5.802812e+05   1.133491e+06   1.318657e+06  -5.217462e+11   2.860577e+11  -1.628981e+10   1.833135e+06   2.868049e-18   0.000000e+00   0.000000e+00
     1336000   1.335999e-05   1.638393e+01   1.122584e+01   3.394154e+01   5.378312e+05   1.155968e+06   1.317141e+06  -5.397955e+11   2.756731e+11  -2.152136e+10   1.833135e+06   2.977525e-18   0.000000e+00   0.000000e+00
     1344000   1.343999e-05   1.642521e+01   1.131919e+01   3.404684e+01   4.939804e+05   1.177520e+06   1.315225e+06  -5.561168e+11   2.626390e+11  -2.626777e+10   1.833135e+06   3.067356e-18   0.000000e+00   0.000000e+00
     1352000   1.351999e-05   1.646293e+01   1.141421e+01   3.415197e+01   4.488746e+05   1.197937e+06   1.312952e+06  -5.717344e+11   2.476027e+11  -3.044395e+10   1.833135e+06   3.149751e-18   0.000000e+00   0.000000e+00
     1360000   1.359999e-05   1.649700e+01   1.151082e+01   3.425690e+01   4.025340e+05   1.217075e+06   1.310375e+06  -5.875459e+11   2.307879e+11  -3.386429e+10   1.833136e+06   3.234794e-18   0.000000e+00   0.000000e+00
     1368000   1.367999e-05   1.652731e+01   1.160891e+01   3.436162e+01   3.549958e+05   1.234761e+06   1.307566e+06  -6.007883e+11   2.110228e+11  -3.615984e+10   1.833136e+06   3.292796e-18   0.000000e+00   0.000000e+00
     1376000   1.375999e-05   1.655377e+01   1.170834e+01   3.446611e+01   3.063957e+05   1.250797e+06   1.304613e+06  -6.133471e+11   1.893320e+11  -3.747080e+10   1.833136e+06   3.346713e-18   0.000000e+00   0.000000e+00
     1384000   1.383999e-05   1.657631e+01   1.180898e+01   3.457036e+01   2.569068e+05   1.264993e+06   1.301606e+06  -6.237893e+11   1.652232e+11  -3.745083e+10   1.833136e+06   3.382078e-18   0.000000e+00   0.000000e+00
     1392000   1.391999e-05   1.659485e+01   1.191069e+01   3.467437e+01   2.066148e+05   1.277183e+06   1.298654e+06  -6.336615e+11   1.393179e+11  -3.619618e+10   1.833136e+06   3.417958e-18   0.000000e+00   0.000000e+00
     1400000   1.399999e-05   1.660934e+01   1.201328e+01   3.477815e+01   1.555846e+05   1.287213e+06   1.295864e+06  -6.415553e+11   1.110551e+11  -3.328372e+10   1.833136e+06   3.440525e-18   0.000000e+00   0.000000e+00
     1408000   1.407999e-05   1.661973e+01   1.211658e+01   3.488171e+01   1.039908e+05   1.294902e+06   1.293369e+06  -6.476022e+11   8.082601e+10  -2.884932e+10   1.833136e+06   3.454447e-18   0.000000e+00   0.000000e+00
     1416000   1.415999e-05   1.662598e+01   1.222039e+01   3.498510e+01   5.208486e+04   1.300095e+06   1.291289e+06  -6.503499e+11   4.872819e+10  -2.282498e+10   1.833136e+06   3.447134e-18   0.000000e+00   0.000000e+00
     1424000   1.423999e-05   1.662806e+01   1.232452e+01   3.508833e+01   2.085707e+01   1.302651e+06   1.289763e+06  -6.512936e+11   1.487139e+10  -1.500616e+10   1.833136e+06   3.437254e-18   0.000000e+00   0.000000e+00
     1432000   1.431999e-05   1.662598e+01   1.242874e+01   3.519148e+01  -5.202195e+04   1.302438e+06   1.288929e+06  -6.487490e+11  -2.043254e+10  -5.533949e+09   1.833136e+06   3.410495e-18   0.000000e+00   0.000000e+00
     1440000   1.439999e-05   1.661974e+01   1.253283e+01   3.529459e+01  -1.038010e+05   1.299328e+06   1.288939e+06  -6.440729e+11  -5.736806e+10   5.965138e+09   1.833136e+06   3.384861e-18   0.000000e+00   0.000000e+00
     1448000   1.447999e-05   1.660939e+01   1.263656e+01   3.539773e+01  -1.550327e+05   1.293224e+06   1.289933e+06  -6.357784e+11  -9.523810e+10   1.907221e+10   1.833137e+06   3.348368e-18   0.000000e+00   0.000000e+00
     1456000   1.455999e-05   1.659496e+01   1.273967e+01   3.550100e+01  -2.054448e+05   1.284065e+06   1.292036e+06  -6.240484e+11  -1.338862e+11   3.383436e+10   1.833137e+06   3.306746e-18   0.000000e+00   0.000000e+00
     1464000   1.463999e-05   1.657654e+01   1.284192e+01   3.560449e+01  -2.548711e+05   1.271792e+06   1.295367e+06  -6.097935e+11  -1.730795e+11   4.995214e+10   1.833137e+06   3.272696e-18   0.000000e+00   0.000000e+00
     1472000   1.471999e-05   1.655422e+01   1.294307e+01   3.570830e+01  -3.029521e+05   1.256379e+06   1.300048e+06  -5.912719e+11  -2.124230e+11   6.750572e+10   1.833137e+06   3.232085e-18   0.000000e+00   0.000000e+00
     1480000   1.479999e-05   1.652811e+01   1.304286e+01   3.581254e+01  -3.494073e+05   1.237822e+06   1.306179e+06  -5.691870e+11  -2.516095e+11   8.618539e+10   1.833137e+06   3.195060e-18   0.000000e+00   0.000000e+00
     1488000   1.487999e-05   1.649836e+01   1.314104e+01   3.591733e+01  -3.939954e+05   1.216135e+06   1.313840e+06  -5.445650e+11  -2.903178e+11   1.054263e+11   1.833137e+06   3.172729e-18   0.000000e+00   0.000000e+00
     1496000   1.495999e-05   1.646513e+01   1.323736e+01   3.602279e+01  -4.364193e+05   1.191395e+06   1.323067e+06  -5.152741e+11  -3.282100e+11   1.255841e+11   1.833137e+06   3.148850e-18   0.000000e+00   0.000000e+00
     1504000   1.503999e-05   1.642860e+01   1.333158e+01   3.612906e+01  -4.763829e+05   1.163670e+06   1.333913e+06  -4.824228e+11  -3.646763e+11   1.458480e+11   1.833137e+06   3.132594e-18   0.000000e+00   0.000000e+00
     1512000   1.511999e-05   1.638898e+01   1.342347e+01   3.623626e+01  -5.135759e+05   1.133084e+06   1.346385e+06  -4.471019e+11  -3.997398e+11   1.658677e+11   1.833137e+06   3.134307e-18   0.000000e+00   0.000000e+00
     1520000   1.519999e-05   1.634650e+01   1.351280e+01   3.634453e+01  -5.478689e+05   1.099747e+06   1.360437e+06  -4.099717e+11  -4.336920e+11   1.854877e+11   1.833137e+06   3.161560e-18   0.000000e+00   0.000000e+00
     1528000   1.527999e-05   1.630140e+01   1.359936e+01   3.645397e+01  -5.790915e+05   1.063765e+06   1.376027e+06  -3.699409e+11  -4.654329e+11   2.041280e+11   1.833137e+06   3.198642e-18   0.000000e+00   0.000000e+00
     1536000   1.535999e-05   1.625394e+01   1.368294e+01   3.656473e+01  -6.069887e+05   1.025331e+06   1.393074e+06  -3.273561e+11  -4.949963e+11   2.216950e+11   1.833138e+06   3.248663e-18   0.000000e+00   0.000000e+00
     1544000   1.543999e-05   1.620438e+01   1.376335e+01   3.667690e+01  -6.313571e+05   9.846176e+05   1.411492e+06  -2.817050e+11  -5.221532e+11   2.382365e+11   1.833138e+06   3.308776e-18   0.000000e+00   0.000000e+00
     1552000   1.551999e-05   1.615302e+01   1.384042e+01   3.679060e+01  -6.520553e+05   9.418401e+05   1.431138e+06  -2.356254e+11  -5.470705e+11   2.526776e+11   1.833138e+06   3.388856e-18   0.000000e+00   0.000000e+00
     1560000   1.559999e-05   1.610015e+01   1.391400e+01   3.690591e+01  -6.689617e+05   8.972003e+05   1.451866e+06  -1.872269e+11  -5.688849e+11   2.652864e+11   1.833138e+06   3.473117e-18   0.000000e+00   0.000000e+00
     1568000   1.567999e-05   1.604609e+01   1.398393e+01   3.702292e+01  -6.820468e+05   8.508737e+05   1.473506e+06  -1.386875e+11  -5.879196e+11   2.753014e+11   1.833138e+06   3.567127e-18   0.000000e+00   0.000000e+00
     1576000   1.575999e-05   1.599113e+01   1.405010e+01   3.714169e+01  -6.911806e+05   8.031324e+05   1.495875e+06  -8.988062e+10  -6.048512e+11   2.832164e+11   1.833138e+06   3.676084e-18   0.000000e+00   0.000000e+00
     1584000   1.583999e-05   1.593560e+01   1.411240e+01   3.726228e+01  -6.964039e+05   7.541673e+05   1.518765e+06  -4.086407e+10  -6.191064e+11   2.886928e+11   1.833138e+06   3.790795e-18   0.000000e+00   0.000000e+00
     1592000   1.591999e-05   1.587981e+01   1.417074e+01   3.738471e+01  -6.977383e+05   7.041608e+05   1.541984e+06   7.198236e+09  -6.306329e+11   2.912445e+11   1.833138e+06   3.906282e-18   0.000000e+00   0.000000e+00
     1600000   1.599999e-05   1.582406e+01   1.422504e+01   3.750900e+01  -6.952498e+05   6.533208e+05   1.565310e+06   5.489557e+10  -6.399818e+11   2.914978e+11   1.833138e+06   4.027608e-18   0.000000e+00   0.000000e+00
     1608000   1.607999e-05   1.576867e+01   1.427525e+01   3.763515e+01  -6.889946e+05   6.018681e+05   1.588533e+06   1.010823e+11  -6.462607e+11   2.887028e+11   1.833138e+06   4.138171e-18   0.000000e+00   0.000000e+00
     1616000   1.615999e-05   1.571392e+01   1.432133e+01   3.776315e+01  -6.790925e+05   5.499817e+05   1.611444e+06   1.463397e+11  -6.505194e+11   2.836942e+11   1.833139e+06   4.250311e-18   0.000000e+00   0.000000e+00
     1624000   1.623999e-05   1.566011e+01   1.436324e+01   3.789297e+01  -6.656471e+05   4.978358e+05   1.633851e+06   1.895141e+11  -6.528506e+11   2.761373e+11   1.833139e+06   4.358038e-18   0.000000e+00   0.000000e+00
     1632000   1.631999e-05   1.560751e+01   1.440098e+01   3.802455e+01  -6.487738e+05   4.456391e+05   1.655565e+06   2.314875e+11  -6.525026e+11   2.663557e+11   1.833139e+06   4.454451e-18   0.000000e+00   0.000000e+00
     1640000   1.639999e-05   1.555639e+01   1.443455e+01   3.815784e+01  -6.286678e+05   3.935015e+05   1.676404e+06   2.708280e+11  -6.505836e+11   2.542776e+11   1.833139e+06   4.543271e-18   0.000000e+00   0.000000e+00
     1648000   1.647999e-05   1.550701e+01   1.446395e+01   3.829275e+01  -6.055103e+05   3.415899e+05   1.696193e+06   3.077672e+11  -6.469470e+11   2.401568e+11   1.833139e+06   4.621568e-18   0.000000e+00   0.000000e+00
     1656000   1.655999e-05   1.545959e+01   1.448921e+01   3.842920e+01  -5.794947e+05   2.900472e+05   1.714776e+06   3.422331e+11  -6.417312e+11   2.242044e+11   1.833139e+06   4.688544e-18   0.000000e+00   0.000000e+00
     1664000   1.663999e-05   1.541436e+01   1.451037e+01   3.856708e+01  -5.508029e+05   2.389643e+05   1.732025e+06   3.746556e+11  -6.351939e+11   2.067844e+11   1.833139e+06   4.748348e-18   0.000000e+00   0.000000e+00
     1672000   1.671999e-05   1.537152e+01   1.452746e+01   3.870628e+01  -5.196124e+05   1.884578e+05   1.747823e+06   4.046916e+11  -6.273847e+11   1.879619e+11   1.833139e+06   4.797880e-18   0.000000e+00   0.000000e+00
     1680000   1.679999e-05   1.533128e+01   1.454054e+01   3.884669e+01  -4.861324e+05   1.386139e+05   1.762062e+06   4.319527e+11  -6.183492e+11   1.678170e+11   1.833140e+06   4.833376e-18   0.000000e+00   0.000000e+00
     1688000   1.687999e-05   1.529380e+01   1.454966e+01   3.898817e+01  -4.505705e+05   8.954876e+04   1.774646e+06   4.565447e+11  -6.081623e+11   1.466049e+11   1.833140e+06   4.855119e-18   0.000000e+00   0.000000e+00
     1696000   1.695999e-05   1.525924e+01   1.455489e+01   3.913058e+01  -4.131348e+05   4.132430e+04   1.785501e+06   4.791363e+11  -5.972524e+11   1.246905e+11   1.833140e+06   4.871654e-18   0.000000e+00   0.000000e+00
     1704000   1.703999e-05   1.522774e+01   1.455630e+01   3.927380e+01  -3.739861e+05  -5.998972e+03   1.794575e+06   4.992190e+11  -5.857193e+11   1.020817e+11   1.833140e+06   4.878760e-18   0.000000e+00   0.000000e+00
     1712000   1.711999e-05   1.519944e+01   1.455396e+01   3.941767e+01  -3.333302e+05  -5.236235e+04   1.801819e+06   5.167944e+11  -5.734266e+11   7.894424e+10   1.833140e+06   4.874062e-18   0.000000e+00   0.000000e+00
     1720000   1.719999e-05   1.517445e+01   1.454795e+01   3.956204e+01  -2.913372e+05  -9.772858e+04   1.807201e+06   5.326834e+11  -5.606304e+11   5.555935e+10   1.833140e+06   4.866116e-18   0.000000e+00   0.000000e+00
     1728000   1.727999e-05   1.515286e+01   1.453835e+01   3.970677e+01  -2.481613e+05  -1.420383e+05   1.810703e+06   5.461959e+11  -5.470598e+11   3.194739e+10   1.833140e+06   4.845721e-18   0.000000e+00   0.000000e+00
     1736000   1.735999e-05   1.513477e+01   1.452525e+01   3.985170e+01  -2.040103e+05  -1.852447e+05   1.812310e+06   5.573661e+11  -5.330912e+11   8.255791e+09   1.833140e+06   4.815660e-18   0.000000e+00   0.000000e+00
     1744000   1.743999e-05   1.512024e+01   1.450874e+01   3.999669e+01  -1.590373e+05  -2.273188e+05   1.812026e+06   5.666667e+11  -5.187353e+11  -1.533710e+10   1.833141e+06   4.779408e-18   0.000000e+00   0.000000e+00
     1752000   1.751999e-05   1.510934e+01   1.448891e+01   4.014158e+01  -1.133971e+05  -2.682380e+05   1.809860e+06   5.739939e+11  -5.042042e+11  -3.876082e+10   1.833141e+06   4.736998e-18   0.000000e+00   0.000000e+00
     1760000   1.759999e-05   1.510211e+01   1.446585e+01   4.028622e+01  -6.720846e+04  -3.079996e+05   1.805831e+06   5.805444e+11  -4.898734e+11  -6.194242e+10   1.833141e+06   4.701797e-18   0.000000e+00   0.000000e+00
     1768000   1.767999e-05   1.509860e+01   1.443966e+01   4.043046e+01  -2.060092e+04  -3.465969e+05   1.799959e+06   5.844382e+11  -4.749029e+11  -8.475425e+10   1.833141e+06   4.648692e-18   0.000000e+00   0.000000e+00
     1776000   1.775999e-05   1.509882e+01   1.441043e+01   4.057416e+01   2.630085e+04  -3.840085e+05   1.792276e+06   5.877570e+11  -4.603773e+11  -1.072612e+11   1.833141e+06   4.605196e-18   0.000000e+00   0.000000e+00
     1784000   1.783999e-05   1.510281e+01   1.437825e+01   4.071718e+01   7.337322e+04  -4.202316e+05   1.782815e+06   5.889970e+11  -4.451187e+11  -1.291575e+11   1.833141e+06   4.547071e-18   0.000000e+00   0.000000e+00
     1792000   1.791999e-05   1.511056e+01   1.434322e+01   4.085937e+01   1.205016e+05  -4.552413e+05   1.771621e+06   5.889554e+11  -4.300891e+11  -1.505733e+11   1.833141e+06   4.488689e-18   0.000000e+00   0.000000e+00
     1800000   1.799999e-05   1.512209e+01   1.430544e+01   4.100059e+01   1.675845e+05  -4.890378e+05   1.758740e+06   5.878134e+11  -4.148866e+11  -1.713717e+11   1.833141e+06   4.428031e-18   0.000000e+00   0.000000e+00
     1808000   1.807999e-05   1.513737e+01   1.426501e+01   4.114072e+01   2.145304e+05  -5.216328e+05   1.744214e+06   5.858040e+11  -4.000080e+11  -1.916763e+11   1.833142e+06   4.370467e-18   0.000000e+00   0.000000e+00
     1816000   1.815999e-05   1.515641e+01   1.422201e+01   4.127962e+01   2.612822e+05  -5.530553e+05   1.728083e+06   5.827553e+11  -3.856337e+11  -2.115264e+11   1.833142e+06   4.315003e-18   0.000000e+00   0.000000e+00
     1824000   1.823999e-05   1.517917e+01   1.417655e+01   4.141717e+01   3.077538e+05  -5.833123e+05   1.710393e+06   5.784069e+11  -3.708017e+11  -2.305288e+11   1.833142e+06   4.251309e-18   0.000000e+00   0.000000e+00
     1832000   1.831999e-05   1.520564e+01   1.412872e+01   4.155325e+01   3.538615e+05  -6.124036e+05   1.691199e+06   5.742347e+11  -3.563291e+11  -2.491792e+11   1.833142e+06   4.199619e-18   0.000000e+00   0.000000e+00
     1840000   1.839999e-05   1.523578e+01   1.407860e+01   4.168773e+01   3.995734e+05  -6.403280e+05   1.670548e+06   5.684371e+11  -3.418420e+11  -2.669892e+11   1.833142e+06   4.138534e-18   0.000000e+00   0.000000e+00
     1848000   1.847999e-05   1.526956e+01   1.402629e+01   4.182050e+01   4.447933e+05  -6.670730e+05   1.648509e+06   5.618531e+11  -3.272348e+11  -2.840099e+11   1.833142e+06   4.075097e-18   0.000000e+00   0.000000e+00
     1856000   1.855999e-05   1.530693e+01   1.397190e+01   4.195145e+01   4.894567e+05  -6.926757e+05   1.625129e+06   5.547191e+11  -3.125765e+11  -3.002963e+11   1.833142e+06   4.011732e-18   0.000000e+00   0.000000e+00
     1864000   1.863999e-05   1.534785e+01   1.391550e+01   4.208048e+01   5.335258e+05  -7.171274e+05   1.600465e+06   5.466623e+11  -2.989759e+11  -3.161939e+11   1.833142e+06   3.951910e-18   0.000000e+00   0.000000e+00
     1872000   1.871999e-05   1.539228e+01   1.385719e+01   4.220749e+01   5.769175e+05  -7.404904e+05   1.574564e+06   5.392034e+11  -2.842992e+11  -3.312612e+11   1.833142e+06   3.896019e-18   0.000000e+00   0.000000e+00
     1880000   1.879999e-05   1.544015e+01   1.379705e+01   4.233238e+01   6.197053e+05  -7.626979e+05   1.547472e+06   5.304176e+11  -2.707894e+11  -3.458728e+11   1.833143e+06   3.839335e-18   0.000000e+00   0.000000e+00
     1888000   1.887999e-05   1.549141e+01   1.373518e+01   4.245506e+01   6.618185e+05  -7.838091e+05   1.519227e+06   5.223434e+11  -2.571153e+11  -3.601971e+11   1.833143e+06   3.793965e-18   0.000000e+00   0.000000e+00
     1896000   1.895999e-05   1.554602e+01   1.367167e+01   4.257543e+01   7.032348e+05  -8.038190e+05   1.489882e+06   5.130050e+11  -2.434070e+11  -3.734615e+11   1.833143e+06   3.738936e-18   0.000000e+00   0.000000e+00
     1904000   1.903999e-05   1.560391e+01   1.360660e+01   4.269341e+01   7.439029e+05  -8.227814e+05   1.459470e+06   5.032973e+11  -2.305858e+11  -3.865249e+11   1.833143e+06   3.690245e-18   0.000000e+00   0.000000e+00
     1912000   1.911999e-05   1.566502e+01   1.354005e+01   4.280892e+01   7.837823e+05  -8.406897e+05   1.428054e+06   4.934687e+11  -2.174711e+11  -3.988596e+11   1.833143e+06   3.641795e-18   0.000000e+00   0.000000e+00
     1920000   1.919999e-05   1.572929e+01   1.347212e+01   4.292187e+01   8.228458e+05  -8.575745e+05   1.395673e+06   4.834777e+11  -2.042727e+11  -4.105561e+11   1.833143e+06   3.594362e-18   0.000000e+00   0.000000e+00
     1928000   1.927999e-05   1.579666e+01   1.340287e+01   4.303220e+01   8.611101e+05  -8.733991e+05   1.362379e+06   4.727065e+11  -1.916067e+11  -4.216133e+11   1.833143e+06   3.544887e-18   0.000000e+00   0.000000e+00
     1936000   1.935999e-05   1.586705e+01   1.333240e+01   4.313983e+01   8.984974e+05  -8.882253e+05   1.328221e+06   4.614502e+11  -1.795668e+11  -4.322345e+11   1.833143e+06   3.497006e-18   0.000000e+00   0.000000e+00
     1944000   1.943999e-05   1.594039e+01   1.326078e+01   4.324469e+01   9.349524e+05  -9.021023e+05   1.293248e+06   4.504796e+11  -1.666975e+11  -4.419501e+11   1.833143e+06   3.448700e-18   0.000000e+00   0.000000e+00
     1952000   1.951999e-05   1.601662e+01   1.318809e+01   4.334673e+01   9.705246e+05  -9.149627e+05   1.257513e+06   4.384451e+11  -1.552978e+11  -4.513743e+11   1.833143e+06   3.400541e-18   0.000000e+00   0.000000e+00
     1960000   1.959999e-05   1.609565e+01   1.311441e+01   4.344588e+01   1.005182e+06  -9.268570e+05   1.221049e+06   4.281793e+11  -1.418293e+11  -4.601370e+11   1.833144e+06   3.360786e-18   0.000000e+00   0.000000e+00
     1968000   1.967999e-05   1.617742e+01   1.303982e+01   4.354208e+01   1.038930e+06  -9.377756e+05   1.183899e+06   4.158449e+11  -1.307859e+11  -4.685178e+11   1.833144e+06   3.315146e-18   0.000000e+00   0.000000e+00
     1976000   1.975999e-05   1.626185e+01   1.296439e+01   4.363528e+01   1.071729e+06  -9.477719e+05   1.146098e+06   4.038652e+11  -1.194153e+11  -4.764068e+11   1.833144e+06   3.272970e-18   0.000000e+00   0.000000e+00
     1984000   1.983999e-05   1.634887e+01   1.288820e+01   4.372544e+01   1.103603e+06  -9.568341e+05   1.107675e+06   3.930446e+11  -1.069962e+11  -4.840218e+11   1.833144e+06   3.239609e-18   0.000000e+00   0.000000e+00
     1992000   1.991999e-05   1.643841e+01   1.281132e+01   4.381250e+01   1.134558e+06  -9.649620e+05   1.068664e+06   3.808492e+11  -9.612108e+10  -4.911224e+11   1.833144e+06   3.201380e-18   0.000000e+00   0.000000e+00
     2000000   1.999999e-05   1.653038e+01   1.273383e+01   4.389641e+01   1.164546e+06  -9.722069e+05   1.029107e+06   3.684284e+11  -8.556756e+10  -4.977493e+11   1.833144e+06   3.163571e-18   0.000000e+00   0.000000e+00
     2008000   2.007999e-05   1.662471e+01   1.265579e+01   4.397714e+01   1.193548e+06  -9.786007e+05   9.890399e+05   3.563391e+11  -7.481015e+10  -5.040376e+11   1.833144e+06   3.129672e-18   0.000000e+00   0.000000e+00
     2016000   2.015999e-05   1.672132e+01   1.257728e+01   4.405464e+01   1.221567e+06  -9.841552e+05   9.484889e+05   3.439617e+11  -6.424669e+10  -5.096496e+11   1.833144e+06   3.093667e-18   0.000000e+00   0.000000e+00
     2024000   2.023999e-05   1.682013e+01   1.249835e+01   4.412889e+01   1.248575e+06  -9.888966e+05   9.075029e+05   3.313276e+11  -5.425128e+10  -5.149653e+11   1.833144e+06   3.059106e-18   0.000000e+00   0.000000e+00
     2032000   2.031999e-05   1.692106e+01   1.241908e+01   4.419983e+01   1.274632e+06  -9.927745e+05   8.661007e+05   3.202226e+11  -4.252216e+10  -5.200054e+11   1.833144e+06   3.033573e-18   0.000000e+00   0.000000e+00
     2040000   2.039999e-05   1.702405e+01   1.233953e+01   4.426745e+01   1.299748e+06  -9.957807e+05   8.243149e+05   3.079708e+11  -3.233576e+10  -5.246538e+11   1.833144e+06   3.004408e-18   0.000000e+00   0.000000e+00
     2048000   2.047999e-05   1.712900e+01   1.225977e+01   4.433171e+01   1.323874e+06  -9.979886e+05   7.821735e+05   2.951970e+11  -2.279464e+10  -5.287174e+11   1.833144e+06   2.972432e-18   0.000000e+00   0.000000e+00
     2056000   2.055999e-05   1.723584e+01   1.217987e+01   4.439259e+01   1.346988e+06  -9.994235e+05   7.397257e+05   2.825684e+11  -1.325856e+10  -5.324456e+11   1.833145e+06   2.942611e-18   0.000000e+00   0.000000e+00
     2064000   2.063999e-05   1.734449e+01   1.209989e+01   4.445006e+01   1.369085e+06  -1.000112e+06   6.969943e+05   2.702126e+11  -3.552331e+09  -5.358625e+11   1.833145e+06   2.915551e-18   0.000000e+00   0.000000e+00
     2072000   2.071999e-05   1.745487e+01   1.201987e+01   4.450410e+01   1.390180e+06  -1.000045e+06   6.540094e+05   2.570183e+11   5.025571e+09  -5.386353e+11   1.833145e+06   2.883460e-18   0.000000e+00   0.000000e+00
     2080000   2.079999e-05   1.756689e+01   1.193990e+01   4.455470e+01   1.410233e+06  -9.992867e+05   6.108107e+05   2.440143e+11   1.351919e+10  -5.412541e+11   1.833145e+06   2.854886e-18   0.000000e+00   0.000000e+00
     2088000   2.087999e-05   1.768048e+01   1.186001e+01   4.460183e+01   1.429275e+06  -9.978126e+05   5.674172e+05   2.322171e+11   2.358621e+10  -5.434520e+11   1.833145e+06   2.831731e-18   0.000000e+00   0.000000e+00
     2096000   2.095999e-05   1.779555e+01   1.178027e+01   4.464548e+01   1.447312e+06  -9.956287e+05   5.238630e+05   2.189175e+11   3.130326e+10  -5.453183e+11   1.833145e+06   2.803040e-18   0.000000e+00   0.000000e+00
     2104000   2.103999e-05   1.791202e+01   1.170073e+01   4.468564e+01   1.464331e+06  -9.927655e+05   4.801787e+05   2.059604e+11   3.934840e+10  -5.467278e+11   1.833145e+06   2.775538e-18   0.000000e+00   0.000000e+00
     2112000   2.111999e-05   1.802981e+01   1.162144e+01   4.472231e+01   1.480309e+06  -9.892772e+05   4.363899e+05   1.934472e+11   4.780108e+10  -5.478353e+11   1.833145e+06   2.750856e-18   0.000000e+00   0.000000e+00
     2120000   2.119999e-05   1.814884e+01   1.154246e+01   4.475546e+01   1.495306e+06  -9.850889e+05   3.925318e+05   1.809256e+11   5.604070e+10  -5.485685e+11   1.833145e+06   2.726344e-18   0.000000e+00   0.000000e+00
     2128000   2.127999e-05   1.826903e+01   1.146384e+01   4.478511e+01   1.509294e+06  -9.802615e+05   3.486264e+05   1.691306e+11   6.514946e+10  -5.490145e+11   1.833145e+06   2.705820e-18   0.000000e+00   0.000000e+00
     2136000   2.135999e-05   1.839030e+01   1.138564e+01   4.481124e+01   1.522278e+06  -9.748064e+05   3.047034e+05   1.555619e+11   7.132491e+10  -5.489838e+11   1.833145e+06   2.676707e-18   0.000000e+00   0.000000e+00
     2144000   2.143999e-05   1.851257e+01   1.130789e+01   4.483386e+01   1.534250e+06  -9.687571e+05   2.607828e+05   1.435988e+11   7.966619e+10  -5.488710e+11   1.833145e+06   2.656929e-18   0.000000e+00   0.000000e+00
     2152000   2.151999e-05   1.863576e+01   1.123065e+01   4.485297e+01   1.545202e+06  -9.621504e+05   2.168895e+05   1.305108e+11   8.598133e+10  -5.483682e+11   1.833145e+06   2.631891e-18   0.000000e+00   0.000000e+00
     2160000   2.159999e-05   1.875978e+01   1.115396e+01   4.486857e+01   1.555131e+06  -9.550088e+05   1.730516e+05   1.176276e+11   9.233228e+10  -5.474959e+11   1.833145e+06   2.607443e-18   0.000000e+00   0.000000e+00
     2168000   2.167999e-05   1.888455e+01   1.107786e+01   4.488066e+01   1.564016e+06  -9.473961e+05   1.292998e+05   1.038583e+11   9.690013e+10  -5.462503e+11   1.833146e+06   2.578725e-18   0.000000e+00   0.000000e+00
     2176000   2.175999e-05   1.900999e+01   1.100239e+01   4.488926e+01   1.571862e+06  -9.393267e+05   8.565463e+04   9.247883e+10   1.050704e+11  -5.448089e+11   1.833146e+06   2.561267e-18   0.000000e+00   0.000000e+00
     2184000   2.183999e-05   1.913602e+01   1.092758e+01   4.489437e+01   1.578772e+06  -9.306593e+05   4.213705e+04   8.115207e+10   1.130742e+11  -5.430823e+11   1.833146e+06   2.544276e-18   0.000000e+00   0.000000e+00
     2192000   2.191999e-05   1.926257e+01   1.085350e+01   4.489600e+01   1.584720e+06  -9.214574e+05  -1.230039e+03   6.762312e+10   1.170169e+11  -5.410082e+11   1.833146e+06   2.517125e-18   0.000000e+00   0.000000e+00
     2200000   2.199999e-05   1.938955e+01   1.078016e+01   4.489418e+01   1.589654e+06  -9.118393e+05  -4.441641e+04   5.538463e+10   1.227874e+11  -5.386082e+11   1.833146e+06   2.495167e-18   0.000000e+00   0.000000e+00
     2208000   2.207999e-05   1.951689e+01   1.070762e+01   4.488890e+01   1.593662e+06  -9.016791e+05  -8.741332e+04   4.418217e+10   1.300566e+11  -5.360850e+11   1.833146e+06   2.479066e-18   0.000000e+00   0.000000e+00
     2216000   2.215999e-05   1.964451e+01   1.063590e+01   4.488020e+01   1.596694e+06  -8.910911e+05  -1.301900e+05   3.168446e+10   1.346740e+11  -5.332164e+11   1.833146e+06   2.456455e-18   0.000000e+00   0.000000e+00
     2224000   2.223999e-05   1.977233e+01   1.056505e+01   4.486808e+01   1.598761e+06  -8.800873e+05  -1.727220e+05   1.988337e+10   1.401382e+11  -5.300313e+11   1.833146e+06   2.436271e-18   0.000000e+00   0.000000e+00
     2232000   2.231999e-05   1.990029e+01   1.049510e+01   4.485257e+01   1.599892e+06  -8.686479e+05  -2.149923e+05   8.245561e+09   1.455562e+11  -5.267541e+11   1.833146e+06   2.418117e-18   0.000000e+00   0.000000e+00
     2240000   2.239999e-05   2.002829e+01   1.042608e+01   4.483369e+01   1.600071e+06  -8.568297e+05  -2.569860e+05  -3.671437e+09   1.500045e+11  -5.230084e+11   1.833146e+06   2.396488e-18   0.000000e+00   0.000000e+00
     2248000   2.247999e-05   2.015627e+01   1.035802e+01   4.481146e+01   1.599295e+06  -8.446745e+05  -2.986732e+05  -1.557912e+10   1.540509e+11  -5.191003e+11   1.833146e+06   2.375336e-18   0.000000e+00   0.000000e+00
     2256000   2.255999e-05   2.028415e+01   1.029094e+01   4.478591e+01   1.597570e+06  -8.322065e+05  -3.400392e+05  -2.718412e+10   1.582721e+11  -5.150774e+11   1.833146e+06   2.356348e-18   0.000000e+00   0.000000e+00
     2264000   2.263999e-05   2.041186e+01   1.022488e+01   4.475706e+01   1.594949e+06  -8.193551e+05  -3.810773e+05  -3.844504e+10   1.627297e+11  -5.107998e+11   1.833146e+06   2.338391e-18   0.000000e+00   0.000000e+00
     2272000   2.271999e-05   2.053932e+01   1.015985e+01   4.472494e+01   1.591420e+06  -8.061793e+05  -4.217624e+05  -4.972691e+10   1.666594e+11  -5.062012e+11   1.833146e+06   2.319063e-18   0.000000e+00   0.000000e+00
     2280000   2.279999e-05   2.066646e+01   1.009590e+01   4.468959e+01   1.587006e+06  -7.926714e+05  -4.620701e+05  -6.151909e+10   1.691687e+11  -5.015022e+11   1.833146e+06   2.298174e-18   0.000000e+00   0.000000e+00
     2288000   2.287999e-05   2.079322e+01   1.003303e+01   4.465102e+01   1.581709e+06  -7.788617e+05  -5.019934e+05  -7.146198e+10   1.749097e+11  -4.965510e+11   1.833147e+06   2.284866e-18   0.000000e+00   0.000000e+00
     2296000   2.295999e-05   2.091951e+01   9.971282e+00   4.460928e+01   1.575494e+06  -7.648595e+05  -5.415106e+05  -8.296440e+10   1.769760e+11  -4.913561e+11   1.833147e+06   2.263587e-18   0.000000e+00   0.000000e+00
     2304000   2.303999e-05   2.104527e+01   9.910662e+00   4.456439e+01   1.568423e+06  -7.505832e+05  -5.806046e+05  -9.339842e+10   1.806890e+11  -4.858953e+11   1.833147e+06   2.246035e-18   0.000000e+00   0.000000e+00
     2312000   2.311999e-05   2.117044e+01   9.851196e+00   4.451639e+01   1.560516e+06  -7.360310e+05  -6.192531e+05  -1.040790e+11   1.833425e+11  -4.802002e+11   1.833147e+06   2.226390e-18   0.000000e+00   0.000000e+00
     2320000   2.319999e-05   2.129493e+01   9.792902e+00   4.446532e+01   1.551765e+06  -7.212660e+05  -6.574409e+05  -1.135961e+11   1.882254e+11  -4.746246e+11   1.833147e+06   2.214751e-18   0.000000e+00   0.000000e+00
     2328000   2.327999e-05   2.141870e+01   9.735799e+00   4.441122e+01   1.542189e+06  -7.062706e+05  -6.951701e+05  -1.245382e+11   1.894229e+11  -4.687314e+11   1.833147e+06   2.194502e-18   0.000000e+00   0.000000e+00
     2336000   2.335999e-05   2.154166e+01   9.679907e+00   4.435411e+01   1.531826e+06  -6.910027e+05  -7.324286e+05  -1.347845e+11   1.916229e+11  -4.626814e+11   1.833147e+06   2.177183e-18   0.000000e+00   0.000000e+00
     2344000   2.343999e-05   2.166377e+01   9.625241e+00   4.429404e+01   1.520627e+06  -6.756152e+05  -7.691981e+05  -1.456925e+11   1.918713e+11  -4.565505e+11   1.833147e+06   2.157100e-18   0.000000e+00   0.000000e+00
     2352000   2.351999e-05   2.178494e+01   9.571809e+00   4.423105e+01   1.508594e+06  -6.601528e+05  -8.054623e+05  -1.552629e+11   1.942862e+11  -4.500395e+11   1.833147e+06   2.140181e-18   0.000000e+00   0.000000e+00
     2360000   2.359999e-05   2.190512e+01   9.519623e+00   4.416518e+01   1.495823e+06  -6.444585e+05  -8.411979e+05  -1.645628e+11   1.968418e+11  -4.434341e+11   1.833147e+06   2.124576e-18   0.000000e+00   0.000000e+00
     2368000   2.367999e-05   2.202425e+01   9.468699e+00   4.409647e+01   1.482294e+06  -6.286081e+05  -8.764046e+05  -1.738940e+11   1.989088e+11  -4.367849e+11   1.833147e+06   2.109386e-18   0.000000e+00   0.000000e+00
     2376000   2.375999e-05   2.214227e+01   9.419049e+00   4.402497e+01   1.468013e+06  -6.126196e+05  -9.110789e+05  -1.831142e+11   2.007810e+11  -4.300604e+11   1.833147e+06   2.094903e-18   0.000000e+00   0.000000e+00
     2384000   2.383999e-05   2.225912e+01   9.370684e+00   4.395072e+01   1.452994e+06  -5.965085e+05  -9.452063e+05  -1.923547e+11   2.017733e+11  -4.230318e+11   1.833147e+06   2.077685e-18   0.000000e+00   0.000000e+00
     2392000   2.391999e-05   2.237473e+01   9.323610e+00   4.387375e+01   1.437244e+06  -5.803241e+05  -9.787652e+05  -2.013638e+11   2.026594e+11  -4.158502e+11   1.833147e+06   2.060532e-18   0.000000e+00   0.000000e+00
     2400000   2.399999e-05   2.248906e+01   9.277835e+00   4.379413e+01   1.420802e+06  -5.640159e+05  -1.011749e+06  -2.099826e+11   2.045708e+11  -4.089231e+11   1.833147e+06   2.049283e-18   0.000000e+00   0.000000e+00
     2408000   2.407999e-05   2.260204e+01   9.233368e+00   4.371189e+01   1.403646e+06  -5.476710e+05  -1.044157e+06  -2.188494e+11   2.045955e+11  -4.015113e+11   1.833147e+06   2.031521e-18   0.000000e+00   0.000000e+00
     2416000   2.415999e-05   2.271362e+01   9.190209e+00   4.362708e+01   1.385791e+06  -5.312897e+05  -1.075985e+06  -2.274723e+11   2.050458e+11  -3.942156e+11   1.833147e+06   2.017174e-18   0.000000e+00   0.000000e+00
     2424000   2.423999e-05   2.282375e+01   9.148363e+00   4.353975e+01   1.367274e+06  -5.148308e+05  -1.107223e+06  -2.355712e+11   2.060050e+11  -3.866887e+11   1.833148e+06   2.003143e-18   0.000000e+00   0.000000e+00
     2432000   2.431999e-05   2.293237e+01   9.107836e+00   4.344994e+01   1.348105e+06  -4.983359e+05  -1.137850e+06  -2.437042e+11   2.062240e+11  -3.790571e+11   1.833148e+06   1.988122e-18   0.000000e+00   0.000000e+00
     2440000   2.439999e-05   2.303943e+01   9.068632e+00   4.335771e+01   1.328308e+06  -4.817707e+05  -1.167872e+06  -2.514378e+11   2.072748e+11  -3.714861e+11   1.833148e+06   1.976638e-18   0.000000e+00   0.000000e+00
     2448000   2.447999e-05   2.314488e+01   9.030753e+00   4.326310e+01   1.307865e+06  -4.652129e+05  -1.197287e+06  -2.595131e+11   2.068026e+11  -3.638376e+11   1.833148e+06   1.962930e-18   0.000000e+00   0.000000e+00
     2456000   2.455999e-05   2.324867e+01   8.994197e+00   4.316616e+01   1.286791e+06  -4.486743e+05  -1.226088e+06  -2.675381e+11   2.065560e+11  -3.563727e+11   1.833148e+06   1.952823e-18   0.000000e+00   0.000000e+00
     2464000   2.463999e-05   2.335075e+01   8.958964e+00   4.306694e+01   1.265096e+06  -4.321664e+05  -1.254270e+06  -2.749751e+11   2.059170e+11  -3.483003e+11   1.833148e+06   1.937302e-18   0.000000e+00   0.000000e+00
     2472000   2.471999e-05   2.345107e+01   8.925050e+00   4.296549e+01   1.242814e+06  -4.156801e+05  -1.281816e+06  -2.820069e+11   2.062814e+11  -3.403230e+11   1.833148e+06   1.925754e-18   0.000000e+00   0.000000e+00
     2480000   2.479999e-05   2.354958e+01   8.892455e+00   4.286186e+01   1.219978e+06  -3.991804e+05  -1.308717e+06  -2.888223e+11   2.060631e+11  -3.320927e+11   1.833148e+06   1.911720e-18   0.000000e+00   0.000000e+00
     2488000   2.487999e-05   2.364625e+01   8.861179e+00   4.275611e+01   1.196587e+06  -3.827486e+05  -1.334959e+06  -2.958965e+11   2.047793e+11  -3.239406e+11   1.833148e+06   1.897643e-18   0.000000e+00   0.000000e+00
     2496000   2.495999e-05   2.374102e+01   8.831213e+00   4.264829e+01   1.172637e+06  -3.664286e+05  -1.360545e+06  -3.027761e+11   2.033634e+11  -3.157315e+11   1.833148e+06   1.883797e-18   0.000000e+00   0.000000e+00
     2504000   2.503999e-05   2.383386e+01   8.802548e+00   4.253844e+01   1.148160e+06  -3.502034e+05  -1.385467e+06  -3.091083e+11   2.022552e+11  -3.072889e+11   1.833148e+06   1.868945e-18   0.000000e+00   0.000000e+00
     2512000   2.511999e-05   2.392472e+01   8.775178e+00   4.242663e+01   1.123191e+06  -3.340666e+05  -1.409707e+06  -3.152469e+11   2.006569e+11  -2.987271e+11   1.833148e+06   1.852757e-18   0.000000e+00   0.000000e+00
     2520000   2.519999e-05   2.401356e+01   8.749094e+00   4.231291e+01   1.097745e+06  -3.180374e+05  -1.433262e+06  -3.207909e+11   1.996221e+11  -2.899932e+11   1.833148e+06   1.836326e-18   0.000000e+00   0.000000e+00
     2528000   2.527999e-05   2.410034e+01   8.724288e+00   4.219733e+01   1.071844e+06  -3.021404e+05  -1.456123e+06  -3.265434e+11   1.976713e+11  -2.813843e+11   1.833148e+06   1.820378e-18   0.000000e+00   0.000000e+00
     2536000   2.535999e-05   2.418504e+01   8.700747e+00   4.207995e+01   1.045505e+06  -2.864180e+05  -1.478282e+06  -3.318491e+11   1.955693e+11  -2.725913e+11   1.833148e+06   1.802533e-18   0.000000e+00   0.000000e+00
     2544000   2.543999e-05   2.426761e+01   8.678457e+00   4.196082e+01   1.018744e+06  -2.708678e+05  -1.499742e+06  -3.371035e+11   1.930777e+11  -2.638606e+11   1.833148e+06   1.785234e-18   0.000000e+00   0.000000e+00
     2552000   2.551999e-05   2.434803e+01   8.657403e+00   4.184001e+01   9.915768e+05  -2.555135e+05  -1.520500e+06  -3.420822e+11   1.906803e+11  -2.551294e+11   1.833148e+06   1.768478e-18   0.000000e+00   0.000000e+00
     2560000   2.559999e-05   2.442625e+01   8.637571e+00   4.171756e+01   9.640189e+05  -2.403140e+05  -1.540568e+06  -3.469034e+11   1.886237e+11  -2.465017e+11   1.833148e+06   1.754019e-18   0.000000e+00   0.000000e+00
     2568000   2.567999e-05   2.450226e+01   8.618948e+00   4.159354e+01   9.360807e+05  -2.252881e+05  -1.559946e+06  -3.514298e+11   1.863368e+11  -2.377956e+11   1.833148e+06   1.738535e-18   0.000000e+00   0.000000e+00
     2576000   2.575999e-05   2.457602e+01   8.601518e+00   4.146799e+01   9.077931e+05  -2.105213e+05  -1.578615e+06  -3.557439e+11   1.827170e+11  -2.289410e+11   1.833148e+06   1.718963e-18   0.000000e+00   0.000000e+00
     2584000   2.583999e-05   2.464750e+01   8.585258e+00   4.134098e+01   8.791743e+05  -1.960171e+05  -1.596579e+06  -3.595693e+11   1.800171e+11  -2.201036e+11   1.833149e+06   1.701062e-18   0.000000e+00   0.000000e+00
     2592000   2.591999e-05   2.471668e+01   8.570149e+00   4.121255e+01   8.502608e+05  -1.817599e+05  -1.613832e+06  -3.631340e+11   1.762173e+11  -2.111682e+11   1.833149e+06   1.679766e-18   0.000000e+00   0.000000e+00
     2600000   2.599999e-05   2.478353e+01   8.556168e+00   4.108278e+01   8.210838e+05  -1.678101e+05  -1.630367e+06  -3.658781e+11   1.728699e+11  -2.020576e+11   1.833149e+06   1.656025e-18   0.000000e+00   0.000000e+00
     2608000   2.607999e-05   2.484805e+01   8.543291e+00   4.095172e+01   7.916822e+05  -1.541604e+05  -1.646180e+06  -3.688778e+11   1.685972e+11  -1.931909e+11   1.833149e+06   1.633688e-18   0.000000e+00   0.000000e+00
     2616000   2.615999e-05   2.491020e+01   8.531492e+00   4.081941e+01   7.620654e+05  -1.408708e+05  -1.661278e+06  -3.714275e+11   1.641410e+11  -1.843019e+11   1.833149e+06   1.609802e-18   0.000000e+00   0.000000e+00
     2624000   2.623999e-05   2.496997e+01   8.520743e+00   4.068593e+01   7.322692e+05  -1.279133e+05  -1.675665e+06  -3.733885e+11   1.608303e+11  -1.754498e+11   1.833149e+06   1.587138e-18   0.000000e+00   0.000000e+00
     2632000   2.631999e-05   2.502736e+01   8.511019e+00   4.055132e+01   7.023160e+05  -1.152594e+05  -1.689350e+06  -3.753632e+11   1.556431e+11  -1.666706e+11   1.833149e+06   1.561505e-18   0.000000e+00   0.000000e+00
     2640000   2.639999e-05   2.508234e+01   8.502291e+00   4.041565e+01   6.722315e+05  -1.029978e+05  -1.702331e+06  -3.767448e+11   1.509013e+11  -1.579035e+11   1.833149e+06   1.535116e-18   0.000000e+00   0.000000e+00
     2648000   2.647999e-05   2.513491e+01   8.494529e+00   4.027897e+01   6.420484e+05  -9.111616e+04  -1.714616e+06  -3.777205e+11   1.460743e+11  -1.492034e+11   1.833149e+06   1.507843e-18   0.000000e+00   0.000000e+00
     2656000   2.655999e-05   2.518506e+01   8.487701e+00   4.014133e+01   6.118146e+05  -7.964886e+04  -1.726202e+06  -3.780162e+11   1.404949e+11  -1.404632e+11   1.833149e+06   1.476216e-18   0.000000e+00   0.000000e+00
     2664000   2.663999e-05   2.523280e+01   8.481773e+00   4.000280e+01   5.815774e+05  -6.862603e+04  -1.737093e+06  -3.777774e+11   1.352230e+11  -1.318227e+11   1.833149e+06   1.443945e-18   0.000000e+00   0.000000e+00
     2672000   2.671999e-05   2.527812e+01   8.476710e+00   3.986342e+01   5.513785e+05  -5.802479e+04  -1.747298e+06  -3.770656e+11   1.296047e+11  -1.232920e+11   1.833149e+06   1.409934e-18   0.000000e+00   0.000000e+00
     2680000   2.679999e-05   2.532102e+01   8.472477e+00   3.972325e+01   5.212542e+05  -4.787563e+04  -1.756826e+06  -3.759529e+11   1.238456e+11  -1.149220e+11   1.833149e+06   1.375197e-18   0.000000e+00   0.000000e+00
     2688000   2.687999e-05   2.536152e+01   8.469038e+00   3.958234e+01   4.912417e+05  -3.819713e+04  -1.765689e+06  -3.744084e+11   1.177669e+11  -1.067147e+11   1.833149e+06   1.339202e-18   0.000000e+00   0.000000e+00
     2696000   2.695999e-05   2.539962e+01   8.466352e+00   3.944075e+01   4.613799e+05  -2.901429e+04  -1.773900e+06  -3.720668e+11   1.119225e+11  -9.860369e+10   1.833149e+06   1.300706e-18   0.000000e+00   0.000000e+00
     2704000   2.703999e-05   2.543535e+01   8.464382e+00   3.929853e+01   4.317214e+05  -2.032405e+04  -1.781471e+06  -3.694581e+11   1.052222e+11  -9.073572e+10   1.833149e+06   1.261211e-18   0.000000e+00   0.000000e+00
     2712000   2.711999e-05   2.546871e+01   8.463086e+00   3.915574e+01   4.023097e+05  -1.214843e+04  -1.788417e+06  -3.657124e+11   9.912758e+10  -8.294227e+10   1.833149e+06   1.217882e-18   0.000000e+00   0.000000e+00
     2720000   2.719999e-05   2.549973e+01   8.462424e+00   3.901240e+01   3.732046e+05  -4.487948e+03  -1.794752e+06  -3.617576e+11   9.245711e+10  -7.545667e+10   1.833149e+06   1.174650e-18   0.000000e+00   0.000000e+00
     2728000   2.727999e-05   2.552843e+01   8.462354e+00   3.886859e+01   3.444534e+05   2.639676e+03  -1.800495e+06  -3.569982e+11   8.582064e+10  -6.817243e+10   1.833149e+06   1.128913e-18   0.000000e+00   0.000000e+00
     2736000   2.735999e-05   2.555485e+01   8.462832e+00   3.872434e+01   3.161064e+05   9.226680e+03  -1.805665e+06  -3.515143e+11   7.890800e+10  -6.113491e+10   1.833149e+06   1.080878e-18   0.000000e+00   0.000000e+00
     2744000   2.743999e-05   2.557902e+01   8.463816e+00   3.857970e+01   2.882245e+05   1.527176e+04  -1.810284e+06  -3.450762e+11   7.215569e+10  -5.433330e+10   1.833149e+06   1.029960e-18   0.000000e+00   0.000000e+00
     2752000   2.751999e-05   2.560098e+01   8.465261e+00   3.843471e+01   2.608751e+05   2.077105e+04  -1.814373e+06  -3.384062e+11   6.531237e+10  -4.790987e+10   1.833149e+06   9.801264e-19   0.000000e+00   0.000000e+00
     2760000   2.759999e-05   2.562077e+01   8.467124e+00   3.828941e+01   2.340999e+05   2.571119e+04  -1.817958e+06  -3.309690e+11   5.840461e+10  -4.179376e+10   1.833149e+06   9.284694e-19   0.000000e+00   0.000000e+00
     2768000   2.767999e-05   2.563845e+01   8.469361e+00   3.814385e+01   2.079448e+05   3.010113e+04  -1.821068e+06  -3.228335e+11   5.138255e+10  -3.601509e+10   1.833149e+06   8.755322e-19   0.000000e+00   0.000000e+00
     2776000   2.775999e-05   2.565406e+01   8.471926e+00   3.799805e+01   1.824555e+05   3.393257e+04  -1.823731e+06  -3.141231e+11   4.451802e+10  -3.059875e+10   1.833149e+06   8.223720e-19   0.000000e+00   0.000000e+00
     2784000   2.783999e-05   2.566766e+01   8.474775e+00   3.785206e+01   1.577124e+05   3.722292e+04  -1.825973e+06  -3.042534e+11   3.780022e+10  -2.550883e+10   1.833149e+06   7.661794e-19   0.000000e+00   0.000000e+00
     2792000   2.791999e-05   2.567932e+01   8.477867e+00   3.770591e+01   1.337797e+05   3.996447e+04  -1.827825e+06  -2.939365e+11   3.085452e+10  -2.083927e+10   1.833149e+06   7.106105e-19   0.000000e+00   0.000000e+00
     2800000   2.799999e-05   2.568909e+01   8.481155e+00   3.755962e+01   1.107266e+05   4.216683e+04  -1.829316e+06  -2.822027e+11   2.428037e+10  -1.652219e+10   1.833149e+06   6.516477e-19   0.000000e+00   0.000000e+00
     2808000   2.807999e-05   2.569706e+01   8.484599e+00   3.741323e+01   8.859263e+04   4.384561e+04  -1.830482e+06  -2.709499e+11   1.768796e+10  -1.269029e+10   1.833149e+06   5.981152e-19   0.000000e+00   0.000000e+00
     2816000   2.815999e-05   2.570329e+01   8.488157e+00   3.726675e+01   6.743801e+04   4.500674e+04  -1.831356e+06  -2.580486e+11   1.136492e+10  -9.223472e+09   1.833149e+06   5.407683e-19   0.000000e+00   0.000000e+00
     2824000   2.823999e-05   2.570788e+01   8.491787e+00   3.712022e+01   4.732548e+04   4.566829e+04  -1.831969e+06  -2.445862e+11   5.227179e+09  -6.188445e+09   1.833150e+06   4.847900e-19   0.000000e+00   0.000000e+00
     2832000   2.831999e-05   2.571090e+01   8.495451e+00   3.697364e+01   2.832986e+04   4.585412e+04  -1.832357e+06  -2.299368e+11  -6.133946e+08  -3.570665e+09   1.833150e+06   4.280939e-19   0.000000e+00   0.000000e+00
     2840000   2.839999e-05   2.571244e+01   8.499112e+00   3.682704e+01   1.051395e+04   4.558715e+04  -1.832552e+06  -2.152659e+11  -6.033068e+09  -1.385384e+09   1.833150e+06   3.754259e-19   0.000000e+00   0.000000e+00
     2848000   2.847999e-05   2.571261e+01   8.502734e+00   3.668044e+01  -6.095042e+03   4.490100e+04  -1.832589e+06  -1.998238e+11  -1.104809e+10   3.936853e+08   1.833150e+06   3.242186e-19   0.000000e+00   0.000000e+00
     2856000   2.855999e-05   2.571150e+01   8.506286e+00   3.653383e+01  -2.142423e+04   4.382552e+04  -1.832500e+06  -1.833828e+11  -1.578604e+10   1.766255e+09   1.833150e+06   2.742713e-19   0.000000e+00   0.000000e+00
     2864000   2.863999e-05   2.570922e+01   8.509736e+00   3.638724e+01  -3.542405e+04   4.238857e+04  -1.832317e+06  -1.664990e+11  -2.004903e+10   2.754948e+09   1.833150e+06   2.277251e-19   0.000000e+00   0.000000e+00
     2872000   2.871999e-05   2.570587e+01   8.513059e+00   3.624066e+01  -4.803093e+04   4.063044e+04  -1.832070e+06  -1.486461e+11  -2.379924e+10   3.369091e+09   1.833150e+06   1.835426e-19   0.000000e+00   0.000000e+00
     2880000   2.879999e-05   2.570157e+01   8.516230e+00   3.609411e+01  -5.919762e+04   3.859353e+04  -1.831787e+06  -1.304427e+11  -2.709087e+10   3.644632e+09   1.833150e+06   1.437891e-19   0.000000e+00   0.000000e+00
     2888000   2.887999e-05   2.569644e+01   8.519228e+00   3.594758e+01  -6.889644e+04   3.631850e+04  -1.831494e+06  -1.119379e+11  -2.977659e+10   3.620292e+09   1.833150e+06   1.087164e-19   0.000000e+00   0.000000e+00
     2896000   2.895999e-05   2.569059e+01   8.522036e+00   3.580107e+01  -7.707146e+04   3.385108e+04  -1.831216e+06  -9.245317e+10  -3.189112e+10   3.301553e+09   1.833150e+06   7.751577e-20   0.000000e+00   0.000000e+00
     2904000   2.903999e-05   2.568415e+01   8.524640e+00   3.565458e+01  -8.365417e+04   3.123755e+04  -1.830973e+06  -7.215823e+10  -3.329005e+10   2.728808e+09   1.833150e+06   5.118229e-20   0.000000e+00   0.000000e+00
     2912000   2.911999e-05   2.567725e+01   8.527031e+00   3.550811e+01  -8.860962e+04   2.853399e+04  -1.830784e+06  -5.179371e+10  -3.423692e+10   1.973179e+09   1.833150e+06   3.123716e-20   0.000000e+00   0.000000e+00
     2920000   2.919999e-05   2.567001e+01   8.529204e+00   3.536166e+01  -9.192273e+04   2.578347e+04  -1.830662e+06  -3.123860e+10  -3.447458e+10   1.083019e+09   1.833150e+06   1.753081e-20   0.000000e+00   0.000000e+00
     2928000   2.927999e-05   2.566258e+01   8.531157e+00   3.521521e+01  -9.358505e+04   2.303724e+04  -1.830614e+06  -1.030970e+10  -3.408233e+10   9.814080e+07   1.833150e+06   1.026395e-20   0.000000e+00   0.000000e+00
     2936000   2.935999e-05   2.565509e+01   8.532892e+00   3.506876e+01  -9.354844e+04   2.035151e+04  -1.830648e+06   1.110059e+10  -3.298398e+10  -9.339473e+08   1.833150e+06   9.810841e-21   0.000000e+00   0.000000e+00
     2944000   2.943999e-05   2.564766e+01   8.534416e+00   3.492230e+01  -9.178164e+04   1.778112e+04  -1.830764e+06   3.301583e+10  -3.124344e+10  -1.958642e+09   1.833150e+06   1.675523e-20   0.000000e+00   0.000000e+00
     2952000   2.951999e-05   2.564045e+01   8.535741e+00   3.477583e+01  -8.825865e+04   1.537175e+04  -1.830959e+06   5.484831e+10  -2.881661e+10  -2.885830e+09   1.833150e+06   3.113906e-20   0.000000e+00   0.000000e+00
     2960000   2.959999e-05   2.563359e+01   8.536881e+00   3.462934e+01  -8.300188e+04   1.317962e+04  -1.831222e+06   7.654634e+10  -2.587399e+10  -3.655791e+09   1.833150e+06   5.295460e-20   0.000000e+00   0.000000e+00
     2968000   2.967999e-05   2.562721e+01   8.537857e+00   3.448283e+01  -7.599759e+04   1.124938e+04  -1.831539e+06   9.857505e+10  -2.217338e+10  -4.226503e+09   1.833150e+06   8.277801e-20   0.000000e+00   0.000000e+00
     2976000   2.975999e-05   2.562147e+01   8.538690e+00   3.433630e+01  -6.722150e+04   9.640672e+03  -1.831891e+06   1.207813e+11  -1.792171e+10  -4.526484e+09   1.833150e+06   1.208490e-19   0.000000e+00   0.000000e+00
     2984000   2.983999e-05   2.561651e+01   8.539409e+00   3.418973e+01  -5.667958e+04   8.403000e+03  -1.832254e+06   1.426151e+11  -1.296406e+10  -4.471273e+09   1.833150e+06   1.661575e-19   0.000000e+00   0.000000e+00
     2992000   2.991999e-05   2.561245e+01   8.540046e+00   3.404314e+01  -4.440298e+04   7.582894e+03  -1.832596e+06   1.642772e+11  -7.474608e+09  -4.011440e+09   1.833150e+06   2.190308e-19   0.000000e+00   0.000000e+00
     3000000   2.999999e-05   2.560945e+01   8.540635e+00   3.389652e+01  -3.040104e+04   7.220443e+03  -1.832883e+06   1.858308e+11  -1.500540e+09  -3.088375e+09   1.833150e+06   2.796269e-19   0.000000e+00   0.000000e+00
     3008000   3.007999e-05   2.560763e+01   8.541214e+00   3.374988e+01  -1.467366e+04   7.358524e+03  -1.833076e+06   2.073696e+11   4.998486e+09  -1.640150e+09   1.833150e+06   3.483102e-19   0.000000e+00   0.000000e+00
     3016000   3.015999e-05   2.560714e+01   8.541826e+00   3.360323e+01   2.761251e+03   8.027584e+03  -1.833130e+06   2.283972e+11   1.182248e+10   3.955229e+08   1.833150e+06   4.233920e-19   0.000000e+00   0.000000e+00
     3024000   3.023999e-05   2.560812e+01   8.542514e+00   3.345658e+01   2.186226e+04   9.260586e+03  -1.832996e+06   2.490037e+11   1.900196e+10   3.065543e+09   1.833150e+06   5.048910e-19   0.000000e+00   0.000000e+00
     3032000   3.031999e-05   2.561069e+01   8.543323e+00   3.330996e+01   4.257833e+04   1.107693e+04  -1.832622e+06   2.687917e+11   2.641150e+10   6.404231e+09   1.833150e+06   5.908108e-19   0.000000e+00   0.000000e+00
     3040000   3.039999e-05   2.561497e+01   8.544302e+00   3.316337e+01   6.488337e+04   1.348788e+04  -1.831951e+06   2.887693e+11   3.383456e+10   1.047617e+10   1.833150e+06   6.851524e-19   0.000000e+00   0.000000e+00
     3048000   3.047999e-05   2.562111e+01   8.545497e+00   3.301685e+01   8.875646e+04   1.649977e+04  -1.830925e+06   3.079166e+11   4.141946e+10   1.529938e+10   1.833150e+06   7.832614e-19   0.000000e+00   0.000000e+00
     3056000   3.055999e-05   2.562921e+01   8.546958e+00   3.287043e+01   1.141298e+05   2.011120e+04  -1.829483e+06   3.263189e+11   4.900511e+10   2.089507e+10   1.833150e+06   8.849315e-19   0.000000e+00   0.000000e+00
     3064000   3.063999e-05   2.563941e+01   8.548731e+00   3.272415e+01   1.409341e+05   2.431971e+04  -1.827562e+06   3.437314e+11   5.628304e+10   2.725546e+10   1.833150e+06   9.880571e-19   0.000000e+00   0.000000e+00
     3072000   3.071999e-05   2.565180e+01   8.550865e+00   3.257804e+01   1.691325e+05   2.912258e+04  -1.825098e+06   3.613106e+11   6.367867e+10   3.449814e+10   1.833150e+06   1.099187e-18   0.000000e+00   0.000000e+00
     3080000   3.079999e-05   2.566651e+01   8.553406e+00   3.243215e+01   1.986960e+05   3.449643e+04  -1.822023e+06   3.776092e+11   7.057444e+10   4.251457e+10   1.833150e+06   1.209167e-18   0.000000e+00   0.000000e+00
     3088000   3.087999e-05   2.568363e+01   8.556399e+00   3.228653e+01   2.295267e+05   4.041627e+04  -1.818275e+06   3.933204e+11   7.722831e+10   5.136582e+10   1.833150e+06   1.321901e-18   0.000000e+00   0.000000e+00
     3096000   3.095999e-05   2.570326e+01   8.559886e+00   3.214125e+01   2.615701e+05   4.683645e+04  -1.813788e+06   4.076950e+11   8.325117e+10   6.094330e+10   1.833150e+06   1.431638e-18   0.000000e+00   0.000000e+00
     3104000   3.103999e-05   2.572551e+01   8.563905e+00   3.199635e+01   2.947479e+05   5.372067e+04  -1.808501e+06   4.216870e+11   8.860029e+10   7.135694e+10   1.833150e+06   1.544170e-18   0.000000e+00   0.000000e+00
     3112000   3.111999e-05   2.575045e+01   8.568492e+00   3.185191e+01   3.290036e+05   6.101065e+04  -1.802352e+06   4.346027e+11   9.350518e+10   8.249699e+10   1.833150e+06   1.654801e-18   0.000000e+00   0.000000e+00
     3120000   3.119999e-05   2.577817e+01   8.573676e+00   3.170800e+01   3.642547e+05   6.865577e+04  -1.795284e+06   4.463732e+11   9.753650e+10   9.429585e+10   1.833150e+06   1.761860e-18   0.000000e+00   0.000000e+00
     3128000   3.127999e-05   2.580876e+01   8.579484e+00   3.156469e+01   4.004146e+05   7.658761e+04  -1.787244e+06   4.575494e+11   1.005809e+11   1.068183e+11   1.833150e+06   1.868907e-18   0.000000e+00   0.000000e+00
     3136000   3.135999e-05   2.584226e+01   8.585936e+00   3.142206e+01   4.374252e+05   8.473216e+04  -1.778179e+06   4.675175e+11   1.028263e+11   1.199060e+11   1.833150e+06   1.971268e-18   0.000000e+00   0.000000e+00
     3144000   3.143999e-05   2.587876e+01   8.593045e+00   3.128021e+01   4.752042e+05   9.301227e+04  -1.768041e+06   4.766997e+11   1.039456e+11   1.335916e+11   1.833150e+06   2.071408e-18   0.000000e+00   0.000000e+00
     3152000   3.151999e-05   2.591831e+01   8.600819e+00   3.113921e+01   5.136459e+05   1.013424e+05  -1.756797e+06   4.840679e+11   1.042746e+11   1.475436e+11   1.833150e+06   2.161018e-18   0.000000e+00   0.000000e+00
     3160000   3.159999e-05   2.596096e+01   8.609260e+00   3.099915e+01   5.526534e+05   1.096551e+05  -1.744417e+06   4.912133e+11   1.033518e+11   1.621178e+11   1.833150e+06   2.252412e-18   0.000000e+00   0.000000e+00
     3168000   3.167999e-05   2.600675e+01   8.618361e+00   3.086013e+01   5.921808e+05   1.178516e+05  -1.730859e+06   4.968679e+11   1.013354e+11   1.768921e+11   1.833150e+06   2.334843e-18   0.000000e+00   0.000000e+00
     3176000   3.175999e-05   2.605572e+01   8.628110e+00   3.072225e+01   6.321230e+05   1.258346e+05  -1.716108e+06   5.014594e+11   9.809510e+10   1.919022e+11   1.833150e+06   2.411528e-18   0.000000e+00   0.000000e+00
     3184000   3.183999e-05   2.610790e+01   8.638486e+00   3.058559e+01   6.723776e+05   1.335106e+05  -1.700154e+06   5.048384e+11   9.359387e+10   2.070017e+11   1.833150e+06   2.480827e-18   0.000000e+00   0.000000e+00
     3192000   3.191999e-05   2.616331e+01   8.649461e+00   3.045025e+01   7.128636e+05   1.407781e+05  -1.682988e+06   5.070835e+11   8.783276e+10   2.221306e+11   1.833151e+06   2.543311e-18   0.000000e+00   0.000000e+00
     3200000   3.199999e-05   2.622196e+01   8.660997e+00   3.031634e+01   7.534894e+05   1.475352e+05  -1.664611e+06   5.082381e+11   8.091461e+10   2.372246e+11   1.833151e+06   2.599477e-18   0.000000e+00   0.000000e+00
     3208000   3.207999e-05   2.628387e+01   8.673050e+00   3.018395e+01   7.941575e+05   1.536819e+05  -1.645034e+06   5.082205e+11   7.255779e+10   2.521253e+11   1.833151e+06   2.647977e-18   0.000000e+00   0.000000e+00
     3216000   3.215999e-05   2.634903e+01   8.685567e+00   3.005317e+01   8.347571e+05   1.591190e+05  -1.624285e+06   5.066446e+11   6.314535e+10   2.665600e+11   1.833151e+06   2.685299e-18   0.000000e+00   0.000000e+00
     3224000   3.223999e-05   2.641721e+01   8.698464e+00   2.992397e+01   8.619775e+05   1.623824e+05  -1.609680e+06  -3.127604e+10   4.349443e+07  -1.674383e+10   1.833151e+06   1.011729e-20   0.000000e+00   0.000000e+00
     3232000   3.231999e-05   2.648512e+01   8.711364e+00   2.979464e+01   8.236009e+05   1.590966e+05  -1.629973e+06  -9.063889e+11  -7.510868e+10  -4.653223e+11   1.833151e+06   8.448634e-18   0.000000e+00   0.000000e+00
     3240000   3.239999e-05   2.654808e+01   8.723864e+00   2.966279e+01   7.501389e+05   1.535513e+05  -1.665580e+06  -9.295363e+11  -6.401156e+10  -4.245493e+11   1.833151e+06   8.486444e-18   0.000000e+00   0.000000e+00
     3248000   3.247999e-05   2.660509e+01   8.735953e+00   2.952823e+01   6.749629e+05   1.487944e+05  -1.697860e+06  -9.491096e+11  -5.571424e+10  -3.821953e+11   1.833151e+06   8.499474e-18   0.000000e+00   0.000000e+00
     3256000   3.255999e-05   2.665604e+01   8.747685e+00   2.939123e+01   5.983841e+05   1.445789e+05  -1.726696e+06  -9.647854e+11  -5.032263e+10  -3.385647e+11   1.833152e+06   8.483153e-18   0.000000e+00   0.000000e+00
     3264000   3.263999e-05   2.670081e+01   8.759094e+00   2.925206e+01   5.207184e+05   1.406746e+05  -1.752001e+06  -9.760973e+11  -4.803132e+10  -2.939718e+11   1.833152e+06   8.430730e-18   0.000000e+00   0.000000e+00
     3272000   3.271999e-05   2.673933e+01   8.770194e+00   2.911100e+01   4.423075e+05   1.368262e+05  -1.773722e+06  -9.835048e+11  -4.885276e+10  -2.490279e+11   1.833152e+06   8.351329e-18   0.000000e+00   0.000000e+00
     3280000   3.279999e-05   2.677157e+01   8.780980e+00   2.896836e+01   3.634886e+05   1.327817e+05  -1.791840e+06  -9.863070e+11  -5.264212e+10  -2.039866e+11   1.833152e+06   8.233962e-18   0.000000e+00   0.000000e+00
     3288000   3.287999e-05   2.679749e+01   8.791427e+00   2.882440e+01   2.846148e+05   1.282875e+05  -1.806373e+06  -9.848434e+11  -6.017042e+10  -1.594522e+11   1.833152e+06   8.086469e-18   0.000000e+00   0.000000e+00
     3296000   3.295999e-05   2.681711e+01   8.801487e+00   2.867943e+01   2.060487e+05   1.230755e+05  -1.817373e+06  -9.787592e+11  -7.071062e+10  -1.157630e+11   1.833153e+06   7.903603e-18   0.000000e+00   0.000000e+00
     3304000   3.303999e-05   2.683047e+01   8.811094e+00   2.853372e+01   1.281392e+05   1.169034e+05  -1.824928e+06  -9.682429e+11  -8.410124e+10  -7.337882e+10   1.833153e+06   7.689751e-18   0.000000e+00   0.000000e+00
     3312000   3.311999e-05   2.683764e+01   8.820160e+00   2.838753e+01   5.124951e+04   1.095469e+05  -1.829159e+06  -9.532145e+11  -1.001927e+11  -3.271272e+10   1.833153e+06   7.445090e-18   0.000000e+00   0.000000e+00
     3320000   3.319999e-05   2.683871e+01   8.828584e+00   2.824114e+01  -2.425036e+04   1.007978e+05  -1.830219e+06  -9.335387e+11  -1.189315e+11   5.814471e+09   1.833153e+06   7.169434e-18   0.000000e+00   0.000000e+00
     3328000   3.327999e-05   2.683381e+01   8.836245e+00   2.809478e+01  -9.799829e+04   9.045680e+04  -1.828296e+06  -9.093644e+11  -1.399548e+11   4.181370e+10   1.833153e+06   6.866744e-18   0.000000e+00   0.000000e+00
     3336000   3.335999e-05   2.682309e+01   8.843010e+00   2.794868e+01  -1.696322e+05   7.835441e+04  -1.823606e+06  -8.807336e+11  -1.629256e+11   7.492123e+10   1.833154e+06   6.539474e-18   0.000000e+00   0.000000e+00
     3344000   3.343999e-05   2.680673e+01   8.848731e+00   2.780307e+01  -2.388108e+05   6.433853e+04  -1.816393e+06  -8.481837e+11  -1.877704e+11   1.048600e+11   1.833154e+06   6.198029e-18   0.000000e+00   0.000000e+00
     3352000   3.351999e-05   2.678495e+01   8.853250e+00   2.765812e+01  -3.052000e+05   4.829177e+04  -1.806924e+06  -8.111613e+11  -2.135458e+11   1.312987e+11   1.833154e+06   5.835018e-18   0.000000e+00   0.000000e+00
     3360000   3.359999e-05   2.675798e+01   8.856401e+00   2.751401e+01  -3.684711e+05   3.013574e+04  -1.795487e+06  -7.701904e+11  -2.404518e+11   1.540194e+11   1.833154e+06   5.461913e-18   0.000000e+00   0.000000e+00
     3368000   3.367999e-05   2.672609e+01   8.858014e+00   2.737089e+01  -4.283144e+05   9.816608e+03  -1.782387e+06  -7.252218e+11  -2.675469e+11   1.727965e+11   1.833154e+06   5.078659e-18   0.000000e+00   0.000000e+00
     3376000   3.375999e-05   2.668955e+01   8.857914e+00   2.722887e+01  -4.844434e+05  -1.266661e+04  -1.767939e+06  -6.775462e+11  -2.942603e+11   1.877634e+11   1.833154e+06   4.702461e-18   0.000000e+00   0.000000e+00
     3384000   3.383999e-05   2.664868e+01   8.855930e+00   2.708804e+01  -5.366053e+05  -3.729330e+04  -1.752461e+06  -6.259954e+11  -3.207632e+11   1.985034e+11   1.833155e+06   4.324025e-18   0.000000e+00   0.000000e+00
     3392000   3.391999e-05   2.660381e+01   8.851892e+00   2.694849e+01  -5.845513e+05  -6.400185e+04  -1.736277e+06  -5.721037e+11  -3.466572e+11   2.053852e+11   1.833155e+06   3.963753e-18   0.000000e+00   0.000000e+00
     3400000   3.399999e-05   2.655527e+01   8.845637e+00   2.681025e+01  -6.280812e+05  -9.270930e+04  -1.719702e+06  -5.158687e+11  -3.708845e+11   2.084008e+11   1.833155e+06   3.619312e-18   0.000000e+00   0.000000e+00
     3408000   3.407999e-05   2.650344e+01   8.837009e+00   2.667334e+01  -6.670160e+05  -1.232636e+05  -1.703042e+06  -4.572132e+11  -3.929330e+11   2.075103e+11   1.833155e+06   3.290611e-18   0.000000e+00   0.000000e+00
     3416000   3.415999e-05   2.644868e+01   8.825870e+00   2.653776e+01  -7.012170e+05  -1.554872e+05  -1.686587e+06  -3.973761e+11  -4.125405e+11   2.032436e+11   1.833155e+06   2.990325e-18   0.000000e+00   0.000000e+00
     3424000   3.423999e-05   2.639137e+01   8.812092e+00   2.640347e+01  -7.305646e+05  -1.891940e+05  -1.670610e+06  -3.361981e+11  -4.298399e+11   1.956975e+11   1.833155e+06   2.720630e-18   0.000000e+00   0.000000e+00
     3432000   3.431999e-05   2.633192e+01   8.795566e+00   2.627044e+01  -7.549624e+05  -2.241543e+05  -1.655368e+06  -2.734303e+11  -4.441240e+11   1.848403e+11   1.833155e+06   2.478485e-18   0.000000e+00   0.000000e+00
     3440000   3.439999e-05   2.627071e+01   8.776200e+00   2.613859e+01  -7.743659e+05  -2.601457e+05  -1.641079e+06  -2.115362e+11  -4.550920e+11   1.719563e+11   1.833155e+06   2.278125e-18   0.000000e+00   0.000000e+00
     3448000   3.447999e-05   2.620815e+01   8.753922e+00   2.600784e+01  -7.887894e+05  -2.968943e+05  -1.627920e+06  -1.494913e+11  -4.630433e+11   1.568808e+11   1.833155e+06   2.115762e-18   0.000000e+00   0.000000e+00
     3456000   3.455999e-05   2.614464e+01   8.728683e+00   2.587809e+01  -7.982539e+05  -3.341394e+05  -1.616044e+06  -8.754828e+10  -4.672080e+11   1.398451e+11   1.833155e+06   1.987344e-18   0.000000e+00   0.000000e+00
     3464000   3.463999e-05   2.608056e+01   8.700455e+00   2.574923e+01  -8.028277e+05  -3.715599e+05  -1.605574e+06  -2.700698e+10  -4.675702e+11   1.217072e+11   1.833155e+06   1.895536e-18   0.000000e+00   0.000000e+00
     3472000   3.471999e-05   2.601631e+01   8.669236e+00   2.562116e+01  -8.025748e+05  -4.088689e+05  -1.596608e+06   3.239996e+10  -4.644814e+11   1.026591e+11   1.833155e+06   1.840226e-18   0.000000e+00   0.000000e+00
     3480000   3.479999e-05   2.595227e+01   8.635046e+00   2.549373e+01  -7.976629e+05  -4.458011e+05  -1.589168e+06   9.039260e+10  -4.584339e+11   8.322928e+10   1.833155e+06   1.823450e-18   0.000000e+00   0.000000e+00
     3488000   3.487999e-05   2.588881e+01   8.597925e+00   2.536685e+01  -7.882225e+05  -4.821053e+05  -1.583268e+06   1.456715e+11  -4.477562e+11   6.381850e+10   1.833155e+06   1.827646e-18   0.000000e+00   0.000000e+00
     3496000   3.495999e-05   2.582627e+01   8.557935e+00   2.524037e+01  -7.744173e+05  -5.174973e+05  -1.578903e+06   1.990152e+11  -4.362524e+11   4.537093e+10   1.833155e+06   1.877857e-18   0.000000e+00   0.000000e+00
     3504000   3.503999e-05   2.576501e+01   8.515155e+00   2.511418e+01  -7.564629e+05  -5.517904e+05  -1.575992e+06   2.495897e+11  -4.209663e+11   2.758734e+10   1.833156e+06   1.944935e-18   0.000000e+00   0.000000e+00
     3512000   3.511999e-05   2.570535e+01   8.469683e+00   2.498817e+01  -7.345510e+05  -5.847439e+05  -1.574474e+06   2.976155e+11  -4.022693e+11   1.054843e+10   1.833156e+06   2.027811e-18   0.000000e+00   0.000000e+00
     3520000   3.519999e-05   2.564758e+01   8.421637e+00   2.486223e+01  -7.089535e+05  -6.161347e+05  -1.574237e+06   3.417062e+11  -3.817424e+11  -4.479429e+09   1.833156e+06   2.124978e-18   0.000000e+00   0.000000e+00
     3528000   3.527999e-05   2.559201e+01   8.371148e+00   2.473627e+01  -6.799307e+05  -6.457831e+05  -1.575157e+06   3.829236e+11  -3.589891e+11  -1.811572e+10   1.833156e+06   2.232811e-18   0.000000e+00   0.000000e+00
     3536000   3.535999e-05   2.553888e+01   8.318362e+00   2.461018e+01  -6.477394e+05  -6.735647e+05  -1.577087e+06   4.207344e+11  -3.349589e+11  -2.974638e+10   1.833156e+06   2.348309e-18   0.000000e+00   0.000000e+00
     3544000   3.543999e-05   2.548844e+01   8.263431e+00   2.448391e+01  -6.126285e+05  -6.993772e+05  -1.579879e+06   4.571608e+11  -3.106544e+11  -3.975509e+10   1.833156e+06   2.485786e-18   0.000000e+00   0.000000e+00
     3552000   3.551999e-05   2.544093e+01   8.206515e+00   2.435738e+01  -5.748595e+05  -7.231441e+05  -1.583370e+06   4.869455e+11  -2.836426e+11  -4.724985e+10   1.833156e+06   2.588740e-18   0.000000e+00   0.000000e+00
     3560000   3.559999e-05   2.539653e+01   8.147784e+00   2.423056e+01  -5.347270e+05  -7.447800e+05  -1.587397e+06   5.145818e+11  -2.566868e+11  -5.290981e+10   1.833156e+06   2.699482e-18   0.000000e+00   0.000000e+00
     3568000   3.567999e-05   2.535543e+01   8.087407e+00   2.410339e+01  -4.925162e+05  -7.642662e+05  -1.591787e+06   5.389763e+11  -2.297259e+11  -5.646878e+10   1.833156e+06   2.804528e-18   0.000000e+00   0.000000e+00
     3576000   3.575999e-05   2.531778e+01   8.025559e+00   2.397586e+01  -4.484860e+05  -7.815775e+05  -1.596389e+06   5.602634e+11  -2.027860e+11  -5.811923e+10   1.833156e+06   2.901158e-18   0.000000e+00   0.000000e+00
     3584000   3.583999e-05   2.528371e+01   7.962413e+00   2.384797e+01  -4.029530e+05  -7.967183e+05  -1.601040e+06   5.776533e+11  -1.759290e+11  -5.784050e+10   1.833156e+06   2.978746e-18   0.000000e+00   0.000000e+00
     3592000   3.591999e-05   2.525334e+01   7.898140e+00   2.371970e+01  -3.561297e+05  -8.097532e+05  -1.605594e+06   5.924134e+11  -1.501332e+11  -5.568585e+10   1.833156e+06   3.048484e-18   0.000000e+00   0.000000e+00
     3600000   3.599999e-05   2.522676e+01   7.832907e+00   2.359108e+01  -3.082621e+05  -8.207363e+05  -1.609916e+06   6.040460e+11  -1.248964e+11  -5.199114e+10   1.833156e+06   3.101745e-18   0.000000e+00   0.000000e+00
     3608000   3.607999e-05   2.520404e+01   7.766875e+00   2.346212e+01  -2.595986e+05  -8.297442e+05  -1.613876e+06   6.126773e+11  -1.006558e+11  -4.680375e+10   1.833156e+06   3.138352e-18   0.000000e+00   0.000000e+00
     3616000   3.615999e-05   2.518524e+01   7.700199e+00   2.333287e+01  -2.103640e+05  -8.368559e+05  -1.617369e+06   6.177825e+11  -7.740119e+10  -4.030587e+10   1.833157e+06   3.151104e-18   0.000000e+00   0.000000e+00
     3624000   3.623999e-05   2.517039e+01   7.633027e+00   2.320336e+01  -1.608290e+05  -8.421580e+05  -1.620298e+06   6.201820e+11  -5.553342e+10  -3.269719e+10   1.833157e+06   3.147122e-18   0.000000e+00   0.000000e+00
     3632000   3.631999e-05   2.515951e+01   7.565499e+00   2.307364e+01  -1.111963e+05  -8.457710e+05  -1.622581e+06   6.205871e+11  -3.509826e+10  -2.423654e+10   1.833157e+06   3.132303e-18   0.000000e+00   0.000000e+00
     3640000   3.639999e-05   2.515259e+01   7.497745e+00   2.294377e+01  -6.165412e+04  -8.478145e+05  -1.624153e+06   6.177153e+11  -1.641318e+10  -1.488356e+10   1.833157e+06   3.092765e-18   0.000000e+00   0.000000e+00
     3648000   3.647999e-05   2.514963e+01   7.429887e+00   2.281380e+01  -1.238723e+04  -8.484155e+05  -1.624962e+06   6.132846e+11   1.012990e+09  -5.206336e+09   1.833157e+06   3.044870e-18   0.000000e+00   0.000000e+00
     3656000   3.655999e-05   2.515060e+01   7.362034e+00   2.268379e+01   3.643229e+04  -8.477011e+05  -1.624974e+06   6.068181e+11   1.655817e+10   4.964823e+09   1.833157e+06   2.983196e-18   0.000000e+00   0.000000e+00
     3664000   3.663999e-05   2.515545e+01   7.294286e+00   2.255382e+01   8.463201e+04  -8.458008e+05  -1.624168e+06   5.983425e+11   3.069920e+10   1.518926e+10   1.833157e+06   2.907591e-18   0.000000e+00   0.000000e+00
     3672000   3.671999e-05   2.516412e+01   7.226734e+00   2.242395e+01   1.320749e+05  -8.428534e+05  -1.622535e+06   5.875897e+11   4.280513e+10   2.559202e+10   1.833157e+06   2.815002e-18   0.000000e+00   0.000000e+00
     3680000   3.679999e-05   2.517656e+01   7.159454e+00   2.229424e+01   1.786255e+05  -8.389952e+05  -1.620076e+06   5.761825e+11   5.347595e+10   3.583255e+10   1.833157e+06   2.720950e-18   0.000000e+00   0.000000e+00
     3688000   3.687999e-05   2.519268e+01   7.092516e+00   2.216476e+01   2.241823e+05  -8.343472e+05  -1.616809e+06   5.627661e+11   6.246191e+10   4.579640e+10   1.833157e+06   2.612273e-18   0.000000e+00   0.000000e+00
     3696000   3.695999e-05   2.521240e+01   7.025976e+00   2.203557e+01   2.686268e+05  -8.290381e+05  -1.612762e+06   5.480857e+11   6.994800e+10   5.533231e+10   1.833157e+06   2.496095e-18   0.000000e+00   0.000000e+00
     3704000   3.703999e-05   2.523562e+01   6.959883e+00   2.190674e+01   3.118578e+05  -8.232036e+05  -1.607963e+06   5.325718e+11   7.574525e+10   6.451016e+10   1.833157e+06   2.376123e-18   0.000000e+00   0.000000e+00
     3712000   3.711999e-05   2.526226e+01   6.894274e+00   2.177831e+01   3.537918e+05  -8.169666e+05  -1.602455e+06   5.157381e+11   7.982768e+10   7.316559e+10   1.833157e+06   2.248062e-18   0.000000e+00   0.000000e+00
     3720000   3.719999e-05   2.529219e+01   6.829176e+00   2.165036e+01   3.943656e+05  -8.104451e+05  -1.596283e+06   4.983898e+11   8.294761e+10   8.101360e+10   1.833158e+06   2.119551e-18   0.000000e+00   0.000000e+00
     3728000   3.727999e-05   2.532532e+01   6.764608e+00   2.152292e+01   4.335115e+05  -8.037457e+05  -1.589505e+06   4.802042e+11   8.442471e+10   8.827624e+10   1.833158e+06   1.987446e-18   0.000000e+00   0.000000e+00
     3736000   3.735999e-05   2.536152e+01   6.700579e+00   2.139605e+01   4.711789e+05  -7.969723e+05  -1.582180e+06   4.613781e+11   8.480097e+10   9.468287e+10   1.833158e+06   1.853958e-18   0.000000e+00   0.000000e+00
     3744000   3.743999e-05   2.540067e+01   6.637091e+00   2.126979e+01   5.073192e+05  -7.902393e+05  -1.574362e+06   4.422231e+11   8.371370e+10   1.004802e+11   1.833158e+06   1.721522e-18   0.000000e+00   0.000000e+00
     3752000   3.751999e-05   2.544265e+01   6.574137e+00   2.114417e+01   5.419074e+05  -7.836280e+05  -1.566120e+06   4.223810e+11   8.136047e+10   1.054409e+11   1.833158e+06   1.587774e-18   0.000000e+00   0.000000e+00
     3760000   3.759999e-05   2.548733e+01   6.511705e+00   2.101922e+01   5.749183e+05  -7.772172e+05  -1.557520e+06   4.026400e+11   7.849164e+10   1.094549e+11   1.833158e+06   1.459205e-18   0.000000e+00   0.000000e+00
     3768000   3.767999e-05   2.553459e+01   6.449774e+00   2.089497e+01   6.063330e+05  -7.711003e+05  -1.548623e+06   3.826715e+11   7.434019e+10   1.128105e+11   1.833158e+06   1.333166e-18   0.000000e+00   0.000000e+00
     3776000   3.775999e-05   2.558430e+01   6.388319e+00   2.077145e+01   6.361349e+05  -7.653442e+05  -1.539496e+06   3.625300e+11   6.935289e+10   1.153219e+11   1.833158e+06   1.210502e-18   0.000000e+00   0.000000e+00
     3784000   3.783999e-05   2.563633e+01   6.327308e+00   2.064866e+01   6.643155e+05  -7.600163e+05  -1.530205e+06   3.420191e+11   6.368538e+10   1.168506e+11   1.833158e+06   1.090292e-18   0.000000e+00   0.000000e+00
     3792000   3.791999e-05   2.569055e+01   6.266704e+00   2.052662e+01   6.908629e+05  -7.551820e+05  -1.520814e+06   3.216961e+11   5.707209e+10   1.177967e+11   1.833158e+06   9.764341e-19   0.000000e+00   0.000000e+00
     3800000   3.799999e-05   2.574682e+01   6.206464e+00   2.040533e+01   7.157852e+05  -7.508920e+05  -1.511384e+06   3.014194e+11   5.009497e+10   1.178619e+11   1.833158e+06   8.682280e-19   0.000000e+00   0.000000e+00
     3808000   3.807999e-05   2.580503e+01   6.146545e+00   2.028479e+01   7.390848e+05  -7.472039e+05  -1.501968e+06   2.811520e+11   4.226911e+10   1.173198e+11   1.833158e+06   7.657662e-19   0.000000e+00   0.000000e+00
     3816000   3.815999e-05   2.586503e+01   6.086895e+00   2.016501e+01   7.607706e+05  -7.441407e+05  -1.492632e+06   2.609948e+11   3.413902e+10   1.160045e+11   1.833158e+06   6.697900e-19   0.000000e+00   0.000000e+00
     3824000   3.823999e-05   2.592671e+01   6.027464e+00   2.004597e+01   7.808551e+05  -7.417479e+05  -1.483423e+06   2.411419e+11   2.568488e+10   1.140905e+11   1.833158e+06   5.814331e-19   0.000000e+00   0.000000e+00
     3832000   3.831999e-05   2.598988e+01   5.968193e+00   1.992763e+01   7.964905e+05  -7.402624e+05  -1.475833e+06   1.152189e+11   9.015850e+09   5.765997e+10   1.833158e+06   1.350832e-19   0.000000e+00   0.000000e+00
     3840000   3.839999e-05   2.605378e+01   5.908986e+00   1.980966e+01   7.990508e+05  -7.400091e+05  -1.474575e+06  -4.288995e+10   2.621376e+08  -2.337300e+10   1.833158e+06   1.929755e-20   0.000000e+00   0.000000e+00
     3848000   3.847999e-05   2.611755e+01   5.849791e+00   1.969160e+01   7.951561e+05  -7.397816e+05  -1.476793e+06  -4.246332e+10   6.286601e+09  -2.601292e+10   1.833158e+06   2.039496e-20   0.000000e+00   0.000000e+00
     3856000   3.855999e-05   2.618104e+01   5.790636e+00   1.957338e+01   7.922905e+05  -7.390036e+05  -1.478722e+06  -2.912599e+10   1.317425e+10  -2.218949e+10   1.833158e+06   1.225853e-20   0.000000e+00   0.000000e+00
     3864000   3.863999e-05   2.624434e+01   5.731565e+00   1.945502e+01   7.904867e+05  -7.376755e+05  -1.480349e+06  -1.592750e+10   2.003817e+10  -1.849034e+10   1.833158e+06   8.071758e-21   0.000000e+00   0.000000e+00
     3872000   3.871999e-05   2.630754e+01   5.672623e+00   1.933653e+01   7.897407e+05  -7.357940e+05  -1.481683e+06  -2.783479e+09   2.693086e+10  -1.485729e+10   1.833158e+06   7.720378e-21   0.000000e+00   0.000000e+00
     3880000   3.879999e-05   2.637073e+01   5.613853e+00   1.921796e+01   7.900335e+05  -7.333624e+05  -1.482732e+06   1.004919e+10   3.383752e+10  -1.138168e+10   1.833158e+06   1.113394e-20   0.000000e+00   0.000000e+00
     3888000   3.887999e-05   2.643398e+01   5.555299e+00   1.909930e+01   7.913507e+05  -7.303763e+05  -1.483503e+06   2.287892e+10   4.081648e+10  -7.890893e+09   1.833158e+06   1.822616e-20   0.000000e+00   0.000000e+00
     3896000   3.895999e-05   2.649737e+01   5.497007e+00   1.898060e+01   7.936778e+05  -7.268307e+05  -1.484002e+06   3.532489e+10   4.788177e+10  -4.558884e+09   1.833158e+06   2.882684e-20   0.000000e+00   0.000000e+00
     3904000   3.903999e-05   2.656099e+01   5.439022e+00   1.886187e+01   7.969783e+05  -7.227219e+05  -1.484239e+06   4.719187e+10   5.488117e+10  -1.383182e+09   1.833158e+06   4.242290e-20   0.000000e+00   0.000000e+00
     3912000   3.911999e-05   2.662491e+01   5.381387e+00   1.874313e+01   8.012259e+05  -7.180466e+05  -1.484222e+06   5.895559e+10   6.201840e+10   1.822213e+09   1.833158e+06   5.929584e-20   0.000000e+00   0.000000e+00
     3920000   3.919999e-05   2.668921e+01   5.324149e+00   1.862440e+01   8.063903e+05  -7.127968e+05  -1.483955e+06   7.005770e+10   6.922287e+10   4.819490e+09   1.833158e+06   7.870507e-20   0.000000e+00   0.000000e+00
     3928000   3.927999e-05   2.675396e+01   5.267355e+00   1.850570e+01   8.124245e+05  -7.069689e+05  -1.483452e+06   8.068149e+10   7.651963e+10   7.718826e+09   1.833158e+06   1.005709e-19   0.000000e+00   0.000000e+00
     3936000   3.935999e-05   2.681922e+01   5.211050e+00   1.838706e+01   8.192972e+05  -7.005503e+05  -1.482717e+06   9.098505e+10   8.392448e+10   1.062260e+10   1.833158e+06   1.249371e-19   0.000000e+00   0.000000e+00
     3944000   3.943999e-05   2.688507e+01   5.155283e+00   1.826848e+01   8.269704e+05  -6.935350e+05  -1.481755e+06   1.006948e+11   9.142672e+10   1.340561e+10   1.833158e+06   1.511933e-19   0.000000e+00   0.000000e+00
     3952000   3.951999e-05   2.695156e+01   5.100101e+00   1.814998e+01   8.353815e+05  -6.859221e+05  -1.480580e+06   1.095448e+11   9.891445e+10   1.598284e+10   1.833158e+06   1.784047e-19   0.000000e+00   0.000000e+00
     3960000   3.959999e-05   2.701875e+01   5.045551e+00   1.803159e+01   8.444910e+05  -6.777024e+05  -1.479197e+06   1.180216e+11   1.065545e+11   1.856123e+10   1.833158e+06   2.074484e-19   0.000000e+00   0.000000e+00
     3968000   3.967999e-05   2.708669e+01   4.991684e+00   1.791331e+01   8.542435e+05  -6.688732e+05  -1.477615e+06   1.256646e+11   1.141896e+11   2.095912e+10   1.833158e+06   2.369351e-19   0.000000e+00   0.000000e+00
     3976000   3.975999e-05   2.715544e+01   4.938548e+00   1.779517e+01   8.645866e+05  -6.594303e+05  -1.475842e+06   1.327913e+11   1.218833e+11   2.333288e+10   1.833158e+06   2.673992e-19   0.000000e+00   0.000000e+00
     3984000   3.983999e-05   2.722504e+01   4.886192e+00   1.767718e+01   8.754666e+05  -6.493716e+05  -1.473887e+06   1.392268e+11   1.295869e+11   2.560436e+10   1.833158e+06   2.981513e-19   0.000000e+00   0.000000e+00
     3992000   3.991999e-05   2.729553e+01   4.834665e+00   1.755936e+01   8.868283e+05  -6.386964e+05  -1.471758e+06   1.447676e+11   1.372941e+11   2.765019e+10   1.833158e+06   3.284216e-19   0.000000e+00   0.000000e+00
     4000000   3.999999e-05   2.736694e+01   4.784017e+00   1.744171e+01   8.986131e+05  -6.274048e+05  -1.469465e+06   1.497452e+11   1.450227e+11   2.965337e+10   1.833158e+06   3.588800e-19   0.000000e+00   0.000000e+00
     4008000   4.007999e-05   2.743932e+01   4.734297e+00   1.732425e+01   9.107680e+05  -6.154965e+05  -1.467015e+06   1.539488e+11   1.526515e+11   3.152978e+10   1.833158e+06   3.885259e-19   0.000000e+00   0.000000e+00
     4016000   4.015999e-05   2.751267e+01   4.685554e+00   1.720699e+01   9.232258e+05  -6.029801e+05  -1.464424e+06   1.574017e+11   1.602603e+11   3.324383e+10   1.833158e+06   4.174004e-19   0.000000e+00   0.000000e+00
     4024000   4.023999e-05   2.758704e+01   4.637836e+00   1.708994e+01   9.359432e+05  -5.898550e+05  -1.461694e+06   1.604277e+11   1.678700e+11   3.498115e+10   1.833158e+06   4.463583e-19   0.000000e+00   0.000000e+00
     4032000   4.031999e-05   2.766243e+01   4.591193e+00   1.697312e+01   9.488653e+05  -5.761332e+05  -1.458833e+06   1.627476e+11   1.752695e+11   3.663641e+10   1.833158e+06   4.739406e-19   0.000000e+00   0.000000e+00
     4040000   4.039999e-05   2.773886e+01   4.545671e+00   1.685653e+01   9.619372e+05  -5.618207e+05  -1.455851e+06   1.640213e+11   1.825186e+11   3.793993e+10   1.833158e+06   4.990919e-19   0.000000e+00   0.000000e+00
     4048000   4.047999e-05   2.781634e+01   4.501317e+00   1.674019e+01   9.750968e+05  -5.469343e+05  -1.452762e+06   1.648458e+11   1.895946e+11   3.926601e+10   1.833158e+06   5.234300e-19   0.000000e+00   0.000000e+00
     4056000   4.055999e-05   2.789488e+01   4.458176e+00   1.662409e+01   9.883077e+05  -5.314821e+05  -1.449567e+06   1.651515e+11   1.966154e+11   4.051021e+10   1.833158e+06   5.469996e-19   0.000000e+00   0.000000e+00
     4064000   4.063999e-05   2.797447e+01   4.416294e+00   1.650826e+01   1.001510e+06  -5.154813e+05  -1.446280e+06   1.647837e+11   2.033722e+11   4.162213e+10   1.833158e+06   5.686344e-19   0.000000e+00   0.000000e+00
     4072000   4.071999e-05   2.805512e+01   4.375714e+00   1.639269e+01   1.014670e+06  -4.989455e+05  -1.442902e+06   1.640933e+11   2.100290e+11   4.276573e+10   1.833158e+06   5.898547e-19   0.000000e+00   0.000000e+00
     4080000   4.079999e-05   2.813682e+01   4.336477e+00   1.627740e+01   1.027741e+06  -4.818887e+05  -1.439445e+06   1.627089e+11   2.163757e+11   4.373414e+10   1.833158e+06   6.087777e-19   0.000000e+00   0.000000e+00
     4088000   4.087999e-05   2.821955e+01   4.298625e+00   1.616238e+01   1.040682e+06  -4.643356e+05  -1.435912e+06   1.608477e+11   2.224558e+11   4.463803e+10   1.833158e+06   6.261478e-19   0.000000e+00   0.000000e+00
     4096000   4.095999e-05   2.830332e+01   4.262196e+00   1.604765e+01   1.053455e+06  -4.463031e+05  -1.432311e+06   1.585492e+11   2.283335e+11   4.546329e+10   1.833158e+06   6.422554e-19   0.000000e+00   0.000000e+00
     4104000   4.103999e-05   2.838810e+01   4.227228e+00   1.593321e+01   1.066030e+06  -4.278114e+05  -1.428645e+06   1.557862e+11   2.339236e+11   4.619538e+10   1.833158e+06   6.566860e-19   0.000000e+00   0.000000e+00
     4112000   4.111999e-05   2.847388e+01   4.193758e+00   1.581907e+01   1.078372e+06  -4.088820e+05  -1.424920e+06   1.527089e+11   2.392673e+11   4.691077e+10   1.833158e+06   6.700095e-19   0.000000e+00   0.000000e+00
     4120000   4.119999e-05   2.856063e+01   4.161819e+00   1.570523e+01   1.090460e+06  -3.895342e+05  -1.421136e+06   1.493246e+11   2.443199e+11   4.761027e+10   1.833158e+06   6.820493e-19   0.000000e+00   0.000000e+00
     4128000   4.127999e-05   2.864835e+01   4.131443e+00   1.559169e+01   1.102259e+06  -3.697935e+05  -1.417303e+06   1.456430e+11   2.491377e+11   4.826485e+10   1.833158e+06   6.930116e-19   0.000000e+00   0.000000e+00
     4136000   4.135999e-05   2.873699e+01   4.102661e+00   1.547846e+01   1.113747e+06  -3.496832e+05  -1.413421e+06   1.415328e+11   2.535747e+11   4.878940e+10   1.833158e+06   7.019248e-19   0.000000e+00   0.000000e+00
     4144000   4.143999e-05   2.882654e+01   4.075503e+00   1.536554e+01   1.124904e+06  -3.292249e+05  -1.409493e+06   1.373390e+11   2.578291e+11   4.938556e+10   1.833158e+06   7.105437e-19   0.000000e+00   0.000000e+00
     4152000   4.151999e-05   2.891696e+01   4.049994e+00   1.525294e+01   1.135713e+06  -3.084400e+05  -1.405521e+06   1.328671e+11   2.617605e+11   4.991783e+10   1.833158e+06   7.177260e-19   0.000000e+00   0.000000e+00
     4160000   4.159999e-05   2.900824e+01   4.026161e+00   1.514066e+01   1.146158e+06  -2.873522e+05  -1.401506e+06   1.282280e+11   2.653686e+11   5.045600e+10   1.833158e+06   7.237543e-19   0.000000e+00   0.000000e+00
     4168000   4.167999e-05   2.910034e+01   4.004025e+00   1.502870e+01   1.156224e+06  -2.659882e+05  -1.397450e+06   1.234195e+11   2.686679e+11   5.097653e+10   1.833158e+06   7.286492e-19   0.000000e+00   0.000000e+00
     4176000   4.175999e-05   2.919323e+01   3.983609e+00   1.491707e+01   1.165906e+06  -2.443660e+05  -1.393348e+06   1.185230e+11   2.717695e+11   5.151229e+10   1.833158e+06   7.330733e-19   0.000000e+00   0.000000e+00
     4184000   4.183999e-05   2.928687e+01   3.964933e+00   1.480577e+01   1.175190e+06  -2.225110e+05  -1.389204e+06   1.134809e+11   2.745397e+11   5.202446e+10   1.833158e+06   7.362841e-19   0.000000e+00   0.000000e+00
     4192000   4.191999e-05   2.938125e+01   3.948013e+00   1.469480e+01   1.184069e+06  -2.004443e+05  -1.385017e+06   1.084303e+11   2.770846e+11   5.259724e+10   1.833158e+06   7.390606e-19   0.000000e+00   0.000000e+00
     4200000   4.199999e-05   2.947631e+01   3.932867e+00   1.458417e+01   1.192539e+06  -1.781887e+05  -1.380786e+06   1.033588e+11   2.793291e+11   5.321982e+10   1.833158e+06   7.410086e-19   0.000000e+00   0.000000e+00
     4208000   4.207999e-05   2.957204e+01   3.919508e+00   1.447388e+01   1.200597e+06  -1.557615e+05  -1.376509e+06   9.812826e+10   2.813190e+11   5.375400e+10   1.833158e+06   7.419713e-19   0.000000e+00   0.000000e+00
     4216000   4.215999e-05   2.966840e+01   3.907949e+00   1.436393e+01   1.208234e+06  -1.331880e+05  -1.372189e+06   9.282766e+10   2.829950e+11   5.426738e+10   1.833158e+06   7.418826e-19   0.000000e+00   0.000000e+00
     4224000   4.223999e-05   2.976535e+01   3.898201e+00   1.425433e+01   1.215453e+06  -1.104860e+05  -1.367822e+06   8.772542e+10   2.845839e+11   5.496524e+10   1.833159e+06   7.423428e-19   0.000000e+00   0.000000e+00
     4232000   4.231999e-05   2.986286e+01   3.890274e+00   1.414508e+01   1.222262e+06  -8.766843e+04  -1.363400e+06   8.249831e+10   2.858098e+11   5.557953e+10   1.833159e+06   7.413502e-19   0.000000e+00   0.000000e+00
     4240000   4.239999e-05   2.996090e+01   3.884176e+00   1.403618e+01   1.228655e+06  -6.476258e+04  -1.358927e+06   7.733090e+10   2.867864e+11   5.624960e+10   1.833159e+06   7.397981e-19   0.000000e+00   0.000000e+00
     4248000   4.247999e-05   3.005943e+01   3.879914e+00   1.392765e+01   1.234637e+06  -4.178329e+04  -1.354398e+06   7.221869e+10   2.876291e+11   5.695879e+10   1.833159e+06   7.381775e-19   0.000000e+00   0.000000e+00
     4256000   4.255999e-05   3.015843e+01   3.877493e+00   1.381948e+01   1.240212e+06  -1.874680e+04  -1.349813e+06   6.713382e+10   2.882296e+11   5.767901e+10   1.833159e+06   7.359094e-19   0.000000e+00   0.000000e+00
     4264000   4.263999e-05   3.025786e+01   3.876916e+00   1.371168e+01   1.245381e+06   4.330578e+03  -1.345168e+06   6.207484e+10   2.886277e+11   5.839853e+10   1.833159e+06   7.331529e-19   0.000000e+00   0.000000e+00
     4272000   4.271999e-05   3.035768e+01   3.878186e+00   1.360426e+01   1.250148e+06   2.743156e+04  -1.340465e+06   5.709289e+10   2.888339e+11   5.915622e+10   1.833159e+06   7.300324e-19   0.000000e+00   0.000000e+00
     4280000   4.279999e-05   3.045787e+01   3.881305e+00   1.349721e+01   1.254521e+06   5.054479e+04  -1.335699e+06   5.222623e+10   2.889406e+11   5.998541e+10   1.833159e+06   7.270243e-19   0.000000e+00   0.000000e+00
     4288000   4.287999e-05   3.055839e+01   3.886273e+00   1.339055e+01   1.258507e+06   7.365365e+04  -1.330867e+06   4.740857e+10   2.887771e+11   6.081194e+10   1.833159e+06   7.231824e-19   0.000000e+00   0.000000e+00
     4296000   4.295999e-05   3.065922e+01   3.893089e+00   1.328427e+01   1.262105e+06   9.673877e+04  -1.325972e+06   4.255222e+10   2.883679e+11   6.154040e+10   1.833159e+06   7.184557e-19   0.000000e+00   0.000000e+00
     4304000   4.303999e-05   3.076032e+01   3.901750e+00   1.317839e+01   1.265327e+06   1.197892e+05  -1.321011e+06   3.799140e+10   2.878815e+11   6.249436e+10   1.833159e+06   7.141708e-19   0.000000e+00   0.000000e+00
     4312000   4.311999e-05   3.086166e+01   3.912254e+00   1.307291e+01   1.268185e+06   1.427944e+05  -1.315974e+06   3.348786e+10   2.872322e+11   6.343823e+10   1.833159e+06   7.095044e-19   0.000000e+00   0.000000e+00
     4320000   4.319999e-05   3.096322e+01   3.924596e+00   1.296784e+01   1.270683e+06   1.657417e+05  -1.310864e+06   2.900066e+10   2.864308e+11   6.432651e+10   1.833159e+06   7.044322e-19   0.000000e+00   0.000000e+00
     4328000   4.327999e-05   3.106496e+01   3.938771e+00   1.286318e+01   1.272828e+06   1.886212e+05  -1.305680e+06   2.467421e+10   2.855340e+11   6.530153e+10   1.833159e+06   6.994232e-19   0.000000e+00   0.000000e+00
     4336000   4.335999e-05   3.116686e+01   3.954773e+00   1.275893e+01   1.274633e+06   2.114252e+05  -1.300415e+06   2.050022e+10   2.845660e+11   6.635868e+10   1.833159e+06   6.945562e-19   0.000000e+00   0.000000e+00
     4344000   4.343999e-05   3.126889e+01   3.972597e+00   1.265511e+01   1.276108e+06   2.341454e+05  -1.295066e+06   1.638260e+10   2.834101e+11   6.738210e+10   1.833159e+06   6.891204e-19   0.000000e+00   0.000000e+00
     4352000   4.351999e-05   3.137103e+01   3.992234e+00   1.255172e+01   1.277260e+06   2.567680e+05  -1.289632e+06   1.242031e+10   2.821282e+11   6.847274e+10   1.833159e+06   6.835276e-19   0.000000e+00   0.000000e+00
     4360000   4.359999e-05   3.147325e+01   4.013677e+00   1.244877e+01   1.278105e+06   2.792857e+05  -1.284102e+06   8.720633e+09   2.808043e+11   6.975276e+10   1.833159e+06   6.782936e-19   0.000000e+00   0.000000e+00
     4368000   4.367999e-05   3.157552e+01   4.036917e+00   1.234627e+01   1.278658e+06   3.016954e+05  -1.278470e+06   5.136000e+09   2.794368e+11   7.107807e+10   1.833159e+06   6.732008e-19   0.000000e+00   0.000000e+00
     4376000   4.375999e-05   3.167783e+01   4.061945e+00   1.224422e+01   1.278931e+06   3.239944e+05  -1.272727e+06   1.735404e+09   2.779823e+11   7.250835e+10   1.833159e+06   6.681111e-19   0.000000e+00   0.000000e+00
     4384000   4.383999e-05   3.178014e+01   4.088752e+00   1.214264e+01   1.278932e+06   3.461667e+05  -1.266875e+06  -1.626648e+09   2.763350e+11   7.386424e+10   1.833159e+06   6.623229e-19   0.000000e+00   0.000000e+00
     4392000   4.391999e-05   3.188245e+01   4.117328e+00   1.204152e+01   1.278662e+06   3.682073e+05  -1.260920e+06  -5.010911e+09   2.746995e+11   7.513427e+10   1.833159e+06   6.567412e-19   0.000000e+00   0.000000e+00
     4400000   4.399999e-05   3.198472e+01   4.147662e+00   1.194089e+01   1.278136e+06   3.901155e+05  -1.254851e+06  -8.131102e+09   2.730060e+11   7.659109e+10   1.833159e+06   6.513540e-19   0.000000e+00   0.000000e+00
     4408000   4.407999e-05   3.208694e+01   4.179743e+00   1.184075e+01   1.277363e+06   4.118835e+05  -1.248666e+06  -1.117733e+10   2.711562e+11   7.800844e+10   1.833159e+06   6.454562e-19   0.000000e+00   0.000000e+00
     4416000   4.415999e-05   3.218909e+01   4.213560e+00   1.174111e+01   1.276354e+06   4.335063e+05  -1.242363e+06  -1.411242e+10   2.693527e+11   7.948796e+10   1.833159e+06   6.400523e-19   0.000000e+00   0.000000e+00
     4424000   4.423999e-05   3.229115e+01   4.249100e+00   1.164198e+01   1.275107e+06   4.549802e+05  -1.235947e+06  -1.703209e+10   2.675083e+11   8.090349e+10   1.833159e+06   6.346107e-19   0.000000e+00   0.000000e+00
     4432000   4.431999e-05   3.239310e+01   4.286353e+00   1.154336e+01   1.273636e+06   4.763105e+05  -1.229411e+06  -1.976294e+10   2.657035e+11   8.246698e+10   1.833159e+06   6.297016e-19   0.000000e+00   0.000000e+00
     4440000   4.439999e-05   3.249493e+01   4.325305e+00   1.144527e+01   1.271951e+06   4.974820e+05  -1.222753e+06  -2.239079e+10   2.636444e+11   8.397250e+10   1.833159e+06   6.238035e-19   0.000000e+00   0.000000e+00
     4448000   4.447999e-05   3.259661e+01   4.365946e+00   1.134772e+01   1.270056e+06   5.184981e+05  -1.215972e+06  -2.495655e+10   2.617190e+11   8.553143e+10   1.833159e+06   6.187376e-19   0.000000e+00   0.000000e+00
     4456000   4.455999e-05   3.269813e+01   4.408261e+00   1.125072e+01   1.267960e+06   5.393569e+05  -1.209067e+06  -2.746315e+10   2.597451e+11   8.706908e+10   1.833159e+06   6.136173e-19   0.000000e+00   0.000000e+00
     4464000   4.463999e-05   3.279948e+01   4.452239e+00   1.115428e+01   1.265674e+06   5.600568e+05  -1.202031e+06  -2.968441e+10   2.577381e+11   8.883003e+10   1.833159e+06   6.087449e-19   0.000000e+00   0.000000e+00
     4472000   4.471999e-05   3.290064e+01   4.497866e+00   1.105840e+01   1.263212e+06   5.805982e+05  -1.194853e+06  -3.191461e+10   2.556932e+11   9.050431e+10   1.833159e+06   6.037885e-19   0.000000e+00   0.000000e+00
     4480000   4.479999e-05   3.300159e+01   4.545130e+00   1.096310e+01   1.260573e+06   6.009730e+05  -1.187543e+06  -3.399914e+10   2.536817e+11   9.228861e+10   1.833159e+06   5.992470e-19   0.000000e+00   0.000000e+00
     4488000   4.487999e-05   3.310232e+01   4.594017e+00   1.086840e+01   1.257772e+06   6.211845e+05  -1.180090e+06  -3.603550e+10   2.515892e+11   9.402517e+10   1.833159e+06   5.944620e-19   0.000000e+00   0.000000e+00
     4496000   4.495999e-05   3.320283e+01   4.644515e+00   1.077429e+01   1.254810e+06   6.412308e+05  -1.172496e+06  -3.796104e+10   2.495862e+11   9.587043e+10   1.833159e+06   5.903255e-19   0.000000e+00   0.000000e+00
     4504000   4.503999e-05   3.330309e+01   4.696610e+00   1.068080e+01   1.251698e+06   6.611167e+05  -1.164753e+06  -3.979540e+10   2.475441e+11   9.774003e+10   1.833159e+06   5.861925e-19   0.000000e+00   0.000000e+00
     4512000   4.511999e-05   3.340309e+01   4.750289e+00   1.058794e+01   1.248438e+06   6.808352e+05  -1.156866e+06  -4.165221e+10   2.454244e+11   9.948659e+10   1.833159e+06   5.817464e-19   0.000000e+00   0.000000e+00
     4520000   4.519999e-05   3.350283e+01   4.805539e+00   1.049571e+01   1.245036e+06   7.003839e+05  -1.148834e+06  -4.335030e+10   2.432887e+11   1.013393e+11   1.833159e+06   5.774775e-19   0.000000e+00   0.000000e+00
     4528000   4.527999e-05   3.360230e+01   4.862346e+00   1.040413e+01   1.241501e+06   7.197665e+05  -1.140650e+06  -4.505215e+10   2.412310e+11   1.031841e+11   1.833159e+06   5.736792e-19   0.000000e+00   0.000000e+00
     4536000   4.535999e-05   3.370147e+01   4.920697e+00   1.031321e+01   1.237836e+06   7.389868e+05  -1.132314e+06  -4.661314e+10   2.392160e+11   1.051629e+11   1.833159e+06   5.703379e-19   0.000000e+00   0.000000e+00
     4544000   4.543999e-05   3.380035e+01   4.980580e+00   1.022296e+01   1.234047e+06   7.580430e+05  -1.123820e+06  -4.813065e+10   2.371659e+11   1.071219e+11   1.833159e+06   5.669627e-19   0.000000e+00   0.000000e+00
     4552000   4.551999e-05   3.389892e+01   5.041980e+00   1.013340e+01   1.230138e+06   7.769328e+05  -1.115173e+06  -4.958021e+10   2.350756e+11   1.090834e+11   1.833159e+06   5.635514e-19   0.000000e+00   0.000000e+00
     4560000   4.559999e-05   3.399717e+01   5.104884e+00   1.004454e+01   1.226117e+06   7.956581e+05  -1.106362e+06  -5.090638e+10   2.330400e+11   1.111772e+11   1.833159e+06   5.606500e-19   0.000000e+00   0.000000e+00
     4568000   4.567999e-05   3.409509e+01   5.169281e+00   9.956386e+00   1.221993e+06   8.142209e+05  -1.097384e+06  -5.219705e+10   2.310397e+11   1.132988e+11   1.833159e+06   5.580676e-19   0.000000e+00   0.000000e+00
     4576000   4.575999e-05   3.419268e+01   5.235155e+00   9.868960e+00   1.217769e+06   8.326208e+05  -1.088235e+06  -5.343063e+10   2.289890e+11   1.154109e+11   1.833159e+06   5.553959e-19   0.000000e+00   0.000000e+00
     4584000   4.583999e-05   3.428993e+01   5.302496e+00   9.782273e+00   1.213444e+06   8.508613e+05  -1.078917e+06  -5.470596e+10   2.270045e+11   1.174938e+11   1.833159e+06   5.531142e-19   0.000000e+00   0.000000e+00
     4592000   4.591999e-05   3.438683e+01   5.371289e+00   9.696338e+00   1.209020e+06   8.689404e+05  -1.069433e+06  -5.598916e+10   2.250427e+11   1.195549e+11   1.833159e+06   5.510402e-19   0.000000e+00   0.000000e+00
     4600000   4.599999e-05   3.448337e+01   5.441522e+00   9.611169e+00   1.204499e+06   8.868619e+05  -1.059779e+06  -5.712683e+10   2.230506e+11   1.217284e+11   1.833159e+06   5.491012e-19   0.000000e+00   0.000000e+00
     4608000   4.607999e-05   3.457955e+01   5.513183e+00   9.526778e+00   1.199885e+06   9.046251e+05  -1.049954e+06  -5.821817e+10   2.211166e+11   1.239786e+11   1.833159e+06   5.476423e-19   0.000000e+00   0.000000e+00
     4616000   4.615999e-05   3.467535e+01   5.586258e+00   9.443181e+00   1.195183e+06   9.222365e+05  -1.039948e+06  -5.932323e+10   2.191667e+11   1.261801e+11   1.833159e+06   5.462019e-19   0.000000e+00   0.000000e+00
     4624000   4.623999e-05   3.477078e+01   5.660736e+00   9.360391e+00   1.190394e+06   9.396945e+05  -1.029762e+06  -6.034928e+10   2.172821e+11   1.285138e+11   1.833159e+06   5.453490e-19   0.000000e+00   0.000000e+00
     4632000   4.631999e-05   3.486581e+01   5.736605e+00   9.278424e+00   1.185521e+06   9.569995e+05  -1.019394e+06  -6.146434e+10   2.153548e+11   1.306918e+11   1.833159e+06   5.442691e-19   0.000000e+00   0.000000e+00
     4640000   4.639999e-05   3.496046e+01   5.813852e+00   9.197293e+00   1.180569e+06   9.741517e+05  -1.008841e+06  -6.236669e+10   2.134570e+11   1.331337e+11   1.833159e+06   5.438006e-19   0.000000e+00   0.000000e+00
     4648000   4.647999e-05   3.505470e+01   5.892465e+00   9.117014e+00   1.175537e+06   9.911539e+05  -9.980979e+05  -6.341872e+10   2.116111e+11   1.354451e+11   1.833159e+06   5.435458e-19   0.000000e+00   0.000000e+00
     4656000   4.655999e-05   3.514854e+01   5.972433e+00   9.037603e+00   1.170428e+06   1.008008e+06  -9.871643e+05  -6.434361e+10   2.097360e+11   1.378750e+11   1.833159e+06   5.434829e-19   0.000000e+00   0.000000e+00
     4664000   4.663999e-05   3.524197e+01   6.053743e+00   8.959073e+00   1.165243e+06   1.024712e+06  -9.760368e+05  -6.527589e+10   2.078813e+11   1.403180e+11   1.833159e+06   5.436925e-19   0.000000e+00   0.000000e+00
     4672000   4.671999e-05   3.533498e+01   6.136383e+00   8.881442e+00   1.159980e+06   1.041267e+06  -9.647191e+05  -6.632853e+10   2.059750e+11   1.425644e+11   1.833159e+06   5.435716e-19   0.000000e+00   0.000000e+00
     4680000   4.679999e-05   3.542756e+01   6.220341e+00   8.804723e+00   1.154632e+06   1.057671e+06  -9.532205e+05  -6.736793e+10   2.041725e+11   1.449419e+11   1.833159e+06   5.442454e-19   0.000000e+00   0.000000e+00
     4688000   4.687999e-05   3.551972e+01   6.305607e+00   8.728932e+00   1.149206e+06   1.073935e+06  -9.415218e+05  -6.840745e+10   2.023513e+11   1.473116e+11   1.833159e+06   5.450008e-19   0.000000e+00   0.000000e+00
     4696000   4.695999e-05   3.561143e+01   6.392167e+00   8.654084e+00   1.143691e+06   1.090049e+06  -9.296439e+05  -6.936237e+10   2.005326e+11   1.498001e+11   1.833160e+06   5.461195e-19   0.000000e+00   0.000000e+00
     4704000   4.703999e-05   3.570271e+01   6.480010e+00   8.580194e+00   1.138094e+06   1.106017e+06  -9.175747e+05  -7.041835e+10   1.986534e+11   1.521082e+11   1.833160e+06   5.468826e-19   0.000000e+00   0.000000e+00
     4712000   4.711999e-05   3.579353e+01   6.569126e+00   8.507278e+00   1.132417e+06   1.121838e+06  -9.053095e+05  -7.150416e+10   1.968735e+11   1.545184e+11   1.833160e+06   5.484136e-19   0.000000e+00   0.000000e+00
     4720000   4.719999e-05   3.588389e+01   6.659501e+00   8.435350e+00   1.126659e+06   1.137516e+06  -8.928437e+05  -7.242912e+10   1.951007e+11   1.571681e+11   1.833160e+06   5.505518e-19   0.000000e+00   0.000000e+00
     4728000   4.727999e-05   3.597379e+01   6.751124e+00   8.364428e+00   1.120822e+06   1.153050e+06  -8.801747e+05  -7.347863e+10   1.932683e+11   1.596171e+11   1.833160e+06   5.523107e-19   0.000000e+00   0.000000e+00
     4736000   4.735999e-05   3.606322e+01   6.843985e+00   8.294528e+00   1.114906e+06   1.168441e+06  -8.672961e+05  -7.441227e+10   1.915503e+11   1.624035e+11   1.833160e+06   5.553401e-19   0.000000e+00   0.000000e+00
     4744000   4.743999e-05   3.615217e+01   6.938071e+00   8.225666e+00   1.108911e+06   1.183693e+06  -8.542031e+05  -7.547046e+10   1.897534e+11   1.649713e+11   1.833160e+06   5.578822e-19   0.000000e+00   0.000000e+00
     4752000   4.751999e-05   3.624064e+01   7.033372e+00   8.157861e+00   1.102829e+06   1.198803e+06  -8.409015e+05  -7.657856e+10   1.879933e+11   1.675738e+11   1.833160e+06   5.608699e-19   0.000000e+00   0.000000e+00
     4760000   4.759999e-05   3.632862e+01   7.129876e+00   8.091128e+00   1.096658e+06   1.213773e+06  -8.273885e+05  -7.773838e+10   1.862522e+11   1.701917e+11   1.833160e+06   5.642017e-19   0.000000e+00   0.000000e+00
     4768000   4.767999e-05   3.641611e+01   7.227572e+00   8.025484e+00   1.090392e+06   1.228602e+06  -8.136686e+05  -7.891324e+10   1.844859e+11   1.728131e+11   1.833160e+06   5.676693e-19   0.000000e+00   0.000000e+00
     4776000   4.775999e-05   3.650308e+01   7.326448e+00   7.960946e+00   1.084031e+06   1.243289e+06  -7.997395e+05  -8.012856e+10   1.826968e+11   1.754100e+11   1.833160e+06   5.712365e-19   0.000000e+00   0.000000e+00
     4784000   4.783999e-05   3.658955e+01   7.426494e+00   7.897531e+00   1.077570e+06   1.257833e+06  -7.856035e+05  -8.138595e+10   1.809047e+11   1.780136e+11   1.833160e+06   5.750545e-19   0.000000e+00   0.000000e+00
     4792000   4.791999e-05   3.667549e+01   7.527698e+00   7.835255e+00   1.071004e+06   1.272235e+06  -7.712596e+05  -8.272397e+10   1.791261e+11   1.806035e+11   1.833160e+06   5.791667e-19   0.000000e+00   0.000000e+00
     4800000   4.799999e-05   3.676091e+01   7.630048e+00   7.774135e+00   1.064333e+06   1.286494e+06  -7.567056e+05  -8.405894e+10   1.773345e+11   1.832579e+11   1.833160e+06   5.836178e-19   0.000000e+00   0.000000e+00
     4808000   4.807999e-05   3.684578e+01   7.733533e+00   7.714188e+00   1.057554e+06   1.300607e+06  -7.419391e+05  -8.540724e+10   1.754999e+11   1.859088e+11   1.833160e+06   5.881494e-19   0.000000e+00   0.000000e+00
     4816000   4.815999e-05   3.693011e+01   7.838141e+00   7.655431e+00   1.050663e+06   1.314572e+06  -7.269667e+05  -8.680664e+10   1.736264e+11   1.885082e+11   1.833160e+06   5.926836e-19   0.000000e+00   0.000000e+00
     4824000   4.823999e-05   3.701388e+01   7.943861e+00   7.597879e+00   1.043664e+06   1.328388e+06  -7.117764e+05  -8.814421e+10   1.717801e+11   1.913480e+11   1.833160e+06   5.981480e-19   0.000000e+00   0.000000e+00
     4832000   4.831999e-05   3.709709e+01   8.050679e+00   7.541552e+00   1.036552e+06   1.342054e+06  -6.963653e+05  -8.965407e+10   1.698649e+11   1.939154e+11   1.833160e+06   6.030312e-19   0.000000e+00   0.000000e+00
     4840000   4.839999e-05   3.717973e+01   8.158585e+00   7.486467e+00   1.029323e+06   1.355568e+06  -6.807384e+05  -9.112019e+10   1.679717e+11   1.967042e+11   1.833160e+06   6.088174e-19   0.000000e+00   0.000000e+00
     4848000   4.847999e-05   3.726178e+01   8.267566e+00   7.432640e+00   1.021970e+06   1.368928e+06  -6.648970e+05  -9.268577e+10   1.660307e+11   1.993711e+11   1.833160e+06   6.144494e-19   0.000000e+00   0.000000e+00
     4856000   4.855999e-05   3.734324e+01   8.377610e+00   7.380089e+00   1.014490e+06   1.382132e+06  -6.488422e+05  -9.433898e+10   1.640734e+11   2.019975e+11   1.833160e+06   6.202553e-19   0.000000e+00   0.000000e+00
     4864000   4.863999e-05   3.742410e+01   8.488703e+00   7.328831e+00   1.006874e+06   1.395179e+06  -6.325774e+05  -9.604870e+10   1.620878e+11   2.046103e+11   1.833160e+06   6.262477e-19   0.000000e+00   0.000000e+00
     4872000   4.871999e-05   3.750434e+01   8.600834e+00   7.278882e+00   9.991226e+05   1.408066e+06  -6.160998e+05  -9.781931e+10   1.600776e+11   2.072156e+11   1.833160e+06   6.324693e-19   0.000000e+00   0.000000e+00
     4880000   4.879999e-05   3.758395e+01   8.713989e+00   7.230260e+00   9.912269e+05   1.420791e+06  -5.994144e+05  -9.966807e+10   1.580484e+11   2.098035e+11   1.833160e+06   6.389352e-19   0.000000e+00   0.000000e+00
     4888000   4.887999e-05   3.766293e+01   8.828156e+00   7.182981e+00   9.831812e+05   1.433352e+06  -5.825230e+05  -1.015148e+11   1.559743e+11   2.124512e+11   1.833160e+06   6.457208e-19   0.000000e+00   0.000000e+00
     4896000   4.895999e-05   3.774126e+01   8.943321e+00   7.137062e+00   9.749829e+05   1.445746e+06  -5.654233e+05  -1.034553e+11   1.538666e+11   2.150317e+11   1.833160e+06   6.525837e-19   0.000000e+00   0.000000e+00
     4904000   4.903999e-05   3.781892e+01   9.059471e+00   7.092519e+00   9.666269e+05   1.457970e+06  -5.481171e+05  -1.054423e+11   1.517340e+11   2.176530e+11   1.833160e+06   6.598491e-19   0.000000e+00   0.000000e+00
     4912000   4.911999e-05   3.789591e+01   9.176592e+00   7.049369e+00   9.581092e+05   1.470021e+06  -5.306034e+05  -1.075068e+11   1.495486e+11   2.201936e+11   1.833160e+06   6.670827e-19   0.000000e+00   0.000000e+00
     4920000   4.919999e-05   3.797222e+01   9.294670e+00   7.007628e+00   9.494261e+05   1.481897e+06  -5.128800e+05  -1.095838e+11   1.473393e+11   2.228577e+11   1.833160e+06   6.749779e-19   0.000000e+00   0.000000e+00
     4928000   4.927999e-05   3.804782e+01   9.413691e+00   6.967314e+00   9.405741e+05   1.493594e+06  -4.949472e+05  -1.117197e+11   1.450657e+11   2.254539e+11   1.833160e+06   6.828442e-19   0.000000e+00   0.000000e+00
     4936000   4.935999e-05   3.812270e+01   9.533640e+00   6.928442e+00   9.315492e+05   1.505107e+06  -4.768070e+05  -1.139351e+11   1.427580e+11   2.280357e+11   1.833160e+06   6.909920e-19   0.000000e+00   0.000000e+00
     4944000   4.943999e-05   3.819686e+01   9.654503e+00   6.891030e+00   9.223430e+05   1.516434e+06  -4.584621e+05  -1.162642e+11   1.404188e+11   2.305522e+11   1.833160e+06   6.993116e-19   0.000000e+00   0.000000e+00
     4952000   4.951999e-05   3.827027e+01   9.776264e+00   6.855094e+00   9.129548e+05   1.527569e+06  -4.399106e+05  -1.185384e+11   1.379909e+11   2.331602e+11   1.833160e+06   7.079523e-19   0.000000e+00   0.000000e+00
     4960000   4.959999e-05   3.834293e+01   9.898909e+00   6.820650e+00   9.033774e+05   1.538510e+06  -4.211549e+05  -1.209140e+11   1.355241e+11   2.357170e+11   1.833160e+06   7.167999e-19   0.000000e+00   0.000000e+00
     4968000   4.967999e-05   3.841481e+01   1.002242e+01   6.787715e+00   8.936078e+05   1.549252e+06  -4.021939e+05  -1.233714e+11   1.330114e+11   2.382475e+11   1.833160e+06   7.259060e-19   0.000000e+00   0.000000e+00
     4976000   4.975999e-05   3.848590e+01   1.014678e+01   6.756304e+00   8.836389e+05   1.559790e+06  -3.830330e+05  -1.259180e+11   1.304486e+11   2.407244e+11   1.833160e+06   7.351829e-19   0.000000e+00   0.000000e+00
     4984000   4.983999e-05   3.855619e+01   1.027198e+01   6.726435e+00   8.734652e+05   1.570120e+06  -3.636727e+05  -1.284647e+11   1.278048e+11   2.432367e+11   1.833160e+06   7.447422e-19   0.000000e+00   0.000000e+00
     4992000   4.991999e-05   3.862565e+01   1.039800e+01   6.698122e+00   8.630831e+05   1.580237e+06  -3.441125e+05  -1.310741e+11   1.251083e+11   2.457688e+11   1.833160e+06   7.547272e-19   0.000000e+00   0.000000e+00
     5000000   4.999999e-05   3.869427e+01   1.052481e+01   6.671382e+00   8.524845e+05   1.590137e+06  -3.243614e+05  -1.338459e+11   1.223714e+11   2.481334e+11   1.833160e+06   7.646422e-19   0.000000e+00   0.000000e+00
     5008000   5.007999e-05   3.876204e+01   1.065241e+01   6.646229e+00   8.416656e+05   1.599814e+06  -3.044203e+05  -1.366295e+11   1.195485e+11   2.505027e+11   1.833160e+06   7.747722e-19   0.000000e+00   0.000000e+00
     5016000   5.015999e-05   3.882893e+01   1.078078e+01   6.622679e+00   8.306211e+05   1.609262e+06  -2.842889e+05  -1.394686e+11   1.166470e+11   2.528032e+11   1.833160e+06   7.849426e-19   0.000000e+00   0.000000e+00
     5024000   5.023999e-05   3.889493e+01   1.090989e+01   6.600748e+00   8.193448e+05   1.618477e+06  -2.639739e+05  -1.423801e+11   1.136845e+11   2.550872e+11   1.833160e+06   7.954521e-19   0.000000e+00   0.000000e+00
     5032000   5.031999e-05   3.896002e+01   1.103973e+01   6.580449e+00   8.078341e+05   1.627452e+06  -2.434742e+05  -1.454134e+11   1.106772e+11   2.573211e+11   1.833160e+06   8.063228e-19   0.000000e+00   0.000000e+00
     5040000   5.039999e-05   3.902418e+01   1.117027e+01   6.561797e+00   7.960806e+05   1.636183e+06  -2.227980e+05  -1.484223e+11   1.075596e+11   2.595623e+11   1.833160e+06   8.173496e-19   0.000000e+00   0.000000e+00
     5048000   5.047999e-05   3.908739e+01   1.130151e+01   6.544806e+00   7.840816e+05   1.644662e+06  -2.019411e+05  -1.515742e+11   1.044010e+11   2.617437e+11   1.833160e+06   8.287899e-19   0.000000e+00   0.000000e+00
     5056000   5.055999e-05   3.914963e+01   1.143341e+01   6.529490e+00   7.718316e+05   1.652883e+06  -1.809114e+05  -1.547041e+11   1.011297e+11   2.639361e+11   1.833160e+06   8.404362e-19   0.000000e+00   0.000000e+00
     5064000   5.063999e-05   3.921088e+01   1.156596e+01   6.515864e+00   7.593276e+05   1.660841e+06  -1.597094e+05  -1.579073e+11   9.778268e+10   2.660893e+11   1.833160e+06   8.523914e-19   0.000000e+00   0.000000e+00
     5072000   5.071999e-05   3.927111e+01   1.169914e+01   6.503942e+00   7.465647e+05   1.668527e+06  -1.383348e+05  -1.611695e+11   9.435844e+10   2.682987e+11   1.833160e+06   8.650488e-19   0.000000e+00   0.000000e+00
     5080000   5.079999e-05   3.933032e+01   1.183292e+01   6.493735e+00   7.335395e+05   1.675934e+06  -1.167919e+05  -1.644923e+11   9.083843e+10   2.703660e+11   1.833160e+06   8.775455e-19   0.000000e+00   0.000000e+00
     5088000   5.087999e-05   3.938847e+01   1.196728e+01   6.485259e+00   7.202457e+05   1.683058e+06  -9.508142e+04  -1.678333e+11   8.721002e+10   2.723682e+11   1.833160e+06   8.901001e-19   0.000000e+00   0.000000e+00
     5096000   5.095999e-05   3.944555e+01   1.210220e+01   6.478527e+00   7.066804e+05   1.689888e+06  -7.320921e+04  -1.713014e+11   8.352484e+10   2.744342e+11   1.833160e+06   9.036728e-19   0.000000e+00   0.000000e+00
     5104000   5.103999e-05   3.950153e+01   1.223766e+01   6.473550e+00   6.928378e+05   1.696418e+06  -5.117209e+04  -1.747806e+11   7.972012e+10   2.763787e+11   1.833160e+06   9.170619e-19   0.000000e+00   0.000000e+00
     5112000   5.111999e-05   3.955640e+01   1.237362e+01   6.470343e+00   6.787129e+05   1.702641e+06  -2.898048e+04  -1.783528e+11   7.583564e+10   2.784403e+11   1.833160e+06   9.316413e-19   0.000000e+00   0.000000e+00
     5120000   5.119999e-05   3.961012e+01   1.251007e+01   6.468917e+00   6.643017e+05   1.708548e+06  -6.635044e+03  -1.819295e+11   7.182520e+10   2.802672e+11   1.833160e+06   9.455409e-19   0.000000e+00   0.000000e+00
     5128000   5.127999e-05   3.966268e+01   1.264698e+01   6.469286e+00   6.496021e+05   1.714130e+06   1.586255e+04  -1.856212e+11   6.773341e+10   2.822495e+11   1.833161e+06   9.609286e-19   0.000000e+00   0.000000e+00
     5136000   5.135999e-05   3.971405e+01   1.278432e+01   6.471460e+00   6.346050e+05   1.719381e+06   3.851205e+04  -1.893355e+11   6.352024e+10   2.840398e+11   1.833161e+06   9.759331e-19   0.000000e+00   0.000000e+00
     5144000   5.143999e-05   3.976421e+01   1.292207e+01   6.475451e+00   6.193095e+05   1.724290e+06   6.130130e+04  -1.931047e+11   5.919469e+10   2.858669e+11   1.833161e+06   9.917342e-19   0.000000e+00   0.000000e+00
     5152000   5.151999e-05   3.981313e+01   1.306020e+01   6.481272e+00   6.037093e+05   1.728848e+06   8.423991e+04  -1.969107e+11   5.474890e+10   2.875780e+11   1.833161e+06   1.007592e-18   0.000000e+00   0.000000e+00
     5160000   5.159999e-05   3.986079e+01   1.319868e+01   6.488933e+00   5.877996e+05   1.733048e+06   1.073039e+05  -2.008428e+11   5.022543e+10   2.890245e+11   1.833161e+06   1.023161e-18   0.000000e+00   0.000000e+00
     5168000   5.167999e-05   3.990717e+01   1.333748e+01   6.498445e+00   5.715812e+05   1.736876e+06   1.305116e+05  -2.046928e+11   4.550781e+10   2.908433e+11   1.833161e+06   1.040681e-18   0.000000e+00   0.000000e+00
     5176000   5.175999e-05   3.995224e+01   1.347657e+01   6.509818e+00   5.550484e+05   1.740326e+06   1.538368e+05  -2.086736e+11   4.070377e+10   2.924359e+11   1.833161e+06   1.058168e-18   0.000000e+00   0.000000e+00
     5184000   5.183999e-05   3.999597e+01   1.361592e+01   6.523062e+00   5.381969e+05   1.743386e+06   1.772809e+05  -2.126627e+11   3.576474e+10   2.939064e+11   1.833161e+06   1.075696e-18   0.000000e+00   0.000000e+00
     5192000   5.191999e-05   4.003834e+01   1.375550e+01   6.538186e+00   5.210234e+05   1.746045e+06   2.008438e+05  -2.167015e+11   3.069235e+10   2.953423e+11   1.833161e+06   1.093854e-18   0.000000e+00   0.000000e+00
     5200000   5.199999e-05   4.007932e+01   1.389528e+01   6.555200e+00   5.035270e+05   1.748293e+06   2.245190e+05  -2.207010e+11   2.548505e+10   2.965226e+11   1.833161e+06   1.111302e-18   0.000000e+00   0.000000e+00
     5208000   5.207999e-05   4.011890e+01   1.403522e+01   6.574112e+00   4.857009e+05   1.750119e+06   2.483077e+05  -2.248622e+11   2.011810e+10   2.980499e+11   1.833161e+06   1.131680e-18   0.000000e+00   0.000000e+00
     5216000   5.215999e-05   4.015703e+01   1.417528e+01   6.594932e+00   4.675472e+05   1.751510e+06   2.721961e+05  -2.289605e+11   1.464411e+10   2.990563e+11   1.833161e+06   1.150060e-18   0.000000e+00   0.000000e+00
     5224000   5.223999e-05   4.019369e+01   1.431544e+01   6.617666e+00   4.490623e+05   1.752455e+06   2.961797e+05  -2.331068e+11   8.956824e+09   3.004408e+11   1.833161e+06   1.171201e-18   0.000000e+00   0.000000e+00
     5232000   5.231999e-05   4.022887e+01   1.445566e+01   6.642323e+00   4.302487e+05   1.752940e+06   3.202580e+05  -2.372345e+11   3.137955e+09   3.015402e+11   1.833161e+06   1.191704e-18   0.000000e+00   0.000000e+00
     5240000   5.239999e-05   4.026252e+01   1.459590e+01   6.668910e+00   4.111013e+05   1.752954e+06   3.444229e+05  -2.414397e+11  -2.826604e+09   3.025715e+11   1.833161e+06   1.213027e-18   0.000000e+00   0.000000e+00
     5248000   5.247999e-05   4.029464e+01   1.473612e+01   6.697433e+00   3.916212e+05   1.752483e+06   3.686667e+05  -2.456176e+11  -8.967089e+09   3.035405e+11   1.833161e+06   1.234840e-18   0.000000e+00   0.000000e+00
     5256000   5.255999e-05   4.032518e+01   1.487629e+01   6.727899e+00   3.718055e+05   1.751515e+06   3.929833e+05  -2.498184e+11  -1.525428e+10   3.043476e+11   1.833161e+06   1.256892e-18   0.000000e+00   0.000000e+00
     5264000   5.263999e-05   4.035412e+01   1.501635e+01   6.760312e+00   3.516510e+05   1.750035e+06   4.173718e+05  -2.540981e+11  -2.172396e+10   3.051791e+11   1.833161e+06   1.280389e-18   0.000000e+00   0.000000e+00
     5272000   5.271999e-05   4.038143e+01   1.515628e+01   6.794680e+00   3.311534e+05   1.748031e+06   4.418194e+05  -2.583031e+11  -2.842671e+10   3.060761e+11   1.833161e+06   1.304990e-18   0.000000e+00   0.000000e+00
     5280000   5.279999e-05   4.040709e+01   1.529602e+01   6.831005e+00   3.103150e+05   1.745486e+06   4.663294e+05  -2.626616e+11  -3.523320e+10   3.066685e+11   1.833161e+06   1.329816e-18   0.000000e+00   0.000000e+00
     5288000   5.287999e-05   4.043107e+01   1.543554e+01   6.869294e+00   2.891336e+05   1.742384e+06   4.908964e+05  -2.669432e+11  -4.230290e+10   3.073802e+11   1.833161e+06   1.356147e-18   0.000000e+00   0.000000e+00
     5296000   5.295999e-05   4.045334e+01   1.557479e+01   6.909550e+00   2.676068e+05   1.738710e+06   5.155132e+05  -2.712504e+11  -4.957185e+10   3.080062e+11   1.833161e+06   1.383436e-18   0.000000e+00   0.000000e+00
     5304000   5.303999e-05   4.047388e+01   1.571372e+01   6.951777e+00   2.457366e+05   1.734446e+06   5.401753e+05  -2.755699e+11  -5.701947e+10   3.084490e+11   1.833161e+06   1.411192e-18   0.000000e+00   0.000000e+00
     5312000   5.311999e-05   4.049265e+01   1.585228e+01   6.995979e+00   2.235192e+05   1.729578e+06   5.648711e+05  -2.798508e+11  -6.474992e+10   3.089977e+11   1.833161e+06   1.440802e-18   0.000000e+00   0.000000e+00
     5320000   5.319999e-05   4.050963e+01   1.599044e+01   7.042157e+00   2.009625e+05   1.724089e+06   5.895859e+05  -2.840684e+11  -7.254009e+10   3.089533e+11   1.833161e+06   1.468490e-18   0.000000e+00   0.000000e+00
     5328000   5.327999e-05   4.052480e+01   1.612812e+01   7.090313e+00   1.780647e+05   1.717963e+06   6.143095e+05  -2.883262e+11  -8.060622e+10   3.089991e+11   1.833161e+06   1.498447e-18   0.000000e+00   0.000000e+00
     5336000   5.335999e-05   4.053811e+01   1.626529e+01   7.140446e+00   1.548296e+05   1.711183e+06   6.390318e+05  -2.925662e+11  -8.892544e+10   3.090104e+11   1.833161e+06   1.529858e-18   0.000000e+00   0.000000e+00
     5344000   5.343999e-05   4.054956e+01   1.640189e+01   7.192558e+00   1.312567e+05   1.703729e+06   6.637473e+05  -2.968165e+11  -9.749443e+10   3.089506e+11   1.833161e+06   1.562768e-18   0.000000e+00   0.000000e+00
     5352000   5.351999e-05   4.055911e+01   1.653787e+01   7.246645e+00   1.073481e+05   1.695581e+06   6.884493e+05  -3.009806e+11  -1.063351e+11   3.088265e+11   1.833161e+06   1.596885e-18   0.000000e+00   0.000000e+00
     5360000   5.359999e-05   4.056673e+01   1.667317e+01   7.302709e+00   8.310587e+04   1.686717e+06   7.131336e+05  -3.051241e+11  -1.153873e+11   3.084771e+11   1.833161e+06   1.631715e-18   0.000000e+00   0.000000e+00
     5368000   5.367999e-05   4.057240e+01   1.680772e+01   7.360746e+00   5.853302e+04   1.677122e+06   7.377794e+05  -3.092517e+11  -1.246277e+11   3.078418e+11   1.833162e+06   1.667028e-18   0.000000e+00   0.000000e+00
     5376000   5.375999e-05   4.057608e+01   1.694149e+01   7.420753e+00   3.363140e+04   1.666770e+06   7.623823e+05  -3.132785e+11  -1.341415e+11   3.070916e+11   1.833162e+06   1.703514e-18   0.000000e+00   0.000000e+00
     5384000   5.383999e-05   4.057777e+01   1.707439e+01   7.482726e+00   8.409441e+03   1.655648e+06   7.869183e+05  -3.172439e+11  -1.439708e+11   3.063025e+11   1.833162e+06   1.741964e-18   0.000000e+00   0.000000e+00
     5392000   5.391999e-05   4.057742e+01   1.720637e+01   7.546658e+00  -1.712821e+04   1.643728e+06   8.113857e+05  -3.211834e+11  -1.540745e+11   3.053511e+11   1.833162e+06   1.781989e-18   0.000000e+00   0.000000e+00
     5400000   5.399999e-05   4.057502e+01   1.733736e+01   7.612545e+00  -4.297704e+04   1.630985e+06   8.357763e+05  -3.250614e+11  -1.645440e+11   3.043888e+11   1.833162e+06   1.824529e-18   0.000000e+00   0.000000e+00
     5408000   5.407999e-05   4.057054e+01   1.746730e+01   7.680380e+00  -6.913517e+04   1.617393e+06   8.600832e+05  -3.288439e+11  -1.753115e+11   3.032441e+11   1.833162e+06   1.868543e-18   0.000000e+00   0.000000e+00
     5416000   5.415999e-05   4.056395e+01   1.759612e+01   7.750156e+00  -9.559679e+04   1.602926e+06   8.842925e+05  -3.326479e+11  -1.864174e+11   3.019538e+11   1.833162e+06   1.915112e-18   0.000000e+00   0.000000e+00
     5424000   5.423999e-05   4.055523e+01   1.772375e+01   7.821864e+00  -1.223580e+05   1.587562e+06   9.083823e+05  -3.362905e+11  -1.977299e+11   3.002735e+11   1.833162e+06   1.961823e-18   0.000000e+00   0.000000e+00
     5432000   5.431999e-05   4.054436e+01   1.785011e+01   7.895493e+00  -1.494025e+05   1.571278e+06   9.323337e+05  -3.398263e+11  -2.094726e+11   2.985748e+11   1.833162e+06   2.011647e-18   0.000000e+00   0.000000e+00
     5440000   5.439999e-05   4.053132e+01   1.797513e+01   7.971033e+00  -1.767247e+05   1.554047e+06   9.561322e+05  -3.432257e+11  -2.214263e+11   2.964580e+11   1.833162e+06   2.061942e-18   0.000000e+00   0.000000e+00
     5448000   5.447999e-05   4.051608e+01   1.809873e+01   8.048470e+00  -2.043180e+05   1.535841e+06   9.797605e+05  -3.465384e+11  -2.337678e+11   2.941828e+11   1.833162e+06   2.115036e-18   0.000000e+00   0.000000e+00
     5456000   5.455999e-05   4.049862e+01   1.822083e+01   8.127790e+00  -2.321752e+05   1.516628e+06   1.003203e+06  -3.498294e+11  -2.465466e+11   2.917658e+11   1.833162e+06   2.171809e-18   0.000000e+00   0.000000e+00
     5464000   5.463999e-05   4.047893e+01   1.834136e+01   8.208977e+00  -2.602832e+05   1.496382e+06   1.026439e+06  -3.528278e+11  -2.596475e+11   2.890571e+11   1.833162e+06   2.229810e-18   0.000000e+00   0.000000e+00
     5472000   5.471999e-05   4.045697e+01   1.846023e+01   8.292014e+00  -2.886224e+05   1.475075e+06   1.049444e+06  -3.555775e+11  -2.730729e+11   2.860354e+11   1.833162e+06   2.289407e-18   0.000000e+00   0.000000e+00
     5480000   5.479999e-05   4.043274e+01   1.857734e+01   8.376881e+00  -3.171815e+05   1.452676e+06   1.072200e+06  -3.583379e+11  -2.869617e+11   2.827899e+11   1.833162e+06   2.353379e-18   0.000000e+00   0.000000e+00
     5488000   5.487999e-05   4.040622e+01   1.869263e+01   8.463559e+00  -3.459509e+05   1.429148e+06   1.094686e+06  -3.608549e+11  -3.012937e+11   2.793113e+11   1.833162e+06   2.420451e-18   0.000000e+00   0.000000e+00
     5496000   5.495999e-05   4.037738e+01   1.880598e+01   8.552023e+00  -3.749159e+05   1.404454e+06   1.116885e+06  -3.631304e+11  -3.160169e+11   2.754901e+11   1.833162e+06   2.490199e-18   0.000000e+00   0.000000e+00
     5504000   5.503999e-05   4.034623e+01   1.891731e+01   8.642252e+00  -4.040476e+05   1.378571e+06   1.138759e+06  -3.651348e+11  -3.310878e+11   2.712595e+11   1.833162e+06   2.562236e-18   0.000000e+00   0.000000e+00
     5512000   5.511999e-05   4.031273e+01   1.902652e+01   8.734215e+00  -4.333301e+05   1.351467e+06   1.160278e+06  -3.669317e+11  -3.465812e+11   2.666549e+11   1.833163e+06   2.637826e-18   0.000000e+00   0.000000e+00
     5520000   5.519999e-05   4.027689e+01   1.913351e+01   8.827886e+00  -4.627475e+05   1.323104e+06   1.181416e+06  -3.684537e+11  -3.625286e+11   2.616906e+11   1.833163e+06   2.717195e-18   0.000000e+00   0.000000e+00
     5528000   5.527999e-05   4.023869e+01   1.923818e+01   8.923231e+00  -4.922749e+05   1.293451e+06   1.202138e+06  -3.696768e+11  -3.788568e+11   2.562547e+11   1.833163e+06   2.799706e-18   0.000000e+00   0.000000e+00
     5536000   5.535999e-05   4.019812e+01   1.934042e+01   9.020216e+00  -5.218846e+05   1.262478e+06   1.222404e+06  -3.705028e+11  -3.955915e+11   2.503830e+11   1.833163e+06   2.885485e-18   0.000000e+00   0.000000e+00
     5544000   5.543999e-05   4.015519e+01   1.944014e+01   9.118803e+00  -5.515490e+05   1.230143e+06   1.242187e+06  -3.710431e+11  -4.128211e+11   2.440728e+11   1.833163e+06   2.976222e-18   0.000000e+00   0.000000e+00
     5552000   5.551999e-05   4.010987e+01   1.953721e+01   9.218952e+00  -5.812444e+05   1.196409e+06   1.261447e+06  -3.712691e+11  -4.305744e+11   2.373059e+11   1.833163e+06   3.072417e-18   0.000000e+00   0.000000e+00
     5560000   5.559999e-05   4.006219e+01   1.963153e+01   9.320619e+00  -6.109413e+05   1.161233e+06   1.280147e+06  -3.710191e+11  -4.488438e+11   2.300870e+11   1.833163e+06   3.173659e-18   0.000000e+00   0.000000e+00
     5568000   5.567999e-05   4.001213e+01   1.972297e+01   9.423759e+00  -6.405962e+05   1.124581e+06   1.298245e+06  -3.702662e+11  -4.674307e+11   2.222050e+11   1.833163e+06   3.278145e-18   0.000000e+00   0.000000e+00
     5576000   5.575999e-05   3.995969e+01   1.981142e+01   9.528321e+00  -6.701693e+05   1.086423e+06   1.315692e+06  -3.690219e+11  -4.866338e+11   2.138703e+11   1.833163e+06   3.389584e-18   0.000000e+00   0.000000e+00
     5584000   5.583999e-05   3.990490e+01   1.989675e+01   9.634252e+00  -6.996225e+05   1.046711e+06   1.332446e+06  -3.671920e+11  -5.061240e+11   2.047921e+11   1.833163e+06   3.504542e-18   0.000000e+00   0.000000e+00
     5592000   5.591999e-05   3.984776e+01   1.997885e+01   9.741492e+00  -7.289080e+05   1.005419e+06   1.348449e+06  -3.647803e+11  -5.262183e+11   1.951748e+11   1.833163e+06   3.627037e-18   0.000000e+00   0.000000e+00
     5600000   5.599999e-05   3.978828e+01   2.005758e+01   9.849982e+00  -7.579693e+05   9.625087e+05   1.363652e+06  -3.616527e+11  -5.466766e+11   1.848448e+11   1.833163e+06   3.754547e-18   0.000000e+00   0.000000e+00
     5608000   5.607999e-05   3.972649e+01   2.013281e+01   9.959654e+00  -7.867547e+05   9.179429e+05   1.378001e+06  -3.578540e+11  -5.674839e+11   1.737149e+11   1.833164e+06   3.887781e-18   0.000000e+00   0.000000e+00
     5616000   5.615999e-05   3.966241e+01   2.020440e+01   1.007044e+01  -8.152050e+05   8.716898e+05   1.391433e+06  -3.533503e+11  -5.889518e+11   1.619448e+11   1.833164e+06   4.030837e-18   0.000000e+00   0.000000e+00
     5624000   5.623999e-05   3.959607e+01   2.027223e+01   1.018226e+01  -8.432571e+05   8.237051e+05   1.403893e+06  -3.478160e+11  -6.106916e+11   1.493964e+11   1.833164e+06   4.178915e-18   0.000000e+00   0.000000e+00
     5632000   5.631999e-05   3.952750e+01   2.033615e+01   1.029503e+01  -8.708353e+05   7.739597e+05   1.415317e+06  -3.414574e+11  -6.329142e+11   1.360136e+11   1.833164e+06   4.336230e-18   0.000000e+00   0.000000e+00
     5640000   5.639999e-05   3.945675e+01   2.039602e+01   1.040868e+01  -8.978640e+05   7.224173e+05   1.425638e+06  -3.340254e+11  -6.556371e+11   1.218681e+11   1.833164e+06   4.503080e-18   0.000000e+00   0.000000e+00
     5648000   5.647999e-05   3.938386e+01   2.045169e+01   1.052310e+01  -9.242472e+05   6.690572e+05   1.434789e+06  -3.253461e+11  -6.785188e+11   1.068265e+11   1.833164e+06   4.676027e-18   0.000000e+00   0.000000e+00
     5656000   5.655999e-05   3.930889e+01   2.050302e+01   1.063821e+01  -9.498878e+05   6.138565e+05   1.442700e+06  -3.154862e+11  -7.014585e+11   9.074954e+10   1.833164e+06   4.855422e-18   0.000000e+00   0.000000e+00
     5664000   5.663999e-05   3.923190e+01   2.054986e+01   1.075390e+01  -9.746876e+05   5.568056e+05   1.449291e+06  -3.042730e+11  -7.248443e+11   7.385167e+10   1.833164e+06   5.046659e-18   0.000000e+00   0.000000e+00
     5672000   5.671999e-05   3.915297e+01   2.059206e+01   1.087006e+01  -9.985314e+05   4.978747e+05   1.454492e+06  -2.915692e+11  -7.484373e+11   5.602884e+10   1.833165e+06   5.248020e-18   0.000000e+00   0.000000e+00
     5680000   5.679999e-05   3.907217e+01   2.062947e+01   1.098658e+01  -1.021291e+06   4.370693e+05   1.458227e+06  -2.771706e+11  -7.718897e+11   3.723979e+10   1.833165e+06   5.456171e-18   0.000000e+00   0.000000e+00
     5688000   5.687999e-05   3.898959e+01   2.066194e+01   1.110334e+01  -1.042831e+06   3.743734e+05   1.460425e+06  -2.610366e+11  -7.955574e+11   1.754661e+10   1.833165e+06   5.677451e-18   0.000000e+00   0.000000e+00
     5696000   5.695999e-05   3.890535e+01   2.068932e+01   1.122021e+01  -1.063008e+06   3.097822e+05   1.461007e+06  -2.430646e+11  -8.192253e+11  -3.142357e+09   1.833165e+06   5.911078e-18   0.000000e+00   0.000000e+00
     5704000   5.703999e-05   3.881955e+01   2.071145e+01   1.133705e+01  -1.081664e+06   2.433016e+05   1.459898e+06  -2.229586e+11  -8.425855e+11  -2.476628e+10   1.833165e+06   6.154362e-18   0.000000e+00   0.000000e+00
     5712000   5.711999e-05   3.873233e+01   2.072819e+01   1.145374e+01  -1.098622e+06   1.749632e+05   1.457022e+06  -2.005506e+11  -8.655958e+11  -4.727036e+10   1.833165e+06   6.408843e-18   0.000000e+00   0.000000e+00
     5720000   5.719999e-05   3.864382e+01   2.073940e+01   1.157013e+01  -1.113690e+06   1.048087e+05   1.452310e+06  -1.757316e+11  -8.881156e+11  -7.065987e+10   1.833166e+06   6.675269e-18   0.000000e+00   0.000000e+00
     5728000   5.727999e-05   3.855419e+01   2.074492e+01   1.168606e+01  -1.126668e+06   3.289382e+04   1.445695e+06  -1.482572e+11  -9.096362e+11  -9.483788e+10   1.833166e+06   6.948788e-18   0.000000e+00   0.000000e+00
     5736000   5.735999e-05   3.846362e+01   2.074462e+01   1.180139e+01  -1.137335e+06  -4.069207e+04   1.437119e+06  -1.179835e+11  -9.298343e+11  -1.196941e+11   1.833166e+06   7.227468e-18   0.000000e+00   0.000000e+00
     5744000   5.743999e-05   3.837229e+01   2.073836e+01   1.191595e+01  -1.145461e+06  -1.158441e+05   1.426534e+06  -8.467734e+10  -9.486835e+11  -1.450261e+11   1.833166e+06   7.513744e-18   0.000000e+00   0.000000e+00
     5752000   5.751999e-05   3.828042e+01   2.072604e+01   1.202958e+01  -1.150801e+06  -1.924400e+05   1.413904e+06  -4.829892e+10  -9.659953e+11  -1.707817e+11   1.833166e+06   7.808749e-18   0.000000e+00   0.000000e+00
     5760000   5.759999e-05   3.818824e+01   2.070754e+01   1.214212e+01  -1.153106e+06  -2.703486e+05   1.399199e+06  -8.750468e+09  -9.813882e+11  -1.968249e+11   1.833167e+06   8.110639e-18   0.000000e+00   0.000000e+00
     5768000   5.767999e-05   3.809601e+01   2.068276e+01   1.225339e+01  -1.152115e+06  -3.493995e+05   1.382408e+06   3.421723e+10  -9.948143e+11  -2.229118e+11   1.833167e+06   8.422916e-18   0.000000e+00   0.000000e+00
     5776000   5.775999e-05   3.800400e+01   2.065161e+01   1.236325e+01  -1.147554e+06  -4.294070e+05   1.363536e+06   8.038494e+10  -1.004825e+12  -2.487812e+11   1.833167e+06   8.726576e-18   0.000000e+00   0.000000e+00
     5784000   5.783999e-05   3.791250e+01   2.061403e+01   1.247150e+01  -1.139155e+06  -5.101283e+05   1.342609e+06   1.300428e+11  -1.012248e+12  -2.742620e+11   1.833167e+06   9.040256e-18   0.000000e+00   0.000000e+00
     5792000   5.791999e-05   3.782184e+01   2.056998e+01   1.257801e+01  -1.126644e+06  -5.912842e+05   1.319682e+06   1.831596e+11  -1.015837e+12  -2.987698e+11   1.833167e+06   9.347530e-18   0.000000e+00   0.000000e+00
     5800000   5.799999e-05   3.773236e+01   2.051942e+01   1.268260e+01  -1.109759e+06  -6.725731e+05   1.294830e+06   2.394787e+11  -1.015582e+12  -3.222646e+11   1.833168e+06   9.654143e-18   0.000000e+00   0.000000e+00
     5808000   5.807999e-05   3.764440e+01   2.046237e+01   1.278513e+01  -1.088248e+06  -7.536674e+05   1.268151e+06   2.988105e+11  -1.010847e+12  -3.443207e+11   1.833168e+06   9.954026e-18   0.000000e+00   0.000000e+00
     5816000   5.815999e-05   3.755837e+01   2.039885e+01   1.288546e+01  -1.061871e+06  -8.341545e+05   1.239807e+06   3.611363e+11  -1.000556e+12  -3.638677e+11   1.833168e+06   1.023149e-17   0.000000e+00   0.000000e+00
     5824000   5.823999e-05   3.747464e+01   2.032893e+01   1.298346e+01  -1.030423e+06  -9.136078e+05   1.209982e+06   4.257252e+11  -9.849782e+11  -3.811576e+11   1.833169e+06   1.049679e-17   0.000000e+00   0.000000e+00
     5832000   5.831999e-05   3.739364e+01   2.025271e+01   1.307903e+01  -9.937422e+05  -9.915715e+05   1.178885e+06   4.921243e+11  -9.634261e+11  -3.954990e+11   1.833169e+06   1.074038e-17   0.000000e+00   0.000000e+00
     5840000   5.839999e-05   3.731578e+01   2.017033e+01   1.317206e+01  -9.517028e+05  -1.067559e+06   1.146773e+06   5.591685e+11  -9.352150e+11  -4.065512e+11   1.833169e+06   1.094911e-17   0.000000e+00   0.000000e+00
     5848000   5.847999e-05   3.724151e+01   2.008197e+01   1.326249e+01  -9.042420e+05  -1.141054e+06   1.113935e+06   6.272195e+11  -9.010308e+11  -4.138057e+11   1.833169e+06   1.114272e-17   0.000000e+00   0.000000e+00
     5856000   5.855999e-05   3.717125e+01   1.998785e+01   1.335028e+01  -8.513604e+05  -1.211533e+06   1.080686e+06   6.948599e+11  -8.600624e+11  -4.167760e+11   1.833170e+06   1.130255e-17   0.000000e+00   0.000000e+00
     5864000   5.863999e-05   3.710543e+01   1.988822e+01   1.343540e+01  -7.931306e+05  -1.278471e+06   1.047362e+06   7.605080e+11  -8.122414e+11  -4.155493e+11   1.833170e+06   1.142034e-17   0.000000e+00   0.000000e+00
     5872000   5.871999e-05   3.704449e+01   1.978340e+01   1.351786e+01  -7.297035e+05  -1.341365e+06   1.014291e+06   8.241704e+11  -7.586825e+11  -4.103907e+11   1.833170e+06   1.152143e-17   0.000000e+00   0.000000e+00
     5880000   5.879999e-05   3.698881e+01   1.967372e+01   1.359770e+01  -6.613292e+05  -1.399690e+06   9.818489e+05   8.849306e+11  -6.989228e+11  -4.002960e+11   1.833171e+06   1.159070e-17   0.000000e+00   0.000000e+00
     5888000   5.887999e-05   3.693880e+01   1.955958e+01   1.367498e+01  -5.883134e+05  -1.452987e+06   9.503848e+05   9.400810e+11  -6.329841e+11  -3.857820e+11   1.833171e+06   1.160217e-17   0.000000e+00   0.000000e+00
     5896000   5.895999e-05   3.689480e+01   1.944139e+01   1.374980e+01  -5.110648e+05  -1.500832e+06   9.202356e+05   9.905642e+11  -5.624721e+11  -3.672095e+11   1.833171e+06   1.159559e-17   0.000000e+00   0.000000e+00
     5904000   5.903999e-05   3.685713e+01   1.931960e+01   1.382226e+01  -4.300226e+05  -1.542877e+06   8.917008e+05   1.034149e+12  -4.878457e+11  -3.453669e+11   1.833172e+06   1.154947e-17   0.000000e+00   0.000000e+00
     5912000   5.911999e-05   3.682608e+01   1.919469e+01   1.389252e+01  -3.457668e+05  -1.578813e+06   8.650509e+05   1.070889e+12  -4.101141e+11  -3.204453e+11   1.833172e+06   1.147619e-17   0.000000e+00   0.000000e+00
     5920000   5.919999e-05   3.680188e+01   1.906716e+01   1.396073e+01  -2.588781e+05  -1.608423e+06   8.405220e+05   1.099926e+12  -3.299465e+11  -2.925953e+11   1.833172e+06   1.136797e-17   0.000000e+00   0.000000e+00
     5928000   5.927999e-05   3.678471e+01   1.893752e+01   1.402707e+01  -1.699237e+05  -1.631578e+06   8.182916e+05   1.121701e+12  -2.487606e+11  -2.630540e+11   1.833172e+06   1.124638e-17   0.000000e+00   0.000000e+00
     5936000   5.935999e-05   3.677473e+01   1.880628e+01   1.409172e+01  -7.959639e+04  -1.648224e+06   7.984639e+05   1.135212e+12  -1.673470e+11  -2.322621e+11   1.833173e+06   1.109553e-17   0.000000e+00   0.000000e+00
     5944000   5.943999e-05   3.677200e+01   1.867398e+01   1.415488e+01   1.144411e+04  -1.658404e+06   7.810822e+05   1.139932e+12  -8.721719e+10  -2.018653e+11   1.833173e+06   1.091052e-17   0.000000e+00   0.000000e+00
     5952000   5.951999e-05   3.677656e+01   1.854111e+01   1.421676e+01   1.025791e+05  -1.662227e+06   7.661615e+05   1.136916e+12  -8.832383e+09  -1.713634e+11   1.833173e+06   1.070183e-17   0.000000e+00   0.000000e+00
     5960000   5.959999e-05   3.678840e+01   1.840818e+01   1.427753e+01   1.931830e+05  -1.659887e+06   7.536451e+05   1.127040e+12   6.690626e+10  -1.415190e+11   1.833174e+06   1.048086e-17   0.000000e+00   0.000000e+00
     5968000   5.967999e-05   3.680744e+01   1.827568e+01   1.433740e+01   2.826798e+05  -1.651650e+06   7.434177e+05   1.109160e+12   1.384433e+11  -1.141548e+11   1.833174e+06   1.021950e-17   0.000000e+00   0.000000e+00
     5976000   5.975999e-05   3.683358e+01   1.814407e+01   1.439654e+01   3.705262e+05  -1.637842e+06   7.353310e+05   1.086102e+12   2.060122e+11  -8.839750e+10   1.833174e+06   9.955903e-18   0.000000e+00   0.000000e+00
     5984000   5.983999e-05   3.686667e+01   1.801377e+01   1.445511e+01   4.562928e+05  -1.618820e+06   7.292095e+05   1.057374e+12   2.687940e+11  -6.490750e+10   1.833174e+06   9.669600e-18   0.000000e+00   0.000000e+00
     5992000   5.991999e-05   3.690652e+01   1.788518e+01   1.451326e+01   5.395811e+05  -1.594986e+06   7.248453e+05   1.023645e+12   3.260582e+11  -4.451955e+10   1.833175e+06   9.359096e-18   0.000000e+00   0.000000e+00
     6000000   5.999999e-05   3.695293e+01   1.775869e+01   1.457112e+01   6.200144e+05  -1.566785e+06   7.220101e+05   9.866940e+11   3.780764e+11  -2.685417e+10   1.833175e+06   9.044057e-18   0.000000e+00   0.000000e+00
     6008000   6.007999e-05   3.700564e+01   1.763460e+01   1.462882e+01   6.973630e+05  -1.534641e+06   7.204809e+05   9.461752e+11   4.243621e+11  -1.189927e+10   1.833175e+06   8.706048e-18   0.000000e+00   0.000000e+00
     6016000   6.015999e-05   3.706441e+01   1.751324e+01   1.468643e+01   7.713835e+05  -1.499020e+06   7.200260e+05   9.041104e+11   4.653622e+11   2.527245e+08   1.833175e+06   8.370149e-18   0.000000e+00   0.000000e+00
     6024000   6.023999e-05   3.712897e+01   1.739484e+01   1.474404e+01   8.419478e+05  -1.460356e+06   7.204285e+05   8.598465e+11   5.003697e+11   9.413794e+09   1.833176e+06   8.012487e-18   0.000000e+00   0.000000e+00
     6032000   6.031999e-05   3.719903e+01   1.727965e+01   1.480171e+01   9.089638e+05  -1.419079e+06   7.214806e+05   8.152600e+11   5.305360e+11   1.641070e+10   1.833176e+06   7.661102e-18   0.000000e+00   0.000000e+00
     6040000   6.039999e-05   3.727431e+01   1.716785e+01   1.485949e+01   9.723648e+05  -1.375618e+06   7.229908e+05   7.701362e+11   5.553934e+11   2.097539e+10   1.833176e+06   7.301883e-18   0.000000e+00   0.000000e+00
     6048000   6.047999e-05   3.735451e+01   1.705960e+01   1.491740e+01   1.032169e+06  -1.330357e+06   7.247840e+05   7.251484e+11   5.754163e+11   2.351336e+10   1.833176e+06   6.941537e-18   0.000000e+00   0.000000e+00
     6056000   6.055999e-05   3.743936e+01   1.695503e+01   1.497546e+01   1.088399e+06  -1.283676e+06   7.267054e+05   6.808382e+11   5.909666e+11   2.421051e+10   1.833176e+06   6.584312e-18   0.000000e+00   0.000000e+00
     6064000   6.063999e-05   3.752856e+01   1.685424e+01   1.503367e+01   1.141128e+06  -1.235908e+06   7.286248e+05   6.375013e+11   6.024582e+11   2.349630e+10   1.833177e+06   6.232564e-18   0.000000e+00   0.000000e+00
     6072000   6.071999e-05   3.762185e+01   1.675730e+01   1.509204e+01   1.190444e+06  -1.187372e+06   7.304308e+05   5.955132e+11   6.102378e+11   2.144132e+10   1.833177e+06   5.889088e-18   0.000000e+00   0.000000e+00
     6080000   6.079999e-05   3.771895e+01   1.666427e+01   1.515054e+01   1.236455e+06  -1.138352e+06   7.320336e+05   5.549069e+11   6.145641e+11   1.841402e+10   1.833177e+06   5.552851e-18   0.000000e+00   0.000000e+00
     6088000   6.087999e-05   3.781960e+01   1.657517e+01   1.520916e+01   1.279289e+06  -1.089102e+06   7.333596e+05   5.160382e+11   6.159957e+11   1.462679e+10   1.833177e+06   5.229132e-18   0.000000e+00   0.000000e+00
     6096000   6.095999e-05   3.792355e+01   1.649002e+01   1.526787e+01   1.319074e+06  -1.039858e+06   7.343553e+05   4.788271e+11   6.145519e+11   1.013734e+10   1.833177e+06   4.914168e-18   0.000000e+00   0.000000e+00
     6104000   6.103999e-05   3.803057e+01   1.640879e+01   1.532664e+01   1.355960e+06  -9.908180e+05   7.349774e+05   4.435206e+11   6.109392e+11   5.359390e+09   1.833177e+06   4.614115e-18   0.000000e+00   0.000000e+00
     6112000   6.111999e-05   3.814043e+01   1.633148e+01   1.538545e+01   1.390094e+06  -9.421568e+05   7.351999e+05   4.101440e+11   6.053329e+11   2.519662e+08   1.833177e+06   4.328034e-18   0.000000e+00   0.000000e+00
     6120000   6.119999e-05   3.825292e+01   1.625803e+01   1.544426e+01   1.421625e+06  -8.940228e+05   7.350141e+05   3.784707e+11   5.977632e+11  -4.931232e+09   1.833178e+06   4.052308e-18   0.000000e+00   0.000000e+00
     6128000   6.127999e-05   3.836783e+01   1.618841e+01   1.550304e+01   1.450698e+06  -8.465549e+05   7.344111e+05   3.486872e+11   5.887767e+11  -1.008078e+10   1.833178e+06   3.791298e-18   0.000000e+00   0.000000e+00
     6136000   6.135999e-05   3.848497e+01   1.612256e+01   1.556176e+01   1.477461e+06  -7.998599e+05   7.333990e+05   3.207415e+11   5.785067e+11  -1.520917e+10   1.833178e+06   3.543864e-18   0.000000e+00   0.000000e+00
     6144000   6.143999e-05   3.860416e+01   1.606041e+01   1.562038e+01   1.502058e+06  -7.540273e+05   7.319870e+05   2.944212e+11   5.670263e+11  -2.005553e+10   1.833178e+06   3.307716e-18   0.000000e+00   0.000000e+00
     6152000   6.151999e-05   3.872524e+01   1.600189e+01   1.567887e+01   1.524624e+06  -7.091423e+05   7.301930e+05   2.699429e+11   5.549008e+11  -2.472480e+10   1.833178e+06   3.087452e-18   0.000000e+00   0.000000e+00
     6160000   6.159999e-05   3.884805e+01   1.594692e+01   1.573720e+01   1.545295e+06  -6.652553e+05   7.280388e+05   2.470837e+11   5.421026e+11  -2.908780e+10   1.833178e+06   2.880025e-18   0.000000e+00   0.000000e+00
     6168000   6.167999e-05   3.897244e+01   1.589542e+01   1.579534e+01   1.564198e+06  -6.224189e+05   7.255486e+05   2.258375e+11   5.288663e+11  -3.318172e+10   1.833178e+06   2.685996e-18   0.000000e+00   0.000000e+00
     6176000   6.175999e-05   3.909828e+01   1.584731e+01   1.585328e+01   1.581453e+06  -5.806682e+05   7.227540e+05   2.058770e+11   5.149506e+11  -3.675696e+10   1.833178e+06   2.500678e-18   0.000000e+00   0.000000e+00
     6184000   6.183999e-05   3.922543e+01   1.580249e+01   1.591098e+01   1.597174e+06  -5.400322e+05   7.196828e+05   1.873547e+11   5.008796e+11  -3.993998e+10   1.833178e+06   2.327983e-18   0.000000e+00   0.000000e+00
     6192000   6.191999e-05   3.935379e+01   1.576087e+01   1.596842e+01   1.611470e+06  -5.005222e+05   7.163695e+05   1.702603e+11   4.868034e+11  -4.286998e+10   1.833178e+06   2.167914e-18   0.000000e+00   0.000000e+00
     6200000   6.199999e-05   3.948323e+01   1.572237e+01   1.602559e+01   1.624444e+06  -4.621467e+05   7.128428e+05   1.542978e+11   4.725635e+11  -4.524434e+10   1.833178e+06   2.017079e-18   0.000000e+00   0.000000e+00
     6208000   6.207999e-05   3.961367e+01   1.568690e+01   1.608247e+01   1.636190e+06  -4.249107e+05   7.091373e+05   1.395212e+11   4.583132e+11  -4.729515e+10   1.833178e+06   1.876084e-18   0.000000e+00   0.000000e+00
     6216000   6.215999e-05   3.974500e+01   1.565436e+01   1.613905e+01   1.646799e+06  -3.888083e+05   7.052837e+05   1.258557e+11   4.441775e+11  -4.899718e+10   1.833178e+06   1.744782e-18   0.000000e+00   0.000000e+00
     6224000   6.223999e-05   3.987713e+01   1.562466e+01   1.619531e+01   1.656355e+06  -3.538328e+05   7.013086e+05   1.132331e+11   4.302803e+11  -5.034142e+10   1.833179e+06   1.623055e-18   0.000000e+00   0.000000e+00
     6232000   6.231999e-05   4.000999e+01   1.559771e+01   1.625125e+01   1.664936e+06  -3.199705e+05   6.972460e+05   1.014538e+11   4.163576e+11  -5.118720e+10   1.833179e+06   1.507857e-18   0.000000e+00   0.000000e+00
     6240000   6.239999e-05   4.014349e+01   1.557344e+01   1.630687e+01   1.672615e+06  -2.872005e+05   6.931233e+05   9.063503e+10   4.028717e+11  -5.178124e+10   1.833179e+06   1.402094e-18   0.000000e+00   0.000000e+00
     6248000   6.247999e-05   4.027758e+01   1.555173e+01   1.636215e+01   1.679457e+06  -2.555086e+05   6.889719e+05   8.057577e+10   3.895025e+11  -5.196250e+10   1.833179e+06   1.302549e-18   0.000000e+00   0.000000e+00
     6256000   6.255999e-05   4.041219e+01   1.553253e+01   1.641711e+01   1.685527e+06  -2.248706e+05   6.848192e+05   7.126687e+10   3.764359e+11  -5.179664e+10   1.833179e+06   1.209950e-18   0.000000e+00   0.000000e+00
     6264000   6.263999e-05   4.054725e+01   1.551573e+01   1.647173e+01   1.690881e+06  -1.952660e+05   6.806890e+05   6.269581e+10   3.637358e+11  -5.139578e+10   1.833179e+06   1.124224e-18   0.000000e+00   0.000000e+00
     6272000   6.271999e-05   4.068271e+01   1.550126e+01   1.652602e+01   1.695575e+06  -1.666653e+05   6.766037e+05   5.475613e+10   3.513278e+11  -5.067612e+10   1.833179e+06   1.044256e-18   0.000000e+00   0.000000e+00
     6280000   6.279999e-05   4.081852e+01   1.548903e+01   1.657998e+01   1.699658e+06  -1.390393e+05   6.725883e+05   4.739833e+10   3.393192e+11  -4.963075e+10   1.833179e+06   9.701828e-19   0.000000e+00   0.000000e+00
     6288000   6.287999e-05   4.095464e+01   1.547898e+01   1.663363e+01   1.703175e+06  -1.123643e+05   6.686647e+05   4.060784e+10   3.275637e+11  -4.838702e+10   1.833179e+06   9.008963e-19   0.000000e+00   0.000000e+00
     6296000   6.295999e-05   4.109102e+01   1.547103e+01   1.668697e+01   1.706170e+06  -8.661736e+04   6.648515e+05   3.434597e+10   3.162025e+11  -4.694340e+10   1.833179e+06   8.367753e-19   0.000000e+00   0.000000e+00
     6304000   6.303999e-05   4.122761e+01   1.546510e+01   1.674001e+01   1.708678e+06  -6.176621e+04   6.611728e+05   2.846573e+10   3.051584e+11  -4.505529e+10   1.833179e+06   7.768269e-19   0.000000e+00   0.000000e+00
     6312000   6.311999e-05   4.136439e+01   1.546113e+01   1.679276e+01   1.710736e+06  -3.778310e+04   6.576459e+05   2.307118e+10   2.944763e+11  -4.309552e+10   1.833179e+06   7.213257e-19   0.000000e+00   0.000000e+00
     6320000   6.319999e-05   4.150132e+01   1.545903e+01   1.684524e+01   1.712378e+06  -1.464715e+04   6.542860e+05   1.804285e+10   2.839829e+11  -4.086260e+10   1.833179e+06   6.689967e-19   0.000000e+00   0.000000e+00
     6328000   6.327999e-05   4.163836e+01   1.545876e+01   1.689746e+01   1.713635e+06   7.672266e+03   6.511078e+05   1.340035e+10   2.740369e+11  -3.849597e+10   1.833179e+06   6.213663e-19   0.000000e+00   0.000000e+00
     6336000   6.335999e-05   4.177549e+01   1.546024e+01   1.694942e+01   1.714532e+06   2.920569e+04   6.481307e+05   9.099469e+09   2.643738e+11  -3.598323e+10   1.833179e+06   5.769510e-19   0.000000e+00   0.000000e+00
     6344000   6.343999e-05   4.191268e+01   1.546341e+01   1.700116e+01   1.715095e+06   4.997365e+04   6.453664e+05   5.040235e+09   2.549408e+11  -3.313489e+10   1.833179e+06   5.352371e-19   0.000000e+00   0.000000e+00
     6352000   6.351999e-05   4.204990e+01   1.546822e+01   1.705269e+01   1.715347e+06   7.000844e+04   6.428296e+05   1.297097e+09   2.459775e+11  -3.024886e+10   1.833179e+06   4.972179e-19   0.000000e+00   0.000000e+00
     6360000   6.359999e-05   4.218713e+01   1.547460e+01   1.710402e+01   1.715309e+06   8.933876e+04   6.405295e+05  -2.202890e+09   2.372628e+11  -2.719243e+10   1.833179e+06   4.617311e-19   0.000000e+00   0.000000e+00
     6368000   6.367999e-05   4.232434e+01   1.548249e+01   1.715518e+01   1.715001e+06   1.079809e+05   6.384814e+05  -5.470799e+09   2.287731e+11  -2.399468e+10   1.833179e+06   4.285804e-19   0.000000e+00   0.000000e+00
     6376000   6.375999e-05   4.246152e+01   1.549185e+01   1.720619e+01   1.714438e+06   1.259579e+05   6.366955e+05  -8.548332e+09   2.206854e+11  -2.063937e+10   1.833179e+06   3.982910e-19   0.000000e+00   0.000000e+00
     6384000   6.383999e-05   4.259865e+01   1.550263e+01   1.725706e+01   1.713637e+06   1.432916e+05   6.351860e+05  -1.144385e+10   2.127279e+11  -1.711475e+10   1.833179e+06   3.697630e-19   0.000000e+00   0.000000e+00
     6392000   6.391999e-05   4.273570e+01   1.551476e+01   1.730782e+01   1.712611e+06   1.600047e+05   6.339622e+05  -1.419561e+10   2.052136e+11  -1.344428e+10   1.833179e+06   3.440029e-19   0.000000e+00   0.000000e+00
     6400000   6.399999e-05   4.287266e+01   1.552821e+01   1.735850e+01   1.711371e+06   1.761285e+05   6.330353e+05  -1.678984e+10   1.979004e+11  -9.670672e+09   1.833179e+06   3.200826e-19   0.000000e+00   0.000000e+00
     6408000   6.407999e-05   4.300951e+01   1.554293e+01   1.740912e+01   1.709930e+06   1.916782e+05   6.324122e+05  -1.923817e+10   1.907726e+11  -5.804218e+09   1.833179e+06   2.978856e-19   0.000000e+00   0.000000e+00
     6416000   6.415999e-05   4.314624e+01   1.555887e+01   1.745969e+01   1.708297e+06   2.066611e+05   6.321063e+05  -2.155848e+10   1.838891e+11  -1.857424e+09   1.833179e+06   2.775295e-19   0.000000e+00   0.000000e+00
     6424000   6.423999e-05   4.328283e+01   1.557598e+01   1.751026e+01   1.706481e+06   2.211026e+05   6.321242e+05  -2.381752e+10   1.772529e+11   2.299210e+09   1.833179e+06   2.589734e-19   0.000000e+00   0.000000e+00
     6432000   6.431999e-05   4.341927e+01   1.559423e+01   1.756084e+01   1.704489e+06   2.350167e+05   6.324799e+05  -2.599478e+10   1.707806e+11   6.595966e+09   1.833179e+06   2.419257e-19   0.000000e+00   0.000000e+00
     6440000   6.439999e-05   4.355555e+01   1.561357e+01   1.761147e+01   1.702326e+06   2.484235e+05   6.331796e+05  -2.807551e+10   1.644679e+11   1.095465e+10   1.833179e+06   2.263236e-19   0.000000e+00   0.000000e+00
     6448000   6.447999e-05   4.369164e+01   1.563396e+01   1.766216e+01   1.699999e+06   2.613335e+05   6.342336e+05  -3.007948e+10   1.583004e+11   1.539836e+10   1.833179e+06   2.121004e-19   0.000000e+00   0.000000e+00
     6456000   6.455999e-05   4.382754e+01   1.565537e+01   1.771295e+01   1.697512e+06   2.737613e+05   6.356525e+05  -3.208406e+10   1.523364e+11   2.007311e+10   1.833179e+06   1.994538e-19   0.000000e+00   0.000000e+00
     6464000   6.463999e-05   4.396324e+01   1.567775e+01   1.776388e+01   1.694867e+06   2.857169e+05   6.374465e+05  -3.403304e+10   1.466363e+11   2.476321e+10   1.833179e+06   1.884038e-19   0.000000e+00   0.000000e+00
     6472000   6.471999e-05   4.409872e+01   1.570107e+01   1.781496e+01   1.692066e+06   2.972173e+05   6.396255e+05  -3.596469e+10   1.408802e+11   2.967803e+10   1.833179e+06   1.782669e-19   0.000000e+00   0.000000e+00
     6480000   6.479999e-05   4.423397e+01   1.572530e+01   1.786623e+01   1.689112e+06   3.082606e+05   6.422003e+05  -3.786830e+10   1.352371e+11   3.468660e+10   1.833179e+06   1.694008e-19   0.000000e+00   0.000000e+00
     6488000   6.487999e-05   4.436897e+01   1.575038e+01   1.791772e+01   1.686007e+06   3.188577e+05   6.451793e+05  -3.977979e+10   1.296965e+11   3.985632e+10   1.833179e+06   1.618389e-19   0.000000e+00   0.000000e+00
     6496000   6.495999e-05   4.450372e+01   1.577630e+01   1.796947e+01   1.682749e+06   3.290188e+05   6.485739e+05  -4.169896e+10   1.242074e+11   4.517992e+10   1.833179e+06   1.554871e-19   0.000000e+00   0.000000e+00
     6504000   6.503999e-05   4.463821e+01   1.580301e+01   1.802150e+01   1.679336e+06   3.387419e+05   6.524034e+05  -4.362226e+10   1.188136e+11   5.059671e+10   1.833179e+06   1.504041e-19   0.000000e+00   0.000000e+00
     6512000   6.511999e-05   4.477241e+01   1.583049e+01   1.807386e+01   1.675768e+06   3.480325e+05   6.566737e+05  -4.558579e+10   1.134809e+11   5.618672e+10   1.833179e+06   1.466261e-19   0.000000e+00   0.000000e+00
     6520000   6.519999e-05   4.490633e+01   1.585869e+01   1.812658e+01   1.672042e+06   3.568913e+05   6.614004e+05  -4.757712e+10   1.079746e+11   6.201371e+10   1.833179e+06   1.438322e-19   0.000000e+00   0.000000e+00
     6528000   6.527999e-05   4.503993e+01   1.588758e+01   1.817970e+01   1.668154e+06   3.653138e+05   6.665976e+05  -4.962631e+10   1.025761e+11   6.797511e+10   1.833179e+06   1.425161e-19   0.000000e+00   0.000000e+00
     6536000   6.535999e-05   4.517323e+01   1.591713e+01   1.823325e+01   1.664101e+06   3.732983e+05   6.722823e+05  -5.173555e+10   9.702877e+10   7.418408e+10   1.833179e+06   1.424283e-19   0.000000e+00   0.000000e+00
     6544000   6.543999e-05   4.530619e+01   1.594730e+01   1.828728e+01   1.659874e+06   3.808398e+05   6.784715e+05  -5.392825e+10   9.135871e+10   8.065375e+10   1.833179e+06   1.437660e-19   0.000000e+00   0.000000e+00
     6552000   6.551999e-05   4.543880e+01   1.597805e+01   1.834182e+01   1.655471e+06   3.879182e+05   6.851864e+05  -5.616709e+10   8.556795e+10   8.726064e+10   1.833179e+06   1.464481e-19   0.000000e+00   0.000000e+00
     6560000   6.559999e-05   4.557106e+01   1.600935e+01   1.839692e+01   1.650885e+06   3.945294e+05   6.924381e+05  -5.850258e+10   7.971221e+10   9.406243e+10   1.833179e+06   1.507649e-19   0.000000e+00   0.000000e+00
     6568000   6.567999e-05   4.570294e+01   1.604116e+01   1.845263e+01   1.646107e+06   4.006541e+05   7.002530e+05  -6.095779e+10   7.336808e+10   1.013177e+11   1.833179e+06   1.567524e-19   0.000000e+00   0.000000e+00
     6576000   6.575999e-05   4.583443e+01   1.607344e+01   1.850898e+01   1.641128e+06   4.062727e+05   7.086520e+05  -6.353378e+10   6.684029e+10   1.088149e+11   1.833179e+06   1.646922e-19   0.000000e+00   0.000000e+00
     6584000   6.583999e-05   4.596551e+01   1.610615e+01   1.856603e+01   1.635939e+06   4.113486e+05   7.176637e+05  -6.621665e+10   6.004297e+10   1.165282e+11   1.833179e+06   1.745985e-19   0.000000e+00   0.000000e+00
     6592000   6.591999e-05   4.609617e+01   1.613924e+01   1.862382e+01   1.630530e+06   4.158595e+05   7.273094e+05  -6.903901e+10   5.266444e+10   1.246641e+11   1.833179e+06   1.868417e-19   0.000000e+00   0.000000e+00
     6600000   6.599999e-05   4.622639e+01   1.617267e+01   1.868241e+01   1.624888e+06   4.197630e+05   7.376193e+05  -7.202255e+10   4.478464e+10   1.331716e+11   1.833179e+06   2.017889e-19   0.000000e+00   0.000000e+00
     6608000   6.607999e-05   4.635615e+01   1.620639e+01   1.874186e+01   1.619001e+06   4.230075e+05   7.486294e+05  -7.518423e+10   3.623359e+10   1.421218e+11   1.833179e+06   2.198937e-19   0.000000e+00   0.000000e+00
     6616000   6.615999e-05   4.648542e+01   1.624033e+01   1.880221e+01   1.612853e+06   4.255467e+05   7.603694e+05  -7.853234e+10   2.684757e+10   1.515533e+11   1.833179e+06   2.416884e-19   0.000000e+00   0.000000e+00
     6624000   6.623999e-05   4.661420e+01   1.627445e+01   1.886354e+01   1.606430e+06   4.272968e+05   7.728812e+05  -8.204975e+10   1.661392e+10   1.613553e+11   1.833179e+06   2.674882e-19   0.000000e+00   0.000000e+00
     6632000   6.631999e-05   4.674245e+01   1.630868e+01   1.892590e+01   1.599716e+06   4.281905e+05   7.861979e+05  -8.583172e+10   5.290072e+09   1.717654e+11   1.833179e+06   2.986918e-19   0.000000e+00   0.000000e+00
     6640000   6.639999e-05   4.687014e+01   1.634294e+01   1.898935e+01   1.592691e+06   4.281260e+05   8.003689e+05  -8.987930e+10  -6.949683e+09   1.825729e+11   1.833179e+06   3.356131e-19   0.000000e+00   0.000000e+00
     6648000   6.647999e-05   4.699727e+01   1.637715e+01   1.905398e+01   1.585334e+06   4.269812e+05   8.154432e+05  -9.408881e+10  -2.145864e+10   1.941584e+11   1.833179e+06   3.805496e-19   0.000000e+00   0.000000e+00
     6656000   6.655999e-05   4.712379e+01   1.641122e+01   1.911985e+01   1.577627e+06   4.246177e+05   8.314672e+05  -9.861464e+10  -3.810280e+10   2.065708e+11   1.833179e+06   4.358982e-19   0.000000e+00   0.000000e+00
     6664000   6.663999e-05   4.724968e+01   1.644505e+01   1.918704e+01   1.569546e+06   4.208580e+05   8.484982e+05  -1.034982e+11  -5.627300e+10   2.193626e+11   1.833179e+06   5.018744e-19   0.000000e+00   0.000000e+00
     6672000   6.671999e-05   4.737490e+01   1.647852e+01   1.925564e+01   1.561064e+06   4.154930e+05   8.665969e+05  -1.086464e+11  -7.783023e+10   2.330295e+11   1.833179e+06   5.841657e-19   0.000000e+00   0.000000e+00
     6680000   6.679999e-05   4.749944e+01   1.651148e+01   1.932573e+01   1.552156e+06   4.082715e+05   8.858181e+05  -1.140685e+11  -1.032141e+11   2.474462e+11   1.833179e+06   6.872140e-19   0.000000e+00   0.000000e+00
     6688000   6.687999e-05   4.762324e+01   1.654378e+01   1.939740e+01   1.542794e+06   3.988815e+05   9.062152e+05  -1.200314e+11  -1.325362e+11   2.626871e+11   1.833179e+06   8.174078e-19   0.000000e+00   0.000000e+00
     6696000   6.695999e-05   4.774627e+01   1.657523e+01   1.947075e+01   1.532949e+06   3.869060e+05   9.278567e+05  -1.263055e+11  -1.670969e+11   2.783532e+11   1.833179e+06   9.823571e-19   0.000000e+00   0.000000e+00
     6704000   6.703999e-05   4.786849e+01   1.660561e+01   1.954589e+01   1.522581e+06   3.719163e+05   9.507749e+05  -1.329570e+11  -2.086720e+11   2.945468e+11   1.833179e+06   1.197878e-18   0.000000e+00   0.000000e+00
     6712000   6.711999e-05   4.798987e+01   1.663464e+01   1.962291e+01   1.511660e+06   3.532741e+05   9.750014e+05  -1.400867e+11  -2.588637e+11   3.109894e+11   1.833179e+06   1.484190e-18   0.000000e+00   0.000000e+00
     6720000   6.719999e-05   4.811034e+01   1.666202e+01   1.970193e+01   1.500141e+06   3.302772e+05   1.000521e+06  -1.477890e+11  -3.201071e+11   3.272603e+11   1.833179e+06   1.873225e-18   0.000000e+00   0.000000e+00
     6728000   6.727999e-05   4.822987e+01   1.668734e+01   1.978303e+01   1.487977e+06   3.019240e+05   1.027284e+06  -1.564858e+11  -3.918232e+11   3.418248e+11   1.833179e+06   2.386826e-18   0.000000e+00   0.000000e+00
     6736000   6.735999e-05   4.834847e+01   1.671035e+01   1.986617e+01   1.478259e+06   2.768598e+05   1.048164e+06  -6.400743e+10  -1.651591e+11   1.338970e+11   1.833179e+06   3.993023e-19   0.000000e+00   0.000000e+00
     6744000   6.743999e-05   4.846667e+01   1.673238e+01   1.995014e+01   1.478659e+06   2.799159e+05   1.046786e+06   7.337899e+10   2.724509e+11  -1.765067e+11   1.833180e+06   8.962943e-19   0.000000e+00   0.000000e+00
     6752000   6.751999e-05   4.858534e+01   1.675619e+01   2.003295e+01   1.489370e+06   3.209225e+05   1.019477e+06   1.593726e+11   6.512246e+11  -4.378233e+11   1.833180e+06   5.190252e-18   0.000000e+00   0.000000e+00
     6760000   6.759999e-05   4.870498e+01   1.678407e+01   2.011303e+01   1.501554e+06   3.774369e+05   9.815427e+05   1.414061e+11   7.665239e+11  -5.110674e+11   1.833180e+06   7.032298e-18   0.000000e+00   0.000000e+00
     6768000   6.767999e-05   4.882553e+01   1.681684e+01   2.018983e+01   1.511680e+06   4.437578e+05   9.372576e+05   1.068416e+11   8.972286e+11  -5.971152e+11   1.833180e+06   9.495019e-18   0.000000e+00   0.000000e+00
     6776000   6.775999e-05   4.894675e+01   1.685537e+01   2.026280e+01   1.517862e+06   5.213423e+05   8.859158e+05   4.358890e+10   1.044961e+12  -6.896011e+11   1.833180e+06   1.270392e-17   0.000000e+00   0.000000e+00
     6784000   6.783999e-05   4.906822e+01   1.690059e+01   2.033137e+01   1.517504e+06   6.112760e+05   8.270879e+05  -6.074924e+10   1.205128e+12  -7.791897e+11   1.833181e+06   1.670095e-17   0.000000e+00   0.000000e+00
     6792000   6.791999e-05   4.918928e+01   1.695352e+01   2.039495e+01   1.506922e+06   7.142509e+05   7.613057e+05  -2.120442e+11   1.375626e+12  -8.708474e+11   1.833181e+06   2.182110e-17   0.000000e+00   0.000000e+00
     6800000   6.799999e-05   4.930894e+01   1.701518e+01   2.045307e+01   1.481756e+06   8.289672e+05   6.912072e+05  -4.209356e+11   1.491833e+12  -8.867451e+11   1.833182e+06   2.581514e-17   0.000000e+00   0.000000e+00
     6808000   6.807999e-05   4.942585e+01   1.708642e+01   2.050552e+01   1.437684e+06   9.533691e+05   6.202497e+05  -6.758250e+11   1.575393e+12  -8.549325e+11   1.833183e+06   2.970469e-17   0.000000e+00   0.000000e+00
     6816000   6.815999e-05   4.953841e+01   1.716778e+01   2.055248e+01   1.372648e+06   1.080885e+06   5.550553e+05  -9.516221e+11   1.596376e+12  -7.552709e+11   1.833183e+06   3.257795e-17   0.000000e+00   0.000000e+00
     6824000   6.823999e-05   4.964487e+01   1.725933e+01   2.059463e+01   1.285668e+06   1.206769e+06   5.013289e+05  -1.213904e+12   1.527942e+12  -5.648057e+11   1.833184e+06   3.340984e-17   0.000000e+00   0.000000e+00
     6832000   6.831999e-05   4.974366e+01   1.736059e+01   2.063312e+01   1.181597e+06   1.322681e+06   4.635854e+05  -1.391379e+12   1.369409e+12  -3.606731e+11   1.833185e+06   3.190556e-17   0.000000e+00   0.000000e+00
     6840000   6.839999e-05   4.983365e+01   1.747054e+01   2.066930e+01   1.073141e+06   1.418449e+06   4.437822e+05  -9.479172e+11   7.602670e+11  -1.377607e+11   1.833186e+06   1.211118e-17   0.000000e+00   0.000000e+00
     6848000   6.847999e-05   4.991795e+01   1.758523e+01   2.070463e+01   1.048648e+06   1.437347e+06   4.415221e+05   0.000000e+00   0.000000e+00   0.000000e+00   1.833186e+06   0.000000e+00   0.000000e+00   0.000000e+00
