     timestep     time              x             y              z              vx             vy             vz             ax             ay             az         v_magnitude      ELoss        Electronic      Nuclear
           0   0.000000e+00   1.000000e-01   8.345700e+00   2.055099e+01   1.144151e+05  -2.306796e+05   8.300569e+05   0.000000e+00   0.000000e+00   0.000000e+00   8.690790e+05   0.000000e+00   0.000000e+00   0.000000e+00
        8000   7.999000e-08   1.102104e-01   8.326903e+00   2.061714e+01   1.403981e+05  -2.386293e+05   8.237978e+05   3.095317e+11  -7.823800e+10  -7.541468e+10   8.690790e+05   1.957953e-19   0.000000e+00   0.000000e+00
       16000   1.599900e-07   1.224060e-01   8.307595e+00   2.068281e+01   1.641528e+05  -2.436815e+05   8.179069e+05   2.841066e+11  -4.915207e+10  -7.166276e+10   8.690791e+05   1.605905e-19   0.000000e+00   0.000000e+00
       24000   2.399900e-07   1.364216e-01   8.287974e+00   2.074802e+01   1.859605e+05  -2.465357e+05   8.123653e+05   2.626898e+11  -2.562893e+10  -6.790989e+10   8.690791e+05   1.351305e-19   0.000000e+00   0.000000e+00
       32000   3.199900e-07   1.521184e-01   8.268186e+00   2.081279e+01   2.061895e+05  -2.479078e+05   8.070478e+05   2.429251e+11  -6.306566e+09  -6.400043e+10   8.690792e+05   1.148879e-19   0.000000e+00   0.000000e+00
       40000   3.999900e-07   1.693751e-01   8.248343e+00   2.087715e+01   2.250307e+05  -2.480446e+05   8.019562e+05   2.281196e+11   2.344426e+09  -6.328506e+10   8.690792e+05   1.019718e-19   0.000000e+00   0.000000e+00
       48000   4.799900e-07   1.880902e-01   8.228523e+00   2.094111e+01   2.426465e+05  -2.472608e+05   7.970467e+05   2.135467e+11   1.473354e+10  -6.043914e+10   8.690792e+05   9.000595e-20   0.000000e+00   0.000000e+00
       56000   5.599900e-07   2.081719e-01   8.208796e+00   2.100468e+01   2.591967e+05  -2.457321e+05   7.922951e+05   1.993239e+11   2.584521e+10  -5.719167e+10   8.690792e+05   7.944799e-20   0.000000e+00   0.000000e+00
       64000   6.399900e-07   2.295333e-01   8.189227e+00   2.106789e+01   2.746851e+05  -2.434336e+05   7.877734e+05   1.879085e+11   3.131077e+10  -5.584498e+10   8.690792e+05   7.169726e-20   0.000000e+00   0.000000e+00
       72000   7.199900e-07   2.520974e-01   8.169858e+00   2.113073e+01   2.892740e+05  -2.406955e+05   7.833805e+05   1.773173e+11   3.684558e+10  -5.415552e+10   8.690793e+05   6.500783e-20   0.000000e+00   0.000000e+00
       80000   7.999900e-07   2.757970e-01   8.150723e+00   2.119323e+01   3.030944e+05  -2.376601e+05   7.790701e+05   1.682399e+11   3.880769e+10  -5.361420e+10   8.690793e+05   5.946500e-20   0.000000e+00   0.000000e+00
       88000   8.799900e-07   3.005722e-01   8.131843e+00   2.125539e+01   3.161765e+05  -2.342823e+05   7.748826e+05   1.592005e+11   4.481601e+10  -5.140851e+10   8.690793e+05   5.457264e-20   0.000000e+00   0.000000e+00
       96000   9.599900e-07   3.263665e-01   8.113247e+00   2.131721e+01   3.285702e+05  -2.305807e+05   7.708262e+05   1.508656e+11   4.774589e+10  -5.002473e+10   8.690793e+05   5.010879e-20   0.000000e+00   0.000000e+00
      104000   1.039990e-06   3.531272e-01   8.094955e+00   2.137872e+01   3.403504e+05  -2.267007e+05   7.668555e+05   1.437052e+11   4.916432e+10  -4.924563e+10   8.690793e+05   4.638081e-20   0.000000e+00   0.000000e+00
      112000   1.119990e-06   3.808074e-01   8.076979e+00   2.143991e+01   3.515643e+05  -2.226596e+05   7.629706e+05   1.369782e+11   5.129503e+10  -4.814743e+10   8.690793e+05   4.314041e-20   0.000000e+00   0.000000e+00
      120000   1.199990e-06   4.093644e-01   8.059331e+00   2.150080e+01   3.622714e+05  -2.185059e+05   7.591531e+05   1.304043e+11   5.360190e+10  -4.680108e+10   8.690793e+05   4.015017e-20   0.000000e+00   0.000000e+00
      128000   1.279990e-06   4.387571e-01   8.042024e+00   2.156138e+01   3.724709e+05  -2.141804e+05   7.554410e+05   1.246140e+11   5.443711e+10  -4.600692e+10   8.690793e+05   3.749379e-20   0.000000e+00   0.000000e+00
      136000   1.359990e-06   4.689475e-01   8.025064e+00   2.162167e+01   3.822148e+05  -2.097812e+05   7.517996e+05   1.191298e+11   5.577126e+10  -4.500296e+10   8.690794e+05   3.516308e-20   0.000000e+00   0.000000e+00
      144000   1.439990e-06   4.999008e-01   8.008460e+00   2.168167e+01   3.915516e+05  -2.053202e+05   7.482178e+05   1.143217e+11   5.567653e+10  -4.454741e+10   8.690794e+05   3.302757e-20   0.000000e+00   0.000000e+00
      152000   1.519990e-06   5.315843e-01   7.992217e+00   2.174139e+01   4.004721e+05  -2.007468e+05   7.447293e+05   1.091487e+11   5.747673e+10  -4.320035e+10   8.690794e+05   3.107994e-20   0.000000e+00   0.000000e+00
      160000   1.599990e-06   5.639664e-01   7.976342e+00   2.180083e+01   4.090216e+05  -1.961365e+05   7.413035e+05   1.045776e+11   5.856801e+10  -4.220542e+10   8.690794e+05   2.937832e-20   0.000000e+00   0.000000e+00
      168000   1.679990e-06   5.970185e-01   7.960838e+00   2.186000e+01   4.172249e+05  -1.914520e+05   7.379488e+05   1.005290e+11   5.848651e+10  -4.166374e+10   8.690794e+05   2.776757e-20   0.000000e+00   0.000000e+00
      176000   1.759990e-06   6.307133e-01   7.945711e+00   2.191890e+01   4.250901e+05  -1.867103e+05   7.346677e+05   9.628592e+10   5.961050e+10  -4.056276e+10   8.690794e+05   2.632502e-20   0.000000e+00   0.000000e+00
      184000   1.839990e-06   6.650246e-01   7.930965e+00   2.197755e+01   4.326404e+05  -1.819372e+05   7.314507e+05   9.249011e+10   5.967118e+10  -3.986381e+10   8.690794e+05   2.493228e-20   0.000000e+00   0.000000e+00
      192000   1.919990e-06   6.999277e-01   7.916602e+00   2.203594e+01   4.398887e+05  -1.771302e+05   7.283006e+05   8.883665e+10   6.034248e+10  -3.898065e+10   8.690794e+05   2.374691e-20   0.000000e+00   0.000000e+00
      200000   1.999990e-06   7.353993e-01   7.902626e+00   2.209408e+01   4.468542e+05  -1.722706e+05   7.252194e+05   8.532153e+10   6.087675e+10  -3.811107e+10   8.690794e+05   2.262902e-20   0.000000e+00   0.000000e+00
      208000   2.079990e-06   7.714170e-01   7.889040e+00   2.215197e+01   4.535463e+05  -1.673809e+05   7.222039e+05   8.205024e+10   6.114588e+10  -3.735623e+10   8.690794e+05   2.158900e-20   0.000000e+00   0.000000e+00
      216000   2.159990e-06   8.079599e-01   7.875845e+00   2.220963e+01   4.599818e+05  -1.624812e+05   7.192466e+05   7.878559e+10   6.188031e+10  -3.640676e+10   8.690794e+05   2.067068e-20   0.000000e+00   0.000000e+00
      224000   2.239990e-06   8.450073e-01   7.863045e+00   2.226705e+01   4.661633e+05  -1.575187e+05   7.163649e+05   7.576388e+10   6.215270e+10  -3.563549e+10   8.690794e+05   1.978144e-20   0.000000e+00   0.000000e+00
      232000   2.319990e-06   8.825396e-01   7.850642e+00   2.232425e+01   4.721037e+05  -1.525368e+05   7.135473e+05   7.278392e+10   6.238443e+10  -3.481975e+10   8.690794e+05   1.892402e-20   0.000000e+00   0.000000e+00
      240000   2.399990e-06   9.205378e-01   7.838639e+00   2.238122e+01   4.778137e+05  -1.475330e+05   7.107933e+05   6.994630e+10   6.277487e+10  -3.398995e+10   8.690794e+05   1.817220e-20   0.000000e+00   0.000000e+00
      248000   2.479990e-06   9.589838e-01   7.827038e+00   2.243798e+01   4.832986e+05  -1.424954e+05   7.081077e+05   6.721623e+10   6.308264e+10  -3.318200e+10   8.690794e+05   1.746266e-20   0.000000e+00   0.000000e+00
      256000   2.559990e-06   9.978600e-01   7.815840e+00   2.249452e+01   4.885709e+05  -1.374474e+05   7.054827e+05   6.460202e+10   6.309514e+10  -3.244631e+10   8.690795e+05   1.675076e-20   0.000000e+00   0.000000e+00
      264000   2.639990e-06   1.037150e+00   7.805048e+00   2.255086e+01   4.936358e+05  -1.323504e+05   7.029268e+05   6.205275e+10   6.379854e+10  -3.156461e+10   8.690795e+05   1.622305e-20   0.000000e+00   0.000000e+00
      272000   2.719990e-06   1.076836e+00   7.794665e+00   2.260699e+01   4.985002e+05  -1.272303e+05   7.004349e+05   5.953064e+10   6.406512e+10  -3.073081e+10   8.690795e+05   1.563267e-20   0.000000e+00   0.000000e+00
      280000   2.799990e-06   1.116904e+00   7.784691e+00   2.266293e+01   5.031688e+05  -1.220993e+05   6.980058e+05   5.718788e+10   6.433375e+10  -2.997106e+10   8.690795e+05   1.511403e-20   0.000000e+00   0.000000e+00
      288000   2.879990e-06   1.157338e+00   7.775129e+00   2.271867e+01   5.076481e+05  -1.169358e+05   6.956425e+05   5.480569e+10   6.485079e+10  -2.909332e+10   8.690795e+05   1.465586e-20   0.000000e+00   0.000000e+00
      296000   2.959990e-06   1.198123e+00   7.765982e+00   2.277423e+01   5.119416e+05  -1.117402e+05   6.933463e+05   5.253852e+10   6.502511e+10  -2.831292e+10   8.690795e+05   1.417278e-20   0.000000e+00   0.000000e+00
      304000   3.039990e-06   1.239244e+00   7.757251e+00   2.282961e+01   5.160526e+05  -1.065293e+05   6.911153e+05   5.033479e+10   6.555457e+10  -2.747999e+10   8.690795e+05   1.380155e-20   0.000000e+00   0.000000e+00
      312000   3.119990e-06   1.280687e+00   7.748939e+00   2.288481e+01   5.199955e+05  -1.012642e+05   6.889480e+05   4.824437e+10   6.605873e+10  -2.670361e+10   8.690795e+05   1.347083e-20   0.000000e+00   0.000000e+00
      320000   3.199990e-06   1.322439e+00   7.741049e+00   2.293985e+01   5.237644e+05  -9.597725e+04   6.868467e+05   4.604235e+10   6.627094e+10  -2.584968e+10   8.690795e+05   1.306255e-20   0.000000e+00   0.000000e+00
      328000   3.279990e-06   1.364485e+00   7.733584e+00   2.299471e+01   5.273652e+05  -9.066175e+04   6.848106e+05   4.398462e+10   6.660393e+10  -2.505431e+10   8.690795e+05   1.273236e-20   0.000000e+00   0.000000e+00
      336000   3.359990e-06   1.406813e+00   7.726545e+00   2.304942e+01   5.308078e+05  -8.528303e+04   6.828390e+05   4.199687e+10   6.735685e+10  -2.423383e+10   8.690795e+05   1.253134e-20   0.000000e+00   0.000000e+00
      344000   3.439990e-06   1.449410e+00   7.719939e+00   2.310397e+01   5.340853e+05  -7.988241e+04   6.809338e+05   3.998906e+10   6.788682e+10  -2.340101e+10   8.690795e+05   1.229008e-20   0.000000e+00   0.000000e+00
      352000   3.519990e-06   1.492262e+00   7.713766e+00   2.315837e+01   5.372076e+05  -7.443294e+04   6.790927e+05   3.807303e+10   6.834008e+10  -2.262769e+10   8.690795e+05   1.206554e-20   0.000000e+00   0.000000e+00
      360000   3.599990e-06   1.535359e+00   7.708030e+00   2.321262e+01   5.401713e+05  -6.895336e+04   6.773179e+05   3.606927e+10   6.871428e+10  -2.177034e+10   8.690795e+05   1.181931e-20   0.000000e+00   0.000000e+00
      368000   3.679990e-06   1.578686e+00   7.702734e+00   2.326674e+01   5.429815e+05  -6.344100e+04   6.756075e+05   3.418998e+10   6.908540e+10  -2.099091e+10   8.690795e+05   1.161150e-20   0.000000e+00   0.000000e+00
      376000   3.759990e-06   1.622232e+00   7.697880e+00   2.332072e+01   5.456393e+05  -5.789577e+04   6.739622e+05   3.224852e+10   6.956241e+10  -2.013262e+10   8.690795e+05   1.143293e-20   0.000000e+00   0.000000e+00
      384000   3.839990e-06   1.665984e+00   7.693472e+00   2.337458e+01   5.481449e+05  -5.231493e+04   6.723834e+05   3.039654e+10   6.995010e+10  -1.933750e+10   8.690795e+05   1.126317e-20   0.000000e+00   0.000000e+00
      392000   3.919990e-06   1.709931e+00   7.689511e+00   2.342831e+01   5.505033e+05  -4.670385e+04   6.708681e+05   2.855169e+10   7.019630e+10  -1.854210e+10   8.690795e+05   1.107328e-20   0.000000e+00   0.000000e+00
      400000   3.999990e-06   1.754061e+00   7.685999e+00   2.348192e+01   5.527150e+05  -4.107889e+04   6.694160e+05   2.674589e+10   7.041994e+10  -1.776179e+10   8.690795e+05   1.089728e-20   0.000000e+00   0.000000e+00
      408000   4.079990e-06   1.798361e+00   7.682939e+00   2.353541e+01   5.547802e+05  -3.544389e+04   6.680283e+05   2.491298e+10   7.046526e+10  -1.695079e+10   8.690795e+05   1.068542e-20   0.000000e+00   0.000000e+00
      416000   4.159990e-06   1.842822e+00   7.680331e+00   2.358880e+01   5.567059e+05  -2.974394e+04   6.667031e+05   2.320407e+10   7.164116e+10  -1.617946e+10   8.690795e+05   1.079332e-20   0.000000e+00   0.000000e+00
      424000   4.239990e-06   1.887431e+00   7.678181e+00   2.364209e+01   5.584916e+05  -2.399716e+04   6.654400e+05   2.145161e+10   7.202024e+10  -1.540666e+10   8.690795e+05   1.070562e-20   0.000000e+00   0.000000e+00
      432000   4.319990e-06   1.932177e+00   7.676492e+00   2.369528e+01   5.601370e+05  -1.820843e+04   6.642396e+05   1.968125e+10   7.264408e+10  -1.460528e+10   8.690795e+05   1.069357e-20   0.000000e+00   0.000000e+00
      440000   4.399990e-06   1.977049e+00   7.675269e+00   2.374837e+01   5.616421e+05  -1.236041e+04   6.631023e+05   1.794977e+10   7.339796e+10  -1.383505e+10   8.690795e+05   1.073547e-20   0.000000e+00   0.000000e+00
      448000   4.479990e-06   2.022036e+00   7.674516e+00   2.380137e+01   5.630079e+05  -6.469834e+03   6.620268e+05   1.617910e+10   7.374268e+10  -1.303844e+10   8.690795e+05   1.067887e-20   0.000000e+00   0.000000e+00
      456000   4.559990e-06   2.067126e+00   7.674234e+00   2.385429e+01   5.642337e+05  -5.563599e+02   6.610138e+05   1.446892e+10   7.408882e+10  -1.228805e+10   8.690795e+05   1.064203e-20   0.000000e+00   0.000000e+00
      464000   4.639990e-06   2.112310e+00   7.674427e+00   2.390714e+01   5.653234e+05   5.388080e+03   6.600603e+05   1.277269e+10   7.440481e+10  -1.154674e+10   8.690795e+05   1.061119e-20   0.000000e+00   0.000000e+00
      472000   4.719990e-06   2.157574e+00   7.675097e+00   2.395991e+01   5.662771e+05   1.134789e+04   6.591667e+05   1.107348e+10   7.458509e+10  -1.079694e+10   8.690795e+05   1.055586e-20   0.000000e+00   0.000000e+00
      480000   4.799990e-06   2.202910e+00   7.676243e+00   2.401261e+01   5.670963e+05   1.733268e+04   6.583317e+05   9.395390e+09   7.538255e+10  -1.007792e+10   8.690795e+05   1.068361e-20   0.000000e+00   0.000000e+00
      488000   4.879990e-06   2.248306e+00   7.677872e+00   2.406524e+01   5.677794e+05   2.339363e+04   6.575550e+05   7.683359e+09   7.613681e+10  -9.342961e+09   8.690795e+05   1.081237e-20   0.000000e+00   0.000000e+00
      496000   4.959990e-06   2.293751e+00   7.679988e+00   2.411782e+01   5.683274e+05   2.949006e+04   6.568360e+05   6.048803e+09   7.588541e+10  -8.640676e+09   8.690795e+05   1.067904e-20   0.000000e+00   0.000000e+00
      504000   5.039990e-06   2.339235e+00   7.682591e+00   2.417034e+01   5.687421e+05   3.560879e+04   6.561735e+05   4.338493e+09   7.681256e+10  -7.928735e+09   8.690795e+05   1.088281e-20   0.000000e+00   0.000000e+00
      512000   5.119990e-06   2.384747e+00   7.685686e+00   2.422280e+01   5.690242e+05   4.175329e+04   6.555665e+05   2.733764e+09   7.663774e+10  -7.253873e+09   8.690795e+05   1.079473e-20   0.000000e+00   0.000000e+00
      520000   5.199990e-06   2.430275e+00   7.689273e+00   2.427523e+01   5.691761e+05   4.792771e+04   6.550121e+05   1.067249e+09   7.763377e+10  -6.607819e+09   8.690796e+05   1.104645e-20   0.000000e+00   0.000000e+00
      528000   5.279990e-06   2.475811e+00   7.693356e+00   2.432761e+01   5.691960e+05   5.414741e+04   6.545099e+05  -5.564453e+08   7.778179e+10  -5.950857e+09   8.690796e+05   1.107180e-20   0.000000e+00   0.000000e+00
      536000   5.359990e-06   2.521343e+00   7.697937e+00   2.437995e+01   5.690861e+05   6.039044e+04   6.540591e+05  -2.210465e+09   7.841370e+10  -5.316693e+09   8.690796e+05   1.124667e-20   0.000000e+00   0.000000e+00
      544000   5.439990e-06   2.566861e+00   7.703019e+00   2.443226e+01   5.688438e+05   6.667727e+04   6.536591e+05  -3.840246e+09   7.866567e+10  -4.682334e+09   8.690796e+05   1.132510e-20   0.000000e+00   0.000000e+00
      552000   5.519990e-06   2.612355e+00   7.708605e+00   2.448454e+01   5.684711e+05   7.298702e+04   6.533091e+05  -5.498095e+09   7.933013e+10  -4.078465e+09   8.690796e+05   1.153461e-20   0.000000e+00   0.000000e+00
      560000   5.599990e-06   2.657813e+00   7.714699e+00   2.453679e+01   5.679684e+05   7.934073e+04   6.530056e+05  -7.057014e+09   7.944317e+10  -3.514295e+09   8.690796e+05   1.159510e-20   0.000000e+00   0.000000e+00
      568000   5.679990e-06   2.703227e+00   7.721300e+00   2.458902e+01   5.673420e+05   8.569938e+04   6.527465e+05  -8.654004e+09   7.974658e+10  -2.948139e+09   8.690796e+05   1.172195e-20   0.000000e+00   0.000000e+00
      576000   5.759990e-06   2.748584e+00   7.728412e+00   2.464123e+01   5.665826e+05   9.210912e+04   6.525331e+05  -1.032641e+10   8.045463e+10  -2.390335e+09   8.690796e+05   1.198064e-20   0.000000e+00   0.000000e+00
      584000   5.839990e-06   2.793876e+00   7.736039e+00   2.469343e+01   5.656901e+05   9.856934e+04   6.523635e+05  -1.198511e+10   8.104830e+10  -1.853189e+09   8.690796e+05   1.221825e-20   0.000000e+00   0.000000e+00
      592000   5.919990e-06   2.839092e+00   7.744183e+00   2.474561e+01   5.646733e+05   1.050366e+05   6.522352e+05  -1.351090e+10   8.100290e+10  -1.347612e+09   8.690796e+05   1.227270e-20   0.000000e+00   0.000000e+00
      600000   5.999990e-06   2.884220e+00   7.752846e+00   2.479778e+01   5.635274e+05   1.115345e+05   6.521474e+05  -1.513441e+10   8.144086e+10  -8.506328e+08   8.690796e+05   1.248475e-20   0.000000e+00   0.000000e+00
      608000   6.079990e-06   2.929253e+00   7.762028e+00   2.484995e+01   5.622619e+05   1.180281e+05   6.520968e+05  -1.656216e+10   8.108000e+10  -3.946961e+08   8.690796e+05   1.245937e-20   0.000000e+00   0.000000e+00
      616000   6.159990e-06   2.974179e+00   7.771730e+00   2.490212e+01   5.608761e+05   1.245173e+05   6.520834e+05  -1.816483e+10   8.173093e+10   1.743459e+07   8.690796e+05   1.275314e-20   0.000000e+00   0.000000e+00
      624000   6.239990e-06   3.018990e+00   7.781953e+00   2.495429e+01   5.593641e+05   1.310532e+05   6.521014e+05  -1.960968e+10   8.159083e+10   4.236703e+08   8.690796e+05   1.281114e-20   0.000000e+00   0.000000e+00
      632000   6.319990e-06   3.063674e+00   7.792699e+00   2.500646e+01   5.577342e+05   1.375914e+05   6.521507e+05  -2.125455e+10   8.237428e+10   7.980898e+08   8.690796e+05   1.316794e-20   0.000000e+00   0.000000e+00
      640000   6.399990e-06   3.108223e+00   7.803970e+00   2.505863e+01   5.559698e+05   1.441995e+05   6.522296e+05  -2.279341e+10   8.260932e+10   1.165690e+09   8.690796e+05   1.336314e-20   0.000000e+00   0.000000e+00
      648000   6.479990e-06   3.152626e+00   7.815770e+00   2.511082e+01   5.540865e+05   1.508119e+05   6.523368e+05  -2.431041e+10   8.283078e+10   1.499651e+09   8.690796e+05   1.356141e-20   0.000000e+00   0.000000e+00
      656000   6.559990e-06   3.196874e+00   7.828101e+00   2.516301e+01   5.520804e+05   1.574487e+05   6.524695e+05  -2.584029e+10   8.308908e+10   1.814218e+09   8.690796e+05   1.378086e-20   0.000000e+00   0.000000e+00
      664000   6.639990e-06   3.240956e+00   7.840961e+00   2.521521e+01   5.499660e+05   1.640582e+05   6.526267e+05  -2.704265e+10   8.237452e+10   2.081435e+09   8.690796e+05   1.368335e-20   0.000000e+00   0.000000e+00
      672000   6.719990e-06   3.284866e+00   7.854349e+00   2.526743e+01   5.477497e+05   1.706407e+05   6.528027e+05  -2.836137e+10   8.218880e+10   2.313486e+09   8.690796e+05   1.376253e-20   0.000000e+00   0.000000e+00
      680000   6.799990e-06   3.328593e+00   7.868264e+00   2.531966e+01   5.454184e+05   1.772284e+05   6.529994e+05  -2.990620e+10   8.248077e+10   2.593465e+09   8.690796e+05   1.401625e-20   0.000000e+00   0.000000e+00
      688000   6.879990e-06   3.372130e+00   7.882706e+00   2.537191e+01   5.429704e+05   1.838263e+05   6.532154e+05  -3.129164e+10   8.246495e+10   2.803497e+09   8.690796e+05   1.416782e-20   0.000000e+00   0.000000e+00
      696000   6.959990e-06   3.415466e+00   7.897676e+00   2.542418e+01   5.404106e+05   1.904322e+05   6.534457e+05  -3.276020e+10   8.286513e+10   2.944159e+09   8.690796e+05   1.446077e-20   0.000000e+00   0.000000e+00
      704000   7.039990e-06   3.458592e+00   7.913176e+00   2.547646e+01   5.377343e+05   1.970636e+05   6.536874e+05  -3.416262e+10   8.296297e+10   3.092469e+09   8.690796e+05   1.466267e-20   0.000000e+00   0.000000e+00
      712000   7.119990e-06   3.501500e+00   7.929207e+00   2.552877e+01   5.349472e+05   2.037046e+05   6.539384e+05  -3.547782e+10   8.298347e+10   3.172667e+09   8.690796e+05   1.483641e-20   0.000000e+00   0.000000e+00
      720000   7.199990e-06   3.544181e+00   7.945768e+00   2.558109e+01   5.320563e+05   2.103430e+05   6.541952e+05  -3.679185e+10   8.297590e+10   3.243717e+09   8.690796e+05   1.500773e-20   0.000000e+00   0.000000e+00
      728000   7.279990e-06   3.586627e+00   7.962861e+00   2.563344e+01   5.290762e+05   2.169461e+05   6.544556e+05  -3.773429e+10   8.216576e+10   3.268146e+09   8.690796e+05   1.489241e-20   0.000000e+00   0.000000e+00
      736000   7.359990e-06   3.628830e+00   7.980479e+00   2.568580e+01   5.259987e+05   2.235302e+05   6.547205e+05  -3.918937e+10   8.242978e+10   3.342034e+09   8.690796e+05   1.517598e-20   0.000000e+00   0.000000e+00
      744000   7.439990e-06   3.670784e+00   7.998625e+00   2.573819e+01   5.228178e+05   2.301142e+05   6.549874e+05  -4.033607e+10   8.216533e+10   3.329972e+09   8.690796e+05   1.526256e-20   0.000000e+00   0.000000e+00
      752000   7.519990e-06   3.712479e+00   8.017297e+00   2.579060e+01   5.195407e+05   2.366922e+05   6.552508e+05  -4.168364e+10   8.249691e+10   3.250752e+09   8.690796e+05   1.556201e-20   0.000000e+00   0.000000e+00
      760000   7.599990e-06   3.753908e+00   8.036496e+00   2.584303e+01   5.161624e+05   2.432743e+05   6.555100e+05  -4.277417e+10   8.206326e+10   3.225916e+09   8.690797e+05   1.559948e-20   0.000000e+00   0.000000e+00
      768000   7.679990e-06   3.795062e+00   8.056221e+00   2.589548e+01   5.126969e+05   2.498238e+05   6.557663e+05  -4.386097e+10   8.167484e+10   3.176663e+09   8.690797e+05   1.565450e-20   0.000000e+00   0.000000e+00
      776000   7.759990e-06   3.835937e+00   8.076468e+00   2.594795e+01   5.091428e+05   2.563604e+05   6.560125e+05  -4.493565e+10   8.151752e+10   3.019588e+09   8.690797e+05   1.577963e-20   0.000000e+00   0.000000e+00
      784000   7.839990e-06   3.876523e+00   8.097237e+00   2.600045e+01   5.055078e+05   2.628657e+05   6.562492e+05  -4.563154e+10   8.053425e+10   2.891412e+09   8.690797e+05   1.560303e-20   0.000000e+00   0.000000e+00
      792000   7.919990e-06   3.916816e+00   8.118525e+00   2.605295e+01   5.018049e+05   2.693225e+05   6.564729e+05  -4.691086e+10   8.078776e+10   2.714853e+09   8.690797e+05   1.589099e-20   0.000000e+00   0.000000e+00
      800000   7.999990e-06   3.956809e+00   8.140329e+00   2.610548e+01   4.980029e+05   2.757896e+05   6.566830e+05  -4.787255e+10   8.046953e+10   2.509729e+09   8.690797e+05   1.596154e-20   0.000000e+00   0.000000e+00
      808000   8.079990e-06   3.996495e+00   8.162650e+00   2.615802e+01   4.941345e+05   2.822143e+05   6.568757e+05  -4.883592e+10   8.014842e+10   2.302676e+09   8.690797e+05   1.603539e-20   0.000000e+00   0.000000e+00
      816000   8.159990e-06   4.035868e+00   8.185484e+00   2.621058e+01   4.901765e+05   2.886352e+05   6.570512e+05  -4.984313e+10   7.995937e+10   2.059102e+09   8.690797e+05   1.615922e-20   0.000000e+00   0.000000e+00
      824000   8.239990e-06   4.074922e+00   8.208830e+00   2.626315e+01   4.861612e+05   2.950052e+05   6.572052e+05  -5.050104e+10   7.924169e+10   1.787903e+09   8.690797e+05   1.606957e-20   0.000000e+00   0.000000e+00
      832000   8.319990e-06   4.113653e+00   8.232683e+00   2.631573e+01   4.820900e+05   3.013239e+05   6.573376e+05  -5.131263e+10   7.877193e+10   1.523614e+09   8.690797e+05   1.608327e-20   0.000000e+00   0.000000e+00
      840000   8.399990e-06   4.152055e+00   8.257040e+00   2.636832e+01   4.779640e+05   3.075924e+05   6.574472e+05  -5.183231e+10   7.794419e+10   1.215338e+09   8.690797e+05   1.594326e-20   0.000000e+00   0.000000e+00
      848000   8.479990e-06   4.190126e+00   8.281896e+00   2.642092e+01   4.737894e+05   3.138065e+05   6.575322e+05  -5.262624e+10   7.753676e+10   9.160104e+08   8.690797e+05   1.597771e-20   0.000000e+00   0.000000e+00
      856000   8.559990e-06   4.227859e+00   8.307249e+00   2.647353e+01   4.695388e+05   3.200137e+05   6.575895e+05  -5.340295e+10   7.728079e+10   5.230229e+08   8.690797e+05   1.605442e-20   0.000000e+00   0.000000e+00
      864000   8.639990e-06   4.265251e+00   8.333097e+00   2.652614e+01   4.652378e+05   3.261817e+05   6.576160e+05  -5.419673e+10   7.703446e+10   1.326322e+08   8.690797e+05   1.614016e-20   0.000000e+00   0.000000e+00
      872000   8.719990e-06   4.302295e+00   8.359438e+00   2.657875e+01   4.608698e+05   3.323352e+05   6.576107e+05  -5.472218e+10   7.633037e+10  -2.241071e+08   8.690797e+05   1.604791e-20   0.000000e+00   0.000000e+00
      880000   8.799990e-06   4.338989e+00   8.386268e+00   2.663135e+01   4.564740e+05   3.384125e+05   6.575774e+05  -5.515210e+10   7.558951e+10  -6.156579e+08   8.690797e+05   1.592969e-20   0.000000e+00   0.000000e+00
      888000   8.879990e-06   4.375330e+00   8.413582e+00   2.668396e+01   4.520420e+05   3.444342e+05   6.575125e+05  -5.564945e+10   7.495859e+10  -1.007314e+09   8.690797e+05   1.585830e-20   0.000000e+00   0.000000e+00
      896000   8.959990e-06   4.411315e+00   8.441376e+00   2.673655e+01   4.475821e+05   3.503936e+05   6.574148e+05  -5.597041e+10   7.417662e+10  -1.429198e+09   8.690797e+05   1.571317e-20   0.000000e+00   0.000000e+00
      904000   9.039990e-06   4.446942e+00   8.469644e+00   2.678914e+01   4.430805e+05   3.563106e+05   6.572838e+05  -5.656613e+10   7.375020e+10  -1.847824e+09   8.690797e+05   1.572287e-20   0.000000e+00   0.000000e+00
      912000   9.119990e-06   4.482207e+00   8.498385e+00   2.684172e+01   4.385369e+05   3.621906e+05   6.571171e+05  -5.700713e+10   7.320155e+10  -2.302636e+09   8.690797e+05   1.567075e-20   0.000000e+00   0.000000e+00
      920000   9.199990e-06   4.517108e+00   8.527593e+00   2.689428e+01   4.339836e+05   3.679959e+05   6.569146e+05  -5.699299e+10   7.212264e+10  -2.750318e+09   8.690797e+05   1.538670e-20   0.000000e+00   0.000000e+00
      928000   9.279990e-06   4.551644e+00   8.557263e+00   2.694682e+01   4.294104e+05   3.737430e+05   6.566753e+05  -5.732075e+10   7.153510e+10  -3.230710e+09   8.690797e+05   1.530652e-20   0.000000e+00   0.000000e+00
      936000   9.359990e-06   4.585813e+00   8.587390e+00   2.699935e+01   4.248130e+05   3.794414e+05   6.563975e+05  -5.761108e+10   7.092846e+10  -3.716002e+09   8.690797e+05   1.521613e-20   0.000000e+00   0.000000e+00
      944000   9.439990e-06   4.619614e+00   8.617971e+00   2.705185e+01   4.202087e+05   3.850686e+05   6.560841e+05  -5.781081e+10   7.014153e+10  -4.140647e+09   8.690797e+05   1.506217e-20   0.000000e+00   0.000000e+00
      952000   9.519990e-06   4.653046e+00   8.649000e+00   2.710432e+01   4.155727e+05   3.906558e+05   6.557339e+05  -5.792679e+10   6.938318e+10  -4.623923e+09   8.690797e+05   1.490182e-20   0.000000e+00   0.000000e+00
      960000   9.599990e-06   4.686106e+00   8.680474e+00   2.715676e+01   4.109381e+05   3.961749e+05   6.553434e+05  -5.793585e+10   6.859990e+10  -5.141477e+09   8.690798e+05   1.471629e-20   0.000000e+00   0.000000e+00
      968000   9.679990e-06   4.718796e+00   8.712386e+00   2.720917e+01   4.063011e+05   4.016312e+05   6.549133e+05  -5.799549e+10   6.780515e+10  -5.602198e+09   8.690798e+05   1.454066e-20   0.000000e+00   0.000000e+00
      976000   9.759990e-06   4.751114e+00   8.744733e+00   2.726155e+01   4.016658e+05   4.070173e+05   6.544472e+05  -5.788265e+10   6.685086e+10  -6.050752e+09   8.690798e+05   1.429259e-20   0.000000e+00   0.000000e+00
      984000   9.839990e-06   4.783062e+00   8.777507e+00   2.731388e+01   3.970412e+05   4.123293e+05   6.539438e+05  -5.771317e+10   6.599993e+10  -6.574146e+09   8.690798e+05   1.406330e-20   0.000000e+00   0.000000e+00
      992000   9.919990e-06   4.814641e+00   8.810704e+00   2.736618e+01   3.924234e+05   4.175817e+05   6.533981e+05  -5.769724e+10   6.526807e+10  -7.059900e+09   8.690798e+05   1.389723e-20   0.000000e+00   0.000000e+00
     1000000   9.999990e-06   4.845851e+00   8.844318e+00   2.741843e+01   3.878182e+05   4.227657e+05   6.528138e+05  -5.744004e+10   6.432545e+10  -7.533892e+09   8.690798e+05   1.363370e-20   0.000000e+00   0.000000e+00
     1008000   1.007999e-05   4.876693e+00   8.878345e+00   2.747063e+01   3.832331e+05   4.278751e+05   6.521924e+05  -5.718475e+10   6.341301e+10  -8.000228e+09   8.690798e+05   1.338159e-20   0.000000e+00   0.000000e+00
     1016000   1.015999e-05   4.907168e+00   8.912777e+00   2.752278e+01   3.786636e+05   4.329186e+05   6.515329e+05  -5.708732e+10   6.271271e+10  -8.491568e+09   8.690798e+05   1.321539e-20   0.000000e+00   0.000000e+00
     1024000   1.023999e-05   4.937279e+00   8.947610e+00   2.757487e+01   3.741104e+05   4.378996e+05   6.508341e+05  -5.673879e+10   6.181715e+10  -8.977808e+09   8.690798e+05   1.295577e-20   0.000000e+00   0.000000e+00
     1032000   1.031999e-05   4.967027e+00   8.982839e+00   2.762691e+01   3.695799e+05   4.428117e+05   6.500986e+05  -5.656009e+10   6.101700e+10  -9.407041e+09   8.690798e+05   1.275448e-20   0.000000e+00   0.000000e+00
     1040000   1.039999e-05   4.996412e+00   9.018458e+00   2.767889e+01   3.650682e+05   4.476581e+05   6.493282e+05  -5.623585e+10   6.014409e+10  -9.847103e+09   8.690798e+05   1.251094e-20   0.000000e+00   0.000000e+00
     1048000   1.047999e-05   5.025438e+00   9.054462e+00   2.773080e+01   3.605893e+05   4.524346e+05   6.485198e+05  -5.574906e+10   5.923524e+10  -1.032735e+10   8.690798e+05   1.223201e-20   0.000000e+00   0.000000e+00
     1056000   1.055999e-05   5.054108e+00   9.090846e+00   2.778265e+01   3.561483e+05   4.571365e+05   6.476761e+05  -5.527438e+10   5.831628e+10  -1.076551e+10   8.690798e+05   1.195641e-20   0.000000e+00   0.000000e+00
     1064000   1.063999e-05   5.082424e+00   9.127602e+00   2.783443e+01   3.517557e+05   4.617585e+05   6.467973e+05  -5.460750e+10   5.728919e+10  -1.120167e+10   8.690798e+05   1.162451e-20   0.000000e+00   0.000000e+00
     1072000   1.071999e-05   5.110390e+00   9.164725e+00   2.788614e+01   3.474096e+05   4.663035e+05   6.458849e+05  -5.404006e+10   5.632516e+10  -1.159731e+10   8.690798e+05   1.132949e-20   0.000000e+00   0.000000e+00
     1080000   1.079999e-05   5.138010e+00   9.202208e+00   2.793777e+01   3.431157e+05   4.707688e+05   6.449404e+05  -5.339090e+10   5.537440e+10  -1.201541e+10   8.690798e+05   1.102736e-20   0.000000e+00   0.000000e+00
     1088000   1.087999e-05   5.165289e+00   9.240046e+00   2.798933e+01   3.388673e+05   4.751634e+05   6.439631e+05  -5.281656e+10   5.449424e+10  -1.241656e+10   8.690798e+05   1.075829e-20   0.000000e+00   0.000000e+00
     1096000   1.095999e-05   5.192231e+00   9.278232e+00   2.804080e+01   3.346739e+05   4.794759e+05   6.429587e+05  -5.203196e+10   5.336515e+10  -1.271233e+10   8.690798e+05   1.040059e-20   0.000000e+00   0.000000e+00
     1104000   1.103999e-05   5.218839e+00   9.316760e+00   2.809220e+01   3.305341e+05   4.837118e+05   6.419267e+05  -5.149960e+10   5.255799e+10  -1.308637e+10   8.690798e+05   1.016232e-20   0.000000e+00   0.000000e+00
     1112000   1.111999e-05   5.245118e+00   9.355624e+00   2.814351e+01   3.264568e+05   4.878701e+05   6.408654e+05  -5.047011e+10   5.143208e+10  -1.344403e+10   8.690798e+05   9.775604e-21   0.000000e+00   0.000000e+00
     1120000   1.119999e-05   5.271074e+00   9.394817e+00   2.819474e+01   3.224581e+05   4.919424e+05   6.397759e+05  -4.949334e+10   5.037891e+10  -1.379224e+10   8.690798e+05   9.420144e-21   0.000000e+00   0.000000e+00
     1128000   1.127999e-05   5.296712e+00   9.434333e+00   2.824587e+01   3.185102e+05   4.959466e+05   6.386611e+05  -4.892798e+10   4.956867e+10  -1.409089e+10   8.690798e+05   9.186728e-21   0.000000e+00   0.000000e+00
     1136000   1.135999e-05   5.322037e+00   9.474167e+00   2.829692e+01   3.146241e+05   4.998753e+05   6.375234e+05  -4.817739e+10   4.863041e+10  -1.435449e+10   8.690798e+05   8.900140e-21   0.000000e+00   0.000000e+00
     1144000   1.143999e-05   5.347054e+00   9.514311e+00   2.834788e+01   3.108024e+05   5.037293e+05   6.363634e+05  -4.729877e+10   4.765404e+10  -1.462077e+10   8.690798e+05   8.590531e-21   0.000000e+00   0.000000e+00
     1152000   1.151999e-05   5.371768e+00   9.554761e+00   2.839874e+01   3.070559e+05   5.075011e+05   6.351842e+05  -4.635941e+10   4.664437e+10  -1.485725e+10   8.690798e+05   8.269936e-21   0.000000e+00   0.000000e+00
     1160000   1.159999e-05   5.396185e+00   9.595510e+00   2.844951e+01   3.033920e+05   5.111989e+05   6.339785e+05  -4.529611e+10   4.576776e+10  -1.522749e+10   8.690798e+05   7.965512e-21   0.000000e+00   0.000000e+00
     1168000   1.167999e-05   5.420312e+00   9.636550e+00   2.850017e+01   2.998050e+05   5.148099e+05   6.327618e+05  -4.432247e+10   4.460010e+10  -1.528605e+10   8.690798e+05   7.618048e-21   0.000000e+00   0.000000e+00
     1176000   1.175999e-05   5.444156e+00   9.677877e+00   2.855075e+01   2.963031e+05   5.183371e+05   6.315306e+05  -4.322397e+10   4.358497e+10  -1.549295e+10   8.690798e+05   7.291809e-21   0.000000e+00   0.000000e+00
     1184000   1.183999e-05   5.467723e+00   9.719482e+00   2.860122e+01   2.928835e+05   5.217886e+05   6.302823e+05  -4.226030e+10   4.268381e+10  -1.569859e+10   8.690798e+05   7.012169e-21   0.000000e+00   0.000000e+00
     1192000   1.191999e-05   5.491020e+00   9.761361e+00   2.865159e+01   2.895457e+05   5.251627e+05   6.290208e+05  -4.118092e+10   4.167341e+10  -1.583656e+10   8.690798e+05   6.701160e-21   0.000000e+00   0.000000e+00
     1200000   1.199999e-05   5.514053e+00   9.803506e+00   2.870186e+01   2.862918e+05   5.284577e+05   6.277493e+05  -4.016777e+10   4.073202e+10  -1.597040e+10   8.690798e+05   6.417831e-21   0.000000e+00   0.000000e+00
     1208000   1.207999e-05   5.536829e+00   9.845912e+00   2.875203e+01   2.831285e+05   5.316737e+05   6.264671e+05  -3.891329e+10   3.967198e+10  -1.608233e+10   8.690798e+05   6.088808e-21   0.000000e+00   0.000000e+00
     1216000   1.215999e-05   5.559356e+00   9.888572e+00   2.880210e+01   2.800652e+05   5.348062e+05   6.251765e+05  -3.790270e+10   3.875365e+10  -1.617213e+10   8.690798e+05   5.821812e-21   0.000000e+00   0.000000e+00
     1224000   1.223999e-05   5.581641e+00   9.931479e+00   2.885206e+01   2.770843e+05   5.378642e+05   6.238799e+05  -3.661282e+10   3.768974e+10  -1.623244e+10   8.690798e+05   5.502546e-21   0.000000e+00   0.000000e+00
     1232000   1.231999e-05   5.603692e+00   9.974628e+00   2.890192e+01   2.742044e+05   5.408379e+05   6.225802e+05  -3.552851e+10   3.674056e+10  -1.626873e+10   8.690798e+05   5.233843e-21   0.000000e+00   0.000000e+00
     1240000   1.239999e-05   5.625516e+00   1.001801e+01   2.895167e+01   2.714107e+05   5.437379e+05   6.212770e+05  -3.427577e+10   3.572278e+10  -1.629063e+10   8.690798e+05   4.941873e-21   0.000000e+00   0.000000e+00
     1248000   1.247999e-05   5.647121e+00   1.006162e+01   2.900132e+01   2.687193e+05   5.465553e+05   6.199733e+05  -3.297903e+10   3.475024e+10  -1.634071e+10   8.690798e+05   4.661490e-21   0.000000e+00   0.000000e+00
     1256000   1.255999e-05   5.668514e+00   1.010546e+01   2.905087e+01   2.661342e+05   5.492962e+05   6.186648e+05  -3.169050e+10   3.372680e+10  -1.631264e+10   8.690798e+05   4.380719e-21   0.000000e+00   0.000000e+00
     1264000   1.263999e-05   5.689705e+00   1.014951e+01   2.910031e+01   2.636497e+05   5.519540e+05   6.173616e+05  -3.025751e+10   3.265090e+10  -1.626986e+10   8.690798e+05   4.086756e-21   0.000000e+00   0.000000e+00
     1272000   1.271999e-05   5.710701e+00   1.019377e+01   2.914965e+01   2.612774e+05   5.545279e+05   6.160623e+05  -2.908982e+10   3.171679e+10  -1.621153e+10   8.690798e+05   3.847839e-21   0.000000e+00   0.000000e+00
     1280000   1.279999e-05   5.731512e+00   1.023823e+01   2.919888e+01   2.590037e+05   5.570248e+05   6.147684e+05  -2.777267e+10   3.072606e+10  -1.613930e+10   8.690798e+05   3.594779e-21   0.000000e+00   0.000000e+00
     1288000   1.287999e-05   5.752144e+00   1.028289e+01   2.924801e+01   2.568304e+05   5.594437e+05   6.134824e+05  -2.653352e+10   2.975309e+10  -1.602417e+10   8.690798e+05   3.358557e-21   0.000000e+00   0.000000e+00
     1296000   1.295999e-05   5.772608e+00   1.032774e+01   2.929704e+01   2.547660e+05   5.617846e+05   6.122027e+05  -2.506772e+10   2.877117e+10  -1.596984e+10   8.690798e+05   3.113239e-21   0.000000e+00   0.000000e+00
     1304000   1.303999e-05   5.792910e+00   1.037277e+01   2.934596e+01   2.528096e+05   5.640443e+05   6.109346e+05  -2.377824e+10   2.773927e+10  -1.577058e+10   8.690798e+05   2.881052e-21   0.000000e+00   0.000000e+00
     1312000   1.311999e-05   5.813060e+00   1.041798e+01   2.939479e+01   2.509660e+05   5.662192e+05   6.096816e+05  -2.232172e+10   2.665682e+10  -1.556812e+10   8.690798e+05   2.640227e-21   0.000000e+00   0.000000e+00
     1320000   1.319999e-05   5.833067e+00   1.046337e+01   2.944351e+01   2.492358e+05   5.683136e+05   6.084414e+05  -2.092130e+10   2.569175e+10  -1.542732e+10   8.690798e+05   2.430200e-21   0.000000e+00   0.000000e+00
     1328000   1.327999e-05   5.852941e+00   1.050891e+01   2.949214e+01   2.476198e+05   5.703287e+05   6.072144e+05  -1.943332e+10   2.463197e+10  -1.521082e+10   8.690799e+05   2.211861e-21   0.000000e+00   0.000000e+00
     1336000   1.335999e-05   5.872690e+00   1.055462e+01   2.954067e+01   2.461193e+05   5.722595e+05   6.060067e+05  -1.804396e+10   2.363133e+10  -1.498709e+10   8.690799e+05   2.016976e-21   0.000000e+00   0.000000e+00
     1344000   1.343999e-05   5.892323e+00   1.060047e+01   2.958910e+01   2.447337e+05   5.741099e+05   6.048166e+05  -1.652179e+10   2.263919e+10  -1.480438e+10   8.690799e+05   1.827829e-21   0.000000e+00   0.000000e+00
     1352000   1.351999e-05   5.911850e+00   1.064647e+01   2.963744e+01   2.434642e+05   5.758804e+05   6.036445e+05  -1.513881e+10   2.162559e+10  -1.452508e+10   8.690799e+05   1.651639e-21   0.000000e+00   0.000000e+00
     1360000   1.359999e-05   5.931280e+00   1.069261e+01   2.968568e+01   2.423135e+05   5.775704e+05   6.024919e+05  -1.362913e+10   2.062549e+10  -1.429088e+10   8.690799e+05   1.483471e-21   0.000000e+00   0.000000e+00
     1368000   1.367999e-05   5.950623e+00   1.073888e+01   2.973384e+01   2.412798e+05   5.791787e+05   6.013617e+05  -1.220555e+10   1.960145e+10  -1.398125e+10   8.690799e+05   1.325689e-21   0.000000e+00   0.000000e+00
     1376000   1.375999e-05   5.969888e+00   1.078528e+01   2.978190e+01   2.403610e+05   5.807073e+05   6.002545e+05  -1.076451e+10   1.861318e+10  -1.369658e+10   8.690799e+05   1.182424e-21   0.000000e+00   0.000000e+00
     1384000   1.383999e-05   5.989087e+00   1.083179e+01   2.982988e+01   2.396992e+05   5.819228e+05   5.993412e+05  -3.766162e+09   8.324879e+09  -6.576704e+09   8.690799e+05   2.306910e-22   0.000000e+00   0.000000e+00
     1392000   1.391999e-05   6.008261e+00   1.087835e+01   2.987782e+01   2.397788e+05   5.819985e+05   5.992358e+05   5.531047e+09  -6.080032e+09   3.691939e+09   8.690799e+05   1.476256e-22   0.000000e+00   0.000000e+00
     1400000   1.399999e-05   6.027470e+00   1.092488e+01   2.992578e+01   2.405451e+05   5.809606e+05   5.999356e+05   1.300237e+10  -1.955071e+10   1.371904e+10   8.690799e+05   1.345160e-21   0.000000e+00   0.000000e+00
     1408000   1.407999e-05   6.046763e+00   1.097128e+01   2.997383e+01   2.418640e+05   5.788560e+05   6.014377e+05   1.998504e+10  -3.308347e+10   2.380450e+10   8.690799e+05   3.748436e-21   0.000000e+00   0.000000e+00
     1416000   1.415999e-05   6.066182e+00   1.101747e+01   3.002203e+01   2.436341e+05   5.758347e+05   6.036196e+05   2.209515e+10  -3.875271e+10   2.805087e+10   8.690799e+05   5.051921e-21   0.000000e+00   0.000000e+00
     1424000   1.423999e-05   6.085742e+00   1.106341e+01   3.007041e+01   2.453496e+05   5.727650e+05   6.058413e+05   2.079367e+10  -3.798901e+10   2.749414e+10   8.690799e+05   4.787483e-21   0.000000e+00   0.000000e+00
     1432000   1.431999e-05   6.105435e+00   1.110911e+01   3.011896e+01   2.469597e+05   5.697583e+05   6.080182e+05   1.940804e+10  -3.713846e+10   2.691855e+10   8.690799e+05   4.512905e-21   0.000000e+00   0.000000e+00
     1440000   1.439999e-05   6.125252e+00   1.115458e+01   3.016769e+01   2.484608e+05   5.668188e+05   6.101504e+05   1.812083e+10  -3.634736e+10   2.638706e+10   8.690799e+05   4.267710e-21   0.000000e+00   0.000000e+00
     1448000   1.447999e-05   6.145186e+00   1.119981e+01   3.021659e+01   2.498607e+05   5.639444e+05   6.122386e+05   1.690218e+10  -3.548172e+10   2.578496e+10   8.690799e+05   4.019790e-21   0.000000e+00   0.000000e+00
     1456000   1.455999e-05   6.165227e+00   1.124481e+01   3.026565e+01   2.511540e+05   5.611383e+05   6.142844e+05   1.549207e+10  -3.465393e+10   2.532178e+10   8.690799e+05   3.787993e-21   0.000000e+00   0.000000e+00
     1464000   1.463999e-05   6.185368e+00   1.128959e+01   3.031487e+01   2.523433e+05   5.584000e+05   6.162889e+05   1.432056e+10  -3.380192e+10   2.476325e+10   8.690799e+05   3.567446e-21   0.000000e+00   0.000000e+00
     1472000   1.471999e-05   6.205600e+00   1.133415e+01   3.036425e+01   2.534325e+05   5.557330e+05   6.182497e+05   1.295128e+10  -3.289576e+10   2.426043e+10   8.690799e+05   3.344705e-21   0.000000e+00   0.000000e+00
     1480000   1.479999e-05   6.225914e+00   1.137851e+01   3.041379e+01   2.544149e+05   5.531380e+05   6.201704e+05   1.159274e+10  -3.194741e+10   2.373860e+10   8.690799e+05   3.126597e-21   0.000000e+00   0.000000e+00
     1488000   1.487999e-05   6.246303e+00   1.142266e+01   3.046348e+01   2.552907e+05   5.506185e+05   6.220496e+05   1.032350e+10  -3.105862e+10   2.325534e+10   8.690799e+05   2.932789e-21   0.000000e+00   0.000000e+00
     1496000   1.495999e-05   6.266758e+00   1.146661e+01   3.051332e+01   2.560652e+05   5.481710e+05   6.238902e+05   9.036864e+09  -3.009629e+10   2.273462e+10   8.690799e+05   2.736833e-21   0.000000e+00   0.000000e+00
     1504000   1.503999e-05   6.287271e+00   1.151037e+01   3.056330e+01   2.567371e+05   5.457996e+05   6.256905e+05   7.679399e+09  -2.921215e+10   2.233118e+10   8.690799e+05   2.567072e-21   0.000000e+00   0.000000e+00
     1512000   1.511999e-05   6.307833e+00   1.155394e+01   3.061343e+01   2.572989e+05   5.435018e+05   6.274575e+05   6.430314e+09  -2.823350e+10   2.181894e+10   8.690799e+05   2.391583e-21   0.000000e+00   0.000000e+00
     1520000   1.519999e-05   6.328436e+00   1.159733e+01   3.066369e+01   2.577604e+05   5.412834e+05   6.291834e+05   5.105911e+09  -2.722596e+10   2.133062e+10   8.690799e+05   2.223793e-21   0.000000e+00   0.000000e+00
     1528000   1.527999e-05   6.349071e+00   1.164055e+01   3.071409e+01   2.581074e+05   5.391464e+05   6.308736e+05   3.756951e+09  -2.627707e+10   2.091941e+10   8.690799e+05   2.078067e-21   0.000000e+00   0.000000e+00
     1536000   1.535999e-05   6.369731e+00   1.168360e+01   3.076463e+01   2.583584e+05   5.370811e+05   6.325303e+05   2.517638e+09  -2.535547e+10   2.050100e+10   8.690799e+05   1.945818e-21   0.000000e+00   0.000000e+00
     1544000   1.543999e-05   6.390406e+00   1.172648e+01   3.081530e+01   2.584993e+05   5.350979e+05   6.341515e+05   1.037170e+09  -2.424332e+10   2.003378e+10   8.690799e+05   1.801433e-21   0.000000e+00   0.000000e+00
     1552000   1.551999e-05   6.411088e+00   1.176921e+01   3.086609e+01   2.585292e+05   5.331984e+05   6.357373e+05  -2.963374e+08  -2.324532e+10   1.961657e+10   8.690799e+05   1.683314e-21   0.000000e+00   0.000000e+00
     1560000   1.559999e-05   6.431768e+00   1.181180e+01   3.091701e+01   2.584487e+05   5.313803e+05   6.372904e+05  -1.739594e+09  -2.218303e+10   1.920197e+10   8.690799e+05   1.571583e-21   0.000000e+00   0.000000e+00
     1568000   1.567999e-05   6.452437e+00   1.185424e+01   3.096806e+01   2.582576e+05   5.296462e+05   6.388096e+05  -3.038815e+09  -2.117092e+10   1.878165e+10   8.690799e+05   1.474000e-21   0.000000e+00   0.000000e+00
     1576000   1.575999e-05   6.473086e+00   1.189654e+01   3.101922e+01   2.579645e+05   5.279903e+05   6.402971e+05  -4.274431e+09  -2.025426e+10   1.842380e+10   8.690799e+05   1.397132e-21   0.000000e+00   0.000000e+00
     1584000   1.583999e-05   6.493708e+00   1.193872e+01   3.107051e+01   2.575679e+05   5.264175e+05   6.417502e+05  -5.613217e+09  -1.912576e+10   1.794144e+10   8.690799e+05   1.308452e-21   0.000000e+00   0.000000e+00
     1592000   1.591999e-05   6.514294e+00   1.198077e+01   3.112190e+01   2.570662e+05   5.249241e+05   6.431730e+05  -6.916717e+09  -1.818784e+10   1.760847e+10   8.690799e+05   1.252958e-21   0.000000e+00   0.000000e+00
     1600000   1.599999e-05   6.534836e+00   1.202271e+01   3.117341e+01   2.564540e+05   5.235112e+05   6.445674e+05  -8.420570e+09  -1.712226e+10   1.725683e+10   8.690799e+05   1.204161e-21   0.000000e+00   0.000000e+00
     1608000   1.607999e-05   6.555324e+00   1.206453e+01   3.122503e+01   2.557259e+05   5.221813e+05   6.459340e+05  -9.737231e+09  -1.614734e+10   1.690870e+10   8.690799e+05   1.167006e-21   0.000000e+00   0.000000e+00
     1616000   1.615999e-05   6.575749e+00   1.210626e+01   3.127676e+01   2.548943e+05   5.209288e+05   6.472727e+05  -1.103157e+10  -1.513019e+10   1.652108e+10   8.690799e+05   1.134458e-21   0.000000e+00   0.000000e+00
     1624000   1.623999e-05   6.596104e+00   1.214789e+01   3.132860e+01   2.539597e+05   5.197552e+05   6.485821e+05  -1.232525e+10  -1.421661e+10   1.621888e+10   8.690799e+05   1.122651e-21   0.000000e+00   0.000000e+00
     1632000   1.631999e-05   6.616380e+00   1.218942e+01   3.138053e+01   2.529160e+05   5.186613e+05   6.498644e+05  -1.371711e+10  -1.317403e+10   1.585276e+10   8.690799e+05   1.115279e-21   0.000000e+00   0.000000e+00
     1640000   1.639999e-05   6.636568e+00   1.223087e+01   3.143257e+01   2.517659e+05   5.176449e+05   6.511202e+05  -1.501968e+10  -1.222433e+10   1.552603e+10   8.690799e+05   1.120842e-21   0.000000e+00   0.000000e+00
     1648000   1.647999e-05   6.656660e+00   1.227225e+01   3.148471e+01   2.505128e+05   5.167058e+05   6.523483e+05  -1.630809e+10  -1.125371e+10   1.517633e+10   8.690799e+05   1.133282e-21   0.000000e+00   0.000000e+00
     1656000   1.655999e-05   6.676647e+00   1.231355e+01   3.153695e+01   2.491568e+05   5.158403e+05   6.535515e+05  -1.760482e+10  -1.036843e+10   1.489526e+10   8.690799e+05   1.163084e-21   0.000000e+00   0.000000e+00
     1664000   1.663999e-05   6.696522e+00   1.235478e+01   3.158928e+01   2.476957e+05   5.150479e+05   6.547307e+05  -1.892279e+10  -9.443052e+09   1.458725e+10   8.690799e+05   1.200794e-21   0.000000e+00   0.000000e+00
     1672000   1.671999e-05   6.716275e+00   1.239596e+01   3.164170e+01   2.461270e+05   5.143288e+05   6.558866e+05  -2.030027e+10  -8.534094e+09   1.431006e+10   8.690799e+05   1.254786e-21   0.000000e+00   0.000000e+00
     1680000   1.679999e-05   6.735899e+00   1.243708e+01   3.169422e+01   2.444532e+05   5.136847e+05   6.570163e+05  -2.156084e+10  -7.585153e+09   1.395247e+10   8.690799e+05   1.304574e-21   0.000000e+00   0.000000e+00
     1688000   1.687999e-05   6.755385e+00   1.247815e+01   3.174683e+01   2.426674e+05   5.131135e+05   6.581238e+05  -2.302260e+10  -6.701874e+09   1.371424e+10   8.690799e+05   1.388186e-21   0.000000e+00   0.000000e+00
     1696000   1.695999e-05   6.774723e+00   1.251918e+01   3.179952e+01   2.407764e+05   5.126125e+05   6.592079e+05  -2.421829e+10  -5.822474e+09   1.337344e+10   8.690799e+05   1.454118e-21   0.000000e+00   0.000000e+00
     1704000   1.703999e-05   6.793906e+00   1.256017e+01   3.185230e+01   2.387845e+05   5.121752e+05   6.602714e+05  -2.560975e+10  -5.023006e+09   1.315804e+10   8.690799e+05   1.554083e-21   0.000000e+00   0.000000e+00
     1712000   1.711999e-05   6.812926e+00   1.260113e+01   3.190516e+01   2.366815e+05   5.118080e+05   6.613125e+05  -2.674769e+10  -4.278990e+09   1.288455e+10   8.690799e+05   1.636923e-21   0.000000e+00   0.000000e+00
     1720000   1.719999e-05   6.831773e+00   1.264206e+01   3.195811e+01   2.344768e+05   5.115029e+05   6.623332e+05  -2.837239e+10  -3.351570e+09   1.263264e+10   8.690799e+05   1.775278e-21   0.000000e+00   0.000000e+00
     1728000   1.727999e-05   6.850439e+00   1.268297e+01   3.201114e+01   2.321447e+05   5.112704e+05   6.633335e+05  -2.980273e+10  -2.505063e+09   1.236078e+10   8.690799e+05   1.905284e-21   0.000000e+00   0.000000e+00
     1736000   1.735999e-05   6.868913e+00   1.272386e+01   3.206424e+01   2.297059e+05   5.111018e+05   6.643116e+05  -3.115499e+10  -1.716110e+09   1.209313e+10   8.690799e+05   2.037283e-21   0.000000e+00   0.000000e+00
     1744000   1.743999e-05   6.887189e+00   1.276475e+01   3.211743e+01   2.271582e+05   5.109955e+05   6.652688e+05  -3.260087e+10  -9.327879e+08   1.184817e+10   8.690799e+05   2.190544e-21   0.000000e+00   0.000000e+00
     1752000   1.751999e-05   6.905255e+00   1.280563e+01   3.217068e+01   2.244959e+05   5.109494e+05   6.662073e+05  -3.372284e+10  -3.320816e+08   1.161850e+10   8.690799e+05   2.314740e-21   0.000000e+00   0.000000e+00
     1760000   1.759999e-05   6.923106e+00   1.284650e+01   3.222402e+01   2.217454e+05   5.109491e+05   6.671280e+05  -3.506877e+10   3.290722e+08   1.140442e+10   8.690799e+05   2.474214e-21   0.000000e+00   0.000000e+00
     1768000   1.767999e-05   6.940732e+00   1.288738e+01   3.227742e+01   2.188849e+05   5.110014e+05   6.680321e+05  -3.644437e+10   9.732517e+08   1.119677e+10   8.690799e+05   2.646172e-21   0.000000e+00   0.000000e+00
     1776000   1.775999e-05   6.958125e+00   1.292826e+01   3.233090e+01   2.159240e+05   5.110997e+05   6.689199e+05  -3.761927e+10   1.498467e+09   1.099840e+10   8.690799e+05   2.798835e-21   0.000000e+00   0.000000e+00
     1784000   1.783999e-05   6.975277e+00   1.296916e+01   3.238445e+01   2.128617e+05   5.112425e+05   6.697916e+05  -3.893925e+10   2.069096e+09   1.079571e+10   8.690799e+05   2.978353e-21   0.000000e+00   0.000000e+00
     1792000   1.791999e-05   6.992180e+00   1.301006e+01   3.243807e+01   2.096964e+05   5.114282e+05   6.706478e+05  -4.018613e+10   2.555395e+09   1.061661e+10   8.690799e+05   3.154960e-21   0.000000e+00   0.000000e+00
     1800000   1.799999e-05   7.008825e+00   1.305099e+01   3.249175e+01   2.064142e+05   5.116614e+05   6.714877e+05  -4.195015e+10   3.312310e+09   1.037151e+10   8.690799e+05   3.417272e-21   0.000000e+00   0.000000e+00
     1808000   1.807999e-05   7.025203e+00   1.309193e+01   3.254551e+01   2.030220e+05   5.119377e+05   6.723107e+05  -4.297598e+10   3.659694e+09   1.019105e+10   8.690799e+05   3.573433e-21   0.000000e+00   0.000000e+00
     1816000   1.815999e-05   7.041306e+00   1.313290e+01   3.259932e+01   1.995178e+05   5.122549e+05   6.731177e+05  -4.454951e+10   4.231956e+09   9.984288e+09   8.690799e+05   3.824617e-21   0.000000e+00   0.000000e+00
     1824000   1.823999e-05   7.057124e+00   1.317389e+01   3.265320e+01   1.959212e+05   5.126029e+05   6.739088e+05  -4.548683e+10   4.511440e+09   9.792541e+09   8.690799e+05   3.975707e-21   0.000000e+00   0.000000e+00
     1832000   1.831999e-05   7.072651e+00   1.321491e+01   3.270715e+01   1.922324e+05   5.129774e+05   6.746857e+05  -4.682917e+10   4.877275e+09   9.634376e+09   8.690799e+05   4.201806e-21   0.000000e+00   0.000000e+00
     1840000   1.839999e-05   7.087878e+00   1.325597e+01   3.276115e+01   1.884313e+05   5.133821e+05   6.754497e+05  -4.820027e+10   5.235558e+09   9.467203e+09   8.690799e+05   4.439633e-21   0.000000e+00   0.000000e+00
     1848000   1.847999e-05   7.102797e+00   1.329706e+01   3.281522e+01   1.845261e+05   5.138104e+05   6.762018e+05  -4.931709e+10   5.378528e+09   9.371126e+09   8.690799e+05   4.637248e-21   0.000000e+00   0.000000e+00
     1856000   1.855999e-05   7.117400e+00   1.333818e+01   3.286935e+01   1.805220e+05   5.142537e+05   6.769452e+05  -5.074593e+10   5.678454e+09   9.218791e+09   8.690799e+05   4.898234e-21   0.000000e+00   0.000000e+00
     1864000   1.863999e-05   7.131678e+00   1.337934e+01   3.292353e+01   1.764150e+05   5.147134e+05   6.776782e+05  -5.185908e+10   5.768288e+09   9.118976e+09   8.690799e+05   5.104572e-21   0.000000e+00   0.000000e+00
     1872000   1.871999e-05   7.145623e+00   1.342053e+01   3.297777e+01   1.722112e+05   5.151820e+05   6.784030e+05  -5.328245e+10   5.958708e+09   9.000618e+09   8.690799e+05   5.376996e-21   0.000000e+00   0.000000e+00
     1880000   1.879999e-05   7.159229e+00   1.346177e+01   3.303208e+01   1.679043e+05   5.156604e+05   6.791188e+05  -5.436041e+10   5.994509e+09   8.888354e+09   8.690799e+05   5.585228e-21   0.000000e+00   0.000000e+00
     1888000   1.887999e-05   7.172486e+00   1.350304e+01   3.308643e+01   1.635091e+05   5.161423e+05   6.798248e+05  -5.562653e+10   6.080049e+09   8.762997e+09   8.690799e+05   5.836429e-21   0.000000e+00   0.000000e+00
     1896000   1.895999e-05   7.185387e+00   1.354435e+01   3.314085e+01   1.590159e+05   5.166262e+05   6.805227e+05  -5.669164e+10   6.018796e+09   8.677795e+09   8.690799e+05   6.050028e-21   0.000000e+00   0.000000e+00
     1904000   1.903999e-05   7.197926e+00   1.358570e+01   3.319532e+01   1.544379e+05   5.171052e+05   6.812129e+05  -5.775724e+10   5.952157e+09   8.575955e+09   8.690799e+05   6.267256e-21   0.000000e+00   0.000000e+00
     1912000   1.911999e-05   7.210095e+00   1.362709e+01   3.324984e+01   1.497617e+05   5.175744e+05   6.819004e+05  -5.908038e+10   5.799582e+09   8.573539e+09   8.690799e+05   6.545166e-21   0.000000e+00   0.000000e+00
     1920000   1.919999e-05   7.221885e+00   1.366851e+01   3.330442e+01   1.449867e+05   5.180317e+05   6.825847e+05  -6.023557e+10   5.636994e+09   8.516529e+09   8.690799e+05   6.790771e-21   0.000000e+00   0.000000e+00
     1928000   1.927999e-05   7.233290e+00   1.370997e+01   3.335905e+01   1.401207e+05   5.184750e+05   6.832640e+05  -6.148270e+10   5.458079e+09   8.466949e+09   8.690799e+05   7.061794e-21   0.000000e+00   0.000000e+00
     1936000   1.935999e-05   7.244302e+00   1.375147e+01   3.341374e+01   1.351559e+05   5.189022e+05   6.839395e+05  -6.253985e+10   5.183977e+09   8.425739e+09   8.690799e+05   7.293756e-21   0.000000e+00   0.000000e+00
     1944000   1.943999e-05   7.254913e+00   1.379299e+01   3.346848e+01   1.301117e+05   5.193042e+05   6.846123e+05  -6.356569e+10   4.858772e+09   8.395262e+09   8.690799e+05   7.522234e-21   0.000000e+00   0.000000e+00
     1952000   1.951999e-05   7.265117e+00   1.383455e+01   3.352328e+01   1.249729e+05   5.196803e+05   6.852839e+05  -6.469268e+10   4.499696e+09   8.385537e+09   8.690799e+05   7.778795e-21   0.000000e+00   0.000000e+00
     1960000   1.959999e-05   7.274907e+00   1.387614e+01   3.357813e+01   1.197560e+05   5.200241e+05   6.859543e+05  -6.572970e+10   4.090641e+09   8.374226e+09   8.690799e+05   8.018119e-21   0.000000e+00   0.000000e+00
     1968000   1.967999e-05   7.284275e+00   1.391776e+01   3.363303e+01   1.144402e+05   5.203328e+05   6.866273e+05  -6.713962e+10   3.623433e+09   8.444361e+09   8.690799e+05   8.354525e-21   0.000000e+00   0.000000e+00
     1976000   1.975999e-05   7.293215e+00   1.395939e+01   3.368799e+01   1.090238e+05   5.206023e+05   6.873041e+05  -6.826956e+10   3.106224e+09   8.476519e+09   8.690799e+05   8.627543e-21   0.000000e+00   0.000000e+00
     1984000   1.983999e-05   7.301717e+00   1.400105e+01   3.374300e+01   1.035315e+05   5.208193e+05   6.879887e+05  -6.889132e+10   2.369296e+09   8.573534e+09   8.690799e+05   8.778377e-21   0.000000e+00   0.000000e+00
     1992000   1.991999e-05   7.309779e+00   1.404272e+01   3.379807e+01   9.799262e+04   5.209797e+05   6.886781e+05  -6.957836e+10   1.635523e+09   8.663178e+09   8.690799e+05   8.948922e-21   0.000000e+00   0.000000e+00
     2000000   1.999999e-05   7.317393e+00   1.408441e+01   3.385319e+01   9.235682e+04   5.210907e+05   6.893726e+05  -7.111745e+10   1.072319e+09   8.717284e+09   8.690799e+05   9.341795e-21   0.000000e+00   0.000000e+00
     2008000   2.007999e-05   7.324553e+00   1.412610e+01   3.390837e+01   8.664164e+04   5.211427e+05   6.900749e+05  -7.176269e+10   2.296048e+08   8.836769e+09   8.690799e+05   9.511352e-21   0.000000e+00   0.000000e+00
     2016000   2.015999e-05   7.331254e+00   1.416779e+01   3.396360e+01   8.086385e+04   5.211297e+05   6.907856e+05  -7.267947e+10  -5.623707e+08   8.932240e+09   8.690799e+05   9.755835e-21   0.000000e+00   0.000000e+00
     2024000   2.023999e-05   7.337490e+00   1.420948e+01   3.401889e+01   7.501311e+04   5.210490e+05   6.915063e+05  -7.353212e+10  -1.487725e+09   9.097684e+09   8.690799e+05   9.991533e-21   0.000000e+00   0.000000e+00
     2032000   2.031999e-05   7.343255e+00   1.425115e+01   3.407424e+01   6.910875e+04   5.208943e+05   6.922377e+05  -7.407378e+10  -2.384572e+09   9.189491e+09   8.690799e+05   1.014636e-20   0.000000e+00   0.000000e+00
     2040000   2.039999e-05   7.348546e+00   1.429282e+01   3.412965e+01   6.313877e+04   5.206619e+05   6.929824e+05  -7.525025e+10  -3.438196e+09   9.439495e+09   8.690799e+05   1.048559e-20   0.000000e+00   0.000000e+00
     2048000   2.047999e-05   7.353356e+00   1.433446e+01   3.418512e+01   5.711366e+04   5.203502e+05   6.937389e+05  -7.562196e+10  -4.372043e+09   9.505158e+09   8.690799e+05   1.060315e-20   0.000000e+00   0.000000e+00
     2056000   2.055999e-05   7.357682e+00   1.437607e+01   3.424065e+01   5.102855e+04   5.199543e+05   6.945096e+05  -7.646405e+10  -5.504691e+09   9.739386e+09   8.690799e+05   1.086471e-20   0.000000e+00   0.000000e+00
     2064000   2.063999e-05   7.361519e+00   1.441765e+01   3.429624e+01   4.488059e+04   5.194707e+05   6.952955e+05  -7.725686e+10  -6.586968e+09   9.908207e+09   8.690799e+05   1.111627e-20   0.000000e+00   0.000000e+00
     2072000   2.071999e-05   7.364861e+00   1.445918e+01   3.435190e+01   3.867319e+04   5.188951e+05   6.960978e+05  -7.799619e+10  -7.776922e+09   1.013052e+10   8.690799e+05   1.136429e-20   0.000000e+00   0.000000e+00
     2080000   2.079999e-05   7.367705e+00   1.450067e+01   3.440762e+01   3.240090e+04   5.182244e+05   6.969172e+05  -7.853970e+10  -9.051981e+09   1.038255e+10   8.690799e+05   1.156754e-20   0.000000e+00   0.000000e+00
     2088000   2.087999e-05   7.370045e+00   1.454210e+01   3.446341e+01   2.610428e+04   5.174495e+05   6.977568e+05  -7.887192e+10  -1.032462e+10   1.060746e+10   8.690800e+05   1.171613e-20   0.000000e+00   0.000000e+00
     2096000   2.095999e-05   7.371881e+00   1.458346e+01   3.451926e+01   1.977000e+04   5.165683e+05   6.986174e+05  -7.965778e+10  -1.176264e+10   1.095178e+10   8.690800e+05   1.201407e-20   0.000000e+00   0.000000e+00
     2104000   2.103999e-05   7.373207e+00   1.462474e+01   3.457519e+01   1.340138e+04   5.155707e+05   6.995050e+05  -7.953550e+10  -1.317913e+10   1.123756e+10   8.690800e+05   1.205448e-20   0.000000e+00   0.000000e+00
     2112000   2.111999e-05   7.374024e+00   1.466595e+01   3.463118e+01   7.014892e+03   5.144570e+05   7.004176e+05  -8.014013e+10  -1.466829e+10   1.157659e+10   8.690800e+05   1.231963e-20   0.000000e+00   0.000000e+00
     2120000   2.119999e-05   7.374329e+00   1.470705e+01   3.468725e+01   5.919677e+02   5.132251e+05   7.013556e+05  -8.037566e+10  -1.609568e+10   1.184614e+10   8.690800e+05   1.247979e-20   0.000000e+00   0.000000e+00
     2128000   2.127999e-05   7.374119e+00   1.474806e+01   3.474340e+01  -5.850435e+03   5.118727e+05   7.023191e+05  -8.075254e+10  -1.769302e+10   1.222266e+10   8.690800e+05   1.270494e-20   0.000000e+00   0.000000e+00
     2136000   2.135999e-05   7.373392e+00   1.478895e+01   3.479963e+01  -1.232844e+04   5.103943e+05   7.033105e+05  -8.119154e+10  -1.927432e+10   1.256431e+10   8.690800e+05   1.295603e-20   0.000000e+00   0.000000e+00
     2144000   2.143999e-05   7.372146e+00   1.482972e+01   3.485593e+01  -1.881846e+04   5.087842e+05   7.043327e+05  -8.145685e+10  -2.095755e+10   1.296270e+10   8.690800e+05   1.317624e-20   0.000000e+00   0.000000e+00
     2152000   2.151999e-05   7.370380e+00   1.487035e+01   3.491232e+01  -2.534163e+04   5.070388e+05   7.053861e+05  -8.121969e+10  -2.271535e+10   1.341024e+10   8.690800e+05   1.326721e-20   0.000000e+00   0.000000e+00
     2160000   2.159999e-05   7.368093e+00   1.491084e+01   3.496879e+01  -3.184616e+04   5.051545e+05   7.064735e+05  -8.164443e+10  -2.439234e+10   1.376119e+10   8.690800e+05   1.355413e-20   0.000000e+00   0.000000e+00
     2168000   2.167999e-05   7.365284e+00   1.495117e+01   3.502536e+01  -3.837863e+04   5.031318e+05   7.075913e+05  -8.169568e+10  -2.620219e+10   1.420009e+10   8.690800e+05   1.375827e-20   0.000000e+00   0.000000e+00
     2176000   2.175999e-05   7.361952e+00   1.499134e+01   3.508201e+01  -4.491938e+04   5.009640e+05   7.087435e+05  -8.181560e+10  -2.799831e+10   1.460488e+10   8.690800e+05   1.399226e-20   0.000000e+00   0.000000e+00
     2184000   2.183999e-05   7.358097e+00   1.503132e+01   3.513876e+01  -5.145197e+04   4.986519e+05   7.099289e+05  -8.160261e+10  -2.981241e+10   1.502612e+10   8.690800e+05   1.414245e-20   0.000000e+00   0.000000e+00
     2192000   2.191999e-05   7.353720e+00   1.507112e+01   3.519560e+01  -5.797819e+04   4.961932e+05   7.111476e+05  -8.154534e+10  -3.165987e+10   1.544214e+10   8.690800e+05   1.435513e-20   0.000000e+00   0.000000e+00
     2200000   2.199999e-05   7.348821e+00   1.511071e+01   3.525254e+01  -6.448182e+04   4.935795e+05   7.124054e+05  -8.118729e+10  -3.361533e+10   1.594151e+10   8.690800e+05   1.450986e-20   0.000000e+00   0.000000e+00
     2208000   2.207999e-05   7.343403e+00   1.515009e+01   3.530958e+01  -7.096983e+04   4.908133e+05   7.136986e+05  -8.103290e+10  -3.557965e+10   1.641051e+10   8.690800e+05   1.473919e-20   0.000000e+00   0.000000e+00
     2216000   2.215999e-05   7.337466e+00   1.518924e+01   3.536673e+01  -7.743430e+04   4.878917e+05   7.150284e+05  -8.057156e+10  -3.746157e+10   1.683607e+10   8.690800e+05   1.487937e-20   0.000000e+00   0.000000e+00
     2224000   2.223999e-05   7.331015e+00   1.522815e+01   3.542399e+01  -8.385381e+04   4.848135e+05   7.163969e+05  -8.006285e+10  -3.949263e+10   1.735500e+10   8.690800e+05   1.504733e-20   0.000000e+00   0.000000e+00
     2232000   2.231999e-05   7.324050e+00   1.526680e+01   3.548136e+01  -9.024495e+04   4.815741e+05   7.178038e+05  -7.970746e+10  -4.149530e+10   1.781817e+10   8.690800e+05   1.526874e-20   0.000000e+00   0.000000e+00
     2240000   2.239999e-05   7.316577e+00   1.530519e+01   3.553884e+01  -9.659136e+04   4.781762e+05   7.192480e+05  -7.901451e+10  -4.346513e+10   1.828571e+10   8.690800e+05   1.540383e-20   0.000000e+00   0.000000e+00
     2248000   2.247999e-05   7.308597e+00   1.534331e+01   3.559644e+01  -1.028917e+05   4.746188e+05   7.207290e+05  -7.848671e+10  -4.547224e+10   1.873996e+10   8.690800e+05   1.560795e-20   0.000000e+00   0.000000e+00
     2256000   2.255999e-05   7.300116e+00   1.538113e+01   3.565416e+01  -1.091241e+05   4.709038e+05   7.222476e+05  -7.746686e+10  -4.742167e+10   1.921450e+10   8.690800e+05   1.568083e-20   0.000000e+00   0.000000e+00
     2264000   2.263999e-05   7.291138e+00   1.541865e+01   3.571200e+01  -1.153154e+05   4.670275e+05   7.238009e+05  -7.700452e+10  -4.953963e+10   1.969692e+10   8.690800e+05   1.595865e-20   0.000000e+00   0.000000e+00
     2272000   2.271999e-05   7.281667e+00   1.545585e+01   3.576997e+01  -1.214500e+05   4.629808e+05   7.253956e+05  -7.635221e+10  -5.162816e+10   2.016825e+10   8.690800e+05   1.619524e-20   0.000000e+00   0.000000e+00
     2280000   2.279999e-05   7.271708e+00   1.549272e+01   3.582806e+01  -1.275087e+05   4.587701e+05   7.270293e+05  -7.503743e+10  -5.362589e+10   2.067884e+10   8.690800e+05   1.625361e-20   0.000000e+00   0.000000e+00
     2288000   2.287999e-05   7.261267e+00   1.552925e+01   3.588629e+01  -1.335102e+05   4.543860e+05   7.287033e+05  -7.476276e+10  -5.591165e+10   2.116632e+10   8.690800e+05   1.667136e-20   0.000000e+00   0.000000e+00
     2296000   2.295999e-05   7.250348e+00   1.556542e+01   3.594466e+01  -1.394291e+05   4.498357e+05   7.304160e+05  -7.329697e+10  -5.785231e+10   2.163753e+10   8.690800e+05   1.671491e-20   0.000000e+00   0.000000e+00
     2304000   2.303999e-05   7.238961e+00   1.560122e+01   3.600316e+01  -1.452446e+05   4.451277e+05   7.321649e+05  -7.267879e+10  -6.008816e+10   2.211359e+10   8.690800e+05   1.706836e-20   0.000000e+00   0.000000e+00
     2312000   2.311999e-05   7.227110e+00   1.563663e+01   3.606180e+01  -1.510202e+05   4.402370e+05   7.339512e+05  -7.170128e+10  -6.217842e+10   2.254237e+10   8.690801e+05   1.731139e-20   0.000000e+00   0.000000e+00
     2320000   2.319999e-05   7.214800e+00   1.567165e+01   3.612059e+01  -1.567073e+05   4.351800e+05   7.357726e+05  -7.035516e+10  -6.422093e+10   2.299976e+10   8.690801e+05   1.747109e-20   0.000000e+00   0.000000e+00
     2328000   2.327999e-05   7.202039e+00   1.570626e+01   3.617953e+01  -1.622892e+05   4.299603e+05   7.376290e+05  -6.931920e+10  -6.638058e+10   2.344180e+10   8.690801e+05   1.775832e-20   0.000000e+00   0.000000e+00
     2336000   2.335999e-05   7.188836e+00   1.574044e+01   3.623861e+01  -1.677792e+05   4.245707e+05   7.395201e+05  -6.793575e+10  -6.838134e+10   2.384601e+10   8.690801e+05   1.793818e-20   0.000000e+00   0.000000e+00
     2344000   2.343999e-05   7.175198e+00   1.577418e+01   3.629785e+01  -1.731573e+05   4.190221e+05   7.414427e+05  -6.650879e+10  -7.033286e+10   2.421581e+10   8.690801e+05   1.811398e-20   0.000000e+00   0.000000e+00
     2352000   2.351999e-05   7.161133e+00   1.580748e+01   3.635725e+01  -1.784326e+05   4.133191e+05   7.433904e+05  -6.510456e+10  -7.224329e+10   2.454008e+10   8.690801e+05   1.830206e-20   0.000000e+00   0.000000e+00
     2360000   2.359999e-05   7.146652e+00   1.584031e+01   3.641680e+01  -1.835819e+05   4.074617e+05   7.453676e+05  -6.380785e+10  -7.428041e+10   2.489048e+10   8.690801e+05   1.857247e-20   0.000000e+00   0.000000e+00
     2368000   2.367999e-05   7.131762e+00   1.587267e+01   3.647651e+01  -1.886397e+05   4.014355e+05   7.473719e+05  -6.262804e+10  -7.637352e+10   2.521504e+10   8.690801e+05   1.890436e-20   0.000000e+00   0.000000e+00
     2376000   2.375999e-05   7.116473e+00   1.590454e+01   3.653638e+01  -1.935741e+05   3.952543e+05   7.494020e+05  -6.083391e+10  -7.823021e+10   2.554712e+10   8.690801e+05   1.905428e-20   0.000000e+00   0.000000e+00
     2384000   2.383999e-05   7.100794e+00   1.593590e+01   3.659641e+01  -1.983824e+05   3.889156e+05   7.514581e+05  -5.936631e+10  -8.023300e+10   2.585207e+10   8.690801e+05   1.933925e-20   0.000000e+00   0.000000e+00
     2392000   2.391999e-05   7.084735e+00   1.596676e+01   3.665661e+01  -2.030745e+05   3.824152e+05   7.535380e+05  -5.793399e+10  -8.227344e+10   2.614043e+10   8.690801e+05   1.966411e-20   0.000000e+00   0.000000e+00
     2400000   2.399999e-05   7.068305e+00   1.599709e+01   3.671698e+01  -2.076323e+05   3.757607e+05   7.556407e+05  -5.560846e+10  -8.388778e+10   2.643548e+10   8.690801e+05   1.969998e-20   0.000000e+00   0.000000e+00
     2408000   2.407999e-05   7.051517e+00   1.602688e+01   3.677751e+01  -2.120436e+05   3.689576e+05   7.577651e+05  -5.436991e+10  -8.601930e+10   2.666894e+10   8.690801e+05   2.013359e-20   0.000000e+00   0.000000e+00
     2416000   2.415999e-05   7.034382e+00   1.605612e+01   3.683822e+01  -2.163117e+05   3.620109e+05   7.599063e+05  -5.230953e+10  -8.760438e+10   2.684368e+10   8.690801e+05   2.025142e-20   0.000000e+00   0.000000e+00
     2424000   2.423999e-05   7.016912e+00   1.608479e+01   3.689910e+01  -2.204171e+05   3.549398e+05   7.620592e+05  -5.032243e+10  -8.916607e+10   2.697530e+10   8.690801e+05   2.039552e-20   0.000000e+00   0.000000e+00
     2432000   2.431999e-05   6.999119e+00   1.611290e+01   3.696015e+01  -2.243878e+05   3.477182e+05   7.642267e+05  -4.875786e+10  -9.108934e+10   2.712921e+10   8.690801e+05   2.075935e-20   0.000000e+00   0.000000e+00
     2440000   2.439999e-05   6.981014e+00   1.614043e+01   3.702138e+01  -2.282098e+05   3.403664e+05   7.664015e+05  -4.671746e+10  -9.269936e+10   2.725788e+10   8.690801e+05   2.095601e-20   0.000000e+00   0.000000e+00
     2448000   2.447999e-05   6.962609e+00   1.616736e+01   3.708277e+01  -2.318700e+05   3.328862e+05   7.685853e+05  -4.478157e+10  -9.430010e+10   2.733310e+10   8.690801e+05   2.118581e-20   0.000000e+00   0.000000e+00
     2456000   2.455999e-05   6.943918e+00   1.619368e+01   3.714435e+01  -2.353851e+05   3.252741e+05   7.707729e+05  -4.301795e+10  -9.596916e+10   2.736295e+10   8.690801e+05   2.148482e-20   0.000000e+00   0.000000e+00
     2464000   2.463999e-05   6.924952e+00   1.621940e+01   3.720610e+01  -2.387339e+05   3.175394e+05   7.729652e+05  -4.085764e+10  -9.748145e+10   2.742713e+10   8.690801e+05   2.169380e-20   0.000000e+00   0.000000e+00
     2472000   2.471999e-05   6.905725e+00   1.624449e+01   3.726802e+01  -2.419250e+05   3.096755e+05   7.751604e+05  -3.891342e+10  -9.911083e+10   2.745004e+10   8.690802e+05   2.199670e-20   0.000000e+00   0.000000e+00
     2480000   2.479999e-05   6.886248e+00   1.626894e+01   3.733012e+01  -2.449587e+05   3.016877e+05   7.773546e+05  -3.689829e+10  -1.006247e+11   2.742482e+10   8.690802e+05   2.226638e-20   0.000000e+00   0.000000e+00
     2488000   2.487999e-05   6.866536e+00   1.629275e+01   3.739240e+01  -2.478291e+05   2.935812e+05   7.795455e+05  -3.485951e+10  -1.020312e+11   2.734333e+10   8.690802e+05   2.251065e-20   0.000000e+00   0.000000e+00
     2496000   2.495999e-05   6.846600e+00   1.631591e+01   3.745485e+01  -2.505347e+05   2.853645e+05   7.817287e+05  -3.274831e+10  -1.033972e+11   2.724913e+10   8.690802e+05   2.275215e-20   0.000000e+00   0.000000e+00
     2504000   2.503999e-05   6.826455e+00   1.633841e+01   3.751748e+01  -2.530685e+05   2.770396e+05   7.839042e+05  -3.060191e+10  -1.047063e+11   2.712519e+10   8.690802e+05   2.298815e-20   0.000000e+00   0.000000e+00
     2512000   2.511999e-05   6.806114e+00   1.636024e+01   3.758028e+01  -2.554300e+05   2.686124e+05   7.860682e+05  -2.843320e+10  -1.059679e+11   2.697185e+10   8.690802e+05   2.322365e-20   0.000000e+00   0.000000e+00
     2520000   2.519999e-05   6.785591e+00   1.638138e+01   3.764325e+01  -2.576170e+05   2.600866e+05   7.882188e+05  -2.625344e+10  -1.071448e+11   2.677396e+10   8.690802e+05   2.344377e-20   0.000000e+00   0.000000e+00
     2528000   2.527999e-05   6.764900e+00   1.640185e+01   3.770639e+01  -2.596305e+05   2.514715e+05   7.903509e+05  -2.405808e+10  -1.082056e+11   2.652562e+10   8.690802e+05   2.363435e-20   0.000000e+00   0.000000e+00
     2536000   2.535999e-05   6.744055e+00   1.642162e+01   3.776970e+01  -2.614662e+05   2.427768e+05   7.924615e+05  -2.183400e+10  -1.091546e+11   2.623659e+10   8.690802e+05   2.379619e-20   0.000000e+00   0.000000e+00
     2544000   2.543999e-05   6.723070e+00   1.644069e+01   3.783318e+01  -2.631259e+05   2.340042e+05   7.945484e+05  -1.966630e+10  -1.101741e+11   2.593500e+10   8.690802e+05   2.401068e-20   0.000000e+00   0.000000e+00
     2552000   2.551999e-05   6.701959e+00   1.645906e+01   3.789683e+01  -2.646114e+05   2.251515e+05   7.966103e+05  -1.747123e+10  -1.111362e+11   2.560791e+10   8.690802e+05   2.421908e-20   0.000000e+00   0.000000e+00
     2560000   2.559999e-05   6.680737e+00   1.647671e+01   3.796064e+01  -2.659149e+05   2.162316e+05   7.986449e+05  -1.516641e+10  -1.119156e+11   2.525134e+10   8.690802e+05   2.436553e-20   0.000000e+00   0.000000e+00
     2568000   2.567999e-05   6.659418e+00   1.649365e+01   3.802461e+01  -2.670387e+05   2.072421e+05   8.006506e+05  -1.293310e+10  -1.128339e+11   2.489278e+10   8.690802e+05   2.459411e-20   0.000000e+00   0.000000e+00
     2576000   2.575999e-05   6.638015e+00   1.650987e+01   3.808874e+01  -2.679817e+05   1.981860e+05   8.026261e+05  -1.063446e+10  -1.135563e+11   2.448907e+10   8.690802e+05   2.475683e-20   0.000000e+00   0.000000e+00
     2584000   2.583999e-05   6.616545e+00   1.652536e+01   3.815303e+01  -2.687442e+05   1.890698e+05   8.045680e+05  -8.449781e+09  -1.143411e+11   2.404739e+10   8.690802e+05   2.496737e-20   0.000000e+00   0.000000e+00
     2592000   2.591999e-05   6.595021e+00   1.654012e+01   3.821747e+01  -2.693330e+05   1.798934e+05   8.064729e+05  -6.258804e+09  -1.150377e+11   2.357048e+10   8.690802e+05   2.515811e-20   0.000000e+00   0.000000e+00
     2600000   2.599999e-05   6.573457e+00   1.655414e+01   3.828207e+01  -2.697458e+05   1.706657e+05   8.083384e+05  -4.060732e+09  -1.156483e+11   2.306209e+10   8.690802e+05   2.532999e-20   0.000000e+00   0.000000e+00
     2608000   2.607999e-05   6.551866e+00   1.656742e+01   3.834681e+01  -2.699794e+05   1.613974e+05   8.101620e+05  -1.816512e+09  -1.160675e+11   2.251737e+10   8.690803e+05   2.543754e-20   0.000000e+00   0.000000e+00
     2616000   2.615999e-05   6.530265e+00   1.657996e+01   3.841169e+01  -2.700384e+05   1.520909e+05   8.119410e+05   3.298788e+08  -1.167536e+11   2.197990e+10   8.690803e+05   2.567885e-20   0.000000e+00   0.000000e+00
     2624000   2.623999e-05   6.508665e+00   1.659176e+01   3.847672e+01  -2.699245e+05   1.427337e+05   8.136758e+05   2.516251e+09  -1.171694e+11   2.138857e+10   8.690803e+05   2.582046e-20   0.000000e+00   0.000000e+00
     2632000   2.631999e-05   6.487081e+00   1.660280e+01   3.854188e+01  -2.696328e+05   1.333568e+05   8.153617e+05   4.667784e+09  -1.173597e+11   2.073858e+10   8.690803e+05   2.587996e-20   0.000000e+00   0.000000e+00
     2640000   2.639999e-05   6.465528e+00   1.661309e+01   3.860717e+01  -2.691748e+05   1.239569e+05   8.169946e+05   6.798969e+09  -1.176596e+11   2.009190e+10   8.690803e+05   2.600464e-20   0.000000e+00   0.000000e+00
     2648000   2.647999e-05   6.444018e+00   1.662263e+01   3.867260e+01  -2.685447e+05   1.145378e+05   8.185752e+05   8.950663e+09  -1.178096e+11   1.942088e+10   8.690803e+05   2.608230e-20   0.000000e+00   0.000000e+00
     2656000   2.655999e-05   6.422565e+00   1.663142e+01   3.873814e+01  -2.677420e+05   1.051065e+05   8.201021e+05   1.111457e+10  -1.179963e+11   1.875151e+10   8.690803e+05   2.619488e-20   0.000000e+00   0.000000e+00
     2664000   2.663999e-05   6.401184e+00   1.663945e+01   3.880381e+01  -2.667672e+05   9.565886e+04   8.215748e+05   1.322072e+10  -1.181889e+11   1.805413e+10   8.690803e+05   2.632422e-20   0.000000e+00   0.000000e+00
     2672000   2.671999e-05   6.379887e+00   1.664672e+01   3.886959e+01  -2.656225e+05   8.619739e+04   8.229917e+05   1.535850e+10  -1.183637e+11   1.735418e+10   8.690803e+05   2.646549e-20   0.000000e+00   0.000000e+00
     2680000   2.679999e-05   6.358689e+00   1.665324e+01   3.893549e+01  -2.643114e+05   7.673080e+04   8.243497e+05   1.740699e+10  -1.182800e+11   1.659094e+10   8.690803e+05   2.650447e-20   0.000000e+00   0.000000e+00
     2688000   2.687999e-05   6.337602e+00   1.665900e+01   3.900149e+01  -2.628375e+05   6.726735e+04   8.256465e+05   1.947531e+10  -1.184847e+11   1.585321e+10   8.690803e+05   2.668787e-20   0.000000e+00   0.000000e+00
     2696000   2.695999e-05   6.316639e+00   1.666400e+01   3.906759e+01  -2.611980e+05   5.778785e+04   8.268838e+05   2.150947e+10  -1.184970e+11   1.507596e+10   8.690803e+05   2.680109e-20   0.000000e+00   0.000000e+00
     2704000   2.703999e-05   6.295814e+00   1.666825e+01   3.913379e+01  -2.593972e+05   4.831299e+04   8.280577e+05   2.350447e+10  -1.184156e+11   1.427214e+10   8.690803e+05   2.688647e-20   0.000000e+00   0.000000e+00
     2712000   2.711999e-05   6.275140e+00   1.667173e+01   3.920008e+01  -2.574375e+05   3.884748e+04   8.291667e+05   2.547082e+10  -1.181843e+11   1.344537e+10   8.690803e+05   2.692044e-20   0.000000e+00   0.000000e+00
     2720000   2.719999e-05   6.254628e+00   1.667446e+01   3.926645e+01  -2.553235e+05   2.940259e+04   8.302084e+05   2.737567e+10  -1.179326e+11   1.259602e+10   8.690803e+05   2.695523e-20   0.000000e+00   0.000000e+00
     2728000   2.727999e-05   6.234292e+00   1.667644e+01   3.933291e+01  -2.530577e+05   1.997967e+04   8.311819e+05   2.926684e+10  -1.176217e+11   1.173797e+10   8.690804e+05   2.697887e-20   0.000000e+00   0.000000e+00
     2736000   2.735999e-05   6.214143e+00   1.667766e+01   3.939944e+01  -2.506417e+05   1.058444e+04   8.320862e+05   3.112752e+10  -1.172543e+11   1.086796e+10   8.690804e+05   2.699056e-20   0.000000e+00   0.000000e+00
     2744000   2.743999e-05   6.194194e+00   1.667813e+01   3.946604e+01  -2.480768e+05   1.216800e+03   8.329208e+05   3.296278e+10  -1.168506e+11   9.988504e+09   8.690804e+05   2.699924e-20   0.000000e+00   0.000000e+00
     2752000   2.751999e-05   6.174455e+00   1.667786e+01   3.953270e+01  -2.453677e+05  -8.113643e+03   8.336843e+05   3.474465e+10  -1.164022e+11   9.093274e+09   8.690804e+05   2.699736e-20   0.000000e+00   0.000000e+00
     2760000   2.759999e-05   6.154938e+00   1.667684e+01   3.959943e+01  -2.425183e+05  -1.740786e+04   8.343756e+05   3.648748e+10  -1.159488e+11   8.186492e+09   8.690804e+05   2.700307e-20   0.000000e+00   0.000000e+00
     2768000   2.767999e-05   6.135656e+00   1.667507e+01   3.966620e+01  -2.395236e+05  -2.667469e+04   8.349956e+05   3.831754e+10  -1.156333e+11   7.297790e+09   8.690804e+05   2.709413e-20   0.000000e+00   0.000000e+00
     2776000   2.775999e-05   6.116618e+00   1.667257e+01   3.973302e+01  -2.363882e+05  -3.590021e+04   8.355433e+05   4.005567e+10  -1.149691e+11   6.392750e+09   8.690804e+05   2.704080e-20   0.000000e+00   0.000000e+00
     2784000   2.783999e-05   6.097837e+00   1.666933e+01   3.979989e+01  -2.331160e+05  -4.507581e+04   8.360179e+05   4.174005e+10  -1.144747e+11   5.466846e+09   8.690804e+05   2.706510e-20   0.000000e+00   0.000000e+00
     2792000   2.791999e-05   6.079323e+00   1.666536e+01   3.986679e+01  -2.297110e+05  -5.421803e+04   8.364174e+05   4.338744e+10  -1.139837e+11   4.527341e+09   8.690804e+05   2.709907e-20   0.000000e+00   0.000000e+00
     2800000   2.799999e-05   6.061087e+00   1.666066e+01   3.993371e+01  -2.261745e+05  -6.331022e+04   8.367423e+05   4.501037e+10  -1.133030e+11   3.593828e+09   8.690804e+05   2.706483e-20   0.000000e+00   0.000000e+00
     2808000   2.807999e-05   6.043139e+00   1.665523e+01   4.000066e+01  -2.225109e+05  -7.234722e+04   8.369920e+05   4.661546e+10  -1.127482e+11   2.647072e+09   8.690804e+05   2.709346e-20   0.000000e+00   0.000000e+00
     2816000   2.815999e-05   6.025489e+00   1.664908e+01   4.006763e+01  -2.187197e+05  -8.133923e+04   8.371657e+05   4.816070e+10  -1.120487e+11   1.696066e+09   8.690804e+05   2.706629e-20   0.000000e+00   0.000000e+00
     2824000   2.823999e-05   6.008147e+00   1.664222e+01   4.013461e+01  -2.148078e+05  -9.027196e+04   8.372630e+05   4.962390e+10  -1.112589e+11   7.359659e+08   8.690804e+05   2.700148e-20   0.000000e+00   0.000000e+00
     2832000   2.831999e-05   5.991123e+00   1.663464e+01   4.020159e+01  -2.107775e+05  -9.913974e+04   8.372843e+05   5.107631e+10  -1.104853e+11  -2.240475e+08   8.690804e+05   2.695458e-20   0.000000e+00   0.000000e+00
     2840000   2.839999e-05   5.974425e+00   1.662636e+01   4.026857e+01  -2.066341e+05  -1.079479e+05   8.372278e+05   5.250483e+10  -1.097169e+11  -1.187584e+09   8.690805e+05   2.691845e-20   0.000000e+00   0.000000e+00
     2848000   2.847999e-05   5.958064e+00   1.661737e+01   4.033554e+01  -2.023767e+05  -1.166940e+05   8.370944e+05   5.392711e+10  -1.089374e+11  -2.148639e+09   8.690805e+05   2.688961e-20   0.000000e+00   0.000000e+00
     2856000   2.855999e-05   5.942048e+00   1.660769e+01   4.040250e+01  -1.980072e+05  -1.253778e+05   8.368838e+05   5.530832e+10  -1.081469e+11  -3.115887e+09   8.690805e+05   2.686117e-20   0.000000e+00   0.000000e+00
     2864000   2.863999e-05   5.926386e+00   1.659731e+01   4.046944e+01  -1.935287e+05  -1.339966e+05   8.365957e+05   5.663311e+10  -1.073255e+11  -4.089160e+09   8.690805e+05   2.682171e-20   0.000000e+00   0.000000e+00
     2872000   2.871999e-05   5.911086e+00   1.658625e+01   4.053636e+01  -1.889446e+05  -1.425489e+05   8.362300e+05   5.794628e+10  -1.064707e+11  -5.056604e+09   8.690805e+05   2.677904e-20   0.000000e+00   0.000000e+00
     2880000   2.879999e-05   5.896158e+00   1.657450e+01   4.060324e+01  -1.842616e+05  -1.510275e+05   8.357866e+05   5.913371e+10  -1.055274e+11  -6.031821e+09   8.690805e+05   2.668785e-20   0.000000e+00   0.000000e+00
     2888000   2.887999e-05   5.881607e+00   1.656209e+01   4.067008e+01  -1.794811e+05  -1.594325e+05   8.352657e+05   6.037532e+10  -1.045954e+11  -6.991216e+09   8.690805e+05   2.662423e-20   0.000000e+00   0.000000e+00
     2896000   2.895999e-05   5.867443e+00   1.654900e+01   4.073688e+01  -1.746053e+05  -1.677611e+05   8.346677e+05   6.151321e+10  -1.036168e+11  -7.957876e+09   8.690805e+05   2.653216e-20   0.000000e+00   0.000000e+00
     2904000   2.903999e-05   5.853673e+00   1.653525e+01   4.080363e+01  -1.696378e+05  -1.760117e+05   8.339927e+05   6.269095e+10  -1.026634e+11  -8.915023e+09   8.690805e+05   2.646989e-20   0.000000e+00   0.000000e+00
     2912000   2.911999e-05   5.840304e+00   1.652084e+01   4.087032e+01  -1.645780e+05  -1.841850e+05   8.332412e+05   6.379733e+10  -1.016682e+11  -9.872266e+09   8.690805e+05   2.638725e-20   0.000000e+00   0.000000e+00
     2920000   2.919999e-05   5.827343e+00   1.650578e+01   4.093694e+01  -1.594317e+05  -1.922788e+05   8.324130e+05   6.484752e+10  -1.006657e+11  -1.083235e+10   8.690805e+05   2.630019e-20   0.000000e+00   0.000000e+00
     2928000   2.927999e-05   5.814797e+00   1.649008e+01   4.100350e+01  -1.542021e+05  -2.002883e+05   8.315090e+05   6.584635e+10  -9.961302e+10  -1.178283e+10   8.690805e+05   2.619322e-20   0.000000e+00   0.000000e+00
     2936000   2.935999e-05   5.802672e+00   1.647373e+01   4.106998e+01  -1.488952e+05  -2.082142e+05   8.305288e+05   6.682035e+10  -9.853359e+10  -1.272288e+10   8.690805e+05   2.608109e-20   0.000000e+00   0.000000e+00
     2944000   2.943999e-05   5.790975e+00   1.645676e+01   4.113638e+01  -1.435142e+05  -2.160506e+05   8.294738e+05   6.774021e+10  -9.744346e+10  -1.366034e+10   8.690805e+05   2.596260e-20   0.000000e+00   0.000000e+00
     2952000   2.951999e-05   5.779712e+00   1.643917e+01   4.120269e+01  -1.380576e+05  -2.238050e+05   8.283432e+05   6.864548e+10  -9.636168e+10  -1.459425e+10   8.690805e+05   2.585380e-20   0.000000e+00   0.000000e+00
     2960000   2.959999e-05   5.768888e+00   1.642096e+01   4.126891e+01  -1.325307e+05  -2.314707e+05   8.271384e+05   6.952209e+10  -9.528135e+10  -1.552447e+10   8.690806e+05   2.574846e-20   0.000000e+00   0.000000e+00
     2968000   2.967999e-05   5.758509e+00   1.640214e+01   4.133504e+01  -1.269342e+05  -2.390523e+05   8.258588e+05   7.037504e+10  -9.425012e+10  -1.646476e+10   8.690806e+05   2.566469e-20   0.000000e+00   0.000000e+00
     2976000   2.975999e-05   5.748581e+00   1.638271e+01   4.140105e+01  -1.212636e+05  -2.465511e+05   8.245051e+05   7.111975e+10  -9.312627e+10  -1.738741e+10   8.690806e+05   2.553010e-20   0.000000e+00   0.000000e+00
     2984000   2.983999e-05   5.739108e+00   1.636269e+01   4.146695e+01  -1.155433e+05  -2.539568e+05   8.230776e+05   7.188072e+10  -9.201660e+10  -1.830054e+10   8.690806e+05   2.541359e-20   0.000000e+00   0.000000e+00
     2992000   2.991999e-05   5.730095e+00   1.634208e+01   4.153274e+01  -1.097560e+05  -2.612796e+05   8.215763e+05   7.281653e+10  -9.108522e+10  -1.923926e+10   8.690806e+05   2.541379e-20   0.000000e+00   0.000000e+00
     3000000   2.999999e-05   5.721549e+00   1.632089e+01   4.159840e+01  -1.038995e+05  -2.685271e+05   8.199995e+05   7.359286e+10  -9.010052e+10  -2.018054e+10   8.690806e+05   2.536349e-20   0.000000e+00   0.000000e+00
     3008000   3.007999e-05   5.713473e+00   1.629912e+01   4.166394e+01  -9.798858e+04  -2.756876e+05   8.183494e+05   7.422547e+10  -8.902812e+10  -2.110414e+10   8.690806e+05   2.525351e-20   0.000000e+00   0.000000e+00
     3016000   3.015999e-05   5.705872e+00   1.627678e+01   4.172934e+01  -9.202375e+04  -2.827648e+05   8.166252e+05   7.491502e+10  -8.790413e+10  -2.199552e+10   8.690806e+05   2.514869e-20   0.000000e+00   0.000000e+00
     3024000   3.023999e-05   5.698751e+00   1.625388e+01   4.179460e+01  -8.600113e+04  -2.897566e+05   8.148288e+05   7.567580e+10  -8.689201e+10  -2.291179e+10   8.690806e+05   2.511012e-20   0.000000e+00   0.000000e+00
     3032000   3.031999e-05   5.692113e+00   1.623042e+01   4.185971e+01  -7.992222e+04  -2.966657e+05   8.129594e+05   7.627610e+10  -8.581729e+10  -2.381762e+10   8.690806e+05   2.501540e-20   0.000000e+00   0.000000e+00
     3040000   3.039999e-05   5.685964e+00   1.620641e+01   4.192467e+01  -7.379910e+04  -3.034863e+05   8.110184e+05   7.678287e+10  -8.468466e+10  -2.470226e+10   8.690806e+05   2.488327e-20   0.000000e+00   0.000000e+00
     3048000   3.047999e-05   5.680306e+00   1.618187e+01   4.198947e+01  -6.763915e+04  -3.102178e+05   8.090062e+05   7.725431e+10  -8.360511e+10  -2.559962e+10   8.690806e+05   2.476698e-20   0.000000e+00   0.000000e+00
     3056000   3.055999e-05   5.675143e+00   1.615678e+01   4.205411e+01  -6.143475e+04  -3.168597e+05   8.069243e+05   7.783473e+10  -8.248393e+10  -2.646338e+10   8.690806e+05   2.467377e-20   0.000000e+00   0.000000e+00
     3064000   3.063999e-05   5.670478e+00   1.613117e+01   4.211858e+01  -5.518943e+04  -3.234156e+05   8.047718e+05   7.823390e+10  -8.139076e+10  -2.734343e+10   8.690806e+05   2.454735e-20   0.000000e+00   0.000000e+00
     3072000   3.071999e-05   5.666314e+00   1.610504e+01   4.218287e+01  -4.891246e+04  -3.298817e+05   8.025502e+05   7.868615e+10  -8.026352e+10  -2.819587e+10   8.690806e+05   2.443108e-20   0.000000e+00   0.000000e+00
     3080000   3.079999e-05   5.662653e+00   1.607839e+01   4.224698e+01  -4.259115e+04  -3.362593e+05   8.002605e+05   7.923940e+10  -7.914750e+10  -2.903936e+10   8.690806e+05   2.435421e-20   0.000000e+00   0.000000e+00
     3088000   3.087999e-05   5.659500e+00   1.605124e+01   4.231091e+01  -3.623830e+04  -3.425443e+05   7.979044e+05   7.955278e+10  -7.795453e+10  -2.985306e+10   8.690807e+05   2.419095e-20   0.000000e+00   0.000000e+00
     3096000   3.095999e-05   5.656856e+00   1.602359e+01   4.237464e+01  -2.986219e+04  -3.487342e+05   7.954834e+05   7.984519e+10  -7.679588e+10  -3.066923e+10   8.690807e+05   2.403941e-20   0.000000e+00   0.000000e+00
     3104000   3.103999e-05   5.654723e+00   1.599544e+01   4.243818e+01  -2.346369e+04  -3.548347e+05   7.929962e+05   8.001357e+10  -7.564591e+10  -3.148091e+10   8.690807e+05   2.386123e-20   0.000000e+00   0.000000e+00
     3112000   3.111999e-05   5.653102e+00   1.596682e+01   4.250152e+01  -1.705305e+04  -3.608425e+05   7.904449e+05   8.045184e+10  -7.470005e+10  -3.236515e+10   8.690807e+05   2.383316e-20   0.000000e+00   0.000000e+00
     3120000   3.119999e-05   5.651995e+00   1.593771e+01   4.256465e+01  -1.060649e+04  -3.667743e+05   7.878232e+05   8.070796e+10  -7.359761e+10  -3.317693e+10   8.690807e+05   2.370761e-20   0.000000e+00   0.000000e+00
     3128000   3.127999e-05   5.651405e+00   1.590813e+01   4.262757e+01  -4.145521e+03  -3.726175e+05   7.851371e+05   8.078176e+10  -7.248118e+10  -3.397208e+10   8.690807e+05   2.352974e-20   0.000000e+00   0.000000e+00
     3136000   3.135999e-05   5.651332e+00   1.587809e+01   4.269027e+01   2.327790e+03  -3.783697e+05   7.823888e+05   8.104987e+10  -7.134455e+10  -3.474380e+10   8.690807e+05   2.340773e-20   0.000000e+00   0.000000e+00
     3144000   3.143999e-05   5.651778e+00   1.584760e+01   4.275275e+01   8.811044e+03  -3.840396e+05   7.795750e+05   8.112331e+10  -7.037084e+10  -3.558329e+10   8.690807e+05   2.328576e-20   0.000000e+00   0.000000e+00
     3152000   3.151999e-05   5.652743e+00   1.581665e+01   4.281500e+01   1.530895e+04  -3.896280e+05   7.766962e+05   8.132867e+10  -6.932159e+10  -3.637788e+10   8.690807e+05   2.318382e-20   0.000000e+00   0.000000e+00
     3160000   3.159999e-05   5.654228e+00   1.578526e+01   4.287702e+01   2.181983e+04  -3.951325e+05   7.737542e+05   8.141470e+10  -6.829429e+10  -3.717152e+10   8.690807e+05   2.305829e-20   0.000000e+00   0.000000e+00
     3168000   3.167999e-05   5.656234e+00   1.575343e+01   4.293880e+01   2.834883e+04  -4.005550e+05   7.707486e+05   8.177609e+10  -6.726613e+10  -3.796558e+10   8.690807e+05   2.302056e-20   0.000000e+00   0.000000e+00
     3176000   3.175999e-05   5.658764e+00   1.572117e+01   4.300034e+01   3.489751e+04  -4.058955e+05   7.676798e+05   8.182829e+10  -6.628610e+10  -3.876709e+10   8.690807e+05   2.290987e-20   0.000000e+00   0.000000e+00
     3184000   3.183999e-05   5.661818e+00   1.568849e+01   4.306163e+01   4.144642e+04  -4.111554e+05   7.645487e+05   8.190135e+10  -6.518782e+10  -3.949613e+10   8.690807e+05   2.277273e-20   0.000000e+00   0.000000e+00
     3192000   3.191999e-05   5.665396e+00   1.565539e+01   4.312267e+01   4.800368e+04  -4.163323e+05   7.613569e+05   8.200958e+10  -6.426705e+10  -4.031366e+10   8.690807e+05   2.270686e-20   0.000000e+00   0.000000e+00
     3200000   3.199999e-05   5.669498e+00   1.562188e+01   4.318345e+01   5.456612e+04  -4.214347e+05   7.581007e+05   8.204830e+10  -6.329623e+10  -4.109238e+10   8.690807e+05   2.260844e-20   0.000000e+00   0.000000e+00
     3208000   3.207999e-05   5.674126e+00   1.558796e+01   4.324396e+01   6.113008e+04  -4.264586e+05   7.547831e+05   8.213138e+10  -6.228279e+10  -4.184196e+10   8.690807e+05   2.251481e-20   0.000000e+00   0.000000e+00
     3216000   3.215999e-05   5.679279e+00   1.555365e+01   4.330421e+01   6.770281e+04  -4.314038e+05   7.514043e+05   8.211002e+10  -6.138800e+10  -4.264279e+10   8.690807e+05   2.243020e-20   0.000000e+00   0.000000e+00
     3224000   3.223999e-05   5.684958e+00   1.551894e+01   4.336418e+01   7.426859e+04  -4.362776e+05   7.479622e+05   8.203111e+10  -6.045892e+10  -4.341006e+10   8.690808e+05   2.232080e-20   0.000000e+00   0.000000e+00
     3232000   3.231999e-05   5.691162e+00   1.548384e+01   4.342388e+01   8.083395e+04  -4.410751e+05   7.444595e+05   8.214321e+10  -5.945004e+10  -4.414178e+10   8.690808e+05   2.225074e-20   0.000000e+00   0.000000e+00
     3240000   3.239999e-05   5.697892e+00   1.544837e+01   4.348330e+01   8.740946e+04  -4.457926e+05   7.408980e+05   8.224194e+10  -5.849024e+10  -4.489568e+10   8.690808e+05   2.219645e-20   0.000000e+00   0.000000e+00
     3248000   3.247999e-05   5.705148e+00   1.541252e+01   4.354242e+01   9.398799e+04  -4.504398e+05   7.372731e+05   8.219344e+10  -5.764714e+10  -4.569764e+10   8.690808e+05   2.213598e-20   0.000000e+00   0.000000e+00
     3256000   3.255999e-05   5.712930e+00   1.537630e+01   4.360126e+01   1.005569e+05  -4.550179e+05   7.335860e+05   8.205164e+10  -5.672861e+10  -4.643392e+10   8.690808e+05   2.202588e-20   0.000000e+00   0.000000e+00
     3264000   3.263999e-05   5.721237e+00   1.533972e+01   4.365980e+01   1.071230e+05  -4.595205e+05   7.298404e+05   8.209724e+10  -5.583781e+10  -4.720621e+10   8.690808e+05   2.198864e-20   0.000000e+00   0.000000e+00
     3272000   3.271999e-05   5.730070e+00   1.530278e+01   4.371803e+01   1.136875e+05  -4.639533e+05   7.260330e+05   8.187562e+10  -5.501242e+10  -4.797482e+10   8.690808e+05   2.188918e-20   0.000000e+00   0.000000e+00
     3280000   3.279999e-05   5.739427e+00   1.526549e+01   4.377596e+01   1.202480e+05  -4.683134e+05   7.221665e+05   8.199064e+10  -5.404880e+10  -4.870188e+10   8.690808e+05   2.186014e-20   0.000000e+00   0.000000e+00
     3288000   3.287999e-05   5.749309e+00   1.522785e+01   4.383358e+01   1.267879e+05  -4.726066e+05   7.182404e+05   8.155029e+10  -5.326342e+10  -4.944321e+10   8.690808e+05   2.170816e-20   0.000000e+00   0.000000e+00
     3296000   3.295999e-05   5.759713e+00   1.518987e+01   4.389088e+01   1.333097e+05  -4.768313e+05   7.142562e+05   8.154037e+10  -5.233596e+10  -5.015766e+10   8.690808e+05   2.165650e-20   0.000000e+00   0.000000e+00
     3304000   3.303999e-05   5.770638e+00   1.515156e+01   4.394786e+01   1.398072e+05  -4.809882e+05   7.102153e+05   8.106832e+10  -5.154129e+10  -5.086425e+10   8.690808e+05   2.149654e-20   0.000000e+00   0.000000e+00
     3312000   3.311999e-05   5.782081e+00   1.511292e+01   4.400451e+01   1.462846e+05  -4.850769e+05   7.061180e+05   8.101909e+10  -5.061807e+10  -5.155707e+10   8.690808e+05   2.143952e-20   0.000000e+00   0.000000e+00
     3320000   3.319999e-05   5.794043e+00   1.507395e+01   4.406083e+01   1.527539e+05  -4.890934e+05   7.019654e+05   8.073290e+10  -4.978514e+10  -5.225575e+10   8.690808e+05   2.133511e-20   0.000000e+00   0.000000e+00
     3328000   3.327999e-05   5.806521e+00   1.503466e+01   4.411682e+01   1.592031e+05  -4.930458e+05   6.977547e+05   8.045655e+10  -4.903313e+10  -5.300487e+10   8.690808e+05   2.126233e-20   0.000000e+00   0.000000e+00
     3336000   3.335999e-05   5.819515e+00   1.499506e+01   4.417247e+01   1.656281e+05  -4.969366e+05   6.934860e+05   8.000902e+10  -4.831997e+10  -5.373372e+10   8.690808e+05   2.114691e-20   0.000000e+00   0.000000e+00
     3344000   3.343999e-05   5.833021e+00   1.495516e+01   4.422778e+01   1.720257e+05  -5.007658e+05   6.891605e+05   8.000962e+10  -4.738787e+10  -5.440506e+10   8.690808e+05   2.111686e-20   0.000000e+00   0.000000e+00
     3352000   3.351999e-05   5.847039e+00   1.491494e+01   4.428274e+01   1.784227e+05  -5.045228e+05   6.847800e+05   7.991320e+10  -4.653646e+10  -5.510809e+10   8.690808e+05   2.108339e-20   0.000000e+00   0.000000e+00
     3360000   3.359999e-05   5.861568e+00   1.487443e+01   4.433734e+01   1.847998e+05  -5.082152e+05   6.803439e+05   7.950987e+10  -4.577790e+10  -5.579284e+10   8.690808e+05   2.097717e-20   0.000000e+00   0.000000e+00
     3368000   3.367999e-05   5.876606e+00   1.483363e+01   4.439159e+01   1.911462e+05  -5.118469e+05   6.758531e+05   7.914790e+10  -4.501855e+10  -5.647872e+10   8.690809e+05   2.088735e-20   0.000000e+00   0.000000e+00
     3376000   3.375999e-05   5.892151e+00   1.479254e+01   4.444548e+01   1.974839e+05  -5.154121e+05   6.713062e+05   7.907485e+10  -4.411021e+10  -5.712867e+10   8.690809e+05   2.085336e-20   0.000000e+00   0.000000e+00
     3384000   3.383999e-05   5.908203e+00   1.475117e+01   4.449900e+01   2.037974e+05  -5.189161e+05   6.667040e+05   7.868526e+10  -4.352440e+10  -5.792863e+10   8.690809e+05   2.081560e-20   0.000000e+00   0.000000e+00
     3392000   3.391999e-05   5.924758e+00   1.470951e+01   4.455215e+01   2.100800e+05  -5.223650e+05   6.620444e+05   7.838541e+10  -4.273382e+10  -5.859086e+10   8.690809e+05   2.074623e-20   0.000000e+00   0.000000e+00
     3400000   3.399999e-05   5.941815e+00   1.466759e+01   4.460492e+01   2.163421e+05  -5.257570e+05   6.573258e+05   7.809582e+10  -4.197979e+10  -5.928029e+10   8.690809e+05   2.069543e-20   0.000000e+00   0.000000e+00
     3408000   3.407999e-05   5.959372e+00   1.462540e+01   4.465732e+01   2.225725e+05  -5.290868e+05   6.525567e+05   7.766197e+10  -4.126742e+10  -5.994783e+10   8.690809e+05   2.060939e-20   0.000000e+00   0.000000e+00
     3416000   3.415999e-05   5.977426e+00   1.458294e+01   4.470933e+01   2.287686e+05  -5.323619e+05   6.477324e+05   7.723885e+10  -4.058034e+10  -6.063174e+10   8.690809e+05   2.053787e-20   0.000000e+00   0.000000e+00
     3424000   3.423999e-05   5.995974e+00   1.454022e+01   4.476095e+01   2.349329e+05  -5.355796e+05   6.428551e+05   7.686470e+10  -3.986268e+10  -6.130085e+10   8.690809e+05   2.047637e-20   0.000000e+00   0.000000e+00
     3432000   3.431999e-05   6.015015e+00   1.449725e+01   4.481219e+01   2.410744e+05  -5.387357e+05   6.379252e+05   7.661905e+10  -3.908518e+10  -6.196237e+10   8.690809e+05   2.044445e-20   0.000000e+00   0.000000e+00
     3440000   3.439999e-05   6.034545e+00   1.445402e+01   4.486302e+01   2.471944e+05  -5.418327e+05   6.329407e+05   7.637837e+10  -3.834185e+10  -6.265210e+10   8.690809e+05   2.042912e-20   0.000000e+00   0.000000e+00
     3448000   3.447999e-05   6.054565e+00   1.441055e+01   4.491346e+01   2.532928e+05  -5.448708e+05   6.279014e+05   7.604528e+10  -3.761424e+10  -6.331649e+10   8.690809e+05   2.038846e-20   0.000000e+00   0.000000e+00
     3456000   3.455999e-05   6.075072e+00   1.436685e+01   4.496348e+01   2.593740e+05  -5.478494e+05   6.228064e+05   7.579986e+10  -3.691373e+10  -6.403847e+10   8.690809e+05   2.039298e-20   0.000000e+00   0.000000e+00
     3464000   3.463999e-05   6.096064e+00   1.432290e+01   4.501310e+01   2.654150e+05  -5.507776e+05   6.176573e+05   7.524080e+10  -3.624851e+10  -6.465527e+10   8.690809e+05   2.029522e-20   0.000000e+00   0.000000e+00
     3472000   3.471999e-05   6.117537e+00   1.427872e+01   4.506231e+01   2.714089e+05  -5.536545e+05   6.124586e+05   7.462525e+10  -3.566593e+10  -6.531127e+10   8.690809e+05   2.020628e-20   0.000000e+00   0.000000e+00
     3480000   3.479999e-05   6.139488e+00   1.423432e+01   4.511110e+01   2.773606e+05  -5.564820e+05   6.072072e+05   7.421511e+10  -3.500286e+10  -6.597862e+10   8.690809e+05   2.016937e-20   0.000000e+00   0.000000e+00
     3488000   3.487999e-05   6.161914e+00   1.418969e+01   4.515946e+01   2.832818e+05  -5.592556e+05   6.019022e+05   7.396384e+10  -3.426346e+10  -6.664626e+10   8.690809e+05   2.016954e-20   0.000000e+00   0.000000e+00
     3496000   3.495999e-05   6.184813e+00   1.414484e+01   4.520740e+01   2.891882e+05  -5.619676e+05   5.965436e+05   7.354214e+10  -3.359932e+10  -6.730294e+10   8.690809e+05   2.013441e-20   0.000000e+00   0.000000e+00
     3504000   3.503999e-05   6.208183e+00   1.409977e+01   4.525491e+01   2.950586e+05  -5.646276e+05   5.911326e+05   7.317247e+10  -3.293518e+10  -6.798164e+10   8.690809e+05   2.012238e-20   0.000000e+00   0.000000e+00
     3512000   3.511999e-05   6.232021e+00   1.405450e+01   4.530198e+01   3.008992e+05  -5.672342e+05   5.856677e+05   7.298983e+10  -3.214090e+10  -6.862917e+10   8.690809e+05   2.014072e-20   0.000000e+00   0.000000e+00
     3520000   3.519999e-05   6.256327e+00   1.400902e+01   4.534861e+01   3.067246e+05  -5.697773e+05   5.801513e+05   7.264570e+10  -3.143608e+10  -6.928138e+10   8.690809e+05   2.013165e-20   0.000000e+00   0.000000e+00
     3528000   3.527999e-05   6.281096e+00   1.396334e+01   4.539480e+01   3.125180e+05  -5.722682e+05   5.745810e+05   7.215069e+10  -3.084423e+10  -6.996308e+10   8.690810e+05   2.010689e-20   0.000000e+00   0.000000e+00
     3536000   3.535999e-05   6.306328e+00   1.391746e+01   4.544054e+01   3.182600e+05  -5.747137e+05   5.689608e+05   7.154771e+10  -3.025096e+10  -7.057833e+10   8.690810e+05   2.004062e-20   0.000000e+00   0.000000e+00
     3544000   3.543999e-05   6.332017e+00   1.387138e+01   4.548583e+01   3.239633e+05  -5.771082e+05   5.632900e+05   7.100573e+10  -2.962929e+10  -7.119326e+10   8.690810e+05   1.999094e-20   0.000000e+00   0.000000e+00
     3552000   3.551999e-05   6.358161e+00   1.382512e+01   4.553067e+01   3.296217e+05  -5.794562e+05   5.575677e+05   7.039622e+10  -2.909750e+10  -7.185628e+10   8.690810e+05   1.994989e-20   0.000000e+00   0.000000e+00
     3560000   3.559999e-05   6.384755e+00   1.377867e+01   4.557504e+01   3.352266e+05  -5.817611e+05   5.517961e+05   6.977563e+10  -2.848811e+10  -7.242497e+10   8.690810e+05   1.987705e-20   0.000000e+00   0.000000e+00
     3568000   3.567999e-05   6.411796e+00   1.373204e+01   4.561895e+01   3.407929e+05  -5.840143e+05   5.459755e+05   6.942371e+10  -2.782464e+10  -7.309666e+10   8.690810e+05   1.989778e-20   0.000000e+00   0.000000e+00
     3576000   3.575999e-05   6.439281e+00   1.368523e+01   4.566240e+01   3.463316e+05  -5.862129e+05   5.401025e+05   6.905081e+10  -2.713490e+10  -7.372895e+10   8.690810e+05   1.990377e-20   0.000000e+00   0.000000e+00
     3584000   3.583999e-05   6.467208e+00   1.363825e+01   4.570537e+01   3.518334e+05  -5.883604e+05   5.341788e+05   6.843681e+10  -2.659119e+10  -7.436359e+10   8.690810e+05   1.986803e-20   0.000000e+00   0.000000e+00
     3592000   3.591999e-05   6.495573e+00   1.359109e+01   4.574786e+01   3.572970e+05  -5.904576e+05   5.282049e+05   6.864049e+10  -2.550531e+10  -7.494202e+10   8.690810e+05   1.997303e-20   0.000000e+00   0.000000e+00
     3600000   3.599999e-05   6.524375e+00   1.354377e+01   4.578988e+01   3.627324e+05  -5.924978e+05   5.221813e+05   6.770763e+10  -2.518841e+10  -7.561304e+10   8.690810e+05   1.989619e-20   0.000000e+00   0.000000e+00
     3608000   3.607999e-05   6.553609e+00   1.349629e+01   4.583141e+01   3.681164e+05  -5.944956e+05   5.161076e+05   6.732733e+10  -2.447927e+10  -7.621860e+10   8.690810e+05   1.990596e-20   0.000000e+00   0.000000e+00
     3616000   3.615999e-05   6.583273e+00   1.344866e+01   4.587246e+01   3.734797e+05  -5.964310e+05   5.099851e+05   6.675438e+10  -2.390652e+10  -7.684517e+10   8.690810e+05   1.989026e-20   0.000000e+00   0.000000e+00
     3624000   3.623999e-05   6.613365e+00   1.340087e+01   4.591301e+01   3.787948e+05  -5.983218e+05   5.038127e+05   6.613675e+10  -2.335896e+10  -7.746594e+10   8.690810e+05   1.986813e-20   0.000000e+00   0.000000e+00
     3632000   3.631999e-05   6.643879e+00   1.335293e+01   4.595306e+01   3.840563e+05  -6.001717e+05   4.975907e+05   6.545771e+10  -2.285784e+10  -7.809223e+10   8.690810e+05   1.984067e-20   0.000000e+00   0.000000e+00
     3640000   3.639999e-05   6.674812e+00   1.330484e+01   4.599262e+01   3.892680e+05  -6.019792e+05   4.913179e+05   6.483468e+10  -2.232961e+10  -7.872687e+10   8.690810e+05   1.983062e-20   0.000000e+00   0.000000e+00
     3648000   3.647999e-05   6.706161e+00   1.325661e+01   4.603167e+01   3.944373e+05  -6.037394e+05   4.849946e+05   6.431169e+10  -2.172851e+10  -7.935176e+10   8.690810e+05   1.983927e-20   0.000000e+00   0.000000e+00
     3656000   3.655999e-05   6.737921e+00   1.320824e+01   4.607022e+01   3.995650e+05  -6.054506e+05   4.786223e+05   6.387915e+10  -2.105130e+10  -7.995718e+10   8.690810e+05   1.986116e-20   0.000000e+00   0.000000e+00
     3664000   3.663999e-05   6.770089e+00   1.315974e+01   4.610825e+01   4.046342e+05  -6.071227e+05   4.722023e+05   6.342976e+10  -2.037127e+10  -8.054515e+10   8.690810e+05   1.987751e-20   0.000000e+00   0.000000e+00
     3672000   3.671999e-05   6.802663e+00   1.311111e+01   4.614577e+01   4.096945e+05  -6.087227e+05   4.657349e+05   6.287979e+10  -1.975618e+10  -8.113506e+10   8.690810e+05   1.987975e-20   0.000000e+00   0.000000e+00
     3680000   3.679999e-05   6.835639e+00   1.306235e+01   4.618277e+01   4.147119e+05  -6.102726e+05   4.592203e+05   6.248079e+10  -1.903382e+10  -8.171946e+10   8.690810e+05   1.991092e-20   0.000000e+00   0.000000e+00
     3688000   3.687999e-05   6.869015e+00   1.301346e+01   4.621924e+01   4.196781e+05  -6.117765e+05   4.526607e+05   6.167392e+10  -1.856527e+10  -8.227107e+10   8.690811e+05   1.986119e-20   0.000000e+00   0.000000e+00
     3696000   3.695999e-05   6.902786e+00   1.296446e+01   4.625519e+01   4.245900e+05  -6.132381e+05   4.460542e+05   6.112657e+10  -1.794974e+10  -8.286231e+10   8.690811e+05   1.987564e-20   0.000000e+00   0.000000e+00
     3704000   3.703999e-05   6.936949e+00   1.291535e+01   4.629061e+01   4.294554e+05  -6.146507e+05   4.394024e+05   6.050774e+10  -1.736718e+10  -8.343153e+10   8.690811e+05   1.987348e-20   0.000000e+00   0.000000e+00
     3712000   3.711999e-05   6.971498e+00   1.286612e+01   4.632550e+01   4.342682e+05  -6.160201e+05   4.327035e+05   5.980812e+10  -1.686440e+10  -8.403322e+10   8.690811e+05   1.987235e-20   0.000000e+00   0.000000e+00
     3720000   3.719999e-05   7.006430e+00   1.281678e+01   4.635984e+01   4.390264e+05  -6.173472e+05   4.259580e+05   5.925690e+10  -1.622400e+10  -8.458834e+10   8.690811e+05   1.988469e-20   0.000000e+00   0.000000e+00
     3728000   3.727999e-05   7.041741e+00   1.276735e+01   4.639365e+01   4.437392e+05  -6.186235e+05   4.191687e+05   5.860699e+10  -1.565569e+10  -8.514731e+10   8.690811e+05   1.988498e-20   0.000000e+00   0.000000e+00
     3736000   3.735999e-05   7.077427e+00   1.271781e+01   4.642691e+01   4.484167e+05  -6.198432e+05   4.123334e+05   5.821507e+10  -1.491412e+10  -8.572897e+10   8.690811e+05   1.994126e-20   0.000000e+00   0.000000e+00
     3744000   3.743999e-05   7.113486e+00   1.266817e+01   4.645962e+01   4.530550e+05  -6.210082e+05   4.054528e+05   5.776599e+10  -1.420079e+10  -8.629824e+10   8.690811e+05   1.998688e-20   0.000000e+00   0.000000e+00
     3752000   3.751999e-05   7.149915e+00   1.261845e+01   4.649178e+01   4.576541e+05  -6.221184e+05   3.985264e+05   5.721210e+10  -1.355647e+10  -8.686244e+10   8.690811e+05   2.001622e-20   0.000000e+00   0.000000e+00
     3760000   3.759999e-05   7.186710e+00   1.256863e+01   4.652338e+01   4.621982e+05  -6.231845e+05   3.915556e+05   5.641821e+10  -1.307512e+10  -8.740649e+10   8.690811e+05   2.000128e-20   0.000000e+00   0.000000e+00
     3768000   3.767999e-05   7.223865e+00   1.251874e+01   4.655443e+01   4.666837e+05  -6.242073e+05   3.845434e+05   5.575301e+10  -1.247327e+10  -8.790898e+10   8.690811e+05   1.999782e-20   0.000000e+00   0.000000e+00
     3776000   3.775999e-05   7.261378e+00   1.246876e+01   4.658491e+01   4.711310e+05  -6.251722e+05   3.774882e+05   5.541433e+10  -1.165201e+10  -8.845789e+10   8.690811e+05   2.006940e-20   0.000000e+00   0.000000e+00
     3784000   3.783999e-05   7.299245e+00   1.241871e+01   4.661482e+01   4.755319e+05  -6.260840e+05   3.703920e+05   5.460420e+10  -1.114943e+10  -8.895009e+10   8.690811e+05   2.004526e-20   0.000000e+00   0.000000e+00
     3792000   3.791999e-05   7.337462e+00   1.236859e+01   4.664417e+01   4.798863e+05  -6.269421e+05   3.632558e+05   5.411329e+10  -1.041415e+10  -8.946089e+10   8.690811e+05   2.008512e-20   0.000000e+00   0.000000e+00
     3800000   3.799999e-05   7.376025e+00   1.231840e+01   4.667294e+01   4.841884e+05  -6.277514e+05   3.560784e+05   5.343934e+10  -9.817175e+09  -8.997272e+10   8.690811e+05   2.009836e-20   0.000000e+00   0.000000e+00
     3808000   3.807999e-05   7.414931e+00   1.226815e+01   4.670114e+01   4.884330e+05  -6.285150e+05   3.488611e+05   5.254645e+10  -9.395671e+09  -9.049628e+10   8.690811e+05   2.008335e-20   0.000000e+00   0.000000e+00
     3816000   3.815999e-05   7.454173e+00   1.221784e+01   4.672876e+01   4.926123e+05  -6.292411e+05   3.416003e+05   5.193460e+10  -8.756582e+09  -9.102308e+10   8.690811e+05   2.011992e-20   0.000000e+00   0.000000e+00
     3824000   3.823999e-05   7.493747e+00   1.216747e+01   4.675580e+01   4.967408e+05  -6.299163e+05   3.342993e+05   5.131366e+10  -8.099310e+09  -9.150891e+10   8.690811e+05   2.014446e-20   0.000000e+00   0.000000e+00
     3832000   3.831999e-05   7.533650e+00   1.211706e+01   4.678225e+01   5.008199e+05  -6.305392e+05   3.269584e+05   5.065199e+10  -7.475219e+09  -9.200201e+10   8.690811e+05   2.016866e-20   0.000000e+00   0.000000e+00
     3840000   3.839999e-05   7.573877e+00   1.206659e+01   4.680811e+01   5.048500e+05  -6.311086e+05   3.195787e+05   5.000317e+10  -6.818928e+09  -9.245757e+10   8.690812e+05   2.018566e-20   0.000000e+00   0.000000e+00
     3848000   3.847999e-05   7.614425e+00   1.201608e+01   4.683338e+01   5.088197e+05  -6.316318e+05   3.121632e+05   4.926852e+10  -6.236623e+09  -9.292553e+10   8.690812e+05   2.019698e-20   0.000000e+00   0.000000e+00
     3856000   3.855999e-05   7.655287e+00   1.196553e+01   4.685806e+01   5.127277e+05  -6.321103e+05   3.047112e+05   4.847631e+10  -5.693192e+09  -9.337942e+10   8.690812e+05   2.019815e-20   0.000000e+00   0.000000e+00
     3864000   3.863999e-05   7.696460e+00   1.191494e+01   4.688213e+01   5.165798e+05  -6.325395e+05   2.972224e+05   4.782563e+10  -5.036853e+09  -9.384102e+10   8.690812e+05   2.022856e-20   0.000000e+00   0.000000e+00
     3872000   3.871999e-05   7.737938e+00   1.186433e+01   4.690561e+01   5.203853e+05  -6.329100e+05   2.897002e+05   4.740994e+10  -4.152069e+09  -9.423263e+10   8.690812e+05   2.027574e-20   0.000000e+00   0.000000e+00
     3880000   3.879999e-05   7.779720e+00   1.181368e+01   4.692848e+01   5.241577e+05  -6.332106e+05   2.821438e+05   4.689891e+10  -3.363613e+09  -9.467579e+10   8.690812e+05   2.032959e-20   0.000000e+00   0.000000e+00
     3888000   3.887999e-05   7.821802e+00   1.176301e+01   4.695075e+01   5.278757e+05  -6.334596e+05   2.745511e+05   4.623912e+10  -2.695021e+09  -9.512104e+10   8.690812e+05   2.036417e-20   0.000000e+00   0.000000e+00
     3896000   3.895999e-05   7.864179e+00   1.171233e+01   4.697241e+01   5.315477e+05  -6.336486e+05   2.669244e+05   4.556023e+10  -2.029995e+09  -9.554626e+10   8.690812e+05   2.039257e-20   0.000000e+00   0.000000e+00
     3904000   3.903999e-05   7.906849e+00   1.166163e+01   4.699346e+01   5.351823e+05  -6.337704e+05   2.592627e+05   4.490182e+10  -1.321967e+09  -9.591959e+10   8.690812e+05   2.040993e-20   0.000000e+00   0.000000e+00
     3912000   3.911999e-05   7.949807e+00   1.161093e+01   4.701389e+01   5.387571e+05  -6.338409e+05   2.515722e+05   4.442505e+10  -4.739089e+08  -9.633253e+10   8.690812e+05   2.047411e-20   0.000000e+00   0.000000e+00
     3920000   3.919999e-05   7.993049e+00   1.156022e+01   4.703371e+01   5.422933e+05  -6.338429e+05   2.438509e+05   4.389491e+10   3.484197e+08  -9.671058e+10   8.690812e+05   2.052152e-20   0.000000e+00   0.000000e+00
     3928000   3.927999e-05   8.036572e+00   1.150951e+01   4.705291e+01   5.457654e+05  -6.337978e+05   2.360986e+05   4.298486e+10   8.479605e+08  -9.708697e+10   8.690812e+05   2.051147e-20   0.000000e+00   0.000000e+00
     3936000   3.935999e-05   8.080370e+00   1.145881e+01   4.707148e+01   5.491992e+05  -6.336842e+05   2.283128e+05   4.264954e+10   1.825027e+09  -9.752621e+10   8.690812e+05   2.061950e-20   0.000000e+00   0.000000e+00
     3944000   3.943999e-05   8.124442e+00   1.140812e+01   4.708944e+01   5.525575e+05  -6.335316e+05   2.204997e+05   4.135367e+10   2.026918e+09  -9.780536e+10   8.690812e+05   2.052207e-20   0.000000e+00   0.000000e+00
     3952000   3.951999e-05   8.168779e+00   1.135745e+01   4.710676e+01   5.558674e+05  -6.333163e+05   2.126595e+05   4.089129e+10   2.938615e+09  -9.813319e+10   8.690812e+05   2.057798e-20   0.000000e+00   0.000000e+00
     3960000   3.959999e-05   8.213379e+00   1.130679e+01   4.712346e+01   5.591156e+05  -6.330489e+05   2.047948e+05   4.027102e+10   3.705006e+09  -9.849172e+10   8.690812e+05   2.062391e-20   0.000000e+00   0.000000e+00
     3968000   3.967999e-05   8.258236e+00   1.125616e+01   4.713953e+01   5.623051e+05  -6.327271e+05   1.969051e+05   3.943982e+10   4.311612e+09  -9.877358e+10   8.690812e+05   2.061338e-20   0.000000e+00   0.000000e+00
     3976000   3.975999e-05   8.303346e+00   1.120556e+01   4.715497e+01   5.654257e+05  -6.323595e+05   1.889906e+05   3.856834e+10   4.861714e+09  -9.912170e+10   8.690812e+05   2.062421e-20   0.000000e+00   0.000000e+00
     3984000   3.983999e-05   8.348703e+00   1.115499e+01   4.716977e+01   5.684988e+05  -6.319274e+05   1.810502e+05   3.805341e+10   5.752812e+09  -9.940804e+10   8.690812e+05   2.067306e-20   0.000000e+00   0.000000e+00
     3992000   3.991999e-05   8.394304e+00   1.110445e+01   4.718393e+01   5.715119e+05  -6.314411e+05   1.730852e+05   3.727425e+10   6.403027e+09  -9.971638e+10   8.690812e+05   2.069236e-20   0.000000e+00   0.000000e+00
     4000000   3.999999e-05   8.440144e+00   1.105396e+01   4.719746e+01   5.744734e+05  -6.308936e+05   1.650933e+05   3.666372e+10   7.202401e+09  -1.000542e+11   8.690813e+05   2.075279e-20   0.000000e+00   0.000000e+00
     4008000   4.007999e-05   8.486217e+00   1.100351e+01   4.721035e+01   5.773498e+05  -6.303146e+05   1.570762e+05   3.547990e+10   7.488551e+09  -1.003593e+11   8.690813e+05   2.071631e-20   0.000000e+00   0.000000e+00
     4016000   4.015999e-05   8.532519e+00   1.095311e+01   4.722259e+01   5.801682e+05  -6.296785e+05   1.490371e+05   3.472339e+10   8.179188e+09  -1.006127e+11   8.690813e+05   2.073204e-20   0.000000e+00   0.000000e+00
     4024000   4.023999e-05   8.579042e+00   1.090276e+01   4.723419e+01   5.829166e+05  -6.289957e+05   1.409781e+05   3.398580e+10   8.889288e+09  -1.008628e+11   8.690813e+05   2.075356e-20   0.000000e+00   0.000000e+00
     4032000   4.031999e-05   8.625785e+00   1.085247e+01   4.724515e+01   5.856287e+05  -6.282348e+05   1.328995e+05   3.333950e+10   9.687431e+09  -1.011176e+11   8.690813e+05   2.079498e-20   0.000000e+00   0.000000e+00
     4040000   4.039999e-05   8.672741e+00   1.080225e+01   4.725546e+01   5.882726e+05  -6.274253e+05   1.248001e+05   3.275705e+10   1.055035e+10  -1.013654e+11   8.690813e+05   2.084799e-20   0.000000e+00   0.000000e+00
     4048000   4.047999e-05   8.719907e+00   1.075209e+01   4.726512e+01   5.908690e+05  -6.265473e+05   1.166819e+05   3.211932e+10   1.137448e+10  -1.015715e+11   8.690813e+05   2.088169e-20   0.000000e+00   0.000000e+00
     4056000   4.055999e-05   8.767279e+00   1.070200e+01   4.727413e+01   5.934077e+05  -6.256092e+05   1.085480e+05   3.134968e+10   1.207698e+10  -1.017758e+11   8.690813e+05   2.089840e-20   0.000000e+00   0.000000e+00
     4064000   4.063999e-05   8.814851e+00   1.065199e+01   4.728248e+01   5.958935e+05  -6.246074e+05   1.003934e+05   3.058281e+10   1.278801e+10  -1.019639e+11   8.690813e+05   2.091387e-20   0.000000e+00   0.000000e+00
     4072000   4.071999e-05   8.862620e+00   1.060207e+01   4.729019e+01   5.983134e+05  -6.235521e+05   9.222884e+04   2.991386e+10   1.359415e+10  -1.021491e+11   8.690813e+05   2.094770e-20   0.000000e+00   0.000000e+00
     4080000   4.079999e-05   8.910579e+00   1.055222e+01   4.729724e+01   6.006633e+05  -6.224487e+05   8.404545e+04   2.939268e+10   1.454547e+10  -1.023396e+11   8.690813e+05   2.101105e-20   0.000000e+00   0.000000e+00
     4088000   4.087999e-05   8.958725e+00   1.050248e+01   4.730363e+01   6.029744e+05  -6.212655e+05   7.585100e+04   2.841370e+10   1.506040e+10  -1.025182e+11   8.690813e+05   2.100241e-20   0.000000e+00   0.000000e+00
     4096000   4.095999e-05   9.007053e+00   1.045282e+01   4.730937e+01   6.052158e+05  -6.200322e+05   6.764856e+04   2.766067e+10   1.579851e+10  -1.026626e+11   8.690813e+05   2.102090e-20   0.000000e+00   0.000000e+00
     4104000   4.103999e-05   9.055558e+00   1.040327e+01   4.731446e+01   6.073979e+05  -6.187393e+05   5.942981e+04   2.689255e+10   1.652501e+10  -1.028051e+11   8.690813e+05   2.104067e-20   0.000000e+00   0.000000e+00
     4112000   4.111999e-05   9.104235e+00   1.035383e+01   4.731888e+01   6.095200e+05  -6.173863e+05   5.120414e+04   2.612967e+10   1.725882e+10  -1.029424e+11   8.690813e+05   2.106358e-20   0.000000e+00   0.000000e+00
     4120000   4.119999e-05   9.153080e+00   1.030449e+01   4.732265e+01   6.115774e+05  -6.159785e+05   4.296351e+04   2.530628e+10   1.793616e+10  -1.030723e+11   8.690813e+05   2.107857e-20   0.000000e+00   0.000000e+00
     4128000   4.127999e-05   9.202086e+00   1.025527e+01   4.732576e+01   6.135660e+05  -6.145193e+05   3.471572e+04   2.443792e+10   1.857030e+10  -1.031910e+11   8.690813e+05   2.108664e-20   0.000000e+00   0.000000e+00
     4136000   4.135999e-05   9.251249e+00   1.020617e+01   4.732820e+01   6.154903e+05  -6.130042e+05   2.645564e+04   2.367042e+10   1.930763e+10  -1.033102e+11   8.690813e+05   2.111506e-20   0.000000e+00   0.000000e+00
     4144000   4.143999e-05   9.300563e+00   1.015719e+01   4.732999e+01   6.173564e+05  -6.114267e+05   1.818853e+04   2.296820e+10   2.011438e+10  -1.034156e+11   8.690813e+05   2.115300e-20   0.000000e+00   0.000000e+00
     4152000   4.151999e-05   9.350024e+00   1.010834e+01   4.733111e+01   6.191668e+05  -6.097841e+05   9.911342e+03   2.229176e+10   2.095208e+10  -1.035132e+11   8.690814e+05   2.119661e-20   0.000000e+00   0.000000e+00
     4160000   4.159999e-05   9.399628e+00   1.005963e+01   4.733158e+01   6.209136e+05  -6.080840e+05   1.628897e+03   2.146441e+10   2.163968e+10  -1.035563e+11   8.690814e+05   2.120028e-20   0.000000e+00   0.000000e+00
     4168000   4.167999e-05   9.449369e+00   1.001105e+01   4.733137e+01   6.226131e+05  -6.063093e+05  -6.659043e+03   2.082119e+10   2.251889e+10  -1.036155e+11   8.690814e+05   2.124374e-20   0.000000e+00   0.000000e+00
     4176000   4.175999e-05   9.499244e+00   9.962620e+00   4.733051e+01   6.242278e+05  -6.044987e+05  -1.494911e+04   1.968814e+10   2.289349e+10  -1.036393e+11   8.690814e+05   2.120017e-20   0.000000e+00   0.000000e+00
     4184000   4.183999e-05   9.549245e+00   9.914335e+00   4.732898e+01   6.257951e+05  -6.026132e+05  -2.324161e+04   1.917829e+10   2.391374e+10  -1.036576e+11   8.690814e+05   2.125789e-20   0.000000e+00   0.000000e+00
     4192000   4.191999e-05   9.599369e+00   9.866203e+00   4.732679e+01   6.272837e+05  -6.006856e+05  -3.153441e+04   1.816025e+10   2.440616e+10  -1.036619e+11   8.690814e+05   2.123365e-20   0.000000e+00   0.000000e+00
     4200000   4.199999e-05   9.649610e+00   9.818228e+00   4.732394e+01   6.287327e+05  -5.986748e+05  -3.982670e+04   1.780481e+10   2.559454e+10  -1.036605e+11   8.690814e+05   2.131796e-20   0.000000e+00   0.000000e+00
     4208000   4.207999e-05   9.699964e+00   9.770417e+00   4.732042e+01   6.301074e+05  -5.966170e+05  -4.811705e+04   1.664360e+10   2.593314e+10  -1.036017e+11   8.690814e+05   2.125478e-20   0.000000e+00   0.000000e+00
     4216000   4.215999e-05   9.750426e+00   9.722773e+00   4.731624e+01   6.314474e+05  -5.944703e+05  -5.640734e+04   1.636655e+10   2.721607e+10  -1.036150e+11   8.690814e+05   2.136719e-20   0.000000e+00   0.000000e+00
     4224000   4.223999e-05   9.800993e+00   9.675302e+00   4.731139e+01   6.327069e+05  -5.922830e+05  -6.469357e+04   1.557840e+10   2.795597e+10  -1.035868e+11   8.690814e+05   2.138503e-20   0.000000e+00   0.000000e+00
     4232000   4.231999e-05   9.851659e+00   9.628010e+00   4.730589e+01   6.339172e+05  -5.900218e+05  -7.297765e+04   1.467929e+10   2.857448e+10  -1.035142e+11   8.690814e+05   2.137181e-20   0.000000e+00   0.000000e+00
     4240000   4.239999e-05   9.902418e+00   9.580900e+00   4.729972e+01   6.350491e+05  -5.877181e+05  -8.125580e+04   1.371016e+10   2.911311e+10  -1.034239e+11   8.690814e+05   2.134426e-20   0.000000e+00   0.000000e+00
     4248000   4.247999e-05   9.953265e+00   9.533977e+00   4.729289e+01   6.361254e+05  -5.853477e+05  -8.952681e+04   1.319733e+10   3.014904e+10  -1.033504e+11   8.690814e+05   2.140318e-20   0.000000e+00   0.000000e+00
     4256000   4.255999e-05   1.000420e+01   9.487247e+00   4.728539e+01   6.371624e+05  -5.828922e+05  -9.779191e+04   1.273080e+10   3.124383e+10  -1.032838e+11   8.690814e+05   2.147843e-20   0.000000e+00   0.000000e+00
     4264000   4.263999e-05   1.005521e+01   9.440716e+00   4.727724e+01   6.381490e+05  -5.803633e+05  -1.060509e+05   1.193416e+10   3.197822e+10  -1.031894e+11   8.690814e+05   2.149172e-20   0.000000e+00   0.000000e+00
     4272000   4.271999e-05   1.010630e+01   9.394390e+00   4.726843e+01   6.390735e+05  -5.777738e+05  -1.143022e+05   1.130788e+10   3.290396e+10  -1.031004e+11   8.690814e+05   2.154108e-20   0.000000e+00   0.000000e+00
     4280000   4.279999e-05   1.015746e+01   9.348275e+00   4.725895e+01   6.399491e+05  -5.751091e+05  -1.225446e+05   1.058241e+10   3.371383e+10  -1.029588e+11   8.690814e+05   2.155726e-20   0.000000e+00   0.000000e+00
     4288000   4.287999e-05   1.020869e+01   9.302374e+00   4.724882e+01   6.407635e+05  -5.723832e+05  -1.307754e+05   9.640823e+09   3.428074e+10  -1.028049e+11   8.690814e+05   2.153514e-20   0.000000e+00   0.000000e+00
     4296000   4.295999e-05   1.025998e+01   9.256695e+00   4.723803e+01   6.415263e+05  -5.695857e+05  -1.389916e+05   9.218297e+09   3.542306e+10  -1.026163e+11   8.690815e+05   2.159503e-20   0.000000e+00   0.000000e+00
     4304000   4.303999e-05   1.031133e+01   9.211243e+00   4.722658e+01   6.422333e+05  -5.667212e+05  -1.471941e+05   8.315007e+09   3.603321e+10  -1.024547e+11   8.690815e+05   2.158522e-20   0.000000e+00   0.000000e+00
     4312000   4.311999e-05   1.036274e+01   9.166021e+00   4.721448e+01   6.428752e+05  -5.638001e+05  -1.553819e+05   7.654239e+09   3.690713e+10  -1.022490e+11   8.690815e+05   2.160542e-20   0.000000e+00   0.000000e+00
     4320000   4.319999e-05   1.041419e+01   9.121036e+00   4.720172e+01   6.434539e+05  -5.608204e+05  -1.635548e+05   6.783453e+09   3.755377e+10  -1.020832e+11   8.690815e+05   2.160850e-20   0.000000e+00   0.000000e+00
     4328000   4.327999e-05   1.046569e+01   9.076291e+00   4.718831e+01   6.439558e+05  -5.577973e+05  -1.717139e+05   5.846829e+09   3.811309e+10  -1.018811e+11   8.690815e+05   2.158896e-20   0.000000e+00   0.000000e+00
     4336000   4.335999e-05   1.051722e+01   9.031790e+00   4.717425e+01   6.444000e+05  -5.547095e+05  -1.798574e+05   5.302572e+09   3.913882e+10  -1.017129e+11   8.690815e+05   2.165981e-20   0.000000e+00   0.000000e+00
     4344000   4.343999e-05   1.056879e+01   8.987540e+00   4.715953e+01   6.447898e+05  -5.515528e+05  -1.879845e+05   4.354674e+09   3.966613e+10  -1.014458e+11   8.690815e+05   2.162001e-20   0.000000e+00   0.000000e+00
     4352000   4.351999e-05   1.062039e+01   8.943543e+00   4.714417e+01   6.451115e+05  -5.483443e+05  -1.960928e+05   3.696883e+09   4.056418e+10  -1.012702e+11   8.690815e+05   2.167670e-20   0.000000e+00   0.000000e+00
     4360000   4.359999e-05   1.067201e+01   8.899806e+00   4.712816e+01   6.453759e+05  -5.450698e+05  -2.041849e+05   2.978495e+09   4.135797e+10  -1.009911e+11   8.690815e+05   2.168358e-20   0.000000e+00   0.000000e+00
     4368000   4.367999e-05   1.072365e+01   8.856334e+00   4.711150e+01   6.455801e+05  -5.417347e+05  -2.122557e+05   2.092778e+09   4.198124e+10  -1.007830e+11   8.690815e+05   2.169351e-20   0.000000e+00   0.000000e+00
     4376000   4.375999e-05   1.077530e+01   8.813130e+00   4.709420e+01   6.457194e+05  -5.383438e+05  -2.203067e+05   1.476196e+09   4.288558e+10  -1.004695e+11   8.690815e+05   2.171436e-20   0.000000e+00   0.000000e+00
     4384000   4.383999e-05   1.082696e+01   8.770201e+00   4.707625e+01   6.458109e+05  -5.348776e+05  -2.283351e+05   7.754743e+08   4.370720e+10  -1.001918e+11   8.690815e+05   2.173957e-20   0.000000e+00   0.000000e+00
     4392000   4.391999e-05   1.087863e+01   8.727551e+00   4.705766e+01   6.458407e+05  -5.313536e+05  -2.363383e+05  -3.122791e+07   4.439022e+10  -9.988731e+10   8.690815e+05   2.173710e-20   0.000000e+00   0.000000e+00
     4400000   4.399999e-05   1.093029e+01   8.685186e+00   4.703844e+01   6.458064e+05  -5.277742e+05  -2.443178e+05  -7.922697e+08   4.513551e+10  -9.959622e+10   8.690815e+05   2.175399e-20   0.000000e+00   0.000000e+00
     4408000   4.407999e-05   1.098195e+01   8.643109e+00   4.701857e+01   6.457082e+05  -5.241392e+05  -2.522732e+05  -1.663080e+09   4.573895e+10  -9.928745e+10   8.690815e+05   2.174592e-20   0.000000e+00   0.000000e+00
     4416000   4.415999e-05   1.103360e+01   8.601325e+00   4.699808e+01   6.455439e+05  -5.204518e+05  -2.602031e+05  -2.488118e+09   4.639451e+10  -9.897043e+10   8.690815e+05   2.174769e-20   0.000000e+00   0.000000e+00
     4424000   4.423999e-05   1.108524e+01   8.559838e+00   4.697694e+01   6.453133e+05  -5.167152e+05  -2.681022e+05  -3.257364e+09   4.707539e+10  -9.856955e+10   8.690815e+05   2.172744e-20   0.000000e+00   0.000000e+00
     4432000   4.431999e-05   1.113685e+01   8.518652e+00   4.695518e+01   6.450362e+05  -5.129014e+05  -2.759767e+05  -3.809213e+09   4.808316e+10  -9.826600e+10   8.690815e+05   2.180031e-20   0.000000e+00   0.000000e+00
     4440000   4.439999e-05   1.118844e+01   8.477775e+00   4.693279e+01   6.446962e+05  -5.090335e+05  -2.838212e+05  -4.641731e+09   4.867948e+10  -9.785073e+10   8.690816e+05   2.176991e-20   0.000000e+00   0.000000e+00
     4448000   4.447999e-05   1.124000e+01   8.437209e+00   4.690977e+01   6.442991e+05  -5.051029e+05  -2.916376e+05  -5.301727e+09   4.954541e+10  -9.752362e+10   8.690816e+05   2.182033e-20   0.000000e+00   0.000000e+00
     4456000   4.455999e-05   1.129153e+01   8.396960e+00   4.688613e+01   6.438529e+05  -5.011000e+05  -2.994244e+05  -5.626864e+09   5.078556e+10  -9.709174e+10   8.690816e+05   2.190024e-20   0.000000e+00   0.000000e+00
     4464000   4.463999e-05   1.134302e+01   8.357035e+00   4.686186e+01   6.433519e+05  -4.970312e+05  -3.071824e+05  -6.669266e+09   5.119108e+10  -9.679712e+10   8.690816e+05   2.189487e-20   0.000000e+00   0.000000e+00
     4472000   4.471999e-05   1.139446e+01   8.317437e+00   4.683698e+01   6.427901e+05  -4.929046e+05  -3.149107e+05  -7.377239e+09   5.197445e+10  -9.641012e+10   8.690816e+05   2.192397e-20   0.000000e+00   0.000000e+00
     4480000   4.479999e-05   1.144586e+01   8.278171e+00   4.681148e+01   6.421644e+05  -4.887247e+05  -3.226079e+05  -8.296827e+09   5.247594e+10  -9.601233e+10   8.690816e+05   2.190624e-20   0.000000e+00   0.000000e+00
     4488000   4.487999e-05   1.149721e+01   8.239242e+00   4.678536e+01   6.414859e+05  -4.844799e+05  -3.302694e+05  -8.730008e+09   5.356290e+10  -9.552942e+10   8.690816e+05   2.196107e-20   0.000000e+00   0.000000e+00
     4496000   4.495999e-05   1.154850e+01   8.200655e+00   4.675863e+01   6.407355e+05  -4.801922e+05  -3.378997e+05  -9.756100e+09   5.394811e+10  -9.516631e+10   8.690816e+05   2.194494e-20   0.000000e+00   0.000000e+00
     4504000   4.503999e-05   1.159972e+01   8.162414e+00   4.673130e+01   6.399366e+05  -4.758354e+05  -3.454918e+05  -1.030159e+10   5.489258e+10  -9.468334e+10   8.690816e+05   2.198505e-20   0.000000e+00   0.000000e+00
     4512000   4.511999e-05   1.165089e+01   8.124523e+00   4.670336e+01   6.390789e+05  -4.714175e+05  -3.530530e+05  -1.108370e+10   5.559281e+10  -9.429435e+10   8.690816e+05   2.202249e-20   0.000000e+00   0.000000e+00
     4520000   4.519999e-05   1.170198e+01   8.086989e+00   4.667481e+01   6.381657e+05  -4.669383e+05  -3.605773e+05  -1.182652e+10   5.627542e+10  -9.380665e+10   8.690816e+05   2.202549e-20   0.000000e+00   0.000000e+00
     4528000   4.527999e-05   1.175299e+01   8.049814e+00   4.664567e+01   6.371881e+05  -4.624105e+05  -3.680634e+05  -1.261322e+10   5.691852e+10  -9.334489e+10   8.690816e+05   2.203568e-20   0.000000e+00   0.000000e+00
     4536000   4.535999e-05   1.180392e+01   8.013004e+00   4.661592e+01   6.361477e+05  -4.578311e+05  -3.755125e+05  -1.336211e+10   5.762577e+10  -9.289508e+10   8.690816e+05   2.206605e-20   0.000000e+00   0.000000e+00
     4544000   4.543999e-05   1.185477e+01   7.976563e+00   4.658558e+01   6.350399e+05  -4.532068e+05  -3.829240e+05  -1.435977e+10   5.794351e+10  -9.239312e+10   8.690816e+05   2.201396e-20   0.000000e+00   0.000000e+00
     4552000   4.551999e-05   1.190553e+01   7.940492e+00   4.655466e+01   6.338614e+05  -4.485440e+05  -3.902959e+05  -1.492739e+10   5.889095e+10  -9.192309e+10   8.690816e+05   2.208797e-20   0.000000e+00   0.000000e+00
     4560000   4.559999e-05   1.195619e+01   7.904798e+00   4.652314e+01   6.326401e+05  -4.438017e+05  -3.976297e+05  -1.560463e+10   5.966732e+10  -9.142348e+10   8.690816e+05   2.212640e-20   0.000000e+00   0.000000e+00
     4568000   4.567999e-05   1.200675e+01   7.869485e+00   4.649104e+01   6.313622e+05  -4.390034e+05  -4.049206e+05  -1.638915e+10   6.026795e+10  -9.089545e+10   8.690816e+05   2.212797e-20   0.000000e+00   0.000000e+00
     4576000   4.575999e-05   1.205721e+01   7.834559e+00   4.645835e+01   6.300255e+05  -4.341487e+05  -4.121720e+05  -1.702881e+10   6.109920e+10  -9.038666e+10   8.690816e+05   2.218260e-20   0.000000e+00   0.000000e+00
     4584000   4.583999e-05   1.210755e+01   7.800023e+00   4.642509e+01   6.286375e+05  -4.292274e+05  -4.193824e+05  -1.767686e+10   6.192453e+10  -8.987541e+10   8.690817e+05   2.224059e-20   0.000000e+00   0.000000e+00
     4592000   4.591999e-05   1.215779e+01   7.765884e+00   4.639125e+01   6.271943e+05  -4.242453e+05  -4.265515e+05  -1.853299e+10   6.242190e+10  -8.933529e+10   8.690817e+05   2.223340e-20   0.000000e+00   0.000000e+00
     4600000   4.599999e-05   1.220790e+01   7.732145e+00   4.635684e+01   6.256823e+05  -4.192244e+05  -4.336767e+05  -1.932895e+10   6.300987e+10  -8.879699e+10   8.690817e+05   2.224795e-20   0.000000e+00   0.000000e+00
     4608000   4.607999e-05   1.225789e+01   7.698810e+00   4.632186e+01   6.241097e+05  -4.141529e+05  -4.407578e+05  -1.992475e+10   6.389467e+10  -8.825146e+10   8.690817e+05   2.231906e-20   0.000000e+00   0.000000e+00
     4616000   4.615999e-05   1.230776e+01   7.665883e+00   4.628632e+01   6.224923e+05  -4.090074e+05  -4.477938e+05  -2.057457e+10   6.467856e+10  -8.767795e+10   8.690817e+05   2.236674e-20   0.000000e+00   0.000000e+00
     4624000   4.623999e-05   1.235749e+01   7.633370e+00   4.625022e+01   6.208176e+05  -4.038058e+05  -4.547850e+05  -2.129344e+10   6.535975e+10  -8.710074e+10   8.690817e+05   2.239912e-20   0.000000e+00   0.000000e+00
     4632000   4.631999e-05   1.240709e+01   7.601275e+00   4.621356e+01   6.190851e+05  -3.985503e+05  -4.617297e+05  -2.203403e+10   6.600036e+10  -8.651279e+10   8.690817e+05   2.242489e-20   0.000000e+00   0.000000e+00
     4640000   4.639999e-05   1.245654e+01   7.569603e+00   4.617634e+01   6.172916e+05  -3.932490e+05  -4.686249e+05  -2.285649e+10   6.646532e+10  -8.588248e+10   8.690817e+05   2.240642e-20   0.000000e+00   0.000000e+00
     4648000   4.647999e-05   1.250585e+01   7.538356e+00   4.613858e+01   6.154257e+05  -3.879169e+05  -4.754732e+05  -2.369364e+10   6.703458e+10  -8.535842e+10   8.690817e+05   2.245231e-20   0.000000e+00   0.000000e+00
     4656000   4.655999e-05   1.255501e+01   7.507538e+00   4.610027e+01   6.134940e+05  -3.825390e+05  -4.822779e+05  -2.459694e+10   6.741059e+10  -8.475897e+10   8.690817e+05   2.243812e-20   0.000000e+00   0.000000e+00
     4664000   4.663999e-05   1.260401e+01   7.477151e+00   4.606142e+01   6.115048e+05  -3.771064e+05  -4.890355e+05  -2.531173e+10   6.808520e+10  -8.415285e+10   8.690817e+05   2.248305e-20   0.000000e+00   0.000000e+00
     4672000   4.671999e-05   1.265285e+01   7.447202e+00   4.602202e+01   6.094520e+05  -3.716311e+05  -4.957434e+05  -2.600881e+10   6.879408e+10  -8.354577e+10   8.690817e+05   2.253944e-20   0.000000e+00   0.000000e+00
     4680000   4.679999e-05   1.270152e+01   7.417692e+00   4.598210e+01   6.073482e+05  -3.660922e+05  -5.024020e+05  -2.669204e+10   6.953501e+10  -8.293699e+10   8.690817e+05   2.260703e-20   0.000000e+00   0.000000e+00
     4688000   4.687999e-05   1.275002e+01   7.388628e+00   4.594164e+01   6.051823e+05  -3.605053e+05  -5.090122e+05  -2.745045e+10   7.013736e+10  -8.231147e+10   8.690817e+05   2.264675e-20   0.000000e+00   0.000000e+00
     4696000   4.695999e-05   1.279835e+01   7.360012e+00   4.590066e+01   6.029550e+05  -3.548741e+05  -5.155703e+05  -2.823118e+10   7.064275e+10  -8.164074e+10   8.690817e+05   2.265521e-20   0.000000e+00   0.000000e+00
     4704000   4.703999e-05   1.284649e+01   7.331848e+00   4.585915e+01   6.006542e+05  -3.492179e+05  -5.220770e+05  -2.911972e+10   7.101934e+10  -8.100765e+10   8.690817e+05   2.265764e-20   0.000000e+00   0.000000e+00
     4712000   4.711999e-05   1.289445e+01   7.304139e+00   4.581713e+01   5.982965e+05  -3.435099e+05  -5.285313e+05  -2.982398e+10   7.168139e+10  -8.034901e+10   8.690817e+05   2.271169e-20   0.000000e+00   0.000000e+00
     4720000   4.719999e-05   1.294222e+01   7.276888e+00   4.577459e+01   5.958821e+05  -3.377492e+05  -5.349327e+05  -3.054930e+10   7.233038e+10  -7.969869e+10   8.690817e+05   2.277203e-20   0.000000e+00   0.000000e+00
     4728000   4.727999e-05   1.298979e+01   7.250101e+00   4.573154e+01   5.934099e+05  -3.319335e+05  -5.412836e+05  -3.125859e+10   7.306247e+10  -7.907345e+10   8.690818e+05   2.286484e-20   0.000000e+00   0.000000e+00
     4736000   4.735999e-05   1.303716e+01   7.223781e+00   4.568798e+01   5.908807e+05  -3.260588e+05  -5.475844e+05  -3.202367e+10   7.369999e+10  -7.844056e+10   8.690818e+05   2.294178e-20   0.000000e+00   0.000000e+00
     4744000   4.743999e-05   1.308433e+01   7.197932e+00   4.564393e+01   5.882901e+05  -3.201353e+05  -5.538333e+05  -3.265172e+10   7.442814e+10  -7.770548e+10   8.690818e+05   2.300309e-20   0.000000e+00   0.000000e+00
     4752000   4.751999e-05   1.313129e+01   7.172560e+00   4.559937e+01   5.856426e+05  -3.141570e+05  -5.600279e+05  -3.346450e+10   7.510045e+10  -7.712419e+10   8.690818e+05   2.312002e-20   0.000000e+00   0.000000e+00
     4760000   4.759999e-05   1.317803e+01   7.147669e+00   4.555432e+01   5.829318e+05  -3.081315e+05  -5.661702e+05  -3.430623e+10   7.553752e+10  -7.643251e+10   8.690818e+05   2.315035e-20   0.000000e+00   0.000000e+00
     4768000   4.767999e-05   1.322456e+01   7.123260e+00   4.550879e+01   5.801532e+05  -3.020725e+05  -5.722566e+05  -3.514825e+10   7.595493e+10  -7.572720e+10   8.690818e+05   2.317654e-20   0.000000e+00   0.000000e+00
     4776000   4.775999e-05   1.327085e+01   7.099338e+00   4.546276e+01   5.773053e+05  -2.959810e+05  -5.782880e+05  -3.599348e+10   7.649847e+10  -7.508619e+10   8.690818e+05   2.326081e-20   0.000000e+00   0.000000e+00
     4784000   4.783999e-05   1.331692e+01   7.075905e+00   4.541626e+01   5.743967e+05  -2.898360e+05  -5.842659e+05  -3.670573e+10   7.714264e+10  -7.435398e+10   8.690818e+05   2.333601e-20   0.000000e+00   0.000000e+00
     4792000   4.791999e-05   1.336276e+01   7.052965e+00   4.536928e+01   5.714190e+05  -2.836631e+05  -5.901853e+05  -3.765862e+10   7.731521e+10  -7.362172e+10   8.690818e+05   2.331628e-20   0.000000e+00   0.000000e+00
     4800000   4.799999e-05   1.340835e+01   7.030520e+00   4.532183e+01   5.683779e+05  -2.774513e+05  -5.960457e+05  -3.831897e+10   7.812207e+10  -7.290523e+10   8.690818e+05   2.344473e-20   0.000000e+00   0.000000e+00
     4808000   4.807999e-05   1.345369e+01   7.008574e+00   4.527392e+01   5.652793e+05  -2.711847e+05  -6.018483e+05  -3.914720e+10   7.855671e+10  -7.216538e+10   8.690818e+05   2.349008e-20   0.000000e+00   0.000000e+00
     4816000   4.815999e-05   1.349879e+01   6.987132e+00   4.522554e+01   5.621203e+05  -2.648664e+05  -6.075934e+05  -3.988898e+10   7.926104e+10  -7.145587e+10   8.690818e+05   2.361359e-20   0.000000e+00   0.000000e+00
     4824000   4.823999e-05   1.354363e+01   6.966196e+00   4.517670e+01   5.588888e+05  -2.585235e+05  -6.132798e+05  -4.080063e+10   7.952623e+10  -7.070596e+10   8.690818e+05   2.363007e-20   0.000000e+00   0.000000e+00
     4832000   4.831999e-05   1.358821e+01   6.945769e+00   4.512742e+01   5.555882e+05  -2.521477e+05  -6.189075e+05  -4.171483e+10   7.986536e+10  -6.998504e+10   8.690818e+05   2.368113e-20   0.000000e+00   0.000000e+00
     4840000   4.839999e-05   1.363252e+01   6.925853e+00   4.507768e+01   5.522145e+05  -2.457408e+05  -6.244788e+05  -4.260206e+10   8.032625e+10  -6.928185e+10   8.690818e+05   2.377338e-20   0.000000e+00   0.000000e+00
     4848000   4.847999e-05   1.367656e+01   6.906451e+00   4.502750e+01   5.487699e+05  -2.393003e+05  -6.299922e+05  -4.351389e+10   8.068467e+10  -6.855183e+10   8.690818e+05   2.383817e-20   0.000000e+00   0.000000e+00
     4856000   4.855999e-05   1.372032e+01   6.887565e+00   4.497688e+01   5.452481e+05  -2.328478e+05  -6.354444e+05  -4.447787e+10   8.081066e+10  -6.777649e+10   8.690818e+05   2.383719e-20   0.000000e+00   0.000000e+00
     4864000   4.863999e-05   1.376380e+01   6.869197e+00   4.492583e+01   5.416579e+05  -2.263595e+05  -6.408364e+05  -4.527938e+10   8.139533e+10  -6.702284e+10   8.690819e+05   2.395579e-20   0.000000e+00   0.000000e+00
     4872000   4.871999e-05   1.380699e+01   6.851349e+00   4.487435e+01   5.380106e+05  -2.198068e+05  -6.461678e+05  -4.600409e+10   8.225397e+10  -6.628434e+10   8.690819e+05   2.415268e-20   0.000000e+00   0.000000e+00
     4880000   4.879999e-05   1.384988e+01   6.834028e+00   4.482245e+01   5.342944e+05  -2.132106e+05  -6.514399e+05  -4.690263e+10   8.264791e+10  -6.551849e+10   8.690819e+05   2.423910e-20   0.000000e+00   0.000000e+00
     4888000   4.887999e-05   1.389247e+01   6.817236e+00   4.477012e+01   5.305068e+05  -2.065878e+05  -6.566485e+05  -4.777944e+10   8.294435e+10  -6.469632e+10   8.690819e+05   2.428467e-20   0.000000e+00   0.000000e+00
     4896000   4.895999e-05   1.393476e+01   6.800975e+00   4.471738e+01   5.266475e+05  -1.999358e+05  -6.617941e+05  -4.869008e+10   8.331290e+10  -6.391697e+10   8.690819e+05   2.437362e-20   0.000000e+00   0.000000e+00
     4904000   4.903999e-05   1.397674e+01   6.785248e+00   4.466424e+01   5.227268e+05  -1.932344e+05  -6.668737e+05  -4.940350e+10   8.409964e+10  -6.309383e+10   8.690819e+05   2.455036e-20   0.000000e+00   0.000000e+00
     4912000   4.911999e-05   1.401839e+01   6.770058e+00   4.461069e+01   5.187301e+05  -1.865045e+05  -6.718917e+05  -5.051978e+10   8.415332e+10  -6.236308e+10   8.690819e+05   2.460292e-20   0.000000e+00   0.000000e+00
     4920000   4.919999e-05   1.405973e+01   6.755408e+00   4.455674e+01   5.146539e+05  -1.797527e+05  -6.768483e+05  -5.142030e+10   8.457910e+10  -6.156050e+10   8.690819e+05   2.471969e-20   0.000000e+00   0.000000e+00
     4928000   4.927999e-05   1.410074e+01   6.741299e+00   4.450239e+01   5.105017e+05  -1.729737e+05  -6.817415e+05  -5.242400e+10   8.478334e+10  -6.076785e+10   8.690819e+05   2.479584e-20   0.000000e+00   0.000000e+00
     4936000   4.935999e-05   1.414141e+01   6.727732e+00   4.444766e+01   5.062695e+05  -1.661789e+05  -6.865706e+05  -5.339438e+10   8.506257e+10  -5.996132e+10   8.690819e+05   2.489179e-20   0.000000e+00   0.000000e+00
     4944000   4.943999e-05   1.418174e+01   6.714710e+00   4.439254e+01   5.019577e+05  -1.593667e+05  -6.913350e+05  -5.443733e+10   8.506077e+10  -5.913375e+10   8.690819e+05   2.491653e-20   0.000000e+00   0.000000e+00
     4952000   4.951999e-05   1.422172e+01   6.702234e+00   4.433705e+01   4.975665e+05  -1.525410e+05  -6.960332e+05  -5.534823e+10   8.555774e+10  -5.831708e+10   8.690819e+05   2.507823e-20   0.000000e+00   0.000000e+00
     4960000   4.959999e-05   1.426135e+01   6.690305e+00   4.428118e+01   4.931000e+05  -1.456870e+05  -7.006648e+05  -5.631290e+10   8.584393e+10  -5.748022e+10   8.690819e+05   2.518713e-20   0.000000e+00   0.000000e+00
     4968000   4.967999e-05   1.430061e+01   6.678925e+00   4.422494e+01   4.885563e+05  -1.388019e+05  -7.052306e+05  -5.733013e+10   8.609013e+10  -5.666035e+10   8.690819e+05   2.530421e-20   0.000000e+00   0.000000e+00
     4976000   4.975999e-05   1.433951e+01   6.668097e+00   4.416834e+01   4.839304e+05  -1.318990e+05  -7.097306e+05  -5.833140e+10   8.641739e+10  -5.583365e+10   8.690819e+05   2.544842e-20   0.000000e+00   0.000000e+00
     4984000   4.983999e-05   1.437804e+01   6.657821e+00   4.411139e+01   4.792214e+05  -1.249825e+05  -7.141636e+05  -5.939457e+10   8.649337e+10  -5.499222e+10   8.690819e+05   2.553038e-20   0.000000e+00   0.000000e+00
     4992000   4.991999e-05   1.441619e+01   6.648099e+00   4.405408e+01   4.744282e+05  -1.180585e+05  -7.185287e+05  -6.039838e+10   8.673001e+10  -5.413013e+10   8.690820e+05   2.565257e-20   0.000000e+00   0.000000e+00
     5000000   4.999999e-05   1.445395e+01   6.638933e+00   4.399642e+01   4.695574e+05  -1.111078e+05  -7.228239e+05  -6.134526e+10   8.707175e+10  -5.323513e+10   8.690820e+05   2.579553e-20   0.000000e+00   0.000000e+00
     5008000   5.007999e-05   1.449131e+01   6.630323e+00   4.393843e+01   4.646089e+05  -1.041360e+05  -7.270472e+05  -6.236947e+10   8.721989e+10  -5.234913e+10   8.690820e+05   2.590284e-20   0.000000e+00   0.000000e+00
     5016000   5.015999e-05   1.452828e+01   6.622271e+00   4.388010e+01   4.595762e+05  -9.715519e+04  -7.312004e+05  -6.344554e+10   8.732232e+10  -5.147975e+10   8.690820e+05   2.601745e-20   0.000000e+00   0.000000e+00
     5024000   5.023999e-05   1.456484e+01   6.614778e+00   4.382144e+01   4.544580e+05  -9.016279e+04  -7.352837e+05  -6.451034e+10   8.748466e+10  -5.059985e+10   8.690820e+05   2.615355e-20   0.000000e+00   0.000000e+00
     5032000   5.031999e-05   1.460099e+01   6.607846e+00   4.376246e+01   4.492611e+05  -8.315011e+04  -7.392929e+05  -6.555210e+10   8.765002e+10  -4.969377e+10   8.690820e+05   2.628741e-20   0.000000e+00   0.000000e+00
     5040000   5.039999e-05   1.463672e+01   6.601474e+00   4.370315e+01   4.439761e+05  -7.613071e+04  -7.432314e+05  -6.657580e+10   8.783145e+10  -4.876661e+10   8.690820e+05   2.642533e-20   0.000000e+00   0.000000e+00
     5048000   5.047999e-05   1.467203e+01   6.595665e+00   4.364354e+01   4.386070e+05  -6.910984e+04  -7.470952e+05  -6.764060e+10   8.778553e+10  -4.783142e+10   8.690820e+05   2.650632e-20   0.000000e+00   0.000000e+00
     5056000   5.055999e-05   1.470690e+01   6.590417e+00   4.358362e+01   4.331530e+05  -6.208065e+04  -7.508848e+05  -6.875530e+10   8.793768e+10  -4.693255e+10   8.690820e+05   2.667660e-20   0.000000e+00   0.000000e+00
     5064000   5.063999e-05   1.474133e+01   6.585732e+00   4.352340e+01   4.276092e+05  -5.504523e+04  -7.546018e+05  -6.984121e+10   8.794479e+10  -4.599225e+10   8.690820e+05   2.679372e-20   0.000000e+00   0.000000e+00
     5072000   5.071999e-05   1.477531e+01   6.581609e+00   4.346289e+01   4.219817e+05  -4.801586e+04  -7.582410e+05  -7.087200e+10   8.781966e+10  -4.500359e+10   8.690820e+05   2.685392e-20   0.000000e+00   0.000000e+00
     5080000   5.079999e-05   1.480884e+01   6.578049e+00   4.340208e+01   4.162646e+05  -4.099124e+04  -7.618052e+05  -7.210612e+10   8.778764e+10  -4.412401e+10   8.690820e+05   2.702208e-20   0.000000e+00   0.000000e+00
     5088000   5.087999e-05   1.484191e+01   6.575051e+00   4.334100e+01   4.104563e+05  -3.396834e+04  -7.652943e+05  -7.316494e+10   8.773678e+10  -4.313560e+10   8.690820e+05   2.712877e-20   0.000000e+00   0.000000e+00
     5096000   5.095999e-05   1.487451e+01   6.572614e+00   4.327964e+01   4.045581e+05  -2.695212e+04  -7.687067e+05  -7.428363e+10   8.770676e+10  -4.216963e+10   8.690820e+05   2.726937e-20   0.000000e+00   0.000000e+00
     5104000   5.103999e-05   1.490664e+01   6.570739e+00   4.321801e+01   3.985695e+05  -1.993889e+04  -7.720417e+05  -7.544841e+10   8.755622e+10  -4.121197e+10   8.690820e+05   2.739339e-20   0.000000e+00   0.000000e+00
     5112000   5.111999e-05   1.493828e+01   6.569424e+00   4.315611e+01   3.924887e+05  -1.293203e+04  -7.752993e+05  -7.657287e+10   8.753519e+10  -4.022466e+10   8.690821e+05   2.755141e-20   0.000000e+00   0.000000e+00
     5120000   5.119999e-05   1.496944e+01   6.568669e+00   4.309396e+01   3.863176e+05  -5.938353e+03  -7.784774e+05  -7.769499e+10   8.717340e+10  -3.922112e+10   8.690821e+05   2.760630e-20   0.000000e+00   0.000000e+00
     5128000   5.127999e-05   1.500009e+01   6.568473e+00   4.303156e+01   3.800567e+05   1.030513e+03  -7.815750e+05  -7.887002e+10   8.722192e+10  -3.823734e+10   8.690821e+05   2.781776e-20   0.000000e+00   0.000000e+00
     5136000   5.135999e-05   1.503024e+01   6.568834e+00   4.296891e+01   3.737012e+05   7.994532e+03  -7.845936e+05  -8.001973e+10   8.689166e+10  -3.722815e+10   8.690821e+05   2.790693e-20   0.000000e+00   0.000000e+00
     5144000   5.143999e-05   1.505988e+01   6.569751e+00   4.290603e+01   3.672526e+05   1.493773e+04  -7.875316e+05  -8.119761e+10   8.668387e+10  -3.622119e+10   8.690821e+05   2.805224e-20   0.000000e+00   0.000000e+00
     5152000   5.151999e-05   1.508900e+01   6.571224e+00   4.284291e+01   3.607086e+05   2.187453e+04  -7.903888e+05  -8.239005e+10   8.658441e+10  -3.520414e+10   8.690821e+05   2.824362e-20   0.000000e+00   0.000000e+00
     5160000   5.159999e-05   1.511759e+01   6.573251e+00   4.277957e+01   3.540703e+05   2.878732e+04  -7.931641e+05  -8.355734e+10   8.620531e+10  -3.417162e+10   8.690821e+05   2.834654e-20   0.000000e+00   0.000000e+00
     5168000   5.167999e-05   1.514565e+01   6.575829e+00   4.271601e+01   3.473381e+05   3.567278e+04  -7.958564e+05  -8.474797e+10   8.592646e+10  -3.313553e+10   8.690821e+05   2.849691e-20   0.000000e+00   0.000000e+00
     5176000   5.175999e-05   1.517316e+01   6.578958e+00   4.265223e+01   3.405020e+05   4.254306e+04  -7.984687e+05  -8.608919e+10   8.578340e+10  -3.214179e+10   8.690821e+05   2.875106e-20   0.000000e+00   0.000000e+00
     5184000   5.183999e-05   1.520013e+01   6.582636e+00   4.258825e+01   3.335687e+05   4.939390e+04  -8.009968e+05  -8.727205e+10   8.555812e+10  -3.106795e+10   8.690821e+05   2.893043e-20   0.000000e+00   0.000000e+00
     5192000   5.191999e-05   1.522653e+01   6.586860e+00   4.252408e+01   3.265396e+05   5.622084e+04  -8.034394e+05  -8.845376e+10   8.511133e+10  -2.999453e+10   8.690821e+05   2.905024e-20   0.000000e+00   0.000000e+00
     5200000   5.199999e-05   1.525237e+01   6.591630e+00   4.245971e+01   3.194191e+05   6.300719e+04  -8.057948e+05  -8.959356e+10   8.459879e+10  -2.890031e+10   8.690821e+05   2.914395e-20   0.000000e+00   0.000000e+00
     5208000   5.207999e-05   1.527764e+01   6.596941e+00   4.239515e+01   3.122010e+05   6.976170e+04  -8.080641e+05  -9.096335e+10   8.450683e+10  -2.784886e+10   8.690821e+05   2.945707e-20   0.000000e+00   0.000000e+00
     5216000   5.215999e-05   1.530232e+01   6.602791e+00   4.233042e+01   3.048787e+05   7.649264e+04  -8.102479e+05  -9.212816e+10   8.379433e+10  -2.675530e+10   8.690821e+05   2.951827e-20   0.000000e+00   0.000000e+00
     5224000   5.223999e-05   1.532641e+01   6.609178e+00   4.226551e+01   2.974597e+05   8.317530e+04  -8.123444e+05  -9.336466e+10   8.328900e+10  -2.566005e+10   8.690822e+05   2.967750e-20   0.000000e+00   0.000000e+00
     5232000   5.231999e-05   1.534991e+01   6.616098e+00   4.220044e+01   2.899388e+05   8.981892e+04  -8.143537e+05  -9.465911e+10   8.279591e+10  -2.457025e+10   8.690822e+05   2.987171e-20   0.000000e+00   0.000000e+00
     5240000   5.239999e-05   1.537280e+01   6.623548e+00   4.213522e+01   2.823182e+05   9.641828e+04  -8.162743e+05  -9.585637e+10   8.216279e+10  -2.344820e+10   8.690822e+05   2.999867e-20   0.000000e+00   0.000000e+00
     5248000   5.247999e-05   1.539508e+01   6.631524e+00   4.206984e+01   2.746002e+05   1.029641e+05  -8.181057e+05  -9.710228e+10   8.150225e+10  -2.233534e+10   8.690822e+05   3.014667e-20   0.000000e+00   0.000000e+00
     5256000   5.255999e-05   1.541673e+01   6.640021e+00   4.200432e+01   2.667836e+05   1.094607e+05  -8.198467e+05  -9.832754e+10   8.090679e+10  -2.119449e+10   8.690822e+05   3.031602e-20   0.000000e+00   0.000000e+00
     5264000   5.263999e-05   1.543776e+01   6.649036e+00   4.193867e+01   2.588681e+05   1.159074e+05  -8.214966e+05  -9.953085e+10   8.022351e+10  -2.004516e+10   8.690822e+05   3.046264e-20   0.000000e+00   0.000000e+00
     5272000   5.271999e-05   1.545815e+01   6.658565e+00   4.187289e+01   2.508629e+05   1.222947e+05  -8.230527e+05  -1.005802e+11   7.945290e+10  -1.885095e+10   8.690822e+05   3.053629e-20   0.000000e+00   0.000000e+00
     5280000   5.279999e-05   1.547790e+01   6.668602e+00   4.180698e+01   2.427693e+05   1.286203e+05  -8.245143e+05  -1.017598e+11   7.868027e+10  -1.768854e+10   8.690822e+05   3.067100e-20   0.000000e+00   0.000000e+00
     5288000   5.287999e-05   1.549699e+01   6.679143e+00   4.174097e+01   2.345692e+05   1.348892e+05  -8.258851e+05  -1.030831e+11   7.794695e+10  -1.654719e+10   8.690822e+05   3.088408e-20   0.000000e+00   0.000000e+00
     5296000   5.295999e-05   1.551543e+01   6.690182e+00   4.167485e+01   2.262819e+05   1.410865e+05  -8.271608e+05  -1.042245e+11   7.707669e+10  -1.536558e+10   8.690822e+05   3.100054e-20   0.000000e+00   0.000000e+00
     5304000   5.303999e-05   1.553319e+01   6.701715e+00   4.160862e+01   2.178991e+05   1.472166e+05  -8.283424e+05  -1.053334e+11   7.616627e+10  -1.417201e+10   8.690822e+05   3.110533e-20   0.000000e+00   0.000000e+00
     5312000   5.311999e-05   1.555029e+01   6.713735e+00   4.154231e+01   2.094257e+05   1.532737e+05  -8.294287e+05  -1.064621e+11   7.520687e+10  -1.298343e+10   8.690822e+05   3.121731e-20   0.000000e+00   0.000000e+00
     5320000   5.319999e-05   1.556670e+01   6.726236e+00   4.147592e+01   2.008662e+05   1.592476e+05  -8.304197e+05  -1.075325e+11   7.414743e+10  -1.179164e+10   8.690822e+05   3.129244e-20   0.000000e+00   0.000000e+00
     5328000   5.327999e-05   1.558242e+01   6.739212e+00   4.140945e+01   1.922180e+05   1.651400e+05  -8.313152e+05  -1.086707e+11   7.315503e+10  -1.059504e+10   8.690823e+05   3.142547e-20   0.000000e+00   0.000000e+00
     5336000   5.335999e-05   1.559745e+01   6.752657e+00   4.134291e+01   1.834794e+05   1.709563e+05  -8.321137e+05  -1.097817e+11   7.218263e+10  -9.377064e+09   8.690823e+05   3.156564e-20   0.000000e+00   0.000000e+00
     5344000   5.343999e-05   1.561178e+01   6.766563e+00   4.127631e+01   1.746520e+05   1.766867e+05  -8.328160e+05  -1.108886e+11   7.109800e+10  -8.171109e+09   8.690823e+05   3.168881e-20   0.000000e+00   0.000000e+00
     5352000   5.351999e-05   1.562539e+01   6.780924e+00   4.120966e+01   1.657370e+05   1.823301e+05  -8.334213e+05  -1.119856e+11   6.998191e+10  -6.959892e+09   8.690823e+05   3.181380e-20   0.000000e+00   0.000000e+00
     5360000   5.359999e-05   1.563829e+01   6.795733e+00   4.114297e+01   1.567281e+05   1.878854e+05  -8.339301e+05  -1.131673e+11   6.886583e+10  -5.753236e+09   8.690823e+05   3.198803e-20   0.000000e+00   0.000000e+00
     5368000   5.367999e-05   1.565047e+01   6.810983e+00   4.107624e+01   1.476352e+05   1.933450e+05  -8.343414e+05  -1.141832e+11   6.763874e+10  -4.530541e+09   8.690823e+05   3.208058e-20   0.000000e+00   0.000000e+00
     5376000   5.375999e-05   1.566191e+01   6.826666e+00   4.100948e+01   1.384595e+05   1.987057e+05  -8.346550e+05  -1.152075e+11   6.637344e+10  -3.310318e+09   8.690823e+05   3.218220e-20   0.000000e+00   0.000000e+00
     5384000   5.383999e-05   1.567262e+01   6.842773e+00   4.094269e+01   1.292017e+05   2.039633e+05  -8.348712e+05  -1.162381e+11   6.507947e+10  -2.089569e+09   8.690823e+05   3.229469e-20   0.000000e+00   0.000000e+00
     5392000   5.391999e-05   1.568258e+01   6.859297e+00   4.087590e+01   1.198622e+05   2.091175e+05  -8.349892e+05  -1.172361e+11   6.376035e+10  -8.610273e+08   8.690823e+05   3.240279e-20   0.000000e+00   0.000000e+00
     5400000   5.399999e-05   1.569180e+01   6.876229e+00   4.080910e+01   1.104444e+05   2.141633e+05  -8.350091e+05  -1.182069e+11   6.237775e+10   3.635377e+08   8.690823e+05   3.250023e-20   0.000000e+00   0.000000e+00
     5408000   5.407999e-05   1.570025e+01   6.893560e+00   4.074230e+01   1.009593e+05   2.190934e+05  -8.349308e+05  -1.191763e+11   6.095329e+10   1.583768e+09   8.690823e+05   3.260360e-20   0.000000e+00   0.000000e+00
     5416000   5.415999e-05   1.570795e+01   6.911281e+00   4.067551e+01   9.138733e+04   2.239116e+05  -8.347551e+05  -1.201037e+11   5.948498e+10   2.807102e+09   8.690823e+05   3.269536e-20   0.000000e+00   0.000000e+00
     5424000   5.423999e-05   1.571487e+01   6.929383e+00   4.060874e+01   8.174484e+04   2.286087e+05  -8.344819e+05  -1.209552e+11   5.793695e+10   4.023156e+09   8.690824e+05   3.275321e-20   0.000000e+00   0.000000e+00
     5432000   5.431999e-05   1.572102e+01   6.947855e+00   4.054200e+01   7.203603e+04   2.331800e+05  -8.341115e+05  -1.217768e+11   5.635838e+10   5.238086e+09   8.690824e+05   3.280828e-20   0.000000e+00   0.000000e+00
     5440000   5.439999e-05   1.572640e+01   6.966688e+00   4.047529e+01   6.226003e+04   2.376252e+05  -8.336439e+05  -1.226346e+11   5.476619e+10   6.451692e+09   8.690824e+05   3.289363e-20   0.000000e+00   0.000000e+00
     5448000   5.447999e-05   1.573098e+01   6.985872e+00   4.040862e+01   5.241554e+04   2.419415e+05  -8.330793e+05  -1.234735e+11   5.313295e+10   7.661876e+09   8.690824e+05   3.297972e-20   0.000000e+00   0.000000e+00
     5456000   5.455999e-05   1.573478e+01   7.005395e+00   4.034200e+01   4.251195e+04   2.461213e+05  -8.324189e+05  -1.242220e+11   5.142846e+10   8.861575e+09   8.690824e+05   3.302881e-20   0.000000e+00   0.000000e+00
     5464000   5.463999e-05   1.573778e+01   7.025248e+00   4.027543e+01   3.254534e+04   2.501663e+05  -8.316621e+05  -1.249386e+11   4.969391e+10   1.005864e+10   8.690824e+05   3.307578e-20   0.000000e+00   0.000000e+00
     5472000   5.471999e-05   1.573999e+01   7.045418e+00   4.020893e+01   2.252320e+04   2.540723e+05  -8.308094e+05  -1.256103e+11   4.794948e+10   1.125806e+10   8.690824e+05   3.311859e-20   0.000000e+00   0.000000e+00
     5480000   5.479999e-05   1.574139e+01   7.065896e+00   4.014251e+01   1.244864e+04   2.578361e+05  -8.298613e+05  -1.262401e+11   4.614182e+10   1.244223e+10   8.690824e+05   3.314876e-20   0.000000e+00   0.000000e+00
     5488000   5.487999e-05   1.574198e+01   7.086668e+00   4.007616e+01   2.324611e+03   2.614537e+05  -8.288189e+05  -1.268676e+11   4.428358e+10   1.361336e+10   8.690824e+05   3.318755e-20   0.000000e+00   0.000000e+00
     5496000   5.495999e-05   1.574176e+01   7.107724e+00   4.000990e+01  -7.842639e+03   2.649204e+05  -8.276835e+05  -1.272564e+11   4.237545e+10   1.476889e+10   8.690824e+05   3.312611e-20   0.000000e+00   0.000000e+00
     5504000   5.503999e-05   1.574072e+01   7.129051e+00   3.994373e+01  -1.804823e+04   2.682320e+05  -8.264564e+05  -1.277893e+11   4.042393e+10   1.591032e+10   8.690824e+05   3.314313e-20   0.000000e+00   0.000000e+00
     5512000   5.511999e-05   1.573887e+01   7.150637e+00   3.987767e+01  -2.828294e+04   2.713870e+05  -8.251385e+05  -1.280368e+11   3.843363e+10   1.702922e+10   8.690824e+05   3.303984e-20   0.000000e+00   0.000000e+00
     5520000   5.519999e-05   1.573620e+01   7.172469e+00   3.981171e+01  -3.854204e+04   2.743813e+05  -8.237316e+05  -1.284355e+11   3.641969e+10   1.814046e+10   8.690825e+05   3.302271e-20   0.000000e+00   0.000000e+00
     5528000   5.527999e-05   1.573270e+01   7.194534e+00   3.974587e+01  -4.884207e+04   2.772129e+05  -8.222358e+05  -1.289101e+11   3.434904e+10   1.923786e+10   8.690825e+05   3.305297e-20   0.000000e+00   0.000000e+00
     5536000   5.535999e-05   1.572838e+01   7.216818e+00   3.968016e+01  -5.916221e+04   2.798771e+05  -8.206540e+05  -1.291046e+11   3.225448e+10   2.030724e+10   8.690825e+05   3.296737e-20   0.000000e+00   0.000000e+00
     5544000   5.543999e-05   1.572323e+01   7.239310e+00   3.961457e+01  -6.950107e+04   2.823739e+05  -8.189865e+05  -1.293610e+11   3.016134e+10   2.137681e+10   8.690825e+05   3.293139e-20   0.000000e+00   0.000000e+00
     5552000   5.551999e-05   1.571726e+01   7.261994e+00   3.954912e+01  -7.985892e+04   2.847011e+05  -8.172345e+05  -1.295513e+11   2.802886e+10   2.242378e+10   8.690825e+05   3.287867e-20   0.000000e+00   0.000000e+00
     5560000   5.559999e-05   1.571046e+01   7.284857e+00   3.948381e+01  -9.022611e+04   2.868582e+05  -8.153993e+05  -1.295904e+11   2.588480e+10   2.344560e+10   8.690825e+05   3.277209e-20   0.000000e+00   0.000000e+00
     5568000   5.567999e-05   1.570282e+01   7.307886e+00   3.941866e+01  -1.005997e+05   2.888404e+05  -8.134835e+05  -1.297520e+11   2.366402e+10   2.444789e+10   8.690825e+05   3.273547e-20   0.000000e+00   0.000000e+00
     5576000   5.575999e-05   1.569436e+01   7.331067e+00   3.935366e+01  -1.109878e+05   2.906393e+05  -8.114893e+05  -1.298829e+11   2.134601e+10   2.540912e+10   8.690825e+05   3.269471e-20   0.000000e+00   0.000000e+00
     5584000   5.583999e-05   1.568507e+01   7.354384e+00   3.928882e+01  -1.213738e+05   2.922591e+05  -8.094180e+05  -1.296709e+11   1.918301e+10   2.637064e+10   8.690825e+05   3.252565e-20   0.000000e+00   0.000000e+00
     5592000   5.591999e-05   1.567494e+01   7.377824e+00   3.922415e+01  -1.317490e+05   2.937004e+05  -8.072712e+05  -1.297020e+11   1.684373e+10   2.729558e+10   8.690825e+05   3.247731e-20   0.000000e+00   0.000000e+00
     5600000   5.599999e-05   1.566399e+01   7.401371e+00   3.915966e+01  -1.421241e+05   2.949462e+05  -8.050540e+05  -1.296703e+11   1.445879e+10   2.818899e+10   8.690825e+05   3.241674e-20   0.000000e+00   0.000000e+00
     5608000   5.607999e-05   1.565220e+01   7.425010e+00   3.909535e+01  -1.524862e+05   2.960085e+05  -8.027648e+05  -1.293282e+11   1.207175e+10   2.901712e+10   8.690825e+05   3.222650e-20   0.000000e+00   0.000000e+00
     5616000   5.615999e-05   1.563959e+01   7.448727e+00   3.903122e+01  -1.628228e+05   2.968787e+05  -8.004101e+05  -1.290797e+11   9.680072e+09   2.984813e+10   8.690826e+05   3.210402e-20   0.000000e+00   0.000000e+00
     5624000   5.623999e-05   1.562615e+01   7.472506e+00   3.896728e+01  -1.731406e+05   2.975561e+05  -7.979895e+05  -1.288318e+11   7.258293e+09   3.065905e+10   8.690826e+05   3.200238e-20   0.000000e+00   0.000000e+00
     5632000   5.631999e-05   1.561189e+01   7.496331e+00   3.890354e+01  -1.834301e+05   2.980410e+05  -7.955058e+05  -1.283964e+11   4.864677e+09   3.142838e+10   8.690826e+05   3.183270e-20   0.000000e+00   0.000000e+00
     5640000   5.639999e-05   1.559680e+01   7.520187e+00   3.884000e+01  -1.936780e+05   2.983332e+05  -7.929632e+05  -1.277843e+11   2.438186e+09   3.212787e+10   8.690826e+05   3.159606e-20   0.000000e+00   0.000000e+00
     5648000   5.647999e-05   1.558090e+01   7.544059e+00   3.877667e+01  -2.038827e+05   2.984277e+05  -7.903653e+05  -1.273337e+11  -9.520536e+07   3.281086e+10   8.690826e+05   3.145683e-20   0.000000e+00   0.000000e+00
     5656000   5.655999e-05   1.556418e+01   7.567930e+00   3.871355e+01  -2.140455e+05   2.983217e+05  -7.877139e+05  -1.267267e+11  -2.554445e+09   3.346780e+10   8.690826e+05   3.126732e-20   0.000000e+00   0.000000e+00
     5664000   5.663999e-05   1.554665e+01   7.591785e+00   3.865064e+01  -2.241566e+05   2.980232e+05  -7.850099e+05  -1.260617e+11  -4.939293e+09   3.412105e+10   8.690826e+05   3.107431e-20   0.000000e+00   0.000000e+00
     5672000   5.671999e-05   1.552832e+01   7.615609e+00   3.858795e+01  -2.342158e+05   2.975286e+05  -7.822559e+05  -1.253939e+11  -7.434588e+09   3.471635e+10   8.690826e+05   3.089958e-20   0.000000e+00   0.000000e+00
     5680000   5.679999e-05   1.550918e+01   7.639384e+00   3.852548e+01  -2.442203e+05   2.968323e+05  -7.794560e+05  -1.247105e+11  -9.972565e+09   3.527650e+10   8.690826e+05   3.074029e-20   0.000000e+00   0.000000e+00
     5688000   5.687999e-05   1.548925e+01   7.663097e+00   3.846324e+01  -2.541588e+05   2.959393e+05  -7.766131e+05  -1.237615e+11  -1.237941e+10   3.578532e+10   8.690826e+05   3.047496e-20   0.000000e+00   0.000000e+00
     5696000   5.695999e-05   1.546852e+01   7.686729e+00   3.840122e+01  -2.640307e+05   2.948436e+05  -7.737310e+05  -1.230287e+11  -1.501496e+10   3.626082e+10   8.690826e+05   3.033963e-20   0.000000e+00   0.000000e+00
     5704000   5.703999e-05   1.544700e+01   7.710265e+00   3.833944e+01  -2.738443e+05   2.935283e+05  -7.708146e+05  -1.221555e+11  -1.763574e+10   3.668175e+10   8.690826e+05   3.016165e-20   0.000000e+00   0.000000e+00
     5712000   5.711999e-05   1.542470e+01   7.733689e+00   3.827789e+01  -2.835743e+05   2.920161e+05  -7.678652e+05  -1.210765e+11  -2.017857e+10   3.703978e+10   8.690826e+05   2.990715e-20   0.000000e+00   0.000000e+00
     5720000   5.719999e-05   1.540163e+01   7.756982e+00   3.821658e+01  -2.932184e+05   2.902972e+05  -7.648890e+05  -1.200193e+11  -2.279081e+10   3.735915e+10   8.690827e+05   2.969087e-20   0.000000e+00   0.000000e+00
     5728000   5.727999e-05   1.537779e+01   7.780131e+00   3.815551e+01  -3.027737e+05   2.883764e+05  -7.618870e+05  -1.188565e+11  -2.524348e+10   3.767863e+10   8.690827e+05   2.944351e-20   0.000000e+00   0.000000e+00
     5736000   5.735999e-05   1.535319e+01   7.803117e+00   3.809468e+01  -3.122326e+05   2.862557e+05  -7.588631e+05  -1.176115e+11  -2.781947e+10   3.789684e+10   8.690827e+05   2.918657e-20   0.000000e+00   0.000000e+00
     5744000   5.743999e-05   1.532784e+01   7.825926e+00   3.803409e+01  -3.215922e+05   2.839299e+05  -7.558221e+05  -1.163712e+11  -3.032334e+10   3.812301e+10   8.690827e+05   2.895472e-20   0.000000e+00   0.000000e+00
     5752000   5.751999e-05   1.530174e+01   7.848541e+00   3.797375e+01  -3.308506e+05   2.814040e+05  -7.527645e+05  -1.150564e+11  -3.280735e+10   3.830439e+10   8.690827e+05   2.871164e-20   0.000000e+00   0.000000e+00
     5760000   5.759999e-05   1.527490e+01   7.870946e+00   3.791365e+01  -3.399904e+05   2.786842e+05  -7.496975e+05  -1.135615e+11  -3.521555e+10   3.840970e+10   8.690827e+05   2.840261e-20   0.000000e+00   0.000000e+00
     5768000   5.767999e-05   1.524734e+01   7.893125e+00   3.785380e+01  -3.490319e+05   2.757639e+05  -7.466162e+05  -1.123228e+11  -3.772104e+10   3.857669e+10   8.690827e+05   2.824942e-20   0.000000e+00   0.000000e+00
     5776000   5.775999e-05   1.521906e+01   7.915063e+00   3.779419e+01  -3.579520e+05   2.726532e+05  -7.435290e+05  -1.107545e+11  -4.006333e+10   3.862829e+10   8.690827e+05   2.795165e-20   0.000000e+00   0.000000e+00
     5784000   5.783999e-05   1.519007e+01   7.936744e+00   3.773483e+01  -3.667461e+05   2.693568e+05  -7.404384e+05  -1.090773e+11  -4.233792e+10   3.862511e+10   8.690827e+05   2.762139e-20   0.000000e+00   0.000000e+00
     5792000   5.791999e-05   1.516039e+01   7.958155e+00   3.767572e+01  -3.754207e+05   2.658632e+05  -7.373472e+05  -1.077658e+11  -4.501937e+10   3.863630e+10   8.690827e+05   2.753174e-20   0.000000e+00   0.000000e+00
     5800000   5.799999e-05   1.513001e+01   7.979277e+00   3.761686e+01  -3.839745e+05   2.621726e+05  -7.342574e+05  -1.060734e+11  -4.723849e+10   3.860321e+10   8.690827e+05   2.724115e-20   0.000000e+00   0.000000e+00
     5808000   5.807999e-05   1.509895e+01   8.000098e+00   3.755824e+01  -3.923794e+05   2.583175e+05  -7.311739e+05  -1.042499e+11  -4.937550e+10   3.850082e+10   8.690827e+05   2.690465e-20   0.000000e+00   0.000000e+00
     5816000   5.815999e-05   1.506723e+01   8.020603e+00   3.749987e+01  -4.006490e+05   2.542760e+05  -7.280995e+05  -1.024455e+11  -5.165605e+10   3.833218e+10   8.690827e+05   2.662173e-20   0.000000e+00   0.000000e+00
     5824000   5.823999e-05   1.503485e+01   8.040777e+00   3.744174e+01  -4.087722e+05   2.500518e+05  -7.250408e+05  -1.006290e+11  -5.394446e+10   3.812928e+10   8.690827e+05   2.636204e-20   0.000000e+00   0.000000e+00
     5832000   5.831999e-05   1.500183e+01   8.060606e+00   3.738386e+01  -4.167495e+05   2.456444e+05  -7.219997e+05  -9.881133e+10  -5.626473e+10   3.789242e+10   8.690828e+05   2.613498e-20   0.000000e+00   0.000000e+00
     5840000   5.839999e-05   1.496818e+01   8.080075e+00   3.732622e+01  -4.245736e+05   2.410431e+05  -7.189856e+05  -9.678876e+10  -5.848199e+10   3.754891e+10   8.690828e+05   2.583097e-20   0.000000e+00   0.000000e+00
     5848000   5.847999e-05   1.493391e+01   8.099169e+00   3.726882e+01  -4.322339e+05   2.362936e+05  -7.159916e+05  -9.474688e+10  -6.032433e+10   3.728874e+10   8.690828e+05   2.548223e-20   0.000000e+00   0.000000e+00
     5856000   5.855999e-05   1.489903e+01   8.117878e+00   3.721166e+01  -4.397335e+05   2.313870e+05  -7.130213e+05  -9.278620e+10  -6.239682e+10   3.697399e+10   8.690828e+05   2.523348e-20   0.000000e+00   0.000000e+00
     5864000   5.863999e-05   1.486355e+01   8.136187e+00   3.715474e+01  -4.470750e+05   2.263218e+05  -7.100755e+05  -9.073354e+10  -6.427145e+10   3.664192e+10   8.690828e+05   2.493567e-20   0.000000e+00   0.000000e+00
     5872000   5.871999e-05   1.482750e+01   8.154085e+00   3.709805e+01  -4.542493e+05   2.211036e+05  -7.071603e+05  -8.848325e+10  -6.619855e+10   3.613972e+10   8.690828e+05   2.459289e-20   0.000000e+00   0.000000e+00
     5880000   5.879999e-05   1.479088e+01   8.171560e+00   3.704159e+01  -4.612466e+05   2.157351e+05  -7.042832e+05  -8.650924e+10  -6.805110e+10   3.581080e+10   8.690828e+05   2.437384e-20   0.000000e+00   0.000000e+00
     5888000   5.887999e-05   1.475370e+01   8.188599e+00   3.698537e+01  -4.680793e+05   2.102181e+05  -7.014379e+05  -8.423737e+10  -6.984179e+10   3.528128e+10   8.690828e+05   2.404884e-20   0.000000e+00   0.000000e+00
     5896000   5.895999e-05   1.471599e+01   8.205191e+00   3.692936e+01  -4.747371e+05   2.045563e+05  -6.986318e+05  -8.221361e+10  -7.170245e+10   3.487177e+10   8.690828e+05   2.386288e-20   0.000000e+00   0.000000e+00
     5904000   5.903999e-05   1.467775e+01   8.221324e+00   3.687358e+01  -4.812247e+05   1.987536e+05  -6.958626e+05  -7.999477e+10  -7.336908e+10   3.436449e+10   8.690828e+05   2.358405e-20   0.000000e+00   0.000000e+00
     5912000   5.911999e-05   1.463900e+01   8.236988e+00   3.681802e+01  -4.875392e+05   1.928153e+05  -6.931326e+05  -7.786342e+10  -7.508095e+10   3.388181e+10   8.690828e+05   2.337435e-20   0.000000e+00   0.000000e+00
     5920000   5.919999e-05   1.459975e+01   8.252171e+00   3.676268e+01  -4.936843e+05   1.867341e+05  -6.904427e+05  -7.547914e+10  -7.651007e+10   3.327677e+10   8.690828e+05   2.302940e-20   0.000000e+00   0.000000e+00
     5928000   5.927999e-05   1.456001e+01   8.266863e+00   3.670755e+01  -4.996352e+05   1.805502e+05  -6.878017e+05  -7.329282e+10  -7.807921e+10   3.274539e+10   8.690828e+05   2.281513e-20   0.000000e+00   0.000000e+00
     5936000   5.935999e-05   1.451981e+01   8.281054e+00   3.665263e+01  -5.054149e+05   1.742204e+05  -6.852065e+05  -7.106758e+10  -7.978620e+10   3.213354e+10   8.690828e+05   2.264876e-20   0.000000e+00   0.000000e+00
     5944000   5.943999e-05   1.447915e+01   8.294736e+00   3.659792e+01  -5.110035e+05   1.677948e+05  -6.826605e+05  -6.862542e+10  -8.090718e+10   3.148256e+10   8.690828e+05   2.228046e-20   0.000000e+00   0.000000e+00
     5952000   5.951999e-05   1.443806e+01   8.307899e+00   3.654340e+01  -5.164002e+05   1.612705e+05  -6.801674e+05  -6.629996e+10  -8.219725e+10   3.084711e+10   8.690828e+05   2.202038e-20   0.000000e+00   0.000000e+00
     5960000   5.959999e-05   1.439653e+01   8.320536e+00   3.648909e+01  -5.216119e+05   1.546441e+05  -6.777250e+05  -6.400084e+10  -8.368812e+10   3.016209e+10   8.690829e+05   2.184926e-20   0.000000e+00   0.000000e+00
     5968000   5.967999e-05   1.435460e+01   8.332639e+00   3.643497e+01  -5.266394e+05   1.479070e+05  -6.753366e+05  -6.168591e+10  -8.472853e+10   2.954699e+10   8.690829e+05   2.157189e-20   0.000000e+00   0.000000e+00
     5976000   5.975999e-05   1.431228e+01   8.344199e+00   3.638103e+01  -5.314793e+05   1.410920e+05  -6.729991e+05  -5.930774e+10  -8.566599e+10   2.887660e+10   8.690829e+05   2.126773e-20   0.000000e+00   0.000000e+00
     5984000   5.983999e-05   1.426957e+01   8.355211e+00   3.632729e+01  -5.361398e+05   1.341755e+05  -6.707131e+05  -5.713470e+10  -8.703423e+10   2.825978e+10   8.690829e+05   2.117318e-20   0.000000e+00   0.000000e+00
     5992000   5.991999e-05   1.422650e+01   8.365665e+00   3.627372e+01  -5.406136e+05   1.271748e+05  -6.684823e+05  -5.472239e+10  -8.798718e+10   2.751576e+10   8.690829e+05   2.091020e-20   0.000000e+00   0.000000e+00
     6000000   5.999999e-05   1.418308e+01   8.375557e+00   3.622033e+01  -5.449007e+05   1.201140e+05  -6.663039e+05  -5.245534e+10  -8.844677e+10   2.695338e+10   8.690829e+05   2.055993e-20   0.000000e+00   0.000000e+00
     6008000   6.007999e-05   1.413932e+01   8.384881e+00   3.616711e+01  -5.490072e+05   1.129709e+05  -6.641790e+05  -5.018729e+10  -8.986749e+10   2.619875e+10   8.690829e+05   2.052434e-20   0.000000e+00   0.000000e+00
     6016000   6.015999e-05   1.409524e+01   8.393631e+00   3.611406e+01  -5.529297e+05   1.057639e+05  -6.621086e+05  -4.784954e+10  -9.001195e+10   2.558086e+10   8.690829e+05   2.009643e-20   0.000000e+00   0.000000e+00
     6024000   6.023999e-05   1.405086e+01   8.401803e+00   3.606117e+01  -5.566660e+05   9.852881e+04  -6.600910e+05  -4.555936e+10  -9.078194e+10   2.487021e+10   8.690829e+05   1.989529e-20   0.000000e+00   0.000000e+00
     6032000   6.031999e-05   1.400618e+01   8.409394e+00   3.600844e+01  -5.602223e+05   9.125133e+04  -6.581255e+05  -4.335199e+10  -9.114521e+10   2.426517e+10   8.690829e+05   1.960437e-20   0.000000e+00   0.000000e+00
     6040000   6.039999e-05   1.396123e+01   8.416401e+00   3.595587e+01  -5.635995e+05   8.391970e+04  -6.562151e+05  -4.112601e+10  -9.196238e+10   2.356093e+10   8.690829e+05   1.947320e-20   0.000000e+00   0.000000e+00
     6048000   6.047999e-05   1.391601e+01   8.422820e+00   3.590345e+01  -5.668037e+05   7.654237e+04  -6.543546e+05  -3.898124e+10  -9.246225e+10   2.294983e+10   8.690829e+05   1.927663e-20   0.000000e+00   0.000000e+00
     6056000   6.055999e-05   1.387054e+01   8.428647e+00   3.585117e+01  -5.698332e+05   6.912124e+04  -6.525469e+05  -3.677582e+10  -9.300692e+10   2.226235e+10   8.690829e+05   1.909990e-20   0.000000e+00   0.000000e+00
     6064000   6.063999e-05   1.382484e+01   8.433879e+00   3.579904e+01  -5.726896e+05   6.166195e+04  -6.507915e+05  -3.460352e+10  -9.350939e+10   2.159064e+10   8.690829e+05   1.893472e-20   0.000000e+00   0.000000e+00
     6072000   6.071999e-05   1.377892e+01   8.438512e+00   3.574704e+01  -5.753716e+05   5.418041e+04  -6.490894e+05  -3.245090e+10  -9.350293e+10   2.096044e+10   8.690829e+05   1.862113e-20   0.000000e+00   0.000000e+00
     6080000   6.079999e-05   1.373278e+01   8.442547e+00   3.569518e+01  -5.778832e+05   4.669174e+04  -6.474380e+05  -3.032129e+10  -9.386507e+10   2.029436e+10   8.690829e+05   1.845138e-20   0.000000e+00   0.000000e+00
     6088000   6.087999e-05   1.368646e+01   8.445982e+00   3.564345e+01  -5.802275e+05   3.918641e+04  -6.458371e+05  -2.828937e+10  -9.373756e+10   1.972779e+10   8.690829e+05   1.814994e-20   0.000000e+00   0.000000e+00
     6096000   6.095999e-05   1.363995e+01   8.448817e+00   3.559185e+01  -5.824110e+05   3.168954e+04  -6.442813e+05  -2.629265e+10  -9.373450e+10   1.915720e+10   8.690829e+05   1.791025e-20   0.000000e+00   0.000000e+00
     6104000   6.103999e-05   1.359328e+01   8.451053e+00   3.554036e+01  -5.844360e+05   2.418671e+04  -6.427711e+05  -2.433472e+10  -9.410387e+10   1.858503e+10   8.690829e+05   1.781685e-20   0.000000e+00   0.000000e+00
     6112000   6.111999e-05   1.354645e+01   8.452687e+00   3.548900e+01  -5.863054e+05   1.667764e+04  -6.413057e+05  -2.238879e+10  -9.334897e+10   1.804090e+10   8.690829e+05   1.735772e-20   0.000000e+00   0.000000e+00
     6120000   6.119999e-05   1.349947e+01   8.453722e+00   3.543775e+01  -5.880213e+05   9.207029e+03  -6.398839e+05  -2.049130e+10  -9.324156e+10   1.748872e+10   8.690830e+05   1.713754e-20   0.000000e+00   0.000000e+00
     6128000   6.127999e-05   1.345237e+01   8.454160e+00   3.538662e+01  -5.895856e+05   1.751121e+03  -6.385068e+05  -1.858533e+10  -9.318485e+10   1.690565e+10   8.690830e+05   1.694632e-20   0.000000e+00   0.000000e+00
     6136000   6.135999e-05   1.340514e+01   8.454002e+00   3.533559e+01  -5.910007e+05  -5.701307e+03  -6.371741e+05  -1.679539e+10  -9.311964e+10   1.641137e+10   8.690830e+05   1.677904e-20   0.000000e+00   0.000000e+00
     6144000   6.143999e-05   1.335781e+01   8.453248e+00   3.528467e+01  -5.922737e+05  -1.314708e+04  -6.358807e+05  -1.500596e+10  -9.286469e+10   1.589676e+10   8.690830e+05   1.655900e-20   0.000000e+00   0.000000e+00
     6152000   6.151999e-05   1.331038e+01   8.451900e+00   3.523385e+01  -5.934044e+05  -2.056452e+04  -6.346286e+05  -1.326820e+10  -9.256480e+10   1.540566e+10   8.690830e+05   1.634047e-20   0.000000e+00   0.000000e+00
     6160000   6.159999e-05   1.326287e+01   8.449959e+00   3.518313e+01  -5.943972e+05  -2.795404e+04  -6.334160e+05  -1.159019e+10  -9.206522e+10   1.493912e+10   8.690830e+05   1.607102e-20   0.000000e+00   0.000000e+00
     6168000   6.167999e-05   1.321528e+01   8.447428e+00   3.513250e+01  -5.952601e+05  -3.530095e+04  -6.322377e+05  -9.988177e+09  -9.160152e+10   1.451843e+10   8.690830e+05   1.583064e-20   0.000000e+00   0.000000e+00
     6176000   6.175999e-05   1.316763e+01   8.444312e+00   3.508197e+01  -5.959942e+05  -4.260757e+04  -6.310949e+05  -8.367273e+09  -9.117357e+10   1.405723e+10   8.690830e+05   1.561024e-20   0.000000e+00   0.000000e+00
     6184000   6.183999e-05   1.311993e+01   8.440612e+00   3.503153e+01  -5.966051e+05  -4.986803e+04  -6.299848e+05  -6.913336e+09  -9.033307e+10   1.369744e+10   8.690830e+05   1.527410e-20   0.000000e+00   0.000000e+00
     6192000   6.191999e-05   1.307218e+01   8.436334e+00   3.498117e+01  -5.970988e+05  -5.706958e+04  -6.289049e+05  -5.399835e+09  -8.982885e+10   1.327807e+10   8.690830e+05   1.505433e-20   0.000000e+00   0.000000e+00
     6200000   6.199999e-05   1.302439e+01   8.431482e+00   3.493090e+01  -5.974734e+05  -6.423858e+04  -6.278568e+05  -3.971178e+09  -8.939184e+10   1.292492e+10   8.690830e+05   1.487064e-20   0.000000e+00   0.000000e+00
     6208000   6.207999e-05   1.297658e+01   8.426057e+00   3.488071e+01  -5.977354e+05  -7.135556e+04  -6.268381e+05  -2.597429e+09  -8.834097e+10   1.253292e+10   8.690830e+05   1.449627e-20   0.000000e+00   0.000000e+00
     6216000   6.215999e-05   1.292876e+01   8.420067e+00   3.483061e+01  -5.978901e+05  -7.839977e+04  -6.258483e+05  -1.276174e+09  -8.776002e+10   1.221270e+10   8.690830e+05   1.428642e-20   0.000000e+00   0.000000e+00
     6224000   6.223999e-05   1.288093e+01   8.413515e+00   3.478058e+01  -5.979399e+05  -8.539832e+04  -6.248842e+05   8.426479e+06  -8.710803e+10   1.189622e+10   8.690830e+05   1.406217e-20   0.000000e+00   0.000000e+00
     6232000   6.231999e-05   1.283309e+01   8.406405e+00   3.473062e+01  -5.978937e+05  -9.232015e+04  -6.239434e+05   1.136444e+09  -8.593407e+10   1.162589e+10   8.690830e+05   1.368337e-20   0.000000e+00   0.000000e+00
     6240000   6.239999e-05   1.278526e+01   8.398746e+00   3.468074e+01  -5.977559e+05  -9.916571e+04  -6.230243e+05   2.391193e+09  -8.566214e+10   1.134036e+10   8.690830e+05   1.359459e-20   0.000000e+00   0.000000e+00
     6248000   6.247999e-05   1.273745e+01   8.390540e+00   3.463094e+01  -5.975238e+05  -1.059713e+05  -6.221259e+05   3.403854e+09  -8.447527e+10   1.111993e+10   8.690830e+05   1.322889e-20   0.000000e+00   0.000000e+00
     6256000   6.255999e-05   1.268966e+01   8.381793e+00   3.458120e+01  -5.972121e+05  -1.126787e+05  -6.212460e+05   4.355695e+09  -8.310230e+10   1.088540e+10   8.690830e+05   1.281433e-20   0.000000e+00   0.000000e+00
     6264000   6.263999e-05   1.264190e+01   8.372514e+00   3.453154e+01  -5.968229e+05  -1.192925e+05  -6.203846e+05   5.368144e+09  -8.223994e+10   1.064937e+10   8.690830e+05   1.256359e-20   0.000000e+00   0.000000e+00
     6272000   6.271999e-05   1.259417e+01   8.362708e+00   3.448194e+01  -5.963537e+05  -1.258334e+05  -6.195430e+05   6.253550e+09  -8.098592e+10   1.042921e+10   8.690830e+05   1.220147e-20   0.000000e+00   0.000000e+00
     6280000   6.279999e-05   1.254649e+01   8.352383e+00   3.443241e+01  -5.958168e+05  -1.322799e+05  -6.187161e+05   7.163953e+09  -8.017235e+10   1.024172e+10   8.690830e+05   1.197811e-20   0.000000e+00   0.000000e+00
     6288000   6.287999e-05   1.249884e+01   8.341545e+00   3.438295e+01  -5.952077e+05  -1.386591e+05  -6.179052e+05   7.995227e+09  -7.913569e+10   1.005656e+10   8.690830e+05   1.169374e-20   0.000000e+00   0.000000e+00
     6296000   6.295999e-05   1.245125e+01   8.330200e+00   3.433355e+01  -5.945366e+05  -1.449550e+05  -6.171058e+05   8.775997e+09  -7.825831e+10   9.927335e+09   8.690830e+05   1.146162e-20   0.000000e+00   0.000000e+00
     6304000   6.303999e-05   1.240372e+01   8.318354e+00   3.428421e+01  -5.938036e+05  -1.511816e+05  -6.163171e+05   9.542237e+09  -7.739620e+10   9.791395e+09   8.690830e+05   1.123815e-20   0.000000e+00   0.000000e+00
     6312000   6.311999e-05   1.235625e+01   8.306014e+00   3.423494e+01  -5.930197e+05  -1.573092e+05  -6.155378e+05   1.012800e+10  -7.611828e+10   9.695490e+09   8.690830e+05   1.089880e-20   0.000000e+00   0.000000e+00
     6320000   6.319999e-05   1.230884e+01   8.293187e+00   3.418572e+01  -5.921848e+05  -1.633551e+05  -6.147663e+05   1.070411e+10  -7.485005e+10   9.578065e+09   8.690830e+05   1.056819e-20   0.000000e+00   0.000000e+00
     6328000   6.327999e-05   1.226150e+01   8.279880e+00   3.413657e+01  -5.913015e+05  -1.693071e+05  -6.140056e+05   1.131766e+10  -7.386384e+10   9.468104e+09   8.690830e+05   1.032213e-20   0.000000e+00   0.000000e+00
     6336000   6.335999e-05   1.221423e+01   8.266100e+00   3.408748e+01  -5.903756e+05  -1.751728e+05  -6.132507e+05   1.183171e+10  -7.278773e+10   9.401085e+09   8.690830e+05   1.005438e-20   0.000000e+00   0.000000e+00
     6344000   6.343999e-05   1.216704e+01   8.251855e+00   3.403845e+01  -5.894153e+05  -1.809295e+05  -6.125026e+05   1.221186e+10  -7.132818e+10   9.318262e+09   8.690830e+05   9.685490e-21   0.000000e+00   0.000000e+00
     6352000   6.351999e-05   1.211993e+01   8.237153e+00   3.398948e+01  -5.884189e+05  -1.865979e+05  -6.117595e+05   1.273723e+10  -7.046776e+10   9.242608e+09   8.690830e+05   9.484829e-21   0.000000e+00   0.000000e+00
     6360000   6.359999e-05   1.207289e+01   8.222001e+00   3.394057e+01  -5.873878e+05  -1.921831e+05  -6.110209e+05   1.303957e+10  -6.914454e+10   9.212586e+09   8.690831e+05   9.161902e-21   0.000000e+00   0.000000e+00
     6368000   6.367999e-05   1.202594e+01   8.206407e+00   3.389172e+01  -5.863339e+05  -1.976579e+05  -6.102862e+05   1.330147e+10  -6.772843e+10   9.156201e+09   8.690831e+05   8.819921e-21   0.000000e+00   0.000000e+00
     6376000   6.375999e-05   1.197908e+01   8.190379e+00   3.384293e+01  -5.852569e+05  -2.030345e+05  -6.095545e+05   1.354926e+10  -6.650299e+10   9.142023e+09   8.690831e+05   8.532298e-21   0.000000e+00   0.000000e+00
     6384000   6.383999e-05   1.193230e+01   8.173924e+00   3.379419e+01  -5.841634e+05  -2.083067e+05  -6.088241e+05   1.390515e+10  -6.553428e+10   9.080297e+09   8.690831e+05   8.315337e-21   0.000000e+00   0.000000e+00
     6392000   6.391999e-05   1.188562e+01   8.157052e+00   3.374551e+01  -5.830518e+05  -2.134875e+05  -6.080946e+05   1.388101e+10  -6.403683e+10   9.172379e+09   8.690831e+05   7.964174e-21   0.000000e+00   0.000000e+00
     6400000   6.399999e-05   1.183902e+01   8.139769e+00   3.369689e+01  -5.819387e+05  -2.185509e+05  -6.073617e+05   1.396285e+10  -6.247734e+10   9.103165e+09   8.690831e+05   7.607059e-21   0.000000e+00   0.000000e+00
     6408000   6.407999e-05   1.179251e+01   8.122087e+00   3.364834e+01  -5.808190e+05  -2.235044e+05  -6.066304e+05   1.403045e+10  -6.143867e+10   9.202676e+09   8.690831e+05   7.379660e-21   0.000000e+00   0.000000e+00
     6416000   6.415999e-05   1.174608e+01   8.104011e+00   3.359983e+01  -5.796947e+05  -2.283667e+05  -6.058944e+05   1.405220e+10  -6.001215e+10   9.174463e+09   8.690831e+05   7.064624e-21   0.000000e+00   0.000000e+00
     6424000   6.423999e-05   1.169975e+01   8.085551e+00   3.355139e+01  -5.785713e+05  -2.331185e+05  -6.051581e+05   1.415896e+10  -5.905257e+10   9.211211e+09   8.690831e+05   6.863474e-21   0.000000e+00   0.000000e+00
     6432000   6.431999e-05   1.165351e+01   8.066714e+00   3.350301e+01  -5.774419e+05  -2.377904e+05  -6.044187e+05   1.407107e+10  -5.774655e+10   9.275546e+09   8.690831e+05   6.583600e-21   0.000000e+00   0.000000e+00
     6440000   6.439999e-05   1.160736e+01   8.047508e+00   3.345469e+01  -5.763239e+05  -2.423467e+05  -6.036756e+05   1.393127e+10  -5.632737e+10   9.312611e+09   8.690831e+05   6.283195e-21   0.000000e+00   0.000000e+00
     6448000   6.447999e-05   1.156130e+01   8.027941e+00   3.340642e+01  -5.752089e+05  -2.468135e+05  -6.029289e+05   1.386045e+10  -5.518157e+10   9.365731e+09   8.690831e+05   6.048975e-21   0.000000e+00   0.000000e+00
     6456000   6.455999e-05   1.151533e+01   8.008021e+00   3.335822e+01  -5.741086e+05  -2.511716e+05  -6.021774e+05   1.365782e+10  -5.378941e+10   9.414620e+09   8.690831e+05   5.764499e-21   0.000000e+00   0.000000e+00
     6464000   6.463999e-05   1.146944e+01   7.987756e+00   3.331007e+01  -5.730219e+05  -2.554205e+05  -6.014247e+05   1.346697e+10  -5.240861e+10   9.426506e+09   8.690831e+05   5.488710e-21   0.000000e+00   0.000000e+00
     6472000   6.471999e-05   1.142364e+01   7.967157e+00   3.326199e+01  -5.719681e+05  -2.595380e+05  -6.006645e+05   1.302639e+10  -5.077251e+10   9.533920e+09   8.690831e+05   5.164043e-21   0.000000e+00   0.000000e+00
     6480000   6.479999e-05   1.137793e+01   7.946233e+00   3.321397e+01  -5.709359e+05  -2.635453e+05  -5.999012e+05   1.279796e+10  -4.948637e+10   9.560011e+09   8.690831e+05   4.919613e-21   0.000000e+00   0.000000e+00
     6488000   6.487999e-05   1.133229e+01   7.924992e+00   3.316600e+01  -5.699164e+05  -2.674720e+05  -5.991322e+05   1.262452e+10  -4.851478e+10   9.649622e+09   8.690831e+05   4.741502e-21   0.000000e+00   0.000000e+00
     6496000   6.495999e-05   1.128674e+01   7.903440e+00   3.311811e+01  -5.689189e+05  -2.713012e+05  -5.983580e+05   1.230666e+10  -4.721423e+10   9.706172e+09   8.690831e+05   4.502568e-21   0.000000e+00   0.000000e+00
     6504000   6.503999e-05   1.124127e+01   7.881585e+00   3.307027e+01  -5.679304e+05  -2.750679e+05  -5.975769e+05   1.220178e+10  -4.649919e+10   9.807354e+09   8.690831e+05   4.379589e-21   0.000000e+00   0.000000e+00
     6512000   6.511999e-05   1.119587e+01   7.859433e+00   3.302249e+01  -5.669837e+05  -2.787074e+05  -5.967890e+05   1.129279e+10  -4.409961e+10   9.866196e+09   8.690831e+05   3.947303e-21   0.000000e+00   0.000000e+00
     6520000   6.519999e-05   1.115055e+01   7.836996e+00   3.297478e+01  -5.660910e+05  -2.822000e+05  -5.959946e+05   1.099102e+10  -4.314852e+10   9.990987e+09   8.690831e+05   3.788612e-21   0.000000e+00   0.000000e+00
     6528000   6.527999e-05   1.110530e+01   7.814284e+00   3.292713e+01  -5.652312e+05  -2.855981e+05  -5.951914e+05   1.050007e+10  -4.180574e+10   1.008861e+10   8.690831e+05   3.565443e-21   0.000000e+00   0.000000e+00
     6536000   6.535999e-05   1.106011e+01   7.791303e+00   3.287955e+01  -5.644104e+05  -2.888911e+05  -5.943806e+05   1.004199e+10  -4.058832e+10   1.019177e+10   8.690831e+05   3.369636e-21   0.000000e+00   0.000000e+00
     6544000   6.543999e-05   1.101499e+01   7.768064e+00   3.283203e+01  -5.636289e+05  -2.920864e+05  -5.935600e+05   9.492842e+09  -3.929544e+10   1.032281e+10   8.690831e+05   3.167109e-21   0.000000e+00   0.000000e+00
     6552000   6.551999e-05   1.096993e+01   7.744572e+00   3.278458e+01  -5.628911e+05  -2.951800e+05  -5.927291e+05   8.967956e+09  -3.806181e+10   1.043830e+10   8.690831e+05   2.980224e-21   0.000000e+00   0.000000e+00
     6560000   6.559999e-05   1.092493e+01   7.720838e+00   3.273720e+01  -5.621972e+05  -2.981736e+05  -5.918887e+05   8.376385e+09  -3.678112e+10   1.057287e+10   8.690831e+05   2.792316e-21   0.000000e+00   0.000000e+00
     6568000   6.567999e-05   1.087998e+01   7.696867e+00   3.268988e+01  -5.615505e+05  -3.010652e+05  -5.910383e+05   7.908722e+09  -3.562514e+10   1.063270e+10   8.690831e+05   2.628491e-21   0.000000e+00   0.000000e+00
     6576000   6.575999e-05   1.083508e+01   7.672669e+00   3.264263e+01  -5.609440e+05  -3.038631e+05  -5.901817e+05   7.249446e+09  -3.432164e+10   1.078063e+10   8.690831e+05   2.450194e-21   0.000000e+00   0.000000e+00
     6584000   6.583999e-05   1.079022e+01   7.648252e+00   3.259545e+01  -5.603923e+05  -3.065542e+05  -5.893135e+05   6.565813e+09  -3.289653e+10   1.086879e+10   8.690831e+05   2.262203e-21   0.000000e+00   0.000000e+00
     6592000   6.591999e-05   1.074541e+01   7.623624e+00   3.254834e+01  -5.598940e+05  -3.091362e+05  -5.884377e+05   5.889152e+09  -3.165423e+10   1.102607e+10   8.690831e+05   2.107241e-21   0.000000e+00   0.000000e+00
     6600000   6.599999e-05   1.070064e+01   7.598793e+00   3.250130e+01  -5.594504e+05  -3.116191e+05  -5.875493e+05   5.197740e+09  -3.042014e+10   1.118477e+10   8.690831e+05   1.960335e-21   0.000000e+00   0.000000e+00
     6608000   6.607999e-05   1.065590e+01   7.573767e+00   3.245433e+01  -5.590541e+05  -3.140215e+05  -5.866468e+05   4.609263e+09  -2.939578e+10   1.134255e+10   8.690831e+05   1.844828e-21   0.000000e+00   0.000000e+00
     6616000   6.615999e-05   1.061119e+01   7.548552e+00   3.240744e+01  -5.587135e+05  -3.163222e+05  -5.857345e+05   3.904520e+09  -2.812257e+10   1.146300e+10   8.690831e+05   1.705674e-21   0.000000e+00   0.000000e+00
     6624000   6.623999e-05   1.056650e+01   7.523158e+00   3.236062e+01  -5.584377e+05  -3.185085e+05  -5.848120e+05   3.029454e+09  -2.665101e+10   1.162220e+10   8.690831e+05   1.554678e-21   0.000000e+00   0.000000e+00
     6632000   6.631999e-05   1.052184e+01   7.497594e+00   3.231387e+01  -5.582273e+05  -3.205904e+05  -5.838745e+05   2.195668e+09  -2.536367e+10   1.182730e+10   8.690831e+05   1.433677e-21   0.000000e+00   0.000000e+00
     6640000   6.639999e-05   1.047718e+01   7.471867e+00   3.226720e+01  -5.580858e+05  -3.225630e+05  -5.829226e+05   1.346019e+09  -2.400675e+10   1.199557e+10   8.690831e+05   1.313613e-21   0.000000e+00   0.000000e+00
     6648000   6.647999e-05   1.043254e+01   7.445986e+00   3.222060e+01  -5.580054e+05  -3.244420e+05  -5.819560e+05   6.620239e+08  -2.296842e+10   1.217017e+10   8.690831e+05   1.230052e-21   0.000000e+00   0.000000e+00
     6656000   6.655999e-05   1.038790e+01   7.419958e+00   3.217408e+01  -5.579776e+05  -3.262413e+05  -5.809759e+05  -1.869645e+06  -2.197469e+10   1.234145e+10   8.690831e+05   1.155641e-21   0.000000e+00   0.000000e+00
     6664000   6.663999e-05   1.034326e+01   7.393790e+00   3.212765e+01  -5.580128e+05  -3.279464e+05  -5.799813e+05  -9.333047e+08  -2.056886e+10   1.252847e+10   8.690831e+05   1.056873e-21   0.000000e+00   0.000000e+00
     6672000   6.671999e-05   1.029862e+01   7.367489e+00   3.208129e+01  -5.581155e+05  -3.295514e+05  -5.789719e+05  -1.815355e+09  -1.938126e+10   1.278178e+10   8.690831e+05   9.866313e-22   0.000000e+00   0.000000e+00
     6680000   6.679999e-05   1.025396e+01   7.341064e+00   3.203501e+01  -5.582905e+05  -3.310560e+05  -5.779439e+05  -2.560713e+09  -1.823503e+10   1.291896e+10   8.690831e+05   9.205345e-22   0.000000e+00   0.000000e+00
     6688000   6.687999e-05   1.020929e+01   7.314523e+00   3.198882e+01  -5.585245e+05  -3.324698e+05  -5.769052e+05  -3.284035e+09  -1.712311e+10   1.304742e+10   8.690831e+05   8.627664e-22   0.000000e+00   0.000000e+00
     6696000   6.695999e-05   1.016460e+01   7.287872e+00   3.194271e+01  -5.588191e+05  -3.337972e+05  -5.758525e+05  -4.037049e+09  -1.607364e+10   1.323484e+10   8.690831e+05   8.183735e-22   0.000000e+00   0.000000e+00
     6704000   6.703999e-05   1.011988e+01   7.261118e+00   3.189668e+01  -5.591758e+05  -3.350371e+05  -5.747852e+05  -4.883169e+09  -1.491757e+10   1.344586e+10   8.690831e+05   7.771645e-22   0.000000e+00   0.000000e+00
     6712000   6.711999e-05   1.007513e+01   7.234268e+00   3.185074e+01  -5.595992e+05  -3.361888e+05  -5.736996e+05  -5.718174e+09  -1.383103e+10   1.368263e+10   8.690831e+05   7.481257e-22   0.000000e+00   0.000000e+00
     6720000   6.719999e-05   1.003034e+01   7.207330e+00   3.180489e+01  -5.600932e+05  -3.372441e+05  -5.725970e+05  -6.633156e+09  -1.255472e+10   1.388269e+10   8.690831e+05   7.174504e-22   0.000000e+00   0.000000e+00
     6728000   6.727999e-05   9.985511e+00   7.180312e+00   3.175913e+01  -5.606606e+05  -3.381997e+05  -5.714771e+05  -7.600001e+09  -1.127768e+10   1.413027e+10   8.690831e+05   6.997312e-22   0.000000e+00   0.000000e+00
     6736000   6.735999e-05   9.940633e+00   7.153221e+00   3.171345e+01  -5.613009e+05  -3.390587e+05  -5.703384e+05  -8.408869e+09  -1.019777e+10   1.433806e+10   8.690831e+05   6.918582e-22   0.000000e+00   0.000000e+00
     6744000   6.743999e-05   9.895701e+00   7.126064e+00   3.166787e+01  -5.620070e+05  -3.398298e+05  -5.691830e+05  -9.261584e+09  -9.060211e+09   1.455420e+10   8.690831e+05   6.907753e-22   0.000000e+00   0.000000e+00
     6752000   6.751999e-05   9.850710e+00   7.098850e+00   3.162238e+01  -5.627800e+05  -3.405136e+05  -5.680094e+05  -9.957285e+09  -8.203163e+09   1.478329e+10   8.690831e+05   7.004096e-22   0.000000e+00   0.000000e+00
     6760000   6.759999e-05   9.805654e+00   7.071584e+00   3.157699e+01  -5.636213e+05  -3.411084e+05  -5.668170e+05  -1.103351e+10  -6.744250e+09   1.502996e+10   8.690831e+05   7.152137e-22   0.000000e+00   0.000000e+00
     6768000   6.767999e-05   9.760528e+00   7.044275e+00   3.153169e+01  -5.645410e+05  -3.416056e+05  -5.656010e+05  -1.192635e+10  -5.660210e+09   1.532259e+10   8.690831e+05   7.442036e-22   0.000000e+00   0.000000e+00
     6776000   6.775999e-05   9.715326e+00   7.016930e+00   3.148650e+01  -5.655291e+05  -3.420135e+05  -5.643660e+05  -1.279462e+10  -4.511197e+09   1.555483e+10   8.690831e+05   7.750364e-22   0.000000e+00   0.000000e+00
     6784000   6.783999e-05   9.670042e+00   6.989556e+00   3.144140e+01  -5.665897e+05  -3.423282e+05  -5.631100e+05  -1.364317e+10  -3.445206e+09   1.582189e+10   8.690831e+05   8.156640e-22   0.000000e+00   0.000000e+00
     6792000   6.791999e-05   9.624670e+00   6.962160e+00   3.139640e+01  -5.677197e+05  -3.425537e+05  -5.618334e+05  -1.462779e+10  -2.175802e+09   1.610764e+10   8.690831e+05   8.699240e-22   0.000000e+00   0.000000e+00
     6800000   6.799999e-05   9.579204e+00   6.934750e+00   3.135150e+01  -5.689249e+05  -3.426842e+05  -5.605331e+05  -1.550255e+10  -1.091523e+09   1.640194e+10   8.690831e+05   9.288348e-22   0.000000e+00   0.000000e+00
     6808000   6.807999e-05   9.533640e+00   6.907333e+00   3.130671e+01  -5.702026e+05  -3.427252e+05  -5.592082e+05  -1.643968e+10   6.664125e+07   1.672204e+10   8.690831e+05   1.000424e-21   0.000000e+00   0.000000e+00
     6816000   6.815999e-05   9.487970e+00   6.879916e+00   3.126203e+01  -5.715547e+05  -3.426739e+05  -5.578577e+05  -1.736594e+10   1.236619e+09   1.703269e+10   8.690831e+05   1.079243e-21   0.000000e+00   0.000000e+00
     6824000   6.823999e-05   9.442189e+00   6.852507e+00   3.121746e+01  -5.729799e+05  -3.425306e+05  -5.564821e+05  -1.826246e+10   2.345478e+09   1.736016e+10   8.690831e+05   1.165071e-21   0.000000e+00   0.000000e+00
     6832000   6.831999e-05   9.396291e+00   6.825114e+00   3.117300e+01  -5.744762e+05  -3.422985e+05  -5.550804e+05  -1.917816e+10   3.552511e+09   1.765757e+10   8.690831e+05   1.259342e-21   0.000000e+00   0.000000e+00
     6840000   6.839999e-05   9.350271e+00   6.797742e+00   3.112865e+01  -5.760480e+05  -3.419683e+05  -5.536531e+05  -2.010775e+10   4.706129e+09   1.801430e+10   8.690831e+05   1.366267e-21   0.000000e+00   0.000000e+00
     6848000   6.847999e-05   9.304122e+00   6.770401e+00   3.108441e+01  -5.776958e+05  -3.415449e+05  -5.521956e+05  -2.107595e+10   5.871327e+09   1.841768e+10   8.690831e+05   1.487971e-21   0.000000e+00   0.000000e+00
     6856000   6.855999e-05   9.257838e+00   6.743097e+00   3.104029e+01  -5.794116e+05  -3.410359e+05  -5.507106e+05  -2.186527e+10   6.874638e+09   1.874757e+10   8.690831e+05   1.595205e-21   0.000000e+00   0.000000e+00
     6864000   6.863999e-05   9.211414e+00   6.715838e+00   3.099630e+01  -5.811947e+05  -3.404448e+05  -5.491953e+05  -2.272132e+10   7.913294e+09   1.913975e+10   8.690831e+05   1.719621e-21   0.000000e+00   0.000000e+00
     6872000   6.871999e-05   9.164845e+00   6.688629e+00   3.095242e+01  -5.830452e+05  -3.397707e+05  -5.476492e+05  -2.350152e+10   8.858655e+09   1.952441e+10   8.690831e+05   1.841134e-21   0.000000e+00   0.000000e+00
     6880000   6.879999e-05   9.118125e+00   6.661476e+00   3.090868e+01  -5.849599e+05  -3.390176e+05  -5.460718e+05  -2.436445e+10   9.967155e+09   1.991161e+10   8.690831e+05   1.982027e-21   0.000000e+00   0.000000e+00
     6888000   6.887999e-05   9.071249e+00   6.634388e+00   3.086505e+01  -5.869425e+05  -3.381762e+05  -5.444638e+05  -2.518540e+10   1.103353e+10   2.029721e+10   8.690831e+05   2.124985e-21   0.000000e+00   0.000000e+00
     6896000   6.895999e-05   9.024212e+00   6.607370e+00   3.082156e+01  -5.889899e+05  -3.372506e+05  -5.428244e+05  -2.599867e+10   1.210601e+10   2.068842e+10   8.690831e+05   2.275036e-21   0.000000e+00   0.000000e+00
     6904000   6.903999e-05   8.977009e+00   6.580430e+00   3.077820e+01  -5.911011e+05  -3.362423e+05  -5.411526e+05  -2.679936e+10   1.311866e+10   2.112171e+10   8.690831e+05   2.431376e-21   0.000000e+00   0.000000e+00
     6912000   6.911999e-05   8.929634e+00   6.553574e+00   3.073498e+01  -5.932805e+05  -3.351470e+05  -5.394443e+05  -2.768587e+10   1.426325e+10   2.158737e+10   8.690831e+05   2.612453e-21   0.000000e+00   0.000000e+00
     6920000   6.919999e-05   8.882082e+00   6.526809e+00   3.069189e+01  -5.955303e+05  -3.339604e+05  -5.376984e+05  -2.854215e+10   1.539467e+10   2.205044e+10   8.690831e+05   2.797858e-21   0.000000e+00   0.000000e+00
     6928000   6.927999e-05   8.834348e+00   6.500143e+00   3.064895e+01  -5.978474e+05  -3.326846e+05  -5.359150e+05  -2.938400e+10   1.649939e+10   2.253723e+10   8.690831e+05   2.990166e-21   0.000000e+00   0.000000e+00
     6936000   6.935999e-05   8.786425e+00   6.473582e+00   3.060615e+01  -6.002323e+05  -3.313199e+05  -5.340915e+05  -3.028546e+10   1.773358e+10   2.303502e+10   8.690831e+05   3.206167e-21   0.000000e+00   0.000000e+00
     6944000   6.943999e-05   8.738309e+00   6.447134e+00   3.056349e+01  -6.026822e+05  -3.298668e+05  -5.322288e+05  -3.100665e+10   1.868395e+10   2.353109e+10   8.690831e+05   3.391578e-21   0.000000e+00   0.000000e+00
     6952000   6.951999e-05   8.689994e+00   6.420805e+00   3.052099e+01  -6.051941e+05  -3.283289e+05  -5.303260e+05  -3.179581e+10   1.977084e+10   2.404423e+10   8.690831e+05   3.602201e-21   0.000000e+00   0.000000e+00
     6960000   6.959999e-05   8.641476e+00   6.394604e+00   3.047864e+01  -6.077662e+05  -3.267060e+05  -5.283833e+05  -3.251208e+10   2.077859e+10   2.454891e+10   8.690831e+05   3.804963e-21   0.000000e+00   0.000000e+00
     6968000   6.967999e-05   8.592750e+00   6.368535e+00   3.043645e+01  -6.103958e+05  -3.250038e+05  -5.263981e+05  -3.321670e+10   2.172533e+10   2.510362e+10   8.690831e+05   4.012540e-21   0.000000e+00   0.000000e+00
     6976000   6.975999e-05   8.543811e+00   6.342605e+00   3.039442e+01  -6.130830e+05  -3.232198e+05  -5.243698e+05  -3.398379e+10   2.292201e+10   2.560409e+10   8.690831e+05   4.249697e-21   0.000000e+00   0.000000e+00
     6984000   6.983999e-05   8.494655e+00   6.316822e+00   3.035255e+01  -6.158290e+05  -3.213452e+05  -5.223001e+05  -3.465626e+10   2.393832e+10   2.613410e+10   8.690831e+05   4.470207e-21   0.000000e+00   0.000000e+00
     6992000   6.991999e-05   8.445277e+00   6.291192e+00   3.031085e+01  -6.186306e+05  -3.193887e+05  -5.201851e+05  -3.538661e+10   2.498077e+10   2.674556e+10   8.690831e+05   4.714877e-21   0.000000e+00   0.000000e+00
     7000000   6.999999e-05   8.395673e+00   6.265722e+00   3.026933e+01  -6.214911e+05  -3.173445e+05  -5.180219e+05  -3.605586e+10   2.603264e+10   2.730975e+10   8.690831e+05   4.954973e-21   0.000000e+00   0.000000e+00
     7008000   7.007999e-05   8.345837e+00   6.240419e+00   3.022797e+01  -6.244012e+05  -3.152225e+05  -5.158133e+05  -3.669433e+10   2.701749e+10   2.790823e+10   8.690831e+05   5.194654e-21   0.000000e+00   0.000000e+00
     7016000   7.015999e-05   8.295767e+00   6.215289e+00   3.018680e+01  -6.273623e+05  -3.130211e+05  -5.135561e+05  -3.739737e+10   2.813622e+10   2.853522e+10   8.690831e+05   5.466060e-21   0.000000e+00   0.000000e+00
     7024000   7.023999e-05   8.245458e+00   6.190338e+00   3.014580e+01  -6.303786e+05  -3.107281e+05  -5.112497e+05  -3.801171e+10   2.918674e+10   2.912979e+10   8.690831e+05   5.722279e-21   0.000000e+00   0.000000e+00
     7032000   7.031999e-05   8.194905e+00   6.165574e+00   3.010500e+01  -6.334437e+05  -3.083540e+05  -5.088932e+05  -3.861972e+10   3.015021e+10   2.980280e+10   8.690831e+05   5.983211e-21   0.000000e+00   0.000000e+00
     7040000   7.039999e-05   8.144106e+00   6.141004e+00   3.006438e+01  -6.365599e+05  -3.058959e+05  -5.064826e+05  -3.923258e+10   3.122064e+10   3.045236e+10   8.690831e+05   6.260741e-21   0.000000e+00   0.000000e+00
     7048000   7.047999e-05   8.093055e+00   6.116633e+00   3.002396e+01  -6.397199e+05  -3.033599e+05  -5.040206e+05  -3.976347e+10   3.217740e+10   3.110213e+10   8.690831e+05   6.520158e-21   0.000000e+00   0.000000e+00
     7056000   7.055999e-05   8.041750e+00   6.092468e+00   2.998374e+01  -6.428661e+05  -3.007921e+05  -5.015503e+05  -3.598983e+10   2.956369e+10   2.840012e+10   8.690831e+05   5.414508e-21   0.000000e+00   0.000000e+00
     7064000   7.063999e-05   7.990219e+00   6.068488e+00   2.994370e+01  -6.452223e+05  -2.988391e+05  -4.996887e+05  -2.304692e+10   1.944801e+10   1.812838e+10   8.690831e+05   2.252680e-21   0.000000e+00   0.000000e+00
     7072000   7.071999e-05   7.938542e+00   6.044632e+00   2.990377e+01  -6.465405e+05  -2.977034e+05  -4.986617e+05  -9.927548e+09   8.963555e+09   7.520286e+09   8.690831e+05   4.285085e-22   0.000000e+00   0.000000e+00
     7080000   7.079999e-05   7.886800e+00   6.020833e+00   2.986389e+01  -6.468179e+05  -2.974309e+05  -4.984645e+05   3.414020e+09  -2.486429e+09  -2.946466e+09   8.690831e+05   4.819620e-23   0.000000e+00   0.000000e+00
     7088000   7.087999e-05   7.835081e+00   5.997017e+00   2.982399e+01  -6.459740e+05  -2.981360e+05  -4.991372e+05   1.751143e+10  -1.502091e+10  -1.369095e+10   8.690831e+05   1.309124e-21   0.000000e+00   0.000000e+00
     7096000   7.095999e-05   7.783474e+00   5.973105e+00   2.978400e+01  -6.440692e+05  -2.997853e+05  -5.006088e+05   2.675881e+10  -2.339865e+10  -2.041508e+10   8.690831e+05   3.056989e-21   0.000000e+00   0.000000e+00
     7104000   7.103999e-05   7.732035e+00   5.949045e+00   2.974389e+01  -6.418907e+05  -3.017132e+05  -5.022459e+05   2.770471e+10  -2.479824e+10  -2.051079e+10   8.690831e+05   3.280563e-21   0.000000e+00   0.000000e+00
     7112000   7.111999e-05   7.680773e+00   5.924828e+00   2.970364e+01  -6.396355e+05  -3.037532e+05  -5.038907e+05   2.867601e+10  -2.620422e+10  -2.060485e+10   8.690831e+05   3.517690e-21   0.000000e+00   0.000000e+00
     7120000   7.119999e-05   7.629695e+00   5.900442e+00   2.966327e+01  -6.373055e+05  -3.059048e+05  -5.055388e+05   2.959882e+10  -2.758549e+10  -2.062151e+10   8.690831e+05   3.751947e-21   0.000000e+00   0.000000e+00
     7128000   7.127999e-05   7.578807e+00   5.875880e+00   2.962276e+01  -6.348973e+05  -3.081665e+05  -5.071926e+05   3.060640e+10  -2.901341e+10  -2.068441e+10   8.690831e+05   4.014071e-21   0.000000e+00   0.000000e+00
     7136000   7.135999e-05   7.528114e+00   5.851132e+00   2.958212e+01  -6.324104e+05  -3.105428e+05  -5.088475e+05   3.155411e+10  -3.037179e+10  -2.068091e+10   8.690831e+05   4.267745e-21   0.000000e+00   0.000000e+00
     7144000   7.143999e-05   7.477623e+00   5.826190e+00   2.954134e+01  -6.298492e+05  -3.130255e+05  -5.105002e+05   3.247603e+10  -3.168749e+10  -2.063865e+10   8.690831e+05   4.520514e-21   0.000000e+00   0.000000e+00
     7152000   7.151999e-05   7.427340e+00   5.801046e+00   2.950044e+01  -6.272157e+05  -3.156090e+05  -5.121494e+05   3.336462e+10  -3.289956e+10  -2.058665e+10   8.690831e+05   4.765477e-21   0.000000e+00   0.000000e+00
     7160000   7.159999e-05   7.377271e+00   5.775690e+00   2.945940e+01  -6.245072e+05  -3.182937e+05  -5.137952e+05   3.430194e+10  -3.408285e+10  -2.057917e+10   8.690831e+05   5.024498e-21   0.000000e+00   0.000000e+00
     7168000   7.167999e-05   7.327421e+00   5.750116e+00   2.941823e+01  -6.217209e+05  -3.210805e+05  -5.154376e+05   3.535650e+10  -3.558706e+10  -2.047890e+10   8.690831e+05   5.341314e-21   0.000000e+00   0.000000e+00
     7176000   7.175999e-05   7.277797e+00   5.724314e+00   2.937693e+01  -6.188506e+05  -3.239871e+05  -5.170704e+05   3.637965e+10  -3.702776e+10  -2.033974e+10   8.690831e+05   5.654845e-21   0.000000e+00   0.000000e+00
     7184000   7.183999e-05   7.228407e+00   5.698275e+00   2.933550e+01  -6.158994e+05  -3.270025e+05  -5.186933e+05   3.738188e+10  -3.829836e+10  -2.024289e+10   8.690831e+05   5.956312e-21   0.000000e+00   0.000000e+00
     7192000   7.191999e-05   7.179256e+00   5.671991e+00   2.929394e+01  -6.128656e+05  -3.301257e+05  -5.203060e+05   3.837241e+10  -3.961788e+10  -2.006183e+10   8.690831e+05   6.266601e-21   0.000000e+00   0.000000e+00
     7200000   7.199999e-05   7.130350e+00   5.645452e+00   2.925225e+01  -6.097552e+05  -3.333491e+05  -5.219028e+05   3.939066e+10  -4.096678e+10  -1.985515e+10   8.690831e+05   6.593411e-21   0.000000e+00   0.000000e+00
     7208000   7.207999e-05   7.081697e+00   5.618652e+00   2.921043e+01  -6.065630e+05  -3.366790e+05  -5.234827e+05   4.043839e+10  -4.231850e+10  -1.963908e+10   8.690831e+05   6.934858e-21   0.000000e+00   0.000000e+00
     7216000   7.215999e-05   7.033303e+00   5.591580e+00   2.916849e+01  -6.032752e+05  -3.401361e+05  -5.250447e+05   4.168925e+10  -4.397203e+10  -1.941483e+10   8.690831e+05   7.365425e-21   0.000000e+00   0.000000e+00
     7224000   7.223999e-05   6.985175e+00   5.564227e+00   2.912643e+01  -5.999022e+05  -3.436988e+05  -5.265872e+05   4.264454e+10  -4.509607e+10  -1.914807e+10   8.690831e+05   7.675420e-21   0.000000e+00   0.000000e+00
     7232000   7.231999e-05   6.937321e+00   5.536586e+00   2.908424e+01  -5.964508e+05  -3.473542e+05  -5.281070e+05   4.364004e+10  -4.628567e+10  -1.884402e+10   8.690831e+05   8.008450e-21   0.000000e+00   0.000000e+00
     7240000   7.239999e-05   6.889745e+00   5.508648e+00   2.904193e+01  -5.929185e+05  -3.511043e+05  -5.296026e+05   4.468789e+10  -4.749412e+10  -1.854397e+10   8.690832e+05   8.362602e-21   0.000000e+00   0.000000e+00
     7248000   7.247999e-05   6.842456e+00   5.480407e+00   2.899950e+01  -5.892990e+05  -3.549528e+05  -5.310751e+05   4.574888e+10  -4.865291e+10  -1.824663e+10   8.690832e+05   8.719964e-21   0.000000e+00   0.000000e+00
     7256000   7.255999e-05   6.795460e+00   5.451853e+00   2.895696e+01  -5.855935e+05  -3.589000e+05  -5.325191e+05   4.696651e+10  -5.016685e+10  -1.783682e+10   8.690832e+05   9.170635e-21   0.000000e+00   0.000000e+00
     7264000   7.263999e-05   6.748764e+00   5.422979e+00   2.891430e+01  -5.817930e+05  -3.629606e+05  -5.339308e+05   4.804908e+10  -5.134570e+10  -1.745208e+10   8.690832e+05   9.550786e-21   0.000000e+00   0.000000e+00
     7272000   7.271999e-05   6.702375e+00   5.393777e+00   2.887153e+01  -5.779045e+05  -3.671163e+05  -5.353106e+05   4.921229e+10  -5.264960e+10  -1.702101e+10   8.690832e+05   9.976281e-21   0.000000e+00   0.000000e+00
     7280000   7.279999e-05   6.656301e+00   5.364238e+00   2.882865e+01  -5.739225e+05  -3.713746e+05  -5.366558e+05   5.032231e+10  -5.378676e+10  -1.659562e+10   8.690832e+05   1.037147e-20   0.000000e+00   0.000000e+00
     7288000   7.287999e-05   6.610550e+00   5.334355e+00   2.878567e+01  -5.698540e+05  -3.757185e+05  -5.379662e+05   5.139242e+10  -5.480643e+10  -1.616169e+10   8.690832e+05   1.074508e-20   0.000000e+00   0.000000e+00
     7296000   7.295999e-05   6.565127e+00   5.304120e+00   2.874258e+01  -5.656897e+05  -3.801607e+05  -5.392389e+05   5.264042e+10  -5.612724e+10  -1.565323e+10   8.690832e+05   1.121843e-20   0.000000e+00   0.000000e+00
     7304000   7.303999e-05   6.520042e+00   5.273527e+00   2.869939e+01  -5.614317e+05  -3.846969e+05  -5.404704e+05   5.373826e+10  -5.712729e+10  -1.516037e+10   8.690832e+05   1.160933e-20   0.000000e+00   0.000000e+00
     7312000   7.311999e-05   6.475301e+00   5.242567e+00   2.865611e+01  -5.570829e+05  -3.893083e+05  -5.416671e+05   5.496790e+10  -5.818531e+10  -1.471331e+10   8.690832e+05   1.205018e-20   0.000000e+00   0.000000e+00
     7320000   7.319999e-05   6.430911e+00   5.211235e+00   2.861273e+01  -5.526390e+05  -3.940092e+05  -5.428190e+05   5.613186e+10  -5.933356e+10  -1.407975e+10   8.690832e+05   1.249776e-20   0.000000e+00   0.000000e+00
     7328000   7.327999e-05   6.386881e+00   5.179523e+00   2.856926e+01  -5.480986e+05  -3.988002e+05  -5.439227e+05   5.742728e+10  -6.055239e+10  -1.347173e+10   8.690832e+05   1.300077e-20   0.000000e+00   0.000000e+00
     7336000   7.335999e-05   6.343218e+00   5.147424e+00   2.852570e+01  -5.434603e+05  -4.036810e+05  -5.449754e+05   5.853359e+10  -6.146418e+10  -1.284248e+10   8.690832e+05   1.340644e-20   0.000000e+00   0.000000e+00
     7344000   7.343999e-05   6.299930e+00   5.114932e+00   2.848206e+01  -5.387338e+05  -4.086326e+05  -5.459770e+05   5.982385e+10  -6.256979e+10  -1.220043e+10   8.690832e+05   1.390451e-20   0.000000e+00   0.000000e+00
     7352000   7.351999e-05   6.257024e+00   5.082041e+00   2.843834e+01  -5.339006e+05  -4.136722e+05  -5.469287e+05   6.099815e+10  -6.341632e+10  -1.158004e+10   8.690832e+05   1.432983e-20   0.000000e+00   0.000000e+00
     7360000   7.359999e-05   6.214508e+00   5.048743e+00   2.839455e+01  -5.289761e+05  -4.187778e+05  -5.478276e+05   6.210556e+10  -6.421163e+10  -1.088304e+10   8.690832e+05   1.473403e-20   0.000000e+00   0.000000e+00
     7368000   7.367999e-05   6.172390e+00   5.015034e+00   2.835069e+01  -5.239598e+05  -4.239475e+05  -5.486714e+05   6.330467e+10  -6.504208e+10  -1.019691e+10   8.690832e+05   1.517659e-20   0.000000e+00   0.000000e+00
     7376000   7.375999e-05   6.130677e+00   4.980910e+00   2.830677e+01  -5.188452e+05  -4.291870e+05  -5.494577e+05   6.455168e+10  -6.592345e+10  -9.461927e+09   8.690832e+05   1.565038e-20   0.000000e+00   0.000000e+00
     7384000   7.383999e-05   6.089377e+00   4.946363e+00   2.826278e+01  -5.136333e+05  -4.344915e+05  -5.501850e+05   6.592508e+10  -6.689290e+10  -8.718897e+09   8.690832e+05   1.618607e-20   0.000000e+00   0.000000e+00
     7392000   7.391999e-05   6.048499e+00   4.911389e+00   2.821874e+01  -5.083107e+05  -4.398714e+05  -5.508530e+05   6.714369e+10  -6.759873e+10  -7.978894e+09   8.690832e+05   1.663131e-20   0.000000e+00   0.000000e+00
     7400000   7.399999e-05   6.008050e+00   4.875982e+00   2.817465e+01  -5.028892e+05  -4.453079e+05  -5.514608e+05   6.835494e+10  -6.827261e+10  -7.204001e+09   8.690832e+05   1.707509e-20   0.000000e+00   0.000000e+00
     7408000   7.407999e-05   5.968039e+00   4.840138e+00   2.813051e+01  -4.973723e+05  -4.507937e+05  -5.520068e+05   6.955391e+10  -6.887409e+10  -6.424339e+09   8.690832e+05   1.750665e-20   0.000000e+00   0.000000e+00
     7416000   7.415999e-05   5.928473e+00   4.803854e+00   2.808633e+01  -4.917605e+05  -4.563272e+05  -5.524878e+05   7.072765e+10  -6.943848e+10  -5.601015e+09   8.690832e+05   1.793022e-20   0.000000e+00   0.000000e+00
     7424000   7.423999e-05   5.889360e+00   4.767125e+00   2.804211e+01  -4.860567e+05  -4.618999e+05  -5.529042e+05   7.210111e+10  -7.013276e+10  -4.794715e+09   8.690832e+05   1.844815e-20   0.000000e+00   0.000000e+00
     7432000   7.431999e-05   5.850707e+00   4.729948e+00   2.799786e+01  -4.802366e+05  -4.675338e+05  -5.532545e+05   7.341450e+10  -7.073960e+10  -3.946247e+09   8.690832e+05   1.893790e-20   0.000000e+00   0.000000e+00
     7440000   7.439999e-05   5.812524e+00   4.692319e+00   2.795359e+01  -4.743159e+05  -4.732083e+05  -5.535377e+05   7.458732e+10  -7.109045e+10  -3.138832e+09   8.690832e+05   1.933382e-20   0.000000e+00   0.000000e+00
     7448000   7.447999e-05   5.774819e+00   4.654234e+00   2.790930e+01  -4.682967e+05  -4.789144e+05  -5.537552e+05   7.587362e+10  -7.154834e+10  -2.286102e+09   8.690832e+05   1.979633e-20   0.000000e+00   0.000000e+00
     7456000   7.455999e-05   5.737600e+00   4.615691e+00   2.786499e+01  -4.621782e+05  -4.846542e+05  -5.539019e+05   7.705116e+10  -7.188316e+10  -1.395556e+09   8.690832e+05   2.020537e-20   0.000000e+00   0.000000e+00
     7464000   7.463999e-05   5.700873e+00   4.576689e+00   2.782068e+01  -4.559707e+05  -4.904117e+05  -5.539790e+05   7.821506e+10  -7.211089e+10  -5.412948e+08   8.690833e+05   2.059078e-20   0.000000e+00   0.000000e+00
     7472000   7.471999e-05   5.664647e+00   4.537224e+00   2.777636e+01  -4.496549e+05  -4.961994e+05  -5.539877e+05   7.952505e+10  -7.242356e+10   3.205502e+08   8.690833e+05   2.104860e-20   0.000000e+00   0.000000e+00
     7480000   7.479999e-05   5.628931e+00   4.497297e+00   2.773204e+01  -4.432435e+05  -5.020011e+05  -5.539276e+05   8.077244e+10  -7.260966e+10   1.170106e+09   8.690833e+05   2.146379e-20   0.000000e+00   0.000000e+00
     7488000   7.487999e-05   5.593731e+00   4.456904e+00   2.768773e+01  -4.367309e+05  -5.078177e+05  -5.537988e+05   8.198424e+10  -7.272006e+10   2.028460e+09   8.690833e+05   2.185680e-20   0.000000e+00   0.000000e+00
     7496000   7.495999e-05   5.559056e+00   4.416046e+00   2.764344e+01  -4.301256e+05  -5.136368e+05  -5.536018e+05   8.315062e+10  -7.275258e+10   2.895703e+09   8.690833e+05   2.222360e-20   0.000000e+00   0.000000e+00
     7504000   7.503999e-05   5.524914e+00   4.374722e+00   2.759916e+01  -4.234251e+05  -5.194575e+05  -5.533361e+05   8.453444e+10  -7.292710e+10   3.774203e+09   8.690833e+05   2.270268e-20   0.000000e+00   0.000000e+00
     7512000   7.511999e-05   5.491311e+00   4.332932e+00   2.755490e+01  -4.166170e+05  -5.252888e+05  -5.529988e+05   8.565409e+10  -7.284729e+10   4.666908e+09   8.690833e+05   2.304190e-20   0.000000e+00   0.000000e+00
     7520000   7.519999e-05   5.458257e+00   4.290676e+00   2.751068e+01  -4.097142e+05  -5.311130e+05  -5.525930e+05   8.694596e+10  -7.276249e+10   5.468745e+09   8.690833e+05   2.343988e-20   0.000000e+00   0.000000e+00
     7528000   7.527999e-05   5.425760e+00   4.247954e+00   2.746649e+01  -4.027066e+05  -5.369303e+05  -5.521223e+05   8.815416e+10  -7.259802e+10   6.302384e+09   8.690833e+05   2.379914e-20   0.000000e+00   0.000000e+00
     7536000   7.535999e-05   5.393827e+00   4.204768e+00   2.742234e+01  -3.956124e+05  -5.427255e+05  -5.515847e+05   8.919123e+10  -7.226985e+10   7.138337e+09   8.690833e+05   2.406769e-20   0.000000e+00   0.000000e+00
     7544000   7.543999e-05   5.362464e+00   4.161119e+00   2.737824e+01  -3.884282e+05  -5.484966e+05  -5.509817e+05   9.040843e+10  -7.200383e+10   7.943166e+09   8.690833e+05   2.441767e-20   0.000000e+00   0.000000e+00
     7552000   7.551999e-05   5.331681e+00   4.117009e+00   2.733419e+01  -3.811490e+05  -5.542430e+05  -5.503144e+05   9.157334e+10  -7.164870e+10   8.736023e+09   8.690833e+05   2.473460e-20   0.000000e+00   0.000000e+00
     7560000   7.559999e-05   5.301483e+00   4.072441e+00   2.729019e+01  -3.737730e+05  -5.599620e+05  -5.495836e+05   9.295116e+10  -7.141973e+10   9.551895e+09   8.690833e+05   2.516470e-20   0.000000e+00   0.000000e+00
     7568000   7.567999e-05   5.271880e+00   4.027416e+00   2.724625e+01  -3.662946e+05  -5.656537e+05  -5.487896e+05   9.396547e+10  -7.084590e+10   1.030461e+10   8.690833e+05   2.538831e-20   0.000000e+00   0.000000e+00
     7576000   7.575999e-05   5.242878e+00   3.981937e+00   2.720239e+01  -3.587374e+05  -5.712977e+05  -5.479346e+05   9.499163e+10  -7.025947e+10   1.106315e+10   8.690833e+05   2.562001e-20   0.000000e+00   0.000000e+00
     7584000   7.583999e-05   5.214485e+00   3.936009e+00   2.715859e+01  -3.510813e+05  -5.769010e+05  -5.470219e+05   9.605996e+10  -6.961632e+10   1.176685e+10   8.690833e+05   2.585693e-20   0.000000e+00   0.000000e+00
     7592000   7.591999e-05   5.186706e+00   3.889635e+00   2.711486e+01  -3.433766e+05  -5.824303e+05  -5.460525e+05   9.646922e+10  -6.854514e+10   1.244816e+10   8.690833e+05   2.576100e-20   0.000000e+00   0.000000e+00
     7600000   7.599999e-05   5.159547e+00   3.842822e+00   2.707122e+01  -3.355908e+05  -5.879030e+05  -5.450273e+05   9.801234e+10  -6.814375e+10   1.315481e+10   8.690834e+05   2.624011e-20   0.000000e+00   0.000000e+00
     7608000   7.607999e-05   5.133014e+00   3.795572e+00   2.702766e+01  -3.277031e+05  -5.933258e+05  -5.439495e+05   9.928214e+10  -6.748545e+10   1.379844e+10   8.690834e+05   2.656504e-20   0.000000e+00   0.000000e+00
     7616000   7.615999e-05   5.107117e+00   3.747891e+00   2.698419e+01  -3.197256e+05  -5.986863e+05  -5.428224e+05   1.001852e+11  -6.654242e+10   1.438062e+10   8.690834e+05   2.669265e-20   0.000000e+00   0.000000e+00
     7624000   7.623999e-05   5.081861e+00   3.699784e+00   2.694081e+01  -3.116657e+05  -6.039757e+05  -5.416491e+05   1.010657e+11  -6.559195e+10   1.498590e+10   8.690834e+05   2.681889e-20   0.000000e+00   0.000000e+00
     7632000   7.631999e-05   5.057251e+00   3.651257e+00   2.689753e+01  -3.035568e+05  -6.091760e+05  -5.404293e+05   1.013420e+11  -6.426264e+10   1.551371e+10   8.690834e+05   2.663586e-20   0.000000e+00   0.000000e+00
     7640000   7.639999e-05   5.033292e+00   3.602319e+00   2.685434e+01  -2.954052e+05  -6.142798e+05  -5.391679e+05   1.024490e+11  -6.332604e+10   1.601687e+10   8.690834e+05   2.685776e-20   0.000000e+00   0.000000e+00
     7648000   7.647999e-05   5.009989e+00   3.552974e+00   2.681126e+01  -2.871544e+05  -6.193121e+05  -5.378669e+05   1.036311e+11  -6.238254e+10   1.650218e+10   8.690834e+05   2.711391e-20   0.000000e+00   0.000000e+00
     7656000   7.655999e-05   4.987350e+00   3.503231e+00   2.676828e+01  -2.788299e+05  -6.242567e+05  -5.365290e+05   1.044974e+11  -6.122825e+10   1.693291e+10   8.690834e+05   2.720854e-20   0.000000e+00   0.000000e+00
     7664000   7.663999e-05   4.965379e+00   3.453095e+00   2.672542e+01  -2.704160e+05  -6.291185e+05  -5.351551e+05   1.055454e+11  -6.012903e+10   1.735380e+10   8.690834e+05   2.739259e-20   0.000000e+00   0.000000e+00
     7672000   7.671999e-05   4.944084e+00   3.402575e+00   2.668266e+01  -2.619490e+05  -6.338738e+05  -5.337534e+05   1.060692e+11  -5.872523e+10   1.768517e+10   8.690834e+05   2.731183e-20   0.000000e+00   0.000000e+00
     7680000   7.679999e-05   4.923468e+00   3.351679e+00   2.664002e+01  -2.534429e+05  -6.385142e+05  -5.323273e+05   1.066718e+11  -5.733825e+10   1.798878e+10   8.690834e+05   2.727191e-20   0.000000e+00   0.000000e+00
     7688000   7.687999e-05   4.903535e+00   3.300415e+00   2.659749e+01  -2.448809e+05  -6.430475e+05  -5.308759e+05   1.073756e+11  -5.599011e+10   1.829035e+10   8.690834e+05   2.728795e-20   0.000000e+00   0.000000e+00
     7696000   7.695999e-05   4.884288e+00   3.248794e+00   2.655508e+01  -2.362918e+05  -6.474612e+05  -5.294018e+05   1.077231e+11  -5.446586e+10   1.853090e+10   8.690834e+05   2.713372e-20   0.000000e+00   0.000000e+00
     7704000   7.703999e-05   4.865730e+00   3.196825e+00   2.651278e+01  -2.276425e+05  -6.517618e+05  -5.279123e+05   1.083353e+11  -5.299358e+10   1.871015e+10   8.690834e+05   2.709867e-20   0.000000e+00   0.000000e+00
     7712000   7.711999e-05   4.847866e+00   3.144516e+00   2.647061e+01  -2.189389e+05  -6.559456e+05  -5.264097e+05   1.091873e+11  -5.156895e+10   1.884639e+10   8.690835e+05   2.717414e-20   0.000000e+00   0.000000e+00
     7720000   7.719999e-05   4.830701e+00   3.091877e+00   2.642856e+01  -2.101762e+05  -6.600108e+05  -5.248979e+05   1.098093e+11  -5.003599e+10   1.894622e+10   8.690835e+05   2.714546e-20   0.000000e+00   0.000000e+00
     7728000   7.727999e-05   4.814239e+00   3.038917e+00   2.638663e+01  -2.013605e+05  -6.639525e+05  -5.233804e+05   1.105964e+11  -4.850878e+10   1.898739e+10   8.690835e+05   2.719013e-20   0.000000e+00   0.000000e+00
     7736000   7.735999e-05   4.798485e+00   2.985648e+00   2.634482e+01  -1.924997e+05  -6.677659e+05  -5.218607e+05   1.111143e+11  -4.687118e+10   1.898849e+10   8.690835e+05   2.711497e-20   0.000000e+00   0.000000e+00
     7744000   7.743999e-05   4.783441e+00   2.932078e+00   2.630313e+01  -1.836046e+05  -6.714445e+05  -5.203439e+05   1.112635e+11  -4.509174e+10   1.892585e+10   8.690835e+05   2.687329e-20   0.000000e+00   0.000000e+00
     7752000   7.751999e-05   4.769108e+00   2.878220e+00   2.626156e+01  -1.747020e+05  -6.749800e+05  -5.188326e+05   1.114976e+11  -4.334178e+10   1.884200e+10   8.690835e+05   2.668082e-20   0.000000e+00   0.000000e+00
     7760000   7.759999e-05   4.755489e+00   2.824085e+00   2.622012e+01  -1.657724e+05  -6.783765e+05  -5.173305e+05   1.117424e+11  -4.156912e+10   1.870288e+10   8.690835e+05   2.649689e-20   0.000000e+00   0.000000e+00
     7768000   7.767999e-05   4.742585e+00   2.769684e+00   2.617879e+01  -1.568206e+05  -6.816301e+05  -5.158428e+05   1.120800e+11  -3.977761e+10   1.848822e+10   8.690835e+05   2.635471e-20   0.000000e+00   0.000000e+00
     7776000   7.775999e-05   4.730398e+00   2.715028e+00   2.613758e+01  -1.478409e+05  -6.847418e+05  -5.143714e+05   1.124131e+11  -3.801141e+10   1.829146e+10   8.690835e+05   2.622763e-20   0.000000e+00   0.000000e+00
     7784000   7.783999e-05   4.718931e+00   2.660129e+00   2.609649e+01  -1.388360e+05  -6.877112e+05  -5.129171e+05   1.130140e+11  -3.625525e+10   1.801965e+10   8.690835e+05   2.621884e-20   0.000000e+00   0.000000e+00
     7792000   7.791999e-05   4.708186e+00   2.604998e+00   2.605551e+01  -1.297856e+05  -6.905381e+05  -5.114871e+05   1.132450e+11  -3.441438e+10   1.772619e+10   8.690835e+05   2.605817e-20   0.000000e+00   0.000000e+00
     7800000   7.799999e-05   4.698166e+00   2.549647e+00   2.601465e+01  -1.207275e+05  -6.932151e+05  -5.100822e+05   1.130785e+11  -3.246991e+10   1.736350e+10   8.690835e+05   2.572986e-20   0.000000e+00   0.000000e+00
     7808000   7.807999e-05   4.688869e+00   2.494088e+00   2.597390e+01  -1.116756e+05  -6.957384e+05  -5.087070e+05   1.131992e+11  -3.057803e+10   1.696967e+10   8.690835e+05   2.553793e-20   0.000000e+00   0.000000e+00
     7816000   7.815999e-05   4.680297e+00   2.438333e+00   2.593326e+01  -1.026286e+05  -6.981065e+05  -5.073667e+05   1.129741e+11  -2.862445e+10   1.653322e+10   8.690835e+05   2.520830e-20   0.000000e+00   0.000000e+00
     7824000   7.823999e-05   4.672448e+00   2.382395e+00   2.589272e+01  -9.360261e+04  -7.003181e+05  -5.060625e+05   1.127545e+11  -2.668490e+10   1.607245e+10   8.690835e+05   2.489561e-20   0.000000e+00   0.000000e+00
     7832000   7.831999e-05   4.665321e+00   2.326286e+00   2.585229e+01  -8.457601e+04  -7.023777e+05  -5.047957e+05   1.129088e+11  -2.480120e+10   1.559105e+10   8.690836e+05   2.475476e-20   0.000000e+00   0.000000e+00
     7840000   7.839999e-05   4.658917e+00   2.270018e+00   2.581195e+01  -7.551301e+04  -7.042886e+05  -5.035688e+05   1.134757e+11  -2.294136e+10   1.506907e+10   8.690836e+05   2.479761e-20   0.000000e+00   0.000000e+00
     7848000   7.847999e-05   4.653238e+00   2.213604e+00   2.577171e+01  -6.647297e+04  -7.060423e+05  -5.023862e+05   1.130463e+11  -2.096516e+10   1.450603e+10   8.690836e+05   2.443246e-20   0.000000e+00   0.000000e+00
     7856000   7.855999e-05   4.648283e+00   2.157056e+00   2.573157e+01  -5.739624e+04  -7.076444e+05  -5.012498e+05   1.133615e+11  -1.905261e+10   1.391685e+10   8.690836e+05   2.439265e-20   0.000000e+00   0.000000e+00
     7864000   7.863999e-05   4.644054e+00   2.100385e+00   2.569151e+01  -4.834848e+04  -7.090905e+05  -5.001593e+05   1.128647e+11  -1.711392e+10   1.335244e+10   8.690836e+05   2.403258e-20   0.000000e+00   0.000000e+00
     7872000   7.871999e-05   4.640544e+00   2.043606e+00   2.565154e+01  -3.938772e+04  -7.103770e+05  -4.991186e+05   1.120209e+11  -1.513323e+10   1.269823e+10   8.690836e+05   2.354012e-20   0.000000e+00   0.000000e+00
     7880000   7.879999e-05   4.637752e+00   1.986729e+00   2.561165e+01  -3.041985e+04  -7.115117e+05  -4.981285e+05   1.122825e+11  -1.323326e+10   1.204482e+10   8.690836e+05   2.351944e-20   0.000000e+00   0.000000e+00
     7888000   7.887999e-05   4.635676e+00   1.929768e+00   2.557184e+01  -2.147747e+04  -7.124905e+05  -4.971944e+05   1.116956e+11  -1.128020e+10   1.133957e+10   8.690836e+05   2.316314e-20   0.000000e+00   0.000000e+00
     7896000   7.895999e-05   4.634316e+00   1.872734e+00   2.553210e+01  -1.253434e+04  -7.133177e+05  -4.963135e+05   1.118426e+11  -9.392035e+09   1.067370e+10   8.690836e+05   2.312523e-20   0.000000e+00   0.000000e+00
     7904000   7.903999e-05   4.633671e+00   1.815641e+00   2.549243e+01  -3.579247e+03  -7.139926e+05  -4.954877e+05   1.120878e+11  -7.477669e+09   9.965299e+09   8.690836e+05   2.313979e-20   0.000000e+00   0.000000e+00
     7912000   7.911999e-05   4.633742e+00   1.758500e+00   2.545282e+01   5.349244e+03  -7.145144e+05  -4.947190e+05   1.113286e+11  -5.580945e+09   9.263975e+09   8.690836e+05   2.276161e-20   0.000000e+00   0.000000e+00
     7920000   7.919999e-05   4.634526e+00   1.701323e+00   2.541327e+01   1.424350e+04  -7.148861e+05  -4.940054e+05   1.110249e+11  -3.711054e+09   8.571242e+09   8.690836e+05   2.258468e-20   0.000000e+00   0.000000e+00
     7928000   7.927999e-05   4.636021e+00   1.644122e+00   2.537378e+01   2.312122e+04  -7.151055e+05  -4.933517e+05   1.106065e+11  -1.808247e+09   7.804418e+09   8.690836e+05   2.237405e-20   0.000000e+00   0.000000e+00
     7936000   7.935999e-05   4.638224e+00   1.586910e+00   2.533433e+01   3.193158e+04  -7.151786e+05  -4.927538e+05   1.097020e+11  -1.895738e+07   7.136210e+09   8.690836e+05   2.198734e-20   0.000000e+00   0.000000e+00
     7944000   7.943999e-05   4.641129e+00   1.529697e+00   2.529494e+01   4.070781e+04  -7.151059e+05  -4.922121e+05   1.099286e+11   1.868831e+09   6.376152e+09   8.690836e+05   2.206557e-20   0.000000e+00   0.000000e+00
     7952000   7.951999e-05   4.644737e+00   1.472497e+00   2.525558e+01   4.947609e+04  -7.148844e+05  -4.917305e+05   1.092679e+11   3.669836e+09   5.658630e+09   8.690836e+05   2.180454e-20   0.000000e+00   0.000000e+00
     7960000   7.959999e-05   4.649044e+00   1.415320e+00   2.521626e+01   5.819491e+04  -7.145205e+05  -4.913046e+05   1.087008e+11   5.424704e+09   4.986012e+09   8.690836e+05   2.159565e-20   0.000000e+00   0.000000e+00
     7968000   7.967999e-05   4.654046e+00   1.358177e+00   2.517697e+01   6.685131e+04  -7.140154e+05  -4.909372e+05   1.079489e+11   7.199370e+09   4.228543e+09   8.690837e+05   2.132735e-20   0.000000e+00   0.000000e+00
     7976000   7.975999e-05   4.659739e+00   1.301081e+00   2.513771e+01   7.547734e+04  -7.133706e+05  -4.906240e+05   1.076989e+11   8.919904e+09   3.598509e+09   8.690837e+05   2.127076e-20   0.000000e+00   0.000000e+00
     7984000   7.983999e-05   4.666123e+00   1.244042e+00   2.509847e+01   8.410311e+04  -7.125859e+05  -4.903616e+05   1.074130e+11   1.068522e+10   2.894840e+09   8.690837e+05   2.121351e-20   0.000000e+00   0.000000e+00
     7992000   7.991999e-05   4.673195e+00   1.187071e+00   2.505925e+01   9.269765e+04  -7.116621e+05  -4.901537e+05   1.076288e+11   1.244574e+10   2.284304e+09   8.690837e+05   2.136629e-20   0.000000e+00   0.000000e+00
     8000000   7.999999e-05   4.680954e+00   1.130179e+00   2.502004e+01   1.012807e+05  -7.106011e+05  -4.899946e+05   1.069461e+11   1.407567e+10   1.692412e+09   8.690837e+05   2.117415e-20   0.000000e+00   0.000000e+00
     8008000   8.007999e-05   4.689398e+00   1.073378e+00   2.498085e+01   1.098116e+05  -7.094084e+05  -4.898853e+05   1.063408e+11   1.573036e+10   1.057567e+09   8.690837e+05   2.102580e-20   0.000000e+00   0.000000e+00
     8016000   8.015999e-05   4.698523e+00   1.016677e+00   2.494166e+01   1.182957e+05  -7.080876e+05  -4.898210e+05   1.057612e+11   1.728795e+10   5.504111e+08   8.690837e+05   2.089423e-20   0.000000e+00   0.000000e+00
     8024000   8.023999e-05   4.708324e+00   9.600875e-01   2.490247e+01   1.267327e+05  -7.066417e+05  -4.897988e+05   1.050517e+11   1.881948e+10   3.009880e+07   8.690837e+05   2.072219e-20   0.000000e+00   0.000000e+00
     8032000   8.031999e-05   4.718798e+00   9.036180e-01   2.486329e+01   1.351012e+05  -7.050765e+05  -4.898175e+05   1.043795e+11   2.031496e+10  -4.530646e+08   8.690837e+05   2.057288e-20   0.000000e+00   0.000000e+00
     8040000   8.039999e-05   4.729941e+00   8.472789e-01   2.482410e+01   1.434709e+05  -7.033815e+05  -4.898745e+05   1.043351e+11   2.191319e+10  -9.071599e+08   8.690837e+05   2.067994e-20   0.000000e+00   0.000000e+00
     8048000   8.047999e-05   4.741752e+00   7.910800e-01   2.478491e+01   1.517837e+05  -7.015723e+05  -4.899639e+05   1.036125e+11   2.339701e+10  -1.404436e+09   8.690837e+05   2.053094e-20   0.000000e+00   0.000000e+00
     8056000   8.055999e-05   4.754226e+00   7.350306e-01   2.474571e+01   1.600690e+05  -6.996418e+05  -4.900874e+05   1.035197e+11   2.486494e+10  -1.686170e+09   8.690837e+05   2.062644e-20   0.000000e+00   0.000000e+00
     8064000   8.063999e-05   4.767363e+00   6.791404e-01   2.470649e+01   1.683514e+05  -6.975916e+05  -4.902349e+05   1.035142e+11   2.638812e+10  -2.002071e+09   8.690837e+05   2.076854e-20   0.000000e+00   0.000000e+00
     8072000   8.071999e-05   4.781160e+00   6.234187e-01   2.466727e+01   1.765751e+05  -6.954343e+05  -4.904069e+05   1.026841e+11   2.765811e+10  -2.249261e+09   8.690837e+05   2.058391e-20   0.000000e+00   0.000000e+00
     8080000   8.079999e-05   4.795614e+00   5.678739e-01   2.462803e+01   1.847737e+05  -6.931670e+05  -4.905963e+05   1.023598e+11   2.902992e+10  -2.464969e+09   8.690837e+05   2.060624e-20   0.000000e+00   0.000000e+00
     8088000   8.087999e-05   4.810724e+00   5.125151e-01   2.458877e+01   1.929720e+05  -6.907851e+05  -4.907996e+05   1.024822e+11   3.048875e+10  -2.618347e+09   8.690837e+05   2.081129e-20   0.000000e+00   0.000000e+00
     8096000   8.095999e-05   4.826489e+00   4.573513e-01   2.454950e+01   2.011549e+05  -6.882911e+05  -4.910179e+05   1.021111e+11   3.180806e+10  -2.755880e+09   8.690837e+05   2.082400e-20   0.000000e+00   0.000000e+00
     8104000   8.103999e-05   4.842908e+00   4.023911e-01   2.451021e+01   2.093104e+05  -6.856973e+05  -4.912382e+05   1.017763e+11   3.303816e+10  -2.751097e+09   8.690837e+05   2.084491e-20   0.000000e+00   0.000000e+00
     8112000   8.111999e-05   4.859979e+00   3.476427e-01   2.447090e+01   2.174556e+05  -6.829953e+05  -4.914642e+05   1.017318e+11   3.440029e+10  -2.794082e+09   8.690837e+05   2.099599e-20   0.000000e+00   0.000000e+00
     8120000   8.119999e-05   4.877701e+00   2.931145e-01   2.443158e+01   2.255882e+05  -6.801949e+05  -4.916822e+05   1.014505e+11   3.558271e+10  -2.679090e+09   8.690838e+05   2.104138e-20   0.000000e+00   0.000000e+00
     8128000   8.127999e-05   4.896072e+00   2.388140e-01   2.439223e+01   2.336994e+05  -6.772996e+05  -4.918907e+05   1.013102e+11   3.683069e+10  -2.580661e+09   8.690838e+05   2.115309e-20   0.000000e+00   0.000000e+00
     8136000   8.135999e-05   4.915093e+00   1.847492e-01   2.435287e+01   2.418026e+05  -6.743056e+05  -4.920875e+05   1.012488e+11   3.804723e+10  -2.384444e+09   8.690838e+05   2.129444e-20   0.000000e+00   0.000000e+00
     8144000   8.143999e-05   4.934760e+00   1.309276e-01   2.431350e+01   2.498916e+05  -6.712199e+05  -4.922648e+05   1.009753e+11   3.909493e+10  -2.048759e+09   8.690838e+05   2.133816e-20   0.000000e+00   0.000000e+00
     8152000   8.151999e-05   4.955075e+00   7.735623e-02   2.427411e+01   2.579576e+05  -6.680487e+05  -4.924179e+05   1.008308e+11   4.023186e+10  -1.760490e+09   8.690838e+05   2.144715e-20   0.000000e+00   0.000000e+00
     8160000   8.159999e-05   4.976034e+00   2.404226e-02   2.423471e+01   2.660292e+05  -6.647854e+05  -4.925398e+05   1.009577e+11   4.135366e+10  -1.286650e+09   8.690838e+05   2.165764e-20   0.000000e+00   0.000000e+00
