     timestep     time              x             y              z              vx             vy             vz             ax             ay             az         v_magnitude      ELoss        Electronic      Nuclear
           0   0.000000e+00   1.000000e-01   9.037708e+00   1.609688e+01   1.011648e+06  -2.369811e+05   6.155379e+05   0.000000e+00   0.000000e+00   0.000000e+00   1.207675e+06   0.000000e+00   0.000000e+00   0.000000e+00
        8000   7.999000e-08   1.809319e-01   9.018750e+00   1.614613e+01   1.011648e+06  -2.369811e+05   6.155379e+05   0.000000e+00   0.000000e+00   0.000000e+00   1.207675e+06   0.000000e+00   0.000000e+00   0.000000e+00
       16000   1.599900e-07   2.618637e-01   8.999791e+00   1.619537e+01   1.011648e+06  -2.369811e+05   6.155379e+05   0.000000e+00   0.000000e+00   0.000000e+00   1.207675e+06   0.000000e+00   0.000000e+00   0.000000e+00
       24000   2.399900e-07   3.427956e-01   8.980833e+00   1.624461e+01   1.011648e+06  -2.369811e+05   6.155379e+05   0.000000e+00   0.000000e+00   0.000000e+00   1.207675e+06   0.000000e+00   0.000000e+00   0.000000e+00
       32000   3.199900e-07   4.237275e-01   8.961874e+00   1.629386e+01   1.011648e+06  -2.369811e+05   6.155379e+05   0.000000e+00   0.000000e+00   0.000000e+00   1.207675e+06   0.000000e+00   0.000000e+00   0.000000e+00
       40000   3.999900e-07   5.046593e-01   8.942916e+00   1.634310e+01   1.011648e+06  -2.369811e+05   6.155379e+05   0.000000e+00   0.000000e+00   0.000000e+00   1.207675e+06   0.000000e+00   0.000000e+00   0.000000e+00
       48000   4.799900e-07   5.855912e-01   8.923957e+00   1.639234e+01   1.011648e+06  -2.369811e+05   6.155379e+05   0.000000e+00   0.000000e+00   0.000000e+00   1.207675e+06   0.000000e+00   0.000000e+00   0.000000e+00
       56000   5.599900e-07   6.665231e-01   8.904999e+00   1.644158e+01   1.011648e+06  -2.369811e+05   6.155379e+05   0.000000e+00   0.000000e+00   0.000000e+00   1.207675e+06   0.000000e+00   0.000000e+00   0.000000e+00
       64000   6.399900e-07   7.474550e-01   8.886040e+00   1.649083e+01   1.011648e+06  -2.369811e+05   6.155379e+05   0.000000e+00   0.000000e+00   0.000000e+00   1.207675e+06   0.000000e+00   0.000000e+00   0.000000e+00
       72000   7.199900e-07   8.283868e-01   8.867082e+00   1.654007e+01   1.011648e+06  -2.369811e+05   6.155379e+05   0.000000e+00   0.000000e+00   0.000000e+00   1.207675e+06   0.000000e+00   0.000000e+00   0.000000e+00
       80000   7.999900e-07   9.093187e-01   8.848123e+00   1.658931e+01   1.011648e+06  -2.369811e+05   6.155379e+05   0.000000e+00   0.000000e+00   0.000000e+00   1.207675e+06   0.000000e+00   0.000000e+00   0.000000e+00
       88000   8.799900e-07   9.902506e-01   8.829165e+00   1.663856e+01   1.011648e+06  -2.369811e+05   6.155379e+05   0.000000e+00   0.000000e+00   0.000000e+00   1.207675e+06   0.000000e+00   0.000000e+00   0.000000e+00
       96000   9.599900e-07   1.071182e+00   8.810206e+00   1.668780e+01   1.011648e+06  -2.369811e+05   6.155379e+05   0.000000e+00   0.000000e+00   0.000000e+00   1.207675e+06   0.000000e+00   0.000000e+00   0.000000e+00
      104000   1.039990e-06   1.152114e+00   8.791248e+00   1.673704e+01   1.011648e+06  -2.369811e+05   6.155379e+05   0.000000e+00   0.000000e+00   0.000000e+00   1.207675e+06   0.000000e+00   0.000000e+00   0.000000e+00
      112000   1.119990e-06   1.233046e+00   8.772289e+00   1.678629e+01   1.011648e+06  -2.369811e+05   6.155379e+05   0.000000e+00   0.000000e+00   0.000000e+00   1.207675e+06   0.000000e+00   0.000000e+00   0.000000e+00
      120000   1.199990e-06   1.313978e+00   8.753331e+00   1.683553e+01   1.011648e+06  -2.369811e+05   6.155379e+05   0.000000e+00   0.000000e+00   0.000000e+00   1.207675e+06   0.000000e+00   0.000000e+00   0.000000e+00
      128000   1.279990e-06   1.394910e+00   8.734372e+00   1.688477e+01   1.011648e+06  -2.369811e+05   6.155379e+05   0.000000e+00   0.000000e+00   0.000000e+00   1.207675e+06   0.000000e+00   0.000000e+00   0.000000e+00
      136000   1.359990e-06   1.475842e+00   8.715414e+00   1.693401e+01   1.011648e+06  -2.369811e+05   6.155379e+05   0.000000e+00   0.000000e+00   0.000000e+00   1.207675e+06   0.000000e+00   0.000000e+00   0.000000e+00
      144000   1.439990e-06   1.556774e+00   8.696455e+00   1.698326e+01   1.011648e+06  -2.369811e+05   6.155379e+05   0.000000e+00   0.000000e+00   0.000000e+00   1.207675e+06   0.000000e+00   0.000000e+00   0.000000e+00
      152000   1.519990e-06   1.637706e+00   8.677497e+00   1.703250e+01   1.011648e+06  -2.369811e+05   6.155379e+05   0.000000e+00   0.000000e+00   0.000000e+00   1.207675e+06   0.000000e+00   0.000000e+00   0.000000e+00
      160000   1.599990e-06   1.718637e+00   8.658538e+00   1.708174e+01   1.011648e+06  -2.369811e+05   6.155379e+05   0.000000e+00   0.000000e+00   0.000000e+00   1.207675e+06   0.000000e+00   0.000000e+00   0.000000e+00
      168000   1.679990e-06   1.799569e+00   8.639580e+00   1.713099e+01   1.011648e+06  -2.369811e+05   6.155379e+05   0.000000e+00   0.000000e+00   0.000000e+00   1.207675e+06   0.000000e+00   0.000000e+00   0.000000e+00
      176000   1.759990e-06   1.880501e+00   8.620621e+00   1.718023e+01   1.011648e+06  -2.369811e+05   6.155379e+05   0.000000e+00   0.000000e+00   0.000000e+00   1.207675e+06   0.000000e+00   0.000000e+00   0.000000e+00
      184000   1.839990e-06   1.961433e+00   8.601663e+00   1.722947e+01   1.011648e+06  -2.369811e+05   6.155379e+05   0.000000e+00   0.000000e+00   0.000000e+00   1.207675e+06   0.000000e+00   0.000000e+00   0.000000e+00
      192000   1.919990e-06   2.042365e+00   8.582704e+00   1.727872e+01   1.011648e+06  -2.369811e+05   6.155379e+05   0.000000e+00   0.000000e+00   0.000000e+00   1.207675e+06   0.000000e+00   0.000000e+00   0.000000e+00
      200000   1.999990e-06   2.123297e+00   8.563746e+00   1.732796e+01   1.011648e+06  -2.369811e+05   6.155379e+05   0.000000e+00   0.000000e+00   0.000000e+00   1.207675e+06   0.000000e+00   0.000000e+00   0.000000e+00
      208000   2.079990e-06   2.204229e+00   8.544787e+00   1.737720e+01   1.011648e+06  -2.369811e+05   6.155379e+05   0.000000e+00   0.000000e+00   0.000000e+00   1.207675e+06   0.000000e+00   0.000000e+00   0.000000e+00
      216000   2.159990e-06   2.285160e+00   8.525829e+00   1.742644e+01   1.011648e+06  -2.369811e+05   6.155379e+05   0.000000e+00   0.000000e+00   0.000000e+00   1.207675e+06   0.000000e+00   0.000000e+00   0.000000e+00
      224000   2.239990e-06   2.366092e+00   8.506870e+00   1.747569e+01   1.011648e+06  -2.369811e+05   6.155379e+05   0.000000e+00   0.000000e+00   0.000000e+00   1.207675e+06   0.000000e+00   0.000000e+00   0.000000e+00
      232000   2.319990e-06   2.447024e+00   8.487912e+00   1.752493e+01   1.011648e+06  -2.369811e+05   6.155379e+05   0.000000e+00   0.000000e+00   0.000000e+00   1.207675e+06   0.000000e+00   0.000000e+00   0.000000e+00
      240000   2.399990e-06   2.527956e+00   8.468953e+00   1.757417e+01   1.011648e+06  -2.369811e+05   6.155379e+05   0.000000e+00   0.000000e+00   0.000000e+00   1.207675e+06   0.000000e+00   0.000000e+00   0.000000e+00
      248000   2.479990e-06   2.608888e+00   8.449995e+00   1.762342e+01   1.011648e+06  -2.369811e+05   6.155379e+05   0.000000e+00   0.000000e+00   0.000000e+00   1.207675e+06   0.000000e+00   0.000000e+00   0.000000e+00
      256000   2.559990e-06   2.689820e+00   8.431036e+00   1.767266e+01   1.011648e+06  -2.369811e+05   6.155379e+05   0.000000e+00   0.000000e+00   0.000000e+00   1.207675e+06   0.000000e+00   0.000000e+00   0.000000e+00
      264000   2.639990e-06   2.770752e+00   8.412078e+00   1.772190e+01   1.011648e+06  -2.369811e+05   6.155379e+05   0.000000e+00   0.000000e+00   0.000000e+00   1.207675e+06   0.000000e+00   0.000000e+00   0.000000e+00
      272000   2.719990e-06   2.851684e+00   8.393119e+00   1.777115e+01   1.011648e+06  -2.369811e+05   6.155379e+05   0.000000e+00   0.000000e+00   0.000000e+00   1.207675e+06   0.000000e+00   0.000000e+00   0.000000e+00
      280000   2.799990e-06   2.932615e+00   8.374161e+00   1.782039e+01   1.011648e+06  -2.369811e+05   6.155379e+05   0.000000e+00   0.000000e+00   0.000000e+00   1.207675e+06   0.000000e+00   0.000000e+00   0.000000e+00
      288000   2.879990e-06   3.013547e+00   8.355202e+00   1.786963e+01   1.011648e+06  -2.369811e+05   6.155379e+05   0.000000e+00   0.000000e+00   0.000000e+00   1.207675e+06   0.000000e+00   0.000000e+00   0.000000e+00
      296000   2.959990e-06   3.094479e+00   8.336244e+00   1.791888e+01   1.011648e+06  -2.369811e+05   6.155379e+05   0.000000e+00   0.000000e+00   0.000000e+00   1.207675e+06   0.000000e+00   0.000000e+00   0.000000e+00
      304000   3.039990e-06   3.175411e+00   8.317285e+00   1.796812e+01   1.011648e+06  -2.369811e+05   6.155379e+05   0.000000e+00   0.000000e+00   0.000000e+00   1.207675e+06   0.000000e+00   0.000000e+00   0.000000e+00
      312000   3.119990e-06   3.256343e+00   8.298327e+00   1.801736e+01   1.011648e+06  -2.369811e+05   6.155379e+05   0.000000e+00   0.000000e+00   0.000000e+00   1.207675e+06   0.000000e+00   0.000000e+00   0.000000e+00
      320000   3.199990e-06   3.337275e+00   8.279368e+00   1.806660e+01   1.011648e+06  -2.369811e+05   6.155379e+05   0.000000e+00   0.000000e+00   0.000000e+00   1.207675e+06   0.000000e+00   0.000000e+00   0.000000e+00
      328000   3.279990e-06   3.418207e+00   8.260410e+00   1.811585e+01   1.011648e+06  -2.369811e+05   6.155379e+05   0.000000e+00   0.000000e+00   0.000000e+00   1.207675e+06   0.000000e+00   0.000000e+00   0.000000e+00
      336000   3.359990e-06   3.499138e+00   8.241451e+00   1.816509e+01   1.011648e+06  -2.369811e+05   6.155379e+05   0.000000e+00   0.000000e+00   0.000000e+00   1.207675e+06   0.000000e+00   0.000000e+00   0.000000e+00
      344000   3.439990e-06   3.580070e+00   8.222493e+00   1.821433e+01   1.011648e+06  -2.369811e+05   6.155379e+05   0.000000e+00   0.000000e+00   0.000000e+00   1.207675e+06   0.000000e+00   0.000000e+00   0.000000e+00
      352000   3.519990e-06   3.661002e+00   8.203535e+00   1.826358e+01   1.011648e+06  -2.369811e+05   6.155379e+05   0.000000e+00   0.000000e+00   0.000000e+00   1.207675e+06   0.000000e+00   0.000000e+00   0.000000e+00
      360000   3.599990e-06   3.741934e+00   8.184576e+00   1.831282e+01   1.011648e+06  -2.369811e+05   6.155379e+05   0.000000e+00   0.000000e+00   0.000000e+00   1.207675e+06   0.000000e+00   0.000000e+00   0.000000e+00
      368000   3.679990e-06   3.822866e+00   8.165618e+00   1.836206e+01   1.011648e+06  -2.369811e+05   6.155379e+05   0.000000e+00   0.000000e+00   0.000000e+00   1.207675e+06   0.000000e+00   0.000000e+00   0.000000e+00
      376000   3.759990e-06   3.903798e+00   8.146659e+00   1.841131e+01   1.011648e+06  -2.369811e+05   6.155379e+05   0.000000e+00   0.000000e+00   0.000000e+00   1.207675e+06   0.000000e+00   0.000000e+00   0.000000e+00
      384000   3.839990e-06   3.984730e+00   8.127701e+00   1.846055e+01   1.011648e+06  -2.369811e+05   6.155379e+05   0.000000e+00   0.000000e+00   0.000000e+00   1.207675e+06   0.000000e+00   0.000000e+00   0.000000e+00
      392000   3.919990e-06   4.065662e+00   8.108742e+00   1.850979e+01   1.011648e+06  -2.369811e+05   6.155379e+05   0.000000e+00   0.000000e+00   0.000000e+00   1.207675e+06   0.000000e+00   0.000000e+00   0.000000e+00
      400000   3.999990e-06   4.146593e+00   8.089784e+00   1.855903e+01   1.011648e+06  -2.369811e+05   6.155379e+05   0.000000e+00   0.000000e+00   0.000000e+00   1.207675e+06   0.000000e+00   0.000000e+00   0.000000e+00
      408000   4.079990e-06   4.227525e+00   8.070825e+00   1.860828e+01   1.011648e+06  -2.369811e+05   6.155379e+05   0.000000e+00   0.000000e+00   0.000000e+00   1.207675e+06   0.000000e+00   0.000000e+00   0.000000e+00
      416000   4.159990e-06   4.308457e+00   8.051867e+00   1.865752e+01   1.011648e+06  -2.369811e+05   6.155379e+05   0.000000e+00   0.000000e+00   0.000000e+00   1.207675e+06   0.000000e+00   0.000000e+00   0.000000e+00
      424000   4.239990e-06   4.389389e+00   8.032908e+00   1.870676e+01   1.011648e+06  -2.369811e+05   6.155379e+05   0.000000e+00   0.000000e+00   0.000000e+00   1.207675e+06   0.000000e+00   0.000000e+00   0.000000e+00
      432000   4.319990e-06   4.470321e+00   8.013950e+00   1.875601e+01   1.011648e+06  -2.369811e+05   6.155379e+05   0.000000e+00   0.000000e+00   0.000000e+00   1.207675e+06   0.000000e+00   0.000000e+00   0.000000e+00
      440000   4.399990e-06   4.551253e+00   7.994991e+00   1.880525e+01   1.011648e+06  -2.369811e+05   6.155379e+05   0.000000e+00   0.000000e+00   0.000000e+00   1.207675e+06   0.000000e+00   0.000000e+00   0.000000e+00
      448000   4.479990e-06   4.632185e+00   7.976033e+00   1.885449e+01   1.011648e+06  -2.369811e+05   6.155379e+05   0.000000e+00   0.000000e+00   0.000000e+00   1.207675e+06   0.000000e+00   0.000000e+00   0.000000e+00
      456000   4.559990e-06   4.713117e+00   7.957074e+00   1.890374e+01   1.011648e+06  -2.369811e+05   6.155379e+05   0.000000e+00   0.000000e+00   0.000000e+00   1.207675e+06   0.000000e+00   0.000000e+00   0.000000e+00
      464000   4.639990e-06   4.794048e+00   7.938116e+00   1.895298e+01   1.011648e+06  -2.369811e+05   6.155379e+05   0.000000e+00   0.000000e+00   0.000000e+00   1.207675e+06   0.000000e+00   0.000000e+00   0.000000e+00
      472000   4.719990e-06   4.874980e+00   7.919157e+00   1.900222e+01   1.011648e+06  -2.369811e+05   6.155379e+05   0.000000e+00   0.000000e+00   0.000000e+00   1.207675e+06   0.000000e+00   0.000000e+00   0.000000e+00
      480000   4.799990e-06   4.955912e+00   7.900199e+00   1.905147e+01   1.011648e+06  -2.369811e+05   6.155379e+05   0.000000e+00   0.000000e+00   0.000000e+00   1.207675e+06   0.000000e+00   0.000000e+00   0.000000e+00
      488000   4.879990e-06   5.036844e+00   7.881240e+00   1.910071e+01   1.011648e+06  -2.369811e+05   6.155379e+05   0.000000e+00   0.000000e+00   0.000000e+00   1.207675e+06   0.000000e+00   0.000000e+00   0.000000e+00
      496000   4.959990e-06   5.117776e+00   7.862282e+00   1.914995e+01   1.011648e+06  -2.369811e+05   6.155379e+05   0.000000e+00   0.000000e+00   0.000000e+00   1.207675e+06   0.000000e+00   0.000000e+00   0.000000e+00
      504000   5.039990e-06   5.198708e+00   7.843323e+00   1.919919e+01   1.011648e+06  -2.369811e+05   6.155379e+05   0.000000e+00   0.000000e+00   0.000000e+00   1.207675e+06   0.000000e+00   0.000000e+00   0.000000e+00
      512000   5.119990e-06   5.279640e+00   7.824365e+00   1.924844e+01   1.011648e+06  -2.369811e+05   6.155379e+05   0.000000e+00   0.000000e+00   0.000000e+00   1.207675e+06   0.000000e+00   0.000000e+00   0.000000e+00
      520000   5.199990e-06   5.360571e+00   7.805406e+00   1.929768e+01   1.011648e+06  -2.369811e+05   6.155379e+05   0.000000e+00   0.000000e+00   0.000000e+00   1.207675e+06   0.000000e+00   0.000000e+00   0.000000e+00
      528000   5.279990e-06   5.441503e+00   7.786448e+00   1.934692e+01   1.011648e+06  -2.369811e+05   6.155379e+05   0.000000e+00   0.000000e+00   0.000000e+00   1.207675e+06   0.000000e+00   0.000000e+00   0.000000e+00
      536000   5.359990e-06   5.522435e+00   7.767489e+00   1.939617e+01   1.011648e+06  -2.369811e+05   6.155379e+05   0.000000e+00   0.000000e+00   0.000000e+00   1.207675e+06   0.000000e+00   0.000000e+00   0.000000e+00
      544000   5.439990e-06   5.603367e+00   7.748531e+00   1.944541e+01   1.011648e+06  -2.369811e+05   6.155379e+05   0.000000e+00   0.000000e+00   0.000000e+00   1.207675e+06   0.000000e+00   0.000000e+00   0.000000e+00
      552000   5.519990e-06   5.684299e+00   7.729572e+00   1.949465e+01   1.011648e+06  -2.369811e+05   6.155379e+05   0.000000e+00   0.000000e+00   0.000000e+00   1.207675e+06   0.000000e+00   0.000000e+00   0.000000e+00
      560000   5.599990e-06   5.765231e+00   7.710614e+00   1.954390e+01   1.011648e+06  -2.369811e+05   6.155380e+05   0.000000e+00   0.000000e+00   0.000000e+00   1.207675e+06   0.000000e+00   0.000000e+00   0.000000e+00
      568000   5.679990e-06   5.846163e+00   7.691655e+00   1.959314e+01   1.011648e+06  -2.369803e+05   6.155394e+05   0.000000e+00   0.000000e+00   0.000000e+00   1.207675e+06   0.000000e+00   0.000000e+00   0.000000e+00
      576000   5.759990e-06   5.927094e+00   7.672697e+00   1.964238e+01   1.011635e+06  -2.369666e+05   6.155652e+05  -8.387708e+07   9.211934e+07   1.733077e+08   1.207675e+06   1.363567e-25   0.000000e+00   0.000000e+00
      584000   5.839990e-06   6.008024e+00   7.653741e+00   1.969163e+01   1.011623e+06  -2.369528e+05   6.155911e+05  -6.932878e+08   7.576966e+08   1.430956e+09   1.207675e+06   9.285445e-24   0.000000e+00   0.000000e+00
      592000   5.919990e-06   6.088953e+00   7.634786e+00   1.974088e+01   1.011590e+06  -2.369167e+05   6.156592e+05  -2.893148e+08   3.151924e+08   5.966648e+08   1.207675e+06   1.613832e-24   0.000000e+00   0.000000e+00
      600000   5.999990e-06   6.169878e+00   7.615835e+00   1.979014e+01   1.011526e+06  -2.368473e+05   6.157909e+05  -1.095199e+09   1.188031e+09   2.255968e+09   1.207675e+06   2.304763e-23   0.000000e+00   0.000000e+00
      608000   6.079990e-06   6.250797e+00   7.596890e+00   1.983941e+01   1.011456e+06  -2.367717e+05   6.159349e+05  -8.782777e+08   9.466930e+08   1.806180e+09   1.207675e+06   1.475742e-23   0.000000e+00   0.000000e+00
      616000   6.159990e-06   6.331711e+00   7.577951e+00   1.988869e+01   1.011405e+06  -2.367174e+05   6.160385e+05  -1.809037e+08   1.958034e+08   3.722447e+08   1.207675e+06   6.278678e-25   0.000000e+00   0.000000e+00
      624000   6.239990e-06   6.412622e+00   7.559016e+00   1.993797e+01   1.011364e+06  -2.366733e+05   6.161231e+05  -9.242222e+07   9.887597e+07   1.896923e+08   1.207675e+06   1.627902e-25   0.000000e+00   0.000000e+00
      632000   6.319990e-06   6.493531e+00   7.540081e+00   1.998726e+01   1.011379e+06  -2.366889e+05   6.160930e+05   4.591409e+08  -4.887895e+08  -9.415079e+08   1.207675e+06   3.998512e-24   0.000000e+00   0.000000e+00
      640000   6.399990e-06   6.574441e+00   7.521146e+00   2.003655e+01   1.011379e+06  -2.366893e+05   6.160922e+05  -1.040443e+02  -5.269674e+02  -3.164995e+01   1.207675e+06   8.666248e-37   0.000000e+00   0.000000e+00
      648000   6.479990e-06   6.655352e+00   7.502211e+00   2.008584e+01   1.011379e+06  -2.366893e+05   6.160922e+05  -1.538777e+02  -4.929316e+02   6.323254e+01   1.207675e+06   8.102133e-37   0.000000e+00   0.000000e+00
      656000   6.559990e-06   6.736262e+00   7.483276e+00   2.013512e+01   1.011379e+06  -2.366893e+05   6.160922e+05  -1.061249e+02  -4.650344e+02  -4.441196e+00   1.207675e+06   6.811226e-37   0.000000e+00   0.000000e+00
      664000   6.639990e-06   6.817172e+00   7.464341e+00   2.018441e+01   1.011379e+06  -2.366893e+05   6.160922e+05  -1.471363e+02  -5.979878e+02   1.180548e+01   1.207675e+06   1.135589e-36   0.000000e+00   0.000000e+00
      672000   6.719990e-06   6.898083e+00   7.445406e+00   2.023370e+01   1.011379e+06  -2.366893e+05   6.160922e+05  -1.358240e+02  -5.803790e+02  -9.196816e-20   1.207675e+06   1.063511e-36   0.000000e+00   0.000000e+00
      680000   6.799990e-06   6.978993e+00   7.426471e+00   2.028299e+01   1.011379e+06  -2.366893e+05   6.160922e+05  -1.628166e+02  -6.957192e+02   8.898296e-20   1.207675e+06   1.528245e-36   0.000000e+00   0.000000e+00
      688000   6.879990e-06   7.059903e+00   7.407535e+00   2.033227e+01   1.011379e+06  -2.366893e+05   6.160922e+05  -1.402543e+02  -5.993102e+02  -8.140949e-20   1.207675e+06   1.134104e-36   0.000000e+00   0.000000e+00
      696000   6.959990e-06   7.140814e+00   7.388600e+00   2.038156e+01   1.011379e+06  -2.366893e+05   6.160922e+05  -7.396019e+01  -3.160337e+02   1.611662e-20   1.207675e+06   3.154276e-37   0.000000e+00   0.000000e+00
      704000   7.039990e-06   7.221724e+00   7.369665e+00   2.043085e+01   1.011379e+06  -2.366893e+05   6.160922e+05  -1.408816e+02  -6.019906e+02  -7.973911e-20   1.207675e+06   1.144128e-36   0.000000e+00   0.000000e+00
      712000   7.119990e-06   7.302635e+00   7.350730e+00   2.048013e+01   1.011379e+06  -2.366893e+05   6.160922e+05  -1.316093e+02  -5.623695e+02   1.559468e-19   1.207675e+06   9.986234e-37   0.000000e+00   0.000000e+00
      720000   7.199990e-06   7.383545e+00   7.331795e+00   2.052942e+01   1.011379e+06  -2.366893e+05   6.160922e+05  -1.635784e+02  -6.989745e+02   3.673719e-19   1.207675e+06   1.542546e-36   0.000000e+00   0.000000e+00
      728000   7.279990e-06   7.464455e+00   7.312860e+00   2.057871e+01   1.011379e+06  -2.366893e+05   6.160922e+05  -1.070236e+02  -4.573145e+02   2.250452e-19   1.207675e+06   6.603716e-37   0.000000e+00   0.000000e+00
      736000   7.359990e-06   7.545366e+00   7.293925e+00   2.062800e+01   1.011379e+06  -2.366893e+05   6.160922e+05  -1.128381e+02  -4.821601e+02   1.082355e-19   1.207675e+06   7.341130e-37   0.000000e+00   0.000000e+00
      744000   7.439990e-06   7.626276e+00   7.274989e+00   2.067728e+01   1.011379e+06  -2.366893e+05   6.160922e+05  -1.997474e+02  -8.535254e+02  -4.595365e-20   1.207675e+06   2.299910e-36   0.000000e+00   0.000000e+00
      752000   7.519990e-06   7.707186e+00   7.256054e+00   2.072657e+01   1.011379e+06  -2.366893e+05   6.160922e+05  -1.164367e+02  -4.975366e+02   1.510844e-19   1.207675e+06   7.815613e-37   0.000000e+00   0.000000e+00
      760000   7.599990e-06   7.788097e+00   7.237119e+00   2.077586e+01   1.011379e+06  -2.366893e+05   6.160922e+05  -1.310814e+02  -5.601138e+02  -2.862295e-19   1.207675e+06   9.905284e-37   0.000000e+00   0.000000e+00
      768000   7.679990e-06   7.869007e+00   7.218184e+00   2.082515e+01   1.011379e+06  -2.366893e+05   6.160922e+05  -1.267172e+02  -5.414655e+02  -3.757282e-19   1.207675e+06   9.256402e-37   0.000000e+00   0.000000e+00
      776000   7.759990e-06   7.949917e+00   7.199249e+00   2.087443e+01   1.011379e+06  -2.366893e+05   6.160922e+05  -1.224017e+02  -5.230254e+02  -1.607107e-19   1.207675e+06   8.637561e-37   0.000000e+00   0.000000e+00
      784000   7.839990e-06   8.030828e+00   7.180314e+00   2.092372e+01   1.011379e+06  -2.366893e+05   6.160922e+05  -1.504822e+02  -6.430140e+02   1.596211e-19   1.207675e+06   1.305479e-36   0.000000e+00   0.000000e+00
      792000   7.919990e-06   8.111738e+00   7.161379e+00   2.097301e+01   1.011379e+06  -2.366893e+05   6.160922e+05  -1.393927e+02  -5.956284e+02   3.003337e-20   1.207675e+06   1.120177e-36   0.000000e+00   0.000000e+00
      800000   7.999990e-06   8.192648e+00   7.142443e+00   2.102230e+01   1.011379e+06  -2.366893e+05   6.160922e+05  -1.973560e+02  -8.433068e+02  -2.179387e-19   1.207675e+06   2.245289e-36   0.000000e+00   0.000000e+00
      808000   8.079990e-06   8.273559e+00   7.123508e+00   2.107158e+01   1.011379e+06  -2.366893e+05   6.160922e+05  -1.122872e+02  -4.798057e+02  -2.998071e-20   1.207675e+06   7.269167e-37   0.000000e+00   0.000000e+00
      816000   8.159990e-06   8.354469e+00   7.104573e+00   2.112087e+01   1.011379e+06  -2.366893e+05   6.160922e+05  -1.451139e+02  -6.200752e+02   2.039236e-19   1.207675e+06   1.214002e-36   0.000000e+00   0.000000e+00
      824000   8.239990e-06   8.435379e+00   7.085638e+00   2.117016e+01   1.011379e+06  -2.366893e+05   6.160922e+05  -1.503585e+02  -6.424854e+02   1.773351e-19   1.207675e+06   1.303320e-36   0.000000e+00   0.000000e+00
      832000   8.319990e-06   8.516290e+00   7.066703e+00   2.121945e+01   1.011379e+06  -2.366893e+05   6.160922e+05  -1.290153e+02  -5.512853e+02  -3.884540e-20   1.207675e+06   9.595946e-37   0.000000e+00   0.000000e+00
      840000   8.399990e-06   8.597200e+00   7.047768e+00   2.126873e+01   1.011379e+06  -2.366893e+05   6.160922e+05  -1.190390e+02  -5.086567e+02   8.311585e-20   1.207675e+06   8.169306e-37   0.000000e+00   0.000000e+00
      848000   8.479990e-06   8.678110e+00   7.028832e+00   2.131802e+01   1.011379e+06  -2.366893e+05   6.160922e+05  -1.179773e+02  -5.041198e+02  -3.303798e-20   1.207675e+06   8.024739e-37   0.000000e+00   0.000000e+00
      856000   8.559990e-06   8.759021e+00   7.009897e+00   2.136731e+01   1.011379e+06  -2.366893e+05   6.160922e+05  -1.103671e+02  -4.716012e+02  -1.247420e-19   1.207675e+06   7.022927e-37   0.000000e+00   0.000000e+00
      864000   8.639990e-06   8.839931e+00   6.990962e+00   2.141659e+01   1.011379e+06  -2.366893e+05   6.160922e+05  -1.515296e+02  -6.474895e+02   7.897738e-20   1.207675e+06   1.323671e-36   0.000000e+00   0.000000e+00
      872000   8.719990e-06   8.920841e+00   6.972027e+00   2.146588e+01   1.011379e+06  -2.366893e+05   6.160922e+05  -1.418714e+02  -6.062197e+02   1.829347e-20   1.207675e+06   1.160415e-36   0.000000e+00   0.000000e+00
      880000   8.799990e-06   9.001752e+00   6.953092e+00   2.151517e+01   1.011379e+06  -2.366893e+05   6.160922e+05  -1.488227e+02  -6.359230e+02   1.892057e-19   1.207675e+06   1.276929e-36   0.000000e+00   0.000000e+00
      888000   8.879990e-06   9.082662e+00   6.934157e+00   2.156446e+01   1.011379e+06  -2.366893e+05   6.160922e+05  -1.061878e+02  -4.537431e+02   2.258985e-19   1.207675e+06   6.501152e-37   0.000000e+00   0.000000e+00
      896000   8.959990e-06   9.163572e+00   6.915222e+00   2.161374e+01   1.011379e+06  -2.366893e+05   6.160922e+05  -1.625666e+02  -6.946509e+02  -1.014874e-19   1.207675e+06   1.523563e-36   0.000000e+00   0.000000e+00
      904000   9.039990e-06   9.244483e+00   6.896286e+00   2.166303e+01   1.011379e+06  -2.366893e+05   6.160922e+05  -2.114637e+02  -9.035893e+02   1.170097e-19   1.207675e+06   2.577773e-36   0.000000e+00   0.000000e+00
      912000   9.119990e-06   9.325393e+00   6.877351e+00   2.171232e+01   1.011379e+06  -2.366893e+05   6.160922e+05  -1.211374e+02  -5.176228e+02   2.021060e-19   1.207675e+06   8.460562e-37   0.000000e+00   0.000000e+00
      920000   9.199990e-06   9.406303e+00   6.858416e+00   2.176161e+01   1.011379e+06  -2.366893e+05   6.160922e+05  -1.678552e+02  -7.172494e+02   7.168439e-20   1.207675e+06   1.624145e-36   0.000000e+00   0.000000e+00
      928000   9.279990e-06   9.487214e+00   6.839481e+00   2.181089e+01   1.011379e+06  -2.366893e+05   6.160922e+05  -1.324284e+02  -5.658698e+02  -1.025060e-19   1.207675e+06   1.011017e-36   0.000000e+00   0.000000e+00
      936000   9.359990e-06   9.568124e+00   6.820546e+00   2.186018e+01   1.011379e+06  -2.366893e+05   6.160922e+05  -1.725417e+02  -7.372747e+02   1.642889e-19   1.207675e+06   1.716268e-36   0.000000e+00   0.000000e+00
      944000   9.439990e-06   9.649034e+00   6.801611e+00   2.190947e+01   1.011379e+06  -2.366893e+05   6.160922e+05  -1.447001e+02  -6.183070e+02   2.679608e-19   1.207675e+06   1.207027e-36   0.000000e+00   0.000000e+00
      952000   9.519990e-06   9.729945e+00   6.782676e+00   2.195876e+01   1.011379e+06  -2.366893e+05   6.160922e+05  -1.068474e+02  -4.565616e+02   9.984743e-20   1.207675e+06   6.582609e-37   0.000000e+00   0.000000e+00
      960000   9.599990e-06   9.810855e+00   6.763740e+00   2.200804e+01   1.011379e+06  -2.366893e+05   6.160922e+05  -1.606997e+02  -6.866738e+02  -3.971398e-20   1.207675e+06   1.488857e-36   0.000000e+00   0.000000e+00
      968000   9.679990e-06   9.891765e+00   6.744805e+00   2.205733e+01   1.011379e+06  -2.366893e+05   6.160922e+05  -1.230042e+02  -5.255999e+02   4.818381e-20   1.207675e+06   8.723089e-37   0.000000e+00   0.000000e+00
      976000   9.759990e-06   9.972676e+00   6.725870e+00   2.210662e+01   1.011379e+06  -2.366893e+05   6.160922e+05  -1.712090e+02  -7.315800e+02   1.230075e-19   1.207675e+06   1.689742e-36   0.000000e+00   0.000000e+00
      984000   9.839990e-06   1.005359e+01   6.706935e+00   2.215591e+01   1.011379e+06  -2.366893e+05   6.160922e+05  -1.671707e+02  -7.143243e+02   2.974745e-19   1.207675e+06   1.611114e-36   0.000000e+00   0.000000e+00
      992000   9.919990e-06   1.013450e+01   6.688000e+00   2.220519e+01   1.011379e+06  -2.366893e+05   6.160922e+05  -9.757950e+01  -4.169595e+02  -2.023660e-19   1.207675e+06   5.490041e-37   0.000000e+00   0.000000e+00
     1000000   9.999990e-06   1.021541e+01   6.669065e+00   2.225448e+01   1.011379e+06  -2.366893e+05   6.160922e+05  -1.580573e+02  -6.753826e+02   1.022279e-19   1.207675e+06   1.440105e-36   0.000000e+00   0.000000e+00
     1008000   1.007999e-05   1.029632e+01   6.650130e+00   2.230377e+01   1.011379e+06  -2.366893e+05   6.160922e+05  -1.171770e+02  -5.007000e+02   2.710259e-20   1.207675e+06   7.915817e-37   0.000000e+00   0.000000e+00
     1016000   1.015999e-05   1.037723e+01   6.631194e+00   2.235306e+01   1.011379e+06  -2.366893e+05   6.160922e+05  -1.810783e+02  -7.737519e+02  -1.746825e-20   1.207675e+06   1.890260e-36   0.000000e+00   0.000000e+00
     1024000   1.023999e-05   1.045814e+01   6.612259e+00   2.240234e+01   1.011379e+06  -2.366893e+05   6.160922e+05  -1.420954e+02  -6.071771e+02  -7.517128e-20   1.207675e+06   1.164008e-36   0.000000e+00   0.000000e+00
     1032000   1.031999e-05   1.053905e+01   6.593324e+00   2.245163e+01   1.011379e+06  -2.366893e+05   6.160922e+05  -1.391557e+02  -5.946158e+02   1.150726e-19   1.207675e+06   1.116346e-36   0.000000e+00   0.000000e+00
     1040000   1.039999e-05   1.061996e+01   6.574389e+00   2.250092e+01   1.011379e+06  -2.366893e+05   6.160922e+05  -1.560078e+02  -6.666250e+02  -2.257666e-19   1.207675e+06   1.403237e-36   0.000000e+00   0.000000e+00
     1048000   1.047999e-05   1.070087e+01   6.555454e+00   2.255020e+01   1.011379e+06  -2.366893e+05   6.160922e+05  -1.466950e+02  -6.268312e+02   1.965431e-19   1.207675e+06   1.240477e-36   0.000000e+00   0.000000e+00
     1056000   1.055999e-05   1.078178e+01   6.536519e+00   2.259949e+01   1.011379e+06  -2.366893e+05   6.160922e+05  -1.993679e+02  -8.519040e+02  -6.122925e-19   1.207675e+06   2.291285e-36   0.000000e+00   0.000000e+00
     1064000   1.063999e-05   1.086269e+01   6.517584e+00   2.264878e+01   1.011379e+06  -2.366893e+05   6.160922e+05  -1.589591e+02  -6.792360e+02  -1.064513e-19   1.207675e+06   1.456605e-36   0.000000e+00   0.000000e+00
     1072000   1.071999e-05   1.094360e+01   6.498648e+00   2.269807e+01   1.011379e+06  -2.366893e+05   6.160922e+05  -2.136968e+02  -9.131313e+02   1.461787e-19   1.207675e+06   2.632470e-36   0.000000e+00   0.000000e+00
     1080000   1.079999e-05   1.102451e+01   6.479713e+00   2.274735e+01   1.011379e+06  -2.366893e+05   6.160922e+05  -1.886031e+02  -8.059054e+02   7.590616e-20   1.207675e+06   2.050593e-36   0.000000e+00   0.000000e+00
     1088000   1.087999e-05   1.110542e+01   6.460778e+00   2.279664e+01   1.011379e+06  -2.366893e+05   6.160922e+05  -1.162865e+02  -4.968949e+02   2.628219e-19   1.207675e+06   7.796290e-37   0.000000e+00   0.000000e+00
     1096000   1.095999e-05   1.118633e+01   6.441843e+00   2.284593e+01   1.011379e+06  -2.366893e+05   6.160922e+05  -1.858538e+02  -7.941578e+02   5.425796e-20   1.207675e+06   1.991200e-36   0.000000e+00   0.000000e+00
     1104000   1.103999e-05   1.126724e+01   6.422908e+00   2.289522e+01   1.011379e+06  -2.366893e+05   6.160922e+05  -1.495567e+02  -6.390593e+02  -3.153500e-19   1.207675e+06   1.289494e-36   0.000000e+00   0.000000e+00
     1112000   1.111999e-05   1.134815e+01   6.403973e+00   2.294450e+01   1.011379e+06  -2.366893e+05   6.160922e+05  -1.562900e+02  -6.678308e+02  -2.026231e-19   1.207675e+06   1.408209e-36   0.000000e+00   0.000000e+00
     1120000   1.119999e-05   1.142906e+01   6.385037e+00   2.299379e+01   1.011379e+06  -2.366893e+05   6.160922e+05  -9.859024e+01  -4.212784e+02   1.389230e-22   1.207675e+06   5.604166e-37   0.000000e+00   0.000000e+00
     1128000   1.127999e-05   1.150997e+01   6.366102e+00   2.304308e+01   1.011379e+06  -2.366893e+05   6.160922e+05  -1.621568e+02  -6.928998e+02   2.627579e-19   1.207675e+06   1.515923e-36   0.000000e+00   0.000000e+00
     1136000   1.135999e-05   1.159088e+01   6.347167e+00   2.309237e+01   1.011379e+06  -2.366893e+05   6.160922e+05  -1.475513e+02  -6.304904e+02  -1.234288e-19   1.207675e+06   1.255146e-36   0.000000e+00   0.000000e+00
     1144000   1.143999e-05   1.167179e+01   6.328232e+00   2.314165e+01   1.011379e+06  -2.366893e+05   6.160922e+05  -1.644048e+02  -7.025056e+02  -2.762796e-19   1.207675e+06   1.558216e-36   0.000000e+00   0.000000e+00
     1152000   1.151999e-05   1.175270e+01   6.309297e+00   2.319094e+01   1.011379e+06  -2.366893e+05   6.160922e+05  -1.628971e+02  -6.960630e+02   1.741723e-19   1.207675e+06   1.529730e-36   0.000000e+00   0.000000e+00
     1160000   1.159999e-05   1.183361e+01   6.290362e+00   2.324023e+01   1.011379e+06  -2.366893e+05   6.160922e+05  -1.058835e+02  -4.524428e+02  -1.229905e-21   1.207675e+06   6.464210e-37   0.000000e+00   0.000000e+00
     1168000   1.167999e-05   1.191452e+01   6.271427e+00   2.328952e+01   1.011379e+06  -2.366893e+05   6.160922e+05  -1.745325e+02  -7.457814e+02   3.368048e-19   1.207675e+06   1.755940e-36   0.000000e+00   0.000000e+00
     1176000   1.175999e-05   1.199543e+01   6.252491e+00   2.333880e+01   1.011379e+06  -2.366893e+05   6.160922e+05  -1.968219e+02  -8.410248e+02   1.946031e-19   1.207675e+06   2.233129e-36   0.000000e+00   0.000000e+00
     1184000   1.183999e-05   1.207634e+01   6.233556e+00   2.338809e+01   1.011379e+06  -2.366893e+05   6.160922e+05  -8.242522e+01  -3.522049e+02   1.747963e-19   1.207675e+06   3.917869e-37   0.000000e+00   0.000000e+00
     1192000   1.191999e-05   1.215725e+01   6.214621e+00   2.343738e+01   1.011379e+06  -2.366893e+05   6.160922e+05  -1.412999e+02  -6.037777e+02   4.979025e-20   1.207675e+06   1.151079e-36   0.000000e+00   0.000000e+00
     1200000   1.199999e-05   1.223817e+01   6.195686e+00   2.348666e+01   1.011379e+06  -2.366893e+05   6.160922e+05  -1.228045e+02  -5.247465e+02   1.654938e-19   1.207675e+06   8.694411e-37   0.000000e+00   0.000000e+00
     1208000   1.207999e-05   1.231908e+01   6.176751e+00   2.353595e+01   1.011379e+06  -2.366893e+05   6.160922e+05  -1.046666e+02  -4.472430e+02   4.146480e-20   1.207675e+06   6.316059e-37   0.000000e+00   0.000000e+00
     1216000   1.215999e-05   1.239999e+01   6.157816e+00   2.358524e+01   1.011379e+06  -2.366893e+05   6.160922e+05  -7.322533e+01  -3.128936e+02   1.313998e-19   1.207675e+06   3.091480e-37   0.000000e+00   0.000000e+00
     1224000   1.223999e-05   1.248090e+01   6.138881e+00   2.363453e+01   1.011379e+06  -2.366893e+05   6.160922e+05  -1.285939e+02  -5.494847e+02   2.815587e-19   1.207675e+06   9.533056e-37   0.000000e+00   0.000000e+00
     1232000   1.231999e-05   1.256181e+01   6.119945e+00   2.368381e+01   1.011379e+06  -2.366893e+05   6.160922e+05  -1.865129e+02  -7.969740e+02  -1.403703e-19   1.207675e+06   2.005378e-36   0.000000e+00   0.000000e+00
     1240000   1.239999e-05   1.264272e+01   6.101010e+00   2.373310e+01   1.011379e+06  -2.366893e+05   6.160922e+05  -1.477920e+02  -6.315186e+02   1.682731e-19   1.207675e+06   1.259082e-36   0.000000e+00   0.000000e+00
     1248000   1.247999e-05   1.272363e+01   6.082075e+00   2.378239e+01   1.011379e+06  -2.366893e+05   6.160922e+05  -1.369357e+02  -5.851296e+02   3.003198e-20   1.207675e+06   1.081067e-36   0.000000e+00   0.000000e+00
     1256000   1.255999e-05   1.280454e+01   6.063140e+00   2.383168e+01   1.011379e+06  -2.366893e+05   6.160922e+05  -1.543378e+02  -6.594893e+02  -1.397852e-19   1.207675e+06   1.373362e-36   0.000000e+00   0.000000e+00
     1264000   1.263999e-05   1.288545e+01   6.044205e+00   2.388096e+01   1.011379e+06  -2.366893e+05   6.160922e+05  -9.344259e+01  -3.992824e+02   5.564079e-20   1.207675e+06   5.034515e-37   0.000000e+00   0.000000e+00
     1272000   1.271999e-05   1.296636e+01   6.025270e+00   2.393025e+01   1.011379e+06  -2.366893e+05   6.160922e+05  -8.350092e+01  -3.568014e+02   5.180949e-20   1.207675e+06   4.020388e-37   0.000000e+00   0.000000e+00
     1280000   1.279999e-05   1.304727e+01   6.006335e+00   2.397954e+01   1.011379e+06  -2.366893e+05   6.160922e+05  -1.380007e+02  -5.896801e+02   2.188639e-19   1.207675e+06   1.097803e-36   0.000000e+00   0.000000e+00
     1288000   1.287999e-05   1.312818e+01   5.987399e+00   2.402883e+01   1.011379e+06  -2.366893e+05   6.160922e+05  -1.449762e+02  -6.194869e+02  -2.164920e-19   1.207675e+06   1.211704e-36   0.000000e+00   0.000000e+00
     1296000   1.295999e-05   1.320909e+01   5.968464e+00   2.407811e+01   1.011379e+06  -2.366893e+05   6.160922e+05  -1.534612e+02  -6.557432e+02  -3.006432e-19   1.207675e+06   1.357596e-36   0.000000e+00   0.000000e+00
     1304000   1.303999e-05   1.329000e+01   5.949529e+00   2.412740e+01   1.011379e+06  -2.366893e+05   6.160922e+05  -1.548054e+02  -6.614873e+02  -2.767604e-19   1.207675e+06   1.381544e-36   0.000000e+00   0.000000e+00
     1312000   1.311999e-05   1.337091e+01   5.930594e+00   2.417669e+01   1.011379e+06  -2.366893e+05   6.160922e+05  -1.481032e+02  -6.328483e+02  -6.792835e-20   1.207675e+06   1.264510e-36   0.000000e+00   0.000000e+00
     1320000   1.319999e-05   1.345182e+01   5.911659e+00   2.422598e+01   1.011379e+06  -2.366893e+05   6.160922e+05  -1.465219e+02  -6.260914e+02   9.052412e-20   1.207675e+06   1.237682e-36   0.000000e+00   0.000000e+00
     1328000   1.327999e-05   1.353273e+01   5.892724e+00   2.427526e+01   1.011379e+06  -2.366893e+05   6.160922e+05  -1.392588e+02  -5.950564e+02  -2.024369e-19   1.207675e+06   1.118013e-36   0.000000e+00   0.000000e+00
     1336000   1.335999e-05   1.361364e+01   5.873788e+00   2.432455e+01   1.011379e+06  -2.366893e+05   6.160922e+05  -1.206377e+02  -5.154879e+02   7.727508e-20   1.207675e+06   8.390592e-37   0.000000e+00   0.000000e+00
     1344000   1.343999e-05   1.369455e+01   5.854853e+00   2.437384e+01   1.011379e+06  -2.366893e+05   6.160922e+05  -8.831229e+01  -3.773605e+02   9.690136e-20   1.207675e+06   4.496548e-37   0.000000e+00   0.000000e+00
     1352000   1.351999e-05   1.377546e+01   5.835918e+00   2.442312e+01   1.011379e+06  -2.366893e+05   6.160922e+05  -1.265924e+02  -5.409324e+02   4.182609e-20   1.207675e+06   9.238437e-37   0.000000e+00   0.000000e+00
     1360000   1.359999e-05   1.385637e+01   5.816983e+00   2.447241e+01   1.011379e+06  -2.366893e+05   6.160922e+05  -6.155337e+01  -2.630190e+02   6.199992e-20   1.207675e+06   2.184592e-37   0.000000e+00   0.000000e+00
     1368000   1.367999e-05   1.393728e+01   5.798048e+00   2.452170e+01   1.011379e+06  -2.366893e+05   6.160922e+05  -1.073235e+02  -4.585958e+02   7.643990e-20   1.207675e+06   6.640622e-37   0.000000e+00   0.000000e+00
     1376000   1.375999e-05   1.401819e+01   5.779113e+00   2.457099e+01   1.011379e+06  -2.366893e+05   6.160922e+05  -1.107901e+02  -4.734086e+02   3.758762e-20   1.207675e+06   7.075862e-37   0.000000e+00   0.000000e+00
     1384000   1.383999e-05   1.409910e+01   5.760178e+00   2.462027e+01   1.011379e+06  -2.366893e+05   6.160922e+05  -1.070774e+02  -4.575445e+02   2.245630e-19   1.207675e+06   6.610123e-37   0.000000e+00   0.000000e+00
     1392000   1.391999e-05   1.418001e+01   5.741242e+00   2.466956e+01   1.011379e+06  -2.366893e+05   6.160922e+05  -9.506415e+01  -4.062114e+02  -7.216575e-21   1.207675e+06   5.209820e-37   0.000000e+00   0.000000e+00
     1400000   1.399999e-05   1.426092e+01   5.722307e+00   2.471885e+01   1.011379e+06  -2.366893e+05   6.160922e+05  -8.709014e+01  -3.721383e+02   2.888417e-20   1.207675e+06   4.372287e-37   0.000000e+00   0.000000e+00
     1408000   1.407999e-05   1.434183e+01   5.703372e+00   2.476814e+01   1.011379e+06  -2.366893e+05   6.160922e+05  -6.235235e+01  -2.664331e+02  -1.216778e-19   1.207675e+06   2.241477e-37   0.000000e+00   0.000000e+00
     1416000   1.415999e-05   1.442274e+01   5.684437e+00   2.481742e+01   1.011379e+06  -2.366893e+05   6.160922e+05  -1.280596e+02  -5.472019e+02  -9.227454e-21   1.207675e+06   9.452729e-37   0.000000e+00   0.000000e+00
     1424000   1.423999e-05   1.450365e+01   5.665502e+00   2.486671e+01   1.011379e+06  -2.366893e+05   6.160922e+05  -7.559317e+01  -3.230114e+02   7.176093e-20   1.207675e+06   3.294981e-37   0.000000e+00   0.000000e+00
     1432000   1.431999e-05   1.458456e+01   5.646567e+00   2.491600e+01   1.011379e+06  -2.366893e+05   6.160922e+05  -1.483859e+02  -6.340566e+02   2.637543e-19   1.207675e+06   1.269319e-36   0.000000e+00   0.000000e+00
     1440000   1.439999e-05   1.466548e+01   5.627632e+00   2.496529e+01   1.011379e+06  -2.366893e+05   6.160922e+05  -2.566513e+01  -1.096677e+02  -5.543380e-21   1.207675e+06   3.799630e-38   0.000000e+00   0.000000e+00
     1448000   1.447999e-05   1.474639e+01   5.608696e+00   2.501457e+01   1.011379e+06  -2.366893e+05   6.160922e+05  -7.500150e+01  -3.204832e+02   4.309004e-20   1.207675e+06   3.243519e-37   0.000000e+00   0.000000e+00
     1456000   1.455999e-05   1.482730e+01   5.589761e+00   2.506386e+01   1.011379e+06  -2.366893e+05   6.160922e+05  -7.580280e+01  -3.239072e+02  -5.381900e-20   1.207675e+06   3.312176e-37   0.000000e+00   0.000000e+00
     1464000   1.463999e-05   1.490821e+01   5.570826e+00   2.511315e+01   1.011379e+06  -2.366893e+05   6.160922e+05  -7.020165e+01  -2.999733e+02  -5.691865e-20   1.207675e+06   2.840813e-37   0.000000e+00   0.000000e+00
     1472000   1.471999e-05   1.498912e+01   5.551891e+00   2.516244e+01   1.011379e+06  -2.366893e+05   6.160922e+05  -1.019968e+02  -4.358347e+02   1.336469e-19   1.207675e+06   5.997030e-37   0.000000e+00   0.000000e+00
     1480000   1.479999e-05   1.507003e+01   5.532956e+00   2.521172e+01   1.011379e+06  -2.366893e+05   6.160922e+05  -8.692919e+01  -3.714505e+02  -3.526280e-20   1.207675e+06   4.355809e-37   0.000000e+00   0.000000e+00
     1488000   1.487999e-05   1.515094e+01   5.514021e+00   2.526101e+01   1.011379e+06  -2.366893e+05   6.160922e+05  -9.786750e+01  -4.181902e+02  -5.521980e-20   1.207675e+06   5.521383e-37   0.000000e+00   0.000000e+00
     1496000   1.495999e-05   1.523185e+01   5.495086e+00   2.531030e+01   1.011379e+06  -2.366893e+05   6.160922e+05  -9.591134e+01  -4.098314e+02   2.675380e-20   1.207675e+06   5.303081e-37   0.000000e+00   0.000000e+00
     1504000   1.503999e-05   1.531276e+01   5.476150e+00   2.535959e+01   1.011379e+06  -2.366893e+05   6.160922e+05  -4.948614e+01  -2.114555e+02  -1.338332e-19   1.207675e+06   1.411404e-37   0.000000e+00   0.000000e+00
     1512000   1.511999e-05   1.539367e+01   5.457215e+00   2.540887e+01   1.011379e+06  -2.366893e+05   6.160922e+05  -1.222457e+02  -5.223590e+02   1.406522e-19   1.207675e+06   8.613755e-37   0.000000e+00   0.000000e+00
     1520000   1.519999e-05   1.547458e+01   5.438280e+00   2.545816e+01   1.011379e+06  -2.366893e+05   6.160922e+05  -9.372309e+01  -4.004810e+02  -6.351749e-20   1.207675e+06   5.064166e-37   0.000000e+00   0.000000e+00
     1528000   1.527999e-05   1.555549e+01   5.419345e+00   2.550745e+01   1.011379e+06  -2.366893e+05   6.160922e+05  -1.099703e+01  -4.699055e+01   3.948214e-21   1.207675e+06   6.983748e-39   0.000000e+00   0.000000e+00
     1536000   1.535999e-05   1.563640e+01   5.400410e+00   2.555673e+01   1.011379e+06  -2.366893e+05   6.160922e+05  -5.778720e+01  -2.469261e+02  -7.869123e-20   1.207675e+06   1.924403e-37   0.000000e+00   0.000000e+00
     1544000   1.543999e-05   1.571731e+01   5.381475e+00   2.560602e+01   1.011379e+06  -2.366893e+05   6.160922e+05  -2.538098e+01  -1.084535e+02  -1.703244e-20   1.207675e+06   3.715683e-38   0.000000e+00   0.000000e+00
     1552000   1.551999e-05   1.579822e+01   5.362540e+00   2.565531e+01   1.011379e+06  -2.366893e+05   6.160922e+05   2.714093e+01   1.159739e+02  -1.044369e-20   1.207675e+06   4.244599e-38   0.000000e+00   0.000000e+00
     1560000   1.559999e-05   1.587913e+01   5.343604e+00   2.570460e+01   1.011379e+06  -2.366893e+05   6.160922e+05   2.979457e+01   1.273129e+02  -3.495670e-20   1.207675e+06   5.113480e-38   0.000000e+00   0.000000e+00
     1568000   1.567999e-05   1.596004e+01   5.324669e+00   2.575388e+01   1.011379e+06  -2.366893e+05   6.160922e+05  -9.455023e+01  -4.040154e+02   2.779859e-19   1.207675e+06   5.152136e-37   0.000000e+00   0.000000e+00
     1576000   1.575999e-05   1.604095e+01   5.305734e+00   2.580317e+01   1.011379e+06  -2.366893e+05   6.160922e+05  -6.450369e+01  -2.756258e+02  -3.242023e-20   1.207675e+06   2.399326e-37   0.000000e+00   0.000000e+00
     1584000   1.583999e-05   1.612186e+01   5.286799e+00   2.585246e+01   1.011379e+06  -2.366893e+05   6.160922e+05  -5.109629e+00  -2.183357e+01  -5.401978e-21   1.207675e+06   1.505934e-39   0.000000e+00   0.000000e+00
     1592000   1.591999e-05   1.620277e+01   5.267864e+00   2.590175e+01   1.011379e+06  -2.366893e+05   6.160922e+05  -6.253640e+00  -2.672195e+01   6.951369e-21   1.207675e+06   2.258336e-39   0.000000e+00   0.000000e+00
     1600000   1.599999e-05   1.628368e+01   5.248929e+00   2.595103e+01   1.011379e+06  -2.366893e+05   6.160922e+05   3.555621e+01   1.519325e+02  -4.371681e-20   1.207675e+06   7.286188e-38   0.000000e+00   0.000000e+00
     1608000   1.607999e-05   1.636459e+01   5.229993e+00   2.600032e+01   1.011379e+06  -2.366893e+05   6.160922e+05  -3.062204e+01  -1.308487e+02  -3.289061e-20   1.207675e+06   5.405635e-38   0.000000e+00   0.000000e+00
     1616000   1.615999e-05   1.644550e+01   5.211058e+00   2.604961e+01   1.011379e+06  -2.366893e+05   6.160922e+05   1.174039e+01   5.016696e+01   8.574237e-21   1.207675e+06   7.936785e-39   0.000000e+00   0.000000e+00
     1624000   1.623999e-05   1.652641e+01   5.192123e+00   2.609890e+01   1.011379e+06  -2.366893e+05   6.160922e+05  -2.420960e+01  -1.034482e+02   5.814605e-20   1.207675e+06   3.377673e-38   0.000000e+00   0.000000e+00
     1632000   1.631999e-05   1.660732e+01   5.173188e+00   2.614818e+01   1.011379e+06  -2.366893e+05   6.160922e+05  -4.029757e+01  -1.721925e+02   3.626263e-20   1.207675e+06   9.356081e-38   0.000000e+00   0.000000e+00
     1640000   1.639999e-05   1.668823e+01   5.154253e+00   2.619747e+01   1.011379e+06  -2.366893e+05   6.160922e+05  -1.371535e+02  -5.860604e+02  -9.127409e-21   1.207675e+06   1.084263e-36   0.000000e+00   0.000000e+00
     1648000   1.647999e-05   1.676914e+01   5.135318e+00   2.624676e+01   1.011379e+06  -2.366893e+05   6.160922e+05   6.379234e+00   2.725862e+01  -1.277251e-20   1.207675e+06   2.347266e-39   0.000000e+00   0.000000e+00
     1656000   1.655999e-05   1.685005e+01   5.116383e+00   2.629605e+01   1.011379e+06  -2.366893e+05   6.160922e+05   4.926191e+01   2.104973e+02  -6.579374e-20   1.207675e+06   1.398883e-37   0.000000e+00   0.000000e+00
     1664000   1.663999e-05   1.693096e+01   5.097447e+00   2.634533e+01   1.011379e+06  -2.366893e+05   6.160922e+05   5.089377e+01   2.174703e+02  -4.789206e-20   1.207675e+06   1.492988e-37   0.000000e+00   0.000000e+00
     1672000   1.671999e-05   1.701188e+01   5.078512e+00   2.639462e+01   1.011379e+06  -2.366893e+05   6.160922e+05  -2.945883e+01  -1.258783e+02   2.793506e-20   1.207675e+06   5.001446e-38   0.000000e+00   0.000000e+00
     1680000   1.679999e-05   1.709279e+01   5.059577e+00   2.644391e+01   1.011379e+06  -2.366893e+05   6.160922e+05  -5.684505e+01  -2.429002e+02  -3.449430e-20   1.207675e+06   1.862838e-37   0.000000e+00   0.000000e+00
     1688000   1.687999e-05   1.717370e+01   5.040642e+00   2.649319e+01   1.011379e+06  -2.366893e+05   6.160922e+05   5.084380e+01   2.172568e+02  -6.633640e-20   1.207675e+06   1.490076e-37   0.000000e+00   0.000000e+00
     1696000   1.695999e-05   1.725461e+01   5.021707e+00   2.654248e+01   1.011379e+06  -2.366893e+05   6.160922e+05   2.675169e+00   1.143106e+01   3.275268e-22   1.207675e+06   4.144023e-40   0.000000e+00   0.000000e+00
     1704000   1.703999e-05   1.733552e+01   5.002772e+00   2.659177e+01   1.011379e+06  -2.366893e+05   6.160922e+05   5.768865e+01   2.465050e+02   2.097728e-19   1.207675e+06   1.917998e-37   0.000000e+00   0.000000e+00
     1712000   1.711999e-05   1.741643e+01   4.983837e+00   2.664106e+01   1.011379e+06  -2.366893e+05   6.160922e+05   3.798037e+01   1.622910e+02  -4.352538e-20   1.207675e+06   8.315649e-38   0.000000e+00   0.000000e+00
     1720000   1.719999e-05   1.749734e+01   4.964901e+00   2.669034e+01   1.011379e+06  -2.366893e+05   6.160922e+05   4.479273e+01   1.914004e+02  -5.418099e-20   1.207675e+06   1.156633e-37   0.000000e+00   0.000000e+00
     1728000   1.727999e-05   1.757825e+01   4.945966e+00   2.673963e+01   1.011379e+06  -2.366893e+05   6.160922e+05   3.852265e+01   1.646082e+02  -7.610610e-20   1.207675e+06   8.555133e-38   0.000000e+00   0.000000e+00
     1736000   1.735999e-05   1.765916e+01   4.927031e+00   2.678892e+01   1.011379e+06  -2.366893e+05   6.160922e+05   7.200360e+01   3.076731e+02  -9.363431e-20   1.207675e+06   2.988490e-37   0.000000e+00   0.000000e+00
     1744000   1.743999e-05   1.774007e+01   4.908096e+00   2.683821e+01   1.011379e+06  -2.366893e+05   6.160922e+05   2.756483e+01   1.177852e+02  -4.214752e-20   1.207675e+06   4.381490e-38   0.000000e+00   0.000000e+00
     1752000   1.751999e-05   1.782098e+01   4.889161e+00   2.688749e+01   1.011379e+06  -2.366893e+05   6.160922e+05  -1.484250e+01  -6.342234e+01  -3.509236e-20   1.207675e+06   1.268977e-38   0.000000e+00   0.000000e+00
     1760000   1.759999e-05   1.790189e+01   4.870226e+00   2.693678e+01   1.011379e+06  -2.366893e+05   6.160922e+05   7.010314e+01   2.995524e+02  -2.628575e-21   1.207675e+06   2.832385e-37   0.000000e+00   0.000000e+00
     1768000   1.767999e-05   1.798280e+01   4.851291e+00   2.698607e+01   1.011379e+06  -2.366893e+05   6.160922e+05   1.474842e+02   6.302036e+02   2.896396e-19   1.207675e+06   1.253809e-36   0.000000e+00   0.000000e+00
     1776000   1.775999e-05   1.806371e+01   4.832355e+00   2.703536e+01   1.011379e+06  -2.366893e+05   6.160922e+05   5.074654e+01   2.168412e+02   3.406000e-20   1.207675e+06   1.484661e-37   0.000000e+00   0.000000e+00
     1784000   1.783999e-05   1.814462e+01   4.813420e+00   2.708464e+01   1.011379e+06  -2.366893e+05   6.160922e+05   1.997296e+01   8.534492e+01  -3.185463e-21   1.207675e+06   2.300566e-38   0.000000e+00   0.000000e+00
     1792000   1.791999e-05   1.822553e+01   4.794485e+00   2.713393e+01   1.011379e+06  -2.366893e+05   6.160922e+05   1.382782e+02   5.908660e+02   9.490297e-20   1.207675e+06   1.102291e-36   0.000000e+00   0.000000e+00
     1800000   1.799999e-05   1.830644e+01   4.775550e+00   2.718322e+01   1.011379e+06  -2.366893e+05   6.160922e+05   9.417931e+01   4.024305e+02   1.791334e-19   1.207675e+06   5.112882e-37   0.000000e+00   0.000000e+00
     1808000   1.807999e-05   1.838735e+01   4.756615e+00   2.723251e+01   1.011379e+06  -2.366893e+05   6.160922e+05   9.892421e+01   4.227055e+02   1.198489e-19   1.207675e+06   5.641729e-37   0.000000e+00   0.000000e+00
     1816000   1.815999e-05   1.846826e+01   4.737680e+00   2.728179e+01   1.011379e+06  -2.366893e+05   6.160922e+05   7.256154e+01   3.100572e+02   1.548859e-19   1.207675e+06   3.035504e-37   0.000000e+00   0.000000e+00
     1824000   1.823999e-05   1.854917e+01   4.718744e+00   2.733108e+01   1.011379e+06  -2.366893e+05   6.160922e+05   1.006765e+02   4.301932e+02  -1.654453e-19   1.207675e+06   5.841992e-37   0.000000e+00   0.000000e+00
     1832000   1.831999e-05   1.863008e+01   4.699809e+00   2.738037e+01   1.011379e+06  -2.366893e+05   6.160922e+05   1.407644e+02   6.014895e+02  -3.111588e-19   1.207675e+06   1.142248e-36   0.000000e+00   0.000000e+00
     1840000   1.839999e-05   1.871099e+01   4.680874e+00   2.742965e+01   1.011379e+06  -2.366893e+05   6.160922e+05   1.035225e+02   4.423539e+02  -1.785832e-19   1.207675e+06   6.178707e-37   0.000000e+00   0.000000e+00
     1848000   1.847999e-05   1.879190e+01   4.661939e+00   2.747894e+01   1.011379e+06  -2.366893e+05   6.160922e+05   7.370333e+01   3.149361e+02  -1.150880e-19   1.207675e+06   3.131954e-37   0.000000e+00   0.000000e+00
     1856000   1.855999e-05   1.887281e+01   4.643004e+00   2.752823e+01   1.011379e+06  -2.366893e+05   6.160922e+05   9.795843e+01   4.185787e+02   1.270099e-19   1.207675e+06   5.531454e-37   0.000000e+00   0.000000e+00
     1864000   1.863999e-05   1.895372e+01   4.624069e+00   2.757752e+01   1.011379e+06  -2.366893e+05   6.160922e+05   2.075662e+01   8.869353e+01   1.601590e-20   1.207675e+06   2.486537e-38   0.000000e+00   0.000000e+00
     1872000   1.871999e-05   1.903463e+01   4.605134e+00   2.762680e+01   1.011379e+06  -2.366893e+05   6.160922e+05   1.023451e+02   4.373231e+02   9.990858e-20   1.207675e+06   6.038078e-37   0.000000e+00   0.000000e+00
     1880000   1.879999e-05   1.911554e+01   4.586198e+00   2.767609e+01   1.011379e+06  -2.366893e+05   6.160922e+05   2.011695e+02   8.596022e+02   1.044415e-19   1.207675e+06   2.332874e-36   0.000000e+00   0.000000e+00
     1888000   1.887999e-05   1.919645e+01   4.567263e+00   2.772538e+01   1.011379e+06  -2.366893e+05   6.160922e+05   1.171185e+02   5.004500e+02  -9.083418e-20   1.207675e+06   7.908382e-37   0.000000e+00   0.000000e+00
     1896000   1.895999e-05   1.927736e+01   4.548328e+00   2.777467e+01   1.011379e+06  -2.366893e+05   6.160922e+05   1.157989e+02   4.948114e+02   2.115760e-20   1.207675e+06   7.729947e-37   0.000000e+00   0.000000e+00
     1904000   1.903999e-05   1.935827e+01   4.529393e+00   2.782395e+01   1.011379e+06  -2.366893e+05   6.160922e+05   1.166069e+02   4.982641e+02   1.034322e-20   1.207675e+06   7.838607e-37   0.000000e+00   0.000000e+00
     1912000   1.911999e-05   1.943919e+01   4.510458e+00   2.787324e+01   1.011379e+06  -2.366893e+05   6.160922e+05   1.137410e+02   4.860179e+02   1.624449e-19   1.207675e+06   7.459099e-37   0.000000e+00   0.000000e+00
     1920000   1.919999e-05   1.952010e+01   4.491523e+00   2.792253e+01   1.011379e+06  -2.366893e+05   6.160922e+05   1.119229e+02   4.782491e+02   1.621420e-19   1.207675e+06   7.222338e-37   0.000000e+00   0.000000e+00
     1928000   1.927999e-05   1.960101e+01   4.472588e+00   2.797182e+01   1.011379e+06  -2.366893e+05   6.160922e+05   1.171065e+02   5.003988e+02  -1.084223e-20   1.207675e+06   7.905481e-37   0.000000e+00   0.000000e+00
     1936000   1.935999e-05   1.968192e+01   4.453652e+00   2.802110e+01   1.011379e+06  -2.366893e+05   6.160922e+05   2.429002e+02   1.037918e+03  -1.680776e-19   1.207675e+06   3.401068e-36   0.000000e+00   0.000000e+00
     1944000   1.943999e-05   1.976283e+01   4.434717e+00   2.807039e+01   1.011379e+06  -2.366893e+05   6.160922e+05   1.289321e+02   5.509299e+02   3.103049e-21   1.207675e+06   9.584250e-37   0.000000e+00   0.000000e+00
     1952000   1.951999e-05   1.984374e+01   4.415782e+00   2.811968e+01   1.011379e+06  -2.366893e+05   6.160922e+05   1.364003e+02   5.828416e+02   5.862853e-20   1.207675e+06   1.072542e-36   0.000000e+00   0.000000e+00
     1960000   1.959999e-05   1.992465e+01   4.396847e+00   2.816897e+01   1.011379e+06  -2.366893e+05   6.160922e+05   1.494008e+02   6.383931e+02  -1.581024e-19   1.207675e+06   1.286730e-36   0.000000e+00   0.000000e+00
     1968000   1.967999e-05   2.000556e+01   4.377912e+00   2.821825e+01   1.011379e+06  -2.366893e+05   6.160922e+05   1.497174e+02   6.397462e+02   3.796557e-20   1.207675e+06   1.292381e-36   0.000000e+00   0.000000e+00
     1976000   1.975999e-05   2.008647e+01   4.358977e+00   2.826754e+01   1.011379e+06  -2.366893e+05   6.160922e+05   8.255848e+01   3.527744e+02  -3.360242e-21   1.207675e+06   3.930148e-37   0.000000e+00   0.000000e+00
     1984000   1.983999e-05   2.016738e+01   4.340042e+00   2.831683e+01   1.011379e+06  -2.366893e+05   6.160922e+05   1.766621e+02   7.548815e+02   1.040247e-19   1.207675e+06   1.799104e-36   0.000000e+00   0.000000e+00
     1992000   1.991999e-05   2.024829e+01   4.321106e+00   2.836612e+01   1.011379e+06  -2.366893e+05   6.160922e+05   1.456183e+02   6.222303e+02   6.572832e-20   1.207675e+06   1.222537e-36   0.000000e+00   0.000000e+00
     2000000   1.999999e-05   2.032920e+01   4.302171e+00   2.841540e+01   1.011379e+06  -2.366893e+05   6.160922e+05   1.486085e+02   6.350078e+02  -3.096760e-19   1.207675e+06   1.273064e-36   0.000000e+00   0.000000e+00
     2008000   2.007999e-05   2.041011e+01   4.283236e+00   2.846469e+01   1.011379e+06  -2.366893e+05   6.160922e+05   1.706939e+02   7.293792e+02  -3.988370e-19   1.207675e+06   1.679933e-36   0.000000e+00   0.000000e+00
     2016000   2.015999e-05   2.049102e+01   4.264301e+00   2.851398e+01   1.011379e+06  -2.366893e+05   6.160922e+05   1.603021e+02   6.849748e+02  -4.007825e-19   1.207675e+06   1.481415e-36   0.000000e+00   0.000000e+00
     2024000   2.023999e-05   2.057193e+01   4.245366e+00   2.856326e+01   1.011379e+06  -2.366893e+05   6.160922e+05   1.918940e+02   8.199678e+02  -3.310964e-19   1.207675e+06   2.122850e-36   0.000000e+00   0.000000e+00
     2032000   2.031999e-05   2.065284e+01   4.226431e+00   2.861255e+01   1.011379e+06  -2.366893e+05   6.160922e+05   1.927203e+02   8.234987e+02   1.759788e-19   1.207675e+06   2.141103e-36   0.000000e+00   0.000000e+00
     2040000   2.039999e-05   2.073375e+01   4.207496e+00   2.866184e+01   1.011379e+06  -2.366893e+05   6.160922e+05   2.035577e+02   8.698067e+02  -6.738786e-20   1.207675e+06   2.388859e-36   0.000000e+00   0.000000e+00
     2048000   2.047999e-05   2.081466e+01   4.188560e+00   2.871113e+01   1.011379e+06  -2.366893e+05   6.160922e+05   1.191652e+02   5.091959e+02   1.755661e-19   1.207675e+06   8.186070e-37   0.000000e+00   0.000000e+00
     2056000   2.055999e-05   2.089557e+01   4.169625e+00   2.876041e+01   1.011379e+06  -2.366893e+05   6.160922e+05   1.421484e+02   6.074034e+02   2.158559e-20   1.207675e+06   1.164832e-36   0.000000e+00   0.000000e+00
     2064000   2.063999e-05   2.097648e+01   4.150690e+00   2.880970e+01   1.011379e+06  -2.366893e+05   6.160922e+05   1.701079e+02   7.268752e+02  -9.327566e-21   1.207675e+06   1.668250e-36   0.000000e+00   0.000000e+00
     2072000   2.071999e-05   2.105739e+01   4.131755e+00   2.885899e+01   1.011379e+06  -2.366893e+05   6.160922e+05   2.074884e+02   8.866030e+02   3.324690e-19   1.207675e+06   2.481781e-36   0.000000e+00   0.000000e+00
     2080000   2.079999e-05   2.113830e+01   4.112820e+00   2.890828e+01   1.011379e+06  -2.366893e+05   6.160922e+05   2.026007e+02   8.657177e+02  -1.933166e-19   1.207675e+06   2.366277e-36   0.000000e+00   0.000000e+00
     2088000   2.087999e-05   2.121921e+01   4.093885e+00   2.895756e+01   1.011379e+06  -2.366893e+05   6.160922e+05   1.961851e+02   8.383038e+02   8.643148e-20   1.207675e+06   2.219032e-36   0.000000e+00   0.000000e+00
     2096000   2.095999e-05   2.130012e+01   4.074949e+00   2.900685e+01   1.011379e+06  -2.366893e+05   6.160922e+05   1.985776e+02   8.485269e+02   1.736247e-19   1.207675e+06   2.273269e-36   0.000000e+00   0.000000e+00
     2104000   2.103999e-05   2.138103e+01   4.056014e+00   2.905614e+01   1.011379e+06  -2.366893e+05   6.160922e+05   2.111575e+02   9.022811e+02   5.737354e-20   1.207675e+06   2.570418e-36   0.000000e+00   0.000000e+00
     2112000   2.111999e-05   2.146194e+01   4.037079e+00   2.910543e+01   1.011379e+06  -2.366893e+05   6.160922e+05   2.217682e+02   9.476207e+02  -5.828677e-19   1.207675e+06   2.835537e-36   0.000000e+00   0.000000e+00
     2120000   2.119999e-05   2.154285e+01   4.018144e+00   2.915471e+01   1.011379e+06  -2.366893e+05   6.160922e+05   2.029820e+02   8.673471e+02  -1.231941e-19   1.207675e+06   2.375193e-36   0.000000e+00   0.000000e+00
     2128000   2.127999e-05   2.162376e+01   3.999209e+00   2.920400e+01   1.011379e+06  -2.366893e+05   6.160922e+05   1.564830e+02   6.686555e+02  -1.591835e-19   1.207675e+06   1.411726e-36   0.000000e+00   0.000000e+00
     2136000   2.135999e-05   2.170467e+01   3.980274e+00   2.925329e+01   1.011379e+06  -2.366893e+05   6.160922e+05   1.859099e+02   7.943973e+02   2.725967e-19   1.207675e+06   1.992532e-36   0.000000e+00   0.000000e+00
     2144000   2.143999e-05   2.178558e+01   3.961339e+00   2.930258e+01   1.011379e+06  -2.366893e+05   6.160922e+05   2.153105e+02   9.200269e+02  -1.522575e-19   1.207675e+06   2.672427e-36   0.000000e+00   0.000000e+00
     2152000   2.151999e-05   2.186650e+01   3.942403e+00   2.935186e+01   1.011379e+06  -2.366893e+05   6.160922e+05   2.747142e+02   1.173861e+03   3.338863e-19   1.207675e+06   4.350502e-36   0.000000e+00   0.000000e+00
     2160000   2.159999e-05   2.194741e+01   3.923468e+00   2.940115e+01   1.011379e+06  -2.366893e+05   6.160922e+05   2.109545e+02   9.014138e+02   2.587816e-20   1.207675e+06   2.565554e-36   0.000000e+00   0.000000e+00
     2168000   2.167999e-05   2.202832e+01   3.904533e+00   2.945044e+01   1.011379e+06  -2.366893e+05   6.160922e+05   1.907642e+02   8.151398e+02  -3.010379e-19   1.207675e+06   2.097907e-36   0.000000e+00   0.000000e+00
     2176000   2.175999e-05   2.210923e+01   3.885598e+00   2.949972e+01   1.011379e+06  -2.366893e+05   6.160922e+05   1.661458e+02   7.099449e+02   7.003069e-20   1.207675e+06   1.591406e-36   0.000000e+00   0.000000e+00
     2184000   2.183999e-05   2.219014e+01   3.866663e+00   2.954901e+01   1.011379e+06  -2.366893e+05   6.160922e+05   3.222217e+02   1.376861e+03  -6.971068e-19   1.207675e+06   5.985141e-36   0.000000e+00   0.000000e+00
     2192000   2.191999e-05   2.227105e+01   3.847728e+00   2.959830e+01   1.011379e+06  -2.366893e+05   6.160922e+05   1.141335e+02   4.876952e+02  -5.967231e-20   1.207675e+06   7.510977e-37   0.000000e+00   0.000000e+00
     2200000   2.199999e-05   2.235196e+01   3.828793e+00   2.964759e+01   1.011379e+06  -2.366893e+05   6.160922e+05   2.282255e+02   9.752129e+02  -2.238976e-19   1.207675e+06   3.002866e-36   0.000000e+00   0.000000e+00
     2208000   2.207999e-05   2.243287e+01   3.809857e+00   2.969687e+01   1.011379e+06  -2.366893e+05   6.160922e+05   2.382937e+02   1.184288e+03   6.379424e+01   1.207675e+06   4.380708e-36   0.000000e+00   0.000000e+00
     2216000   2.215999e-05   2.251378e+01   3.790922e+00   2.974616e+01   1.011379e+06  -2.366893e+05   6.160922e+05   2.248946e+02   9.075246e+02  -2.053638e+01   1.207675e+06   2.618043e-36   0.000000e+00   0.000000e+00
     2224000   2.223999e-05   2.259469e+01   3.771987e+00   2.979545e+01   1.011379e+06  -2.366893e+05   6.160922e+05   2.344185e+02   9.255469e+02  -2.924711e+01   1.207675e+06   2.731327e-36   0.000000e+00   0.000000e+00
     2232000   2.231999e-05   2.267560e+01   3.753052e+00   2.984474e+01   1.011379e+06  -2.366893e+05   6.160922e+05   5.645989e+02   1.476990e+03  -3.594201e+02   1.207675e+06   7.870218e-36   0.000000e+00   0.000000e+00
     2240000   2.239999e-05   2.275651e+01   3.734117e+00   2.989402e+01   1.011379e+06  -2.366893e+05   6.160922e+05  -6.179794e+01   9.804034e+02   4.780975e+02   1.207675e+06   3.572860e-36   0.000000e+00   0.000000e+00
     2248000   2.247999e-05   2.283742e+01   3.715182e+00   2.994331e+01   1.011379e+06  -2.366893e+05   6.160922e+05   3.007999e+02   9.133186e+02  -1.429169e+02   1.207675e+06   2.829188e-36   0.000000e+00   0.000000e+00
     2256000   2.255999e-05   2.291833e+01   3.696247e+00   2.999260e+01   1.011379e+06  -2.366893e+05   6.160922e+05   9.290543e+01   6.746956e+02   1.066896e+02   1.207675e+06   1.422715e-36   0.000000e+00   0.000000e+00
     2264000   2.263999e-05   2.299924e+01   3.677311e+00   3.004189e+01   1.011379e+06  -2.366893e+05   6.160922e+05   6.192125e+02   1.268082e+03  -5.293318e+02   1.207675e+06   6.799779e-36   0.000000e+00   0.000000e+00
     2272000   2.271999e-05   2.308015e+01   3.658376e+00   3.009117e+01   1.011379e+06  -2.366893e+05   6.160922e+05  -7.632267e+01   8.271230e+02   4.430544e+02   1.207675e+06   2.652945e-36   0.000000e+00   0.000000e+00
     2280000   2.279999e-05   2.316106e+01   3.639441e+00   3.014046e+01   1.011379e+06  -2.366893e+05   6.160922e+05   2.449776e+02   7.825817e+02  -1.015051e+02   1.207675e+06   2.043890e-36   0.000000e+00   0.000000e+00
     2288000   2.287999e-05   2.324197e+01   3.620506e+00   3.018975e+01   1.011379e+06  -2.366893e+05   6.160922e+05   2.868017e+02   1.319869e+03   3.625038e+01   1.207675e+06   5.464451e-36   0.000000e+00   0.000000e+00
     2296000   2.295999e-05   2.332288e+01   3.601571e+00   3.023904e+01   1.011379e+06  -2.366893e+05   6.160922e+05   2.841163e+02   1.214036e+03  -1.801705e-19   1.207675e+06   4.653742e-36   0.000000e+00   0.000000e+00
     2304000   2.303999e-05   2.340379e+01   3.582636e+00   3.028832e+01   1.011379e+06  -2.366893e+05   6.160922e+05   2.046578e+02   8.745076e+02  -1.386166e-19   1.207675e+06   2.414819e-36   0.000000e+00   0.000000e+00
     2312000   2.311999e-05   2.348470e+01   3.563700e+00   3.033761e+01   1.011379e+06  -2.366893e+05   6.160922e+05   2.480060e+02   1.059735e+03   9.454980e-20   1.207675e+06   3.545871e-36   0.000000e+00   0.000000e+00
     2320000   2.319999e-05   2.356561e+01   3.544765e+00   3.038690e+01   1.011379e+06  -2.366893e+05   6.160922e+05   2.864015e+02   1.223800e+03   6.938681e-19   1.207675e+06   4.728600e-36   0.000000e+00   0.000000e+00
     2328000   2.327999e-05   2.364652e+01   3.525830e+00   3.043618e+01   1.011379e+06  -2.366893e+05   6.160922e+05   2.468554e+02   1.054819e+03  -1.131913e-19   1.207675e+06   3.513058e-36   0.000000e+00   0.000000e+00
     2336000   2.335999e-05   2.372743e+01   3.506895e+00   3.048547e+01   1.011379e+06  -2.366893e+05   6.160922e+05   2.335860e+02   9.981187e+02  -2.317159e-19   1.207675e+06   3.145428e-36   0.000000e+00   0.000000e+00
     2344000   2.343999e-05   2.380834e+01   3.487960e+00   3.053476e+01   1.011379e+06  -2.366893e+05   6.160922e+05   2.502804e+02   1.069454e+03  -1.852731e-20   1.207675e+06   3.611145e-36   0.000000e+00   0.000000e+00
     2352000   2.351999e-05   2.388925e+01   3.469025e+00   3.058405e+01   1.011379e+06  -2.366893e+05   6.160922e+05   2.640924e+02   1.128473e+03  -7.193223e-21   1.207675e+06   4.020715e-36   0.000000e+00   0.000000e+00
     2360000   2.359999e-05   2.397016e+01   3.450090e+00   3.063333e+01   1.011379e+06  -2.366893e+05   6.160922e+05   1.729857e+02   7.391720e+02   1.607342e-19   1.207675e+06   1.725318e-36   0.000000e+00   0.000000e+00
     2368000   2.367999e-05   2.405107e+01   3.431154e+00   3.068262e+01   1.011379e+06  -2.366893e+05   6.160922e+05   1.966148e+02   8.401396e+02   1.808120e-19   1.207675e+06   2.228684e-36   0.000000e+00   0.000000e+00
     2376000   2.375999e-05   2.413198e+01   3.412219e+00   3.073191e+01   1.011379e+06  -2.366893e+05   6.160922e+05   2.094391e+02   8.949385e+02  -4.901093e-20   1.207675e+06   2.528965e-36   0.000000e+00   0.000000e+00
     2384000   2.383999e-05   2.421290e+01   3.393284e+00   3.078120e+01   1.011379e+06  -2.366893e+05   6.160922e+05   2.652051e+02   1.133228e+03  -2.231584e-19   1.207675e+06   4.054417e-36   0.000000e+00   0.000000e+00
     2392000   2.391999e-05   2.429381e+01   3.374349e+00   3.083048e+01   1.011379e+06  -2.366893e+05   6.160922e+05   1.947180e+02   8.320346e+02  -1.962265e-19   1.207675e+06   2.185910e-36   0.000000e+00   0.000000e+00
     2400000   2.399999e-05   2.437472e+01   3.355414e+00   3.087977e+01   1.011379e+06  -2.366893e+05   6.160922e+05   2.602587e+02   1.112092e+03   3.425773e-19   1.207675e+06   3.904864e-36   0.000000e+00   0.000000e+00
     2408000   2.407999e-05   2.445563e+01   3.336479e+00   3.092906e+01   1.011379e+06  -2.366893e+05   6.160922e+05   2.394100e+02   1.023005e+03   2.936361e-19   1.207675e+06   3.304354e-36   0.000000e+00   0.000000e+00
     2416000   2.415999e-05   2.453654e+01   3.317544e+00   3.097835e+01   1.011379e+06  -2.366893e+05   6.160922e+05   2.339447e+02   9.996514e+02  -1.382742e-20   1.207675e+06   3.155016e-36   0.000000e+00   0.000000e+00
     2424000   2.423999e-05   2.461745e+01   3.298608e+00   3.102763e+01   1.011379e+06  -2.366893e+05   6.160922e+05   2.903202e+02   1.240545e+03  -2.959909e-19   1.207675e+06   4.859096e-36   0.000000e+00   0.000000e+00
     2432000   2.431999e-05   2.469836e+01   3.279673e+00   3.107692e+01   1.011379e+06  -2.366893e+05   6.160922e+05   2.804245e+02   1.198261e+03   3.932719e-20   1.207675e+06   4.533494e-36   0.000000e+00   0.000000e+00
     2440000   2.439999e-05   2.477927e+01   3.260738e+00   3.112621e+01   1.011379e+06  -2.366893e+05   6.160922e+05   2.986929e+02   1.276322e+03  -1.264100e-19   1.207675e+06   5.143237e-36   0.000000e+00   0.000000e+00
     2448000   2.447999e-05   2.486018e+01   3.241803e+00   3.117550e+01   1.011379e+06  -2.366893e+05   6.160922e+05   2.247152e+02   9.602134e+02  -4.623163e-20   1.207675e+06   2.911190e-36   0.000000e+00   0.000000e+00
     2456000   2.455999e-05   2.494109e+01   3.222868e+00   3.122478e+01   1.011379e+06  -2.366893e+05   6.160922e+05   2.530723e+02   1.081384e+03  -8.092053e-20   1.207675e+06   3.692144e-36   0.000000e+00   0.000000e+00
     2464000   2.463999e-05   2.502200e+01   3.203933e+00   3.127407e+01   1.011379e+06  -2.366893e+05   6.160922e+05   2.615749e+02   1.117716e+03  -1.759624e-21   1.207675e+06   3.944476e-36   0.000000e+00   0.000000e+00
     2472000   2.471999e-05   2.510291e+01   3.184998e+00   3.132336e+01   1.011379e+06  -2.366893e+05   6.160922e+05   2.432583e+02   1.039448e+03  -3.177946e-19   1.207675e+06   3.411440e-36   0.000000e+00   0.000000e+00
     2480000   2.479999e-05   2.518382e+01   3.166062e+00   3.137265e+01   1.011379e+06  -2.366893e+05   6.160922e+05   2.313244e+02   9.884547e+02   1.783689e-19   1.207675e+06   3.084933e-36   0.000000e+00   0.000000e+00
     2488000   2.487999e-05   2.526473e+01   3.147127e+00   3.142193e+01   1.011379e+06  -2.366893e+05   6.160922e+05   2.533138e+02   1.082416e+03  -4.419722e-20   1.207675e+06   3.699044e-36   0.000000e+00   0.000000e+00
     2496000   2.495999e-05   2.534564e+01   3.128192e+00   3.147122e+01   1.011379e+06  -2.366893e+05   6.160922e+05   2.282436e+02   9.752906e+02  -1.195976e-19   1.207675e+06   3.003196e-36   0.000000e+00   0.000000e+00
     2504000   2.503999e-05   2.542655e+01   3.109257e+00   3.152051e+01   1.011379e+06  -2.366893e+05   6.160922e+05   2.428726e+02   1.037800e+03   2.117125e-19   1.207675e+06   3.400894e-36   0.000000e+00   0.000000e+00
     2512000   2.511999e-05   2.550746e+01   3.090322e+00   3.156979e+01   1.011379e+06  -2.366893e+05   6.160922e+05   1.570700e+02   6.711641e+02   8.214204e-21   1.207675e+06   1.422232e-36   0.000000e+00   0.000000e+00
     2520000   2.519999e-05   2.558837e+01   3.071387e+00   3.161908e+01   1.011379e+06  -2.366893e+05   6.160922e+05   2.271247e+02   9.705093e+02  -2.089059e-19   1.207675e+06   2.973895e-36   0.000000e+00   0.000000e+00
     2528000   2.527999e-05   2.566928e+01   3.052452e+00   3.166837e+01   1.011379e+06  -2.366893e+05   6.160922e+05   2.717478e+02   1.161185e+03  -2.237754e-19   1.207675e+06   4.256883e-36   0.000000e+00   0.000000e+00
     2536000   2.535999e-05   2.575019e+01   3.033516e+00   3.171766e+01   1.011379e+06  -2.366893e+05   6.160922e+05   2.189954e+02   9.357724e+02  -1.129384e-19   1.207675e+06   2.764827e-36   0.000000e+00   0.000000e+00
     2544000   2.543999e-05   2.583110e+01   3.014581e+00   3.176694e+01   1.011379e+06  -2.366893e+05   6.160922e+05   2.231883e+02   9.536890e+02  -5.157072e-20   1.207675e+06   2.871631e-36   0.000000e+00   0.000000e+00
     2552000   2.551999e-05   2.591201e+01   2.995646e+00   3.181623e+01   1.011379e+06  -2.366893e+05   6.160922e+05   2.092449e+02   8.941083e+02  -8.837738e-20   1.207675e+06   2.524231e-36   0.000000e+00   0.000000e+00
     2560000   2.559999e-05   2.599292e+01   2.976711e+00   3.186552e+01   1.011379e+06  -2.366893e+05   6.160922e+05   1.664773e+02   7.113616e+02   1.970990e-19   1.207675e+06   1.597848e-36   0.000000e+00   0.000000e+00
     2568000   2.567999e-05   2.607383e+01   2.957776e+00   3.191481e+01   1.011379e+06  -2.366893e+05   6.160922e+05   2.664303e+02   1.138463e+03   2.102589e-19   1.207675e+06   4.092163e-36   0.000000e+00   0.000000e+00
     2576000   2.575999e-05   2.615474e+01   2.938841e+00   3.196409e+01   1.011379e+06  -2.366893e+05   6.160922e+05   1.828560e+02   7.813481e+02   2.145698e-19   1.207675e+06   1.927775e-36   0.000000e+00   0.000000e+00
     2584000   2.583999e-05   2.623565e+01   2.919905e+00   3.201338e+01   1.011379e+06  -2.366893e+05   6.160922e+05   2.002690e+02   8.557544e+02   2.446350e-20   1.207675e+06   2.312070e-36   0.000000e+00   0.000000e+00
     2592000   2.591999e-05   2.631656e+01   2.900970e+00   3.206267e+01   1.011379e+06  -2.366893e+05   6.160922e+05   2.386112e+02   1.019591e+03  -1.502398e-19   1.207675e+06   3.282437e-36   0.000000e+00   0.000000e+00
     2600000   2.599999e-05   2.639747e+01   2.882035e+00   3.211196e+01   1.011379e+06  -2.366893e+05   6.160922e+05   2.971201e+02   1.269601e+03  -4.170169e-19   1.207675e+06   5.089149e-36   0.000000e+00   0.000000e+00
     2608000   2.607999e-05   2.647838e+01   2.863100e+00   3.216124e+01   1.011379e+06  -2.366893e+05   6.160922e+05   1.793767e+02   7.664808e+02   9.222086e-20   1.207675e+06   1.854962e-36   0.000000e+00   0.000000e+00
     2616000   2.615999e-05   2.655929e+01   2.844165e+00   3.221053e+01   1.011379e+06  -2.366893e+05   6.160922e+05   1.979565e+02   8.458727e+02  -2.196523e-20   1.207675e+06   2.259191e-36   0.000000e+00   0.000000e+00
     2624000   2.623999e-05   2.664021e+01   2.825230e+00   3.225982e+01   1.011379e+06  -2.366893e+05   6.160922e+05   2.509753e+02   1.072424e+03  -3.573139e-19   1.207675e+06   3.631101e-36   0.000000e+00   0.000000e+00
     2632000   2.631999e-05   2.672112e+01   2.806295e+00   3.230911e+01   1.011379e+06  -2.366893e+05   6.160922e+05   2.199259e+02   9.397486e+02   1.613678e-19   1.207675e+06   2.788543e-36   0.000000e+00   0.000000e+00
     2640000   2.639999e-05   2.680203e+01   2.787359e+00   3.235839e+01   1.011379e+06  -2.366893e+05   6.160922e+05   1.294803e+02   5.532723e+02  -1.378417e-20   1.207675e+06   9.664895e-37   0.000000e+00   0.000000e+00
     2648000   2.647999e-05   2.688294e+01   2.768424e+00   3.240768e+01   1.011379e+06  -2.366893e+05   6.160922e+05   2.060676e+02   8.805317e+02   3.469243e-19   1.207675e+06   2.447791e-36   0.000000e+00   0.000000e+00
     2656000   2.655999e-05   2.696385e+01   2.749489e+00   3.245697e+01   1.011379e+06  -2.366893e+05   6.160922e+05   2.365003e+02   1.010572e+03  -3.896987e-19   1.207675e+06   3.224446e-36   0.000000e+00   0.000000e+00
     2664000   2.663999e-05   2.704476e+01   2.730554e+00   3.250625e+01   1.011379e+06  -2.366893e+05   6.160922e+05   1.893004e+02   8.088853e+02  -5.554162e-19   1.207675e+06   2.066146e-36   0.000000e+00   0.000000e+00
     2672000   2.671999e-05   2.712567e+01   2.711619e+00   3.255554e+01   1.011379e+06  -2.366893e+05   6.160922e+05   1.912523e+02   8.172255e+02  -2.242700e-19   1.207675e+06   2.108412e-36   0.000000e+00   0.000000e+00
     2680000   2.679999e-05   2.720658e+01   2.692684e+00   3.260483e+01   1.011379e+06  -2.366893e+05   6.160922e+05   1.344497e+02   5.745068e+02   8.446797e-20   1.207675e+06   1.042033e-36   0.000000e+00   0.000000e+00
     2688000   2.687999e-05   2.728749e+01   2.673749e+00   3.265412e+01   1.011379e+06  -2.366893e+05   6.160922e+05   1.781361e+02   7.611798e+02   2.262764e-19   1.207675e+06   1.829256e-36   0.000000e+00   0.000000e+00
     2696000   2.695999e-05   2.736840e+01   2.654813e+00   3.270340e+01   1.011379e+06  -2.366893e+05   6.160922e+05   1.761213e+02   7.525703e+02  -6.866908e-20   1.207675e+06   1.788266e-36   0.000000e+00   0.000000e+00
     2704000   2.703999e-05   2.744931e+01   2.635878e+00   3.275269e+01   1.011379e+06  -2.366893e+05   6.160922e+05   2.093308e+02   8.944757e+02   6.684551e-20   1.207675e+06   2.526127e-36   0.000000e+00   0.000000e+00
     2712000   2.711999e-05   2.753022e+01   2.616943e+00   3.280198e+01   1.011379e+06  -2.366893e+05   6.160922e+05   1.727799e+02   7.382928e+02  -1.232385e-19   1.207675e+06   1.721021e-36   0.000000e+00   0.000000e+00
     2720000   2.719999e-05   2.761113e+01   2.598008e+00   3.285127e+01   1.011379e+06  -2.366893e+05   6.160922e+05   1.494863e+02   6.387583e+02  -4.134356e-21   1.207675e+06   1.288307e-36   0.000000e+00   0.000000e+00
     2728000   2.727999e-05   2.769204e+01   2.579073e+00   3.290055e+01   1.011379e+06  -2.366893e+05   6.160922e+05   1.422458e+02   6.078198e+02   2.485847e-19   1.207675e+06   1.166476e-36   0.000000e+00   0.000000e+00
     2736000   2.735999e-05   2.777295e+01   2.560138e+00   3.294984e+01   1.011379e+06  -2.366893e+05   6.160922e+05   1.902538e+02   8.129589e+02  -1.555886e-20   1.207675e+06   2.086779e-36   0.000000e+00   0.000000e+00
     2744000   2.743999e-05   2.785386e+01   2.541203e+00   3.299913e+01   1.011379e+06  -2.366893e+05   6.160922e+05   2.152843e+02   9.199149e+02  -4.460162e-19   1.207675e+06   2.671892e-36   0.000000e+00   0.000000e+00
     2752000   2.751999e-05   2.793477e+01   2.522267e+00   3.304842e+01   1.011379e+06  -2.366893e+05   6.160922e+05   1.622554e+02   6.933214e+02   1.990545e-20   1.207675e+06   1.517793e-36   0.000000e+00   0.000000e+00
     2760000   2.759999e-05   2.801568e+01   2.503332e+00   3.309770e+01   1.011379e+06  -2.366893e+05   6.160922e+05   1.456386e+02   6.223171e+02  -2.699121e-19   1.207675e+06   1.222744e-36   0.000000e+00   0.000000e+00
     2768000   2.767999e-05   2.809659e+01   2.484397e+00   3.314699e+01   1.011379e+06  -2.366893e+05   6.160922e+05   8.545705e+01   3.651600e+02   9.557979e-20   1.207675e+06   4.210653e-37   0.000000e+00   0.000000e+00
     2776000   2.775999e-05   2.817750e+01   2.465462e+00   3.319628e+01   1.011379e+06  -2.366893e+05   6.160922e+05   2.172273e+02   9.282173e+02  -1.745895e-19   1.207675e+06   2.720411e-36   0.000000e+00   0.000000e+00
     2784000   2.783999e-05   2.825841e+01   2.446527e+00   3.324557e+01   1.011379e+06  -2.366893e+05   6.160922e+05   1.481889e+02   6.332146e+02   3.477290e-19   1.207675e+06   1.266054e-36   0.000000e+00   0.000000e+00
     2792000   2.791999e-05   2.833932e+01   2.427592e+00   3.329485e+01   1.011379e+06  -2.366893e+05   6.160922e+05   1.558535e+02   6.659656e+02   1.943752e-19   1.207675e+06   1.400336e-36   0.000000e+00   0.000000e+00
     2800000   2.799999e-05   2.842023e+01   2.408657e+00   3.334414e+01   1.011379e+06  -2.366893e+05   6.160922e+05   1.113918e+02   4.759797e+02   3.001122e-22   1.207675e+06   7.152221e-37   0.000000e+00   0.000000e+00
     2808000   2.807999e-05   2.850114e+01   2.389721e+00   3.339343e+01   1.011379e+06  -2.366893e+05   6.160922e+05   1.329649e+02   5.681622e+02   1.206785e-19   1.207675e+06   1.019305e-36   0.000000e+00   0.000000e+00
     2816000   2.815999e-05   2.858205e+01   2.370786e+00   3.344271e+01   1.011379e+06  -2.366893e+05   6.160922e+05   2.109209e+02   9.012701e+02  -2.304086e-20   1.207675e+06   2.564669e-36   0.000000e+00   0.000000e+00
     2824000   2.823999e-05   2.866296e+01   2.351851e+00   3.349200e+01   1.011379e+06  -2.366893e+05   6.160922e+05   1.290563e+02   5.514609e+02   1.887221e-19   1.207675e+06   9.602115e-37   0.000000e+00   0.000000e+00
     2832000   2.831999e-05   2.874387e+01   2.332916e+00   3.354129e+01   1.011379e+06  -2.366893e+05   6.160922e+05   1.578301e+02   6.744119e+02  -1.613413e-20   1.207675e+06   1.436044e-36   0.000000e+00   0.000000e+00
     2840000   2.839999e-05   2.882478e+01   2.313981e+00   3.359058e+01   1.011379e+06  -2.366893e+05   6.160922e+05   1.696027e+02   7.247164e+02  -3.857169e-20   1.207675e+06   1.658211e-36   0.000000e+00   0.000000e+00
     2848000   2.847999e-05   2.890569e+01   2.295046e+00   3.363986e+01   1.011379e+06  -2.366893e+05   6.160922e+05   1.584881e+02   6.772236e+02   3.337142e-19   1.207675e+06   1.448071e-36   0.000000e+00   0.000000e+00
     2856000   2.855999e-05   2.898661e+01   2.276110e+00   3.368915e+01   1.011379e+06  -2.366893e+05   6.160922e+05   1.598368e+02   6.829864e+02  -1.264051e-20   1.207675e+06   1.472820e-36   0.000000e+00   0.000000e+00
     2864000   2.863999e-05   2.906752e+01   2.257175e+00   3.373844e+01   1.011379e+06  -2.366893e+05   6.160922e+05   1.682573e+02   7.189677e+02   3.874137e-19   1.207675e+06   1.632052e-36   0.000000e+00   0.000000e+00
     2872000   2.871999e-05   2.914843e+01   2.238240e+00   3.378773e+01   1.011379e+06  -2.366893e+05   6.160922e+05   1.126445e+02   4.813325e+02   8.323953e-20   1.207675e+06   7.315513e-37   0.000000e+00   0.000000e+00
     2880000   2.879999e-05   2.922934e+01   2.219305e+00   3.383701e+01   1.011379e+06  -2.366893e+05   6.160922e+05   1.463504e+02   6.253587e+02   2.787057e-19   1.207675e+06   1.234844e-36   0.000000e+00   0.000000e+00
     2888000   2.887999e-05   2.931025e+01   2.200370e+00   3.388630e+01   1.011379e+06  -2.366893e+05   6.160922e+05   1.554307e+02   6.641593e+02   9.449619e-21   1.207675e+06   1.392682e-36   0.000000e+00   0.000000e+00
     2896000   2.895999e-05   2.939116e+01   2.181435e+00   3.393559e+01   1.011379e+06  -2.366893e+05   6.160922e+05   1.438200e+02   6.145463e+02   2.946591e-19   1.207675e+06   1.192458e-36   0.000000e+00   0.000000e+00
     2904000   2.903999e-05   2.947207e+01   2.162500e+00   3.398488e+01   1.011379e+06  -2.366893e+05   6.160922e+05   1.364093e+02   5.828801e+02   1.055478e-19   1.207675e+06   1.072742e-36   0.000000e+00   0.000000e+00
     2912000   2.911999e-05   2.955298e+01   2.143564e+00   3.403416e+01   1.011379e+06  -2.366893e+05   6.160922e+05   1.255893e+02   5.366462e+02  -1.166611e-19   1.207675e+06   9.093027e-37   0.000000e+00   0.000000e+00
     2920000   2.919999e-05   2.963389e+01   2.124629e+00   3.408345e+01   1.011379e+06  -2.366893e+05   6.160922e+05   1.516573e+02   6.480353e+02   4.937472e-20   1.207675e+06   1.325889e-36   0.000000e+00   0.000000e+00
     2928000   2.927999e-05   2.971480e+01   2.105694e+00   3.413274e+01   1.011379e+06  -2.366893e+05   6.160922e+05   1.132671e+02   4.839929e+02  -2.405151e-19   1.207675e+06   7.395464e-37   0.000000e+00   0.000000e+00
     2936000   2.935999e-05   2.979571e+01   2.086759e+00   3.418203e+01   1.011379e+06  -2.366893e+05   6.160922e+05   9.251364e+01   3.953130e+02   1.294053e-20   1.207675e+06   4.933998e-37   0.000000e+00   0.000000e+00
     2944000   2.943999e-05   2.987662e+01   2.067824e+00   3.423131e+01   1.011379e+06  -2.366893e+05   6.160922e+05   1.162897e+02   4.969085e+02   6.134118e-20   1.207675e+06   7.796048e-37   0.000000e+00   0.000000e+00
     2952000   2.951999e-05   2.995753e+01   2.048889e+00   3.428060e+01   1.011379e+06  -2.366893e+05   6.160922e+05   1.077817e+02   4.605538e+02   4.909823e-20   1.207675e+06   6.697699e-37   0.000000e+00   0.000000e+00
     2960000   2.959999e-05   3.003844e+01   2.029954e+00   3.432989e+01   1.011379e+06  -2.366893e+05   6.160922e+05   1.161412e+02   4.962743e+02   4.475460e-19   1.207675e+06   7.775903e-37   0.000000e+00   0.000000e+00
     2968000   2.967999e-05   3.011935e+01   2.011018e+00   3.437918e+01   1.011379e+06  -2.366893e+05   6.160922e+05   1.062760e+02   4.541198e+02   1.771768e-19   1.207675e+06   6.511842e-37   0.000000e+00   0.000000e+00
     2976000   2.975999e-05   3.020026e+01   1.992083e+00   3.442846e+01   1.011379e+06  -2.366893e+05   6.160922e+05   6.144366e+01   2.625503e+02   8.467232e-20   1.207675e+06   2.176875e-37   0.000000e+00   0.000000e+00
     2984000   2.983999e-05   3.028117e+01   1.973148e+00   3.447775e+01   1.011379e+06  -2.366893e+05   6.160922e+05   1.497323e+01   6.398096e+01   1.509785e-20   1.207675e+06   1.293496e-38   0.000000e+00   0.000000e+00
     2992000   2.991999e-05   3.036208e+01   1.954213e+00   3.452704e+01   1.011379e+06  -2.366893e+05   6.160922e+05   8.289146e+01   3.541972e+02   1.727354e-19   1.207675e+06   3.961548e-37   0.000000e+00   0.000000e+00
     3000000   2.999999e-05   3.044299e+01   1.935278e+00   3.457632e+01   1.011379e+06  -2.366893e+05   6.160922e+05   9.460943e+01   4.042684e+02  -2.313335e-19   1.207675e+06   5.160922e-37   0.000000e+00   0.000000e+00
     3008000   3.007999e-05   3.052390e+01   1.916343e+00   3.462561e+01   1.011379e+06  -2.366893e+05   6.160922e+05   8.366057e+01   3.574836e+02   6.237234e-20   1.207675e+06   4.034690e-37   0.000000e+00   0.000000e+00
     3016000   3.015999e-05   3.060481e+01   1.897408e+00   3.467490e+01   1.011379e+06  -2.366893e+05   6.160922e+05   1.450299e+02   6.197161e+02   1.325115e-19   1.207675e+06   1.212540e-36   0.000000e+00   0.000000e+00
     3024000   3.023999e-05   3.068572e+01   1.878472e+00   3.472419e+01   1.011379e+06  -2.366893e+05   6.160922e+05   6.444975e+01   2.753953e+02  -6.739603e-20   1.207675e+06   2.395107e-37   0.000000e+00   0.000000e+00
     3032000   3.031999e-05   3.076663e+01   1.859537e+00   3.477347e+01   1.011379e+06  -2.366893e+05   6.160922e+05   1.567000e+02   6.695829e+02   8.069083e-20   1.207675e+06   1.415488e-36   0.000000e+00   0.000000e+00
     3040000   3.039999e-05   3.084754e+01   1.840602e+00   3.482276e+01   1.011379e+06  -2.366893e+05   6.160922e+05   9.369803e+01   4.003739e+02  -3.355630e-20   1.207675e+06   5.061492e-37   0.000000e+00   0.000000e+00
     3048000   3.047999e-05   3.092845e+01   1.821667e+00   3.487205e+01   1.011379e+06  -2.366893e+05   6.160922e+05   9.196668e+01   3.929759e+02   1.115846e-19   1.207675e+06   4.875594e-37   0.000000e+00   0.000000e+00
     3056000   3.055999e-05   3.100936e+01   1.802732e+00   3.492134e+01   1.011379e+06  -2.366893e+05   6.160922e+05   9.569302e+01   4.088986e+02  -1.678995e-19   1.207675e+06   5.279151e-37   0.000000e+00   0.000000e+00
     3064000   3.063999e-05   3.109027e+01   1.783797e+00   3.497062e+01   1.011379e+06  -2.366893e+05   6.160922e+05   8.988256e+01   3.840703e+02  -9.278246e-20   1.207675e+06   4.657555e-37   0.000000e+00   0.000000e+00
     3072000   3.071999e-05   3.117118e+01   1.764862e+00   3.501991e+01   1.011379e+06  -2.366893e+05   6.160922e+05   7.537041e+01   3.220596e+02   1.213553e-19   1.207675e+06   3.274957e-37   0.000000e+00   0.000000e+00
     3080000   3.079999e-05   3.125209e+01   1.745926e+00   3.506920e+01   1.011379e+06  -2.366893e+05   6.160922e+05   7.177195e+01   3.066833e+02   1.364895e-19   1.207675e+06   2.969653e-37   0.000000e+00   0.000000e+00
     3088000   3.087999e-05   3.133300e+01   1.726991e+00   3.511849e+01   1.011379e+06  -2.366893e+05   6.160922e+05   9.353770e+01   3.996888e+02  -1.147447e-19   1.207675e+06   5.044123e-37   0.000000e+00   0.000000e+00
     3096000   3.095999e-05   3.141392e+01   1.708056e+00   3.516777e+01   1.011379e+06  -2.366893e+05   6.160922e+05   5.168944e+01   2.208702e+02  -1.616808e-20   1.207675e+06   1.540846e-37   0.000000e+00   0.000000e+00
     3104000   3.103999e-05   3.149483e+01   1.689121e+00   3.521706e+01   1.011379e+06  -2.366893e+05   6.160922e+05   4.854910e+01   2.074515e+02   9.070625e-20   1.207675e+06   1.358916e-37   0.000000e+00   0.000000e+00
     3112000   3.111999e-05   3.157574e+01   1.670186e+00   3.526635e+01   1.011379e+06  -2.366893e+05   6.160922e+05   9.498480e+01   4.058723e+02  -9.390012e-21   1.207675e+06   5.201018e-37   0.000000e+00   0.000000e+00
     3120000   3.119999e-05   3.165665e+01   1.651251e+00   3.531564e+01   1.011379e+06  -2.366893e+05   6.160922e+05   6.038444e+01   2.580242e+02   6.349381e-20   1.207675e+06   2.102274e-37   0.000000e+00   0.000000e+00
     3128000   3.127999e-05   3.173756e+01   1.632316e+00   3.536492e+01   1.011379e+06  -2.366893e+05   6.160922e+05   5.295113e+01   2.262615e+02   8.809021e-20   1.207675e+06   1.616641e-37   0.000000e+00   0.000000e+00
     3136000   3.135999e-05   3.181847e+01   1.613380e+00   3.541421e+01   1.011379e+06  -2.366893e+05   6.160922e+05   5.507403e+01   2.353326e+02   1.381043e-19   1.207675e+06   1.748564e-37   0.000000e+00   0.000000e+00
     3144000   3.143999e-05   3.189938e+01   1.594445e+00   3.546350e+01   1.011379e+06  -2.366893e+05   6.160922e+05   2.671548e+01   1.141559e+02   3.079951e-20   1.207675e+06   4.115225e-38   0.000000e+00   0.000000e+00
     3152000   3.151999e-05   3.198029e+01   1.575510e+00   3.551278e+01   1.011379e+06  -2.366893e+05   6.160922e+05   2.771463e+01   1.184253e+02  -5.088609e-20   1.207675e+06   4.430927e-38   0.000000e+00   0.000000e+00
     3160000   3.159999e-05   3.206120e+01   1.556575e+00   3.556207e+01   1.011379e+06  -2.366893e+05   6.160922e+05   6.900665e+01   2.948671e+02   5.236934e-21   1.207675e+06   2.745073e-37   0.000000e+00   0.000000e+00
     3168000   3.167999e-05   3.214211e+01   1.537640e+00   3.561136e+01   1.011379e+06  -2.366893e+05   6.160922e+05   5.090898e+01   2.175353e+02  -1.307245e-19   1.207675e+06   1.494377e-37   0.000000e+00   0.000000e+00
     3176000   3.175999e-05   3.222302e+01   1.518705e+00   3.566065e+01   1.011379e+06  -2.366893e+05   6.160922e+05   4.665917e+01   1.993758e+02   5.589165e-20   1.207675e+06   1.254934e-37   0.000000e+00   0.000000e+00
     3184000   3.183999e-05   3.230393e+01   1.499769e+00   3.570993e+01   1.011379e+06  -2.366893e+05   6.160922e+05   4.712852e+01   2.013813e+02   1.692960e-19   1.207675e+06   1.280049e-37   0.000000e+00   0.000000e+00
     3192000   3.191999e-05   3.238484e+01   1.480834e+00   3.575922e+01   1.011379e+06  -2.366893e+05   6.160922e+05   1.071559e+02   4.578796e+02  -7.615420e-21   1.207675e+06   6.618634e-37   0.000000e+00   0.000000e+00
     3200000   3.199999e-05   3.246575e+01   1.461899e+00   3.580851e+01   1.011379e+06  -2.366893e+05   6.160922e+05   4.495603e+01   1.920982e+02  -2.460335e-20   1.207675e+06   1.164940e-37   0.000000e+00   0.000000e+00
     3208000   3.207999e-05   3.254666e+01   1.442964e+00   3.585780e+01   1.011379e+06  -2.366893e+05   6.160922e+05   2.422323e+01   1.035065e+02  -2.980868e-20   1.207675e+06   3.383221e-38   0.000000e+00   0.000000e+00
     3216000   3.215999e-05   3.262757e+01   1.424029e+00   3.590708e+01   1.011379e+06  -2.366893e+05   6.160922e+05   2.660265e+01   1.136737e+02   4.375432e-20   1.207675e+06   4.080840e-38   0.000000e+00   0.000000e+00
     3224000   3.223999e-05   3.270848e+01   1.405094e+00   3.595637e+01   1.011379e+06  -2.366893e+05   6.160922e+05   1.153794e+01   4.930188e+01  -3.801604e-20   1.207675e+06   7.684484e-39   0.000000e+00   0.000000e+00
     3232000   3.231999e-05   3.278939e+01   1.386159e+00   3.600566e+01   1.011379e+06  -2.366893e+05   6.160922e+05   2.576753e+01   1.101053e+02  -4.495430e-20   1.207675e+06   3.827510e-38   0.000000e+00   0.000000e+00
     3240000   3.239999e-05   3.287030e+01   1.367223e+00   3.605495e+01   1.011379e+06  -2.366893e+05   6.160922e+05   1.809242e+01   7.730933e+01  -5.396420e-20   1.207675e+06   1.886679e-38   0.000000e+00   0.000000e+00
     3248000   3.247999e-05   3.295121e+01   1.348288e+00   3.610423e+01   1.011379e+06  -2.366893e+05   6.160922e+05   1.679590e+01   7.176928e+01  -4.038890e-20   1.207675e+06   1.627921e-38   0.000000e+00   0.000000e+00
     3256000   3.255999e-05   3.303212e+01   1.329353e+00   3.615352e+01   1.011379e+06  -2.366893e+05   6.160922e+05   2.166638e+01   9.258095e+01   3.682058e-20   1.207675e+06   2.707957e-38   0.000000e+00   0.000000e+00
     3264000   3.263999e-05   3.311303e+01   1.310418e+00   3.620281e+01   1.011379e+06  -2.366893e+05   6.160922e+05   9.827127e+00   4.199155e+01  -1.515856e-20   1.207675e+06   5.568227e-39   0.000000e+00   0.000000e+00
     3272000   3.271999e-05   3.319394e+01   1.291483e+00   3.625210e+01   1.011379e+06  -2.366893e+05   6.160922e+05   3.178066e+01   1.357995e+02  -4.472223e-20   1.207675e+06   5.821407e-38   0.000000e+00   0.000000e+00
     3280000   3.279999e-05   3.327485e+01   1.272548e+00   3.630138e+01   1.011379e+06  -2.366893e+05   6.160922e+05   2.555675e+01   1.092046e+02  -3.863028e-20   1.207675e+06   3.765503e-38   0.000000e+00   0.000000e+00
     3288000   3.287999e-05   3.335576e+01   1.253613e+00   3.635067e+01   1.011379e+06  -2.366893e+05   6.160922e+05   1.035063e+01   4.422850e+01   1.751552e-20   1.207675e+06   6.179950e-39   0.000000e+00   0.000000e+00
     3296000   3.295999e-05   3.343667e+01   1.234677e+00   3.639996e+01   1.011379e+06  -2.366893e+05   6.160922e+05   3.500430e+01   1.495742e+02  -2.181086e-21   1.207675e+06   7.063322e-38   0.000000e+00   0.000000e+00
     3304000   3.303999e-05   3.351758e+01   1.215742e+00   3.644924e+01   1.011379e+06  -2.366893e+05   6.160922e+05   2.939028e+01   1.255854e+02  -3.807341e-21   1.207675e+06   4.978464e-38   0.000000e+00   0.000000e+00
     3312000   3.311999e-05   3.359849e+01   1.196807e+00   3.649853e+01   1.011379e+06  -2.366893e+05   6.160922e+05  -4.017582e+01  -1.716723e+02   5.407606e-20   1.207675e+06   9.303614e-38   0.000000e+00   0.000000e+00
     3320000   3.319999e-05   3.367940e+01   1.177872e+00   3.654782e+01   1.011379e+06  -2.366893e+05   6.160922e+05  -7.613547e+00  -3.253287e+01   2.989171e-21   1.207675e+06   3.343103e-39   0.000000e+00   0.000000e+00
     3328000   3.327999e-05   3.376031e+01   1.158937e+00   3.659711e+01   1.011379e+06  -2.366893e+05   6.160922e+05   1.145392e+01   4.894288e+01  -1.986545e-20   1.207675e+06   7.565855e-39   0.000000e+00   0.000000e+00
     3336000   3.335999e-05   3.384123e+01   1.140002e+00   3.664639e+01   1.011379e+06  -2.366893e+05   6.160922e+05   6.798561e+00   2.905042e+01  -1.182345e-21   1.207675e+06   2.667681e-39   0.000000e+00   0.000000e+00
     3344000   3.343999e-05   3.392214e+01   1.121067e+00   3.669568e+01   1.011379e+06  -2.366893e+05   6.160922e+05  -1.121796e+01  -4.793459e+01  -2.628970e-20   1.207675e+06   7.253139e-39   0.000000e+00   0.000000e+00
     3352000   3.351999e-05   3.400305e+01   1.102131e+00   3.674497e+01   1.011379e+06  -2.366893e+05   6.160922e+05  -6.947891e+00  -2.968851e+01  -5.133252e-21   1.207675e+06   2.786838e-39   0.000000e+00   0.000000e+00
     3360000   3.359999e-05   3.408396e+01   1.083196e+00   3.679426e+01   1.011379e+06  -2.366893e+05   6.160922e+05  -4.740879e+01  -2.025789e+02   1.100365e-19   1.207675e+06   1.295513e-37   0.000000e+00   0.000000e+00
     3368000   3.367999e-05   3.416487e+01   1.064261e+00   3.684354e+01   1.011379e+06  -2.366893e+05   6.160922e+05   3.356106e+01   1.434072e+02   4.725732e-20   1.207675e+06   6.493751e-38   0.000000e+00   0.000000e+00
     3376000   3.375999e-05   3.424578e+01   1.045326e+00   3.689283e+01   1.011379e+06  -2.366893e+05   6.160922e+05  -8.841952e+01  -3.778188e+02  -5.540462e-20   1.207675e+06   4.505944e-37   0.000000e+00   0.000000e+00
     3384000   3.383999e-05   3.432669e+01   1.026391e+00   3.694212e+01   1.011379e+06  -2.366893e+05   6.160922e+05  -1.030954e+01  -4.405291e+01   1.347993e-20   1.207675e+06   6.134441e-39   0.000000e+00   0.000000e+00
     3392000   3.391999e-05   3.440760e+01   1.007456e+00   3.699141e+01   1.011379e+06  -2.366893e+05   6.160922e+05   2.548586e+01   1.089017e+02  -5.475981e-21   1.207675e+06   3.747561e-38   0.000000e+00   0.000000e+00
     3400000   3.399999e-05   3.448851e+01   9.885205e-01   3.704069e+01   1.011379e+06  -2.366893e+05   6.160922e+05  -1.388911e+02  -5.934852e+02  -1.750257e-19   1.207675e+06   1.111774e-36   0.000000e+00   0.000000e+00
     3408000   3.407999e-05   3.456942e+01   9.695854e-01   3.708998e+01   1.011379e+06  -2.366893e+05   6.160922e+05   6.265983e+01   2.677470e+02  -5.693046e-20   1.207675e+06   2.261961e-37   0.000000e+00   0.000000e+00
     3416000   3.415999e-05   3.465033e+01   9.506502e-01   3.713927e+01   1.011379e+06  -2.366893e+05   6.160922e+05  -1.316241e-01  -5.624328e-01  -1.078158e-22   1.207675e+06   8.924529e-43   0.000000e+00   0.000000e+00
     3424000   3.423999e-05   3.473124e+01   9.317151e-01   3.718856e+01   1.011379e+06  -2.366893e+05   6.160922e+05  -3.961364e+00  -1.692700e+01   1.742641e-21   1.207675e+06   9.056785e-40   0.000000e+00   0.000000e+00
     3432000   3.431999e-05   3.481215e+01   9.127799e-01   3.723784e+01   1.011379e+06  -2.366893e+05   6.160922e+05  -1.951278e+01  -8.337857e+01  -3.607173e-20   1.207675e+06   2.195387e-38   0.000000e+00   0.000000e+00
     3440000   3.439999e-05   3.489306e+01   8.938448e-01   3.728713e+01   1.011379e+06  -2.366893e+05   6.160922e+05  -8.155433e+01  -3.484836e+02   9.884968e-20   1.207675e+06   3.833921e-37   0.000000e+00   0.000000e+00
     3448000   3.447999e-05   3.497397e+01   8.749096e-01   3.733642e+01   1.011379e+06  -2.366893e+05   6.160922e+05   4.433215e+01   1.894324e+02   1.334773e-20   1.207675e+06   1.132225e-37   0.000000e+00   0.000000e+00
     3456000   3.455999e-05   3.505488e+01   8.559745e-01   3.738571e+01   1.011379e+06  -2.366893e+05   6.160922e+05  -9.151246e+01  -3.910350e+02   8.135066e-21   1.207675e+06   4.826964e-37   0.000000e+00   0.000000e+00
     3464000   3.463999e-05   3.513579e+01   8.370393e-01   3.743499e+01   1.011379e+06  -2.366893e+05   6.160922e+05  -1.671765e+01  -7.143490e+01  -1.070877e-20   1.207675e+06   1.610271e-38   0.000000e+00   0.000000e+00
     3472000   3.471999e-05   3.521670e+01   8.181042e-01   3.748428e+01   1.011379e+06  -2.366893e+05   6.160922e+05  -6.685420e+01  -2.856696e+02   8.570553e-20   1.207675e+06   2.575991e-37   0.000000e+00   0.000000e+00
     3480000   3.479999e-05   3.529761e+01   7.991690e-01   3.753357e+01   1.011379e+06  -2.366893e+05   6.160922e+05  -8.430910e+01  -3.602548e+02  -1.371545e-19   1.207675e+06   4.097659e-37   0.000000e+00   0.000000e+00
     3488000   3.487999e-05   3.537852e+01   7.802339e-01   3.758285e+01   1.011379e+06  -2.366893e+05   6.160922e+05  -2.921894e+01  -1.248532e+02   1.706506e-21   1.207675e+06   4.921481e-38   0.000000e+00   0.000000e+00
     3496000   3.495999e-05   3.545943e+01   7.612988e-01   3.763214e+01   1.011379e+06  -2.366893e+05   6.160922e+05   1.539209e+01   6.577077e+01   3.828181e-21   1.207675e+06   1.366021e-38   0.000000e+00   0.000000e+00
     3504000   3.503999e-05   3.554034e+01   7.423636e-01   3.768143e+01   1.011379e+06  -2.366893e+05   6.160922e+05  -1.813467e+01  -7.748987e+01  -5.595524e-20   1.207675e+06   1.898157e-38   0.000000e+00   0.000000e+00
     3512000   3.511999e-05   3.562125e+01   7.234285e-01   3.773072e+01   1.011379e+06  -2.366893e+05   6.160922e+05   2.505837e+01   1.070750e+02  -2.174654e-20   1.207675e+06   3.621267e-38   0.000000e+00   0.000000e+00
     3520000   3.519999e-05   3.570216e+01   7.044933e-01   3.778000e+01   1.011379e+06  -2.366893e+05   6.160922e+05   2.796716e+00   1.195044e+01   5.085438e-21   1.207675e+06   4.502276e-40   0.000000e+00   0.000000e+00
     3528000   3.527999e-05   3.578307e+01   6.855582e-01   3.782929e+01   1.011379e+06  -2.366893e+05   6.160922e+05   8.777052e+01   3.750455e+02  -1.889195e-19   1.207675e+06   4.440059e-37   0.000000e+00   0.000000e+00
     3536000   3.535999e-05   3.586398e+01   6.666230e-01   3.787858e+01   1.011379e+06  -2.366893e+05   6.160922e+05  -7.199248e+01  -3.076256e+02  -5.508985e-20   1.207675e+06   2.988450e-37   0.000000e+00   0.000000e+00
     3544000   3.543999e-05   3.594489e+01   6.476879e-01   3.792787e+01   1.011379e+06  -2.366893e+05   6.160922e+05   5.081266e+00   2.171237e+01  -4.834474e-21   1.207675e+06   1.487518e-39   0.000000e+00   0.000000e+00
     3552000   3.551999e-05   3.602580e+01   6.287527e-01   3.797715e+01   1.011379e+06  -2.366893e+05   6.160922e+05  -1.928283e+01  -8.239601e+01   1.676076e-20   1.207675e+06   2.143656e-38   0.000000e+00   0.000000e+00
     3560000   3.559999e-05   3.610671e+01   6.098176e-01   3.802644e+01   1.011379e+06  -2.366893e+05   6.160922e+05   3.701242e+00   1.581550e+01   9.199023e-21   1.207675e+06   7.889227e-40   0.000000e+00   0.000000e+00
     3568000   3.567999e-05   3.618763e+01   5.908824e-01   3.807573e+01   1.011379e+06  -2.366893e+05   6.160922e+05  -5.918039e+00  -2.528792e+01  -9.627780e-22   1.207675e+06   2.018555e-39   0.000000e+00   0.000000e+00
     3576000   3.575999e-05   3.626854e+01   5.719473e-01   3.812502e+01   1.011379e+06  -2.366893e+05   6.160922e+05   4.670769e+01   1.995831e+02  -6.070339e-20   1.207675e+06   1.257336e-37   0.000000e+00   0.000000e+00
     3584000   3.583999e-05   3.634945e+01   5.530121e-01   3.817430e+01   1.011379e+06  -2.366893e+05   6.160922e+05  -5.714957e+01  -2.442015e+02  -1.002659e-21   1.207675e+06   1.882565e-37   0.000000e+00   0.000000e+00
     3592000   3.591999e-05   3.643036e+01   5.340770e-01   3.822359e+01   1.011379e+06  -2.366893e+05   6.160922e+05  -1.045093e+01  -4.465708e+01   3.786790e-23   1.207675e+06   6.301720e-39   0.000000e+00   0.000000e+00
     3600000   3.599999e-05   3.651127e+01   5.151418e-01   3.827288e+01   1.011379e+06  -2.366893e+05   6.160922e+05  -4.749120e+01  -2.029310e+02   4.176292e-20   1.207675e+06   1.299799e-37   0.000000e+00   0.000000e+00
     3608000   3.607999e-05   3.659218e+01   4.962067e-01   3.832217e+01   1.011379e+06  -2.366893e+05   6.160922e+05  -3.246353e+01  -1.387175e+02  -4.460063e-20   1.207675e+06   6.076492e-38   0.000000e+00   0.000000e+00
     3616000   3.615999e-05   3.667309e+01   4.772716e-01   3.837145e+01   1.011379e+06  -2.366893e+05   6.160922e+05  -6.052791e+01  -2.586372e+02  -3.123484e-20   1.207675e+06   2.111716e-37   0.000000e+00   0.000000e+00
     3624000   3.623999e-05   3.675400e+01   4.583364e-01   3.842074e+01   1.011379e+06  -2.366893e+05   6.160922e+05  -5.154920e+01  -2.202710e+02  -1.999939e-20   1.207675e+06   1.531363e-37   0.000000e+00   0.000000e+00
     3632000   3.631999e-05   3.683491e+01   4.394013e-01   3.847003e+01   1.011379e+06  -2.366893e+05   6.160922e+05  -3.549728e+01  -1.516807e+02   2.549980e-22   1.207675e+06   7.261279e-38   0.000000e+00   0.000000e+00
     3640000   3.639999e-05   3.691582e+01   4.204661e-01   3.851931e+01   1.011379e+06  -2.366893e+05   6.160922e+05  -5.393255e+01  -2.304551e+02  -1.954636e-20   1.207675e+06   1.676908e-37   0.000000e+00   0.000000e+00
     3648000   3.647999e-05   3.699673e+01   4.015310e-01   3.856860e+01   1.011379e+06  -2.366893e+05   6.160922e+05  -4.899200e+01  -2.093440e+02   1.090311e-19   1.207675e+06   1.383753e-37   0.000000e+00   0.000000e+00
     3656000   3.655999e-05   3.707764e+01   3.825958e-01   3.861789e+01   1.011379e+06  -2.366893e+05   6.160922e+05  -4.569547e+01  -1.952578e+02  -4.315677e-20   1.207675e+06   1.203531e-37   0.000000e+00   0.000000e+00
     3664000   3.663999e-05   3.715855e+01   3.636607e-01   3.866718e+01   1.011379e+06  -2.366893e+05   6.160922e+05  -9.784420e-01  -4.180906e+00  -1.577032e-21   1.207675e+06   5.577467e-41   0.000000e+00   0.000000e+00
     3672000   3.671999e-05   3.723946e+01   3.447255e-01   3.871646e+01   1.011379e+06  -2.366893e+05   6.160922e+05  -5.278440e+00  -2.255490e+01   7.152436e-21   1.207675e+06   1.608938e-39   0.000000e+00   0.000000e+00
     3680000   3.679999e-05   3.732037e+01   3.257904e-01   3.876575e+01   1.011379e+06  -2.366893e+05   6.160922e+05  -4.019761e+01  -1.717653e+02  -8.440900e-20   1.207675e+06   9.311278e-38   0.000000e+00   0.000000e+00
     3688000   3.687999e-05   3.740128e+01   3.068552e-01   3.881504e+01   1.011379e+06  -2.366893e+05   6.160922e+05  -5.703407e+01  -2.437080e+02  -8.342721e-20   1.207675e+06   1.875440e-37   0.000000e+00   0.000000e+00
     3696000   3.695999e-05   3.748219e+01   2.879203e-01   3.886433e+01   1.011382e+06  -2.366788e+05   6.160922e+05   6.715314e+07   2.869604e+08  -8.839791e-14   1.207675e+06   2.599393e-25   0.000000e+00   0.000000e+00
     3704000   3.703999e-05   3.756310e+01   2.689862e-01   3.891361e+01   1.011382e+06  -2.366776e+05   6.160922e+05   3.501460e+07   1.496261e+08   4.124956e-14   1.207675e+06   7.065684e-26   0.000000e+00   0.000000e+00
     3712000   3.711999e-05   3.764401e+01   2.500524e-01   3.896290e+01   1.011383e+06  -2.366723e+05   6.160922e+05  -2.598408e+07  -1.110390e+08  -1.071220e-14   1.207675e+06   3.891008e-26   0.000000e+00   0.000000e+00
     3720000   3.719999e-05   3.772492e+01   2.311181e-01   3.901219e+01   1.011381e+06  -2.366799e+05   6.160922e+05   1.445549e+07   6.177123e+07   1.132772e-14   1.207675e+06   1.205805e-26   0.000000e+00   0.000000e+00
     3728000   3.727999e-05   3.780583e+01   2.121837e-01   3.906148e+01   1.011381e+06  -2.366821e+05   6.160922e+05   3.049619e+07   1.303152e+08   6.778961e-15   1.207675e+06   5.359268e-26   0.000000e+00   0.000000e+00
     3736000   3.735999e-05   3.788674e+01   1.932495e-01   3.911076e+01   1.011384e+06  -2.366698e+05   6.160922e+05   2.275748e+08   9.725173e+08  -5.123744e-13   1.207675e+06   2.985360e-24   0.000000e+00   0.000000e+00
     3744000   3.743999e-05   3.796765e+01   1.743164e-01   3.916005e+01   1.011382e+06  -2.366777e+05   6.160922e+05  -1.498429e+08  -6.403157e+08  -1.254870e-13   1.207675e+06   1.294151e-24   0.000000e+00   0.000000e+00
     3752000   3.751999e-05   3.804856e+01   1.553818e-01   3.920934e+01   1.011386e+06  -2.366616e+05   6.160922e+05   3.650754e+07   1.560169e+08   4.480971e-14   1.207675e+06   7.694589e-26   0.000000e+00   0.000000e+00
     3760000   3.759999e-05   3.812948e+01   1.364491e-01   3.925863e+01   1.011391e+06  -2.366390e+05   6.160922e+05   2.604606e+08   1.113204e+09  -7.412618e-13   1.207675e+06   3.911667e-24   0.000000e+00   0.000000e+00
     3768000   3.767999e-05   3.821039e+01   1.175226e-01   3.930791e+01   1.011417e+06  -2.365273e+05   6.160922e+05   1.517883e+08   6.490637e+08   5.905232e-14   1.207675e+06   1.329506e-24   0.000000e+00   0.000000e+00
     3776000   3.775999e-05   3.829130e+01   9.860361e-02   3.935720e+01   1.011438e+06  -2.364376e+05   6.160922e+05   2.020582e+08   8.643691e+08  -2.291969e-13   1.207675e+06   2.358419e-24   0.000000e+00   0.000000e+00
     3784000   3.783999e-05   3.837222e+01   7.969219e-02   3.940649e+01   1.011459e+06  -2.363494e+05   6.160922e+05   2.142188e+08   9.167505e+08  -2.631323e-13   1.207675e+06   2.652836e-24   0.000000e+00   0.000000e+00
     3792000   3.791999e-05   3.845314e+01   6.078791e-02   3.945577e+01   1.011482e+06  -2.362518e+05   6.160922e+05   3.000612e+08   1.284673e+09   1.484168e-13   1.207675e+06   5.210011e-24   0.000000e+00   0.000000e+00
     3800000   3.799999e-05   3.853405e+01   4.189176e-02   3.950506e+01   1.011505e+06  -2.361496e+05   6.160922e+05   3.470272e+08   1.486430e+09   3.832930e-13   1.207675e+06   6.974605e-24   0.000000e+00   0.000000e+00
     3808000   3.807999e-05   3.861498e+01   2.300437e-02   3.955435e+01   1.011532e+06  -2.360365e+05   6.160922e+05   3.364307e+08   1.441770e+09  -1.491744e-13   1.207675e+06   6.560787e-24   0.000000e+00   0.000000e+00
     3816000   3.815999e-05   3.869590e+01   4.126504e-03   3.960364e+01   1.011562e+06  -2.359063e+05   6.160922e+05   3.535774e+08   1.516134e+09  -6.149400e-13   1.207675e+06   7.255322e-24   0.000000e+00   0.000000e+00
