       time             b_x              b_y              b_z              F_x              F_y              F_z
  0.00000000e+00   0.00000000e+00   0.00000000e+00  -9.80521272e-07   2.57494188e-22   8.91987495e-21   0.00000000e+00
  8.00000000e-08   0.00000000e+00   0.00000000e+00  -6.68549334e-07   1.75528969e-22   6.08184413e-21  -1.02775374e-46
  1.60000000e-07   0.00000000e+00   0.00000000e+00  -3.56576989e-07   9.36072622e-23   3.24380835e-21  -2.92397123e-47
  2.40000000e-07   0.00000000e+00   0.00000000e+00  -4.46044271e-08   1.17087642e-23   4.05769929e-22  -4.58233111e-49
  3.20000000e-07   0.00000000e+00   0.00000000e+00   2.67368162e-07  -7.01868300e-23  -2.43226882e-21  -1.64310064e-47
  4.00000000e-07   0.00000000e+00   0.00000000e+00   5.79340588e-07  -1.52099825e-22  -5.27030559e-21  -7.71579934e-47
  4.80000000e-07   0.00000000e+00   0.00000000e+00   8.91312662e-07  -2.34050525e-22  -8.10833807e-21  -1.82639046e-46
  5.60000000e-07   0.00000000e+00   0.00000000e+00  -2.53226061e-06   6.64887597e-22   2.30361662e-20  -1.47428767e-45
  6.40000000e-07   0.00000000e+00   0.00000000e+00  -2.67327291e-06   7.01427704e-22   2.43189798e-20  -1.64305594e-45
  7.20000000e-07   0.00000000e+00   0.00000000e+00  -2.81428675e-06   7.37889376e-22   2.56018096e-20  -1.82096976e-45
  8.00000000e-07   0.00000000e+00   0.00000000e+00  -2.95530221e-06   7.74268477e-22   2.68846566e-20  -2.00802954e-45
  8.80000000e-07   0.00000000e+00   0.00000000e+00  -3.09631937e-06   8.10560867e-22   2.81675214e-20  -2.20423571e-45
  9.60000000e-07   0.00000000e+00   0.00000000e+00  -3.23733830e-06   8.46762406e-22   2.94504051e-20  -2.40958873e-45
  1.04000000e-06   0.00000000e+00   0.00000000e+00  -3.37835911e-06   8.82868956e-22   3.07333085e-20  -2.62408907e-45
  1.12000000e-06   0.00000000e+00   0.00000000e+00  -3.51938185e-06   9.18876377e-22   3.20162324e-20  -2.84773722e-45
  1.20000000e-06   0.00000000e+00   0.00000000e+00  -3.66040662e-06   9.54780528e-22   3.32991776e-20  -3.08053369e-45
  1.28000000e-06   0.00000000e+00   0.00000000e+00   6.78116995e-07  -1.76744253e-22  -6.16891916e-21  -1.05713581e-46
  1.36000000e-06   0.00000000e+00   0.00000000e+00   9.90105604e-07  -2.58118461e-22  -9.00711877e-21  -2.25372180e-46
  1.44000000e-06   0.00000000e+00   0.00000000e+00   1.30209361e-06  -3.39557114e-22  -1.18453111e-20  -3.89789273e-46
  1.52000000e-06   0.00000000e+00   0.00000000e+00   1.61408083e-06  -4.21080518e-22  -1.46834937e-20  -5.98964459e-46
  1.60000000e-06   0.00000000e+00   0.00000000e+00   1.92606706e-06  -5.02708980e-22  -1.75216644e-20  -8.52897230e-46
  1.68000000e-06   0.00000000e+00   0.00000000e+00   2.23805213e-06  -5.84462806e-22  -2.03598209e-20  -1.15158697e-45
  1.76000000e-06   0.00000000e+00   0.00000000e+00   2.55003583e-06  -6.66362302e-22  -2.31979607e-20  -1.49503295e-45
  1.84000000e-06   0.00000000e+00   0.00000000e+00  -6.84245165e-07   1.78774155e-22   6.22465552e-21  -1.07643511e-46
  1.92000000e-06   0.00000000e+00   0.00000000e+00  -7.28998205e-07   1.90430964e-22   6.63178001e-21  -1.22184955e-46
  2.00000000e-06   0.00000000e+00   0.00000000e+00  -3.41994911e-09   8.93190636e-25   3.11116731e-23  -2.70165225e-51
  2.08000000e-06   0.00000000e+00   0.00000000e+00   6.02401418e-08  -1.57330816e-23  -5.48011543e-22  -8.34120332e-49
  2.16000000e-06   0.00000000e+00   0.00000000e+00   1.23900224e-07  -3.23601535e-23  -1.12713465e-21  -3.52906677e-48
  2.24000000e-06   0.00000000e+00   0.00000000e+00   1.87560287e-07  -4.89888701e-23  -1.70625755e-21  -8.08753937e-48
  2.32000000e-06   0.00000000e+00   0.00000000e+00   2.51220323e-07  -6.56200765e-23  -2.28538012e-21  -1.45095354e-47
  2.40000000e-06   0.00000000e+00   0.00000000e+00   3.14880321e-07  -8.22546177e-23  -2.86450225e-21  -2.27950510e-47
  2.48000000e-06   0.00000000e+00   0.00000000e+00   3.78540272e-07  -9.88933387e-23  -3.44362384e-21  -3.29440814e-47
  2.56000000e-06   0.00000000e+00   0.00000000e+00   4.42200167e-07  -1.15537085e-22  -4.02274477e-21  -4.49566203e-47
  2.64000000e-06   0.00000000e+00   0.00000000e+00   5.05859996e-07  -1.32186701e-22  -4.60186493e-21  -5.88326607e-47
  2.72000000e-06   0.00000000e+00   0.00000000e+00   5.69519749e-07  -1.48843032e-22  -5.18098421e-21  -7.45721943e-47
  2.80000000e-06   0.00000000e+00   0.00000000e+00  -3.88896650e-07   1.01632117e-22   3.53783604e-21  -3.47718175e-47
  2.88000000e-06   0.00000000e+00   0.00000000e+00  -4.33649539e-07   1.13315159e-22   3.94495839e-21  -4.32352579e-47
  2.96000000e-06   0.00000000e+00   0.00000000e+00  -4.78402490e-07   1.24994158e-22   4.35208144e-21  -5.26196782e-47
  3.04000000e-06   0.00000000e+00   0.00000000e+00  -5.23155511e-07   1.36668698e-22   4.75920524e-21  -6.29250839e-47
  3.12000000e-06   0.00000000e+00   0.00000000e+00  -5.67908608e-07   1.48338361e-22   5.16632988e-21  -7.41514809e-47
  3.20000000e-06   0.00000000e+00   0.00000000e+00  -6.12661788e-07   1.60002731e-22   5.57345542e-21  -8.62988758e-47
  3.28000000e-06   0.00000000e+00   0.00000000e+00  -6.57415056e-07   1.71661390e-22   5.98058194e-21  -9.93672757e-47
  3.36000000e-06   0.00000000e+00   0.00000000e+00  -7.02168421e-07   1.83313920e-22   6.38770950e-21  -1.13356688e-46
  3.44000000e-06   0.00000000e+00   0.00000000e+00  -7.46921887e-07   1.94959905e-22   6.79483818e-21  -1.28267121e-46
  3.52000000e-06   0.00000000e+00   0.00000000e+00   3.73735033e-07  -9.75500129e-23  -3.39991256e-21  -3.21129798e-47
  3.60000000e-06   0.00000000e+00   0.00000000e+00   3.22070846e-13  -8.40651969e-29  -2.92991723e-27  -2.38477274e-59
  3.68000000e-06   0.00000000e+00   0.00000000e+00   4.03084991e-13  -1.05211072e-28  -3.66691265e-27  -3.73544988e-59
  3.76000000e-06   0.00000000e+00   0.00000000e+00   4.84099135e-13  -1.26356948e-28  -4.40390807e-27  -5.38792976e-59
  3.84000000e-06   0.00000000e+00   0.00000000e+00   5.65113280e-13  -1.47502823e-28  -5.14090348e-27  -7.34221238e-59
  3.92000000e-06   0.00000000e+00   0.00000000e+00   6.46127424e-13  -1.68648699e-28  -5.87789890e-27  -9.59829773e-59
  4.00000000e-06   0.00000000e+00   0.00000000e+00   7.27141569e-13  -1.89794574e-28  -6.61489432e-27  -1.21561858e-58
  4.08000000e-06   0.00000000e+00   0.00000000e+00   8.08155713e-13  -2.10940450e-28  -7.35188974e-27  -1.50158767e-58
  4.16000000e-06   0.00000000e+00   0.00000000e+00   8.89169858e-13  -2.32086326e-28  -8.08888515e-27  -1.81773702e-58
  4.24000000e-06   0.00000000e+00   0.00000000e+00   6.26390305e-13  -1.63497022e-28  -5.69834795e-27  -9.02133012e-59
  4.32000000e-06   0.00000000e+00   0.00000000e+00   5.74235580e-13  -1.49883877e-28  -5.22389015e-27  -7.58161173e-59
  4.40000000e-06   0.00000000e+00   0.00000000e+00   5.22080856e-13  -1.36270732e-28  -4.74943235e-27  -6.26697360e-59
  4.48000000e-06   0.00000000e+00   0.00000000e+00   4.69926132e-13  -1.22657587e-28  -4.27497455e-27  -5.07741574e-59
  4.56000000e-06   0.00000000e+00   0.00000000e+00   4.17771408e-13  -1.09044442e-28  -3.80051675e-27  -4.01293813e-59
  4.64000000e-06   0.00000000e+00   0.00000000e+00   3.65616684e-13  -9.54312971e-29  -3.32605896e-27  -3.07354079e-59
  4.72000000e-06   0.00000000e+00   0.00000000e+00   3.13461960e-13  -8.18181520e-29  -2.85160116e-27  -2.25922370e-59
  4.80000000e-06   0.00000000e+00   0.00000000e+00   2.61307236e-13  -6.82050069e-29  -2.37714336e-27  -1.56998688e-59
  4.88000000e-06   0.00000000e+00   0.00000000e+00   2.09152512e-13  -5.45918618e-29  -1.90268556e-27  -1.00583032e-59
  4.96000000e-06   0.00000000e+00   0.00000000e+00   7.27686255e-13  -1.89936746e-28  -6.61984940e-27  -1.21744048e-58
  5.04000000e-06   0.00000000e+00   0.00000000e+00   8.08700400e-13  -2.11082622e-28  -7.35684482e-27  -1.50361248e-58
  5.12000000e-06   0.00000000e+00   0.00000000e+00   8.89714545e-13  -2.32228497e-28  -8.09384023e-27  -1.81996475e-58
  5.20000000e-06   0.00000000e+00   0.00000000e+00   9.70728689e-13  -2.53374373e-28  -8.83083565e-27  -2.16649729e-58
  5.28000000e-06   0.00000000e+00   0.00000000e+00   1.05174283e-12  -2.74520248e-28  -9.56783107e-27  -2.54321011e-58
  5.36000000e-06   0.00000000e+00   0.00000000e+00   5.31463974e-13  -1.38719863e-28  -4.83479170e-27  -6.49419654e-59
  5.44000000e-06   0.00000000e+00   0.00000000e+00   5.00703326e-13  -1.30690885e-28  -4.55495838e-27  -5.76420083e-59
  5.52000000e-06   0.00000000e+00   0.00000000e+00   4.69942677e-13  -1.22661906e-28  -4.27512506e-27  -5.07771546e-59
  5.60000000e-06   0.00000000e+00   0.00000000e+00   4.39182028e-13  -1.14632927e-28  -3.99529173e-27  -4.43474043e-59
  5.68000000e-06   0.00000000e+00   0.00000000e+00   1.28639221e-13  -3.35767163e-29  -1.17024646e-27  -3.80467882e-60
  5.76000000e-06   0.00000000e+00   0.00000000e+00   1.28971348e-13  -3.36634064e-29  -1.17326786e-27  -3.82435042e-60
  5.84000000e-06   0.00000000e+00   0.00000000e+00   1.29303475e-13  -3.37500965e-29  -1.17628927e-27  -3.84407273e-60
  5.92000000e-06   0.00000000e+00   0.00000000e+00   1.29635602e-13  -3.38367866e-29  -1.17931067e-27  -3.86384578e-60
  6.00000000e-06   0.00000000e+00   0.00000000e+00   1.29967730e-13  -3.39234766e-29  -1.18233207e-27  -3.88366954e-60
  6.08000000e-06   0.00000000e+00   0.00000000e+00   1.30299857e-13  -3.40101667e-29  -1.18535347e-27  -3.90354403e-60
  6.16000000e-06   0.00000000e+00   0.00000000e+00   1.30631984e-13  -3.40968568e-29  -1.18837487e-27  -3.92346924e-60
  6.24000000e-06   0.00000000e+00   0.00000000e+00   1.30964111e-13  -3.41835469e-29  -1.19139628e-27  -3.94344518e-60
  6.32000000e-06   0.00000000e+00   0.00000000e+00   1.31296239e-13  -3.42702369e-29  -1.19441768e-27  -3.96347184e-60
  6.40000000e-06   0.00000000e+00   0.00000000e+00   1.31628366e-13  -3.43569270e-29  -1.19743908e-27  -3.98354922e-60
  6.48000000e-06   0.00000000e+00   0.00000000e+00   3.39954538e-13  -8.87331021e-29  -3.09260732e-27  -2.65719234e-59
  6.56000000e-06   0.00000000e+00   0.00000000e+00   3.09193889e-13  -8.07041233e-29  -2.81277400e-27  -2.19808300e-59
  6.64000000e-06   0.00000000e+00   0.00000000e+00   2.78433240e-13  -7.26751444e-29  -2.53294068e-27  -1.78248399e-59
  6.72000000e-06   0.00000000e+00   0.00000000e+00   2.47672591e-13  -6.46461655e-29  -2.25310735e-27  -1.41039533e-59
  6.80000000e-06   0.00000000e+00   0.00000000e+00   2.16911942e-13  -5.66171867e-29  -1.97327403e-27  -1.08181701e-59
  6.88000000e-06   0.00000000e+00   0.00000000e+00   1.86151293e-13  -4.85882078e-29  -1.69344071e-27  -7.96749021e-60
  6.96000000e-06   0.00000000e+00   0.00000000e+00   1.55390644e-13  -4.05592289e-29  -1.41360738e-27  -5.55191374e-60
  7.04000000e-06   0.00000000e+00   0.00000000e+00   1.24629996e-13  -3.25302501e-29  -1.13377406e-27  -3.57144065e-60
  7.12000000e-06   0.00000000e+00   0.00000000e+00  -3.56345927e-13   9.30114942e-29   3.24172176e-27  -2.91944917e-59
  7.20000000e-06   0.00000000e+00   0.00000000e+00   1.57262005e-13  -4.10476813e-29  -1.43063138e-27  -5.68635092e-60
  7.28000000e-06   0.00000000e+00   0.00000000e+00   1.36172596e-13  -3.55430374e-29  -1.23877849e-27  -4.26351436e-60
  7.36000000e-06   0.00000000e+00   0.00000000e+00   1.15083187e-13  -3.00383935e-29  -1.04692560e-27  -3.04519522e-60
  7.44000000e-06   0.00000000e+00   0.00000000e+00   9.39937781e-14  -2.45337496e-29  -8.55072706e-28  -2.03139348e-60
  7.52000000e-06   0.00000000e+00   0.00000000e+00   7.29043692e-14  -1.90291057e-29  -6.63219816e-28  -1.22210917e-60
  7.60000000e-06   0.00000000e+00   0.00000000e+00   5.18149603e-14  -1.35244618e-29  -4.71366927e-28  -6.17342265e-61
  7.68000000e-06   0.00000000e+00   0.00000000e+00   3.07255514e-14  -8.01981791e-30  -2.79514037e-28  -2.17092776e-61
  7.76000000e-06   0.00000000e+00   0.00000000e+00   9.63614246e-15  -2.51517400e-30  -8.76611471e-29  -2.13607007e-62
  7.84000000e-06   0.00000000e+00   0.00000000e+00  -1.14532665e-14   2.98946991e-30   1.04191743e-28  -3.01460396e-62
  7.92000000e-06   0.00000000e+00   0.00000000e+00  -7.83064233e-13   2.04391208e-28   7.12362952e-27  -1.40980749e-58
  8.00000000e-06   0.00000000e+00   0.00000000e+00  -8.29541845e-13   2.16522544e-28   7.54644195e-27  -1.58212938e-58
  8.08000000e-06   0.00000000e+00   0.00000000e+00  -8.76019457e-13   2.28653879e-28   7.96925437e-27  -1.76438447e-58
  8.16000000e-06   0.00000000e+00   0.00000000e+00  -9.22497069e-13   2.40785215e-28   8.39206680e-27  -1.95657275e-58
  8.24000000e-06   0.00000000e+00   0.00000000e+00  -9.68974681e-13   2.52916551e-28   8.81487923e-27  -2.15869424e-58
  8.32000000e-06   0.00000000e+00   0.00000000e+00  -1.01545229e-12   2.65047887e-28   9.23769165e-27  -2.37074892e-58
  8.40000000e-06   0.00000000e+00   0.00000000e+00  -1.06192990e-12   2.77179223e-28   9.66050408e-27  -2.59273680e-58
  8.48000000e-06   0.00000000e+00   0.00000000e+00  -1.10840752e-12   2.89310558e-28   1.00833165e-26  -2.82465787e-58
  8.56000000e-06   0.00000000e+00   0.00000000e+00  -1.15488513e-12   3.01441894e-28   1.05061289e-26  -3.06651215e-58
  8.64000000e-06   0.00000000e+00   0.00000000e+00  -2.60405169e-13   6.79695542e-29   2.36893714e-27  -1.55905662e-59
  8.72000000e-06   0.00000000e+00   0.00000000e+00  -2.81494578e-13   7.34741981e-29   2.56079003e-27  -1.82181139e-59
  8.80000000e-06   0.00000000e+00   0.00000000e+00  -3.02583986e-13   7.89788420e-29   2.75264292e-27  -2.10501791e-59
  8.88000000e-06   0.00000000e+00   0.00000000e+00   3.44191293e-13  -8.98389569e-29  -3.13114959e-27  -2.72383941e-59
  8.96000000e-06   0.00000000e+00   0.00000000e+00   3.11672213e-13  -8.13510019e-29  -2.83531961e-27  -2.23346411e-59
  9.04000000e-06   0.00000000e+00   0.00000000e+00   2.79153133e-13  -7.28630468e-29  -2.53948963e-27  -1.79171588e-59
  9.12000000e-06   0.00000000e+00   0.00000000e+00   2.46634053e-13  -6.43750918e-29  -2.24365965e-27  -1.39859470e-59
  9.20000000e-06   0.00000000e+00   0.00000000e+00   2.14114973e-13  -5.58871368e-29  -1.94782967e-27  -1.05410057e-59
  9.28000000e-06   0.00000000e+00   0.00000000e+00   1.81595893e-13  -4.73991817e-29  -1.65199968e-27  -7.58233502e-60
  9.36000000e-06   0.00000000e+00   0.00000000e+00   4.06112815e-13  -1.06001379e-28  -3.69445713e-27  -3.79176245e-59
  9.44000000e-06   0.00000000e+00   0.00000000e+00   4.94936313e-13  -1.29185610e-28  -4.50249518e-27  -5.63184423e-59
  9.52000000e-06   0.00000000e+00   0.00000000e+00   5.83759812e-13  -1.52369841e-28  -5.31053323e-27  -7.83471761e-59
  9.60000000e-06   0.00000000e+00   0.00000000e+00   6.72583310e-13  -1.75554072e-28  -6.11857128e-27  -1.04003826e-58
  9.68000000e-06   0.00000000e+00   0.00000000e+00   7.61406809e-13  -1.98738303e-28  -6.92660933e-27  -1.33288392e-58
  9.76000000e-06   0.00000000e+00   0.00000000e+00   8.50230307e-13  -2.21922534e-28  -7.73464738e-27  -1.66200874e-58
  9.84000000e-06   0.00000000e+00   0.00000000e+00   9.39053806e-13  -2.45106766e-28  -8.54268543e-27  -2.02741272e-58
  9.92000000e-06   0.00000000e+00   0.00000000e+00   1.02787730e-12  -2.68290997e-28  -9.35072348e-27  -2.42909586e-58
  1.00000000e-05   0.00000000e+00   0.00000000e+00   1.11670080e-12  -2.91475228e-28  -1.01587615e-26  -2.86705815e-58
  1.00800000e-05   0.00000000e+00   0.00000000e+00   1.20552430e-12  -3.14659459e-28  -1.09667996e-26  -3.34129962e-58
  1.01600000e-05   0.00000000e+00   0.00000000e+00   7.59574178e-13  -1.98259960e-28  -6.90993766e-27  -1.32652828e-58
  1.02400000e-05   0.00000000e+00   0.00000000e+00   7.27055098e-13  -1.89772005e-28  -6.61410768e-27  -1.21537692e-58
  1.03200000e-05   0.00000000e+00   0.00000000e+00   6.94536018e-13  -1.81284050e-28  -6.31827770e-27  -1.10908827e-58
  1.04000000e-05   0.00000000e+00   0.00000000e+00   6.62016938e-13  -1.72796095e-28  -6.02244772e-27  -1.00766232e-58
  1.04800000e-05   0.00000000e+00   0.00000000e+00   6.29497858e-13  -1.64308140e-28  -5.72661774e-27  -9.11099071e-59
  1.05600000e-05   0.00000000e+00   0.00000000e+00   5.96978778e-13  -1.55820185e-28  -5.43078775e-27  -8.19398532e-59
  1.06400000e-05   0.00000000e+00   0.00000000e+00   7.61933125e-13  -1.98875680e-28  -6.93139729e-27  -1.33476788e-58
  1.07200000e-05   0.00000000e+00   0.00000000e+00   7.58024154e-13  -1.97855381e-28  -6.89583691e-27  -1.32110741e-58
  1.08000000e-05   0.00000000e+00   0.00000000e+00   7.54115183e-13  -1.96835083e-28  -6.86027653e-27  -1.30751721e-58
  1.08800000e-05   0.00000000e+00   0.00000000e+00   1.20006121e-12  -3.13233514e-28  -1.09171012e-26  -3.31113233e-58
  1.09600000e-05   0.00000000e+00   0.00000000e+00   1.21930869e-12  -3.18257387e-28  -1.10921979e-26  -3.41819715e-58
  1.10400000e-05   0.00000000e+00   0.00000000e+00   1.23855617e-12  -3.23281261e-28  -1.12672945e-26  -3.52696550e-58
  1.11200000e-05   0.00000000e+00   0.00000000e+00   1.25780366e-12  -3.28305135e-28  -1.14423912e-26  -3.63743738e-58
  1.12000000e-05   0.00000000e+00   0.00000000e+00   1.27705114e-12  -3.33329009e-28  -1.16174878e-26  -3.74961278e-58
  1.12800000e-05   0.00000000e+00   0.00000000e+00   1.29629862e-12  -3.38352883e-28  -1.17925845e-26  -3.86349172e-58
  1.13600000e-05   0.00000000e+00   0.00000000e+00   1.31554610e-12  -3.43376757e-28  -1.19676811e-26  -3.97907418e-58
  1.14400000e-05   0.00000000e+00   0.00000000e+00   1.33479358e-12  -3.48400631e-28  -1.21427778e-26  -4.09636017e-58
  1.15200000e-05   0.00000000e+00   0.00000000e+00   1.35404106e-12  -3.53424505e-28  -1.23178744e-26  -4.21534968e-58
  1.16000000e-05   0.00000000e+00   0.00000000e+00   7.83568151e-13  -2.04522739e-28  -7.12821373e-27  -1.41164526e-58
  1.16800000e-05   0.00000000e+00   0.00000000e+00   7.79659180e-13  -2.03502440e-28  -7.09265335e-27  -1.39759591e-58
  1.17600000e-05   0.00000000e+00   0.00000000e+00   7.75750209e-13  -2.02482142e-28  -7.05709297e-27  -1.38361682e-58
  1.18400000e-05   0.00000000e+00   0.00000000e+00   7.71841238e-13  -2.01461843e-28  -7.02153259e-27  -1.36970799e-58
  1.19200000e-05   0.00000000e+00   0.00000000e+00   7.67932267e-13  -2.00441545e-28  -6.98597221e-27  -1.35586942e-58
  1.20000000e-05   0.00000000e+00   0.00000000e+00   7.64023296e-13  -1.99421246e-28  -6.95041183e-27  -1.34210112e-58
  1.20800000e-05   0.00000000e+00   0.00000000e+00   7.60114325e-13  -1.98400948e-28  -6.91485145e-27  -1.32840308e-58
  1.21600000e-05   0.00000000e+00   0.00000000e+00   7.56205354e-13  -1.97380649e-28  -6.87929107e-27  -1.31477531e-58
  1.22400000e-05   0.00000000e+00   0.00000000e+00   7.52296383e-13  -1.96360351e-28  -6.84373069e-27  -1.30121779e-58
  1.23200000e-05   0.00000000e+00   0.00000000e+00   1.47797319e-12  -3.85772604e-28  -1.34452999e-26  -5.02230614e-58
  1.24000000e-05   0.00000000e+00   0.00000000e+00   2.26510298e-13  -5.91224983e-29  -2.06059143e-27  -1.17968479e-59
  1.24800000e-05   0.00000000e+00   0.00000000e+00   1.87719421e-13  -4.89975123e-29  -1.70770615e-27  -8.10237479e-60
  1.25600000e-05   0.00000000e+00   0.00000000e+00   1.48928543e-13  -3.88725264e-29  -1.35482087e-27  -5.09982935e-60
  1.26400000e-05   0.00000000e+00   0.00000000e+00   1.10137666e-13  -2.87475404e-29  -1.00193559e-27  -2.78921156e-60
  1.27200000e-05   0.00000000e+00   0.00000000e+00   7.13467884e-14  -1.86225545e-29  -6.49050316e-28  -1.17052142e-60
  1.28000000e-05   0.00000000e+00   0.00000000e+00   3.25559109e-14  -8.49756855e-30  -2.96165038e-28  -2.43758934e-61
  1.28800000e-05   0.00000000e+00   0.00000000e+00  -6.23496656e-15   1.62741739e-30   5.67202408e-29  -8.92409087e-63
  1.29600000e-05   0.00000000e+00   0.00000000e+00  -4.50258440e-14   1.17524033e-29   4.09605519e-28  -4.66016896e-61
  1.30400000e-05   0.00000000e+00   0.00000000e+00   3.43099932e-13  -8.95540965e-29  -3.12122135e-27  -2.70643664e-59
  1.31200000e-05   0.00000000e+00   0.00000000e+00   3.90119142e-13  -1.01826798e-28  -3.54896076e-27  -3.49907230e-59
  1.32000000e-05   0.00000000e+00   0.00000000e+00   4.37138352e-13  -1.14099499e-28  -3.97670018e-27  -4.39336843e-59
  1.32800000e-05   0.00000000e+00   0.00000000e+00   4.84157563e-13  -1.26372200e-28  -4.40443959e-27  -5.38932505e-59
  1.33600000e-05   0.00000000e+00   0.00000000e+00   5.31176773e-13  -1.38644901e-28  -4.83217900e-27  -6.48694213e-59
  1.34400000e-05   0.00000000e+00   0.00000000e+00   5.78195984e-13  -1.50917602e-28  -5.25991842e-27  -7.68621970e-59
  1.35200000e-05   0.00000000e+00   0.00000000e+00   6.25215194e-13  -1.63190303e-28  -5.68765783e-27  -8.98715774e-59
  1.36000000e-05   0.00000000e+00   0.00000000e+00   6.72234405e-13  -1.75463005e-28  -6.11539724e-27  -1.03897563e-58
  1.36800000e-05   0.00000000e+00   0.00000000e+00   7.19253615e-13  -1.87735706e-28  -6.54313666e-27  -1.18940152e-58
  1.37600000e-05   0.00000000e+00   0.00000000e+00   7.66272826e-13  -2.00008407e-28  -6.97087607e-27  -1.34999347e-58
  1.38400000e-05   0.00000000e+00   0.00000000e+00   1.81525385e-13  -4.73807786e-29  -1.65135826e-27  -7.57651377e-60
  1.39200000e-05   0.00000000e+00   0.00000000e+00   1.42734508e-13  -3.72557926e-29  -1.29847299e-27  -4.68445371e-60
  1.40000000e-05   0.00000000e+00   0.00000000e+00   1.03943630e-13  -2.71308067e-29  -9.45587708e-28  -2.48432129e-60
  1.40800000e-05   0.00000000e+00   0.00000000e+00   6.51527529e-14  -1.70058207e-29  -5.92702430e-28  -9.76116520e-61
  1.41600000e-05   0.00000000e+00   0.00000000e+00   4.30002949e-13  -1.12237054e-28  -3.91178855e-27  -4.25126247e-59
  1.42400000e-05   0.00000000e+00   0.00000000e+00   4.15866524e-13  -1.08547241e-28  -3.78318779e-27  -3.97633619e-59
  1.43200000e-05   0.00000000e+00   0.00000000e+00   4.01730098e-13  -1.04857427e-28  -3.65458703e-27  -3.71059918e-59
  1.44000000e-05   0.00000000e+00   0.00000000e+00   3.87593673e-13  -1.01167614e-28  -3.52598627e-27  -3.45405143e-59
  1.44800000e-05   0.00000000e+00   0.00000000e+00   3.73457248e-13  -9.74778000e-29  -3.39738551e-27  -3.20669295e-59
  1.45600000e-05   0.00000000e+00   0.00000000e+00   6.66660844e-13  -1.74008224e-28  -6.06469389e-27  -1.02184023e-58
  1.46400000e-05   0.00000000e+00   0.00000000e+00   6.56715800e-13  -1.71412422e-28  -5.97422262e-27  -9.91580678e-59
  1.47200000e-05   0.00000000e+00   0.00000000e+00   6.46770755e-13  -1.68816620e-28  -5.88375136e-27  -9.61775921e-59
  1.48000000e-05   0.00000000e+00   0.00000000e+00   6.36825711e-13  -1.66220818e-28  -5.79328010e-27  -9.32425959e-59
  1.48800000e-05   0.00000000e+00   0.00000000e+00   6.26880667e-13  -1.63625016e-28  -5.70280884e-27  -9.03530791e-59
  1.49600000e-05   0.00000000e+00   0.00000000e+00   6.16935623e-13  -1.61029215e-28  -5.61233757e-27  -8.75090417e-59
  1.50400000e-05   0.00000000e+00   0.00000000e+00   6.06990579e-13  -1.58433413e-28  -5.52186631e-27  -8.47104837e-59
  1.51200000e-05   0.00000000e+00   0.00000000e+00   5.97045535e-13  -1.55837611e-28  -5.43139505e-27  -8.19574052e-59
  1.52000000e-05   0.00000000e+00   0.00000000e+00   5.87100491e-13  -1.53241809e-28  -5.34092379e-27  -7.92498060e-59
  1.52800000e-05   0.00000000e+00   0.00000000e+00   2.14004774e-13  -5.58583740e-29  -1.94682717e-27  -1.05299323e-59
  1.53600000e-05   0.00000000e+00   0.00000000e+00   1.99868349e-13  -5.21685604e-29  -1.81822641e-27  -9.18474728e-60
  1.54400000e-05   0.00000000e+00   0.00000000e+00   1.85731924e-13  -4.84787468e-29  -1.68962565e-27  -7.93145492e-60
  1.55200000e-05   0.00000000e+00   0.00000000e+00   1.71595499e-13  -4.47889332e-29  -1.56102489e-27  -6.77005518e-60
  1.56000000e-05   0.00000000e+00   0.00000000e+00   1.57459074e-13  -4.10991196e-29  -1.43242413e-27  -5.70054808e-60
  1.56800000e-05   0.00000000e+00   0.00000000e+00   1.43322648e-13  -3.74093060e-29  -1.30382337e-27  -4.72293360e-60
  1.57600000e-05   0.00000000e+00   0.00000000e+00   1.29186223e-13  -3.37194924e-29  -1.17522261e-27  -3.83721175e-60
  1.58400000e-05   0.00000000e+00   0.00000000e+00   1.15049798e-13  -3.00296788e-29  -1.04662185e-27  -3.04338253e-60
  1.59200000e-05   0.00000000e+00   0.00000000e+00   5.30911278e-13  -1.38575603e-28  -4.82976376e-27  -6.48056015e-59
  1.60000000e-05   0.00000000e+00   0.00000000e+00  -2.00896296e-14   5.24368696e-30   1.82757777e-28  -9.27609763e-62
  1.60800000e-05   0.00000000e+00   0.00000000e+00  -4.78477368e-14   1.24889586e-29   4.35276617e-28  -5.26297483e-61
  1.61600000e-05   0.00000000e+00   0.00000000e+00  -7.56058440e-14   1.97342303e-29   6.87795457e-28  -1.31414216e-60
  1.62400000e-05   0.00000000e+00   0.00000000e+00  -1.03363951e-13   2.69795020e-29   9.40314297e-28  -2.45629502e-60
  1.63200000e-05   0.00000000e+00   0.00000000e+00  -1.31122058e-13   3.42247737e-29   1.19283314e-27  -3.95275605e-60
  1.64000000e-05   0.00000000e+00   0.00000000e+00  -1.58880165e-13   4.14700454e-29   1.44535198e-27  -5.80352526e-60
  1.64800000e-05   0.00000000e+00   0.00000000e+00  -1.86638273e-13   4.87153171e-29   1.69787082e-27  -8.00860264e-60
  1.65600000e-05   0.00000000e+00   0.00000000e+00  -2.14396380e-13   5.59605887e-29   1.95038966e-27  -1.05679882e-59
  1.66400000e-05   0.00000000e+00   0.00000000e+00  -2.42154487e-13   6.32058604e-29   2.20290850e-27  -1.34816819e-59
  1.67200000e-05   0.00000000e+00   0.00000000e+00   3.56574524e-13  -9.30711624e-29  -3.24380134e-27  -2.92326293e-59
  1.68000000e-05   0.00000000e+00   0.00000000e+00   3.70448482e-13  -9.66924683e-29  -3.37001440e-27  -3.15517211e-59
  1.68800000e-05   0.00000000e+00   0.00000000e+00   3.84322441e-13  -1.00313774e-28  -3.49622747e-27  -3.39593250e-59
  1.69600000e-05   0.00000000e+00   0.00000000e+00   3.98196399e-13  -1.03935080e-28  -3.62244054e-27  -3.64554409e-59
  1.70400000e-05   0.00000000e+00   0.00000000e+00   4.12070357e-13  -1.07556386e-28  -3.74865360e-27  -3.90400688e-59
  1.71200000e-05   0.00000000e+00   0.00000000e+00   4.25944315e-13  -1.11177692e-28  -3.87486667e-27  -4.17132087e-59
  1.72000000e-05   0.00000000e+00   0.00000000e+00   4.39818274e-13  -1.14798998e-28  -4.00107974e-27  -4.44748606e-59
  1.72800000e-05   0.00000000e+00   0.00000000e+00   4.53692232e-13  -1.18420304e-28  -4.12729281e-27  -4.73250245e-59
  1.73600000e-05   0.00000000e+00   0.00000000e+00   4.67566190e-13  -1.22041610e-28  -4.25350587e-27  -5.02637005e-59
  1.74400000e-05   0.00000000e+00   0.00000000e+00  -2.06659222e-13   5.39410776e-29   1.88000380e-27  -9.81898236e-60
  1.75200000e-05   0.00000000e+00   0.00000000e+00  -2.34417330e-13   6.11863493e-29   2.13252264e-27  -1.26339180e-59
  1.76000000e-05   0.00000000e+00   0.00000000e+00  -2.62175437e-13   6.84316210e-29   2.38504148e-27  -1.58031618e-59
  1.76800000e-05   0.00000000e+00   0.00000000e+00   3.36289014e-13  -8.77763479e-29  -3.05926161e-27  -2.60011131e-59
  1.77600000e-05   0.00000000e+00   0.00000000e+00   3.51467218e-13  -9.17380810e-29  -3.19733956e-27  -2.84011836e-59
  1.78400000e-05   0.00000000e+00   0.00000000e+00   3.66645422e-13  -9.56998140e-29  -3.33541750e-27  -3.09071898e-59
  1.79200000e-05   0.00000000e+00   0.00000000e+00   3.81823625e-13  -9.96615470e-29  -3.47349545e-27  -3.35191316e-59
  1.80000000e-05   0.00000000e+00   0.00000000e+00   3.97001829e-13  -1.03623280e-28  -3.61157339e-27  -3.62370091e-59
  1.80800000e-05   0.00000000e+00   0.00000000e+00   4.12180033e-13  -1.07585013e-28  -3.74965134e-27  -3.90608223e-59
  1.81600000e-05   0.00000000e+00   0.00000000e+00   4.27358236e-13  -1.11546746e-28  -3.88772928e-27  -4.19905712e-59
  1.82400000e-05   0.00000000e+00   0.00000000e+00   6.60245944e-13  -1.72333842e-28  -6.00633677e-27  -1.00226049e-58
  1.83200000e-05   0.00000000e+00   0.00000000e+00   6.74571642e-13  -1.76073058e-28  -6.13665937e-27  -1.04622558e-58
  1.84000000e-05   0.00000000e+00   0.00000000e+00   6.88897340e-13  -1.79812275e-28  -6.26698197e-27  -1.09113438e-58
  1.84800000e-05   0.00000000e+00   0.00000000e+00   7.03223038e-13  -1.83551492e-28  -6.39730457e-27  -1.13698687e-58
  1.85600000e-05   0.00000000e+00   0.00000000e+00   7.17548736e-13  -1.87290708e-28  -6.52762717e-27  -1.18378306e-58
  1.86400000e-05   0.00000000e+00   0.00000000e+00   7.31874434e-13  -1.91029925e-28  -6.65794976e-27  -1.23152295e-58
  1.87200000e-05   0.00000000e+00   0.00000000e+00   7.46200132e-13  -1.94769142e-28  -6.78827236e-27  -1.28020654e-58
  1.88000000e-05   0.00000000e+00   0.00000000e+00   7.60525830e-13  -1.98508358e-28  -6.91859496e-27  -1.32983382e-58
  1.88800000e-05   0.00000000e+00   0.00000000e+00   7.74851528e-13  -2.02247575e-28  -7.04891756e-27  -1.38040480e-58
  1.89600000e-05   0.00000000e+00   0.00000000e+00   5.10647425e-13  -1.33286442e-28  -4.64542105e-27  -5.99529485e-59
  1.90400000e-05   0.00000000e+00   0.00000000e+00   5.25825629e-13  -1.37248175e-28  -4.78349899e-27  -6.35699466e-59
  1.91200000e-05   0.00000000e+00   0.00000000e+00   5.41003832e-13  -1.41209908e-28  -4.92157694e-27  -6.72928804e-59
  1.92000000e-05   0.00000000e+00   0.00000000e+00   5.56182036e-13  -1.45171641e-28  -5.05965488e-27  -7.11217499e-59
  1.92800000e-05   0.00000000e+00   0.00000000e+00   5.71360240e-13  -1.49133374e-28  -5.19773283e-27  -7.50565551e-59
  1.93600000e-05   0.00000000e+00   0.00000000e+00   5.86538443e-13  -1.53095107e-28  -5.33581077e-27  -7.90972959e-59
  1.94400000e-05   0.00000000e+00   0.00000000e+00   8.53403710e-13  -2.22750843e-28  -7.76351621e-27  -1.67447958e-58
  1.95200000e-05   0.00000000e+00   0.00000000e+00   8.58735933e-13  -2.24142631e-28  -7.81202408e-27  -1.69546988e-58
  1.96000000e-05   0.00000000e+00   0.00000000e+00   8.64068155e-13  -2.25534419e-28  -7.86053195e-27  -1.71659092e-58
  1.96800000e-05   0.00000000e+00   0.00000000e+00   4.31688129e-13  -1.12676912e-28  -3.92711883e-27  -4.28469695e-59
  1.97600000e-05   0.00000000e+00   0.00000000e+00   3.98222035e-13  -1.03941772e-28  -3.62267376e-27  -3.64612187e-59
  1.98400000e-05   0.00000000e+00   0.00000000e+00   3.64755942e-13  -9.52066326e-29  -3.31822868e-27  -3.05904731e-59
  1.99200000e-05   0.00000000e+00   0.00000000e+00   3.31289848e-13  -8.64714930e-29  -3.01378360e-27  -2.52347325e-59
  2.00000000e-05   0.00000000e+00   0.00000000e+00   2.97823755e-13  -7.77363534e-29  -2.70933852e-27  -2.03939970e-59
  2.00800000e-05   0.00000000e+00   0.00000000e+00   2.64357662e-13  -6.90012139e-29  -2.40489345e-27  -1.60682666e-59
  2.01600000e-05   0.00000000e+00   0.00000000e+00   2.30891568e-13  -6.02660743e-29  -2.10044837e-27  -1.22575413e-59
  2.02400000e-05   0.00000000e+00   0.00000000e+00   1.97425475e-13  -5.15309347e-29  -1.79600329e-27  -8.96182105e-60
  2.03200000e-05   0.00000000e+00   0.00000000e+00   1.63959381e-13  -4.27957952e-29  -1.49155821e-27  -6.18110589e-60
  2.04000000e-05   0.00000000e+00   0.00000000e+00   5.41753652e-13  -1.41405622e-28  -4.92839814e-27  -6.74798499e-59
  2.04800000e-05   0.00000000e+00   0.00000000e+00   5.47085874e-13  -1.42797410e-28  -4.97690601e-27  -6.88147325e-59
  2.05600000e-05   0.00000000e+00   0.00000000e+00   5.52418097e-13  -1.44189198e-28  -5.02541388e-27  -7.01626895e-59
  2.06400000e-05   0.00000000e+00   0.00000000e+00   5.57750319e-13  -1.45580986e-28  -5.07392175e-27  -7.15237207e-59
  2.07200000e-05   0.00000000e+00   0.00000000e+00   5.63082542e-13  -1.46972774e-28  -5.12242962e-27  -7.28978263e-59
  2.08000000e-05   0.00000000e+00   0.00000000e+00   5.68414765e-13  -1.48364562e-28  -5.17093749e-27  -7.42850061e-59
  2.08800000e-05   0.00000000e+00   0.00000000e+00   5.73746987e-13  -1.49756350e-28  -5.21944536e-27  -7.56852602e-59
  2.09600000e-05   0.00000000e+00   0.00000000e+00   5.79079210e-13  -1.51148139e-28  -5.26795323e-27  -7.70985886e-59
  2.10400000e-05   0.00000000e+00   0.00000000e+00   5.84411432e-13  -1.52539927e-28  -5.31646110e-27  -7.85249913e-59
  2.11200000e-05   0.00000000e+00   0.00000000e+00   2.04935176e-13  -5.34910767e-29  -1.86431995e-27  -9.65655528e-60
  2.12000000e-05   0.00000000e+00   0.00000000e+00   2.43029033e-13  -6.34341300e-29  -2.21086434e-27  -1.35795739e-59
  2.12800000e-05   0.00000000e+00   0.00000000e+00   2.46733932e-13  -6.44011628e-29  -2.24456825e-27  -1.39967630e-59
  2.13600000e-05   0.00000000e+00   0.00000000e+00   2.50438831e-13  -6.53681957e-29  -2.27827217e-27  -1.44202639e-59
  2.14400000e-05   0.00000000e+00   0.00000000e+00   2.54143730e-13  -6.63352285e-29  -2.31197608e-27  -1.48500767e-59
  2.15200000e-05   0.00000000e+00   0.00000000e+00   2.57848629e-13  -6.73022613e-29  -2.34567999e-27  -1.52862013e-59
  2.16000000e-05   0.00000000e+00   0.00000000e+00   2.61553528e-13  -6.82692941e-29  -2.37938390e-27  -1.57286377e-59
  2.16800000e-05   0.00000000e+00   0.00000000e+00   2.65258427e-13  -6.92363269e-29  -2.41308782e-27  -1.61773858e-59
  2.17600000e-05   0.00000000e+00   0.00000000e+00   2.68963326e-13  -7.02033597e-29  -2.44679173e-27  -1.66324459e-59
  2.18400000e-05   0.00000000e+00   0.00000000e+00   2.72668225e-13  -7.11703925e-29  -2.48049564e-27  -1.70938177e-59
  2.19200000e-05   0.00000000e+00   0.00000000e+00   5.52300248e-13  -1.44158438e-28  -5.02434179e-27  -7.01314064e-59
  2.20000000e-05   0.00000000e+00   0.00000000e+00   6.00163432e-13  -1.56651429e-28  -5.45975894e-27  -8.28136419e-59
  2.20800000e-05   0.00000000e+00   0.00000000e+00   6.48026617e-13  -1.69144420e-28  -5.89517608e-27  -9.65493048e-59
  2.21600000e-05   0.00000000e+00   0.00000000e+00   6.95889801e-13  -1.81637411e-28  -6.33059323e-27  -1.11338395e-58
  2.22400000e-05   0.00000000e+00   0.00000000e+00   7.43752986e-13  -1.94130402e-28  -6.76601038e-27  -1.27180913e-58
  2.23200000e-05   0.00000000e+00   0.00000000e+00   7.91616170e-13  -2.06623392e-28  -7.20142752e-27  -1.44076859e-58
  2.24000000e-05   0.00000000e+00   0.00000000e+00   8.39479355e-13  -2.19116383e-28  -7.63684467e-27  -1.62026232e-58
  2.24800000e-05   0.00000000e+00   0.00000000e+00   8.87342540e-13  -2.31609374e-28  -8.07226182e-27  -1.81029032e-58
  2.25600000e-05   0.00000000e+00   0.00000000e+00   9.35205724e-13  -2.44102365e-28  -8.50767897e-27  -2.01085260e-58
  2.26400000e-05   0.00000000e+00   0.00000000e+00   7.34533470e-13  -1.91723973e-28  -6.68213933e-27  -1.24049241e-58
  2.27200000e-05   0.00000000e+00   0.00000000e+00   7.38238369e-13  -1.92691006e-28  -6.71584324e-27  -1.25303777e-58
  2.28000000e-05   0.00000000e+00   0.00000000e+00   7.41943268e-13  -1.93658039e-28  -6.74954715e-27  -1.26564625e-58
  2.28800000e-05   0.00000000e+00   0.00000000e+00   7.45648167e-13  -1.94625072e-28  -6.78325106e-27  -1.27831784e-58
  2.29600000e-05   0.00000000e+00   0.00000000e+00   6.88367002e-13  -1.79673851e-28  -6.26215742e-27  -1.08948243e-58
  2.30400000e-05   0.00000000e+00   0.00000000e+00   6.33446676e-13  -1.65338843e-28  -5.76254061e-27  -9.22573590e-59
  2.31200000e-05   0.00000000e+00   0.00000000e+00   5.78526350e-13  -1.51003835e-28  -5.26292380e-27  -7.69534469e-59
  2.32000000e-05   0.00000000e+00   0.00000000e+00   5.23606024e-13  -1.36668827e-28  -4.76330698e-27  -6.30365068e-59
  2.32800000e-05   0.00000000e+00   0.00000000e+00   4.68685698e-13  -1.22333819e-28  -4.26369017e-27  -5.05065387e-59
  2.33600000e-05   0.00000000e+00   0.00000000e+00   6.81663680e-13  -1.77924186e-28  -6.20117649e-27  -1.06833886e-58
  2.34400000e-05   0.00000000e+00   0.00000000e+00   6.99029068e-13  -1.82456806e-28  -6.35915151e-27  -1.12346424e-58
  2.35200000e-05   0.00000000e+00   0.00000000e+00   7.16394456e-13  -1.86989426e-28  -6.51712654e-27  -1.17997629e-58
  2.36000000e-05   0.00000000e+00   0.00000000e+00   7.33759844e-13  -1.91522046e-28  -6.67510156e-27  -1.23787500e-58
  2.36800000e-05   0.00000000e+00   0.00000000e+00   7.51125232e-13  -1.96054666e-28  -6.83307658e-27  -1.29716037e-58
  2.37600000e-05   0.00000000e+00   0.00000000e+00   7.68490620e-13  -2.00587286e-28  -6.99105161e-27  -1.35783241e-58
  2.38400000e-05   0.00000000e+00   0.00000000e+00   7.85856008e-13  -2.05119907e-28  -7.14902663e-27  -1.41989110e-58
  2.39200000e-05   0.00000000e+00   0.00000000e+00   8.03221396e-13  -2.09652527e-28  -7.30700165e-27  -1.48333646e-58
  2.40000000e-05   0.00000000e+00   0.00000000e+00   8.20586784e-13  -2.14185147e-28  -7.46497668e-27  -1.54816847e-58
  2.40800000e-05   0.00000000e+00   0.00000000e+00   4.09075229e-13  -1.06774615e-28  -3.72140656e-27  -3.84762220e-59
  2.41600000e-05   0.00000000e+00   0.00000000e+00   3.54154903e-13  -9.24396071e-29  -3.22178975e-27  -2.88386439e-59
  2.42400000e-05   0.00000000e+00   0.00000000e+00   2.99234576e-13  -7.81045991e-29  -2.72217294e-27  -2.05880378e-59
  2.43200000e-05   0.00000000e+00   0.00000000e+00   2.44314250e-13  -6.37695911e-29  -2.22255612e-27  -1.37244038e-59
  2.44000000e-05   0.00000000e+00   0.00000000e+00   1.89393924e-13  -4.94345831e-29  -1.72293931e-27  -8.24774169e-60
  2.44800000e-05   0.00000000e+00   0.00000000e+00   1.34473598e-13  -3.50995751e-29  -1.22332250e-27  -4.15805160e-60
  2.45600000e-05   0.00000000e+00   0.00000000e+00   7.95532721e-14  -2.07645671e-29  -7.23705686e-28  -1.45533351e-60
  2.46400000e-05   0.00000000e+00   0.00000000e+00   2.46329461e-14  -6.42955904e-30  -2.24088873e-28  -1.39587404e-61
  2.47200000e-05   0.00000000e+00   0.00000000e+00   3.59763628e-13  -9.39035665e-29  -3.27281300e-27  -2.97574328e-59
  2.48000000e-05   0.00000000e+00   0.00000000e+00   4.36674795e-13  -1.13978505e-28  -3.97248313e-27  -4.38422853e-59
  2.48800000e-05   0.00000000e+00   0.00000000e+00   4.14744898e-13  -1.08254482e-28  -3.77298422e-27  -3.95493478e-59
  2.49600000e-05   0.00000000e+00   0.00000000e+00   3.92815001e-13  -1.02530458e-28  -3.57348531e-27  -3.54775541e-59
  2.50400000e-05   0.00000000e+00   0.00000000e+00   3.70885104e-13  -9.68064342e-29  -3.37398640e-27  -3.16269042e-59
  2.51200000e-05   0.00000000e+00   0.00000000e+00   3.48955207e-13  -9.10824105e-29  -3.17448749e-27  -2.79973980e-59
  2.52000000e-05   0.00000000e+00   0.00000000e+00   3.27025310e-13  -8.53583868e-29  -2.97498858e-27  -2.45890355e-59
  2.52800000e-05   0.00000000e+00   0.00000000e+00   3.05095413e-13  -7.96343631e-29  -2.77548967e-27  -2.14018168e-59
  2.53600000e-05   0.00000000e+00   0.00000000e+00   2.83165516e-13  -7.39103394e-29  -2.57599076e-27  -1.84357418e-59
  2.54400000e-05   0.00000000e+00   0.00000000e+00   2.61235619e-13  -6.81863157e-29  -2.37649185e-27  -1.56908106e-59
  2.55200000e-05   0.00000000e+00   0.00000000e+00   2.39305722e-13  -6.24622920e-29  -2.17699294e-27  -1.31670231e-59
  2.56000000e-05   0.00000000e+00   0.00000000e+00   3.82325505e-13  -9.97925462e-29  -3.47806111e-27  -3.36068738e-59
  2.56800000e-05   0.00000000e+00   0.00000000e+00   4.17211872e-13  -1.08898398e-28  -3.79542659e-27  -4.00198742e-59
  2.57600000e-05   0.00000000e+00   0.00000000e+00   4.52098239e-13  -1.18004250e-28  -4.11279207e-27  -4.69925200e-59
  2.58400000e-05   0.00000000e+00   0.00000000e+00   4.86984607e-13  -1.27110102e-28  -4.43015755e-27  -5.45248112e-59
  2.59200000e-05   0.00000000e+00   0.00000000e+00   5.21870974e-13  -1.36215954e-28  -4.74752303e-27  -6.26167479e-59
  2.60000000e-05   0.00000000e+00   0.00000000e+00   5.56757341e-13  -1.45321806e-28  -5.06488851e-27  -7.12683301e-59
  2.60800000e-05   0.00000000e+00   0.00000000e+00   5.91643709e-13  -1.54427658e-28  -5.38225398e-27  -8.04795577e-59
  2.61600000e-05   0.00000000e+00   0.00000000e+00   6.26530076e-13  -1.63533510e-28  -5.69961946e-27  -9.02504307e-59
  2.62400000e-05   0.00000000e+00   0.00000000e+00   6.61416443e-13  -1.72639362e-28  -6.01698494e-27  -1.00580949e-58
  2.63200000e-05   0.00000000e+00   0.00000000e+00   3.81194916e-13  -9.94974462e-29  -3.46777601e-27  -3.34096501e-59
  2.64000000e-05   0.00000000e+00   0.00000000e+00   3.59265019e-13  -9.37734225e-29  -3.26827710e-27  -2.96761785e-59
  2.64800000e-05   0.00000000e+00   0.00000000e+00   6.37721106e-13  -1.66454532e-28  -5.80142561e-27  -9.35031035e-59
  2.65600000e-05   0.00000000e+00   0.00000000e+00   6.79055122e-13  -1.77243315e-28  -6.17744613e-27  -1.06016859e-58
  2.66400000e-05   0.00000000e+00   0.00000000e+00   7.20389138e-13  -1.88032097e-28  -6.55346664e-27  -1.19316241e-58
  2.67200000e-05   0.00000000e+00   0.00000000e+00   7.61723154e-13  -1.98820880e-28  -6.92948715e-27  -1.33401251e-58
  2.68000000e-05   0.00000000e+00   0.00000000e+00   8.03057169e-13  -2.09609662e-28  -7.30550767e-27  -1.48271889e-58
  2.68800000e-05   0.00000000e+00   0.00000000e+00   8.44391185e-13  -2.20398445e-28  -7.68152818e-27  -1.63928154e-58
  2.69600000e-05   0.00000000e+00   0.00000000e+00   8.85725201e-13  -2.31187227e-28  -8.05754869e-27  -1.80370047e-58
  2.70400000e-05   0.00000000e+00   0.00000000e+00   3.90424619e-13  -1.01906534e-28  -3.55173972e-27  -3.50472899e-59
  2.71200000e-05   0.00000000e+00   0.00000000e+00   3.59609854e-13  -9.38634296e-29  -3.27141410e-27  -2.97333575e-59
  2.72000000e-05   0.00000000e+00   0.00000000e+00   3.28795089e-13  -8.58203255e-29  -2.99108848e-27  -2.48560608e-59
  2.72800000e-05   0.00000000e+00   0.00000000e+00   2.97980325e-13  -7.77772213e-29  -2.71076286e-27  -2.04153997e-59
  2.73600000e-05   0.00000000e+00   0.00000000e+00   2.67165560e-13  -6.97341172e-29  -2.43043723e-27  -1.64113743e-59
  2.74400000e-05   0.00000000e+00   0.00000000e+00   2.36350795e-13  -6.16910131e-29  -2.15011161e-27  -1.28439845e-59
  2.75200000e-05   0.00000000e+00   0.00000000e+00   2.05536030e-13  -5.36479090e-29  -1.86978599e-27  -9.71323035e-60
  2.76000000e-05   0.00000000e+00   0.00000000e+00   1.74721266e-13  -4.56048049e-29  -1.58946037e-27  -7.01911187e-60
  2.76800000e-05   0.00000000e+00   0.00000000e+00   1.43906501e-13  -3.75617007e-29  -1.30913475e-27  -4.76162903e-60
  2.77600000e-05   0.00000000e+00   0.00000000e+00   8.99001936e-13  -2.34652649e-28  -8.17832875e-27  -1.85817984e-58
  2.78400000e-05   0.00000000e+00   0.00000000e+00   9.40335952e-13  -2.45441432e-28  -8.55434926e-27  -2.03297852e-58
  2.79200000e-05   0.00000000e+00   0.00000000e+00   9.81669968e-13  -2.56230214e-28  -8.93036978e-27  -2.21563348e-58
  2.80000000e-05   0.00000000e+00   0.00000000e+00   1.02300398e-12  -2.67018997e-28  -9.30639029e-27  -2.40614472e-58
  2.80800000e-05   0.00000000e+00   0.00000000e+00   1.06433800e-12  -2.77807779e-28  -9.68241080e-27  -2.60451223e-58
  2.81600000e-05   0.00000000e+00   0.00000000e+00   1.10567201e-12  -2.88596562e-28  -1.00584313e-26  -2.81073601e-58
  2.82400000e-05   0.00000000e+00   0.00000000e+00   5.06434854e-13  -1.32186902e-28  -4.60709879e-27  -5.89705843e-59
  2.83200000e-05   0.00000000e+00   0.00000000e+00   4.28189795e-13  -1.11763797e-28  -3.89529407e-27  -4.21564417e-59
  2.84000000e-05   0.00000000e+00   0.00000000e+00   3.49944735e-13  -9.13406925e-29  -3.18348935e-27  -2.81575385e-59
  2.84800000e-05   0.00000000e+00   0.00000000e+00   4.85150151e-13  -1.26631283e-28  -4.41346928e-27  -5.41150961e-59
  2.85600000e-05   0.00000000e+00   0.00000000e+00   5.09234780e-13  -1.32917723e-28  -4.63257005e-27  -5.96214401e-59
  2.86400000e-05   0.00000000e+00   0.00000000e+00   5.33319409e-13  -1.39204163e-28  -4.85167081e-27  -6.53945200e-59
  2.87200000e-05   0.00000000e+00   0.00000000e+00   5.57404038e-13  -1.45490604e-28  -5.07077158e-27  -7.14343358e-59
  2.88000000e-05   0.00000000e+00   0.00000000e+00   5.81488666e-13  -1.51777044e-28  -5.28987234e-27  -7.77408874e-59
  2.88800000e-05   0.00000000e+00   0.00000000e+00   6.05573295e-13  -1.58063484e-28  -5.50897311e-27  -8.43141748e-59
  2.89600000e-05   0.00000000e+00   0.00000000e+00   6.29657924e-13  -1.64349925e-28  -5.72807388e-27  -9.11541981e-59
  2.90400000e-05   0.00000000e+00   0.00000000e+00   6.53742553e-13  -1.70636365e-28  -5.94717464e-27  -9.82609573e-59
  2.91200000e-05   0.00000000e+00   0.00000000e+00   6.77827182e-13  -1.76922805e-28  -6.16627541e-27  -1.05634452e-58
  2.92000000e-05   0.00000000e+00   0.00000000e+00   4.62986126e-13  -1.20846148e-28  -4.21184048e-27  -4.92862510e-59
  2.92800000e-05   0.00000000e+00   0.00000000e+00   3.84741066e-13  -1.00423044e-28  -3.50003576e-27  -3.40353837e-59
  2.93600000e-05   0.00000000e+00   0.00000000e+00   3.06496007e-13  -7.99999393e-29  -2.78823104e-27  -2.15997558e-59
  2.94400000e-05   0.00000000e+00   0.00000000e+00   2.28250948e-13  -5.95768347e-29  -2.07642633e-27  -1.19793672e-59
  2.95200000e-05   0.00000000e+00   0.00000000e+00   1.50005888e-13  -3.91537301e-29  -1.36462161e-27  -5.17421805e-60
  2.96000000e-05   0.00000000e+00   0.00000000e+00   7.17608288e-14  -1.87306256e-29  -6.52816891e-28  -1.18430824e-60
  2.96800000e-05   0.00000000e+00   0.00000000e+00  -6.48423064e-15   1.69247901e-30   5.89878261e-29  -9.63778525e-63
  2.97600000e-05   0.00000000e+00   0.00000000e+00  -8.47292901e-14   2.21155836e-29   7.70792544e-28  -1.65020670e-60
  2.98400000e-05   0.00000000e+00   0.00000000e+00  -1.62974349e-13   4.25386882e-29   1.48259726e-27  -6.10601498e-60
  2.99200000e-05   0.00000000e+00   0.00000000e+00  -2.41219409e-13   6.29617927e-29   2.19440198e-27  -1.33770626e-59
  3.00000000e-05   0.00000000e+00   0.00000000e+00   3.53151824e-13  -9.21777897e-29  -3.21266462e-27  -2.86728070e-59
  3.00800000e-05   0.00000000e+00   0.00000000e+00   4.31794074e-13  -1.12704567e-28  -3.92808263e-27  -4.28652205e-59
  3.01600000e-05   0.00000000e+00   0.00000000e+00   5.10436324e-13  -1.33231344e-28  -4.64350064e-27  -5.99015276e-59
  3.02400000e-05   0.00000000e+00   0.00000000e+00   5.89078574e-13  -1.53758121e-28  -5.35891864e-27  -7.97817283e-59
  3.03200000e-05   0.00000000e+00   0.00000000e+00   6.67720824e-13  -1.74284898e-28  -6.07433665e-27  -1.02505822e-58
  3.04000000e-05   0.00000000e+00   0.00000000e+00   7.46363073e-13  -1.94811675e-28  -6.78975466e-27  -1.28073810e-58
  3.04800000e-05   0.00000000e+00   0.00000000e+00   8.25005323e-13  -2.15338452e-28  -7.50517266e-27  -1.56485692e-58
  3.05600000e-05   0.00000000e+00   0.00000000e+00   9.03647573e-13  -2.35865230e-28  -8.22059067e-27  -1.87741466e-58
  3.06400000e-05   0.00000000e+00   0.00000000e+00   9.82289823e-13  -2.56392007e-28  -8.93600868e-27  -2.21841135e-58
  3.07200000e-05   0.00000000e+00   0.00000000e+00   5.00101264e-13  -1.30533742e-28  -4.54948136e-27  -5.75027608e-59
  3.08000000e-05   0.00000000e+00   0.00000000e+00   4.94068880e-13  -1.28959202e-28  -4.49460403e-27  -5.61238953e-59
  3.08800000e-05   0.00000000e+00   0.00000000e+00   4.88036495e-13  -1.27384661e-28  -4.43972670e-27  -5.47617631e-59
  3.09600000e-05   0.00000000e+00   0.00000000e+00   4.82004110e-13  -1.25810121e-28  -4.38484937e-27  -5.34163641e-59
  3.10400000e-05   0.00000000e+00   0.00000000e+00   4.75971725e-13  -1.24235580e-28  -4.32997204e-27  -5.20876983e-59
  3.11200000e-05   0.00000000e+00   0.00000000e+00   4.69939340e-13  -1.22661039e-28  -4.27509471e-27  -5.07757657e-59
  3.12000000e-05   0.00000000e+00   0.00000000e+00   4.63906956e-13  -1.21086499e-28  -4.22021738e-27  -4.94805663e-59
  3.12800000e-05   0.00000000e+00   0.00000000e+00   4.57874571e-13  -1.19511958e-28  -4.16534005e-27  -4.82021002e-59
  3.13600000e-05   0.00000000e+00   0.00000000e+00   4.51842186e-13  -1.17937417e-28  -4.11046272e-27  -4.69403673e-59
  3.14400000e-05   0.00000000e+00   0.00000000e+00   1.11041529e-12  -2.89834627e-28  -1.01015815e-26  -2.83487985e-58
  3.15200000e-05   0.00000000e+00   0.00000000e+00   1.18905754e-12  -3.10361404e-28  -1.08169995e-26  -3.25064873e-58
  3.16000000e-05   0.00000000e+00   0.00000000e+00   1.26769979e-12  -3.30888182e-28  -1.15324175e-26  -3.69485655e-58
  3.16800000e-05   0.00000000e+00   0.00000000e+00   1.34634204e-12  -3.51414959e-28  -1.22478355e-26  -4.16750330e-58
  3.17600000e-05   0.00000000e+00   0.00000000e+00   9.02709555e-13  -2.35620394e-28  -8.21205740e-27  -1.87355912e-58
  3.18400000e-05   0.00000000e+00   0.00000000e+00   9.04020398e-13  -2.35962543e-28  -8.22398230e-27  -1.87900434e-58
  3.19200000e-05   0.00000000e+00   0.00000000e+00   9.05331241e-13  -2.36304692e-28  -8.23590720e-27  -1.88445746e-58
  3.20000000e-05   0.00000000e+00   0.00000000e+00   9.06642085e-13  -2.36646842e-28  -8.24783210e-27  -1.88991849e-58
  3.20800000e-05   0.00000000e+00   0.00000000e+00   9.07952928e-13  -2.36988991e-28  -8.25975700e-27  -1.89538741e-58
  3.21600000e-05   0.00000000e+00   0.00000000e+00   7.15189589e-13  -1.86674941e-28  -6.50616572e-27  -1.17602398e-58
  3.22400000e-05   0.00000000e+00   0.00000000e+00   6.99859237e-13  -1.82673495e-28  -6.36670367e-27  -1.12614745e-58
  3.23200000e-05   0.00000000e+00   0.00000000e+00   6.84528885e-13  -1.78672049e-28  -6.22724161e-27  -1.07735162e-58
  3.24000000e-05   0.00000000e+00   0.00000000e+00   6.69198533e-13  -1.74670603e-28  -6.08777955e-27  -1.02963650e-58
  3.24800000e-05   0.00000000e+00   0.00000000e+00   6.53868181e-13  -1.70669157e-28  -5.94831750e-27  -9.83002077e-59
  3.25600000e-05   0.00000000e+00   0.00000000e+00   6.38537829e-13  -1.66667711e-28  -5.80885544e-27  -9.37448355e-59
  3.26400000e-05   0.00000000e+00   0.00000000e+00   6.23207477e-13  -1.62666265e-28  -5.66939339e-27  -8.92975335e-59
  3.27200000e-05   0.00000000e+00   0.00000000e+00   6.07877125e-13  -1.58664819e-28  -5.52993133e-27  -8.49583016e-59
  3.28000000e-05   0.00000000e+00   0.00000000e+00   5.92546774e-13  -1.54663373e-28  -5.39046927e-27  -8.07271399e-59
  3.28800000e-05   0.00000000e+00   0.00000000e+00   8.91552541e-13  -2.32708251e-28  -8.11056071e-27  -1.82753291e-58
  3.29600000e-05   0.00000000e+00   0.00000000e+00   8.92863385e-13  -2.33050400e-28  -8.12248561e-27  -1.83291088e-58
  3.30400000e-05   0.00000000e+00   0.00000000e+00   8.94174228e-13  -2.33392549e-28  -8.13441051e-27  -1.83829675e-58
  3.31200000e-05   0.00000000e+00   0.00000000e+00   8.95485071e-13  -2.33734699e-28  -8.14633541e-27  -1.84369052e-58
  3.32000000e-05   0.00000000e+00   0.00000000e+00   8.96795915e-13  -2.34076848e-28  -8.15826031e-27  -1.84909219e-58
  3.32800000e-05   0.00000000e+00   0.00000000e+00   8.98106758e-13  -2.34418997e-28  -8.17018521e-27  -1.85450177e-58
  3.33600000e-05   0.00000000e+00   0.00000000e+00   8.99417601e-13  -2.34761147e-28  -8.18211011e-27  -1.85991924e-58
  3.34400000e-05   0.00000000e+00   0.00000000e+00   9.00728444e-13  -2.35103296e-28  -8.19403501e-27  -1.86534462e-58
  3.35200000e-05   0.00000000e+00   0.00000000e+00   4.97494918e-13  -1.29853449e-28  -4.52577111e-27  -5.69063296e-59
  3.36000000e-05   0.00000000e+00   0.00000000e+00   4.43446228e-13  -1.15745950e-28  -4.03408368e-27  -4.52133458e-59
  3.36800000e-05   0.00000000e+00   0.00000000e+00   5.38291103e-13  -1.40501850e-28  -4.89689892e-27  -6.66193916e-59
  3.37600000e-05   0.00000000e+00   0.00000000e+00   5.64189629e-13  -1.47261744e-28  -5.13250092e-27  -7.31840930e-59
  3.38400000e-05   0.00000000e+00   0.00000000e+00   5.90088154e-13  -1.54021638e-28  -5.36810292e-27  -8.00572208e-59
  3.39200000e-05   0.00000000e+00   0.00000000e+00   6.15986680e-13  -1.60781532e-28  -5.60370492e-27  -8.72387750e-59
  3.40000000e-05   0.00000000e+00   0.00000000e+00   6.41885205e-13  -1.67541425e-28  -5.83930692e-27  -9.47287556e-59
  3.40800000e-05   0.00000000e+00   0.00000000e+00   6.67783731e-13  -1.74301319e-28  -6.07490892e-27  -1.02527163e-58
  3.41600000e-05   0.00000000e+00   0.00000000e+00   6.93682256e-13  -1.81061213e-28  -6.31051092e-27  -1.10633996e-58
  3.42400000e-05   0.00000000e+00   0.00000000e+00   7.19580781e-13  -1.87821107e-28  -6.54611292e-27  -1.19049256e-58
  3.43200000e-05   0.00000000e+00   0.00000000e+00   7.45479307e-13  -1.94581001e-28  -6.78171493e-27  -1.27772942e-58
  3.44000000e-05   0.00000000e+00   0.00000000e+00   4.82677834e-13  -1.25985974e-28  -4.39097832e-27  -5.35671265e-59
  3.44800000e-05   0.00000000e+00   0.00000000e+00   4.28629144e-13  -1.11878475e-28  -3.89929088e-27  -4.22423982e-59
  3.45600000e-05   0.00000000e+00   0.00000000e+00   3.74580454e-13  -9.77709765e-29  -3.40760345e-27  -3.22609663e-59
  3.46400000e-05   0.00000000e+00   0.00000000e+00   3.20531764e-13  -8.36634780e-29  -2.91591601e-27  -2.36228307e-59
  3.47200000e-05   0.00000000e+00   0.00000000e+00   2.66483074e-13  -6.95559795e-29  -2.42422858e-27  -1.63279914e-59
  3.48000000e-05   0.00000000e+00   0.00000000e+00   2.12434384e-13  -5.54484810e-29  -1.93254115e-27  -1.03764484e-59
  3.48800000e-05   0.00000000e+00   0.00000000e+00   1.58385694e-13  -4.13409825e-29  -1.44085371e-27  -5.76820167e-60
  3.49600000e-05   0.00000000e+00   0.00000000e+00   1.04337004e-13  -2.72334840e-29  -9.49166277e-28  -2.50325129e-60
  3.50400000e-05   0.00000000e+00   0.00000000e+00   5.02883142e-14  -1.31259854e-29  -4.57478843e-28  -5.81597217e-61
  3.51200000e-05   0.00000000e+00   0.00000000e+00   4.24746055e-13  -1.10864932e-28  -3.86396596e-27  -4.14785503e-59
  3.52000000e-05   0.00000000e+00   0.00000000e+00   4.50644581e-13  -1.17624826e-28  -4.09956796e-27  -4.66910400e-59
  3.52800000e-05   0.00000000e+00   0.00000000e+00   5.04139805e-13  -1.31587862e-28  -4.58622044e-27  -5.84350011e-59
  3.53600000e-05   0.00000000e+00   0.00000000e+00   5.06007991e-13  -1.32075486e-28  -4.60321556e-27  -5.88688879e-59
  3.54400000e-05   0.00000000e+00   0.00000000e+00   5.07876177e-13  -1.32563110e-28  -4.62021068e-27  -5.93043795e-59
  3.55200000e-05   0.00000000e+00   0.00000000e+00   5.09744364e-13  -1.33050734e-28  -4.63720579e-27  -5.97414761e-59
  3.56000000e-05   0.00000000e+00   0.00000000e+00   5.11612550e-13  -1.33538358e-28  -4.65420091e-27  -6.01801775e-59
  3.56800000e-05   0.00000000e+00   0.00000000e+00   5.13480737e-13  -1.34025982e-28  -4.67119603e-27  -6.06204838e-59
  3.57600000e-05   0.00000000e+00   0.00000000e+00   5.15348923e-13  -1.34513606e-28  -4.68819114e-27  -6.10623950e-59
  3.58400000e-05   0.00000000e+00   0.00000000e+00   5.76882511e-13  -1.50574772e-28  -5.24796959e-27  -7.65141447e-59
  3.59200000e-05   0.00000000e+00   0.00000000e+00   6.00787257e-13  -1.56814261e-28  -5.46543395e-27  -8.29867175e-59
  3.60000000e-05   0.00000000e+00   0.00000000e+00   6.24692004e-13  -1.63053749e-28  -5.68289830e-27  -8.97220567e-59
  3.60800000e-05   0.00000000e+00   0.00000000e+00   6.48596750e-13  -1.69293237e-28  -5.90036266e-27  -9.67201623e-59
  3.61600000e-05   0.00000000e+00   0.00000000e+00   6.72501497e-13  -1.75532726e-28  -6.11782701e-27  -1.03981034e-58
  3.62400000e-05   0.00000000e+00   0.00000000e+00   6.96406243e-13  -1.81772214e-28  -6.33529136e-27  -1.11504673e-58
  3.63200000e-05   0.00000000e+00   0.00000000e+00   7.20310990e-13  -1.88011703e-28  -6.55275572e-27  -1.19291077e-58
  3.64000000e-05   0.00000000e+00   0.00000000e+00   7.44215736e-13  -1.94251191e-28  -6.77022007e-27  -1.27340248e-58
  3.64800000e-05   0.00000000e+00   0.00000000e+00   7.68120483e-13  -2.00490680e-28  -6.98768443e-27  -1.35652186e-58
  3.65600000e-05   0.00000000e+00   0.00000000e+00   7.03763395e-13  -1.83692539e-28  -6.40222026e-27  -1.13873991e-58
  3.66400000e-05   0.00000000e+00   0.00000000e+00   7.05631581e-13  -1.84180163e-28  -6.41921537e-27  -1.14479366e-58
  3.67200000e-05   0.00000000e+00   0.00000000e+00   7.07499768e-13  -1.84667787e-28  -6.43621049e-27  -1.15086345e-58
  3.68000000e-05   0.00000000e+00   0.00000000e+00   7.09367954e-13  -1.85155411e-28  -6.45320561e-27  -1.15694930e-58
  3.68800000e-05   0.00000000e+00   0.00000000e+00   7.11236141e-13  -1.85643035e-28  -6.47020072e-27  -1.16305119e-58
  3.69600000e-05   0.00000000e+00   0.00000000e+00   7.13104327e-13  -1.86130659e-28  -6.48719584e-27  -1.16916913e-58
  3.70400000e-05   0.00000000e+00   0.00000000e+00   6.25278944e-13  -1.63206949e-28  -5.68823777e-27  -8.98915738e-59
  3.71200000e-05   0.00000000e+00   0.00000000e+00   6.25887933e-13  -1.63365905e-28  -5.69377782e-27  -9.00667586e-59
  3.72000000e-05   0.00000000e+00   0.00000000e+00   6.26496923e-13  -1.63524860e-28  -5.69931787e-27  -9.02421140e-59
  3.72800000e-05   0.00000000e+00   0.00000000e+00   6.27105912e-13  -1.63683815e-28  -5.70485792e-27  -9.04176399e-59
  3.73600000e-05   0.00000000e+00   0.00000000e+00   7.07889622e-13  -1.84769545e-28  -6.43975704e-27  -1.15213270e-58
  3.74400000e-05   0.00000000e+00   0.00000000e+00   7.08342633e-13  -1.84887787e-28  -6.44387813e-27  -1.15360778e-58
  3.75200000e-05   0.00000000e+00   0.00000000e+00   7.08795643e-13  -1.85006029e-28  -6.44799922e-27  -1.15508379e-58
  3.76000000e-05   0.00000000e+00   0.00000000e+00   7.09248653e-13  -1.85124272e-28  -6.45212031e-27  -1.15656076e-58
  3.76800000e-05   0.00000000e+00   0.00000000e+00   7.09701663e-13  -1.85242514e-28  -6.45624140e-27  -1.15803866e-58
  3.77600000e-05   0.00000000e+00   0.00000000e+00   7.10154674e-13  -1.85360756e-28  -6.46036249e-27  -1.15951751e-58
  3.78400000e-05   0.00000000e+00   0.00000000e+00   7.10607684e-13  -1.85478999e-28  -6.46448358e-27  -1.16099730e-58
  3.79200000e-05   0.00000000e+00   0.00000000e+00   7.11060694e-13  -1.85597241e-28  -6.46860467e-27  -1.16247804e-58
  3.80000000e-05   0.00000000e+00   0.00000000e+00   7.11513704e-13  -1.85715483e-28  -6.47272575e-27  -1.16395972e-58
  3.80800000e-05   0.00000000e+00   0.00000000e+00   6.41381672e-13  -1.67409997e-28  -5.83472622e-27  -9.45811238e-59
  3.81600000e-05   0.00000000e+00   0.00000000e+00   6.41990662e-13  -1.67568953e-28  -5.84026628e-27  -9.47608180e-59
  3.82400000e-05   0.00000000e+00   0.00000000e+00   6.42599651e-13  -1.67727908e-28  -5.84580633e-27  -9.49406826e-59
  3.83200000e-05   0.00000000e+00   0.00000000e+00   6.43208641e-13  -1.67886863e-28  -5.85134638e-27  -9.51207178e-59
  3.84000000e-05   0.00000000e+00   0.00000000e+00   6.43817630e-13  -1.68045818e-28  -5.85688643e-27  -9.53009236e-59
  3.84800000e-05   0.00000000e+00   0.00000000e+00   6.44426620e-13  -1.68204773e-28  -5.86242648e-27  -9.54812999e-59
  3.85600000e-05   0.00000000e+00   0.00000000e+00   6.45035609e-13  -1.68363729e-28  -5.86796653e-27  -9.56618467e-59
  3.86400000e-05   0.00000000e+00   0.00000000e+00   6.45644599e-13  -1.68522684e-28  -5.87350658e-27  -9.58425640e-59
  3.87200000e-05   0.00000000e+00   0.00000000e+00   6.46253588e-13  -1.68681639e-28  -5.87904663e-27  -9.60234519e-59
  3.88000000e-05   0.00000000e+00   0.00000000e+00   5.30653217e-13  -1.38508251e-28  -4.82741615e-27  -6.47430594e-59
  3.88800000e-05   0.00000000e+00   0.00000000e+00   5.30001309e-13  -1.38338094e-28  -4.82148566e-27  -6.45840833e-59
  3.89600000e-05   0.00000000e+00   0.00000000e+00   5.29349401e-13  -1.38167936e-28  -4.81555517e-27  -6.44253025e-59
  3.90400000e-05   0.00000000e+00   0.00000000e+00   5.28697492e-13  -1.37997779e-28  -4.80962468e-27  -6.42667172e-59
  3.91200000e-05   0.00000000e+00   0.00000000e+00   5.28045584e-13  -1.37827621e-28  -4.80369420e-27  -6.41083273e-59
  3.92000000e-05   0.00000000e+00   0.00000000e+00   5.27393676e-13  -1.37657463e-28  -4.79776371e-27  -6.39501329e-59
  3.92800000e-05   0.00000000e+00   0.00000000e+00   5.26741767e-13  -1.37487306e-28  -4.79183322e-27  -6.37921338e-59
  3.93600000e-05   0.00000000e+00   0.00000000e+00   5.26089859e-13  -1.37317148e-28  -4.78590273e-27  -6.36343302e-59
  3.94400000e-05   0.00000000e+00   0.00000000e+00   5.25437951e-13  -1.37146991e-28  -4.77997224e-27  -6.34767220e-59
  3.95200000e-05   0.00000000e+00   0.00000000e+00   4.31444064e-13  -1.12613211e-28  -3.92489854e-27  -4.27982578e-59
  3.96000000e-05   0.00000000e+00   0.00000000e+00   4.09139501e-13  -1.06791394e-28  -3.72199126e-27  -3.84875463e-59
  3.96800000e-05   0.00000000e+00   0.00000000e+00   3.86834939e-13  -1.00969577e-28  -3.51908397e-27  -3.44055994e-59
  3.97600000e-05   0.00000000e+00   0.00000000e+00   3.64530377e-13  -9.51477604e-29  -3.31617669e-27  -3.05524171e-59
  3.98400000e-05   0.00000000e+00   0.00000000e+00   3.42225815e-13  -8.93259434e-29  -3.11326940e-27  -2.69279995e-59
  3.99200000e-05   0.00000000e+00   0.00000000e+00   3.19921253e-13  -8.35041265e-29  -2.91036212e-27  -2.35323465e-59
  4.00000000e-05   0.00000000e+00   0.00000000e+00   2.97616691e-13  -7.76823095e-29  -2.70745483e-27  -2.03654582e-59
  4.00800000e-05   0.00000000e+00   0.00000000e+00   2.75312128e-13  -7.18604925e-29  -2.50454755e-27  -1.74273344e-59
  4.01600000e-05   0.00000000e+00   0.00000000e+00   2.53007566e-13  -6.60386755e-29  -2.30164026e-27  -1.47179754e-59
  4.02400000e-05   0.00000000e+00   0.00000000e+00   4.81555611e-13  -1.25693058e-28  -4.38076932e-27  -5.33168550e-59
  4.03200000e-05   0.00000000e+00   0.00000000e+00   4.80903703e-13  -1.25522901e-28  -4.37483883e-27  -5.31725968e-59
  4.04000000e-05   0.00000000e+00   0.00000000e+00   4.80251794e-13  -1.25352743e-28  -4.36890834e-27  -5.30285340e-59
  4.04800000e-05   0.00000000e+00   0.00000000e+00   4.79599886e-13  -1.25182585e-28  -4.36297785e-27  -5.28846667e-59
  4.05600000e-05   0.00000000e+00   0.00000000e+00   5.44747658e-13  -1.42187107e-28  -4.95563497e-27  -6.82284797e-59
  4.06400000e-05   0.00000000e+00   0.00000000e+00   5.27345230e-13  -1.37644819e-28  -4.79732299e-27  -6.39388924e-59
  4.07200000e-05   0.00000000e+00   0.00000000e+00   5.09942802e-13  -1.33102530e-28  -4.63901101e-27  -5.97885635e-59
  4.08000000e-05   0.00000000e+00   0.00000000e+00   4.92540374e-13  -1.28560242e-28  -4.48069903e-27  -5.57774929e-59
  4.08800000e-05   0.00000000e+00   0.00000000e+00   4.75137946e-13  -1.24017954e-28  -4.32238705e-27  -5.19056806e-59
  4.09600000e-05   0.00000000e+00   0.00000000e+00   6.56421638e-13  -1.71335649e-28  -5.97154660e-27  -9.90661914e-59
  4.10400000e-05   0.00000000e+00   0.00000000e+00   7.27709533e-13  -1.89942832e-28  -6.62006115e-27  -1.21752244e-58
  4.11200000e-05   0.00000000e+00   0.00000000e+00   7.98997427e-13  -2.08550016e-28  -7.26857571e-27  -1.46775158e-58
  4.12000000e-05   0.00000000e+00   0.00000000e+00   8.70285322e-13  -2.27157199e-28  -7.91709026e-27  -1.74134934e-58
  4.12800000e-05   0.00000000e+00   0.00000000e+00   9.41573217e-13  -2.45764383e-28  -8.56560482e-27  -2.03831572e-58
  4.13600000e-05   0.00000000e+00   0.00000000e+00   1.01286111e-12  -2.64371566e-28  -9.21411937e-27  -2.35865072e-58
  4.14400000e-05   0.00000000e+00   0.00000000e+00   1.08414901e-12  -2.82978749e-28  -9.86263392e-27  -2.70235434e-58
  4.15200000e-05   0.00000000e+00   0.00000000e+00   1.15543690e-12  -3.01585933e-28  -1.05111485e-26  -3.06942658e-58
  4.16000000e-05   0.00000000e+00   0.00000000e+00   1.22672480e-12  -3.20193116e-28  -1.11596630e-26  -3.45986744e-58
  4.16800000e-05   0.00000000e+00   0.00000000e+00   1.29801269e-12  -3.38800300e-28  -1.18081776e-26  -3.87367692e-58
  4.17600000e-05   0.00000000e+00   0.00000000e+00   1.00313257e-12  -2.61832274e-28  -9.12561763e-27  -2.31360933e-58
  4.18400000e-05   0.00000000e+00   0.00000000e+00   9.85730140e-13  -2.57289986e-28  -8.96730565e-27  -2.23403241e-58
  4.19200000e-05   0.00000000e+00   0.00000000e+00   9.68327712e-13  -2.52747698e-28  -8.80899367e-27  -2.15584808e-58
  4.20000000e-05   0.00000000e+00   0.00000000e+00   9.50925284e-13  -2.48205409e-28  -8.65068169e-27  -2.07905634e-58
  4.20800000e-05   0.00000000e+00   0.00000000e+00   9.33522856e-13  -2.43663121e-28  -8.49236971e-27  -2.00365718e-58
  4.21600000e-05   0.00000000e+00   0.00000000e+00   9.16120427e-13  -2.39120833e-28  -8.33405773e-27  -1.92965060e-58
  4.22400000e-05   0.00000000e+00   0.00000000e+00   8.98717999e-13  -2.34578545e-28  -8.17574575e-27  -1.85703660e-58
  4.23200000e-05   0.00000000e+00   0.00000000e+00   8.60488466e-13  -2.24600077e-28  -7.82796708e-27  -1.70242146e-58
  4.24000000e-05   0.00000000e+00   0.00000000e+00   8.16928896e-13  -2.13230392e-28  -7.43170043e-27  -1.53442543e-58
  4.24800000e-05   0.00000000e+00   0.00000000e+00   9.16476984e-13  -2.39213900e-28  -8.33730137e-27  -1.93115325e-58
  4.25600000e-05   0.00000000e+00   0.00000000e+00   8.98474399e-13  -2.34514962e-28  -8.17352968e-27  -1.85603034e-58
  4.26400000e-05   0.00000000e+00   0.00000000e+00   8.80471814e-13  -2.29816024e-28  -8.00975800e-27  -1.78239771e-58
  4.27200000e-05   0.00000000e+00   0.00000000e+00   8.62469228e-13  -2.25117086e-28  -7.84598632e-27  -1.71025538e-58
  4.28000000e-05   0.00000000e+00   0.00000000e+00   8.44466643e-13  -2.20418147e-28  -7.68221463e-27  -1.63960334e-58
  4.28800000e-05   0.00000000e+00   0.00000000e+00   8.26464058e-13  -2.15719209e-28  -7.51844295e-27  -1.57044159e-58
  4.29600000e-05   0.00000000e+00   0.00000000e+00   8.08461473e-13  -2.11020271e-28  -7.35467126e-27  -1.50277014e-58
  4.30400000e-05   0.00000000e+00   0.00000000e+00   7.90458887e-13  -2.06321333e-28  -7.19089958e-27  -1.43658897e-58
  4.31200000e-05   0.00000000e+00   0.00000000e+00   7.72456302e-13  -2.01622395e-28  -7.02712790e-27  -1.37189810e-58
  4.32000000e-05   0.00000000e+00   0.00000000e+00   6.09032989e-13  -1.58966520e-28  -5.54044636e-27  -8.52826882e-59
  4.32800000e-05   0.00000000e+00   0.00000000e+00   5.65473419e-13  -1.47596835e-28  -5.14417971e-27  -7.35197862e-59
  4.33600000e-05   0.00000000e+00   0.00000000e+00   5.21913849e-13  -1.36227150e-28  -4.74791307e-27  -6.26293906e-59
  4.34400000e-05   0.00000000e+00   0.00000000e+00   4.78354280e-13  -1.24857465e-28  -4.35164642e-27  -5.26115015e-59
  4.35200000e-05   0.00000000e+00   0.00000000e+00   4.34794710e-13  -1.13487780e-28  -3.95537978e-27  -4.34661187e-59
  4.36000000e-05   0.00000000e+00   0.00000000e+00   3.91235140e-13  -1.02118095e-28  -3.55911313e-27  -3.51932424e-59
  4.36800000e-05   0.00000000e+00   0.00000000e+00   3.47675571e-13  -9.07484102e-29  -3.16284649e-27  -2.77928726e-59
  4.37600000e-05   0.00000000e+00   0.00000000e+00   3.04116001e-13  -7.93787253e-29  -2.76657984e-27  -2.12650092e-59
  4.38400000e-05   0.00000000e+00   0.00000000e+00   2.60556431e-13  -6.80090403e-29  -2.37031320e-27  -1.56096522e-59
  4.39200000e-05   0.00000000e+00   0.00000000e+00   3.64730659e-13  -9.52000378e-29  -3.31799868e-27  -3.05859084e-59
  4.40000000e-05   0.00000000e+00   0.00000000e+00   3.46728074e-13  -9.05010997e-29  -3.15422699e-27  -2.76410879e-59
  4.40800000e-05   0.00000000e+00   0.00000000e+00   2.99538224e-13  -7.81838586e-29  -2.72493526e-27  -2.06283567e-59
  4.41600000e-05   0.00000000e+00   0.00000000e+00   3.30855853e-13  -8.63582179e-29  -3.00983549e-27  -2.51674288e-59
  4.42400000e-05   0.00000000e+00   0.00000000e+00   3.62173482e-13  -9.45325771e-29  -3.29473573e-27  -3.01575037e-59
  4.43200000e-05   0.00000000e+00   0.00000000e+00   3.93491110e-13  -1.02706936e-28  -3.57963596e-27  -3.55985813e-59
  4.44000000e-05   0.00000000e+00   0.00000000e+00   4.24808739e-13  -1.10881296e-28  -3.86453620e-27  -4.14906618e-59
  4.44800000e-05   0.00000000e+00   0.00000000e+00   4.56126368e-13  -1.19055655e-28  -4.14943643e-27  -4.78337450e-59
  4.45600000e-05   0.00000000e+00   0.00000000e+00   4.87443996e-13  -1.27230014e-28  -4.43433667e-27  -5.46278310e-59
  4.46400000e-05   0.00000000e+00   0.00000000e+00   5.12380666e-13  -1.33738850e-28  -4.66118855e-27  -6.03609821e-59
  4.47200000e-05   0.00000000e+00   0.00000000e+00   5.15454086e-13  -1.34541057e-28  -4.68914783e-27  -6.10872828e-59
  4.48000000e-05   0.00000000e+00   0.00000000e+00   5.18527507e-13  -1.35343265e-28  -4.71710710e-27  -6.18179271e-59
  4.48800000e-05   0.00000000e+00   0.00000000e+00   5.21600928e-13  -1.36145473e-28  -4.74506638e-27  -6.25529149e-59
  4.49600000e-05   0.00000000e+00   0.00000000e+00   5.24674349e-13  -1.36947681e-28  -4.77302566e-27  -6.32922463e-59
  4.50400000e-05   0.00000000e+00   0.00000000e+00   5.27747769e-13  -1.37749889e-28  -4.80098494e-27  -6.40359213e-59
  4.51200000e-05   0.00000000e+00   0.00000000e+00   5.30821190e-13  -1.38552096e-28  -4.82894422e-27  -6.47839398e-59
  4.52000000e-05   0.00000000e+00   0.00000000e+00   5.33894611e-13  -1.39354304e-28  -4.85690350e-27  -6.55363018e-59
  4.52800000e-05   0.00000000e+00   0.00000000e+00   5.36968032e-13  -1.40156512e-28  -4.88486278e-27  -6.62930075e-59
  4.53600000e-05   0.00000000e+00   0.00000000e+00   5.40041452e-13  -1.40958720e-28  -4.91282205e-27  -6.70540566e-59
  4.54400000e-05   0.00000000e+00   0.00000000e+00   6.74129516e-13  -1.75957666e-28  -6.13263729e-27  -1.04484802e-58
  4.55200000e-05   0.00000000e+00   0.00000000e+00   7.05447144e-13  -1.84132025e-28  -6.41753753e-27  -1.14418334e-58
  4.56000000e-05   0.00000000e+00   0.00000000e+00   7.36764773e-13  -1.92306385e-28  -6.70243776e-27  -1.24802870e-58
  4.56800000e-05   0.00000000e+00   0.00000000e+00   7.68082402e-13  -2.00480744e-28  -6.98733800e-27  -1.35638408e-58
  4.57600000e-05   0.00000000e+00   0.00000000e+00   7.99400030e-13  -2.08655103e-28  -7.27223823e-27  -1.46924949e-58
  4.58400000e-05   0.00000000e+00   0.00000000e+00   7.01028707e-13  -1.82978749e-28  -6.37734247e-27  -1.12991540e-58
  4.59200000e-05   0.00000000e+00   0.00000000e+00   6.82697493e-13  -1.78194034e-28  -6.21058122e-27  -1.07159583e-58
  4.60000000e-05   0.00000000e+00   0.00000000e+00   6.64366279e-13  -1.73409319e-28  -6.04381996e-27  -1.01482145e-58
  4.60800000e-05   0.00000000e+00   0.00000000e+00   6.46035065e-13  -1.68624604e-28  -5.87705870e-27  -9.59592279e-59
  4.61600000e-05   0.00000000e+00   0.00000000e+00   6.65025606e-13  -1.73581413e-28  -6.04981794e-27  -1.01682629e-58
  4.62400000e-05   0.00000000e+00   0.00000000e+00   6.73909826e-13  -1.75900324e-28  -6.13063875e-27  -1.04417581e-58
  4.63200000e-05   0.00000000e+00   0.00000000e+00   6.82794045e-13  -1.78219235e-28  -6.21145956e-27  -1.07188827e-58
  4.64000000e-05   0.00000000e+00   0.00000000e+00   6.91678264e-13  -1.80538147e-28  -6.29228037e-27  -1.09996368e-58
  4.64800000e-05   0.00000000e+00   0.00000000e+00   7.00562483e-13  -1.82857058e-28  -6.37310118e-27  -1.12840203e-58
  4.65600000e-05   0.00000000e+00   0.00000000e+00   7.09446703e-13  -1.85175969e-28  -6.45392199e-27  -1.15720332e-58
  4.66400000e-05   0.00000000e+00   0.00000000e+00   7.18330922e-13  -1.87494880e-28  -6.53474280e-27  -1.18636756e-58
  4.67200000e-05   0.00000000e+00   0.00000000e+00   7.27215141e-13  -1.89813792e-28  -6.61556362e-27  -1.21589474e-58
  4.68000000e-05   0.00000000e+00   0.00000000e+00   7.36099361e-13  -1.92132703e-28  -6.69638443e-27  -1.24578487e-58
  4.68800000e-05   0.00000000e+00   0.00000000e+00   7.65432124e-13  -1.99788983e-28  -6.96322810e-27  -1.34706158e-58
  4.69600000e-05   0.00000000e+00   0.00000000e+00   7.47100910e-13  -1.95004268e-28  -6.79646684e-27  -1.28331324e-58
  4.70400000e-05   0.00000000e+00   0.00000000e+00   7.28769696e-13  -1.90219553e-28  -6.62970558e-27  -1.22111010e-58
  4.71200000e-05   0.00000000e+00   0.00000000e+00   7.10438482e-13  -1.85434838e-28  -6.46294433e-27  -1.16045215e-58
  4.72000000e-05   0.00000000e+00   0.00000000e+00   6.92107268e-13  -1.80650123e-28  -6.29618307e-27  -1.10133940e-58
  4.72800000e-05   0.00000000e+00   0.00000000e+00   6.73776054e-13  -1.75865408e-28  -6.12942181e-27  -1.04377185e-58
  4.73600000e-05   0.00000000e+00   0.00000000e+00   6.55444840e-13  -1.71080693e-28  -5.96266055e-27  -9.87749494e-59
  4.74400000e-05   0.00000000e+00   0.00000000e+00   6.37113626e-13  -1.66295978e-28  -5.79589930e-27  -9.33272336e-59
  4.75200000e-05   0.00000000e+00   0.00000000e+00   6.18782412e-13  -1.61511263e-28  -5.62913804e-27  -8.80340376e-59
  4.76000000e-05   0.00000000e+00   0.00000000e+00   4.91154229e-13  -1.28198440e-28  -4.46808910e-27  -5.54623130e-59
  4.76800000e-05   0.00000000e+00   0.00000000e+00   5.33133081e-13  -1.39155535e-28  -4.84997577e-27  -6.53482852e-59
  4.77600000e-05   0.00000000e+00   0.00000000e+00   5.75111934e-13  -1.50112629e-28  -5.23186244e-27  -7.60445887e-59
  4.78400000e-05   0.00000000e+00   0.00000000e+00   6.17090786e-13  -1.61069724e-28  -5.61374911e-27  -8.75512234e-59
  4.79200000e-05   0.00000000e+00   0.00000000e+00   6.59069638e-13  -1.72026819e-28  -5.99563577e-27  -9.98681894e-59
  4.80000000e-05   0.00000000e+00   0.00000000e+00   7.01048490e-13  -1.82983913e-28  -6.37752244e-27  -1.12995487e-58
  4.80800000e-05   0.00000000e+00   0.00000000e+00   7.43027342e-13  -1.93941008e-28  -6.75940911e-27  -1.26933115e-58
  4.81600000e-05   0.00000000e+00   0.00000000e+00   7.85006194e-13  -2.04898103e-28  -7.14129578e-27  -1.41681075e-58
  4.82400000e-05   0.00000000e+00   0.00000000e+00   8.26985047e-13  -2.15855197e-28  -7.52318245e-27  -1.57239366e-58
  4.83200000e-05   0.00000000e+00   0.00000000e+00   6.97435099e-13  -1.82040766e-28  -6.34465099e-27  -1.11836537e-58
  4.84000000e-05   0.00000000e+00   0.00000000e+00   6.67688198e-13  -1.74276389e-28  -6.07403985e-27  -1.02499965e-58
  4.84800000e-05   0.00000000e+00   0.00000000e+00   6.37941298e-13  -1.66512013e-28  -5.80342872e-27  -9.35702908e-59
  4.85600000e-05   0.00000000e+00   0.00000000e+00   6.08194397e-13  -1.58747637e-28  -5.53281759e-27  -8.50475136e-59
  4.86400000e-05   0.00000000e+00   0.00000000e+00   5.78447496e-13  -1.50983260e-28  -5.26220645e-27  -7.69316339e-59
  4.87200000e-05   0.00000000e+00   0.00000000e+00   5.48700596e-13  -1.43218884e-28  -4.99159532e-27  -6.92226516e-59
  4.88000000e-05   0.00000000e+00   0.00000000e+00   5.18953695e-13  -1.35454508e-28  -4.72098419e-27  -6.19205666e-59
  4.88800000e-05   0.00000000e+00   0.00000000e+00   4.89206794e-13  -1.27690131e-28  -4.45037305e-27  -5.50253791e-59
  4.89600000e-05   0.00000000e+00   0.00000000e+00   4.59459894e-13  -1.19925755e-28  -4.17976192e-27  -4.85370890e-59
  4.90400000e-05   0.00000000e+00   0.00000000e+00   4.29712993e-13  -1.12161379e-28  -3.90915079e-27  -4.24556963e-59
  4.91200000e-05   0.00000000e+00   0.00000000e+00   7.49730114e-13  -1.95690530e-28  -6.82038503e-27  -1.29233561e-58
  4.92000000e-05   0.00000000e+00   0.00000000e+00   7.91708966e-13  -2.06647625e-28  -7.20227170e-27  -1.44110907e-58
  4.92800000e-05   0.00000000e+00   0.00000000e+00   8.33687818e-13  -2.17604719e-28  -7.58415837e-27  -1.59798584e-58
  4.93600000e-05   0.00000000e+00   0.00000000e+00   7.76445403e-13  -2.02663611e-28  -7.06341722e-27  -1.38609476e-58
  4.94400000e-05   0.00000000e+00   0.00000000e+00   7.79347036e-13  -2.03420980e-28  -7.08981373e-27  -1.39647400e-58
  4.95200000e-05   0.00000000e+00   0.00000000e+00   7.82248670e-13  -2.04178349e-28  -7.11621024e-27  -1.40689195e-58
  4.96000000e-05   0.00000000e+00   0.00000000e+00   7.85150303e-13  -2.04935718e-28  -7.14260675e-27  -1.41734862e-58
  4.96800000e-05   0.00000000e+00   0.00000000e+00   7.88051936e-13  -2.05693087e-28  -7.16900326e-27  -1.42784401e-58
  4.97600000e-05   0.00000000e+00   0.00000000e+00   7.90953570e-13  -2.06450455e-28  -7.19539977e-27  -1.43837811e-58
  4.98400000e-05   0.00000000e+00   0.00000000e+00   8.09691068e-13  -2.11341217e-28  -7.36585704e-27  -1.50733239e-58
  4.99200000e-05   0.00000000e+00   0.00000000e+00   8.18240416e-13  -2.13572722e-28  -7.44363149e-27  -1.53933166e-58
  5.00000000e-05   0.00000000e+00   0.00000000e+00   8.26789765e-13  -2.15804227e-28  -7.52140595e-27  -1.57166703e-58
  5.00800000e-05   0.00000000e+00   0.00000000e+00   8.35339114e-13  -2.18035732e-28  -7.59918040e-27  -1.60433850e-58
  5.01600000e-05   0.00000000e+00   0.00000000e+00   8.43888463e-13  -2.20267237e-28  -7.67695485e-27  -1.63734606e-58
  5.02400000e-05   0.00000000e+00   0.00000000e+00   8.52437811e-13  -2.22498742e-28  -7.75472931e-27  -1.67068973e-58
  5.03200000e-05   0.00000000e+00   0.00000000e+00   8.60987160e-13  -2.24730248e-28  -7.83250376e-27  -1.70436950e-58
  5.04000000e-05   0.00000000e+00   0.00000000e+00   8.69536509e-13  -2.26961753e-28  -7.91027821e-27  -1.73838536e-58
  5.04800000e-05   0.00000000e+00   0.00000000e+00   8.78085857e-13  -2.29193258e-28  -7.98805267e-27  -1.77273733e-58
  5.05600000e-05   0.00000000e+00   0.00000000e+00   8.74358618e-13  -2.28220394e-28  -7.95414552e-27  -1.75772249e-58
  5.06400000e-05   0.00000000e+00   0.00000000e+00   8.77260251e-13  -2.28977763e-28  -7.98054203e-27  -1.76940816e-58
  5.07200000e-05   0.00000000e+00   0.00000000e+00   8.80161885e-13  -2.29735132e-28  -8.00693854e-27  -1.78113254e-58
  5.08000000e-05   0.00000000e+00   0.00000000e+00   8.83063518e-13  -2.30492500e-28  -8.03333505e-27  -1.79289564e-58
  5.08800000e-05   0.00000000e+00   0.00000000e+00   8.85965152e-13  -2.31249869e-28  -8.05973155e-27  -1.80469745e-58
  5.09600000e-05   0.00000000e+00   0.00000000e+00   8.88866785e-13  -2.32007238e-28  -8.08612806e-27  -1.81653798e-58
  5.10400000e-05   0.00000000e+00   0.00000000e+00   8.91768418e-13  -2.32764607e-28  -8.11252457e-27  -1.82841723e-58
  5.11200000e-05   0.00000000e+00   0.00000000e+00   8.78356400e-13  -2.29263874e-28  -7.99051382e-27  -1.77383882e-58
  5.12000000e-05   0.00000000e+00   0.00000000e+00   8.69174295e-13  -2.26867210e-28  -7.90698311e-27  -1.73694624e-58
  5.12800000e-05   0.00000000e+00   0.00000000e+00   9.07561042e-13  -2.36886713e-28  -8.25619197e-27  -1.89374265e-58
  5.13600000e-05   0.00000000e+00   0.00000000e+00   9.26045964e-13  -2.41711548e-28  -8.42435152e-27  -1.97167078e-58
  5.14400000e-05   0.00000000e+00   0.00000000e+00   9.44530885e-13  -2.46536383e-28  -8.59251108e-27  -2.05117013e-58
  5.15200000e-05   0.00000000e+00   0.00000000e+00   9.63015807e-13  -2.51361218e-28  -8.76067064e-27  -2.13224070e-58
  5.16000000e-05   0.00000000e+00   0.00000000e+00   9.81500729e-13  -2.56186053e-28  -8.92883019e-27  -2.21488249e-58
  5.16800000e-05   0.00000000e+00   0.00000000e+00   9.99985650e-13  -2.61010889e-28  -9.09698975e-27  -2.29909549e-58
  5.17600000e-05   0.00000000e+00   0.00000000e+00   1.01847057e-12  -2.65835724e-28  -9.26514930e-27  -2.38487972e-58
  5.18400000e-05   0.00000000e+00   0.00000000e+00   1.03695549e-12  -2.70660559e-28  -9.43330886e-27  -2.47223517e-58
  5.19200000e-05   0.00000000e+00   0.00000000e+00   1.05544042e-12  -2.75485394e-28  -9.60146841e-27  -2.56116183e-58
  5.20000000e-05   0.00000000e+00   0.00000000e+00   8.34949985e-13  -2.17934165e-28  -7.59564045e-27  -1.60285265e-58
  5.20800000e-05   0.00000000e+00   0.00000000e+00   8.25767881e-13  -2.15537502e-28  -7.51210974e-27  -1.56779279e-58
  5.21600000e-05   0.00000000e+00   0.00000000e+00   8.16585777e-13  -2.13140838e-28  -7.42857903e-27  -1.53312062e-58
  5.22400000e-05   0.00000000e+00   0.00000000e+00   8.07403672e-13  -2.10744174e-28  -7.34504833e-27  -1.49883614e-58
  5.23200000e-05   0.00000000e+00   0.00000000e+00   7.98221568e-13  -2.08347511e-28  -7.26151762e-27  -1.46493936e-58
  5.24000000e-05   0.00000000e+00   0.00000000e+00   7.89039463e-13  -2.05950847e-28  -7.17798691e-27  -1.43143026e-58
  5.24800000e-05   0.00000000e+00   0.00000000e+00   7.79857359e-13  -2.03554184e-28  -7.09445620e-27  -1.39830886e-58
  5.25600000e-05   0.00000000e+00   0.00000000e+00   7.70675255e-13  -2.01157520e-28  -7.01092549e-27  -1.36557515e-58
  5.26400000e-05   0.00000000e+00   0.00000000e+00   7.61493150e-13  -1.98760857e-28  -6.92739479e-27  -1.33322913e-58
  5.27200000e-05   0.00000000e+00   0.00000000e+00   1.18269290e-12  -3.08700155e-28  -1.07590996e-26  -3.21598313e-58
  5.28000000e-05   0.00000000e+00   0.00000000e+00   1.20117782e-12  -3.13524990e-28  -1.09272591e-26  -3.31729748e-58
  5.28800000e-05   0.00000000e+00   0.00000000e+00   1.08558993e-12  -2.83354859e-28  -9.87574218e-27  -2.70963404e-58
  5.29600000e-05   0.00000000e+00   0.00000000e+00   1.01014530e-12  -2.63662707e-28  -9.18941331e-27  -2.34610414e-58
  5.30400000e-05   0.00000000e+00   0.00000000e+00   9.34700672e-13  -2.43970555e-28  -8.50308445e-27  -2.00874753e-58
  5.31200000e-05   0.00000000e+00   0.00000000e+00   8.59256043e-13  -2.24278403e-28  -7.81675558e-27  -1.69756419e-58
  5.32000000e-05   0.00000000e+00   0.00000000e+00   7.83811414e-13  -2.04586250e-28  -7.13042672e-27  -1.41255413e-58
  5.32800000e-05   0.00000000e+00   0.00000000e+00   7.08366785e-13  -1.84894098e-28  -6.44409785e-27  -1.15371735e-58
  5.33600000e-05   0.00000000e+00   0.00000000e+00   6.32922156e-13  -1.65201946e-28  -5.75776898e-27  -9.21053847e-59
  5.34400000e-05   0.00000000e+00   0.00000000e+00   5.57477527e-13  -1.45509793e-28  -5.07144012e-27  -7.14563624e-59
  5.35200000e-05   0.00000000e+00   0.00000000e+00   1.12504340e-12  -2.93652792e-28  -1.02346551e-26  -2.91006009e-58
  5.36000000e-05   0.00000000e+00   0.00000000e+00   1.20871703e-12  -3.15492836e-28  -1.09958442e-26  -3.35902510e-58
  5.36800000e-05   0.00000000e+00   0.00000000e+00   1.29239067e-12  -3.37332879e-28  -1.17570334e-26  -3.84018439e-58
  5.37600000e-05   0.00000000e+00   0.00000000e+00   1.37606430e-12  -3.59172922e-28  -1.25182225e-26  -4.35353797e-58
  5.38400000e-05   0.00000000e+00   0.00000000e+00   1.45973794e-12  -3.81012966e-28  -1.32794116e-26  -4.89908582e-58
  5.39200000e-05   0.00000000e+00   0.00000000e+00   1.54341157e-12  -4.02853009e-28  -1.40406007e-26  -5.47682796e-58
  5.40000000e-05   0.00000000e+00   0.00000000e+00   1.62708521e-12  -4.24693053e-28  -1.48017898e-26  -6.08676438e-58
  5.40800000e-05   0.00000000e+00   0.00000000e+00   1.71075884e-12  -4.46533096e-28  -1.55629790e-26  -6.72889508e-58
  5.41600000e-05   0.00000000e+00   0.00000000e+00   1.79443247e-12  -4.68373140e-28  -1.63241681e-26  -7.40322007e-58
  5.42400000e-05   0.00000000e+00   0.00000000e+00   6.77376955e-13  -1.76805300e-28  -6.16217964e-27  -1.05498044e-58
  5.43200000e-05   0.00000000e+00   0.00000000e+00   6.01932326e-13  -1.57113147e-28  -5.47585077e-27  -8.33067944e-59
  5.44000000e-05   0.00000000e+00   0.00000000e+00   5.26487696e-13  -1.37420995e-28  -4.78952190e-27  -6.37328725e-59
  5.44800000e-05   0.00000000e+00   0.00000000e+00   4.51043067e-13  -1.17728842e-28  -4.10319304e-27  -4.67762785e-59
  5.45600000e-05   0.00000000e+00   0.00000000e+00   2.52401845e-12  -6.58805760e-28  -2.29612995e-26  -1.46472152e-57
  5.46400000e-05   0.00000000e+00   0.00000000e+00   1.12487630e-13  -2.93609179e-29  -1.02331350e-27  -2.91009569e-60
  5.47200000e-05   0.00000000e+00   0.00000000e+00  -1.83279820e-14   4.78387157e-30   1.66731857e-28  -7.70948726e-62
  5.48000000e-05   0.00000000e+00   0.00000000e+00  -1.49143594e-13   3.89286610e-29   1.35677722e-27  -5.11311375e-60
  5.48800000e-05   0.00000000e+00   0.00000000e+00  -2.79959206e-13   7.30734505e-29   2.54682257e-27  -1.80181523e-59
  5.49600000e-05   0.00000000e+00   0.00000000e+00   1.53682919e-12  -4.01134912e-28  -1.39807200e-26  -5.43023002e-58
  5.50400000e-05   0.00000000e+00   0.00000000e+00   1.59989336e-12  -4.17595585e-28  -1.45544224e-26  -5.88503806e-58
  5.51200000e-05   0.00000000e+00   0.00000000e+00   1.66295754e-12  -4.34056259e-28  -1.51281248e-26  -6.35813413e-58
  5.52000000e-05   0.00000000e+00   0.00000000e+00   1.72602172e-12  -4.50516932e-28  -1.57018272e-26  -6.84951823e-58
  5.52800000e-05   0.00000000e+00   0.00000000e+00   1.78908589e-12  -4.66977605e-28  -1.62755296e-26  -7.35919037e-58
  5.53600000e-05   0.00000000e+00   0.00000000e+00   1.85215007e-12  -4.83438279e-28  -1.68492320e-26  -7.88715053e-58
  5.54400000e-05   0.00000000e+00   0.00000000e+00   1.91521425e-12  -4.99898952e-28  -1.74229344e-26  -8.43339872e-58
  5.55200000e-05   0.00000000e+00   0.00000000e+00   1.97827842e-12  -5.16359626e-28  -1.79966368e-26  -8.99793495e-58
  5.56000000e-05   0.00000000e+00   0.00000000e+00   2.04134260e-12  -5.32820299e-28  -1.85703392e-26  -9.58075920e-58
  5.56800000e-05   0.00000000e+00   0.00000000e+00  -1.44325564e-13   3.76710847e-29   1.31294701e-27  -4.78806007e-60
  5.57600000e-05   0.00000000e+00   0.00000000e+00  -2.75141176e-13   7.18158743e-29   2.50299237e-27  -1.74032771e-59
  5.58400000e-05   0.00000000e+00   0.00000000e+00  -4.05956788e-13   1.05960664e-28   3.69303773e-27  -3.78875139e-59
  5.59200000e-05   0.00000000e+00   0.00000000e+00  -5.36772400e-13   1.40105453e-28   4.88308309e-27  -6.62407704e-59
  5.60000000e-05   0.00000000e+00   0.00000000e+00  -6.67588012e-13   1.74250243e-28   6.07312845e-27  -1.02463047e-58
  5.60800000e-05   0.00000000e+00   0.00000000e+00  -7.98403624e-13   2.08395033e-28   7.26317380e-27  -1.46554342e-58
  5.61600000e-05   0.00000000e+00   0.00000000e+00  -9.29219236e-13   2.42539822e-28   8.45321916e-27  -1.98514658e-58
  5.62400000e-05   0.00000000e+00   0.00000000e+00  -1.06003485e-12   2.76684612e-28   9.64326452e-27  -2.58343993e-58
  5.63200000e-05   0.00000000e+00   0.00000000e+00  -1.19085046e-12   3.10829401e-28   1.08333099e-26  -3.26042348e-58
  5.64000000e-05   0.00000000e+00   0.00000000e+00   7.41317941e-13  -1.93494833e-28  -6.74385848e-27  -1.26352146e-58
  5.64800000e-05   0.00000000e+00   0.00000000e+00   7.26854603e-13  -1.89719691e-28  -6.61228375e-27  -1.21469916e-58
  5.65600000e-05   0.00000000e+00   0.00000000e+00   7.12391265e-13  -1.85944548e-28  -6.48070903e-27  -1.16683879e-58
  5.66400000e-05   0.00000000e+00   0.00000000e+00   6.97927927e-13  -1.82169405e-28  -6.34913430e-27  -1.11994033e-58
  5.67200000e-05   0.00000000e+00   0.00000000e+00   6.83464589e-13  -1.78394262e-28  -6.21755957e-27  -1.07400379e-58
  5.68000000e-05   0.00000000e+00   0.00000000e+00   6.69001251e-13  -1.74619119e-28  -6.08598485e-27  -1.02902917e-58
  5.68800000e-05   0.00000000e+00   0.00000000e+00   6.54537913e-13  -1.70843976e-28  -5.95441012e-27  -9.85016476e-59
  5.69600000e-05   0.00000000e+00   0.00000000e+00   6.40074574e-13  -1.67068833e-28  -5.82283540e-27  -9.41965696e-59
  5.70400000e-05   0.00000000e+00   0.00000000e+00   6.25611236e-13  -1.63293690e-28  -5.69126067e-27  -8.99876836e-59
  5.71200000e-05   0.00000000e+00   0.00000000e+00   6.11147898e-13  -1.59518547e-28  -5.55968595e-27  -8.58749894e-59
  5.72000000e-05   0.00000000e+00   0.00000000e+00   2.13895978e-13  -5.58299812e-29  -1.94583744e-27  -1.05187255e-59
  5.72800000e-05   0.00000000e+00   0.00000000e+00   2.40680574e-13  -6.28211528e-29  -2.18950013e-27  -1.33180756e-59
  5.73600000e-05   0.00000000e+00   0.00000000e+00   2.67465170e-13  -6.98123244e-29  -2.43316282e-27  -1.64473176e-59
  5.74400000e-05   0.00000000e+00   0.00000000e+00   2.94249766e-13  -7.68034960e-29  -2.67682551e-27  -1.99064515e-59
  5.75200000e-05   0.00000000e+00   0.00000000e+00   3.21034361e-13  -8.37946676e-29  -2.92048820e-27  -2.36954773e-59
  5.76000000e-05   0.00000000e+00   0.00000000e+00   3.47818957e-13  -9.07858392e-29  -3.16415089e-27  -2.78143950e-59
  5.76800000e-05   0.00000000e+00   0.00000000e+00   3.74603553e-13  -9.77770108e-29  -3.40781358e-27  -3.22632047e-59
  5.77600000e-05   0.00000000e+00   0.00000000e+00   4.01388149e-13  -1.04768182e-28  -3.65147627e-27  -3.70419062e-59
  5.78400000e-05   0.00000000e+00   0.00000000e+00   4.28172745e-13  -1.11759354e-28  -3.89513896e-27  -4.21504997e-59
  5.79200000e-05   0.00000000e+00   0.00000000e+00   7.38402406e-13  -1.92733837e-28  -6.71733551e-27  -1.25360240e-58
  5.80000000e-05   0.00000000e+00   0.00000000e+00   7.23939068e-13  -1.88958694e-28  -6.58576078e-27  -1.20497401e-58
  5.80800000e-05   0.00000000e+00   0.00000000e+00   7.09475730e-13  -1.85183551e-28  -6.45418606e-27  -1.15730754e-58
  5.81600000e-05   0.00000000e+00   0.00000000e+00   8.87177390e-13  -2.31566286e-28  -8.07075944e-27  -1.80962925e-58
  5.82400000e-05   0.00000000e+00   0.00000000e+00   9.10087910e-13  -2.37546267e-28  -8.27917919e-27  -1.90430031e-58
  5.83200000e-05   0.00000000e+00   0.00000000e+00   9.32998429e-13  -2.43526248e-28  -8.48759894e-27  -2.00138500e-58
  5.84000000e-05   0.00000000e+00   0.00000000e+00   9.55908948e-13  -2.49506229e-28  -8.69601869e-27  -2.10088332e-58
  5.84800000e-05   0.00000000e+00   0.00000000e+00   9.78819468e-13  -2.55486210e-28  -8.90443844e-27  -2.20279528e-58
  5.85600000e-05   0.00000000e+00   0.00000000e+00   1.00172999e-12  -2.61466191e-28  -9.11285819e-27  -2.30712087e-58
  5.86400000e-05   0.00000000e+00   0.00000000e+00   1.01678569e-12  -2.65395950e-28  -9.24982176e-27  -2.37701629e-58
  5.87200000e-05   0.00000000e+00   0.00000000e+00   9.99713564e-13  -2.60939875e-28  -9.09451455e-27  -2.29786497e-58
  5.88000000e-05   0.00000000e+00   0.00000000e+00   9.82641435e-13  -2.56483799e-28  -8.93920734e-27  -2.22005388e-58
  5.88800000e-05   0.00000000e+00   0.00000000e+00   9.65569307e-13  -2.52027724e-28  -8.78390013e-27  -2.14358301e-58
  5.89600000e-05   0.00000000e+00   0.00000000e+00   9.48497178e-13  -2.47571648e-28  -8.62859292e-27  -2.06845236e-58
  5.90400000e-05   0.00000000e+00   0.00000000e+00   9.31425049e-13  -2.43115573e-28  -8.47328571e-27  -1.99466193e-58
  5.91200000e-05   0.00000000e+00   0.00000000e+00   9.14352920e-13  -2.38659497e-28  -8.31797850e-27  -1.92221172e-58
  5.92000000e-05   0.00000000e+00   0.00000000e+00   8.97280792e-13  -2.34203422e-28  -8.16267129e-27  -1.85110174e-58
  5.92800000e-05   0.00000000e+00   0.00000000e+00   8.80208663e-13  -2.29747347e-28  -8.00736409e-27  -1.78133198e-58
  5.93600000e-05   0.00000000e+00   0.00000000e+00   1.02100818e-12  -2.66498081e-28  -9.28823420e-27  -2.39677621e-58
  5.94400000e-05   0.00000000e+00   0.00000000e+00   1.04391870e-12  -2.72478062e-28  -9.49665395e-27  -2.50554640e-58
  5.95200000e-05   0.00000000e+00   0.00000000e+00   1.06682922e-12  -2.78458043e-28  -9.70507370e-27  -2.61673023e-58
  5.96000000e-05   0.00000000e+00   0.00000000e+00   1.08973974e-12  -2.84438024e-28  -9.91349345e-27  -2.73032769e-58
  5.96800000e-05   0.00000000e+00   0.00000000e+00   1.11265025e-12  -2.90418005e-28  -1.01219132e-26  -2.84633878e-58
  5.97600000e-05   0.00000000e+00   0.00000000e+00   1.13556077e-12  -2.96397986e-28  -1.03303330e-26  -2.96476350e-58
  5.98400000e-05   0.00000000e+00   0.00000000e+00   1.15847129e-12  -3.02377967e-28  -1.05387527e-26  -3.08560186e-58
  5.99200000e-05   0.00000000e+00   0.00000000e+00   3.43156651e-13  -8.95689096e-29  -3.12173733e-27  -2.70751748e-59
  6.00000000e-05   0.00000000e+00   0.00000000e+00   2.95916957e-13  -7.72386579e-29  -2.69199215e-27  -2.01339283e-59
  6.00800000e-05   0.00000000e+00   0.00000000e+00   6.43060942e-13  -1.67848320e-28  -5.85000274e-27  -9.50758184e-59
  6.01600000e-05   0.00000000e+00   0.00000000e+00   6.76664773e-13  -1.76619412e-28  -6.15570084e-27  -1.05272085e-58
  6.02400000e-05   0.00000000e+00   0.00000000e+00   7.10268605e-13  -1.85390504e-28  -6.46139894e-27  -1.15987605e-58
  6.03200000e-05   0.00000000e+00   0.00000000e+00   7.43872437e-13  -1.94161596e-28  -6.76709704e-27  -1.27222378e-58
  6.04000000e-05   0.00000000e+00   0.00000000e+00   7.77476268e-13  -2.02932688e-28  -7.07279513e-27  -1.38976405e-58
  6.04800000e-05   0.00000000e+00   0.00000000e+00   8.11080100e-13  -2.11703780e-28  -7.37849323e-27  -1.51249684e-58
  6.05600000e-05   0.00000000e+00   0.00000000e+00   8.44683932e-13  -2.20474872e-28  -7.68419133e-27  -1.64042216e-58
  6.06400000e-05   0.00000000e+00   0.00000000e+00   8.78287763e-13  -2.29245965e-28  -7.98988943e-27  -1.77354002e-58
  6.07200000e-05   0.00000000e+00   0.00000000e+00   9.11891595e-13  -2.38017057e-28  -8.29558753e-27  -1.91185040e-58
  6.08000000e-05   0.00000000e+00   0.00000000e+00   9.45495427e-13  -2.46788149e-28  -8.60128563e-27  -2.05535332e-58
  6.08800000e-05   0.00000000e+00   0.00000000e+00   3.14290363e-13  -8.20343860e-29  -2.85913724e-27  -2.27117150e-59
  6.09600000e-05   0.00000000e+00   0.00000000e+00   2.67050669e-13  -6.97041343e-29  -2.42939206e-27  -1.63975147e-59
  6.10400000e-05   0.00000000e+00   0.00000000e+00   2.19810975e-13  -5.73738826e-29  -1.99964688e-27  -1.11094756e-59
  6.11200000e-05   0.00000000e+00   0.00000000e+00   1.72571281e-13  -4.50436310e-29  -1.56990171e-27  -6.84759790e-60
  6.12000000e-05   0.00000000e+00   0.00000000e+00   1.25331588e-13  -3.27133793e-29  -1.14015653e-27  -3.61188144e-60
  6.12800000e-05   0.00000000e+00   0.00000000e+00   7.80918938e-14  -2.03831276e-29  -7.10411352e-28  -1.40232626e-60
  6.13600000e-05   0.00000000e+00   0.00000000e+00   3.08522000e-14  -8.05287589e-30  -2.80666175e-28  -2.18932374e-61
  6.14400000e-05   0.00000000e+00   0.00000000e+00  -1.63874938e-14   4.27737580e-30   1.49079002e-28  -6.16997670e-62
  6.15200000e-05   0.00000000e+00   0.00000000e+00  -6.36271876e-14   1.66076275e-29   5.78824179e-28  -9.30628444e-61
  6.16000000e-05   0.00000000e+00   0.00000000e+00   7.43523706e-13  -1.94070573e-28  -6.76392459e-27  -1.27103121e-58
  6.16800000e-05   0.00000000e+00   0.00000000e+00   8.04713385e-13  -2.10041975e-28  -7.32057446e-27  -1.48887581e-58
  6.17600000e-05   0.00000000e+00   0.00000000e+00   7.71042322e-13  -2.01253335e-28  -7.01426475e-27  -1.36688714e-58
  6.18400000e-05   0.00000000e+00   0.00000000e+00   7.37371259e-13  -1.92464694e-28  -6.70795504e-27  -1.25011179e-58
  6.19200000e-05   0.00000000e+00   0.00000000e+00   7.03700196e-13  -1.83676054e-28  -6.40164533e-27  -1.13854977e-58
  6.20000000e-05   0.00000000e+00   0.00000000e+00   6.70029133e-13  -1.74887413e-28  -6.09533562e-27  -1.03220108e-58
  6.20800000e-05   0.00000000e+00   0.00000000e+00   6.36358070e-13  -1.66098773e-28  -5.78902591e-27  -9.31065723e-59
  6.21600000e-05   0.00000000e+00   0.00000000e+00   6.02687007e-13  -1.57310133e-28  -5.48271620e-27  -8.35143692e-59
  6.22400000e-05   0.00000000e+00   0.00000000e+00   5.69015944e-13  -1.48521492e-28  -5.17640649e-27  -7.44434989e-59
  6.23200000e-05   0.00000000e+00   0.00000000e+00   8.23891575e-13  -2.15047764e-28  -7.49504077e-27  -1.56065376e-58
  6.24000000e-05   0.00000000e+00   0.00000000e+00   8.62146378e-13  -2.25032827e-28  -7.84304930e-27  -1.70894734e-58
  6.24800000e-05   0.00000000e+00   0.00000000e+00   9.00401180e-13  -2.35017891e-28  -8.19105784e-27  -1.86397026e-58
  6.25600000e-05   0.00000000e+00   0.00000000e+00   9.38655982e-13  -2.45002954e-28  -8.53906638e-27  -2.02572254e-58
  6.26400000e-05   0.00000000e+00   0.00000000e+00   9.76910784e-13  -2.54988018e-28  -8.88707491e-27  -2.19420418e-58
  6.27200000e-05   0.00000000e+00   0.00000000e+00   1.01516559e-12  -2.64973081e-28  -9.23508345e-27  -2.36941517e-58
  6.28000000e-05   0.00000000e+00   0.00000000e+00   1.05342039e-12  -2.74958145e-28  -9.58309199e-27  -2.55135551e-58
  6.28800000e-05   0.00000000e+00   0.00000000e+00   1.09167519e-12  -2.84943208e-28  -9.93110053e-27  -2.74002521e-58
  6.29600000e-05   0.00000000e+00   0.00000000e+00   1.12992999e-12  -2.94928272e-28  -1.02791091e-26  -2.93542426e-58
  6.30400000e-05   0.00000000e+00   0.00000000e+00   6.96313612e-13  -1.81748048e-28  -6.33444868e-27  -1.11477315e-58
  6.31200000e-05   0.00000000e+00   0.00000000e+00   6.62642549e-13  -1.72959407e-28  -6.02813897e-27  -1.00956814e-58
  6.32000000e-05   0.00000000e+00   0.00000000e+00   6.28971485e-13  -1.64170767e-28  -5.72182926e-27  -9.09576451e-59
  6.32800000e-05   0.00000000e+00   0.00000000e+00   5.95300422e-13  -1.55382126e-28  -5.41551955e-27  -8.14798093e-59
  6.33600000e-05   0.00000000e+00   0.00000000e+00   5.61629359e-13  -1.46593486e-28  -5.10920984e-27  -7.25233064e-59
  6.34400000e-05   0.00000000e+00   0.00000000e+00   8.34709045e-13  -2.17871282e-28  -7.59344859e-27  -1.60191305e-58
  6.35200000e-05   0.00000000e+00   0.00000000e+00   8.56101073e-13  -2.23454915e-28  -7.78805444e-27  -1.68507351e-58
  6.36000000e-05   0.00000000e+00   0.00000000e+00   8.77493101e-13  -2.29038548e-28  -7.98266029e-27  -1.77033826e-58
  6.36800000e-05   0.00000000e+00   0.00000000e+00   8.98885129e-13  -2.34622180e-28  -8.17726614e-27  -1.85770731e-58
  6.37600000e-05   0.00000000e+00   0.00000000e+00   7.28634060e-13  -1.90184158e-28  -6.62847169e-27  -1.22066210e-58
  6.38400000e-05   0.00000000e+00   0.00000000e+00   6.94793790e-13  -1.81351352e-28  -6.32062268e-27  -1.10991220e-58
  6.39200000e-05   0.00000000e+00   0.00000000e+00   6.60953521e-13  -1.72518547e-28  -6.01277368e-27  -1.00442816e-58
  6.40000000e-05   0.00000000e+00   0.00000000e+00   6.27113251e-13  -1.63685741e-28  -5.70492468e-27  -9.04209979e-59
  6.40800000e-05   0.00000000e+00   0.00000000e+00   5.93272982e-13  -1.54852935e-28  -5.39707568e-27  -8.09257654e-59
  6.41600000e-05   0.00000000e+00   0.00000000e+00   5.59432712e-13  -1.46020129e-28  -5.08922668e-27  -7.19571186e-59
  6.42400000e-05   0.00000000e+00   0.00000000e+00   5.25592443e-13  -1.37187323e-28  -4.78137767e-27  -6.35150576e-59
  6.43200000e-05   0.00000000e+00   0.00000000e+00   4.91752173e-13  -1.28354518e-28  -4.47352867e-27  -5.55995823e-59
  6.44000000e-05   0.00000000e+00   0.00000000e+00   4.57911904e-13  -1.19521712e-28  -4.16567967e-27  -4.82106928e-59
  6.44800000e-05   0.00000000e+00   0.00000000e+00   6.28541009e-13  -1.64058407e-28  -5.71791317e-27  -9.08311941e-59
  6.45600000e-05   0.00000000e+00   0.00000000e+00   6.49933037e-13  -1.69642039e-28  -5.91251902e-27  -9.71192086e-59
  6.46400000e-05   0.00000000e+00   0.00000000e+00   6.71325065e-13  -1.75225672e-28  -6.10712487e-27  -1.03617652e-58
  6.47200000e-05   0.00000000e+00   0.00000000e+00   6.92717093e-13  -1.80809304e-28  -6.30173072e-27  -1.10326524e-58
  6.48000000e-05   0.00000000e+00   0.00000000e+00   7.14109121e-13  -1.86392937e-28  -6.49633657e-27  -1.17245826e-58
  6.48800000e-05   0.00000000e+00   0.00000000e+00   7.35501149e-13  -1.91976569e-28  -6.69094242e-27  -1.24375556e-58
  6.49600000e-05   0.00000000e+00   0.00000000e+00   7.56893177e-13  -1.97560202e-28  -6.88554827e-27  -1.31715715e-58
  6.50400000e-05   0.00000000e+00   0.00000000e+00   7.78285204e-13  -2.03143835e-28  -7.08015412e-27  -1.39266303e-58
  6.51200000e-05   0.00000000e+00   0.00000000e+00   7.99677232e-13  -2.08727467e-28  -7.27475997e-27  -1.47027320e-58
  6.52000000e-05   0.00000000e+00   0.00000000e+00   1.10393936e-12  -2.88144338e-28  -1.00426692e-26  -2.80192932e-58
  6.52800000e-05   0.00000000e+00   0.00000000e+00   7.82463431e-13  -2.04234413e-28  -7.11816395e-27  -1.40766665e-58
  6.53600000e-05   0.00000000e+00   0.00000000e+00   7.80733023e-13  -2.03782751e-28  -7.10242222e-27  -1.40144746e-58
  6.54400000e-05   0.00000000e+00   0.00000000e+00   7.79002614e-13  -2.03331089e-28  -7.08668048e-27  -1.39524204e-58
  6.55200000e-05   0.00000000e+00   0.00000000e+00   7.77272205e-13  -2.02879427e-28  -7.07093875e-27  -1.38905038e-58
  6.56000000e-05   0.00000000e+00   0.00000000e+00   7.75541796e-13  -2.02427765e-28  -7.05519701e-27  -1.38287250e-58
  6.56800000e-05   0.00000000e+00   0.00000000e+00   7.73811388e-13  -2.01976103e-28  -7.03945527e-27  -1.37670839e-58
  6.57600000e-05   0.00000000e+00   0.00000000e+00   7.72080979e-13  -2.01524441e-28  -7.02371354e-27  -1.37055804e-58
  6.58400000e-05   0.00000000e+00   0.00000000e+00   7.70350570e-13  -2.01072779e-28  -7.00797180e-27  -1.36442146e-58
  6.59200000e-05   0.00000000e+00   0.00000000e+00   7.68620161e-13  -2.00621117e-28  -6.99223006e-27  -1.35829865e-58
  6.60000000e-05   0.00000000e+00   0.00000000e+00   1.22434298e-12  -3.19571447e-28  -1.11379954e-26  -3.44646125e-58
  6.60800000e-05   0.00000000e+00   0.00000000e+00   1.27255717e-12  -3.32156055e-28  -1.15766056e-26  -3.72324804e-58
  6.61600000e-05   0.00000000e+00   0.00000000e+00   1.32077135e-12  -3.44740662e-28  -1.20152158e-26  -4.01072417e-58
  6.62400000e-05   0.00000000e+00   0.00000000e+00   1.36898553e-12  -3.57325269e-28  -1.24538260e-26  -4.30888964e-58
  6.63200000e-05   0.00000000e+00   0.00000000e+00   1.41719971e-12  -3.69909877e-28  -1.28924362e-26  -4.61774446e-58
  6.64000000e-05   0.00000000e+00   0.00000000e+00   1.46541389e-12  -3.82494484e-28  -1.33310464e-26  -4.93728862e-58
  6.64800000e-05   0.00000000e+00   0.00000000e+00   1.51362807e-12  -3.95079092e-28  -1.37696566e-26  -5.26752213e-58
  6.65600000e-05   0.00000000e+00   0.00000000e+00   1.56184225e-12  -4.07663699e-28  -1.42082668e-26  -5.60844498e-58
  6.66400000e-05   0.00000000e+00   0.00000000e+00   1.61005643e-12  -4.20248306e-28  -1.46468770e-26  -5.96005718e-58
  6.67200000e-05   0.00000000e+00   0.00000000e+00   1.11305426e-12  -2.90523461e-28  -1.01255885e-26  -2.84842194e-58
  6.68000000e-05   0.00000000e+00   0.00000000e+00   1.11132385e-12  -2.90071799e-28  -1.01098467e-26  -2.83957223e-58
  6.68800000e-05   0.00000000e+00   0.00000000e+00   1.10959344e-12  -2.89620138e-28  -1.00941050e-26  -2.83073629e-58
  6.69600000e-05   0.00000000e+00   0.00000000e+00   8.85283897e-13  -2.31072062e-28  -8.05353410e-27  -1.80193216e-58
  6.70400000e-05   0.00000000e+00   0.00000000e+00   8.70397845e-13  -2.27186584e-28  -7.91811389e-27  -1.74184278e-58
  6.71200000e-05   0.00000000e+00   0.00000000e+00   8.55511792e-13  -2.23301106e-28  -7.78269368e-27  -1.68277237e-58
  6.72000000e-05   0.00000000e+00   0.00000000e+00   8.40625740e-13  -2.19415629e-28  -7.64727347e-27  -1.62472092e-58
  6.72800000e-05   0.00000000e+00   0.00000000e+00   8.25739688e-13  -2.15530151e-28  -7.51185327e-27  -1.56768844e-58
  6.73600000e-05   0.00000000e+00   0.00000000e+00   8.10853635e-13  -2.11644674e-28  -7.37643306e-27  -1.51167493e-58
  6.74400000e-05   0.00000000e+00   0.00000000e+00   9.23784602e-13  -2.41121310e-28  -8.40377965e-27  -1.96208151e-58
  6.75200000e-05   0.00000000e+00   0.00000000e+00   8.88681639e-13  -2.31958922e-28  -8.08444377e-27  -1.81580073e-58
  6.76000000e-05   0.00000000e+00   0.00000000e+00   8.53578676e-13  -2.22796535e-28  -7.76510789e-27  -1.67518610e-58
  6.76800000e-05   0.00000000e+00   0.00000000e+00   8.18475713e-13  -2.13634148e-28  -7.44577201e-27  -1.54023764e-58
  6.77600000e-05   0.00000000e+00   0.00000000e+00   7.83372750e-13  -2.04471760e-28  -7.12643614e-27  -1.41095534e-58
