     timestep     time              x             y              z              vx             vy             vz             ax             ay             az         v_magnitude      ELoss        Electronic      Nuclear
           0   0.000000e+00   1.000000e-01   1.398577e+01   1.911031e+01   7.416804e+04   4.401924e+04   1.195706e+05   0.000000e+00   0.000000e+00   0.000000e+00   1.474304e+05   0.000000e+00   0.000000e+00   0.000000e+00
        8000   7.999000e-08   1.059334e-01   1.398929e+01   1.911987e+01   7.416804e+04   4.401924e+04   1.195706e+05   0.000000e+00   0.000000e+00   0.000000e+00   1.474304e+05   0.000000e+00   0.000000e+00   0.000000e+00
       16000   1.599900e-07   1.118669e-01   1.399281e+01   1.912944e+01   7.416804e+04   4.401924e+04   1.195706e+05   0.000000e+00   0.000000e+00   0.000000e+00   1.474304e+05   0.000000e+00   0.000000e+00   0.000000e+00
       24000   2.399900e-07   1.178003e-01   1.399633e+01   1.913900e+01   7.416804e+04   4.401924e+04   1.195706e+05   0.000000e+00   0.000000e+00   0.000000e+00   1.474304e+05   0.000000e+00   0.000000e+00   0.000000e+00
       32000   3.199900e-07   1.237338e-01   1.399985e+01   1.914857e+01   7.416804e+04   4.401924e+04   1.195706e+05   0.000000e+00   0.000000e+00   0.000000e+00   1.474304e+05   0.000000e+00   0.000000e+00   0.000000e+00
       40000   3.999900e-07   1.296672e-01   1.400337e+01   1.915814e+01   7.416804e+04   4.401924e+04   1.195706e+05   0.000000e+00   0.000000e+00   0.000000e+00   1.474304e+05   0.000000e+00   0.000000e+00   0.000000e+00
       48000   4.799900e-07   1.356007e-01   1.400689e+01   1.916770e+01   7.416804e+04   4.401924e+04   1.195706e+05   0.000000e+00   0.000000e+00   0.000000e+00   1.474304e+05   0.000000e+00   0.000000e+00   0.000000e+00
       56000   5.599900e-07   1.415341e-01   1.401042e+01   1.917727e+01   7.416804e+04   4.401924e+04   1.195706e+05   0.000000e+00   0.000000e+00   0.000000e+00   1.474304e+05   0.000000e+00   0.000000e+00   0.000000e+00
       64000   6.399900e-07   1.474675e-01   1.401394e+01   1.918683e+01   7.416804e+04   4.401924e+04   1.195706e+05   0.000000e+00   0.000000e+00   0.000000e+00   1.474304e+05   0.000000e+00   0.000000e+00   0.000000e+00
       72000   7.199900e-07   1.534010e-01   1.401746e+01   1.919640e+01   7.416804e+04   4.401924e+04   1.195706e+05   0.000000e+00   0.000000e+00   0.000000e+00   1.474304e+05   0.000000e+00   0.000000e+00   0.000000e+00
       80000   7.999900e-07   1.593344e-01   1.402098e+01   1.920596e+01   7.416804e+04   4.401924e+04   1.195706e+05   0.000000e+00   0.000000e+00   0.000000e+00   1.474304e+05   0.000000e+00   0.000000e+00   0.000000e+00
       88000   8.799900e-07   1.652679e-01   1.402450e+01   1.921553e+01   7.416804e+04   4.401924e+04   1.195706e+05   0.000000e+00   0.000000e+00   0.000000e+00   1.474304e+05   0.000000e+00   0.000000e+00   0.000000e+00
       96000   9.599900e-07   1.712013e-01   1.402802e+01   1.922510e+01   7.416804e+04   4.401924e+04   1.195706e+05   0.000000e+00   0.000000e+00   0.000000e+00   1.474304e+05   0.000000e+00   0.000000e+00   0.000000e+00
      104000   1.039990e-06   1.771348e-01   1.403155e+01   1.923466e+01   7.416804e+04   4.401924e+04   1.195706e+05   0.000000e+00   0.000000e+00   0.000000e+00   1.474304e+05   0.000000e+00   0.000000e+00   0.000000e+00
      112000   1.119990e-06   1.830682e-01   1.403507e+01   1.924423e+01   7.416804e+04   4.401924e+04   1.195706e+05   0.000000e+00   0.000000e+00   0.000000e+00   1.474304e+05   0.000000e+00   0.000000e+00   0.000000e+00
      120000   1.199990e-06   1.890016e-01   1.403859e+01   1.925379e+01   7.416804e+04   4.401924e+04   1.195706e+05   0.000000e+00   0.000000e+00   0.000000e+00   1.474304e+05   0.000000e+00   0.000000e+00   0.000000e+00
      128000   1.279990e-06   1.949351e-01   1.404211e+01   1.926336e+01   7.416804e+04   4.401924e+04   1.195706e+05   0.000000e+00   0.000000e+00   0.000000e+00   1.474304e+05   0.000000e+00   0.000000e+00   0.000000e+00
      136000   1.359990e-06   2.008685e-01   1.404563e+01   1.927292e+01   7.416804e+04   4.401924e+04   1.195706e+05   0.000000e+00   0.000000e+00   0.000000e+00   1.474304e+05   0.000000e+00   0.000000e+00   0.000000e+00
      144000   1.439990e-06   2.068020e-01   1.404915e+01   1.928249e+01   7.416804e+04   4.401924e+04   1.195706e+05   0.000000e+00   0.000000e+00   0.000000e+00   1.474304e+05   0.000000e+00   0.000000e+00   0.000000e+00
      152000   1.519990e-06   2.127354e-01   1.405267e+01   1.929206e+01   7.416804e+04   4.401924e+04   1.195706e+05   0.000000e+00   0.000000e+00   0.000000e+00   1.474304e+05   0.000000e+00   0.000000e+00   0.000000e+00
      160000   1.599990e-06   2.186689e-01   1.405620e+01   1.930162e+01   7.416804e+04   4.401924e+04   1.195706e+05   0.000000e+00   0.000000e+00   0.000000e+00   1.474304e+05   0.000000e+00   0.000000e+00   0.000000e+00
      168000   1.679990e-06   2.246023e-01   1.405972e+01   1.931119e+01   7.416804e+04   4.401924e+04   1.195706e+05   0.000000e+00   0.000000e+00   0.000000e+00   1.474304e+05   0.000000e+00   0.000000e+00   0.000000e+00
      176000   1.759990e-06   2.305357e-01   1.406324e+01   1.932075e+01   7.416804e+04   4.401924e+04   1.195706e+05   0.000000e+00   0.000000e+00   0.000000e+00   1.474304e+05   0.000000e+00   0.000000e+00   0.000000e+00
      184000   1.839990e-06   2.364692e-01   1.406676e+01   1.933032e+01   7.416804e+04   4.401924e+04   1.195706e+05   0.000000e+00   0.000000e+00   0.000000e+00   1.474304e+05   0.000000e+00   0.000000e+00   0.000000e+00
      192000   1.919990e-06   2.424026e-01   1.407028e+01   1.933988e+01   7.416804e+04   4.401924e+04   1.195706e+05   0.000000e+00   0.000000e+00   0.000000e+00   1.474304e+05   0.000000e+00   0.000000e+00   0.000000e+00
      200000   1.999990e-06   2.483361e-01   1.407380e+01   1.934945e+01   7.416804e+04   4.401924e+04   1.195706e+05   0.000000e+00   0.000000e+00   0.000000e+00   1.474304e+05   0.000000e+00   0.000000e+00   0.000000e+00
      208000   2.079990e-06   2.542695e-01   1.407733e+01   1.935901e+01   7.416804e+04   4.401924e+04   1.195706e+05   0.000000e+00   0.000000e+00   0.000000e+00   1.474304e+05   0.000000e+00   0.000000e+00   0.000000e+00
      216000   2.159990e-06   2.602030e-01   1.408085e+01   1.936858e+01   7.416804e+04   4.401924e+04   1.195706e+05   0.000000e+00   0.000000e+00   0.000000e+00   1.474304e+05   0.000000e+00   0.000000e+00   0.000000e+00
      224000   2.239990e-06   2.661364e-01   1.408437e+01   1.937815e+01   7.416804e+04   4.401924e+04   1.195706e+05   0.000000e+00   0.000000e+00   0.000000e+00   1.474304e+05   0.000000e+00   0.000000e+00   0.000000e+00
      232000   2.319990e-06   2.720698e-01   1.408789e+01   1.938771e+01   7.416804e+04   4.401924e+04   1.195706e+05   0.000000e+00   0.000000e+00   0.000000e+00   1.474304e+05   0.000000e+00   0.000000e+00   0.000000e+00
      240000   2.399990e-06   2.780033e-01   1.409141e+01   1.939728e+01   7.416804e+04   4.401924e+04   1.195706e+05   0.000000e+00   0.000000e+00   0.000000e+00   1.474304e+05   0.000000e+00   0.000000e+00   0.000000e+00
      248000   2.479990e-06   2.839367e-01   1.409493e+01   1.940684e+01   7.416804e+04   4.401924e+04   1.195706e+05   0.000000e+00   0.000000e+00   0.000000e+00   1.474304e+05   0.000000e+00   0.000000e+00   0.000000e+00
      256000   2.559990e-06   2.898702e-01   1.409845e+01   1.941641e+01   7.416804e+04   4.401924e+04   1.195706e+05   0.000000e+00   0.000000e+00   0.000000e+00   1.474304e+05   0.000000e+00   0.000000e+00   0.000000e+00
      264000   2.639990e-06   2.958036e-01   1.410198e+01   1.942597e+01   7.416804e+04   4.401924e+04   1.195706e+05   0.000000e+00   0.000000e+00   0.000000e+00   1.474304e+05   0.000000e+00   0.000000e+00   0.000000e+00
      272000   2.719990e-06   3.017371e-01   1.410550e+01   1.943554e+01   7.416804e+04   4.401924e+04   1.195706e+05   0.000000e+00   0.000000e+00   0.000000e+00   1.474304e+05   0.000000e+00   0.000000e+00   0.000000e+00
      280000   2.799990e-06   3.076705e-01   1.410902e+01   1.944511e+01   7.416804e+04   4.401924e+04   1.195706e+05   0.000000e+00   0.000000e+00   0.000000e+00   1.474304e+05   0.000000e+00   0.000000e+00   0.000000e+00
      288000   2.879990e-06   3.136040e-01   1.411254e+01   1.945467e+01   7.416804e+04   4.401924e+04   1.195706e+05   0.000000e+00   0.000000e+00   0.000000e+00   1.474304e+05   0.000000e+00   0.000000e+00   0.000000e+00
      296000   2.959990e-06   3.195374e-01   1.411606e+01   1.946424e+01   7.416804e+04   4.401924e+04   1.195706e+05   0.000000e+00   0.000000e+00   0.000000e+00   1.474304e+05   0.000000e+00   0.000000e+00   0.000000e+00
      304000   3.039990e-06   3.254708e-01   1.411958e+01   1.947380e+01   7.416804e+04   4.401924e+04   1.195706e+05   0.000000e+00   0.000000e+00   0.000000e+00   1.474304e+05   0.000000e+00   0.000000e+00   0.000000e+00
      312000   3.119990e-06   3.314043e-01   1.412311e+01   1.948337e+01   7.416804e+04   4.401924e+04   1.195706e+05   0.000000e+00   0.000000e+00   0.000000e+00   1.474304e+05   0.000000e+00   0.000000e+00   0.000000e+00
      320000   3.199990e-06   3.373377e-01   1.412663e+01   1.949293e+01   7.416804e+04   4.401924e+04   1.195706e+05   0.000000e+00   0.000000e+00   0.000000e+00   1.474304e+05   0.000000e+00   0.000000e+00   0.000000e+00
      328000   3.279990e-06   3.432712e-01   1.413015e+01   1.950250e+01   7.416804e+04   4.401924e+04   1.195706e+05   0.000000e+00   0.000000e+00   0.000000e+00   1.474304e+05   0.000000e+00   0.000000e+00   0.000000e+00
      336000   3.359990e-06   3.492046e-01   1.413367e+01   1.951207e+01   7.416804e+04   4.401924e+04   1.195706e+05   0.000000e+00   0.000000e+00   0.000000e+00   1.474304e+05   0.000000e+00   0.000000e+00   0.000000e+00
      344000   3.439990e-06   3.551381e-01   1.413719e+01   1.952163e+01   7.416804e+04   4.401924e+04   1.195706e+05   0.000000e+00   0.000000e+00   0.000000e+00   1.474304e+05   0.000000e+00   0.000000e+00   0.000000e+00
      352000   3.519990e-06   3.610715e-01   1.414071e+01   1.953120e+01   7.416804e+04   4.401924e+04   1.195706e+05   0.000000e+00   0.000000e+00   0.000000e+00   1.474304e+05   0.000000e+00   0.000000e+00   0.000000e+00
      360000   3.599990e-06   3.670049e-01   1.414423e+01   1.954076e+01   7.416804e+04   4.401924e+04   1.195706e+05   0.000000e+00   0.000000e+00   0.000000e+00   1.474304e+05   0.000000e+00   0.000000e+00   0.000000e+00
      368000   3.679990e-06   3.729384e-01   1.414776e+01   1.955033e+01   7.416804e+04   4.401924e+04   1.195706e+05   0.000000e+00   0.000000e+00   0.000000e+00   1.474304e+05   0.000000e+00   0.000000e+00   0.000000e+00
      376000   3.759990e-06   3.788718e-01   1.415128e+01   1.955989e+01   7.416804e+04   4.401924e+04   1.195706e+05   0.000000e+00   0.000000e+00   0.000000e+00   1.474304e+05   0.000000e+00   0.000000e+00   0.000000e+00
      384000   3.839990e-06   3.848053e-01   1.415480e+01   1.956946e+01   7.416804e+04   4.401924e+04   1.195706e+05   0.000000e+00   0.000000e+00   0.000000e+00   1.474304e+05   0.000000e+00   0.000000e+00   0.000000e+00
      392000   3.919990e-06   3.907387e-01   1.415832e+01   1.957902e+01   7.416804e+04   4.401924e+04   1.195706e+05   0.000000e+00   0.000000e+00   0.000000e+00   1.474304e+05   0.000000e+00   0.000000e+00   0.000000e+00
      400000   3.999990e-06   3.966722e-01   1.416184e+01   1.958859e+01   7.416804e+04   4.401924e+04   1.195706e+05   0.000000e+00   0.000000e+00   0.000000e+00   1.474304e+05   0.000000e+00   0.000000e+00   0.000000e+00
      408000   4.079990e-06   4.026056e-01   1.416536e+01   1.959816e+01   7.416796e+04   4.401942e+04   1.195706e+05  -2.322744e+06   5.269187e+06  -4.990642e+05   1.474304e+05   2.587340e-33   0.000000e+00   0.000000e+00
      416000   4.159990e-06   4.085390e-01   1.416889e+01   1.960772e+01   7.416787e+04   4.401962e+04   1.195705e+05  -9.031315e+05   2.048770e+06  -1.940508e+05   1.474304e+05   3.911431e-34   0.000000e+00   0.000000e+00
      424000   4.239990e-06   4.144725e-01   1.417241e+01   1.961729e+01   7.416779e+04   4.401981e+04   1.195705e+05  -1.136414e+06   2.577977e+06  -2.441797e+05   1.474304e+05   6.193168e-34   0.000000e+00   0.000000e+00
      432000   4.319990e-06   4.204059e-01   1.417593e+01   1.962685e+01   7.416769e+04   4.402003e+04   1.195705e+05  -1.369697e+06   3.107182e+06  -2.943119e+05   1.474304e+05   8.996886e-34   0.000000e+00   0.000000e+00
      440000   4.399990e-06   4.263393e-01   1.417945e+01   1.963642e+01   7.416757e+04   4.402030e+04   1.195705e+05  -1.602978e+06   3.636386e+06  -3.444479e+05   1.474304e+05   1.232258e-33   0.000000e+00   0.000000e+00
      448000   4.479990e-06   4.322727e-01   1.418297e+01   1.964598e+01   7.416743e+04   4.402061e+04   1.195704e+05  -1.836260e+06   4.165589e+06  -3.945885e+05   1.474304e+05   1.617025e-33   0.000000e+00   0.000000e+00
      456000   4.559990e-06   4.382061e-01   1.418649e+01   1.965555e+01   7.416728e+04   4.402097e+04   1.195704e+05  -2.069540e+06   4.694790e+06  -4.447342e+05   1.474304e+05   2.053989e-33   0.000000e+00   0.000000e+00
      464000   4.639990e-06   4.441394e-01   1.419001e+01   1.966512e+01   7.416710e+04   4.402137e+04   1.195704e+05  -2.302820e+06   5.223990e+06  -4.948858e+05   1.474304e+05   2.543150e-33   0.000000e+00   0.000000e+00
      472000   4.719990e-06   4.500728e-01   1.419354e+01   1.967468e+01   7.416691e+04   4.402180e+04   1.195703e+05  -2.536099e+06   5.753188e+06  -5.450439e+05   1.474304e+05   3.084506e-33   0.000000e+00   0.000000e+00
      480000   4.799990e-06   4.560062e-01   1.419706e+01   1.968425e+01   7.416670e+04   4.402229e+04   1.195703e+05  -2.769377e+06   6.282383e+06  -5.952091e+05   1.474304e+05   3.678058e-33   0.000000e+00   0.000000e+00
      488000   4.879990e-06   4.619395e-01   1.420058e+01   1.969381e+01   7.416628e+04   4.402323e+04   1.195702e+05  -1.696409e+07   3.882959e+07  -3.773855e+06   1.474304e+05   1.401574e-31   0.000000e+00   0.000000e+00
      496000   4.959990e-06   4.678727e-01   1.420410e+01   1.970338e+01   7.416509e+04   4.402595e+04   1.195699e+05  -9.933229e+06   2.270522e+07  -2.198880e+06   1.474304e+05   4.794283e-32   0.000000e+00   0.000000e+00
      504000   5.039990e-06   4.738059e-01   1.420762e+01   1.971294e+01   7.416431e+04   4.402773e+04   1.195698e+05  -9.516473e+06   2.175237e+07  -2.106926e+06   1.474304e+05   4.400359e-32   0.000000e+00   0.000000e+00
      512000   5.119990e-06   4.797390e-01   1.421115e+01   1.972251e+01   7.416357e+04   4.402943e+04   1.195696e+05  -9.099711e+06   2.079950e+07  -2.014920e+06   1.474304e+05   4.023313e-32   0.000000e+00   0.000000e+00
      520000   5.199990e-06   4.856721e-01   1.421467e+01   1.973207e+01   7.416286e+04   4.403106e+04   1.195694e+05  -8.682943e+06   1.984662e+07  -1.922866e+06   1.474304e+05   3.663146e-32   0.000000e+00   0.000000e+00
      528000   5.279990e-06   4.916051e-01   1.421819e+01   1.974164e+01   7.416218e+04   4.403261e+04   1.195693e+05  -8.266170e+06   1.889373e+07  -1.830764e+06   1.474304e+05   3.319858e-32   0.000000e+00   0.000000e+00
      536000   5.359990e-06   4.975380e-01   1.422171e+01   1.975121e+01   7.416153e+04   4.403408e+04   1.195691e+05  -7.849390e+06   1.794083e+07  -1.738618e+06   1.474304e+05   2.993451e-32   0.000000e+00   0.000000e+00
      544000   5.439990e-06   5.034709e-01   1.422524e+01   1.976077e+01   7.416050e+04   4.403644e+04   1.195689e+05  -1.717580e+07   3.925147e+07  -3.803072e+06   1.474304e+05   1.432849e-31   0.000000e+00   0.000000e+00
      552000   5.519990e-06   5.094037e-01   1.422876e+01   1.977034e+01   7.415905e+04   4.403977e+04   1.195686e+05  -1.922841e+07   4.393542e+07  -4.256514e+06   1.474304e+05   1.795315e-31   0.000000e+00   0.000000e+00
      560000   5.599990e-06   5.153364e-01   1.423228e+01   1.977990e+01   7.415742e+04   4.404347e+04   1.195682e+05  -2.128101e+07   4.861936e+07  -4.710452e+06   1.474304e+05   2.198610e-31   0.000000e+00   0.000000e+00
      568000   5.679990e-06   5.212689e-01   1.423581e+01   1.978947e+01   7.415564e+04   4.404755e+04   1.195678e+05  -2.333360e+07   5.330328e+07  -5.164938e+06   1.474304e+05   2.642736e-31   0.000000e+00   0.000000e+00
      576000   5.759990e-06   5.272013e-01   1.423933e+01   1.979903e+01   7.415369e+04   4.405200e+04   1.195674e+05  -2.538619e+07   5.798719e+07  -5.620025e+06   1.474304e+05   3.127694e-31   0.000000e+00   0.000000e+00
      584000   5.839990e-06   5.331335e-01   1.424286e+01   1.980860e+01   7.415200e+04   4.405588e+04   1.195670e+05  -2.059101e+07   4.708561e+07  -4.579297e+06   1.474304e+05   2.061666e-31   0.000000e+00   0.000000e+00
      592000   5.919990e-06   5.390656e-01   1.424638e+01   1.981816e+01   7.415036e+04   4.405962e+04   1.195667e+05  -2.036160e+07   4.656668e+07  -4.532116e+06   1.474304e+05   2.016418e-31   0.000000e+00   0.000000e+00
      600000   5.999990e-06   5.449975e-01   1.424990e+01   1.982773e+01   7.414874e+04   4.406333e+04   1.195663e+05  -2.013220e+07   4.604776e+07  -4.484879e+06   1.474304e+05   1.971673e-31   0.000000e+00   0.000000e+00
      608000   6.079990e-06   5.509294e-01   1.425343e+01   1.983729e+01   7.414714e+04   4.406699e+04   1.195660e+05  -1.990280e+07   4.552886e+07  -4.437586e+06   1.474304e+05   1.927431e-31   0.000000e+00   0.000000e+00
      616000   6.159990e-06   5.568611e-01   1.425696e+01   1.984686e+01   7.414555e+04   4.407061e+04   1.195656e+05  -1.967340e+07   4.500997e+07  -4.390239e+06   1.474304e+05   1.883692e-31   0.000000e+00   0.000000e+00
      624000   6.239990e-06   5.627927e-01   1.426048e+01   1.985642e+01   7.414399e+04   4.407419e+04   1.195652e+05  -1.944402e+07   4.449111e+07  -4.342837e+06   1.474304e+05   1.840456e-31   0.000000e+00   0.000000e+00
      632000   6.319990e-06   5.687241e-01   1.426401e+01   1.986599e+01   7.414244e+04   4.407773e+04   1.195649e+05  -1.921464e+07   4.397226e+07  -4.295381e+06   1.474304e+05   1.797723e-31   0.000000e+00   0.000000e+00
      640000   6.399990e-06   5.746555e-01   1.426753e+01   1.987556e+01   7.414092e+04   4.408123e+04   1.195646e+05  -1.898527e+07   4.345342e+07  -4.247872e+06   1.474304e+05   1.755493e-31   0.000000e+00   0.000000e+00
      648000   6.479990e-06   5.805867e-01   1.427106e+01   1.988512e+01   7.413941e+04   4.408468e+04   1.195642e+05  -1.875590e+07   4.293460e+07  -4.200311e+06   1.474304e+05   1.713766e-31   0.000000e+00   0.000000e+00
      656000   6.559990e-06   5.865178e-01   1.427459e+01   1.989469e+01   7.413791e+04   4.408810e+04   1.195639e+05  -1.852654e+07   4.241580e+07  -4.152698e+06   1.474304e+05   1.672542e-31   0.000000e+00   0.000000e+00
      664000   6.639990e-06   5.924487e-01   1.427811e+01   1.990425e+01   7.413716e+04   4.408983e+04   1.195637e+05   2.327703e+06  -5.268352e+06   4.994111e+05   1.474304e+05   2.587899e-33   0.000000e+00   0.000000e+00
      672000   6.719990e-06   5.983797e-01   1.428164e+01   1.991382e+01   7.413744e+04   4.408920e+04   1.195638e+05   4.602909e+06  -1.045570e+07   1.001437e+06   1.474304e+05   1.018394e-32   0.000000e+00   0.000000e+00
      680000   6.799990e-06   6.043107e-01   1.428517e+01   1.992338e+01   7.413684e+04   4.409057e+04   1.195636e+05  -1.228583e+07   2.815905e+07  -2.766023e+06   1.474304e+05   7.369245e-32   0.000000e+00   0.000000e+00
      688000   6.879990e-06   6.102416e-01   1.428870e+01   1.993295e+01   7.413584e+04   4.409286e+04   1.195634e+05  -1.271264e+07   2.913115e+07  -2.860518e+06   1.474304e+05   7.887312e-32   0.000000e+00   0.000000e+00
      696000   6.959990e-06   6.161724e-01   1.429222e+01   1.994251e+01   7.413480e+04   4.409523e+04   1.195632e+05  -1.313946e+07   3.010327e+07  -2.955083e+06   1.474304e+05   8.422990e-32   0.000000e+00   0.000000e+00
      704000   7.039990e-06   6.221032e-01   1.429575e+01   1.995208e+01   7.413374e+04   4.409768e+04   1.195629e+05  -1.356629e+07   3.107541e+07  -3.049721e+06   1.474304e+05   8.976281e-32   0.000000e+00   0.000000e+00
      712000   7.119990e-06   6.280338e-01   1.429928e+01   1.996164e+01   7.413263e+04   4.410021e+04   1.195627e+05  -1.399312e+07   3.204757e+07  -3.144434e+06   1.474304e+05   9.547187e-32   0.000000e+00   0.000000e+00
      720000   7.199990e-06   6.339644e-01   1.430281e+01   1.997121e+01   7.413230e+04   4.410096e+04   1.195626e+05  -6.843962e+05   1.555957e+06  -1.495729e+05   1.474304e+05   2.256980e-34   0.000000e+00   0.000000e+00
      728000   7.279990e-06   6.398950e-01   1.430634e+01   1.998077e+01   7.413234e+04   4.410088e+04   1.195626e+05   1.592010e+06  -3.661594e+06   3.634923e+05   1.474304e+05   1.244437e-33   0.000000e+00   0.000000e+00
      736000   7.359990e-06   6.458256e-01   1.430986e+01   1.999034e+01   7.413256e+04   4.410038e+04   1.195627e+05   3.868416e+06  -8.879146e+06   8.765117e+05   1.474304e+05   7.323290e-33   0.000000e+00   0.000000e+00
      744000   7.439990e-06   6.517562e-01   1.431339e+01   1.999990e+01   7.413296e+04   4.409946e+04   1.195628e+05   6.144825e+06  -1.409670e+07   1.389420e+06   1.474304e+05   1.846224e-32   0.000000e+00   0.000000e+00
      752000   7.519990e-06   6.576869e-01   1.431692e+01   2.000947e+01   7.413296e+04   4.409945e+04   1.195628e+05   1.259987e+00  -1.361573e+00  -2.790329e-01   1.474304e+05   2.725196e-46   0.000000e+00   0.000000e+00
      760000   7.599990e-06   6.636175e-01   1.432045e+01   2.001903e+01   7.413296e+04   4.409945e+04   1.195628e+05   1.492593e+00  -2.802857e+00   1.083457e-01   1.474304e+05   7.817905e-46   0.000000e+00   0.000000e+00
      768000   7.679990e-06   6.695481e-01   1.432398e+01   2.002860e+01   7.413296e+04   4.409945e+04   1.195628e+05   1.725199e+00  -4.244141e+00   4.957243e-01   1.474304e+05   1.644449e-45   0.000000e+00   0.000000e+00
      776000   7.759990e-06   6.754788e-01   1.432750e+01   2.003816e+01   7.413296e+04   4.409945e+04   1.195628e+05   1.957805e+00  -5.685425e+00   8.831030e-01   1.474304e+05   2.860494e-45   0.000000e+00   0.000000e+00
      784000   7.839990e-06   6.814094e-01   1.433103e+01   2.004773e+01   7.413296e+04   4.409945e+04   1.195628e+05   2.190410e+00  -7.126709e+00   1.270482e+00   1.474304e+05   4.429927e-45   0.000000e+00   0.000000e+00
      792000   7.919990e-06   6.873401e-01   1.433456e+01   2.005729e+01   7.413296e+04   4.409945e+04   1.195628e+05   2.423016e+00  -8.567993e+00   1.657860e+00   1.474304e+05   6.352747e-45   0.000000e+00   0.000000e+00
      800000   7.999990e-06   6.932707e-01   1.433809e+01   2.006686e+01   7.413296e+04   4.409945e+04   1.195628e+05   2.655622e+00  -1.000928e+01   2.045239e+00   1.474304e+05   8.628954e-45   0.000000e+00   0.000000e+00
      808000   8.079990e-06   6.992013e-01   1.434162e+01   2.007642e+01   7.413296e+04   4.409945e+04   1.195628e+05   2.888228e+00  -1.145056e+01   2.432617e+00   1.474304e+05   1.125855e-44   0.000000e+00   0.000000e+00
      816000   8.159990e-06   7.051320e-01   1.434514e+01   2.008599e+01   7.413296e+04   4.409945e+04   1.195628e+05   1.769402e+00  -4.236522e+00   4.655067e-01   1.474304e+05   1.649277e-45   0.000000e+00   0.000000e+00
      824000   8.239990e-06   7.110626e-01   1.434867e+01   2.009555e+01   7.413296e+04   4.409945e+04   1.195628e+05   1.847986e+00  -4.342969e+00   4.560435e-01   1.474304e+05   1.741347e-45   0.000000e+00   0.000000e+00
      832000   8.319990e-06   7.169932e-01   1.435220e+01   2.010512e+01   7.413296e+04   4.409945e+04   1.195628e+05   1.101863e+00  -1.869345e+00   6.295317e-03   1.474304e+05   3.646801e-46   0.000000e+00   0.000000e+00
      840000   8.399990e-06   7.229239e-01   1.435573e+01   2.011468e+01   7.413296e+04   4.409945e+04   1.195628e+05   9.632859e-01  -1.623754e+00   1.634278e-03   1.474304e+05   2.760714e-46   0.000000e+00   0.000000e+00
      848000   8.479990e-06   7.288545e-01   1.435925e+01   2.012425e+01   7.413296e+04   4.409945e+04   1.195628e+05   8.247085e-01  -1.378162e+00  -3.026761e-03   1.474304e+05   1.997831e-46   0.000000e+00   0.000000e+00
      856000   8.559990e-06   7.347851e-01   1.436278e+01   2.013381e+01   7.413296e+04   4.409945e+04   1.195628e+05   6.861310e-01  -1.132571e+00  -7.687800e-03   1.474304e+05   1.358152e-46   0.000000e+00   0.000000e+00
      864000   8.639990e-06   7.407158e-01   1.436631e+01   2.014338e+01   7.413296e+04   4.409945e+04   1.195628e+05   5.475536e-01  -8.869796e-01  -1.234884e-02   1.474304e+05   8.416778e-47   0.000000e+00   0.000000e+00
      872000   8.719990e-06   7.466464e-01   1.436984e+01   2.015294e+01   7.413296e+04   4.409945e+04   1.195628e+05   4.089762e-01  -6.413883e-01  -1.700988e-02   1.474304e+05   4.484074e-47   0.000000e+00   0.000000e+00
      880000   8.799990e-06   7.525771e-01   1.437337e+01   2.016251e+01   7.413296e+04   4.409945e+04   1.195628e+05   2.703988e-01  -3.957970e-01  -2.167092e-02   1.474304e+05   1.783412e-47   0.000000e+00   0.000000e+00
      888000   8.879990e-06   7.585077e-01   1.437689e+01   2.017207e+01   7.413296e+04   4.409945e+04   1.195628e+05   1.318213e-01  -1.502056e-01  -2.633196e-02   1.474304e+05   3.147904e-48   0.000000e+00   0.000000e+00
      896000   8.959990e-06   7.644383e-01   1.438042e+01   2.018164e+01   7.413296e+04   4.409945e+04   1.195628e+05  -6.756102e-03   9.538574e-02  -3.099299e-02   1.474304e+05   7.821043e-49   0.000000e+00   0.000000e+00
      904000   9.039990e-06   7.703690e-01   1.438395e+01   2.019120e+01   7.413296e+04   4.409945e+04   1.195628e+05  -1.453335e-01   3.409771e-01  -3.565403e-02   1.474304e+05   1.073672e-47   0.000000e+00   0.000000e+00
      912000   9.119990e-06   7.762996e-01   1.438748e+01   2.020077e+01   7.413296e+04   4.409945e+04   1.195628e+05   2.374089e+00  -3.990939e+00  -7.608030e-23   1.474304e+05   1.670038e-45   0.000000e+00   0.000000e+00
      920000   9.199990e-06   7.822302e-01   1.439101e+01   2.021033e+01   7.413296e+04   4.409945e+04   1.195628e+05   2.537675e+00  -4.265935e+00   1.623669e-23   1.474304e+05   1.908117e-45   0.000000e+00   0.000000e+00
      928000   9.279990e-06   7.881609e-01   1.439453e+01   2.021990e+01   7.413296e+04   4.409945e+04   1.195628e+05   2.701261e+00  -4.540930e+00  -8.227464e-23   1.474304e+05   2.162054e-45   0.000000e+00   0.000000e+00
      936000   9.359990e-06   7.940915e-01   1.439806e+01   2.022946e+01   7.413296e+04   4.409945e+04   1.195628e+05   2.864847e+00  -4.815925e+00   1.004434e-23   1.474304e+05   2.431850e-45   0.000000e+00   0.000000e+00
      944000   9.439990e-06   8.000222e-01   1.440159e+01   2.023903e+01   7.413296e+04   4.409945e+04   1.195628e+05  -1.866649e+00   3.137914e+00   3.678609e-23   1.474304e+05   1.032447e-45   0.000000e+00   0.000000e+00
      952000   9.519990e-06   8.059528e-01   1.440512e+01   2.024859e+01   7.413296e+04   4.409945e+04   1.195628e+05  -1.827619e+00   3.072302e+00  -2.750857e-23   1.474304e+05   9.897230e-46   0.000000e+00   0.000000e+00
      960000   9.599990e-06   8.118834e-01   1.440865e+01   2.025816e+01   7.413296e+04   4.409945e+04   1.195628e+05  -1.788588e+00   3.006690e+00   7.516934e-23   1.474304e+05   9.479015e-46   0.000000e+00   0.000000e+00
      968000   9.679990e-06   8.178141e-01   1.441217e+01   2.026772e+01   7.413296e+04   4.409945e+04   1.195628e+05  -1.749558e+00   2.941078e+00   3.472740e-23   1.474304e+05   9.069828e-46   0.000000e+00   0.000000e+00
      976000   9.759990e-06   8.237447e-01   1.441570e+01   2.027729e+01   7.413296e+04   4.409945e+04   1.195628e+05  -1.710527e+00   2.875466e+00  -2.956806e-23   1.474304e+05   8.669669e-46   0.000000e+00   0.000000e+00
      984000   9.839990e-06   8.296753e-01   1.441923e+01   2.028685e+01   7.413296e+04   4.409945e+04   1.195628e+05  -1.671497e+00   2.809854e+00   1.549252e-24   1.474304e+05   8.278537e-46   0.000000e+00   0.000000e+00
      992000   9.919990e-06   8.356060e-01   1.442276e+01   2.029642e+01   7.413296e+04   4.409945e+04   1.195628e+05  -1.632466e+00   2.744242e+00   3.266630e-23   1.474304e+05   7.896434e-46   0.000000e+00   0.000000e+00
     1000000   9.999990e-06   8.415366e-01   1.442629e+01   2.030598e+01   7.413296e+04   4.409945e+04   1.195628e+05  -1.424517e-01   2.394672e-01  -5.771850e-25   1.474304e+05   6.017281e-48   0.000000e+00   0.000000e+00
     1008000   1.007999e-05   8.474673e-01   1.442981e+01   2.031555e+01   7.413296e+04   4.409945e+04   1.195628e+05   2.836364e-01  -4.768043e-01  -1.339450e-24   1.474304e+05   2.382872e-47   0.000000e+00   0.000000e+00
     1016000   1.015999e-05   8.533979e-01   1.443334e+01   2.032511e+01   7.413296e+04   4.409945e+04   1.195628e+05   7.097244e-01  -1.193076e+00  -1.104006e-23   1.474304e+05   1.492294e-46   0.000000e+00   0.000000e+00
     1024000   1.023999e-05   8.593285e-01   1.443687e+01   2.033468e+01   7.413296e+04   4.409945e+04   1.195628e+05   1.135813e+00  -1.909347e+00  -1.479162e-23   1.474304e+05   3.822194e-46   0.000000e+00   0.000000e+00
     1032000   1.031999e-05   8.652592e-01   1.444040e+01   2.034424e+01   7.413296e+04   4.409945e+04   1.195628e+05   1.561901e+00  -2.625619e+00   1.723831e-23   1.474304e+05   7.227986e-46   0.000000e+00   0.000000e+00
     1040000   1.039999e-05   8.711898e-01   1.444393e+01   2.035381e+01   7.413296e+04   4.409945e+04   1.195628e+05   1.987989e+00  -3.341890e+00   1.574177e-24   1.474304e+05   1.170967e-45   0.000000e+00   0.000000e+00
     1048000   1.047999e-05   8.771204e-01   1.444745e+01   2.036337e+01   7.413296e+04   4.409945e+04   1.195628e+05   2.414077e+00  -4.058161e+00  -1.410470e-23   1.474304e+05   1.726725e-45   0.000000e+00   0.000000e+00
     1056000   1.055999e-05   8.830511e-01   1.445098e+01   2.037294e+01   7.413296e+04   4.409945e+04   1.195628e+05   2.840165e+00  -4.774433e+00  -2.980113e-23   1.474304e+05   2.390072e-45   0.000000e+00   0.000000e+00
     1064000   1.063999e-05   8.889817e-01   1.445451e+01   2.038250e+01   7.413296e+04   4.409945e+04   1.195628e+05   3.266253e+00  -5.490704e+00  -4.547927e-23   1.474304e+05   3.161008e-45   0.000000e+00   0.000000e+00
     1072000   1.071999e-05   8.949124e-01   1.445804e+01   2.039207e+01   7.413296e+04   4.409945e+04   1.195628e+05   3.692341e+00  -6.206976e+00   3.427056e-23   1.474304e+05   4.039533e-45   0.000000e+00   0.000000e+00
     1080000   1.079999e-05   9.008430e-01   1.446157e+01   2.040163e+01   7.413296e+04   4.409945e+04   1.195628e+05   1.771344e-01  -2.977701e-01  -3.961536e-26   1.474304e+05   9.290774e-48   0.000000e+00   0.000000e+00
     1088000   1.087999e-05   9.067736e-01   1.446509e+01   2.041120e+01   7.413296e+04   4.409945e+04   1.195628e+05   6.564045e-01  -1.103443e+00  -2.176679e-23   1.474304e+05   1.276450e-46   0.000000e+00   0.000000e+00
     1096000   1.095999e-05   9.127043e-01   1.446862e+01   2.042076e+01   7.413296e+04   4.409945e+04   1.195628e+05   1.135675e+00  -1.909115e+00  -1.368708e-23   1.474304e+05   3.821221e-46   0.000000e+00   0.000000e+00
     1104000   1.103999e-05   9.186349e-01   1.447215e+01   2.043033e+01   7.413296e+04   4.409945e+04   1.195628e+05   1.614945e+00  -2.714788e+00  -5.607162e-24   1.474304e+05   7.727220e-46   0.000000e+00   0.000000e+00
     1112000   1.111999e-05   9.245655e-01   1.447568e+01   2.043989e+01   7.413296e+04   4.409945e+04   1.195628e+05   2.094215e+00  -3.520461e+00  -4.521823e-23   1.474304e+05   1.299445e-45   0.000000e+00   0.000000e+00
     1120000   1.119999e-05   9.304962e-01   1.447921e+01   2.044946e+01   7.413296e+04   4.409945e+04   1.195628e+05   2.573485e+00  -4.326133e+00  -3.715429e-23   1.474304e+05   1.962290e-45   0.000000e+00   0.000000e+00
     1128000   1.127999e-05   9.364268e-01   1.448273e+01   2.045902e+01   7.413296e+04   4.409945e+04   1.195628e+05   3.052755e+00  -5.131806e+00  -5.294120e-23   1.474304e+05   2.761258e-45   0.000000e+00   0.000000e+00
     1136000   1.135999e-05   9.423574e-01   1.448626e+01   2.046859e+01   7.413296e+04   4.409945e+04   1.195628e+05   3.532025e+00  -5.937479e+00  -2.099562e-23   1.474304e+05   3.696349e-45   0.000000e+00   0.000000e+00
     1144000   1.143999e-05   9.482881e-01   1.448979e+01   2.047815e+01   7.413296e+04   4.409945e+04   1.195628e+05   4.011296e+00  -6.743151e+00  -3.680682e-23   1.474304e+05   4.767563e-45   0.000000e+00   0.000000e+00
     1152000   1.151999e-05   9.542187e-01   1.449332e+01   2.048772e+01   7.413296e+04   4.409945e+04   1.195628e+05   4.490566e+00  -7.548824e+00  -1.480294e-22   1.474304e+05   5.974900e-45   0.000000e+00   0.000000e+00
     1160000   1.159999e-05   9.601494e-01   1.449685e+01   2.049728e+01   7.413296e+04   4.409945e+04   1.195628e+05   4.969836e+00  -8.354497e+00  -2.068297e-23   1.474304e+05   7.318359e-45   0.000000e+00   0.000000e+00
     1168000   1.167999e-05   9.660800e-01   1.450037e+01   2.050685e+01   7.413296e+04   4.409945e+04   1.195628e+05   1.541395e+00  -2.591148e+00  -1.751015e-24   1.474304e+05   7.040368e-46   0.000000e+00   0.000000e+00
     1176000   1.175999e-05   9.720106e-01   1.450390e+01   2.051641e+01   7.413296e+04   4.409945e+04   1.195628e+05   1.156076e+00  -1.943411e+00  -4.169688e-23   1.474304e+05   3.960492e-46   0.000000e+00   0.000000e+00
     1184000   1.183999e-05   9.779413e-01   1.450743e+01   2.052598e+01   7.413296e+04   4.409945e+04   1.195628e+05   7.707569e-01  -1.295674e+00   1.841370e-24   1.474304e+05   1.760473e-46   0.000000e+00   0.000000e+00
     1192000   1.191999e-05   9.838719e-01   1.451096e+01   2.053554e+01   7.413296e+04   4.409945e+04   1.195628e+05   3.854377e-01  -6.479365e-01  -8.274744e-24   1.474304e+05   4.403085e-47   0.000000e+00   0.000000e+00
     1200000   1.199999e-05   9.898025e-01   1.451448e+01   2.054511e+01   7.413296e+04   4.409945e+04   1.195628e+05   1.184820e-04  -1.991730e-04  -1.333405e-27   1.474304e+05   8.228759e-54   0.000000e+00   0.000000e+00
     1208000   1.207999e-05   9.957332e-01   1.451801e+01   2.055467e+01   7.413296e+04   4.409945e+04   1.195628e+05  -3.852007e-01   6.475381e-01   1.322500e-23   1.474304e+05   4.395474e-47   0.000000e+00   0.000000e+00
     1216000   1.215999e-05   1.001664e+00   1.452154e+01   2.056424e+01   7.413296e+04   4.409945e+04   1.195628e+05  -3.604374e-01   6.059099e-01   1.917265e-24   1.474304e+05   3.848881e-47   0.000000e+00   0.000000e+00
     1224000   1.223999e-05   1.007594e+00   1.452507e+01   2.057380e+01   7.413296e+04   4.409945e+04   1.195628e+05  -5.769156e-01   9.698187e-01   1.148673e-23   1.474304e+05   9.861069e-47   0.000000e+00   0.000000e+00
     1232000   1.231999e-05   1.013525e+00   1.452860e+01   2.058337e+01   7.413296e+04   4.409945e+04   1.195628e+05  -7.933939e-01   1.333727e+00   2.105700e-23   1.474304e+05   1.865040e-46   0.000000e+00   0.000000e+00
     1240000   1.239999e-05   1.019456e+00   1.453212e+01   2.059293e+01   7.413296e+04   4.409945e+04   1.195628e+05  -1.009872e+00   1.697636e+00  -5.167903e-24   1.474304e+05   3.021688e-46   0.000000e+00   0.000000e+00
     1248000   1.247999e-05   1.025386e+00   1.453565e+01   2.060250e+01   7.413296e+04   4.409945e+04   1.195628e+05   2.185276e-01  -3.673539e-01   3.838593e-24   1.474304e+05   1.414904e-47   0.000000e+00   0.000000e+00
     1256000   1.255999e-05   1.031317e+00   1.453918e+01   2.061206e+01   7.413296e+04   4.409945e+04   1.195628e+05   2.707042e-01  -4.550648e-01  -1.149773e-24   1.474304e+05   2.171247e-47   0.000000e+00   0.000000e+00
     1264000   1.263999e-05   1.037248e+00   1.454271e+01   2.062163e+01   7.413296e+04   4.409945e+04   1.195628e+05   3.228808e-01  -5.427758e-01  -1.739935e-25   1.474304e+05   3.088923e-47   0.000000e+00   0.000000e+00
     1272000   1.271999e-05   1.043178e+00   1.454624e+01   2.063119e+01   7.413296e+04   4.409945e+04   1.195628e+05   3.750574e-01  -6.304868e-01  -5.160699e-24   1.474304e+05   4.167931e-47   0.000000e+00   0.000000e+00
     1280000   1.279999e-05   1.049109e+00   1.454976e+01   2.064076e+01   7.413296e+04   4.409945e+04   1.195628e+05   4.272340e-01  -7.181978e-01   7.743373e-24   1.474304e+05   5.408271e-47   0.000000e+00   0.000000e+00
     1288000   1.287999e-05   1.055040e+00   1.455329e+01   2.065032e+01   7.413296e+04   4.409945e+04   1.195628e+05   4.794106e-01  -8.059087e-01   8.721645e-24   1.474304e+05   6.809944e-47   0.000000e+00   0.000000e+00
     1296000   1.295999e-05   1.060970e+00   1.455682e+01   2.065989e+01   7.413296e+04   4.409945e+04   1.195628e+05   5.315872e-01  -8.936197e-01  -1.415252e-23   1.474304e+05   8.372949e-47   0.000000e+00   0.000000e+00
     1304000   1.303999e-05   1.066901e+00   1.456035e+01   2.066945e+01   7.413296e+04   4.409945e+04   1.195628e+05   5.837638e-01  -9.813307e-01  -2.509921e-23   1.474304e+05   1.009729e-46   0.000000e+00   0.000000e+00
     1312000   1.311999e-05   1.072831e+00   1.456388e+01   2.067902e+01   7.413296e+04   4.409945e+04   1.195628e+05   6.359404e-01  -1.069042e+00  -1.219182e-23   1.474304e+05   1.198296e-46   0.000000e+00   0.000000e+00
     1320000   1.319999e-05   1.078762e+00   1.456740e+01   2.068858e+01   7.413296e+04   4.409945e+04   1.195628e+05   6.881170e-01  -1.156753e+00   7.204881e-25   1.474304e+05   1.402996e-46   0.000000e+00   0.000000e+00
     1328000   1.327999e-05   1.084693e+00   1.457093e+01   2.069815e+01   7.413296e+04   4.409945e+04   1.195628e+05   7.402935e-01  -1.244464e+00   1.703999e-24   1.474304e+05   1.623829e-46   0.000000e+00   0.000000e+00
     1336000   1.335999e-05   1.090623e+00   1.457446e+01   2.070771e+01   7.413296e+04   4.409945e+04   1.195628e+05  -2.499672e+00   4.202050e+00   8.402053e-24   1.474304e+05   1.851385e-45   0.000000e+00   0.000000e+00
     1344000   1.343999e-05   1.096554e+00   1.457799e+01   2.071728e+01   7.413296e+04   4.409945e+04   1.195628e+05  -2.716150e+00   4.565959e+00   1.792073e-23   1.474304e+05   2.185944e-45   0.000000e+00   0.000000e+00
     1352000   1.351999e-05   1.102485e+00   1.458152e+01   2.072684e+01   7.413296e+04   4.409945e+04   1.195628e+05  -2.825784e-01   4.750258e-01   9.322924e-24   1.474304e+05   2.365667e-47   0.000000e+00   0.000000e+00
     1360000   1.359999e-05   1.108415e+00   1.458504e+01   2.073641e+01   7.413296e+04   4.409945e+04   1.195628e+05  -4.504647e-01   7.572495e-01   7.375578e-24   1.474304e+05   6.012030e-47   0.000000e+00   0.000000e+00
     1368000   1.367999e-05   1.114346e+00   1.458857e+01   2.074597e+01   7.413296e+04   4.409945e+04   1.195628e+05  -6.183510e-01   1.039473e+00   1.139422e-23   1.474304e+05   1.132872e-46   0.000000e+00   0.000000e+00
     1376000   1.375999e-05   1.120277e+00   1.459210e+01   2.075554e+01   7.413296e+04   4.409945e+04   1.195628e+05  -7.862373e-01   1.321697e+00   3.486209e-24   1.474304e+05   1.831573e-46   0.000000e+00   0.000000e+00
     1384000   1.383999e-05   1.126207e+00   1.459563e+01   2.076510e+01   7.413296e+04   4.409945e+04   1.195628e+05  -9.541236e-01   1.603921e+00  -4.436523e-24   1.474304e+05   2.697306e-46   0.000000e+00   0.000000e+00
     1392000   1.391999e-05   1.132138e+00   1.459916e+01   2.077467e+01   7.413296e+04   4.409945e+04   1.195628e+05  -1.122010e+00   1.886144e+00   2.341857e-23   1.474304e+05   3.730072e-46   0.000000e+00   0.000000e+00
     1400000   1.399999e-05   1.138068e+00   1.460268e+01   2.078423e+01   7.413296e+04   4.409945e+04   1.195628e+05   1.789552e+00  -3.008310e+00  -5.085958e-23   1.474304e+05   9.488715e-46   0.000000e+00   0.000000e+00
     1408000   1.407999e-05   1.143999e+00   1.460621e+01   2.079380e+01   7.413296e+04   4.409945e+04   1.195628e+05   2.140464e+00  -3.598207e+00  -4.362947e-23   1.474304e+05   1.357495e-45   0.000000e+00   0.000000e+00
     1416000   1.415999e-05   1.149930e+00   1.460974e+01   2.080336e+01   7.413296e+04   4.409945e+04   1.195628e+05   1.052012e+00  -1.768475e+00   1.069068e-23   1.474304e+05   3.279326e-46   0.000000e+00   0.000000e+00
     1424000   1.423999e-05   1.155860e+00   1.461327e+01   2.081293e+01   7.413296e+04   4.409945e+04   1.195628e+05   1.022066e+00  -1.718134e+00   1.113871e-23   1.474304e+05   3.095286e-46   0.000000e+00   0.000000e+00
     1432000   1.431999e-05   1.161791e+00   1.461680e+01   2.082249e+01   7.413296e+04   4.409945e+04   1.195628e+05   9.921191e-01  -1.667793e+00   1.158749e-23   1.474304e+05   2.916561e-46   0.000000e+00   0.000000e+00
     1440000   1.439999e-05   1.167722e+00   1.462032e+01   2.083206e+01   7.413296e+04   4.409945e+04   1.195628e+05   9.621727e-01  -1.617451e+00  -1.181625e-23   1.474304e+05   2.743150e-46   0.000000e+00   0.000000e+00
     1448000   1.447999e-05   1.173652e+00   1.462385e+01   2.084162e+01   7.413296e+04   4.409945e+04   1.195628e+05   9.322262e-01  -1.567110e+00  -2.329261e-23   1.474304e+05   2.575053e-46   0.000000e+00   0.000000e+00
     1456000   1.455999e-05   1.179583e+00   1.462738e+01   2.085119e+01   7.413296e+04   4.409945e+04   1.195628e+05   9.022797e-01  -1.516769e+00   1.293831e-23   1.474304e+05   2.412271e-46   0.000000e+00   0.000000e+00
     1464000   1.463999e-05   1.185514e+00   1.463091e+01   2.086075e+01   7.413296e+04   4.409945e+04   1.195628e+05   8.723333e-01  -1.466428e+00   1.463446e-24   1.474304e+05   2.254804e-46   0.000000e+00   0.000000e+00
     1472000   1.471999e-05   1.191444e+00   1.463444e+01   2.087032e+01   7.413296e+04   4.409945e+04   1.195628e+05   8.423868e-01  -1.416087e+00  -1.001067e-23   1.474304e+05   2.102651e-46   0.000000e+00   0.000000e+00
     1480000   1.479999e-05   1.197375e+00   1.463796e+01   2.087988e+01   7.413296e+04   4.409945e+04   1.195628e+05   8.124404e-01  -1.365745e+00   2.369230e-24   1.474304e+05   1.955812e-46   0.000000e+00   0.000000e+00
     1488000   1.487999e-05   1.203305e+00   1.464149e+01   2.088945e+01   7.413296e+04   4.409945e+04   1.195628e+05   1.612706e+00  -2.711024e+00   6.693060e-24   1.474304e+05   7.706346e-46   0.000000e+00   0.000000e+00
     1496000   1.495999e-05   1.209236e+00   1.464502e+01   2.089901e+01   7.413296e+04   4.409945e+04   1.195628e+05   1.639682e+00  -2.756372e+00   1.544999e-23   1.474304e+05   7.966317e-46   0.000000e+00   0.000000e+00
     1504000   1.503999e-05   1.215167e+00   1.464855e+01   2.090858e+01   7.413296e+04   4.409945e+04   1.195628e+05  -5.639191e-01   9.479709e-01  -4.330231e-24   1.474304e+05   9.420318e-47   0.000000e+00   0.000000e+00
     1512000   1.511999e-05   1.221097e+00   1.465208e+01   2.091814e+01   7.413296e+04   4.409945e+04   1.195628e+05  -1.125344e+00   1.891749e+00   1.786935e-23   1.474304e+05   3.751945e-46   0.000000e+00   0.000000e+00
     1520000   1.519999e-05   1.227028e+00   1.465560e+01   2.092771e+01   7.413296e+04   4.409945e+04   1.195628e+05  -1.686769e+00   2.835527e+00  -7.638418e-24   1.474304e+05   8.429756e-46   0.000000e+00   0.000000e+00
     1528000   1.527999e-05   1.232959e+00   1.465913e+01   2.093727e+01   7.413296e+04   4.409945e+04   1.195628e+05  -2.248193e+00   3.779305e+00   3.842580e-23   1.474304e+05   1.497547e-45   0.000000e+00   0.000000e+00
     1536000   1.535999e-05   1.238889e+00   1.466266e+01   2.094684e+01   7.413296e+04   4.409945e+04   1.195628e+05  -2.809618e+00   4.723083e+00   6.059864e-23   1.474304e+05   2.338907e-45   0.000000e+00   0.000000e+00
     1544000   1.543999e-05   1.244820e+00   1.466619e+01   2.095640e+01   7.413296e+04   4.409945e+04   1.195628e+05  -3.371043e+00   5.666860e+00  -6.032144e-23   1.474304e+05   3.367058e-45   0.000000e+00   0.000000e+00
     1552000   1.551999e-05   1.250751e+00   1.466972e+01   2.096597e+01   7.413296e+04   4.409945e+04   1.195628e+05  -3.932468e+00   6.610638e+00   5.727190e-23   1.474304e+05   4.581998e-45   0.000000e+00   0.000000e+00
     1560000   1.559999e-05   1.256681e+00   1.467324e+01   2.097553e+01   7.413296e+04   4.409945e+04   1.195628e+05  -4.493893e+00   7.554416e+00  -1.113957e-22   1.474304e+05   5.983729e-45   0.000000e+00   0.000000e+00
     1568000   1.567999e-05   1.262612e+00   1.467677e+01   2.098510e+01   7.413296e+04   4.409945e+04   1.195628e+05  -5.055317e+00   8.498194e+00  -1.368978e-22   1.474304e+05   7.572249e-45   0.000000e+00   0.000000e+00
     1576000   1.575999e-05   1.268542e+00   1.468030e+01   2.099466e+01   7.413296e+04   4.409945e+04   1.195628e+05  -5.616742e+00   9.441972e+00   2.833939e-23   1.474304e+05   9.347559e-45   0.000000e+00   0.000000e+00
     1584000   1.583999e-05   1.274473e+00   1.468383e+01   2.100423e+01   7.413296e+04   4.409945e+04   1.195628e+05  -1.098484e+00   1.846596e+00  -1.303681e-23   1.474304e+05   3.575445e-46   0.000000e+00   0.000000e+00
     1592000   1.591999e-05   1.280404e+00   1.468735e+01   2.101379e+01   7.413296e+04   4.409945e+04   1.195628e+05  -1.071507e+00   1.801248e+00  -4.292584e-24   1.474304e+05   3.401991e-46   0.000000e+00   0.000000e+00
     1600000   1.599999e-05   1.286334e+00   1.469088e+01   2.102336e+01   7.413296e+04   4.409945e+04   1.195628e+05  -1.044531e+00   1.755899e+00  -7.479637e-24   1.474304e+05   3.232850e-46   0.000000e+00   0.000000e+00
     1608000   1.607999e-05   1.292265e+00   1.469441e+01   2.103292e+01   7.413296e+04   4.409945e+04   1.195628e+05  -1.017555e+00   1.710551e+00   1.260619e-24   1.474304e+05   3.068022e-46   0.000000e+00   0.000000e+00
     1616000   1.615999e-05   1.298196e+00   1.469794e+01   2.104249e+01   7.413296e+04   4.409945e+04   1.195628e+05  -9.905783e-01   1.665203e+00   2.192817e-23   1.474304e+05   2.907507e-46   0.000000e+00   0.000000e+00
     1624000   1.623999e-05   1.304126e+00   1.470147e+01   2.105205e+01   7.413296e+04   4.409945e+04   1.195628e+05   8.641815e-01  -1.452724e+00   1.496830e-23   1.474304e+05   2.212895e-46   0.000000e+00   0.000000e+00
     1632000   1.631999e-05   1.310057e+00   1.470499e+01   2.106162e+01   7.413296e+04   4.409945e+04   1.195628e+05   7.784235e-01  -1.308562e+00   2.530716e-23   1.474304e+05   1.795494e-46   0.000000e+00   0.000000e+00
     1640000   1.639999e-05   1.315988e+00   1.470852e+01   2.107118e+01   7.413296e+04   4.409945e+04   1.195628e+05   6.926655e-01  -1.164399e+00   1.180291e-23   1.474304e+05   1.421676e-46   0.000000e+00   0.000000e+00
     1648000   1.647999e-05   1.321918e+00   1.471205e+01   2.108075e+01   7.413296e+04   4.409945e+04   1.195628e+05   6.069075e-01  -1.020236e+00  -1.361998e-23   1.474304e+05   1.091441e-46   0.000000e+00   0.000000e+00
     1656000   1.655999e-05   1.327849e+00   1.471558e+01   2.109031e+01   7.413296e+04   4.409945e+04   1.195628e+05   5.211495e-01  -8.760735e-01   2.696181e-24   1.474304e+05   8.047900e-47   0.000000e+00   0.000000e+00
     1664000   1.663999e-05   1.333779e+00   1.471911e+01   2.109988e+01   7.413296e+04   4.409945e+04   1.195628e+05   4.353915e-01  -7.319108e-01   1.304766e-23   1.474304e+05   5.617218e-47   0.000000e+00   0.000000e+00
     1672000   1.671999e-05   1.339710e+00   1.472263e+01   2.110944e+01   7.413296e+04   4.409945e+04   1.195628e+05   1.096106e+00  -1.842598e+00  -3.313252e-24   1.474304e+05   3.559895e-46   0.000000e+00   0.000000e+00
     1680000   1.679999e-05   1.345641e+00   1.472616e+01   2.111901e+01   7.413296e+04   4.409945e+04   1.195628e+05   1.175261e+00  -1.975662e+00  -5.543422e-24   1.474304e+05   4.092622e-46   0.000000e+00   0.000000e+00
     1688000   1.687999e-05   1.351571e+00   1.472969e+01   2.112857e+01   7.413296e+04   4.409945e+04   1.195628e+05   1.254417e+00  -2.108726e+00  -7.774309e-24   1.474304e+05   4.662481e-46   0.000000e+00   0.000000e+00
     1696000   1.695999e-05   1.357502e+00   1.473322e+01   2.113814e+01   7.413296e+04   4.409945e+04   1.195628e+05   1.333573e+00  -2.241790e+00  -5.771244e-23   1.474304e+05   5.269470e-46   0.000000e+00   0.000000e+00
     1704000   1.703999e-05   1.363433e+00   1.473675e+01   2.114770e+01   7.413296e+04   4.409945e+04   1.195628e+05   1.412728e+00  -2.374854e+00  -3.609150e-23   1.474304e+05   5.913590e-46   0.000000e+00   0.000000e+00
     1712000   1.711999e-05   1.369363e+00   1.474027e+01   2.115727e+01   7.413296e+04   4.409945e+04   1.195628e+05   1.491884e+00  -2.507917e+00  -1.447128e-23   1.474304e+05   6.594841e-46   0.000000e+00   0.000000e+00
     1720000   1.719999e-05   1.375294e+00   1.474380e+01   2.116683e+01   7.413296e+04   4.409945e+04   1.195628e+05   1.571039e+00  -2.640981e+00  -1.669616e-23   1.474304e+05   7.313223e-46   0.000000e+00   0.000000e+00
     1728000   1.727999e-05   1.381225e+00   1.474733e+01   2.117640e+01   7.413296e+04   4.409945e+04   1.195628e+05   1.650195e+00  -2.774045e+00   2.878947e-23   1.474304e+05   8.068735e-46   0.000000e+00   0.000000e+00
     1736000   1.735999e-05   1.387155e+00   1.475086e+01   2.118596e+01   7.413296e+04   4.409945e+04   1.195628e+05   1.729351e+00  -2.907109e+00   2.715859e-24   1.474304e+05   8.861378e-46   0.000000e+00   0.000000e+00
     1744000   1.743999e-05   1.393086e+00   1.475439e+01   2.119553e+01   7.413296e+04   4.409945e+04   1.195628e+05   1.808506e+00  -3.040173e+00   4.960524e-25   1.474304e+05   9.691151e-46   0.000000e+00   0.000000e+00
     1752000   1.751999e-05   1.399017e+00   1.475791e+01   2.120509e+01   7.413296e+04   4.409945e+04   1.195628e+05   1.355036e-01  -2.277870e-01  -2.292609e-25   1.474304e+05   5.441394e-48   0.000000e+00   0.000000e+00
     1760000   1.759999e-05   1.404947e+00   1.476144e+01   2.121466e+01   7.413296e+04   4.409945e+04   1.195628e+05   3.561118e-01  -5.986384e-01  -7.577578e-24   1.474304e+05   3.757753e-47   0.000000e+00   0.000000e+00
     1768000   1.767999e-05   1.410878e+00   1.476497e+01   2.122422e+01   7.413296e+04   4.409945e+04   1.195628e+05   3.055053e-01  -5.135668e-01   9.870489e-24   1.474304e+05   2.765640e-47   0.000000e+00   0.000000e+00
     1776000   1.775999e-05   1.416808e+00   1.476850e+01   2.123379e+01   7.413296e+04   4.409945e+04   1.195628e+05   2.548988e-01  -4.284953e-01  -5.480484e-24   1.474304e+05   1.925295e-47   0.000000e+00   0.000000e+00
     1784000   1.783999e-05   1.422739e+00   1.477203e+01   2.124335e+01   7.413296e+04   4.409945e+04   1.195628e+05   2.042923e-01  -3.434237e-01  -5.924363e-24   1.474304e+05   1.236719e-47   0.000000e+00   0.000000e+00
     1792000   1.791999e-05   1.428670e+00   1.477555e+01   2.125292e+01   7.413296e+04   4.409945e+04   1.195628e+05   1.536858e-01  -2.583521e-01  -4.064697e-25   1.474304e+05   6.999118e-48   0.000000e+00   0.000000e+00
     1800000   1.799999e-05   1.434600e+00   1.477908e+01   2.126248e+01   7.413296e+04   4.409945e+04   1.195628e+05   1.030793e-01  -1.732805e-01   2.129766e-24   1.474304e+05   3.148737e-48   0.000000e+00   0.000000e+00
     1808000   1.807999e-05   1.440531e+00   1.478261e+01   2.127205e+01   7.413296e+04   4.409945e+04   1.195628e+05   5.247280e-02  -8.820891e-02  -5.519010e-25   1.474304e+05   8.160434e-49   0.000000e+00   0.000000e+00
     1816000   1.815999e-05   1.446462e+00   1.478614e+01   2.128161e+01   7.413296e+04   4.409945e+04   1.195628e+05   1.866300e-03  -3.137326e-03   2.762154e-26   1.474304e+05   1.039063e-51   0.000000e+00   0.000000e+00
     1824000   1.823999e-05   1.452392e+00   1.478967e+01   2.129118e+01   7.413296e+04   4.409945e+04   1.195628e+05  -4.874020e-02   8.193426e-02  -6.973312e-25   1.474304e+05   7.037234e-49   0.000000e+00   0.000000e+00
     1832000   1.831999e-05   1.458323e+00   1.479319e+01   2.130074e+01   7.413296e+04   4.409945e+04   1.195628e+05  -3.469156e+00   5.831792e+00   9.079518e-23   1.474304e+05   3.565946e-45   0.000000e+00   0.000000e+00
     1840000   1.839999e-05   1.464254e+00   1.479672e+01   2.131031e+01   7.413296e+04   4.409945e+04   1.195628e+05  -3.881199e+00   6.524454e+00   1.086748e-22   1.474304e+05   4.463345e-45   0.000000e+00   0.000000e+00
     1848000   1.847999e-05   1.470184e+00   1.480025e+01   2.131987e+01   7.413296e+04   4.409945e+04   1.195628e+05  -1.292572e-01   2.172867e-01   4.554115e-25   1.474304e+05   4.954713e-48   0.000000e+00   0.000000e+00
     1856000   1.855999e-05   1.476115e+00   1.480378e+01   2.132944e+01   7.413296e+04   4.409945e+04   1.195628e+05   3.097905e-01  -5.207704e-01   1.275164e-24   1.474304e+05   2.842643e-47   0.000000e+00   0.000000e+00
     1864000   1.863999e-05   1.482045e+00   1.480731e+01   2.133900e+01   7.413296e+04   4.409945e+04   1.195628e+05   7.488382e-01  -1.258827e+00  -6.843555e-24   1.474304e+05   1.661317e-46   0.000000e+00   0.000000e+00
     1872000   1.871999e-05   1.487976e+00   1.481083e+01   2.134857e+01   7.413296e+04   4.409945e+04   1.195628e+05   1.187886e+00  -1.996885e+00   2.080246e-23   1.474304e+05   4.180704e-46   0.000000e+00   0.000000e+00
     1880000   1.879999e-05   1.493907e+00   1.481436e+01   2.135813e+01   7.413296e+04   4.409945e+04   1.195628e+05   1.626934e+00  -2.734942e+00  -1.118082e-23   1.474304e+05   7.842427e-46   0.000000e+00   0.000000e+00
     1888000   1.887999e-05   1.499837e+00   1.481789e+01   2.136770e+01   7.413296e+04   4.409945e+04   1.195628e+05   2.065981e+00  -3.472999e+00  -1.929637e-23   1.474304e+05   1.264648e-45   0.000000e+00   0.000000e+00
     1896000   1.895999e-05   1.505768e+00   1.482142e+01   2.137726e+01   7.413296e+04   4.409945e+04   1.195628e+05   1.153844e+00  -1.939658e+00  -1.419941e-23   1.474304e+05   3.944691e-46   0.000000e+00   0.000000e+00
     1904000   1.903999e-05   1.511699e+00   1.482495e+01   2.138683e+01   7.413296e+04   4.409945e+04   1.195628e+05   1.376709e+00  -2.314305e+00   2.358419e-23   1.474304e+05   5.615742e-46   0.000000e+00   0.000000e+00
     1912000   1.911999e-05   1.517629e+00   1.482847e+01   2.139639e+01   7.413296e+04   4.409945e+04   1.195628e+05   1.599575e+00  -2.688951e+00  -3.404245e-23   1.474304e+05   7.581138e-46   0.000000e+00   0.000000e+00
     1920000   1.919999e-05   1.523560e+00   1.483200e+01   2.140596e+01   7.413296e+04   4.409945e+04   1.195628e+05   9.291472e-01  -1.561934e+00   6.862570e-24   1.474304e+05   2.558107e-46   0.000000e+00   0.000000e+00
     1928000   1.927999e-05   1.529491e+00   1.483553e+01   2.141552e+01   7.413296e+04   4.409945e+04   1.195628e+05   8.465421e-01  -1.423072e+00   3.024257e-23   1.474304e+05   2.123478e-46   0.000000e+00   0.000000e+00
     1936000   1.935999e-05   1.535421e+00   1.483906e+01   2.142509e+01   7.413296e+04   4.409945e+04   1.195628e+05   7.639370e-01  -1.284209e+00   5.918114e-24   1.474304e+05   1.729287e-46   0.000000e+00   0.000000e+00
     1944000   1.943999e-05   1.541352e+00   1.484258e+01   2.143465e+01   7.413296e+04   4.409945e+04   1.195628e+05   6.813320e-01  -1.145347e+00  -1.839345e-23   1.474304e+05   1.375532e-46   0.000000e+00   0.000000e+00
     1952000   1.951999e-05   1.547282e+00   1.484611e+01   2.144422e+01   7.413296e+04   4.409945e+04   1.195628e+05   5.987269e-01  -1.006484e+00  -6.921100e-24   1.474304e+05   1.062215e-46   0.000000e+00   0.000000e+00
     1960000   1.959999e-05   1.553213e+00   1.484964e+01   2.145378e+01   7.413296e+04   4.409945e+04   1.195628e+05   5.161218e-01  -8.676218e-01  -7.378810e-24   1.474304e+05   7.893360e-47   0.000000e+00   0.000000e+00
     1968000   1.967999e-05   1.559144e+00   1.485317e+01   2.146335e+01   7.413296e+04   4.409945e+04   1.195628e+05   4.335168e-01  -7.287593e-01  -7.837835e-24   1.474304e+05   5.568940e-47   0.000000e+00   0.000000e+00
     1976000   1.975999e-05   1.565074e+00   1.485670e+01   2.147291e+01   7.413296e+04   4.409945e+04   1.195628e+05   3.509117e-01  -5.898968e-01  -8.298175e-24   1.474304e+05   3.648895e-47   0.000000e+00   0.000000e+00
     1984000   1.983999e-05   1.571005e+00   1.486022e+01   2.148248e+01   7.413296e+04   4.409945e+04   1.195628e+05   2.683066e-01  -4.510343e-01   1.851430e-25   1.474304e+05   2.133223e-47   0.000000e+00   0.000000e+00
     1992000   1.991999e-05   1.576936e+00   1.486375e+01   2.149204e+01   7.413296e+04   4.409945e+04   1.195628e+05   1.857015e-01  -3.121719e-01  -2.783768e-25   1.474304e+05   1.021926e-47   0.000000e+00   0.000000e+00
     2000000   1.999999e-05   1.582866e+00   1.486728e+01   2.150161e+01   7.413296e+04   4.409945e+04   1.195628e+05   2.512053e+00  -4.222863e+00   1.246402e-23   1.474304e+05   1.869769e-45   0.000000e+00   0.000000e+00
     2008000   2.007999e-05   1.588797e+00   1.487081e+01   2.151117e+01   7.413296e+04   4.409945e+04   1.195628e+05   2.734919e+00  -4.597510e+00   2.525288e-24   1.474304e+05   2.216257e-45   0.000000e+00   0.000000e+00
     2016000   2.015999e-05   1.594728e+00   1.487434e+01   2.152074e+01   7.413296e+04   4.409945e+04   1.195628e+05   2.957785e+00  -4.972156e+00   4.030429e-23   1.474304e+05   2.592179e-45   0.000000e+00   0.000000e+00
     2024000   2.023999e-05   1.600658e+00   1.487786e+01   2.153030e+01   7.413296e+04   4.409945e+04   1.195628e+05  -1.206444e+00   2.028081e+00   3.336648e-23   1.474304e+05   4.312368e-46   0.000000e+00   0.000000e+00
     2032000   2.031999e-05   1.606589e+00   1.488139e+01   2.153987e+01   7.413296e+04   4.409945e+04   1.195628e+05  -1.635713e+00   2.749700e+00  -1.007609e-23   1.474304e+05   7.927308e-46   0.000000e+00   0.000000e+00
     2040000   2.039999e-05   1.612519e+00   1.488492e+01   2.154943e+01   7.413296e+04   4.409945e+04   1.195628e+05  -2.064982e+00   3.471318e+00  -5.797801e-24   1.474304e+05   1.263426e-45   0.000000e+00   0.000000e+00
     2048000   2.047999e-05   1.618450e+00   1.488845e+01   2.155900e+01   7.413296e+04   4.409945e+04   1.195628e+05  -2.494251e+00   4.192937e+00  -1.546426e-24   1.474304e+05   1.843324e-45   0.000000e+00   0.000000e+00
     2056000   2.055999e-05   1.624381e+00   1.489198e+01   2.156856e+01   7.413296e+04   4.409945e+04   1.195628e+05  -2.923519e+00   4.914555e+00   2.699122e-24   1.474304e+05   2.532422e-45   0.000000e+00   0.000000e+00
     2064000   2.063999e-05   1.630311e+00   1.489550e+01   2.157813e+01   7.413296e+04   4.409945e+04   1.195628e+05  -3.352788e+00   5.636174e+00   5.467164e-23   1.474304e+05   3.330723e-45   0.000000e+00   0.000000e+00
     2072000   2.071999e-05   1.636242e+00   1.489903e+01   2.158769e+01   7.413296e+04   4.409945e+04   1.195628e+05  -3.782057e+00   6.357792e+00   5.893217e-23   1.474304e+05   4.238225e-45   0.000000e+00   0.000000e+00
     2080000   2.079999e-05   1.642173e+00   1.490256e+01   2.159726e+01   7.413296e+04   4.409945e+04   1.195628e+05  -1.376199e+00   2.313446e+00   1.760581e-23   1.474304e+05   5.611900e-46   0.000000e+00   0.000000e+00
     2088000   2.087999e-05   1.648103e+00   1.490609e+01   2.160682e+01   7.413296e+04   4.409945e+04   1.195628e+05  -8.241965e-01   1.385508e+00   1.810624e-23   1.474304e+05   2.012926e-46   0.000000e+00   0.000000e+00
     2096000   2.095999e-05   1.654034e+00   1.490962e+01   2.161639e+01   7.413296e+04   4.409945e+04   1.195628e+05  -6.257738e-01   1.051951e+00   7.390067e-24   1.474304e+05   1.160404e-46   0.000000e+00   0.000000e+00
     2104000   2.103999e-05   1.659965e+00   1.491314e+01   2.162595e+01   7.413296e+04   4.409945e+04   1.195628e+05  -4.273511e-01   7.183946e-01  -1.525028e-23   1.474304e+05   5.412030e-47   0.000000e+00   0.000000e+00
     2112000   2.111999e-05   1.665895e+00   1.491667e+01   2.163552e+01   7.413296e+04   4.409945e+04   1.195628e+05  -2.289284e-01   3.848380e-01  -2.113889e-24   1.474304e+05   1.553222e-47   0.000000e+00   0.000000e+00
     2120000   2.119999e-05   1.671826e+00   1.492020e+01   2.164508e+01   7.413296e+04   4.409945e+04   1.195628e+05  -3.050572e-02   5.128136e-02  -1.621019e-25   1.474304e+05   2.761904e-49   0.000000e+00   0.000000e+00
     2128000   2.127999e-05   1.677756e+00   1.492373e+01   2.165465e+01   7.413296e+04   4.409945e+04   1.195628e+05   1.679170e-01  -2.822753e-01   2.987411e-25   1.474304e+05   8.352203e-48   0.000000e+00   0.000000e+00
     2136000   2.135999e-05   1.683687e+00   1.492726e+01   2.166421e+01   7.413296e+04   4.409945e+04   1.195628e+05   3.663397e-01  -6.158319e-01   7.470518e-24   1.474304e+05   3.976026e-47   0.000000e+00   0.000000e+00
     2144000   2.143999e-05   1.689618e+00   1.493078e+01   2.167378e+01   7.413296e+04   4.409945e+04   1.195628e+05   5.647624e-01  -9.493886e-01   2.719149e-24   1.474304e+05   9.450037e-47   0.000000e+00   0.000000e+00
     2152000   2.151999e-05   1.695548e+00   1.493431e+01   2.168334e+01   7.413296e+04   4.409945e+04   1.195628e+05   7.631851e-01  -1.282945e+00  -1.991941e-23   1.474304e+05   1.725725e-46   0.000000e+00   0.000000e+00
     2160000   2.159999e-05   1.701479e+00   1.493784e+01   2.169291e+01   7.413296e+04   4.409945e+04   1.195628e+05   4.592390e-02  -7.719995e-02  -4.905808e-25   1.474304e+05   6.248586e-49   0.000000e+00   0.000000e+00
     2168000   2.167999e-05   1.707410e+00   1.494137e+01   2.170248e+01   7.413296e+04   4.409945e+04   1.195628e+05   4.460650e-01  -7.498534e-01  -1.993145e-24   1.474304e+05   5.894876e-47   0.000000e+00   0.000000e+00
     2176000   2.175999e-05   1.713340e+00   1.494490e+01   2.171204e+01   7.413296e+04   4.409945e+04   1.195628e+05   6.993911e-01  -1.175705e+00   3.922375e-24   1.474304e+05   1.449242e-46   0.000000e+00   0.000000e+00
     2184000   2.183999e-05   1.719271e+00   1.494842e+01   2.172161e+01   7.413296e+04   4.409945e+04   1.195628e+05   9.527172e-01  -1.601556e+00   3.861441e-24   1.474304e+05   2.689300e-46   0.000000e+00   0.000000e+00
     2192000   2.191999e-05   1.725202e+00   1.495195e+01   2.173117e+01   7.413296e+04   4.409945e+04   1.195628e+05   1.206043e+00  -2.027408e+00  -2.005660e-23   1.474304e+05   4.309661e-46   0.000000e+00   0.000000e+00
     2200000   2.199999e-05   1.731132e+00   1.495548e+01   2.174074e+01   7.413296e+04   4.409945e+04   1.195628e+05   1.459369e+00  -2.453259e+00  -4.397307e-23   1.474304e+05   6.310325e-46   0.000000e+00   0.000000e+00
     2208000   2.207999e-05   1.737063e+00   1.495901e+01   2.175030e+01   7.413296e+04   4.409945e+04   1.195628e+05   1.712695e+00  -2.879111e+00  -4.402792e-23   1.474304e+05   8.691292e-46   0.000000e+00   0.000000e+00
     2216000   2.215999e-05   1.742993e+00   1.496254e+01   2.175987e+01   7.413296e+04   4.409945e+04   1.195628e+05   1.966022e+00  -3.304962e+00  -4.407736e-23   1.474304e+05   1.145256e-45   0.000000e+00   0.000000e+00
     2224000   2.223999e-05   1.748924e+00   1.496606e+01   2.176943e+01   7.413296e+04   4.409945e+04   1.195628e+05   2.219348e+00  -3.730814e+00   3.589050e-24   1.474304e+05   1.459414e-45   0.000000e+00   0.000000e+00
     2232000   2.231999e-05   1.754855e+00   1.496959e+01   2.177900e+01   7.413296e+04   4.409945e+04   1.195628e+05   2.472674e+00  -4.156665e+00   3.499672e-24   1.474304e+05   1.811601e-45   0.000000e+00   0.000000e+00
     2240000   2.239999e-05   1.760785e+00   1.497312e+01   2.178856e+01   7.413296e+04   4.409945e+04   1.195628e+05   2.726000e+00  -4.582517e+00   3.416945e-24   1.474304e+05   2.201819e-45   0.000000e+00   0.000000e+00
     2248000   2.247999e-05   1.766716e+00   1.497665e+01   2.179813e+01   7.413296e+04   4.409945e+04   1.195628e+05   2.979326e+00  -5.008368e+00   3.345155e-24   1.474304e+05   2.630068e-45   0.000000e+00   0.000000e+00
     2256000   2.255999e-05   1.772647e+00   1.498018e+01   2.180769e+01   7.413296e+04   4.409945e+04   1.195628e+05   1.437290e+00  -2.416142e+00   2.787745e-23   1.474304e+05   6.121072e-46   0.000000e+00   0.000000e+00
     2264000   2.263999e-05   1.778577e+00   1.498370e+01   2.181726e+01   7.413296e+04   4.409945e+04   1.195628e+05   1.452473e+00  -2.441667e+00  -2.702629e-23   1.474304e+05   6.251083e-46   0.000000e+00   0.000000e+00
     2272000   2.271999e-05   1.784508e+00   1.498723e+01   2.182682e+01   7.413296e+04   4.409945e+04   1.195628e+05   1.467657e+00  -2.467191e+00   1.348288e-23   1.474304e+05   6.382461e-46   0.000000e+00   0.000000e+00
     2280000   2.279999e-05   1.790439e+00   1.499076e+01   2.183639e+01   7.413296e+04   4.409945e+04   1.195628e+05   1.482841e+00  -2.492716e+00   5.399192e-23   1.474304e+05   6.515204e-46   0.000000e+00   0.000000e+00
     2288000   2.287999e-05   1.796369e+00   1.499429e+01   2.184595e+01   7.413296e+04   4.409945e+04   1.195628e+05   1.498024e+00  -2.518240e+00  -2.476551e-23   1.474304e+05   6.649314e-46   0.000000e+00   0.000000e+00
     2296000   2.295999e-05   1.802300e+00   1.499781e+01   2.185552e+01   7.413296e+04   4.409945e+04   1.195628e+05  -4.118769e-01   6.923819e-01   5.124944e-24   1.474304e+05   5.026925e-47   0.000000e+00   0.000000e+00
     2304000   2.303999e-05   1.808230e+00   1.500134e+01   2.186508e+01   7.413296e+04   4.409945e+04   1.195628e+05  -4.416927e-01   7.425034e-01   5.842186e-25   1.474304e+05   5.781649e-47   0.000000e+00   0.000000e+00
     2312000   2.311999e-05   1.814161e+00   1.500487e+01   2.187465e+01   7.413296e+04   4.409945e+04   1.195628e+05  -1.523993e-01   2.561894e-01  -2.436344e-24   1.474304e+05   6.885126e-48   0.000000e+00   0.000000e+00
     2320000   2.319999e-05   1.820092e+00   1.500840e+01   2.188421e+01   7.413296e+04   4.409945e+04   1.195628e+05   1.368942e-01  -2.301247e-01  -2.477986e-24   1.474304e+05   5.549843e-48   0.000000e+00   0.000000e+00
     2328000   2.327999e-05   1.826022e+00   1.501193e+01   2.189378e+01   7.413296e+04   4.409945e+04   1.195628e+05   4.261876e-01  -7.164388e-01  -5.498826e-24   1.474304e+05   5.381063e-47   0.000000e+00   0.000000e+00
     2336000   2.335999e-05   1.831953e+00   1.501545e+01   2.190334e+01   7.413296e+04   4.409945e+04   1.195628e+05   1.202125e-01  -2.020821e-01  -2.179505e-24   1.474304e+05   4.281382e-48   0.000000e+00   0.000000e+00
     2344000   2.343999e-05   1.837884e+00   1.501898e+01   2.191291e+01   7.413296e+04   4.409945e+04   1.195628e+05   1.814549e-01  -3.050331e-01  -2.943862e-24   1.474304e+05   9.755307e-48   0.000000e+00   0.000000e+00
     2352000   2.351999e-05   1.843814e+00   1.502251e+01   2.192247e+01   7.413296e+04   4.409945e+04   1.195628e+05   2.426973e-01  -4.079841e-01  -7.257323e-25   1.474304e+05   1.745190e-47   0.000000e+00   0.000000e+00
     2360000   2.359999e-05   1.849745e+00   1.502604e+01   2.193204e+01   7.413296e+04   4.409945e+04   1.195628e+05   3.039398e-01  -5.109351e-01   1.494197e-24   1.474304e+05   2.737116e-47   0.000000e+00   0.000000e+00
     2368000   2.367999e-05   1.855676e+00   1.502957e+01   2.194160e+01   7.413296e+04   4.409945e+04   1.195628e+05   3.651822e-01  -6.138861e-01  -8.211531e-24   1.474304e+05   3.951310e-47   0.000000e+00   0.000000e+00
     2376000   2.375999e-05   1.861606e+00   1.503309e+01   2.195117e+01   7.413296e+04   4.409945e+04   1.195628e+05   4.264246e-01  -7.168371e-01  -5.989651e-24   1.474304e+05   5.387770e-47   0.000000e+00   0.000000e+00
     2384000   2.383999e-05   1.867537e+00   1.503662e+01   2.196073e+01   7.413296e+04   4.409945e+04   1.195628e+05   4.876670e-01  -8.197881e-01  -3.766798e-24   1.474304e+05   7.046497e-47   0.000000e+00   0.000000e+00
     2392000   2.391999e-05   1.873467e+00   1.504015e+01   2.197030e+01   7.413296e+04   4.409945e+04   1.195628e+05   5.489094e-01  -9.227391e-01  -1.346960e-23   1.474304e+05   8.927491e-47   0.000000e+00   0.000000e+00
     2400000   2.399999e-05   1.879398e+00   1.504368e+01   2.197986e+01   7.413296e+04   4.409945e+04   1.195628e+05   6.101519e-01  -1.025690e+00   6.818353e-25   1.474304e+05   1.103075e-46   0.000000e+00   0.000000e+00
     2408000   2.407999e-05   1.885329e+00   1.504721e+01   2.198943e+01   7.413296e+04   4.409945e+04   1.195628e+05   6.713943e-01  -1.128641e+00  -9.017084e-24   1.474304e+05   1.335628e-46   0.000000e+00   0.000000e+00
     2416000   2.415999e-05   1.891259e+00   1.505073e+01   2.199899e+01   7.413296e+04   4.409945e+04   1.195628e+05   7.326367e-01  -1.231592e+00  -6.786034e-24   1.474304e+05   1.590407e-46   0.000000e+00   0.000000e+00
     2424000   2.423999e-05   1.897190e+00   1.505426e+01   2.200856e+01   7.413296e+04   4.409945e+04   1.195628e+05   2.663020e+00  -4.476646e+00  -1.889603e-23   1.474304e+05   2.101248e-45   0.000000e+00   0.000000e+00
     2432000   2.431999e-05   1.903121e+00   1.505779e+01   2.201812e+01   7.413296e+04   4.409945e+04   1.195628e+05   1.469871e+00  -2.470912e+00   3.454281e-23   1.474304e+05   6.401864e-46   0.000000e+00   0.000000e+00
     2440000   2.439999e-05   1.909051e+00   1.506132e+01   2.202769e+01   7.413296e+04   4.409945e+04   1.195628e+05   1.358713e+00  -2.284053e+00   1.819523e-23   1.474304e+05   5.470220e-46   0.000000e+00   0.000000e+00
     2448000   2.447999e-05   1.914982e+00   1.506485e+01   2.203725e+01   7.413296e+04   4.409945e+04   1.195628e+05   1.247556e+00  -2.097193e+00   2.570193e-23   1.474304e+05   4.611797e-46   0.000000e+00   0.000000e+00
     2456000   2.455999e-05   1.920913e+00   1.506837e+01   2.204682e+01   7.413296e+04   4.409945e+04   1.195628e+05   1.136399e+00  -1.910334e+00   3.320964e-23   1.474304e+05   3.826597e-46   0.000000e+00   0.000000e+00
     2464000   2.463999e-05   1.926843e+00   1.507190e+01   2.205638e+01   7.413296e+04   4.409945e+04   1.195628e+05   1.025242e+00  -1.723474e+00  -1.891899e-23   1.474304e+05   3.114619e-46   0.000000e+00   0.000000e+00
     2472000   2.471999e-05   1.932774e+00   1.507543e+01   2.206595e+01   7.413296e+04   4.409945e+04   1.195628e+05   9.140853e-01  -1.536615e+00   1.243717e-23   1.474304e+05   2.475864e-46   0.000000e+00   0.000000e+00
     2480000   2.479999e-05   1.938704e+00   1.507896e+01   2.207551e+01   7.413296e+04   4.409945e+04   1.195628e+05   8.029283e-01  -1.349755e+00  -2.776369e-23   1.474304e+05   1.910331e-46   0.000000e+00   0.000000e+00
     2488000   2.487999e-05   1.944635e+00   1.508249e+01   2.208508e+01   7.413296e+04   4.409945e+04   1.195628e+05   6.917713e-01  -1.162896e+00  -8.322275e-24   1.474304e+05   1.418021e-46   0.000000e+00   0.000000e+00
     2496000   2.495999e-05   1.950566e+00   1.508601e+01   2.209464e+01   7.413296e+04   4.409945e+04   1.195628e+05   5.806142e-01  -9.760362e-01  -7.984271e-25   1.474304e+05   9.989327e-47   0.000000e+00   0.000000e+00
     2504000   2.503999e-05   1.956496e+00   1.508954e+01   2.210421e+01   7.413296e+04   4.409945e+04   1.195628e+05   1.075265e+00  -1.807565e+00  -1.103921e-23   1.474304e+05   3.425869e-46   0.000000e+00   0.000000e+00
     2512000   2.511999e-05   1.962427e+00   1.509307e+01   2.211377e+01   7.413296e+04   4.409945e+04   1.195628e+05   1.082194e+00  -1.819211e+00  -4.225682e-23   1.474304e+05   3.470158e-46   0.000000e+00   0.000000e+00
     2520000   2.519999e-05   1.968358e+00   1.509660e+01   2.212334e+01   7.413296e+04   4.409945e+04   1.195628e+05   1.089122e+00  -1.830858e+00  -1.906302e-24   1.474304e+05   3.514732e-46   0.000000e+00   0.000000e+00
     2528000   2.527999e-05   1.974288e+00   1.510013e+01   2.213290e+01   7.413296e+04   4.409945e+04   1.195628e+05   1.251319e-01  -2.103519e-01  -4.212084e-24   1.474304e+05   4.642080e-48   0.000000e+00   0.000000e+00
     2536000   2.535999e-05   1.980219e+00   1.510365e+01   2.214247e+01   7.413296e+04   4.409945e+04   1.195628e+05  -1.470690e-01   2.472290e-01   7.879500e-24   1.474304e+05   6.405918e-48   0.000000e+00   0.000000e+00
     2544000   2.543999e-05   1.986150e+00   1.510718e+01   2.215203e+01   7.413296e+04   4.409945e+04   1.195628e+05  -4.192699e-01   7.048098e-01   5.927944e-25   1.474304e+05   5.207833e-47   0.000000e+00   0.000000e+00
     2552000   2.551999e-05   1.992080e+00   1.511071e+01   2.216160e+01   7.413296e+04   4.409945e+04   1.195628e+05  -6.914709e-01   1.162391e+00   2.256546e-24   1.474304e+05   1.416593e-46   0.000000e+00   0.000000e+00
     2560000   2.559999e-05   1.998011e+00   1.511424e+01   2.217116e+01   7.413296e+04   4.409945e+04   1.195628e+05  -9.636718e-01   1.619972e+00   1.583467e-23   1.474304e+05   2.751489e-46   0.000000e+00   0.000000e+00
     2568000   2.567999e-05   2.003941e+00   1.511777e+01   2.218073e+01   7.413296e+04   4.409945e+04   1.195628e+05  -1.270827e+00   2.136311e+00  -7.869761e-24   1.474304e+05   4.785266e-46   0.000000e+00   0.000000e+00
     2576000   2.575999e-05   2.009872e+00   1.512129e+01   2.219029e+01   7.413296e+04   4.409945e+04   1.195628e+05  -1.348263e+00   2.266485e+00   5.187067e-23   1.474304e+05   5.386207e-46   0.000000e+00   0.000000e+00
     2584000   2.583999e-05   2.015803e+00   1.512482e+01   2.219986e+01   7.413296e+04   4.409945e+04   1.195628e+05  -1.425699e+00   2.396658e+00   1.619735e-23   1.474304e+05   6.022683e-46   0.000000e+00   0.000000e+00
     2592000   2.591999e-05   2.021733e+00   1.512835e+01   2.220942e+01   7.413296e+04   4.409945e+04   1.195628e+05  -5.387336e-01   9.056331e-01   1.220184e-23   1.474304e+05   8.600886e-47   0.000000e+00   0.000000e+00
     2600000   2.599999e-05   2.027664e+00   1.513188e+01   2.221899e+01   7.413296e+04   4.409945e+04   1.195628e+05  -2.660943e-01   4.473154e-01  -6.453115e-25   1.474304e+05   2.098566e-47   0.000000e+00   0.000000e+00
     2608000   2.607999e-05   2.033595e+00   1.513541e+01   2.222855e+01   7.413296e+04   4.409945e+04   1.195628e+05   6.544948e-03  -1.100232e-02   1.387855e-26   1.474304e+05   1.256082e-50   0.000000e+00   0.000000e+00
     2616000   2.615999e-05   2.039525e+00   1.513893e+01   2.223812e+01   7.413296e+04   4.409945e+04   1.195628e+05   2.791842e-01  -4.693200e-01  -8.458134e-24   1.474304e+05   2.308957e-47   0.000000e+00   0.000000e+00
     2624000   2.623999e-05   2.045456e+00   1.514246e+01   2.224768e+01   7.413296e+04   4.409945e+04   1.195628e+05   5.518235e-01  -9.276378e-01   2.043813e-23   1.474304e+05   9.021668e-47   0.000000e+00   0.000000e+00
     2632000   2.631999e-05   2.051387e+00   1.514599e+01   2.225725e+01   7.413296e+04   4.409945e+04   1.195628e+05   8.244628e-01  -1.385955e+00  -1.029852e-23   1.474304e+05   2.013939e-46   0.000000e+00   0.000000e+00
     2640000   2.639999e-05   2.057317e+00   1.514952e+01   2.226681e+01   7.413296e+04   4.409945e+04   1.195628e+05   1.097102e+00  -1.844273e+00   6.656489e-24   1.474304e+05   3.566212e-46   0.000000e+00   0.000000e+00
     2648000   2.647999e-05   2.063248e+00   1.515304e+01   2.227638e+01   7.413296e+04   4.409945e+04   1.195628e+05   1.369741e+00  -2.302591e+00   2.361522e-23   1.474304e+05   5.558986e-46   0.000000e+00   0.000000e+00
     2656000   2.655999e-05   2.069178e+00   1.515657e+01   2.228594e+01   7.413296e+04   4.409945e+04   1.195628e+05   1.642381e+00  -2.760909e+00   1.672434e-23   1.474304e+05   7.992262e-46   0.000000e+00   0.000000e+00
     2664000   2.663999e-05   2.075109e+00   1.516010e+01   2.229551e+01   7.413296e+04   4.409945e+04   1.195628e+05   1.915020e+00  -3.219226e+00  -6.171866e-23   1.474304e+05   1.086604e-45   0.000000e+00   0.000000e+00
     2672000   2.671999e-05   2.081040e+00   1.516363e+01   2.230507e+01   7.413296e+04   4.409945e+04   1.195628e+05   9.750822e-02  -1.639153e-01   4.948782e-25   1.474304e+05   2.817791e-48   0.000000e+00   0.000000e+00
     2680000   2.679999e-05   2.086970e+00   1.516716e+01   2.231464e+01   7.413296e+04   4.409945e+04   1.195628e+05   2.007189e-02  -3.374166e-02   2.356487e-25   1.474304e+05   1.194910e-49   0.000000e+00   0.000000e+00
     2688000   2.687999e-05   2.092901e+00   1.517068e+01   2.232420e+01   7.413296e+04   4.409945e+04   1.195628e+05  -5.736444e-02   9.643196e-02  -7.689960e-25   1.474304e+05   9.747182e-49   0.000000e+00   0.000000e+00
     2696000   2.695999e-05   2.098832e+00   1.517421e+01   2.233377e+01   7.413296e+04   4.409945e+04   1.195628e+05  -1.348008e-01   2.266056e-01   2.326140e-24   1.474304e+05   5.383472e-48   0.000000e+00   0.000000e+00
     2704000   2.703999e-05   2.104762e+00   1.517774e+01   2.234333e+01   7.413296e+04   4.409945e+04   1.195628e+05   4.449117e-01  -7.479147e-01  -1.523799e-24   1.474304e+05   5.865481e-47   0.000000e+00   0.000000e+00
     2712000   2.711999e-05   2.110693e+00   1.518127e+01   2.235290e+01   7.413296e+04   4.409945e+04   1.195628e+05   3.799330e-01  -6.386828e-01  -7.535616e-25   1.474304e+05   4.277329e-47   0.000000e+00   0.000000e+00
     2720000   2.719999e-05   2.116624e+00   1.518480e+01   2.236246e+01   7.413296e+04   4.409945e+04   1.195628e+05   3.149542e-01  -5.294509e-01   1.564297e-26   1.474304e+05   2.939391e-47   0.000000e+00   0.000000e+00
     2728000   2.727999e-05   2.122554e+00   1.518832e+01   2.237203e+01   7.413296e+04   4.409945e+04   1.195628e+05   2.499755e-01  -4.202189e-01  -2.197846e-24   1.474304e+05   1.851668e-47   0.000000e+00   0.000000e+00
     2736000   2.735999e-05   2.128485e+00   1.519185e+01   2.238159e+01   7.413296e+04   4.409945e+04   1.195628e+05   1.849967e-01  -3.109870e-01   1.550235e-24   1.474304e+05   1.014160e-47   0.000000e+00   0.000000e+00
     2744000   2.743999e-05   2.134415e+00   1.519538e+01   2.239116e+01   7.413296e+04   4.409945e+04   1.195628e+05   1.200180e-01  -2.017551e-01   8.248015e-25   1.474304e+05   4.268659e-48   0.000000e+00   0.000000e+00
     2752000   2.751999e-05   2.140346e+00   1.519891e+01   2.240072e+01   7.413296e+04   4.409945e+04   1.195628e+05   2.358109e+00  -3.964077e+00   1.316996e-23   1.474304e+05   1.647647e-45   0.000000e+00   0.000000e+00
     2760000   2.759999e-05   2.146277e+00   1.520244e+01   2.241029e+01   7.413296e+04   4.409945e+04   1.195628e+05   1.200240e+00  -2.017653e+00   2.729259e-24   1.474304e+05   4.268919e-46   0.000000e+00   0.000000e+00
     2768000   2.767999e-05   2.152207e+00   1.520596e+01   2.241985e+01   7.413296e+04   4.409945e+04   1.195628e+05   7.437113e-01  -1.250209e+00  -2.959521e-24   1.474304e+05   1.639138e-46   0.000000e+00   0.000000e+00
     2776000   2.775999e-05   2.158138e+00   1.520949e+01   2.242942e+01   7.413296e+04   4.409945e+04   1.195628e+05   2.871821e-01  -4.827649e-01  -2.669999e-24   1.474304e+05   2.444711e-47   0.000000e+00   0.000000e+00
     2784000   2.783999e-05   2.164069e+00   1.521302e+01   2.243898e+01   7.413296e+04   4.409945e+04   1.195628e+05  -1.693470e-01   2.846792e-01   3.576233e-24   1.474304e+05   8.491853e-48   0.000000e+00   0.000000e+00
     2792000   2.791999e-05   2.169999e+00   1.521655e+01   2.244855e+01   7.413296e+04   4.409945e+04   1.195628e+05  -6.258762e-01   1.052123e+00   1.578990e-23   1.474304e+05   1.160480e-46   0.000000e+00   0.000000e+00
     2800000   2.799999e-05   2.175930e+00   1.522008e+01   2.245811e+01   7.413296e+04   4.409945e+04   1.195628e+05  -1.082405e+00   1.819567e+00  -1.821331e-24   1.474304e+05   3.471156e-46   0.000000e+00   0.000000e+00
     2808000   2.807999e-05   2.181861e+00   1.522360e+01   2.246768e+01   7.413296e+04   4.409945e+04   1.195628e+05  -1.538934e+00   2.587012e+00   1.634512e-23   1.474304e+05   7.016946e-46   0.000000e+00   0.000000e+00
     2816000   2.815999e-05   2.187791e+00   1.522713e+01   2.247724e+01   7.413296e+04   4.409945e+04   1.195628e+05  -1.995464e+00   3.354456e+00  -1.255386e-24   1.474304e+05   1.179785e-45   0.000000e+00   0.000000e+00
     2824000   2.823999e-05   2.193722e+00   1.523066e+01   2.248681e+01   7.413296e+04   4.409945e+04   1.195628e+05  -2.451993e+00   4.121900e+00   4.980728e-24   1.474304e+05   1.781387e-45   0.000000e+00   0.000000e+00
     2832000   2.831999e-05   2.199653e+00   1.523419e+01   2.249637e+01   7.413296e+04   4.409945e+04   1.195628e+05  -2.908522e+00   4.889344e+00   5.891006e-23   1.474304e+05   2.506500e-45   0.000000e+00   0.000000e+00
     2840000   2.839999e-05   2.205583e+00   1.523772e+01   2.250594e+01   7.413296e+04   4.409945e+04   1.195628e+05   8.896643e-01  -1.495562e+00   7.336440e-24   1.474304e+05   2.345395e-46   0.000000e+00   0.000000e+00
     2848000   2.847999e-05   2.211514e+00   1.524124e+01   2.251550e+01   7.413296e+04   4.409945e+04   1.195628e+05   6.961842e-01  -1.170314e+00  -6.105453e-24   1.474304e+05   1.436212e-46   0.000000e+00   0.000000e+00
     2856000   2.855999e-05   2.217444e+00   1.524477e+01   2.252507e+01   7.413296e+04   4.409945e+04   1.195628e+05   5.027041e-01  -8.450660e-01   4.317899e-24   1.474304e+05   7.488705e-47   0.000000e+00   0.000000e+00
     2864000   2.863999e-05   2.223375e+00   1.524830e+01   2.253463e+01   7.413296e+04   4.409945e+04   1.195628e+05   3.092240e-01  -5.198181e-01   2.810196e-24   1.474304e+05   2.833703e-47   0.000000e+00   0.000000e+00
     2872000   2.871999e-05   2.229306e+00   1.525183e+01   2.254420e+01   7.413296e+04   4.409945e+04   1.195628e+05   1.157438e-01  -1.945701e-01  -1.682724e-24   1.474304e+05   3.971159e-48   0.000000e+00   0.000000e+00
     2880000   2.879999e-05   2.235236e+00   1.525536e+01   2.255376e+01   7.413296e+04   4.409945e+04   1.195628e+05  -7.773629e-02   1.306779e-01  -1.704339e-24   1.474304e+05   1.789441e-48   0.000000e+00   0.000000e+00
     2888000   2.887999e-05   2.241167e+00   1.525888e+01   2.256333e+01   7.413296e+04   4.409945e+04   1.195628e+05  -2.712164e-01   4.559258e-01  -4.707000e-24   1.474304e+05   2.179188e-47   0.000000e+00   0.000000e+00
     2896000   2.895999e-05   2.247098e+00   1.526241e+01   2.257289e+01   7.413296e+04   4.409945e+04   1.195628e+05  -4.646965e-01   7.811738e-01   8.692981e-24   1.474304e+05   6.397846e-47   0.000000e+00   0.000000e+00
     2904000   2.903999e-05   2.253028e+00   1.526594e+01   2.258246e+01   7.413296e+04   4.409945e+04   1.195628e+05  -6.581767e-01   1.106422e+00  -4.738639e-24   1.474304e+05   1.283492e-46   0.000000e+00   0.000000e+00
     2912000   2.911999e-05   2.258959e+00   1.526947e+01   2.259202e+01   7.413296e+04   4.409945e+04   1.195628e+05  -8.516568e-01   1.431670e+00   5.677182e-24   1.474304e+05   2.149041e-46   0.000000e+00   0.000000e+00
     2920000   2.919999e-05   2.264890e+00   1.527300e+01   2.260159e+01   7.413296e+04   4.409945e+04   1.195628e+05  -7.038352e-01   1.183176e+00   3.046744e-24   1.474304e+05   1.467867e-46   0.000000e+00   0.000000e+00
     2928000   2.927999e-05   2.270820e+00   1.527652e+01   2.261115e+01   7.413296e+04   4.409945e+04   1.195628e+05  -6.744039e-01   1.133700e+00  -2.380996e-23   1.474304e+05   1.347675e-46   0.000000e+00   0.000000e+00
     2936000   2.935999e-05   2.276751e+00   1.528005e+01   2.262072e+01   7.413296e+04   4.409945e+04   1.195628e+05  -6.449727e-01   1.084225e+00   8.964807e-24   1.474304e+05   1.232616e-46   0.000000e+00   0.000000e+00
     2944000   2.943999e-05   2.282681e+00   1.528358e+01   2.263028e+01   7.413296e+04   4.409945e+04   1.195628e+05  -6.155414e-01   1.034750e+00  -5.972009e-24   1.474304e+05   1.122690e-46   0.000000e+00   0.000000e+00
     2952000   2.951999e-05   2.288612e+00   1.528711e+01   2.263985e+01   7.413296e+04   4.409945e+04   1.195628e+05  -5.861101e-01   9.852750e-01   1.487060e-23   1.474304e+05   1.017897e-46   0.000000e+00   0.000000e+00
     2960000   2.959999e-05   2.294543e+00   1.529064e+01   2.264941e+01   7.413296e+04   4.409945e+04   1.195628e+05  -5.566789e-01   9.357999e-01  -6.714927e-26   1.474304e+05   9.182381e-47   0.000000e+00   0.000000e+00
     2968000   2.967999e-05   2.300473e+00   1.529416e+01   2.265898e+01   7.413296e+04   4.409945e+04   1.195628e+05   5.925331e-01  -9.960723e-01  -6.377079e-24   1.474304e+05   1.040218e-46   0.000000e+00   0.000000e+00
     2976000   2.975999e-05   2.306404e+00   1.529769e+01   2.266854e+01   7.413296e+04   4.409945e+04   1.195628e+05   8.170267e-01  -1.373455e+00  -2.688846e-23   1.474304e+05   1.977802e-46   0.000000e+00   0.000000e+00
     2984000   2.983999e-05   2.312335e+00   1.530122e+01   2.267811e+01   7.413296e+04   4.409945e+04   1.195628e+05   2.403701e-02  -4.040720e-02  -4.503873e-25   1.474304e+05   1.709614e-49   0.000000e+00   0.000000e+00
     2992000   2.991999e-05   2.318265e+00   1.530475e+01   2.268767e+01   7.413296e+04   4.409945e+04   1.195628e+05   1.575129e-01  -2.647856e-01  -1.845242e-24   1.474304e+05   7.349882e-48   0.000000e+00   0.000000e+00
     3000000   2.999999e-05   2.324196e+00   1.530827e+01   2.269724e+01   7.413296e+04   4.409945e+04   1.195628e+05   2.909888e-01  -4.891640e-01  -5.847754e-24   1.474304e+05   2.508666e-47   0.000000e+00   0.000000e+00
     3008000   3.007999e-05   2.330127e+00   1.531180e+01   2.270680e+01   7.413296e+04   4.409945e+04   1.195628e+05   5.925626e-01  -9.961218e-01   2.720706e-24   1.474304e+05   1.040335e-46   0.000000e+00   0.000000e+00
     3016000   3.015999e-05   2.336057e+00   1.531533e+01   2.271637e+01   7.413296e+04   4.409945e+04   1.195628e+05   7.858272e-01  -1.321008e+00  -1.823069e-23   1.474304e+05   1.829648e-46   0.000000e+00   0.000000e+00
     3024000   3.023999e-05   2.341988e+00   1.531886e+01   2.272593e+01   7.413296e+04   4.409945e+04   1.195628e+05   9.790919e-01  -1.645893e+00  -1.534403e-23   1.474304e+05   2.840309e-46   0.000000e+00   0.000000e+00
     3032000   3.031999e-05   2.347918e+00   1.532239e+01   2.273550e+01   7.413296e+04   4.409945e+04   1.195628e+05   1.172357e+00  -1.970779e+00  -5.312014e-25   1.474304e+05   4.072317e-46   0.000000e+00   0.000000e+00
     3040000   3.039999e-05   2.353849e+00   1.532591e+01   2.274506e+01   7.413296e+04   4.409945e+04   1.195628e+05   1.365621e+00  -2.295665e+00   2.357393e-24   1.474304e+05   5.525674e-46   0.000000e+00   0.000000e+00
     3048000   3.047999e-05   2.359780e+00   1.532944e+01   2.275463e+01   7.413296e+04   4.409945e+04   1.195628e+05   1.558886e+00  -2.620551e+00   2.910032e-23   1.474304e+05   7.200377e-46   0.000000e+00   0.000000e+00
     3056000   3.055999e-05   2.365710e+00   1.533297e+01   2.276419e+01   7.413296e+04   4.409945e+04   1.195628e+05   1.752150e+00  -2.945436e+00  -6.341334e-23   1.474304e+05   9.096429e-46   0.000000e+00   0.000000e+00
     3064000   3.063999e-05   2.371641e+00   1.533650e+01   2.277376e+01   7.413296e+04   4.409945e+04   1.195628e+05   1.945415e+00  -3.270322e+00  -1.280610e-23   1.474304e+05   1.121383e-45   0.000000e+00   0.000000e+00
     3072000   3.071999e-05   2.377572e+00   1.534003e+01   2.278332e+01   7.413296e+04   4.409945e+04   1.195628e+05   2.138680e+00  -3.595208e+00   1.396602e-23   1.474304e+05   1.355257e-45   0.000000e+00   0.000000e+00
     3080000   3.079999e-05   2.383502e+00   1.534355e+01   2.279289e+01   7.413296e+04   4.409945e+04   1.195628e+05   2.331944e+00  -3.920094e+00   4.069161e-23   1.474304e+05   1.611267e-45   0.000000e+00   0.000000e+00
     3088000   3.087999e-05   2.389433e+00   1.534708e+01   2.280245e+01   7.413296e+04   4.409945e+04   1.195628e+05   2.034905e+00  -3.420758e+00  -2.988509e-23   1.474304e+05   1.226934e-45   0.000000e+00   0.000000e+00
     3096000   3.095999e-05   2.395364e+00   1.535061e+01   2.281202e+01   7.413296e+04   4.409945e+04   1.195628e+05   2.168381e+00  -3.645136e+00   2.874937e-23   1.474304e+05   1.393171e-45   0.000000e+00   0.000000e+00
     3104000   3.103999e-05   2.401294e+00   1.535414e+01   2.282158e+01   7.413296e+04   4.409945e+04   1.195628e+05   1.367013e+00  -2.298004e+00   4.684837e-24   1.474304e+05   5.537206e-46   0.000000e+00   0.000000e+00
     3112000   3.111999e-05   2.407225e+00   1.535767e+01   2.283115e+01   7.413296e+04   4.409945e+04   1.195628e+05   1.297480e+00  -2.181117e+00   1.371530e-23   1.474304e+05   4.988241e-46   0.000000e+00   0.000000e+00
     3120000   3.119999e-05   2.413155e+00   1.536119e+01   2.284071e+01   7.413296e+04   4.409945e+04   1.195628e+05   1.227948e+00  -2.064230e+00  -2.496014e-23   1.474304e+05   4.467927e-46   0.000000e+00   0.000000e+00
     3128000   3.127999e-05   2.419086e+00   1.536472e+01   2.285028e+01   7.413296e+04   4.409945e+04   1.195628e+05   1.158415e+00  -1.947344e+00   3.177810e-23   1.474304e+05   3.976265e-46   0.000000e+00   0.000000e+00
     3136000   3.135999e-05   2.425017e+00   1.536825e+01   2.285984e+01   7.413296e+04   4.409945e+04   1.195628e+05   1.088883e+00  -1.830457e+00  -1.882271e-23   1.474304e+05   3.513254e-46   0.000000e+00   0.000000e+00
     3144000   3.143999e-05   2.430947e+00   1.537178e+01   2.286941e+01   7.413296e+04   4.409945e+04   1.195628e+05   1.019351e+00  -1.713570e+00  -2.172368e-23   1.474304e+05   3.078894e-46   0.000000e+00   0.000000e+00
     3152000   3.151999e-05   2.436878e+00   1.537531e+01   2.287897e+01   7.413296e+04   4.409945e+04   1.195628e+05   9.498183e-01  -1.596683e+00  -1.269713e-23   1.474304e+05   2.673186e-46   0.000000e+00   0.000000e+00
     3160000   3.159999e-05   2.442809e+00   1.537883e+01   2.288854e+01   7.413296e+04   4.409945e+04   1.195628e+05   8.802859e-01  -1.479797e+00  -3.668845e-24   1.474304e+05   2.296129e-46   0.000000e+00   0.000000e+00
     3168000   3.167999e-05   2.448739e+00   1.538236e+01   2.289810e+01   7.413296e+04   4.409945e+04   1.195628e+05   8.107536e-01  -1.362910e+00   5.361178e-24   1.474304e+05   1.947723e-46   0.000000e+00   0.000000e+00
     3176000   3.175999e-05   2.454670e+00   1.538589e+01   2.290767e+01   7.413296e+04   4.409945e+04   1.195628e+05  -1.273826e+00   2.141353e+00  -1.644361e-24   1.474304e+05   4.807725e-46   0.000000e+00   0.000000e+00
     3184000   3.183999e-05   2.460601e+00   1.538942e+01   2.291723e+01   7.413296e+04   4.409945e+04   1.195628e+05  -1.512742e+00   2.542981e+00   4.372351e-23   1.474304e+05   6.780360e-46   0.000000e+00   0.000000e+00
     3192000   3.191999e-05   2.466531e+00   1.539295e+01   2.292680e+01   7.413296e+04   4.409945e+04   1.195628e+05  -1.751659e+00   2.944610e+00  -3.016329e-23   1.474304e+05   9.091264e-46   0.000000e+00   0.000000e+00
     3200000   3.199999e-05   2.472462e+00   1.539647e+01   2.293636e+01   7.413296e+04   4.409945e+04   1.195628e+05  -1.990575e+00   3.346238e+00   1.522082e-23   1.474304e+05   1.174044e-45   0.000000e+00   0.000000e+00
     3208000   3.207999e-05   2.478392e+00   1.540000e+01   2.294593e+01   7.413296e+04   4.409945e+04   1.195628e+05  -2.955216e-01   4.967838e-01  -1.193812e-23   1.474304e+05   2.587786e-47   0.000000e+00   0.000000e+00
     3216000   3.215999e-05   2.484323e+00   1.540353e+01   2.295549e+01   7.413296e+04   4.409945e+04   1.195628e+05  -2.683742e-01   4.511480e-01   1.949160e-24   1.474304e+05   2.134188e-47   0.000000e+00   0.000000e+00
     3224000   3.223999e-05   2.490254e+00   1.540706e+01   2.296506e+01   7.413296e+04   4.409945e+04   1.195628e+05  -2.412269e-01   4.055122e-01  -2.053938e-24   1.474304e+05   1.724264e-47   0.000000e+00   0.000000e+00
     3232000   3.231999e-05   2.496184e+00   1.541059e+01   2.297462e+01   7.413296e+04   4.409945e+04   1.195628e+05  -2.140796e-01   3.598765e-01   2.887360e-24   1.474304e+05   1.358014e-47   0.000000e+00   0.000000e+00
     3240000   3.239999e-05   2.502115e+00   1.541411e+01   2.298419e+01   7.413296e+04   4.409945e+04   1.195628e+05  -7.340503e-01   1.233968e+00   1.626435e-23   1.474304e+05   1.596711e-46   0.000000e+00   0.000000e+00
     3248000   3.247999e-05   2.508046e+00   1.541764e+01   2.299375e+01   7.413296e+04   4.409945e+04   1.195628e+05  -4.997902e-01   8.401677e-01  -2.889467e-24   1.474304e+05   7.402298e-47   0.000000e+00   0.000000e+00
     3256000   3.255999e-05   2.513976e+00   1.542117e+01   2.300332e+01   7.413296e+04   4.409945e+04   1.195628e+05  -2.146951e-01   3.609112e-01  -3.536858e-24   1.474304e+05   1.366203e-47   0.000000e+00   0.000000e+00
     3264000   3.263999e-05   2.519907e+00   1.542470e+01   2.301288e+01   7.413296e+04   4.409945e+04   1.195628e+05   4.380197e-02  -7.363290e-02   2.521091e-25   1.474304e+05   5.676576e-49   0.000000e+00   0.000000e+00
     3272000   3.271999e-05   2.525838e+00   1.542823e+01   2.302245e+01   7.413296e+04   4.409945e+04   1.195628e+05   3.022991e-01  -5.081770e-01   2.551049e-24   1.474304e+05   2.707203e-47   0.000000e+00   0.000000e+00
     3280000   3.279999e-05   2.531768e+00   1.543175e+01   2.303201e+01   7.413296e+04   4.409945e+04   1.195628e+05   5.607961e-01  -9.427211e-01  -1.079937e-23   1.474304e+05   9.317515e-47   0.000000e+00   0.000000e+00
     3288000   3.287999e-05   2.537699e+00   1.543528e+01   2.304158e+01   7.413296e+04   4.409945e+04   1.195628e+05   8.192932e-01  -1.377265e+00  -1.818632e-23   1.474304e+05   1.988770e-46   0.000000e+00   0.000000e+00
     3296000   3.295999e-05   2.543629e+00   1.543881e+01   2.305114e+01   7.413296e+04   4.409945e+04   1.195628e+05   1.077790e+00  -1.811809e+00  -1.366185e-23   1.474304e+05   3.441776e-46   0.000000e+00   0.000000e+00
     3304000   3.303999e-05   2.549560e+00   1.544234e+01   2.306071e+01   7.413296e+04   4.409945e+04   1.195628e+05   1.336287e+00  -2.246353e+00  -2.106001e-23   1.474304e+05   5.290769e-46   0.000000e+00   0.000000e+00
     3312000   3.311999e-05   2.555491e+00   1.544587e+01   2.307027e+01   7.413296e+04   4.409945e+04   1.195628e+05   1.594784e+00  -2.680898e+00  -1.652982e-23   1.474304e+05   7.535750e-46   0.000000e+00   0.000000e+00
     3320000   3.319999e-05   2.561421e+00   1.544939e+01   2.307984e+01   7.413296e+04   4.409945e+04   1.195628e+05   1.853282e+00  -3.115442e+00   3.571602e-23   1.474304e+05   1.017672e-45   0.000000e+00   0.000000e+00
     3328000   3.327999e-05   2.567352e+00   1.545292e+01   2.308940e+01   7.413296e+04   4.409945e+04   1.195628e+05   2.111779e+00  -3.549986e+00  -3.129201e-23   1.474304e+05   1.321367e-45   0.000000e+00   0.000000e+00
     3336000   3.335999e-05   2.573283e+00   1.545645e+01   2.309897e+01   7.413296e+04   4.409945e+04   1.195628e+05   2.370276e+00  -3.984530e+00  -9.833761e-23   1.474304e+05   1.664662e-45   0.000000e+00   0.000000e+00
     3344000   3.343999e-05   2.579213e+00   1.545998e+01   2.310853e+01   7.413296e+04   4.409945e+04   1.195628e+05   2.601415e+00  -4.373084e+00  -6.867992e-23   1.474304e+05   2.005162e-45   0.000000e+00   0.000000e+00
     3352000   3.351999e-05   2.585144e+00   1.546351e+01   2.311810e+01   7.413296e+04   4.409945e+04   1.195628e+05   2.835675e+00  -4.766885e+00  -1.630958e-23   1.474304e+05   2.382561e-45   0.000000e+00   0.000000e+00
     3360000   3.359999e-05   2.591075e+00   1.546703e+01   2.312766e+01   7.413296e+04   4.409945e+04   1.195628e+05   3.069935e+00  -5.160686e+00   3.607897e-23   1.474304e+05   2.792481e-45   0.000000e+00   0.000000e+00
     3368000   3.367999e-05   2.597005e+00   1.547056e+01   2.313723e+01   7.413296e+04   4.409945e+04   1.195628e+05   3.304195e+00  -5.554486e+00  -6.939531e-24   1.474304e+05   3.234921e-45   0.000000e+00   0.000000e+00
     3376000   3.375999e-05   2.602936e+00   1.547409e+01   2.314679e+01   7.413296e+04   4.409945e+04   1.195628e+05  -4.278656e-01   7.192595e-01  -1.365410e-23   1.474304e+05   5.423692e-47   0.000000e+00   0.000000e+00
     3384000   3.383999e-05   2.608866e+00   1.547762e+01   2.315636e+01   7.413296e+04   4.409945e+04   1.195628e+05  -6.635897e-01   1.115521e+00  -9.822536e-25   1.474304e+05   1.304670e-46   0.000000e+00   0.000000e+00
     3392000   3.391999e-05   2.614797e+00   1.548114e+01   2.316592e+01   7.413296e+04   4.409945e+04   1.195628e+05  -8.993138e-01   1.511783e+00   5.718367e-24   1.474304e+05   2.396261e-46   0.000000e+00   0.000000e+00
     3400000   3.399999e-05   2.620728e+00   1.548467e+01   2.317549e+01   7.413296e+04   4.409945e+04   1.195628e+05  -1.135038e+00   1.908045e+00   4.833774e-25   1.474304e+05   3.817142e-46   0.000000e+00   0.000000e+00
     3408000   3.407999e-05   2.626658e+00   1.548820e+01   2.318505e+01   7.413296e+04   4.409945e+04   1.195628e+05  -1.370762e+00   2.304307e+00   3.103170e-23   1.474304e+05   5.567313e-46   0.000000e+00   0.000000e+00
     3416000   3.415999e-05   2.632589e+00   1.549173e+01   2.319462e+01   7.413296e+04   4.409945e+04   1.195628e+05  -1.606486e+00   2.700569e+00   1.387632e-23   1.474304e+05   7.646773e-46   0.000000e+00   0.000000e+00
     3424000   3.423999e-05   2.638520e+00   1.549526e+01   2.320418e+01   7.413296e+04   4.409945e+04   1.195628e+05  -3.670064e-01   6.169528e-01   4.998362e-24   1.474304e+05   3.990853e-47   0.000000e+00   0.000000e+00
     3432000   3.431999e-05   2.644450e+00   1.549878e+01   2.321375e+01   7.413296e+04   4.409945e+04   1.195628e+05  -4.402333e-01   7.400500e-01   9.179925e-24   1.474304e+05   5.742325e-47   0.000000e+00   0.000000e+00
     3440000   3.439999e-05   2.650381e+00   1.550231e+01   2.322331e+01   7.413296e+04   4.409945e+04   1.195628e+05  -8.521445e-01   1.432490e+00   2.541123e-23   1.474304e+05   2.151486e-46   0.000000e+00   0.000000e+00
     3448000   3.447999e-05   2.656312e+00   1.550584e+01   2.323288e+01   7.413296e+04   4.409945e+04   1.195628e+05  -1.073030e+00   1.803807e+00   1.812288e-23   1.474304e+05   3.411467e-46   0.000000e+00   0.000000e+00
     3456000   3.455999e-05   2.662242e+00   1.550937e+01   2.324244e+01   7.413296e+04   4.409945e+04   1.195628e+05  -1.293915e+00   2.175123e+00  -1.087743e-24   1.474304e+05   4.960585e-46   0.000000e+00   0.000000e+00
     3464000   3.463999e-05   2.668173e+00   1.551290e+01   2.325201e+01   7.413296e+04   4.409945e+04   1.195628e+05  -1.514800e+00   2.546440e+00   3.553242e-24   1.474304e+05   6.798840e-46   0.000000e+00   0.000000e+00
     3472000   3.471999e-05   2.674103e+00   1.551642e+01   2.326157e+01   7.413296e+04   4.409945e+04   1.195628e+05  -1.735685e+00   2.917757e+00   8.206037e-24   1.474304e+05   8.926231e-46   0.000000e+00   0.000000e+00
     3480000   3.479999e-05   2.680034e+00   1.551995e+01   2.327114e+01   7.413296e+04   4.409945e+04   1.195628e+05  -1.956570e+00   3.289074e+00  -1.099229e-23   1.474304e+05   1.134276e-45   0.000000e+00   0.000000e+00
     3488000   3.487999e-05   2.685965e+00   1.552348e+01   2.328070e+01   7.413296e+04   4.409945e+04   1.195628e+05  -2.177455e+00   3.660391e+00   1.753421e-23   1.474304e+05   1.404842e-45   0.000000e+00   0.000000e+00
     3496000   3.495999e-05   2.691895e+00   1.552701e+01   2.329027e+01   7.413296e+04   4.409945e+04   1.195628e+05  -2.398340e+00   4.031708e+00   2.214752e-23   1.474304e+05   1.704322e-45   0.000000e+00   0.000000e+00
     3504000   3.503999e-05   2.697826e+00   1.553054e+01   2.329983e+01   7.413296e+04   4.409945e+04   1.195628e+05  -2.619226e+00   4.403025e+00   5.062453e-23   1.474304e+05   2.032716e-45   0.000000e+00   0.000000e+00
     3512000   3.511999e-05   2.703757e+00   1.553406e+01   2.330940e+01   7.413296e+04   4.409945e+04   1.195628e+05  -8.752925e-01   1.471402e+00   2.216534e-23   1.474304e+05   2.270319e-46   0.000000e+00   0.000000e+00
     3520000   3.519999e-05   2.709687e+00   1.553759e+01   2.331896e+01   7.413296e+04   4.409945e+04   1.195628e+05  -5.505152e-01   9.254384e-01   2.417778e-23   1.474304e+05   8.981374e-47   0.000000e+00   0.000000e+00
     3528000   3.527999e-05   2.715618e+00   1.554112e+01   2.332853e+01   7.413296e+04   4.409945e+04   1.195628e+05  -2.257379e-01   3.794746e-01  -6.434122e-25   1.474304e+05   1.510446e-47   0.000000e+00   0.000000e+00
     3536000   3.535999e-05   2.721549e+00   1.554465e+01   2.333809e+01   7.413296e+04   4.409945e+04   1.195628e+05   9.903941e-02  -1.664893e-01  -1.615744e-24   1.474304e+05   2.904023e-48   0.000000e+00   0.000000e+00
     3544000   3.543999e-05   2.727479e+00   1.554818e+01   2.334766e+01   7.413296e+04   4.409945e+04   1.195628e+05   4.238167e-01  -7.124532e-01   3.956801e-25   1.474304e+05   5.321243e-47   0.000000e+00   0.000000e+00
     3552000   3.551999e-05   2.733410e+00   1.555170e+01   2.335722e+01   7.413296e+04   4.409945e+04   1.195628e+05   7.485940e-01  -1.258417e+00  -1.547693e-23   1.474304e+05   1.660297e-46   0.000000e+00   0.000000e+00
     3560000   3.559999e-05   2.739340e+00   1.555523e+01   2.336679e+01   7.413296e+04   4.409945e+04   1.195628e+05   1.073371e+00  -1.804381e+00   3.422989e-23   1.474304e+05   3.413557e-46   0.000000e+00   0.000000e+00
     3568000   3.567999e-05   2.745271e+00   1.555876e+01   2.337635e+01   7.413296e+04   4.409945e+04   1.195628e+05   1.398149e+00  -2.350345e+00   4.530043e-25   1.474304e+05   5.791907e-46   0.000000e+00   0.000000e+00
     3576000   3.575999e-05   2.751202e+00   1.556229e+01   2.338592e+01   7.413296e+04   4.409945e+04   1.195628e+05   1.722926e+00  -2.896309e+00  -9.464548e-24   1.474304e+05   8.795344e-46   0.000000e+00   0.000000e+00
     3584000   3.583999e-05   2.757132e+00   1.556582e+01   2.339548e+01   7.413296e+04   4.409945e+04   1.195628e+05   2.047703e+00  -3.442272e+00  -1.937085e-23   1.474304e+05   1.242387e-45   0.000000e+00   0.000000e+00
     3592000   3.591999e-05   2.763063e+00   1.556934e+01   2.340505e+01   7.413296e+04   4.409945e+04   1.195628e+05   1.763802e+00  -2.965023e+00   1.209059e-23   1.474304e+05   9.217863e-46   0.000000e+00   0.000000e+00
     3600000   3.599999e-05   2.768994e+00   1.557287e+01   2.341461e+01   7.413296e+04   4.409945e+04   1.195628e+05   1.917308e+00  -3.223074e+00   1.230200e-23   1.474304e+05   1.089219e-45   0.000000e+00   0.000000e+00
     3608000   3.607999e-05   2.774924e+00   1.557640e+01   2.342418e+01   7.413296e+04   4.409945e+04   1.195628e+05   2.070815e+00  -3.481124e+00  -3.517885e-23   1.474304e+05   1.270617e-45   0.000000e+00   0.000000e+00
     3616000   3.615999e-05   2.780855e+00   1.557993e+01   2.343374e+01   7.413296e+04   4.409945e+04   1.195628e+05   2.224322e+00  -3.739175e+00  -3.496374e-23   1.474304e+05   1.465979e-45   0.000000e+00   0.000000e+00
     3624000   3.623999e-05   2.786786e+00   1.558346e+01   2.344331e+01   7.413296e+04   4.409945e+04   1.195628e+05   2.377828e+00  -3.997226e+00   8.446954e-23   1.474304e+05   1.675305e-45   0.000000e+00   0.000000e+00
     3632000   3.631999e-05   2.792716e+00   1.558698e+01   2.345287e+01   7.413296e+04   4.409945e+04   1.195628e+05   2.531335e+00  -4.255277e+00  -3.461525e-23   1.474304e+05   1.898596e-45   0.000000e+00   0.000000e+00
     3640000   3.639999e-05   2.798647e+00   1.559051e+01   2.346244e+01   7.413296e+04   4.409945e+04   1.195628e+05   2.684841e+00  -4.513327e+00  -1.058291e-23   1.474304e+05   2.135852e-45   0.000000e+00   0.000000e+00
     3648000   3.647999e-05   2.804577e+00   1.559404e+01   2.347200e+01   7.413296e+04   4.409945e+04   1.195628e+05  -3.415109e-01   5.740937e-01   8.480426e-24   1.474304e+05   3.455979e-47   0.000000e+00   0.000000e+00
     3656000   3.655999e-05   2.810508e+00   1.559757e+01   2.348157e+01   7.413296e+04   4.409945e+04   1.195628e+05  -2.725710e-01   4.582030e-01   3.450838e-24   1.474304e+05   2.201542e-47   0.000000e+00   0.000000e+00
     3664000   3.663999e-05   2.816439e+00   1.560110e+01   2.349113e+01   7.413296e+04   4.409945e+04   1.195628e+05   7.503140e-01  -1.261308e+00  -6.811889e-24   1.474304e+05   1.667990e-46   0.000000e+00   0.000000e+00
     3672000   3.671999e-05   2.822369e+00   1.560462e+01   2.350070e+01   7.413296e+04   4.409945e+04   1.195628e+05   6.488754e-01  -1.090786e+00   8.056669e-24   1.474304e+05   1.247646e-46   0.000000e+00   0.000000e+00
     3680000   3.679999e-05   2.828300e+00   1.560815e+01   2.351026e+01   7.413296e+04   4.409945e+04   1.195628e+05   4.774252e-01  -8.025712e-01  -1.275163e-24   1.474304e+05   6.754447e-47   0.000000e+00   0.000000e+00
     3688000   3.687999e-05   2.834231e+00   1.561168e+01   2.351983e+01   7.413296e+04   4.409945e+04   1.195628e+05   3.059750e-01  -5.143564e-01  -4.646409e-24   1.474304e+05   2.774423e-47   0.000000e+00   0.000000e+00
     3696000   3.695999e-05   2.840161e+00   1.561521e+01   2.352939e+01   7.413296e+04   4.409945e+04   1.195628e+05   1.345247e-01  -2.261415e-01  -2.057579e-24   1.474304e+05   5.363925e-48   0.000000e+00   0.000000e+00
     3704000   3.703999e-05   2.846092e+00   1.561874e+01   2.353896e+01   7.413296e+04   4.409945e+04   1.195628e+05  -3.692551e-02   6.207329e-02  -2.154373e-25   1.474304e+05   4.035421e-49   0.000000e+00   0.000000e+00
     3712000   3.711999e-05   2.852023e+00   1.562226e+01   2.354852e+01   7.413296e+04   4.409945e+04   1.195628e+05  -2.083757e-01   3.502881e-01   3.117534e-24   1.474304e+05   1.286308e-47   0.000000e+00   0.000000e+00
     3720000   3.719999e-05   2.857953e+00   1.562579e+01   2.355809e+01   7.413296e+04   4.409945e+04   1.195628e+05  -3.798260e-01   6.385029e-01   5.707973e-24   1.474304e+05   4.274255e-47   0.000000e+00   0.000000e+00
     3728000   3.727999e-05   2.863884e+00   1.562932e+01   2.356765e+01   7.413296e+04   4.409945e+04   1.195628e+05  -5.512762e-01   9.267178e-01  -1.555205e-23   1.474304e+05   9.004194e-47   0.000000e+00   0.000000e+00
     3736000   3.735999e-05   2.869814e+00   1.563285e+01   2.357722e+01   7.413296e+04   4.409945e+04   1.195628e+05  -7.227265e-01   1.214933e+00   2.878961e-23   1.474304e+05   1.547613e-46   0.000000e+00   0.000000e+00
     3744000   3.743999e-05   2.875745e+00   1.563637e+01   2.358678e+01   7.413296e+04   4.409945e+04   1.195628e+05  -8.941767e-01   1.503147e+00   1.554754e-24   1.474304e+05   2.369005e-46   0.000000e+00   0.000000e+00
     3752000   3.751999e-05   2.881676e+00   1.563990e+01   2.359635e+01   7.413296e+04   4.409945e+04   1.195628e+05  -1.065627e+00   1.791362e+00   2.202156e-23   1.474304e+05   3.364597e-46   0.000000e+00   0.000000e+00
     3760000   3.759999e-05   2.887606e+00   1.564343e+01   2.360591e+01   7.413296e+04   4.409945e+04   1.195628e+05   5.608815e-01  -9.428646e-01  -3.219415e-24   1.474304e+05   9.320485e-47   0.000000e+00   0.000000e+00
     3768000   3.767999e-05   2.893537e+00   1.564696e+01   2.361548e+01   7.413296e+04   4.409945e+04   1.195628e+05   7.871000e-01  -1.323147e+00   1.195470e-23   1.474304e+05   1.835560e-46   0.000000e+00   0.000000e+00
     3776000   3.775999e-05   2.899468e+00   1.565049e+01   2.362504e+01   7.413296e+04   4.409945e+04   1.195628e+05   1.013318e+00  -1.703430e+00  -4.444663e-23   1.474304e+05   3.042340e-46   0.000000e+00   0.000000e+00
     3784000   3.783999e-05   2.905398e+00   1.565401e+01   2.363461e+01   7.413296e+04   4.409945e+04   1.195628e+05   3.948596e-01  -6.637751e-01   2.131298e-24   1.474304e+05   4.619837e-47   0.000000e+00   0.000000e+00
     3792000   3.791999e-05   2.911329e+00   1.565754e+01   2.364417e+01   7.413296e+04   4.409945e+04   1.195628e+05   3.907294e-01  -6.568321e-01   3.159637e-24   1.474304e+05   4.523697e-47   0.000000e+00   0.000000e+00
     3800000   3.799999e-05   2.917260e+00   1.566107e+01   2.365374e+01   7.413296e+04   4.409945e+04   1.195628e+05   3.865993e-01  -6.498891e-01   1.015123e-23   1.474304e+05   4.428568e-47   0.000000e+00   0.000000e+00
     3808000   3.807999e-05   2.923190e+00   1.566460e+01   2.366330e+01   7.413296e+04   4.409945e+04   1.195628e+05   3.824691e-01  -6.429461e-01  -7.471981e-25   1.474304e+05   4.334450e-47   0.000000e+00   0.000000e+00
     3816000   3.815999e-05   2.929121e+00   1.566813e+01   2.367287e+01   7.413296e+04   4.409945e+04   1.195628e+05   3.783389e-01  -6.360031e-01   6.244260e-24   1.474304e+05   4.241342e-47   0.000000e+00   0.000000e+00
     3824000   3.823999e-05   2.935052e+00   1.567165e+01   2.368243e+01   7.413296e+04   4.409945e+04   1.195628e+05   3.742087e-01  -6.290601e-01  -4.654296e-24   1.474304e+05   4.149245e-47   0.000000e+00   0.000000e+00
     3832000   3.831999e-05   2.940982e+00   1.567518e+01   2.369200e+01   7.413296e+04   4.409945e+04   1.195628e+05   3.700785e-01  -6.221171e-01  -9.589601e-24   1.474304e+05   4.058160e-47   0.000000e+00   0.000000e+00
     3840000   3.839999e-05   2.946913e+00   1.567871e+01   2.370156e+01   7.413296e+04   4.409945e+04   1.195628e+05  -1.160558e+00   1.950946e+00   7.864574e-24   1.474304e+05   3.990747e-46   0.000000e+00   0.000000e+00
     3848000   3.847999e-05   2.952843e+00   1.568224e+01   2.371113e+01   7.413296e+04   4.409945e+04   1.195628e+05  -1.371343e+00   2.305283e+00   4.421681e-23   1.474304e+05   5.572054e-46   0.000000e+00   0.000000e+00
     3856000   3.855999e-05   2.958774e+00   1.568577e+01   2.372069e+01   7.413296e+04   4.409945e+04   1.195628e+05  -1.582127e+00   2.659620e+00   9.011366e-24   1.474304e+05   7.416659e-46   0.000000e+00   0.000000e+00
     3864000   3.863999e-05   2.964705e+00   1.568929e+01   2.373026e+01   7.413296e+04   4.409945e+04   1.195628e+05  -1.792911e+00   3.013957e+00   2.152133e-23   1.474304e+05   9.524561e-46   0.000000e+00   0.000000e+00
     3872000   3.871999e-05   2.970635e+00   1.569282e+01   2.373982e+01   7.413296e+04   4.409945e+04   1.195628e+05  -2.003696e+00   3.368294e+00   1.018371e-23   1.474304e+05   1.189576e-45   0.000000e+00   0.000000e+00
     3880000   3.879999e-05   2.976566e+00   1.569635e+01   2.374939e+01   7.413296e+04   4.409945e+04   1.195628e+05  -2.214480e+00   3.722631e+00  -1.148084e-24   1.474304e+05   1.453026e-45   0.000000e+00   0.000000e+00
     3888000   3.887999e-05   2.982497e+00   1.569988e+01   2.375895e+01   7.413296e+04   4.409945e+04   1.195628e+05  -2.425264e+00   4.076968e+00   1.132194e-23   1.474304e+05   1.742805e-45   0.000000e+00   0.000000e+00
     3896000   3.895999e-05   2.988427e+00   1.570341e+01   2.376852e+01   7.413296e+04   4.409945e+04   1.195628e+05   1.036016e+00  -1.741586e+00  -3.073370e-23   1.474304e+05   3.180213e-46   0.000000e+00   0.000000e+00
     3904000   3.903999e-05   2.994358e+00   1.570693e+01   2.377808e+01   7.413296e+04   4.409945e+04   1.195628e+05   1.199491e+00  -2.016393e+00  -9.738916e-24   1.474304e+05   4.263039e-46   0.000000e+00   0.000000e+00
     3912000   3.911999e-05   3.000289e+00   1.571046e+01   2.378765e+01   7.413296e+04   4.409945e+04   1.195628e+05  -5.278032e-01   8.872586e-01   1.237650e-23   1.474304e+05   8.253706e-47   0.000000e+00   0.000000e+00
     3920000   3.919999e-05   3.006219e+00   1.571399e+01   2.379721e+01   7.413296e+04   4.409945e+04   1.195628e+05  -6.983754e-01   1.173997e+00   3.814059e-24   1.474304e+05   1.445078e-46   0.000000e+00   0.000000e+00
     3928000   3.927999e-05   3.012150e+00   1.571752e+01   2.380678e+01   7.413296e+04   4.409945e+04   1.195628e+05  -2.166225e-01   3.641512e-01  -2.784652e-24   1.474304e+05   1.390648e-47   0.000000e+00   0.000000e+00
     3936000   3.935999e-05   3.018080e+00   1.572105e+01   2.381634e+01   7.413296e+04   4.409945e+04   1.195628e+05  -7.679683e-02   1.290986e-01   9.322361e-25   1.474304e+05   1.748334e-48   0.000000e+00   0.000000e+00
     3944000   3.943999e-05   3.024011e+00   1.572457e+01   2.382591e+01   7.413296e+04   4.409945e+04   1.195628e+05   6.302881e-02  -1.059540e-01   1.766353e-25   1.474304e+05   1.176461e-48   0.000000e+00   0.000000e+00
     3952000   3.951999e-05   3.029942e+00   1.572810e+01   2.383547e+01   7.413296e+04   4.409945e+04   1.195628e+05   2.028544e-01  -3.410066e-01  -2.069795e-24   1.474304e+05   1.219086e-47   0.000000e+00   0.000000e+00
     3960000   3.959999e-05   3.035872e+00   1.573163e+01   2.384504e+01   7.413296e+04   4.409945e+04   1.195628e+05   3.426801e-01  -5.760592e-01  -5.804591e-24   1.474304e+05   3.479153e-47   0.000000e+00   0.000000e+00
     3968000   3.967999e-05   3.041803e+00   1.573516e+01   2.385460e+01   7.413296e+04   4.409945e+04   1.195628e+05   4.825057e-01  -8.111118e-01  -3.573688e-24   1.474304e+05   6.897847e-47   0.000000e+00   0.000000e+00
     3976000   3.975999e-05   3.047734e+00   1.573869e+01   2.386417e+01   7.413296e+04   4.409945e+04   1.195628e+05   6.223313e-01  -1.046164e+00   1.058607e-23   1.474304e+05   1.147517e-46   0.000000e+00   0.000000e+00
     3984000   3.983999e-05   3.053664e+00   1.574221e+01   2.387373e+01   7.413296e+04   4.409945e+04   1.195628e+05   7.621570e-01  -1.281217e+00   8.943415e-25   1.474304e+05   1.721112e-46   0.000000e+00   0.000000e+00
     3992000   3.991999e-05   3.059595e+00   1.574574e+01   2.388330e+01   7.413296e+04   4.409945e+04   1.195628e+05   9.019826e-01  -1.516270e+00   3.113392e-24   1.474304e+05   2.410569e-46   0.000000e+00   0.000000e+00
     4000000   3.999999e-05   3.065526e+00   1.574927e+01   2.389287e+01   7.413296e+04   4.409945e+04   1.195628e+05   1.041808e+00  -1.751322e+00  -1.852431e-23   1.474304e+05   3.215890e-46   0.000000e+00   0.000000e+00
     4008000   4.007999e-05   3.071456e+00   1.575280e+01   2.390243e+01   7.413296e+04   4.409945e+04   1.195628e+05  -2.733025e-01   4.594326e-01   3.642692e-24   1.474304e+05   2.212888e-47   0.000000e+00   0.000000e+00
     4016000   4.015999e-05   3.077387e+00   1.575633e+01   2.391200e+01   7.413296e+04   4.409945e+04   1.195628e+05  -4.438747e-01   7.461714e-01  -1.684671e-23   1.474304e+05   5.837396e-47   0.000000e+00   0.000000e+00
     4024000   4.023999e-05   3.083317e+00   1.575985e+01   2.392156e+01   7.413296e+04   4.409945e+04   1.195628e+05  -6.144469e-01   1.032910e+00  -1.553501e-24   1.474304e+05   1.118610e-46   0.000000e+00   0.000000e+00
     4032000   4.031999e-05   3.089248e+00   1.576338e+01   2.393113e+01   7.413296e+04   4.409945e+04   1.195628e+05  -7.850191e-01   1.319649e+00   1.970321e-23   1.474304e+05   1.825900e-46   0.000000e+00   0.000000e+00
     4040000   4.039999e-05   3.095179e+00   1.576691e+01   2.394069e+01   7.413296e+04   4.409945e+04   1.195628e+05  -9.555914e-01   1.606388e+00  -6.761459e-24   1.474304e+05   2.705610e-46   0.000000e+00   0.000000e+00
     4048000   4.047999e-05   3.101109e+00   1.577044e+01   2.395026e+01   7.413296e+04   4.409945e+04   1.195628e+05  -1.267623e+00   2.130927e+00   2.945387e-23   1.474304e+05   4.760926e-46   0.000000e+00   0.000000e+00
     4056000   4.055999e-05   3.107040e+00   1.577397e+01   2.395982e+01   7.413296e+04   4.409945e+04   1.195628e+05  -1.608038e+00   2.703177e+00  -2.555152e-23   1.474304e+05   7.661425e-46   0.000000e+00   0.000000e+00
     4064000   4.063999e-05   3.112971e+00   1.577749e+01   2.396939e+01   7.413296e+04   4.409945e+04   1.195628e+05  -1.948452e+00   3.275427e+00   6.257237e-23   1.474304e+05   1.124865e-45   0.000000e+00   0.000000e+00
     4072000   4.071999e-05   3.118901e+00   1.578102e+01   2.397895e+01   7.413296e+04   4.409945e+04   1.195628e+05  -2.288866e+00   3.847677e+00   1.029900e-22   1.474304e+05   1.552261e-45   0.000000e+00   0.000000e+00
     4080000   4.079999e-05   3.124832e+00   1.578455e+01   2.398852e+01   7.413296e+04   4.409945e+04   1.195628e+05  -2.629280e+00   4.419927e+00   2.536428e-25   1.474304e+05   2.048329e-45   0.000000e+00   0.000000e+00
     4088000   4.087999e-05   3.130763e+00   1.578808e+01   2.399808e+01   7.413296e+04   4.409945e+04   1.195628e+05  -2.969694e+00   4.992177e+00   4.064646e-23   1.474304e+05   2.613071e-45   0.000000e+00   0.000000e+00
     4096000   4.095999e-05   3.136693e+00   1.579160e+01   2.400765e+01   7.413296e+04   4.409945e+04   1.195628e+05   1.071592e+00  -1.801389e+00   1.835101e-23   1.474304e+05   3.402382e-46   0.000000e+00   0.000000e+00
     4104000   4.103999e-05   3.142624e+00   1.579513e+01   2.401721e+01   7.413296e+04   4.409945e+04   1.195628e+05   1.226285e+00  -2.061435e+00   6.484821e-24   1.474304e+05   4.455630e-46   0.000000e+00   0.000000e+00
     4112000   4.111999e-05   3.148554e+00   1.579866e+01   2.402678e+01   7.413296e+04   4.409945e+04   1.195628e+05   1.380978e+00  -2.321480e+00  -1.730883e-23   1.474304e+05   5.650689e-46   0.000000e+00   0.000000e+00
     4120000   4.119999e-05   3.154485e+00   1.580219e+01   2.403634e+01   7.413296e+04   4.409945e+04   1.195628e+05  -5.653731e-02   9.504151e-02   1.023650e-24   1.474304e+05   9.458126e-49   0.000000e+00   0.000000e+00
     4128000   4.127999e-05   3.160416e+00   1.580572e+01   2.404591e+01   7.413296e+04   4.409945e+04   1.195628e+05  -3.715809e-01   6.246427e-01   1.205011e-23   1.474304e+05   4.090298e-47   0.000000e+00   0.000000e+00
     4136000   4.135999e-05   3.166346e+00   1.580924e+01   2.405547e+01   7.413296e+04   4.409945e+04   1.195628e+05  -6.866246e-01   1.154244e+00  -1.866075e-23   1.474304e+05   1.396783e-46   0.000000e+00   0.000000e+00
     4144000   4.143999e-05   3.172277e+00   1.581277e+01   2.406504e+01   7.413296e+04   4.409945e+04   1.195628e+05  -1.001668e+00   1.683845e+00  -3.745709e-23   1.474304e+05   2.972718e-46   0.000000e+00   0.000000e+00
     4152000   4.151999e-05   3.178208e+00   1.581630e+01   2.407460e+01   7.413296e+04   4.409945e+04   1.195628e+05  -1.316712e+00   2.213446e+00  -8.549510e-24   1.474304e+05   5.136835e-46   0.000000e+00   0.000000e+00
     4160000   4.159999e-05   3.184138e+00   1.581983e+01   2.408417e+01   7.413296e+04   4.409945e+04   1.195628e+05  -1.631756e+00   2.743047e+00  -3.491197e-24   1.474304e+05   7.889134e-46   0.000000e+00   0.000000e+00
     4168000   4.167999e-05   3.190069e+00   1.582336e+01   2.409373e+01   7.413296e+04   4.409945e+04   1.195628e+05  -1.946799e+00   3.272649e+00   4.928240e-23   1.474304e+05   1.122961e-45   0.000000e+00   0.000000e+00
     4176000   4.175999e-05   3.196000e+00   1.582688e+01   2.410330e+01   7.413296e+04   4.409945e+04   1.195628e+05   2.187970e+00  -3.678066e+00   1.286934e-23   1.474304e+05   1.418398e-45   0.000000e+00   0.000000e+00
     4184000   4.183999e-05   3.201930e+00   1.583041e+01   2.411286e+01   7.413296e+04   4.409945e+04   1.195628e+05   4.582583e-01  -7.703508e-01  -1.082753e-23   1.474304e+05   6.223339e-47   0.000000e+00   0.000000e+00
     4192000   4.191999e-05   3.207861e+00   1.583394e+01   2.412243e+01   7.413296e+04   4.409945e+04   1.195628e+05   1.935098e-01  -3.252979e-01  -2.584734e-24   1.474304e+05   1.109928e-47   0.000000e+00   0.000000e+00
     4200000   4.199999e-05   3.213791e+00   1.583747e+01   2.413199e+01   7.413296e+04   4.409945e+04   1.195628e+05  -7.123861e-02   1.197550e-01  -1.799418e-24   1.474304e+05   1.502337e-48   0.000000e+00   0.000000e+00
     4208000   4.207999e-05   3.219722e+00   1.584100e+01   2.414156e+01   7.413296e+04   4.409945e+04   1.195628e+05  -3.359870e-01   5.648079e-01   7.932080e-24   1.474304e+05   3.344257e-47   0.000000e+00   0.000000e+00
     4216000   4.215999e-05   3.225653e+00   1.584452e+01   2.415112e+01   7.413296e+04   4.409945e+04   1.195628e+05  -6.007355e-01   1.009861e+00   4.250643e-24   1.474304e+05   1.069200e-46   0.000000e+00   0.000000e+00
     4224000   4.223999e-05   3.231583e+00   1.584805e+01   2.416069e+01   7.413296e+04   4.409945e+04   1.195628e+05  -8.654839e-01   1.454914e+00   5.662436e-25   1.474304e+05   2.219345e-46   0.000000e+00   0.000000e+00
     4232000   4.231999e-05   3.237514e+00   1.585158e+01   2.417025e+01   7.413296e+04   4.409945e+04   1.195628e+05  -1.130232e+00   1.899967e+00   3.264946e-23   1.474304e+05   3.784863e-46   0.000000e+00   0.000000e+00
     4240000   4.239999e-05   3.243445e+00   1.585511e+01   2.417982e+01   7.413296e+04   4.409945e+04   1.195628e+05  -1.394981e+00   2.345020e+00  -6.823883e-24   1.474304e+05   5.765752e-46   0.000000e+00   0.000000e+00
     4248000   4.247999e-05   3.249375e+00   1.585864e+01   2.418938e+01   7.413296e+04   4.409945e+04   1.195628e+05  -1.659729e+00   2.790072e+00  -2.243913e-23   1.474304e+05   8.162013e-46   0.000000e+00   0.000000e+00
     4256000   4.255999e-05   3.255306e+00   1.586216e+01   2.419895e+01   7.413296e+04   4.409945e+04   1.195628e+05  -1.924478e+00   3.235125e+00   9.658997e-24   1.474304e+05   1.097365e-45   0.000000e+00   0.000000e+00
     4264000   4.263999e-05   3.261237e+00   1.586569e+01   2.420851e+01   7.413296e+04   4.409945e+04   1.195628e+05   3.516454e-01  -5.911303e-01  -2.801723e-24   1.474304e+05   3.663683e-47   0.000000e+00   0.000000e+00
     4272000   4.271999e-05   3.267167e+00   1.586922e+01   2.421808e+01   7.413296e+04   4.409945e+04   1.195628e+05   4.558951e-01  -7.663783e-01  -8.340723e-24   1.474304e+05   6.158078e-47   0.000000e+00   0.000000e+00
     4280000   4.279999e-05   3.273098e+00   1.587275e+01   2.422764e+01   7.413296e+04   4.409945e+04   1.195628e+05   5.601449e-01  -9.416263e-01   4.011881e-24   1.474304e+05   9.296525e-47   0.000000e+00   0.000000e+00
     4288000   4.287999e-05   3.279028e+00   1.587628e+01   2.423721e+01   7.413296e+04   4.409945e+04   1.195628e+05   6.643946e-01  -1.116874e+00  -1.344966e-23   1.474304e+05   1.307902e-46   0.000000e+00   0.000000e+00
     4296000   4.295999e-05   3.284959e+00   1.587980e+01   2.424677e+01   7.413296e+04   4.409945e+04   1.195628e+05   7.686443e-01  -1.292122e+00  -1.898605e-23   1.474304e+05   1.750557e-46   0.000000e+00   0.000000e+00
     4304000   4.303999e-05   3.290890e+00   1.588333e+01   2.425634e+01   7.413296e+04   4.409945e+04   1.195628e+05   8.728940e-01  -1.467370e+00  -6.832144e-25   1.474304e+05   2.257617e-46   0.000000e+00   0.000000e+00
     4312000   4.311999e-05   3.296820e+00   1.588686e+01   2.426590e+01   7.413296e+04   4.409945e+04   1.195628e+05   9.771438e-01  -1.642618e+00   5.690385e-24   1.474304e+05   2.829081e-46   0.000000e+00   0.000000e+00
     4320000   4.319999e-05   3.302751e+00   1.589039e+01   2.427547e+01   7.413296e+04   4.409945e+04   1.195628e+05  -5.689923e-02   9.564992e-02   4.197317e-25   1.474304e+05   9.592431e-49   0.000000e+00   0.000000e+00
     4328000   4.327999e-05   3.308682e+00   1.589392e+01   2.428503e+01   7.413296e+04   4.409945e+04   1.195628e+05  -6.954943e-02   1.169154e-01  -9.931814e-25   1.474304e+05   1.433202e-48   0.000000e+00   0.000000e+00
     4336000   4.335999e-05   3.314612e+00   1.589744e+01   2.429460e+01   7.413296e+04   4.409945e+04   1.195628e+05  -8.219963e-02   1.381809e-01   3.557221e-24   1.474304e+05   2.001995e-48   0.000000e+00   0.000000e+00
     4344000   4.343999e-05   3.320543e+00   1.590097e+01   2.430416e+01   7.413296e+04   4.409945e+04   1.195628e+05  -1.047304e+00   1.760561e+00  -1.841677e-23   1.474304e+05   3.250393e-46   0.000000e+00   0.000000e+00
     4352000   4.351999e-05   3.326474e+00   1.590450e+01   2.431373e+01   7.413296e+04   4.409945e+04   1.195628e+05  -5.656223e-01   9.508341e-01   1.993981e-24   1.474304e+05   9.481686e-47   0.000000e+00   0.000000e+00
     4360000   4.359999e-05   3.332404e+00   1.590803e+01   2.432329e+01   7.413296e+04   4.409945e+04   1.195628e+05  -8.394020e-02   1.411069e-01   4.730577e-26   1.474304e+05   2.090754e-48   0.000000e+00   0.000000e+00
     4368000   4.367999e-05   3.338335e+00   1.591156e+01   2.433286e+01   7.413296e+04   4.409945e+04   1.195628e+05   3.977419e-01  -6.686203e-01   1.080217e-24   1.474304e+05   4.686096e-47   0.000000e+00   0.000000e+00
     4376000   4.375999e-05   3.344265e+00   1.591508e+01   2.434242e+01   7.413296e+04   4.409945e+04   1.195628e+05   8.794239e-01  -1.478347e+00   1.553331e-23   1.474304e+05   2.291275e-46   0.000000e+00   0.000000e+00
     4384000   4.383999e-05   3.350196e+00   1.591861e+01   2.435199e+01   7.413296e+04   4.409945e+04   1.195628e+05   1.361106e+00  -2.288075e+00  -2.369528e-23   1.474304e+05   5.488903e-46   0.000000e+00   0.000000e+00
     4392000   4.391999e-05   3.356127e+00   1.592214e+01   2.436155e+01   7.413296e+04   4.409945e+04   1.195628e+05   1.842788e+00  -3.097802e+00  -1.520878e-23   1.474304e+05   1.006149e-45   0.000000e+00   0.000000e+00
     4400000   4.399999e-05   3.362057e+00   1.592567e+01   2.437112e+01   7.413296e+04   4.409945e+04   1.195628e+05   2.324470e+00  -3.907529e+00   4.098606e-23   1.474304e+05   1.600905e-45   0.000000e+00   0.000000e+00
     4408000   4.407999e-05   3.367988e+00   1.592920e+01   2.438068e+01   7.413296e+04   4.409945e+04   1.195628e+05   2.806152e+00  -4.717256e+00   1.210037e-22   1.474304e+05   2.333157e-45   0.000000e+00   0.000000e+00
     4416000   4.415999e-05   3.373919e+00   1.593272e+01   2.439025e+01   7.413296e+04   4.409945e+04   1.195628e+05   3.287834e+00  -5.526983e+00   5.792330e-23   1.474304e+05   3.202905e-45   0.000000e+00   0.000000e+00
     4424000   4.423999e-05   3.379849e+00   1.593625e+01   2.439981e+01   7.413296e+04   4.409945e+04   1.195628e+05   3.769516e+00  -6.336710e+00  -5.285992e-23   1.474304e+05   4.210149e-45   0.000000e+00   0.000000e+00
     4432000   4.431999e-05   3.385780e+00   1.593978e+01   2.440938e+01   7.413296e+04   4.409945e+04   1.195628e+05  -8.163091e-01   1.372249e+00   1.647959e-23   1.474304e+05   1.974327e-46   0.000000e+00   0.000000e+00
     4440000   4.439999e-05   3.391711e+00   1.594331e+01   2.441894e+01   7.413296e+04   4.409945e+04   1.195628e+05  -1.044162e+00   1.755278e+00   2.400791e-23   1.474304e+05   3.230366e-46   0.000000e+00   0.000000e+00
     4448000   4.447999e-05   3.397641e+00   1.594683e+01   2.442851e+01   7.413296e+04   4.409945e+04   1.195628e+05  -1.272014e+00   2.138307e+00  -1.616755e-23   1.474304e+05   4.794070e-46   0.000000e+00   0.000000e+00
     4456000   4.455999e-05   3.403572e+00   1.595036e+01   2.443807e+01   7.413296e+04   4.409945e+04   1.195628e+05   1.332100e-01  -2.239315e-01  -8.807237e-25   1.474304e+05   5.254939e-48   0.000000e+00   0.000000e+00
     4464000   4.463999e-05   3.409502e+00   1.595389e+01   2.444764e+01   7.413296e+04   4.409945e+04   1.195628e+05   4.354770e-01  -7.320546e-01  -1.431329e-23   1.474304e+05   5.618174e-47   0.000000e+00   0.000000e+00
     4472000   4.471999e-05   3.415433e+00   1.595742e+01   2.445720e+01   7.413296e+04   4.409945e+04   1.195628e+05   7.377440e-01  -1.240178e+00   2.145762e-23   1.474304e+05   1.612527e-46   0.000000e+00   0.000000e+00
     4480000   4.479999e-05   3.421364e+00   1.596095e+01   2.446677e+01   7.413296e+04   4.409945e+04   1.195628e+05   1.040011e+00  -1.748301e+00  -2.421684e-24   1.474304e+05   3.204678e-46   0.000000e+00   0.000000e+00
     4488000   4.487999e-05   3.427294e+00   1.596447e+01   2.447633e+01   7.413296e+04   4.409945e+04   1.195628e+05   1.342278e+00  -2.256424e+00   9.480556e-24   1.474304e+05   5.338270e-46   0.000000e+00   0.000000e+00
     4496000   4.495999e-05   3.433225e+00   1.596800e+01   2.448590e+01   7.413296e+04   4.409945e+04   1.195628e+05   1.644545e+00  -2.764547e+00  -6.209960e-23   1.474304e+05   8.013304e-46   0.000000e+00   0.000000e+00
     4504000   4.503999e-05   3.439156e+00   1.597153e+01   2.449546e+01   7.413296e+04   4.409945e+04   1.195628e+05   1.946812e+00  -3.272670e+00   9.447994e-24   1.474304e+05   1.122978e-45   0.000000e+00   0.000000e+00
     4512000   4.511999e-05   3.445086e+00   1.597506e+01   2.450503e+01   7.413296e+04   4.409945e+04   1.195628e+05  -8.960489e-01   1.506295e+00   1.116253e-23   1.474304e+05   2.378807e-46   0.000000e+00   0.000000e+00
     4520000   4.519999e-05   3.451017e+00   1.597859e+01   2.451459e+01   7.413296e+04   4.409945e+04   1.195628e+05  -1.260887e+00   2.119602e+00   5.441227e-23   1.474304e+05   4.710435e-46   0.000000e+00   0.000000e+00
     4528000   4.527999e-05   3.456948e+00   1.598211e+01   2.452416e+01   7.413296e+04   4.409945e+04   1.195628e+05  -1.625725e+00   2.732910e+00   1.417985e-23   1.474304e+05   7.830869e-46   0.000000e+00   0.000000e+00
     4536000   4.535999e-05   3.462878e+00   1.598564e+01   2.453372e+01   7.413296e+04   4.409945e+04   1.195628e+05  -1.990563e+00   3.346218e+00  -2.187958e-24   1.474304e+05   1.174011e-45   0.000000e+00   0.000000e+00
     4544000   4.543999e-05   3.468809e+00   1.598917e+01   2.454329e+01   7.413296e+04   4.409945e+04   1.195628e+05  -2.355401e+00   3.959526e+00   2.913884e-23   1.474304e+05   1.643816e-45   0.000000e+00   0.000000e+00
     4552000   4.551999e-05   3.474739e+00   1.599270e+01   2.455285e+01   7.413296e+04   4.409945e+04   1.195628e+05  -2.720240e+00   4.572833e+00  -3.496948e-23   1.474304e+05   2.192501e-45   0.000000e+00   0.000000e+00
     4560000   4.559999e-05   3.480670e+00   1.599623e+01   2.456242e+01   7.413296e+04   4.409945e+04   1.195628e+05  -3.085078e+00   5.186141e+00  -5.135830e-23   1.474304e+05   2.820067e-45   0.000000e+00   0.000000e+00
     4568000   4.567999e-05   3.486601e+00   1.599975e+01   2.457198e+01   7.413296e+04   4.409945e+04   1.195628e+05  -3.449916e+00   5.799449e+00  -6.772707e-23   1.474304e+05   3.526514e-45   0.000000e+00   0.000000e+00
     4576000   4.575999e-05   3.492531e+00   1.600328e+01   2.458155e+01   7.413296e+04   4.409945e+04   1.195628e+05   1.594020e+00  -2.679612e+00   1.342621e-23   1.474304e+05   7.528541e-46   0.000000e+00   0.000000e+00
     4584000   4.583999e-05   3.498462e+00   1.600681e+01   2.459111e+01   7.413296e+04   4.409945e+04   1.195628e+05   1.838410e+00  -3.090442e+00   3.049933e-23   1.474304e+05   1.001406e-45   0.000000e+00   0.000000e+00
     4592000   4.591999e-05   3.504393e+00   1.601034e+01   2.460068e+01   7.413296e+04   4.409945e+04   1.195628e+05   8.233933e-01  -1.384158e+00   2.614301e-23   1.474304e+05   2.008947e-46   0.000000e+00   0.000000e+00
     4600000   4.599999e-05   3.510323e+00   1.601387e+01   2.461024e+01   7.413296e+04   4.409945e+04   1.195628e+05   7.194013e-01  -1.209343e+00   6.570528e-24   1.474304e+05   1.533551e-46   0.000000e+00   0.000000e+00
     4608000   4.607999e-05   3.516254e+00   1.601739e+01   2.461981e+01   7.413296e+04   4.409945e+04   1.195628e+05   6.154093e-01  -1.034528e+00  -1.058673e-24   1.474304e+05   1.122242e-46   0.000000e+00   0.000000e+00
     4616000   4.615999e-05   3.522185e+00   1.602092e+01   2.462937e+01   7.413296e+04   4.409945e+04   1.195628e+05   5.114173e-01  -8.597134e-01  -2.730077e-24   1.474304e+05   7.750203e-47   0.000000e+00   0.000000e+00
     4624000   4.623999e-05   3.528115e+00   1.602445e+01   2.463894e+01   7.413296e+04   4.409945e+04   1.195628e+05   4.074254e-01  -6.848986e-01   1.560179e-24   1.474304e+05   4.918854e-47   0.000000e+00   0.000000e+00
     4632000   4.631999e-05   3.534046e+00   1.602798e+01   2.464850e+01   7.413296e+04   4.409945e+04   1.195628e+05   3.034334e-01  -5.100839e-01   5.848780e-24   1.474304e+05   2.728375e-47   0.000000e+00   0.000000e+00
     4640000   4.639999e-05   3.539976e+00   1.603151e+01   2.465807e+01   7.413296e+04   4.409945e+04   1.195628e+05   1.994414e-01  -3.352691e-01   1.190493e-24   1.474304e+05   1.178765e-47   0.000000e+00   0.000000e+00
     4648000   4.647999e-05   3.545907e+00   1.603503e+01   2.466763e+01   7.413296e+04   4.409945e+04   1.195628e+05   9.544941e-02  -1.604543e-01   2.493501e-24   1.474304e+05   2.700256e-48   0.000000e+00   0.000000e+00
     4656000   4.655999e-05   3.551838e+00   1.603856e+01   2.467720e+01   7.413296e+04   4.409945e+04   1.195628e+05  -8.542571e-03   1.436041e-02  -1.169180e-25   1.474304e+05   2.155731e-50   0.000000e+00   0.000000e+00
     4664000   4.663999e-05   3.557768e+00   1.604209e+01   2.468676e+01   7.413296e+04   4.409945e+04   1.195628e+05  -1.125346e-01   1.891752e-01  -2.354630e-24   1.474304e+05   3.751557e-48   0.000000e+00   0.000000e+00
     4672000   4.671999e-05   3.563699e+00   1.604562e+01   2.469633e+01   7.413296e+04   4.409945e+04   1.195628e+05  -2.165265e-01   3.639899e-01  -2.542449e-24   1.474304e+05   1.389025e-47   0.000000e+00   0.000000e+00
     4680000   4.679999e-05   3.569630e+00   1.604915e+01   2.470589e+01   7.413296e+04   4.409945e+04   1.195628e+05  -7.843106e-01   1.318458e+00   1.318172e-23   1.474304e+05   1.822564e-46   0.000000e+00   0.000000e+00
     4688000   4.687999e-05   3.575560e+00   1.605267e+01   2.471546e+01   7.413296e+04   4.409945e+04   1.195628e+05  -1.025690e+00   1.724226e+00   1.204375e-23   1.474304e+05   3.117069e-46   0.000000e+00   0.000000e+00
     4696000   4.695999e-05   3.581491e+00   1.605620e+01   2.472502e+01   7.413296e+04   4.409945e+04   1.195628e+05  -1.267069e+00   2.129994e+00  -1.294579e-23   1.474304e+05   4.756852e-46   0.000000e+00   0.000000e+00
     4704000   4.703999e-05   3.587422e+00   1.605973e+01   2.473459e+01   7.413296e+04   4.409945e+04   1.195628e+05  -1.508448e+00   2.535762e+00   2.169755e-23   1.474304e+05   6.741913e-46   0.000000e+00   0.000000e+00
     4712000   4.711999e-05   3.593352e+00   1.606326e+01   2.474415e+01   7.413296e+04   4.409945e+04   1.195628e+05  -1.749827e+00   2.941530e+00  -3.906080e-23   1.474304e+05   9.072252e-46   0.000000e+00   0.000000e+00
     4720000   4.719999e-05   3.599283e+00   1.606679e+01   2.475372e+01   7.413296e+04   4.409945e+04   1.195628e+05  -1.991206e+00   3.347298e+00   4.330527e-23   1.474304e+05   1.174787e-45   0.000000e+00   0.000000e+00
     4728000   4.727999e-05   3.605213e+00   1.607031e+01   2.476328e+01   7.413296e+04   4.409945e+04   1.195628e+05  -9.840162e-01   1.654171e+00  -1.861960e-23   1.474304e+05   2.868975e-46   0.000000e+00   0.000000e+00
     4736000   4.735999e-05   3.611144e+00   1.607384e+01   2.477285e+01   7.413296e+04   4.409945e+04   1.195628e+05  -1.146580e+00   1.927448e+00  -4.692807e-25   1.474304e+05   3.895236e-46   0.000000e+00   0.000000e+00
     4744000   4.743999e-05   3.617075e+00   1.607737e+01   2.478241e+01   7.413296e+04   4.409945e+04   1.195628e+05  -1.309145e+00   2.200725e+00   5.757656e-24   1.474304e+05   5.078107e-46   0.000000e+00   0.000000e+00
     4752000   4.751999e-05   3.623005e+00   1.608090e+01   2.479198e+01   7.413296e+04   4.409945e+04   1.195628e+05  -1.471709e+00   2.474002e+00  -1.187014e-23   1.474304e+05   6.417588e-46   0.000000e+00   0.000000e+00
     4760000   4.759999e-05   3.628936e+00   1.608443e+01   2.480154e+01   7.413296e+04   4.409945e+04   1.195628e+05  -2.712375e-01   4.559613e-01  -2.483534e-24   1.474304e+05   2.180288e-47   0.000000e+00   0.000000e+00
     4768000   4.767999e-05   3.634867e+00   1.608795e+01   2.481111e+01   7.413296e+04   4.409945e+04   1.195628e+05  -8.600726e-02   1.445817e-01   2.148263e-24   1.474304e+05   2.193028e-48   0.000000e+00   0.000000e+00
     4776000   4.775999e-05   3.640797e+00   1.609148e+01   2.482067e+01   7.413296e+04   4.409945e+04   1.195628e+05   9.922301e-02  -1.667979e-01  -6.747246e-25   1.474304e+05   2.915830e-48   0.000000e+00   0.000000e+00
     4784000   4.783999e-05   3.646728e+00   1.609501e+01   2.483024e+01   7.413296e+04   4.409945e+04   1.195628e+05   2.844533e-01  -4.781775e-01  -5.152229e-25   1.474304e+05   2.397128e-47   0.000000e+00   0.000000e+00
     4792000   4.791999e-05   3.652659e+00   1.609854e+01   2.483980e+01   7.413296e+04   4.409945e+04   1.195628e+05   4.696835e-01  -7.895572e-01  -1.843102e-24   1.474304e+05   6.535939e-47   0.000000e+00   0.000000e+00
     4800000   4.799999e-05   3.658589e+00   1.610206e+01   2.484937e+01   7.413296e+04   4.409945e+04   1.195628e+05  -5.569668e-01   9.362839e-01   7.028195e-24   1.474304e+05   9.191979e-47   0.000000e+00   0.000000e+00
     4808000   4.807999e-05   3.664520e+00   1.610559e+01   2.485893e+01   7.413296e+04   4.409945e+04   1.195628e+05  -5.042901e-01   8.477321e-01   1.002245e-23   1.474304e+05   7.535503e-47   0.000000e+00   0.000000e+00
     4816000   4.815999e-05   3.670450e+00   1.610912e+01   2.486850e+01   7.413296e+04   4.409945e+04   1.195628e+05  -4.516133e-01   7.591804e-01  -1.680072e-23   1.474304e+05   6.043469e-47   0.000000e+00   0.000000e+00
     4824000   4.823999e-05   3.676381e+00   1.611265e+01   2.487806e+01   7.413296e+04   4.409945e+04   1.195628e+05  -3.989366e-01   6.706286e-01   4.081809e-24   1.474304e+05   4.715874e-47   0.000000e+00   0.000000e+00
     4832000   4.831999e-05   3.682312e+00   1.611618e+01   2.488763e+01   7.413296e+04   4.409945e+04   1.195628e+05  -3.462598e-01   5.820769e-01   1.110232e-24   1.474304e+05   3.552719e-47   0.000000e+00   0.000000e+00
     4840000   4.839999e-05   3.688242e+00   1.611970e+01   2.489719e+01   7.413296e+04   4.409945e+04   1.195628e+05  -2.935831e-01   4.935251e-01   1.006445e-23   1.474304e+05   2.554005e-47   0.000000e+00   0.000000e+00
     4848000   4.847999e-05   3.694173e+00   1.612323e+01   2.490676e+01   7.413296e+04   4.409945e+04   1.195628e+05   1.847348e+00  -3.105467e+00  -3.959418e-23   1.474304e+05   1.011178e-45   0.000000e+00   0.000000e+00
     4856000   4.855999e-05   3.700104e+00   1.612676e+01   2.491632e+01   7.413296e+04   4.409945e+04   1.195628e+05   9.844874e-01  -1.654963e+00   1.304204e-23   1.474304e+05   2.872103e-46   0.000000e+00   0.000000e+00
     4864000   4.863999e-05   3.706034e+00   1.613029e+01   2.492589e+01   7.413296e+04   4.409945e+04   1.195628e+05   6.248467e-01  -1.050393e+00   2.085885e-23   1.474304e+05   1.157043e-46   0.000000e+00   0.000000e+00
     4872000   4.871999e-05   3.711965e+00   1.613382e+01   2.493545e+01   7.413296e+04   4.409945e+04   1.195628e+05   2.652060e-01  -4.458220e-01  -1.133978e-24   1.474304e+05   2.084749e-47   0.000000e+00   0.000000e+00
     4880000   4.879999e-05   3.717896e+00   1.613734e+01   2.494502e+01   7.413296e+04   4.409945e+04   1.195628e+05  -9.443476e-02   1.587487e-01  -3.751105e-24   1.474304e+05   2.639917e-48   0.000000e+00   0.000000e+00
     4888000   4.887999e-05   3.723826e+00   1.614087e+01   2.495458e+01   7.413296e+04   4.409945e+04   1.195628e+05  -4.540755e-01   7.633194e-01   1.450548e-23   1.474304e+05   6.108157e-47   0.000000e+00   0.000000e+00
     4896000   4.895999e-05   3.729757e+00   1.614440e+01   2.496415e+01   7.413296e+04   4.409945e+04   1.195628e+05  -8.137162e-01   1.367890e+00  -1.941355e-23   1.474304e+05   1.961725e-46   0.000000e+00   0.000000e+00
     4904000   4.903999e-05   3.735688e+00   1.614793e+01   2.497371e+01   7.413296e+04   4.409945e+04   1.195628e+05  -1.173357e+00   1.972461e+00  -1.160383e-23   1.474304e+05   4.079126e-46   0.000000e+00   0.000000e+00
     4912000   4.911999e-05   3.741618e+00   1.615146e+01   2.498328e+01   7.413296e+04   4.409945e+04   1.195628e+05  -1.532998e+00   2.577031e+00  -3.791913e-24   1.474304e+05   6.963019e-46   0.000000e+00   0.000000e+00
     4920000   4.919999e-05   3.747549e+00   1.615498e+01   2.499284e+01   7.413296e+04   4.409945e+04   1.195628e+05  -1.892638e+00   3.181602e+00  -4.367519e-23   1.474304e+05   1.061340e-45   0.000000e+00   0.000000e+00
     4928000   4.927999e-05   3.753479e+00   1.615851e+01   2.500241e+01   7.413296e+04   4.409945e+04   1.195628e+05   1.056514e+00  -1.776043e+00   1.986000e-23   1.474304e+05   3.307200e-46   0.000000e+00   0.000000e+00
     4936000   4.935999e-05   3.759410e+00   1.616204e+01   2.501197e+01   7.413296e+04   4.409945e+04   1.195628e+05   1.349220e+00  -2.268095e+00   2.745936e-24   1.474304e+05   5.393645e-46   0.000000e+00   0.000000e+00
     4944000   4.943999e-05   3.765341e+00   1.616557e+01   2.502154e+01   7.413296e+04   4.409945e+04   1.195628e+05   1.641927e+00  -2.760146e+00   4.526879e-23   1.474304e+05   7.987824e-46   0.000000e+00   0.000000e+00
     4952000   4.951999e-05   3.771271e+00   1.616910e+01   2.503110e+01   7.413296e+04   4.409945e+04   1.195628e+05   1.934634e+00  -3.252198e+00  -7.613324e-24   1.474304e+05   1.108974e-45   0.000000e+00   0.000000e+00
     4960000   4.959999e-05   3.777202e+00   1.617262e+01   2.504067e+01   7.413296e+04   4.409945e+04   1.195628e+05   2.227340e+00  -3.744250e+00   5.878020e-23   1.474304e+05   1.469938e-45   0.000000e+00   0.000000e+00
     4968000   4.967999e-05   3.783133e+00   1.617615e+01   2.505023e+01   7.413296e+04   4.409945e+04   1.195628e+05   2.520047e+00  -4.236302e+00  -6.569871e-23   1.474304e+05   1.881676e-45   0.000000e+00   0.000000e+00
     4976000   4.975999e-05   3.789063e+00   1.617968e+01   2.505980e+01   7.413296e+04   4.409945e+04   1.195628e+05   2.812754e+00  -4.728353e+00  -4.705406e-23   1.474304e+05   2.344187e-45   0.000000e+00   0.000000e+00
     4984000   4.983999e-05   3.794994e+00   1.618321e+01   2.506936e+01   7.413296e+04   4.409945e+04   1.195628e+05   3.105460e+00  -5.220405e+00   1.931648e-23   1.474304e+05   2.857471e-45   0.000000e+00   0.000000e+00
     4992000   4.991999e-05   3.800925e+00   1.618674e+01   2.507893e+01   7.413296e+04   4.409945e+04   1.195628e+05   1.059488e+00  -1.781042e+00  -7.653687e-24   1.474304e+05   3.325857e-46   0.000000e+00   0.000000e+00
     5000000   4.999999e-05   3.806855e+00   1.619026e+01   2.508849e+01   7.413296e+04   4.409945e+04   1.195628e+05   1.335354e+00  -2.244785e+00  -2.409513e-23   1.474304e+05   5.283365e-46   0.000000e+00   0.000000e+00
     5008000   5.007999e-05   3.812786e+00   1.619379e+01   2.509806e+01   7.413296e+04   4.409945e+04   1.195628e+05   1.611221e+00  -2.708528e+00   7.172617e-24   1.474304e+05   7.691866e-46   0.000000e+00   0.000000e+00
     5016000   5.015999e-05   3.818716e+00   1.619732e+01   2.510762e+01   7.413296e+04   4.409945e+04   1.195628e+05  -1.410349e+00   2.370853e+00  -1.240249e-23   1.474304e+05   5.893618e-46   0.000000e+00   0.000000e+00
     5024000   5.023999e-05   3.824647e+00   1.620085e+01   2.511719e+01   7.413296e+04   4.409945e+04   1.195628e+05  -9.056181e-01   1.522381e+00   2.301995e-23   1.474304e+05   2.430326e-46   0.000000e+00   0.000000e+00
     5032000   5.031999e-05   3.830578e+00   1.620438e+01   2.512675e+01   7.413296e+04   4.409945e+04   1.195628e+05  -6.197507e-01   1.041826e+00   5.635401e-24   1.474304e+05   1.138215e-46   0.000000e+00   0.000000e+00
     5040000   5.039999e-05   3.836508e+00   1.620790e+01   2.513632e+01   7.413296e+04   4.409945e+04   1.195628e+05  -3.338833e-01   5.612715e-01  -5.780822e-24   1.474304e+05   3.303867e-47   0.000000e+00   0.000000e+00
     5048000   5.047999e-05   3.842439e+00   1.621143e+01   2.514588e+01   7.413296e+04   4.409945e+04   1.195628e+05  -4.801595e-02   8.071677e-02  -5.728852e-26   1.474304e+05   6.841594e-49   0.000000e+00   0.000000e+00
     5056000   5.055999e-05   3.848370e+00   1.621496e+01   2.515545e+01   7.413296e+04   4.409945e+04   1.195628e+05   2.378514e-01  -3.998379e-01  -1.788850e-24   1.474304e+05   1.675796e-47   0.000000e+00   0.000000e+00
     5064000   5.063999e-05   3.854300e+00   1.621849e+01   2.516501e+01   7.413296e+04   4.409945e+04   1.195628e+05   5.237188e-01  -8.803926e-01   1.362832e-23   1.474304e+05   8.126006e-47   0.000000e+00   0.000000e+00
     5072000   5.071999e-05   3.860231e+00   1.622202e+01   2.517458e+01   7.413296e+04   4.409945e+04   1.195628e+05   8.095862e-01  -1.360947e+00  -3.356776e-23   1.474304e+05   1.941905e-46   0.000000e+00   0.000000e+00
     5080000   5.079999e-05   3.866162e+00   1.622554e+01   2.518414e+01   7.413296e+04   4.409945e+04   1.195628e+05   1.095454e+00  -1.841502e+00   4.445028e-23   1.474304e+05   3.555492e-46   0.000000e+00   0.000000e+00
     5088000   5.087999e-05   3.872092e+00   1.622907e+01   2.519371e+01   7.413296e+04   4.409945e+04   1.195628e+05   1.381321e+00  -2.322057e+00  -3.257434e-23   1.474304e+05   5.653362e-46   0.000000e+00   0.000000e+00
     5096000   5.095999e-05   3.878023e+00   1.623260e+01   2.520327e+01   7.413296e+04   4.409945e+04   1.195628e+05  -1.710380e+00   2.875219e+00  -2.604613e-23   1.474304e+05   8.667713e-46   0.000000e+00   0.000000e+00
     5104000   5.103999e-05   3.883953e+00   1.623613e+01   2.521284e+01   7.413296e+04   4.409945e+04   1.195628e+05  -2.041708e+00   3.432194e+00  -1.601440e-23   1.474304e+05   1.235121e-45   0.000000e+00   0.000000e+00
     5112000   5.111999e-05   3.889884e+00   1.623966e+01   2.522240e+01   7.413296e+04   4.409945e+04   1.195628e+05  -2.373035e+00   3.989168e+00   6.555571e-23   1.474304e+05   1.668527e-45   0.000000e+00   0.000000e+00
     5120000   5.119999e-05   3.895815e+00   1.624318e+01   2.523197e+01   7.413296e+04   4.409945e+04   1.195628e+05  -2.704362e+00   4.546143e+00   7.555108e-23   1.474304e+05   2.166988e-45   0.000000e+00   0.000000e+00
     5128000   5.127999e-05   3.901745e+00   1.624671e+01   2.524153e+01   7.413296e+04   4.409945e+04   1.195628e+05   1.243193e-01  -2.089858e-01  -1.208720e-24   1.474304e+05   4.576851e-48   0.000000e+00   0.000000e+00
     5136000   5.135999e-05   3.907676e+00   1.625024e+01   2.525110e+01   7.413296e+04   4.409945e+04   1.195628e+05   4.108168e-01  -6.905998e-01  -1.131857e-23   1.474304e+05   4.999894e-47   0.000000e+00   0.000000e+00
     5144000   5.143999e-05   3.913607e+00   1.625377e+01   2.526066e+01   7.413296e+04   4.409945e+04   1.195628e+05   6.973144e-01  -1.172214e+00   9.398295e-25   1.474304e+05   1.440631e-46   0.000000e+00   0.000000e+00
     5152000   5.151999e-05   3.919537e+00   1.625730e+01   2.527023e+01   7.413296e+04   4.409945e+04   1.195628e+05   9.838119e-01  -1.653828e+00  -2.259482e-23   1.474304e+05   2.867693e-46   0.000000e+00   0.000000e+00
     5160000   5.159999e-05   3.925468e+00   1.626082e+01   2.527979e+01   7.413296e+04   4.409945e+04   1.195628e+05   1.270309e+00  -2.135442e+00  -5.805871e-23   1.474304e+05   4.781175e-46   0.000000e+00   0.000000e+00
     5168000   5.167999e-05   3.931399e+00   1.626435e+01   2.528936e+01   7.413296e+04   4.409945e+04   1.195628e+05   1.556807e+00  -2.617056e+00  -4.581417e-23   1.474304e+05   7.181078e-46   0.000000e+00   0.000000e+00
     5176000   5.175999e-05   3.937329e+00   1.626788e+01   2.529892e+01   7.413296e+04   4.409945e+04   1.195628e+05   1.843305e+00  -3.098670e+00  -9.705773e-24   1.474304e+05   1.006740e-45   0.000000e+00   0.000000e+00
     5184000   5.183999e-05   3.943260e+00   1.627141e+01   2.530849e+01   7.413296e+04   4.409945e+04   1.195628e+05   9.245067e-01  -1.554133e+00  -4.813444e-24   1.474304e+05   2.532560e-46   0.000000e+00   0.000000e+00
     5192000   5.191999e-05   3.949190e+00   1.627493e+01   2.531805e+01   7.413296e+04   4.409945e+04   1.195628e+05   9.279399e-01  -1.559905e+00   5.466902e-24   1.474304e+05   2.551405e-46   0.000000e+00   0.000000e+00
     5200000   5.199999e-05   3.955121e+00   1.627846e+01   2.532762e+01   7.413296e+04   4.409945e+04   1.195628e+05   9.313730e-01  -1.565676e+00  -8.106102e-24   1.474304e+05   2.570319e-46   0.000000e+00   0.000000e+00
     5208000   5.207999e-05   3.961052e+00   1.628199e+01   2.533718e+01   7.413296e+04   4.409945e+04   1.195628e+05   9.348062e-01  -1.571447e+00   2.174072e-24   1.474304e+05   2.589303e-46   0.000000e+00   0.000000e+00
     5216000   5.215999e-05   3.966982e+00   1.628552e+01   2.534675e+01   7.413296e+04   4.409945e+04   1.195628e+05   9.382394e-01  -1.577219e+00  -1.139910e-23   1.474304e+05   2.608357e-46   0.000000e+00   0.000000e+00
     5224000   5.223999e-05   3.972913e+00   1.628905e+01   2.535631e+01   7.413296e+04   4.409945e+04   1.195628e+05   9.416725e-01  -1.582990e+00  -1.304573e-23   1.474304e+05   2.627481e-46   0.000000e+00   0.000000e+00
     5232000   5.231999e-05   3.978844e+00   1.629257e+01   2.536588e+01   7.413296e+04   4.409945e+04   1.195628e+05   9.451057e-01  -1.588761e+00   9.160813e-24   1.474304e+05   2.646674e-46   0.000000e+00   0.000000e+00
     5240000   5.239999e-05   3.984774e+00   1.629610e+01   2.537544e+01   7.413296e+04   4.409945e+04   1.195628e+05   9.485389e-01  -1.594532e+00  -1.633925e-23   1.474304e+05   2.665938e-46   0.000000e+00   0.000000e+00
     5248000   5.247999e-05   3.990705e+00   1.629963e+01   2.538501e+01   7.413296e+04   4.409945e+04   1.195628e+05   9.519721e-01  -1.600304e+00   5.867126e-24   1.474304e+05   2.685271e-46   0.000000e+00   0.000000e+00
     5256000   5.255999e-05   3.996636e+00   1.630316e+01   2.539457e+01   7.413296e+04   4.409945e+04   1.195628e+05  -9.209125e-01   1.548091e+00   2.404195e-23   1.474304e+05   2.512798e-46   0.000000e+00   0.000000e+00
     5264000   5.263999e-05   4.002566e+00   1.630669e+01   2.540414e+01   7.413296e+04   4.409945e+04   1.195628e+05   6.510698e-01  -1.094475e+00  -1.532889e-23   1.474304e+05   1.256173e-46   0.000000e+00   0.000000e+00
     5272000   5.271999e-05   4.008497e+00   1.631021e+01   2.541370e+01   7.413296e+04   4.409945e+04   1.195628e+05   3.251062e-01  -5.465167e-01   5.620778e-25   1.474304e+05   3.132560e-47   0.000000e+00   0.000000e+00
     5280000   5.279999e-05   4.014427e+00   1.631374e+01   2.542327e+01   7.413296e+04   4.409945e+04   1.195628e+05  -8.574252e-04   1.441367e-03   2.121987e-27   1.474304e+05   1.976258e-52   0.000000e+00   0.000000e+00
     5288000   5.287999e-05   4.020358e+00   1.631727e+01   2.543283e+01   7.413296e+04   4.409945e+04   1.195628e+05  -3.268210e-01   5.493995e-01   2.517020e-24   1.474304e+05   3.164112e-47   0.000000e+00   0.000000e+00
     5296000   5.295999e-05   4.026289e+00   1.632080e+01   2.544240e+01   7.413296e+04   4.409945e+04   1.195628e+05  -6.527847e-01   1.097358e+00   1.244472e-23   1.474304e+05   1.262484e-46   0.000000e+00   0.000000e+00
     5304000   5.303999e-05   4.032219e+00   1.632433e+01   2.545196e+01   7.413296e+04   4.409945e+04   1.195628e+05  -9.787483e-01   1.645316e+00   4.474010e-24   1.474304e+05   2.838219e-46   0.000000e+00   0.000000e+00
     5312000   5.311999e-05   4.038150e+00   1.632785e+01   2.546153e+01   7.413296e+04   4.409945e+04   1.195628e+05  -1.304712e+00   2.193274e+00   2.035125e-23   1.474304e+05   5.043618e-46   0.000000e+00   0.000000e+00
     5320000   5.319999e-05   4.044081e+00   1.633138e+01   2.547109e+01   7.413296e+04   4.409945e+04   1.195628e+05  -1.630676e+00   2.741232e+00   4.527256e-25   1.474304e+05   7.878681e-46   0.000000e+00   0.000000e+00
     5328000   5.327999e-05   4.050011e+00   1.633491e+01   2.548066e+01   7.413296e+04   4.409945e+04   1.195628e+05  -1.956639e+00   3.289190e+00  -1.943645e-23   1.474304e+05   1.134341e-45   0.000000e+00   0.000000e+00
     5336000   5.335999e-05   4.055942e+00   1.633844e+01   2.549022e+01   7.413296e+04   4.409945e+04   1.195628e+05  -2.282603e+00   3.837148e+00  -1.547215e-23   1.474304e+05   1.543780e-45   0.000000e+00   0.000000e+00
     5344000   5.343999e-05   4.061873e+00   1.634197e+01   2.549979e+01   7.413296e+04   4.409945e+04   1.195628e+05  -2.608566e+00   4.385106e+00  -1.154300e-23   1.474304e+05   2.016185e-45   0.000000e+00   0.000000e+00
     5352000   5.351999e-05   4.067803e+00   1.634549e+01   2.550935e+01   7.413296e+04   4.409945e+04   1.195628e+05   7.422032e-01  -1.247674e+00  -1.999777e-24   1.474304e+05   1.632093e-46   0.000000e+00   0.000000e+00
     5360000   5.359999e-05   4.073734e+00   1.634902e+01   2.551892e+01   7.413296e+04   4.409945e+04   1.195628e+05   1.021441e+00  -1.717083e+00   1.639560e-23   1.474304e+05   3.091268e-46   0.000000e+00   0.000000e+00
     5368000   5.367999e-05   4.079664e+00   1.635255e+01   2.552848e+01   7.413296e+04   4.409945e+04   1.195628e+05   1.300678e+00  -2.186493e+00   1.093886e-23   1.474304e+05   5.012523e-46   0.000000e+00   0.000000e+00
     5376000   5.375999e-05   4.085595e+00   1.635608e+01   2.553805e+01   7.413296e+04   4.409945e+04   1.195628e+05   1.579915e+00  -2.655902e+00  -1.836899e-23   1.474304e+05   7.395858e-46   0.000000e+00   0.000000e+00
     5384000   5.383999e-05   4.091526e+00   1.635961e+01   2.554761e+01   7.413296e+04   4.409945e+04   1.195628e+05   1.859153e+00  -3.125311e+00  -4.766699e-23   1.474304e+05   1.024127e-45   0.000000e+00   0.000000e+00
     5392000   5.391999e-05   4.097456e+00   1.636313e+01   2.555718e+01   7.413296e+04   4.409945e+04   1.195628e+05   2.138390e+00  -3.594721e+00   4.231487e-23   1.474304e+05   1.354877e-45   0.000000e+00   0.000000e+00
     5400000   5.399999e-05   4.103387e+00   1.636666e+01   2.556674e+01   7.413296e+04   4.409945e+04   1.195628e+05  -8.343769e-01   1.402622e+00   7.716557e-24   1.474304e+05   2.062689e-46   0.000000e+00   0.000000e+00
     5408000   5.407999e-05   4.109318e+00   1.637019e+01   2.557631e+01   7.413296e+04   4.409945e+04   1.195628e+05  -1.071454e+00   1.801157e+00   1.485955e-23   1.474304e+05   3.401440e-46   0.000000e+00   0.000000e+00
     5416000   5.415999e-05   4.115248e+00   1.637372e+01   2.558587e+01   7.413296e+04   4.409945e+04   1.195628e+05  -1.308530e+00   2.199692e+00   1.007993e-23   1.474304e+05   5.073269e-46   0.000000e+00   0.000000e+00
     5424000   5.423999e-05   4.121179e+00   1.637725e+01   2.559544e+01   7.413296e+04   4.409945e+04   1.195628e+05  -1.545607e+00   2.598228e+00  -6.626490e-24   1.474304e+05   7.078177e-46   0.000000e+00   0.000000e+00
     5432000   5.431999e-05   4.127110e+00   1.638077e+01   2.560500e+01   7.413296e+04   4.409945e+04   1.195628e+05  -1.167747e-02   1.963031e-02  -2.588725e-25   1.474304e+05   4.067665e-50   0.000000e+00   0.000000e+00
     5440000   5.439999e-05   4.133040e+00   1.638430e+01   2.561457e+01   7.413296e+04   4.409945e+04   1.195628e+05   3.015419e-01  -5.069041e-01  -7.815654e-24   1.474304e+05   2.693534e-47   0.000000e+00   0.000000e+00
     5448000   5.447999e-05   4.138971e+00   1.638783e+01   2.562413e+01   7.413296e+04   4.409945e+04   1.195628e+05   6.147612e-01  -1.033439e+00   4.199612e-24   1.474304e+05   1.119690e-46   0.000000e+00   0.000000e+00
     5456000   5.455999e-05   4.144901e+00   1.639136e+01   2.563370e+01   7.413296e+04   4.409945e+04   1.195628e+05   9.279805e-01  -1.559973e+00  -7.643690e-24   1.474304e+05   2.551415e-46   0.000000e+00   0.000000e+00
     5464000   5.463999e-05   4.150832e+00   1.639489e+01   2.564326e+01   7.413296e+04   4.409945e+04   1.195628e+05   1.241200e+00  -2.086507e+00  -1.949555e-23   1.474304e+05   4.564531e-46   0.000000e+00   0.000000e+00
     5472000   5.471999e-05   4.156763e+00   1.639841e+01   2.565283e+01   7.413296e+04   4.409945e+04   1.195628e+05   1.554419e+00  -2.613042e+00  -3.134506e-23   1.474304e+05   7.159035e-46   0.000000e+00   0.000000e+00
     5480000   5.479999e-05   4.162693e+00   1.640194e+01   2.566239e+01   7.413296e+04   4.409945e+04   1.195628e+05  -5.561401e-01   9.348942e-01  -5.930406e-24   1.474304e+05   9.164410e-47   0.000000e+00   0.000000e+00
     5488000   5.487999e-05   4.168624e+00   1.640547e+01   2.567196e+01   7.413296e+04   4.409945e+04   1.195628e+05  -5.769478e-01   9.698728e-01  -6.182729e-24   1.474304e+05   9.863005e-47   0.000000e+00   0.000000e+00
     5496000   5.495999e-05   4.174555e+00   1.640900e+01   2.568152e+01   7.413296e+04   4.409945e+04   1.195628e+05  -5.977555e-01   1.004851e+00   1.741854e-23   1.474304e+05   1.058726e-46   0.000000e+00   0.000000e+00
     5504000   5.503999e-05   4.180485e+00   1.641253e+01   2.569109e+01   7.413296e+04   4.409945e+04   1.195628e+05  -6.185632e-01   1.039830e+00   5.240247e-24   1.474304e+05   1.133717e-46   0.000000e+00   0.000000e+00
     5512000   5.511999e-05   4.186416e+00   1.641605e+01   2.570065e+01   7.413296e+04   4.409945e+04   1.195628e+05  -1.910116e+00   3.210983e+00  -1.073611e-23   1.474304e+05   1.081052e-45   0.000000e+00   0.000000e+00
     5520000   5.519999e-05   4.192347e+00   1.641958e+01   2.571022e+01   7.413296e+04   4.409945e+04   1.195628e+05  -2.140831e+00   3.598824e+00  -1.600512e-23   1.474304e+05   1.357979e-45   0.000000e+00   0.000000e+00
     5528000   5.527999e-05   4.198277e+00   1.642311e+01   2.571978e+01   7.413296e+04   4.409945e+04   1.195628e+05  -2.371545e+00   3.986664e+00   7.409153e-23   1.474304e+05   1.666450e-45   0.000000e+00   0.000000e+00
     5536000   5.535999e-05   4.204208e+00   1.642664e+01   2.572935e+01   7.413296e+04   4.409945e+04   1.195628e+05  -1.089718e+00   1.831861e+00   2.203567e-23   1.474304e+05   3.518853e-46   0.000000e+00   0.000000e+00
     5544000   5.543999e-05   4.210138e+00   1.643016e+01   2.573891e+01   7.413296e+04   4.409945e+04   1.195628e+05  -7.635422e-01   1.283546e+00  -1.450623e-23   1.474304e+05   1.727638e-46   0.000000e+00   0.000000e+00
     5552000   5.551999e-05   4.216069e+00   1.643369e+01   2.574848e+01   7.413296e+04   4.409945e+04   1.195628e+05  -4.373661e-01   7.352303e-01   2.638452e-24   1.474304e+05   5.669064e-47   0.000000e+00   0.000000e+00
     5560000   5.559999e-05   4.222000e+00   1.643722e+01   2.575804e+01   7.413296e+04   4.409945e+04   1.195628e+05  -1.111900e-01   1.869149e-01   3.971415e-25   1.474304e+05   3.665980e-48   0.000000e+00   0.000000e+00
     5568000   5.567999e-05   4.227930e+00   1.644075e+01   2.576761e+01   7.413296e+04   4.409945e+04   1.195628e+05   2.149861e-01  -3.614004e-01  -1.846528e-24   1.474304e+05   1.368977e-47   0.000000e+00   0.000000e+00
     5576000   5.575999e-05   4.233861e+00   1.644428e+01   2.577717e+01   7.413296e+04   4.409945e+04   1.195628e+05   5.411622e-01  -9.097157e-01   6.349893e-24   1.474304e+05   8.676201e-47   0.000000e+00   0.000000e+00
     5584000   5.583999e-05   4.239792e+00   1.644780e+01   2.578674e+01   7.413296e+04   4.409945e+04   1.195628e+05   8.673383e-01  -1.458031e+00  -1.825266e-23   1.474304e+05   2.228827e-46   0.000000e+00   0.000000e+00
     5592000   5.591999e-05   4.245722e+00   1.645133e+01   2.579630e+01   7.413296e+04   4.409945e+04   1.195628e+05   1.193514e+00  -2.006346e+00  -1.901422e-23   1.474304e+05   4.220518e-46   0.000000e+00   0.000000e+00
     5600000   5.599999e-05   4.251653e+00   1.645486e+01   2.580587e+01   7.413296e+04   4.409945e+04   1.195628e+05  -4.164193e-01   7.000178e-01   3.227454e-24   1.474304e+05   5.137879e-47   0.000000e+00   0.000000e+00
     5608000   5.607999e-05   4.257584e+00   1.645839e+01   2.581543e+01   7.413296e+04   4.409945e+04   1.195628e+05  -4.851165e-01   8.155005e-01   1.452781e-23   1.474304e+05   6.972953e-47   0.000000e+00   0.000000e+00
     5616000   5.615999e-05   4.263514e+00   1.646192e+01   2.582500e+01   7.413296e+04   4.409945e+04   1.195628e+05  -5.538136e-01   9.309833e-01   1.975990e-24   1.474304e+05   9.087699e-47   0.000000e+00   0.000000e+00
     5624000   5.623999e-05   4.269445e+00   1.646544e+01   2.583456e+01   7.413296e+04   4.409945e+04   1.195628e+05  -6.225108e-01   1.046466e+00  -1.653805e-23   1.474304e+05   1.148212e-46   0.000000e+00   0.000000e+00
     5632000   5.631999e-05   4.275375e+00   1.646897e+01   2.584413e+01   7.413296e+04   4.409945e+04   1.195628e+05  -6.912080e-01   1.161949e+00   7.322603e-25   1.474304e+05   1.415620e-46   0.000000e+00   0.000000e+00
     5640000   5.639999e-05   4.281306e+00   1.647250e+01   2.585369e+01   7.413296e+04   4.409945e+04   1.195628e+05  -7.599051e-01   1.277431e+00   6.069901e-24   1.474304e+05   1.710996e-46   0.000000e+00   0.000000e+00
     5648000   5.647999e-05   4.287237e+00   1.647603e+01   2.586326e+01   7.413296e+04   4.409945e+04   1.195628e+05  -8.286023e-01   1.392914e+00   2.332206e-23   1.474304e+05   2.034339e-46   0.000000e+00   0.000000e+00
     5656000   5.655999e-05   4.293167e+00   1.647956e+01   2.587282e+01   7.413296e+04   4.409945e+04   1.195628e+05  -8.972995e-01   1.508397e+00   1.671923e-23   1.474304e+05   2.385649e-46   0.000000e+00   0.000000e+00
     5664000   5.663999e-05   4.299098e+00   1.648308e+01   2.588239e+01   7.413296e+04   4.409945e+04   1.195628e+05  -9.659966e-01   1.623880e+00   2.204132e-23   1.474304e+05   2.764927e-46   0.000000e+00   0.000000e+00
     5672000   5.671999e-05   4.305029e+00   1.648661e+01   2.589195e+01   7.413296e+04   4.409945e+04   1.195628e+05   3.937895e+00  -6.619762e+00   1.434707e-22   1.474304e+05   4.594617e-45   0.000000e+00   0.000000e+00
     5680000   5.679999e-05   4.310959e+00   1.649014e+01   2.590152e+01   7.413296e+04   4.409945e+04   1.195628e+05   8.056113e-01  -1.354265e+00   8.938398e-24   1.474304e+05   1.923224e-46   0.000000e+00   0.000000e+00
     5688000   5.687999e-05   4.316890e+00   1.649367e+01   2.591108e+01   7.413296e+04   4.409945e+04   1.195628e+05   5.193775e-01  -8.730948e-01  -9.144607e-24   1.474304e+05   7.994039e-47   0.000000e+00   0.000000e+00
     5696000   5.695999e-05   4.322821e+00   1.649720e+01   2.592065e+01   7.413296e+04   4.409945e+04   1.195628e+05   2.331438e-01  -3.919242e-01  -3.945105e-25   1.474304e+05   1.611094e-47   0.000000e+00   0.000000e+00
     5704000   5.703999e-05   4.328751e+00   1.650072e+01   2.593021e+01   7.413296e+04   4.409945e+04   1.195628e+05   8.413831e-01  -1.414399e+00  -1.434686e-24   1.474304e+05   2.097638e-46   0.000000e+00   0.000000e+00
     5712000   5.711999e-05   4.334682e+00   1.650425e+01   2.593978e+01   7.413296e+04   4.409945e+04   1.195628e+05   8.187760e-01  -1.376396e+00  -4.858859e-24   1.474304e+05   1.986430e-46   0.000000e+00   0.000000e+00
     5720000   5.719999e-05   4.340612e+00   1.650778e+01   2.594934e+01   7.413296e+04   4.409945e+04   1.195628e+05   7.961689e-01  -1.338392e+00  -3.213573e-23   1.474304e+05   1.878251e-46   0.000000e+00   0.000000e+00
     5728000   5.727999e-05   4.346543e+00   1.651131e+01   2.595891e+01   7.413296e+04   4.409945e+04   1.195628e+05   7.735618e-01  -1.300389e+00   1.214776e-23   1.474304e+05   1.773100e-46   0.000000e+00   0.000000e+00
     5736000   5.735999e-05   4.352474e+00   1.651484e+01   2.596847e+01   7.413296e+04   4.409945e+04   1.195628e+05   7.509547e-01  -1.262385e+00   8.725278e-24   1.474304e+05   1.670978e-46   0.000000e+00   0.000000e+00
     5744000   5.743999e-05   4.358404e+00   1.651836e+01   2.597804e+01   7.413296e+04   4.409945e+04   1.195628e+05   7.283476e-01  -1.224382e+00  -1.854990e-23   1.474304e+05   1.571885e-46   0.000000e+00   0.000000e+00
     5752000   5.751999e-05   4.364335e+00   1.652189e+01   2.598760e+01   7.413296e+04   4.409945e+04   1.195628e+05   7.057405e-01  -1.186379e+00  -1.002523e-23   1.474304e+05   1.475821e-46   0.000000e+00   0.000000e+00
     5760000   5.759999e-05   4.370266e+00   1.652542e+01   2.599717e+01   7.413296e+04   4.409945e+04   1.195628e+05   6.831334e-01  -1.148375e+00  -1.342723e-23   1.474304e+05   1.382785e-46   0.000000e+00   0.000000e+00
     5768000   5.767999e-05   4.376196e+00   1.652895e+01   2.600673e+01   7.413296e+04   4.409945e+04   1.195628e+05   5.605431e-01  -9.422958e-01  -1.487910e-24   1.474304e+05   9.310687e-47   0.000000e+00   0.000000e+00
     5776000   5.775999e-05   4.382127e+00   1.653248e+01   2.601630e+01   7.413296e+04   4.409945e+04   1.195628e+05   4.391027e-01  -7.381495e-01   1.038395e-24   1.474304e+05   5.713501e-47   0.000000e+00   0.000000e+00
     5784000   5.783999e-05   4.388058e+00   1.653600e+01   2.602586e+01   7.413296e+04   4.409945e+04   1.195628e+05   3.176622e-01  -5.340031e-01  -2.400549e-24   1.474304e+05   2.990286e-47   0.000000e+00   0.000000e+00
     5792000   5.791999e-05   4.393988e+00   1.653953e+01   2.603543e+01   7.413296e+04   4.409945e+04   1.195628e+05   1.962218e-01  -3.298568e-01  -2.860026e-24   1.474304e+05   1.141042e-47   0.000000e+00   0.000000e+00
     5800000   5.799999e-05   4.399919e+00   1.654306e+01   2.604499e+01   7.413296e+04   4.409945e+04   1.195628e+05   7.478130e-02  -1.257104e-01   1.150874e-24   1.474304e+05   1.657687e-48   0.000000e+00   0.000000e+00
     5808000   5.807999e-05   4.405849e+00   1.654659e+01   2.605456e+01   7.413296e+04   4.409945e+04   1.195628e+05   3.756512e-01  -6.314849e-01  -4.012374e-24   1.474304e+05   4.181935e-47   0.000000e+00   0.000000e+00
     5816000   5.815999e-05   4.411780e+00   1.655012e+01   2.606412e+01   7.413296e+04   4.409945e+04   1.195628e+05   1.413674e-01  -2.376444e-01  -3.858922e-24   1.474304e+05   5.924049e-48   0.000000e+00   0.000000e+00
     5824000   5.823999e-05   4.417711e+00   1.655364e+01   2.607369e+01   7.413296e+04   4.409945e+04   1.195628e+05  -9.291634e-02   1.561962e-01   7.649854e-25   1.474304e+05   2.556528e-48   0.000000e+00   0.000000e+00
     5832000   5.831999e-05   4.423641e+00   1.655717e+01   2.608326e+01   7.413296e+04   4.409945e+04   1.195628e+05  -3.272001e-01   5.500367e-01  -6.536509e-24   1.474304e+05   3.171679e-47   0.000000e+00   0.000000e+00
     5840000   5.839999e-05   4.429572e+00   1.656070e+01   2.609282e+01   7.413296e+04   4.409945e+04   1.195628e+05  -5.614838e-01   9.438772e-01   1.449187e-23   1.474304e+05   9.340483e-47   0.000000e+00   0.000000e+00
     5848000   5.847999e-05   4.435503e+00   1.656423e+01   2.610239e+01   7.413296e+04   4.409945e+04   1.195628e+05  -7.764149e-01   1.305185e+00   9.970865e-24   1.474304e+05   1.786226e-46   0.000000e+00   0.000000e+00
     5856000   5.855999e-05   4.441433e+00   1.656776e+01   2.611195e+01   7.413296e+04   4.409945e+04   1.195628e+05  -7.148038e-01   1.201614e+00   2.390527e-24   1.474304e+05   1.513991e-46   0.000000e+00   0.000000e+00
     5864000   5.863999e-05   4.447364e+00   1.657128e+01   2.612152e+01   7.413296e+04   4.409945e+04   1.195628e+05  -6.531927e-01   1.098044e+00  -5.174293e-24   1.474304e+05   1.264250e-46   0.000000e+00   0.000000e+00
     5872000   5.871999e-05   4.453295e+00   1.657481e+01   2.613108e+01   7.413296e+04   4.409945e+04   1.195628e+05  -5.915817e-01   9.944729e-01  -8.188494e-25   1.474304e+05   1.037005e-46   0.000000e+00   0.000000e+00
     5880000   5.879999e-05   4.459225e+00   1.657834e+01   2.614065e+01   7.413296e+04   4.409945e+04   1.195628e+05  -5.299706e-01   8.909021e-01  -2.428035e-24   1.474304e+05   8.322547e-47   0.000000e+00   0.000000e+00
     5888000   5.887999e-05   4.465156e+00   1.658187e+01   2.615021e+01   7.413296e+04   4.409945e+04   1.195628e+05  -4.683595e-01   7.873314e-01  -1.596483e-23   1.474304e+05   6.499995e-47   0.000000e+00   0.000000e+00
     5896000   5.895999e-05   4.471087e+00   1.658539e+01   2.615978e+01   7.413296e+04   4.409945e+04   1.195628e+05  -4.067484e-01   6.837606e-01   6.277283e-24   1.474304e+05   4.902395e-47   0.000000e+00   0.000000e+00
     5904000   5.903999e-05   4.477017e+00   1.658892e+01   2.616934e+01   7.413296e+04   4.409945e+04   1.195628e+05  -3.451373e-01   5.801899e-01   1.062847e-23   1.474304e+05   3.529745e-47   0.000000e+00   0.000000e+00
     5912000   5.911999e-05   4.482948e+00   1.659245e+01   2.617891e+01   7.413296e+04   4.409945e+04   1.195628e+05  -2.835262e-01   4.766192e-01   3.052044e-24   1.474304e+05   2.382046e-47   0.000000e+00   0.000000e+00
     5920000   5.919999e-05   4.488878e+00   1.659598e+01   2.618847e+01   7.413296e+04   4.409945e+04   1.195628e+05  -2.219152e-01   3.730484e-01  -1.543703e-24   1.474304e+05   1.459299e-47   0.000000e+00   0.000000e+00
     5928000   5.927999e-05   4.494809e+00   1.659951e+01   2.619804e+01   7.413296e+04   4.409945e+04   1.195628e+05  -1.603041e-01   2.694777e-01  -1.782778e-25   1.474304e+05   7.615018e-48   0.000000e+00   0.000000e+00
     5936000   5.935999e-05   4.500740e+00   1.660303e+01   2.620760e+01   7.413296e+04   4.409945e+04   1.195628e+05  -1.227427e+00   2.063355e+00  -1.731820e-23   1.474304e+05   4.464172e-46   0.000000e+00   0.000000e+00
     5944000   5.943999e-05   4.506670e+00   1.660656e+01   2.621717e+01   7.413296e+04   4.409945e+04   1.195628e+05  -1.122501e+00   1.886970e+00   2.798930e-23   1.474304e+05   3.733565e-46   0.000000e+00   0.000000e+00
     5952000   5.951999e-05   4.512601e+00   1.661009e+01   2.622673e+01   7.413296e+04   4.409945e+04   1.195628e+05  -1.017575e+00   1.710585e+00   1.732974e-24   1.474304e+05   3.068202e-46   0.000000e+00   0.000000e+00
     5960000   5.959999e-05   4.518532e+00   1.661362e+01   2.623630e+01   7.413296e+04   4.409945e+04   1.195628e+05  -9.126485e-01   1.534199e+00   1.125572e-23   1.474304e+05   2.468082e-46   0.000000e+00   0.000000e+00
     5968000   5.967999e-05   4.524462e+00   1.661715e+01   2.624586e+01   7.413296e+04   4.409945e+04   1.195628e+05  -8.077222e-01   1.357814e+00  -3.072170e-24   1.474304e+05   1.933206e-46   0.000000e+00   0.000000e+00
     5976000   5.975999e-05   4.530393e+00   1.662067e+01   2.625543e+01   7.413296e+04   4.409945e+04   1.195628e+05  -7.027959e-01   1.181429e+00   6.460540e-24   1.474304e+05   1.463574e-46   0.000000e+00   0.000000e+00
     5984000   5.983999e-05   4.536324e+00   1.662420e+01   2.626499e+01   7.413296e+04   4.409945e+04   1.195628e+05  -5.978697e-01   1.005043e+00   1.600510e-23   1.474304e+05   1.059186e-46   0.000000e+00   0.000000e+00
     5992000   5.991999e-05   4.542254e+00   1.662773e+01   2.627456e+01   7.413296e+04   4.409945e+04   1.195628e+05  -4.929434e-01   8.286580e-01   7.655193e-24   1.474304e+05   7.200412e-47   0.000000e+00   0.000000e+00
     6000000   5.999999e-05   4.548185e+00   1.663126e+01   2.628412e+01   7.413296e+04   4.409945e+04   1.195628e+05  -3.880172e-01   6.522727e-01  -6.963860e-25   1.474304e+05   4.461402e-47   0.000000e+00   0.000000e+00
     6008000   6.007999e-05   4.554115e+00   1.663479e+01   2.629369e+01   7.413296e+04   4.409945e+04   1.195628e+05  -2.830909e-01   4.758873e-01   2.876995e-24   1.474304e+05   2.374828e-47   0.000000e+00   0.000000e+00
     6016000   6.015999e-05   4.560046e+00   1.663831e+01   2.630325e+01   7.413296e+04   4.409945e+04   1.195628e+05  -2.617973e-01   4.400919e-01   6.051210e-27   1.474304e+05   2.030855e-47   0.000000e+00   0.000000e+00
     6024000   6.023999e-05   4.565977e+00   1.664184e+01   2.631282e+01   7.413296e+04   4.409945e+04   1.195628e+05  -2.410035e-01   4.051366e-01   4.630052e-24   1.474304e+05   1.721060e-47   0.000000e+00   0.000000e+00
     6032000   6.031999e-05   4.571907e+00   1.664537e+01   2.632238e+01   7.413296e+04   4.409945e+04   1.195628e+05  -2.202097e-01   3.701814e-01   3.290407e-24   1.474304e+05   1.436889e-47   0.000000e+00   0.000000e+00
     6040000   6.039999e-05   4.577838e+00   1.664890e+01   2.633195e+01   7.413296e+04   4.409945e+04   1.195628e+05  -1.994159e-01   3.352262e-01   4.930790e-24   1.474304e+05   1.178341e-47   0.000000e+00   0.000000e+00
     6048000   6.047999e-05   4.583769e+00   1.665243e+01   2.634151e+01   7.413296e+04   4.409945e+04   1.195628e+05  -1.786221e-01   3.002710e-01   3.589195e-24   1.474304e+05   9.454160e-48   0.000000e+00   0.000000e+00
     6056000   6.055999e-05   4.589699e+00   1.665595e+01   2.635108e+01   7.413296e+04   4.409945e+04   1.195628e+05  -1.578283e-01   2.653157e-01   8.210917e-24   1.474304e+05   7.381149e-48   0.000000e+00   0.000000e+00
     6064000   6.063999e-05   4.595630e+00   1.665948e+01   2.636064e+01   7.413296e+04   4.409945e+04   1.195628e+05  -1.370345e-01   2.303605e-01   3.887665e-24   1.474304e+05   5.564373e-48   0.000000e+00   0.000000e+00
     6072000   6.071999e-05   4.601561e+00   1.666301e+01   2.637021e+01   7.413296e+04   4.409945e+04   1.195628e+05  -1.509613e+00   2.537721e+00   1.947111e-23   1.474304e+05   6.752381e-46   0.000000e+00   0.000000e+00
     6080000   6.079999e-05   4.607491e+00   1.666654e+01   2.637977e+01   7.413296e+04   4.409945e+04   1.195628e+05  -1.708575e+00   2.872185e+00  -1.263881e-23   1.474304e+05   8.649595e-46   0.000000e+00   0.000000e+00
     6088000   6.087999e-05   4.613422e+00   1.667007e+01   2.638934e+01   7.413296e+04   4.409945e+04   1.195628e+05  -1.907538e+00   3.206649e+00   2.681275e-23   1.474304e+05   1.078140e-45   0.000000e+00   0.000000e+00
     6096000   6.095999e-05   4.619352e+00   1.667359e+01   2.639890e+01   7.413296e+04   4.409945e+04   1.195628e+05  -2.106501e+00   3.541113e+00  -5.280741e-24   1.474304e+05   1.314780e-45   0.000000e+00   0.000000e+00
     6104000   6.103999e-05   4.625283e+00   1.667712e+01   2.640847e+01   7.413296e+04   4.409945e+04   1.195628e+05   9.052450e-01  -1.521754e+00   2.901705e-23   1.474304e+05   2.428064e-46   0.000000e+00   0.000000e+00
     6112000   6.111999e-05   4.631214e+00   1.668065e+01   2.641803e+01   7.413296e+04   4.409945e+04   1.195628e+05   1.006576e+00  -1.692095e+00   2.330320e-23   1.474304e+05   3.002078e-46   0.000000e+00   0.000000e+00
     6120000   6.119999e-05   4.637144e+00   1.668418e+01   2.642760e+01   7.413296e+04   4.409945e+04   1.195628e+05   1.107906e+00  -1.862436e+00   1.758905e-23   1.474304e+05   3.636941e-46   0.000000e+00   0.000000e+00
     6128000   6.127999e-05   4.643075e+00   1.668771e+01   2.643716e+01   7.413296e+04   4.409945e+04   1.195628e+05   1.209237e+00  -2.032777e+00  -1.197330e-23   1.474304e+05   4.332653e-46   0.000000e+00   0.000000e+00
     6136000   6.135999e-05   4.649006e+00   1.669123e+01   2.644673e+01   7.413296e+04   4.409945e+04   1.195628e+05   1.310568e+00  -2.203118e+00  -4.153658e-23   1.474304e+05   5.089214e-46   0.000000e+00   0.000000e+00
     6144000   6.143999e-05   4.654936e+00   1.669476e+01   2.645629e+01   7.413296e+04   4.409945e+04   1.195628e+05   1.411899e+00  -2.373459e+00   4.590212e-25   1.474304e+05   5.906624e-46   0.000000e+00   0.000000e+00
     6152000   6.151999e-05   4.660867e+00   1.669829e+01   2.646586e+01   7.413296e+04   4.409945e+04   1.195628e+05   1.513229e+00  -2.543800e+00   1.860044e-23   1.474304e+05   6.784882e-46   0.000000e+00   0.000000e+00
     6160000   6.159999e-05   4.666798e+00   1.670182e+01   2.647542e+01   7.413296e+04   4.409945e+04   1.195628e+05  -3.079158e+00   5.176190e+00  -8.800943e-23   1.474304e+05   2.809209e-45   0.000000e+00   0.000000e+00
     6168000   6.167999e-05   4.672728e+00   1.670535e+01   2.648499e+01   7.413296e+04   4.409945e+04   1.195628e+05  -3.650330e+00   6.136354e+00  -2.408429e-23   1.474304e+05   3.948094e-45   0.000000e+00   0.000000e+00
     6176000   6.175999e-05   4.678659e+00   1.670887e+01   2.649455e+01   7.413296e+04   4.409945e+04   1.195628e+05  -4.221502e+00   7.096518e+00  -7.930354e-24   1.474304e+05   5.280311e-45   0.000000e+00   0.000000e+00
     6184000   6.183999e-05   4.684589e+00   1.671240e+01   2.650412e+01   7.413296e+04   4.409945e+04   1.195628e+05   7.097893e-01  -1.193185e+00   1.389484e-23   1.474304e+05   1.492510e-46   0.000000e+00   0.000000e+00
     6192000   6.191999e-05   4.690520e+00   1.671593e+01   2.651368e+01   7.413296e+04   4.409945e+04   1.195628e+05   1.243687e+00  -2.090688e+00   2.398808e-23   1.474304e+05   4.582636e-46   0.000000e+00   0.000000e+00
     6200000   6.199999e-05   4.696451e+00   1.671946e+01   2.652325e+01   7.413296e+04   4.409945e+04   1.195628e+05   1.777584e+00  -2.988191e+00  -3.747308e-23   1.474304e+05   9.361979e-46   0.000000e+00   0.000000e+00
     6208000   6.207999e-05   4.702381e+00   1.672299e+01   2.653281e+01   7.413296e+04   4.409945e+04   1.195628e+05  -5.000233e-01   8.405595e-01  -5.309359e-25   1.474304e+05   7.407330e-47   0.000000e+00   0.000000e+00
     6216000   6.215999e-05   4.708312e+00   1.672651e+01   2.654238e+01   7.413296e+04   4.409945e+04   1.195628e+05  -7.710161e-01   1.296110e+00   6.016149e-24   1.474304e+05   1.761282e-46   0.000000e+00   0.000000e+00
     6224000   6.223999e-05   4.714243e+00   1.673004e+01   2.655194e+01   7.413296e+04   4.409945e+04   1.195628e+05  -1.042009e+00   1.751660e+00   1.851004e-23   1.474304e+05   3.217028e-46   0.000000e+00   0.000000e+00
     6232000   6.231999e-05   4.720173e+00   1.673357e+01   2.656151e+01   7.413296e+04   4.409945e+04   1.195628e+05  -1.313002e+00   2.207210e+00   6.678596e-23   1.474304e+05   5.107971e-46   0.000000e+00   0.000000e+00
     6240000   6.239999e-05   4.726104e+00   1.673710e+01   2.657107e+01   7.413296e+04   4.409945e+04   1.195628e+05  -1.583995e+00   2.662760e+00   7.724182e-24   1.474304e+05   7.434111e-46   0.000000e+00   0.000000e+00
     6248000   6.247999e-05   4.732035e+00   1.674062e+01   2.658064e+01   7.413296e+04   4.409945e+04   1.195628e+05  -1.854988e+00   3.118310e+00   2.023184e-23   1.474304e+05   1.019545e-45   0.000000e+00   0.000000e+00
     6256000   6.255999e-05   4.737965e+00   1.674415e+01   2.659020e+01   7.413296e+04   4.409945e+04   1.195628e+05  -2.125981e+00   3.573860e+00   8.899224e-24   1.474304e+05   1.339198e-45   0.000000e+00   0.000000e+00
     6264000   6.263999e-05   4.743896e+00   1.674768e+01   2.659977e+01   7.413296e+04   4.409945e+04   1.195628e+05  -2.396973e+00   4.029410e+00  -2.632810e-23   1.474304e+05   1.702371e-45   0.000000e+00   0.000000e+00
     6272000   6.271999e-05   4.749826e+00   1.675121e+01   2.660933e+01   7.413296e+04   4.409945e+04   1.195628e+05   9.854715e-02  -1.656618e-01   1.571743e-24   1.474304e+05   2.874987e-48   0.000000e+00   0.000000e+00
     6280000   6.279999e-05   4.755757e+00   1.675474e+01   2.661890e+01   7.413296e+04   4.409945e+04   1.195628e+05   4.545747e-01  -7.641586e-01   1.298534e-23   1.474304e+05   6.121610e-47   0.000000e+00   0.000000e+00
     6288000   6.287999e-05   4.761688e+00   1.675826e+01   2.662846e+01   7.413296e+04   4.409945e+04   1.195628e+05   8.106023e-01  -1.362655e+00  -1.584996e-23   1.474304e+05   1.946741e-46   0.000000e+00   0.000000e+00
     6296000   6.295999e-05   4.767618e+00   1.676179e+01   2.663803e+01   7.413296e+04   4.409945e+04   1.195628e+05   1.166630e+00  -1.961152e+00  -8.919975e-24   1.474304e+05   4.032489e-46   0.000000e+00   0.000000e+00
     6304000   6.303999e-05   4.773549e+00   1.676532e+01   2.664759e+01   7.413296e+04   4.409945e+04   1.195628e+05   1.522657e+00  -2.559649e+00  -1.391467e-23   1.474304e+05   6.869405e-46   0.000000e+00   0.000000e+00
     6312000   6.311999e-05   4.779480e+00   1.676885e+01   2.665716e+01   7.413296e+04   4.409945e+04   1.195628e+05   1.878685e+00  -3.158146e+00   2.880869e-23   1.474304e+05   1.045749e-45   0.000000e+00   0.000000e+00
     6320000   6.319999e-05   4.785410e+00   1.677238e+01   2.666672e+01   7.413296e+04   4.409945e+04   1.195628e+05   2.234713e+00  -3.756643e+00  -2.021474e-26   1.474304e+05   1.479674e-45   0.000000e+00   0.000000e+00
     6328000   6.327999e-05   4.791341e+00   1.677590e+01   2.667629e+01   7.413296e+04   4.409945e+04   1.195628e+05   2.590740e+00  -4.355140e+00   1.881477e-23   1.474304e+05   1.988717e-45   0.000000e+00   0.000000e+00
     6336000   6.335999e-05   4.797272e+00   1.677943e+01   2.668585e+01   7.413296e+04   4.409945e+04   1.195628e+05   2.946768e+00  -4.953637e+00  -1.004715e-23   1.474304e+05   2.572876e-45   0.000000e+00   0.000000e+00
     6344000   6.343999e-05   4.803202e+00   1.678296e+01   2.669542e+01   7.413296e+04   4.409945e+04   1.195628e+05  -8.531628e-03   1.434201e-02  -7.059178e-26   1.474304e+05   2.162752e-50   0.000000e+00   0.000000e+00
     6352000   6.351999e-05   4.809133e+00   1.678649e+01   2.670498e+01   7.413296e+04   4.409945e+04   1.195628e+05  -2.794638e+00   4.697900e+00  -4.898884e-23   1.474304e+05   2.314066e-45   0.000000e+00   0.000000e+00
     6360000   6.359999e-05   4.815063e+00   1.679002e+01   2.671455e+01   7.413296e+04   4.409945e+04   1.195628e+05  -3.192185e+00   5.366194e+00   1.034579e-22   1.474304e+05   3.019276e-45   0.000000e+00   0.000000e+00
     6368000   6.367999e-05   4.820994e+00   1.679354e+01   2.672411e+01   7.413296e+04   4.409945e+04   1.195628e+05  -3.589733e+00   6.034487e+00  -7.801611e-23   1.474304e+05   3.818145e-45   0.000000e+00   0.000000e+00
     6376000   6.375999e-05   4.826925e+00   1.679707e+01   2.673368e+01   7.413296e+04   4.409945e+04   1.195628e+05  -3.987281e+00   6.702781e+00  -1.164366e-22   1.474304e+05   4.710672e-45   0.000000e+00   0.000000e+00
     6384000   6.383999e-05   4.832855e+00   1.680060e+01   2.674324e+01   7.413296e+04   4.409945e+04   1.195628e+05  -1.162847e+00   1.954793e+00   2.779946e-23   1.474304e+05   4.007098e-46   0.000000e+00   0.000000e+00
     6392000   6.391999e-05   4.838786e+00   1.680413e+01   2.675281e+01   7.413296e+04   4.409945e+04   1.195628e+05  -6.829864e-01   1.148128e+00  -4.261338e-24   1.474304e+05   1.382422e-46   0.000000e+00   0.000000e+00
     6400000   6.399999e-05   4.844717e+00   1.680766e+01   2.676237e+01   7.413296e+04   4.409945e+04   1.195628e+05  -2.031260e-01   3.414630e-01  -3.512320e-24   1.474304e+05   1.223284e-47   0.000000e+00   0.000000e+00
     6408000   6.407999e-05   4.850647e+00   1.681118e+01   2.677194e+01   7.413296e+04   4.409945e+04   1.195628e+05   2.767345e-01  -4.652019e-01   1.512125e-23   1.474304e+05   2.268185e-47   0.000000e+00   0.000000e+00
     6416000   6.415999e-05   4.856578e+00   1.681471e+01   2.678150e+01   7.413296e+04   4.409945e+04   1.195628e+05   7.565949e-01  -1.271867e+00  -5.000453e-24   1.474304e+05   1.695892e-46   0.000000e+00   0.000000e+00
     6424000   6.423999e-05   4.862509e+00   1.681824e+01   2.679107e+01   7.413296e+04   4.409945e+04   1.195628e+05   1.236455e+00  -2.078532e+00  -1.321002e-23   1.474304e+05   4.529548e-46   0.000000e+00   0.000000e+00
     6432000   6.431999e-05   4.868439e+00   1.682177e+01   2.680063e+01   7.413296e+04   4.409945e+04   1.195628e+05  -7.415284e-01   1.246539e+00   3.434301e-24   1.474304e+05   1.629237e-46   0.000000e+00   0.000000e+00
     6440000   6.439999e-05   4.874370e+00   1.682530e+01   2.681020e+01   7.413296e+04   4.409945e+04   1.195628e+05  -8.191882e-01   1.377089e+00   2.771626e-24   1.474304e+05   1.988370e-46   0.000000e+00   0.000000e+00
     6448000   6.447999e-05   4.880300e+00   1.682882e+01   2.681976e+01   7.413296e+04   4.409945e+04   1.195628e+05  -8.968479e-01   1.507638e+00  -2.174625e-23   1.474304e+05   2.383243e-46   0.000000e+00   0.000000e+00
     6456000   6.455999e-05   4.886231e+00   1.683235e+01   2.682933e+01   7.413296e+04   4.409945e+04   1.195628e+05  -9.745077e-01   1.638187e+00   2.529372e-23   1.474304e+05   2.813857e-46   0.000000e+00   0.000000e+00
     6464000   6.463999e-05   4.892162e+00   1.683588e+01   2.683889e+01   7.413296e+04   4.409945e+04   1.195628e+05  -1.052167e+00   1.768736e+00  -1.115467e-23   1.474304e+05   3.280211e-46   0.000000e+00   0.000000e+00
     6472000   6.471999e-05   4.898092e+00   1.683941e+01   2.684846e+01   7.413296e+04   4.409945e+04   1.195628e+05  -1.129827e+00   1.899286e+00   3.588695e-23   1.474304e+05   3.782306e-46   0.000000e+00   0.000000e+00
     6480000   6.479999e-05   4.904023e+00   1.684294e+01   2.685802e+01   7.413296e+04   4.409945e+04   1.195628e+05   1.101750e+00  -1.852086e+00  -5.008080e-23   1.474304e+05   3.596427e-46   0.000000e+00   0.000000e+00
     6488000   6.487999e-05   4.909954e+00   1.684646e+01   2.686759e+01   7.413296e+04   4.409945e+04   1.195628e+05   1.454442e+00  -2.444977e+00   1.987049e-23   1.474304e+05   6.267681e-46   0.000000e+00   0.000000e+00
     6496000   6.495999e-05   4.915884e+00   1.684999e+01   2.687715e+01   7.413296e+04   4.409945e+04   1.195628e+05   1.807135e+00  -3.037868e+00  -2.943582e-23   1.474304e+05   9.676097e-46   0.000000e+00   0.000000e+00
     6504000   6.503999e-05   4.921815e+00   1.685352e+01   2.688672e+01   7.413296e+04   4.409945e+04   1.195628e+05   2.159828e+00  -3.630759e+00   6.439220e-23   1.474304e+05   1.382167e-45   0.000000e+00   0.000000e+00
     6512000   6.511999e-05   4.927746e+00   1.685705e+01   2.689628e+01   7.413296e+04   4.409945e+04   1.195628e+05   2.512521e+00  -4.223649e+00   3.890842e-23   1.474304e+05   1.870441e-45   0.000000e+00   0.000000e+00
     6520000   6.519999e-05   4.933676e+00   1.686058e+01   2.690585e+01   7.413296e+04   4.409945e+04   1.195628e+05   8.623984e-01  -1.449727e+00   1.212740e-23   1.474304e+05   2.203738e-46   0.000000e+00   0.000000e+00
     6528000   6.527999e-05   4.939607e+00   1.686410e+01   2.691541e+01   7.413296e+04   4.409945e+04   1.195628e+05   8.308213e-01  -1.396644e+00  -7.500870e-24   1.474304e+05   2.045311e-46   0.000000e+00   0.000000e+00
     6536000   6.535999e-05   4.945537e+00   1.686763e+01   2.692498e+01   7.413296e+04   4.409945e+04   1.195628e+05   7.992442e-01  -1.343562e+00  -1.520172e-23   1.474304e+05   1.892794e-46   0.000000e+00   0.000000e+00
     6544000   6.543999e-05   4.951468e+00   1.687116e+01   2.693454e+01   7.413296e+04   4.409945e+04   1.195628e+05   7.676671e-01  -1.290480e+00  -2.290178e-23   1.474304e+05   1.746185e-46   0.000000e+00   0.000000e+00
     6552000   6.551999e-05   4.957399e+00   1.687469e+01   2.694411e+01   7.413296e+04   4.409945e+04   1.195628e+05   7.360899e-01  -1.237397e+00   5.178838e-24   1.474304e+05   1.605486e-46   0.000000e+00   0.000000e+00
     6560000   6.559999e-05   4.963329e+00   1.687822e+01   2.695367e+01   7.413296e+04   4.409945e+04   1.195628e+05   7.045128e-01  -1.184315e+00  -2.505014e-24   1.474304e+05   1.470696e-46   0.000000e+00   0.000000e+00
     6568000   6.567999e-05   4.969260e+00   1.688174e+01   2.696324e+01   7.413296e+04   4.409945e+04   1.195628e+05   6.729357e-01  -1.131232e+00   1.366902e-23   1.474304e+05   1.341814e-46   0.000000e+00   0.000000e+00
     6576000   6.575999e-05   4.975191e+00   1.688527e+01   2.697280e+01   7.413296e+04   4.409945e+04   1.195628e+05   6.413586e-01  -1.078150e+00  -5.939128e-24   1.474304e+05   1.218842e-46   0.000000e+00   0.000000e+00
     6584000   6.583999e-05   4.981121e+00   1.688880e+01   2.698237e+01   7.413296e+04   4.409945e+04   1.195628e+05   6.097815e-01  -1.025068e+00   1.022810e-23   1.474304e+05   1.101778e-46   0.000000e+00   0.000000e+00
     6592000   6.591999e-05   4.987052e+00   1.689233e+01   2.699193e+01   7.413296e+04   4.409945e+04   1.195628e+05   5.782044e-01  -9.719852e-01   2.541563e-24   1.474304e+05   9.906241e-47   0.000000e+00   0.000000e+00
     6600000   6.599999e-05   4.992983e+00   1.689586e+01   2.700150e+01   7.413296e+04   4.409945e+04   1.195628e+05   3.888112e+00  -6.536075e+00   3.358282e-23   1.474304e+05   4.479276e-45   0.000000e+00   0.000000e+00
     6608000   6.607999e-05   4.998913e+00   1.689938e+01   2.701106e+01   7.413296e+04   4.409945e+04   1.195628e+05   4.240805e+00  -7.128966e+00  -1.350404e-22   1.474304e+05   5.328779e-45   0.000000e+00   0.000000e+00
     6616000   6.615999e-05   5.004844e+00   1.690291e+01   2.702063e+01   7.413296e+04   4.409945e+04   1.195628e+05  -3.058276e+00   5.141086e+00  -1.474070e-23   1.474304e+05   2.771460e-45   0.000000e+00   0.000000e+00
     6624000   6.623999e-05   5.010774e+00   1.690644e+01   2.703019e+01   7.413296e+04   4.409945e+04   1.195628e+05  -2.627626e+00   4.417146e+00  -6.619318e-24   1.474304e+05   2.045902e-45   0.000000e+00   0.000000e+00
     6632000   6.631999e-05   5.016705e+00   1.690997e+01   2.703976e+01   7.413296e+04   4.409945e+04   1.195628e+05  -2.196975e+00   3.693205e+00  -4.621794e-23   1.474304e+05   1.430249e-45   0.000000e+00   0.000000e+00
     6640000   6.639999e-05   5.022636e+00   1.691349e+01   2.704932e+01   7.413296e+04   4.409945e+04   1.195628e+05  -1.766325e+00   2.969265e+00  -1.421153e-23   1.474304e+05   9.245022e-46   0.000000e+00   0.000000e+00
     6648000   6.647999e-05   5.028566e+00   1.691702e+01   2.705889e+01   7.413296e+04   4.409945e+04   1.195628e+05  -1.335675e+00   2.245324e+00   1.777945e-23   1.474304e+05   5.286605e-46   0.000000e+00   0.000000e+00
     6656000   6.655999e-05   5.034497e+00   1.692055e+01   2.706845e+01   7.413296e+04   4.409945e+04   1.195628e+05  -9.050251e-01   1.521384e+00   2.056633e-24   1.474304e+05   2.427242e-46   0.000000e+00   0.000000e+00
     6664000   6.663999e-05   5.040428e+00   1.692408e+01   2.707802e+01   7.413296e+04   4.409945e+04   1.195628e+05  -4.743750e-01   7.974436e-01   4.234647e-24   1.474304e+05   6.669330e-47   0.000000e+00   0.000000e+00
     6672000   6.671999e-05   5.046358e+00   1.692761e+01   2.708758e+01   7.413296e+04   4.409945e+04   1.195628e+05  -4.372486e-02   7.350326e-02   4.486720e-25   1.474304e+05   5.678918e-49   0.000000e+00   0.000000e+00
     6680000   6.679999e-05   5.052289e+00   1.693113e+01   2.709715e+01   7.413296e+04   4.409945e+04   1.195628e+05   3.869253e-01  -6.504371e-01  -3.338344e-24   1.474304e+05   4.434794e-47   0.000000e+00   0.000000e+00
     6688000   6.687999e-05   5.058220e+00   1.693466e+01   2.710671e+01   7.413296e+04   4.409945e+04   1.195628e+05  -1.320643e+00   2.220055e+00   2.581272e-23   1.474304e+05   5.167667e-46   0.000000e+00   0.000000e+00
     6696000   6.695999e-05   5.064150e+00   1.693819e+01   2.711628e+01   7.413296e+04   4.409945e+04   1.195628e+05  -1.523671e+00   2.561354e+00   2.452836e-23   1.474304e+05   6.878730e-46   0.000000e+00   0.000000e+00
     6704000   6.703999e-05   5.070081e+00   1.694172e+01   2.712584e+01   7.413296e+04   4.409945e+04   1.195628e+05  -1.726699e+00   2.902652e+00   2.325545e-23   1.474304e+05   8.834069e-46   0.000000e+00   0.000000e+00
     6712000   6.711999e-05   5.076011e+00   1.694525e+01   2.713541e+01   7.413296e+04   4.409945e+04   1.195628e+05  -1.929727e+00   3.243950e+00  -1.869334e-24   1.474304e+05   1.103369e-45   0.000000e+00   0.000000e+00
     6720000   6.719999e-05   5.081942e+00   1.694877e+01   2.714497e+01   7.413296e+04   4.409945e+04   1.195628e+05  -2.132755e+00   3.585249e+00   4.458254e-23   1.474304e+05   1.347758e-45   0.000000e+00   0.000000e+00
     6728000   6.727999e-05   5.087873e+00   1.695230e+01   2.715454e+01   7.413296e+04   4.409945e+04   1.195628e+05  -2.335783e+00   3.926547e+00   6.713714e-23   1.474304e+05   1.616575e-45   0.000000e+00   0.000000e+00
     6736000   6.735999e-05   5.093803e+00   1.695583e+01   2.716410e+01   7.413296e+04   4.409945e+04   1.195628e+05  -2.538811e+00   4.267845e+00  -5.727422e-24   1.474304e+05   1.909819e-45   0.000000e+00   0.000000e+00
     6744000   6.743999e-05   5.099734e+00   1.695936e+01   2.717367e+01   7.413296e+04   4.409945e+04   1.195628e+05  -2.741839e+00   4.609144e+00   6.452802e-23   1.474304e+05   2.227492e-45   0.000000e+00   0.000000e+00
     6752000   6.751999e-05   5.105665e+00   1.696289e+01   2.718323e+01   7.413296e+04   4.409945e+04   1.195628e+05  -3.603278e-01   6.057257e-01  -3.486009e-24   1.474304e+05   3.847407e-47   0.000000e+00   0.000000e+00
     6760000   6.759999e-05   5.111595e+00   1.696641e+01   2.719280e+01   7.413296e+04   4.409945e+04   1.195628e+05  -2.527580e-01   4.248965e-01   6.953402e-24   1.474304e+05   1.893198e-47   0.000000e+00   0.000000e+00
     6768000   6.767999e-05   5.117526e+00   1.696994e+01   2.720236e+01   7.413296e+04   4.409945e+04   1.195628e+05   2.229477e+00  -3.747841e+00  -4.297925e-23   1.474304e+05   1.472719e-45   0.000000e+00   0.000000e+00
     6776000   6.775999e-05   5.123457e+00   1.697347e+01   2.721193e+01   7.413296e+04   4.409945e+04   1.195628e+05   2.764047e+00  -4.646476e+00   4.115462e-24   1.474304e+05   2.263654e-45   0.000000e+00   0.000000e+00
