     timestep     time              x             y              z              vx             vy             vz             ax             ay             az         v_magnitude      ELoss        Electronic      Nuclear
           0   0.000000e+00   1.000000e-01   1.466908e+01   2.024598e+01   1.510528e+04   5.409342e+04   1.363138e+05   0.000000e+00   0.000000e+00   0.000000e+00   1.474304e+05   0.000000e+00   0.000000e+00   0.000000e+00
        8000   7.999000e-08   1.012084e-01   1.467341e+01   2.025688e+01   1.510487e+04   5.409353e+04   1.363138e+05  -4.196683e+06   1.171866e+06  -9.243186e-18   1.474304e+05   1.470518e-33   0.000000e+00   0.000000e+00
       16000   1.599900e-07   1.024168e-01   1.467774e+01   2.026779e+01   1.510461e+04   5.409361e+04   1.363138e+05  -2.508594e+06   7.004769e+05   5.883153e-18   1.474304e+05   5.254690e-34   0.000000e+00   0.000000e+00
       24000   2.399900e-07   1.036251e-01   1.468207e+01   2.027869e+01   1.510447e+04   5.409365e+04   1.363138e+05  -8.205020e+05   2.291073e+05  -3.363200e-19   1.474304e+05   5.623353e-35   0.000000e+00   0.000000e+00
       32000   3.199900e-07   1.048335e-01   1.468639e+01   2.028960e+01   1.510448e+04   5.409365e+04   1.363138e+05   8.675907e+05  -2.422559e+05   5.406151e-19   1.474304e+05   6.281036e-35   0.000000e+00   0.000000e+00
       40000   3.999900e-07   1.060419e-01   1.469072e+01   2.030050e+01   1.510454e+04   5.409363e+04   1.363138e+05  -1.596277e+07   4.457278e+06   1.180846e-17   1.474304e+05   2.127256e-32   0.000000e+00   0.000000e+00
       48000   4.799900e-07   1.072502e-01   1.469505e+01   2.031141e+01   1.510321e+04   5.409400e+04   1.363138e+05  -1.738841e+07   4.854896e+06   1.055066e-16   1.474304e+05   2.524165e-32   0.000000e+00   0.000000e+00
       56000   5.599900e-07   1.084584e-01   1.469938e+01   2.032231e+01   1.510176e+04   5.409440e+04   1.363138e+05  -1.881408e+07   5.252406e+06  -4.571070e-17   1.474304e+05   2.955006e-32   0.000000e+00   0.000000e+00
       64000   6.399900e-07   1.096665e-01   1.470370e+01   2.033322e+01   1.510068e+04   5.409470e+04   1.363138e+05  -1.186071e+07   3.310948e+06   3.164897e-17   1.474304e+05   1.174444e-32   0.000000e+00   0.000000e+00
       72000   7.199900e-07   1.108745e-01   1.470803e+01   2.034412e+01   1.509980e+04   5.409495e+04   1.363138e+05  -1.016791e+07   2.838220e+06   2.884978e-17   1.474304e+05   8.631238e-33   0.000000e+00   0.000000e+00
       80000   7.999900e-07   1.120824e-01   1.471236e+01   2.035503e+01   1.509906e+04   5.409516e+04   1.363138e+05  -8.475097e+06   2.365571e+06  -2.098510e-17   1.474304e+05   5.996523e-33   0.000000e+00   0.000000e+00
       88000   8.799900e-07   1.132903e-01   1.471669e+01   2.036593e+01   1.509845e+04   5.409533e+04   1.363138e+05  -6.782276e+06   1.892988e+06  -2.001713e-17   1.474304e+05   3.840288e-33   0.000000e+00   0.000000e+00
       96000   9.599900e-07   1.144982e-01   1.472101e+01   2.037684e+01   1.509797e+04   5.409546e+04   1.363138e+05  -5.089447e+06   1.420458e+06  -1.720253e-17   1.474304e+05   2.162524e-33   0.000000e+00   0.000000e+00
      104000   1.039990e-06   1.157060e-01   1.472534e+01   2.038774e+01   1.509763e+04   5.409556e+04   1.363138e+05  -3.396613e+06   9.479671e+05   4.117326e-17   1.474304e+05   9.632262e-34   0.000000e+00   0.000000e+00
      112000   1.119990e-06   1.169138e-01   1.472967e+01   2.039865e+01   1.509743e+04   5.409561e+04   1.363138e+05  -1.703774e+06   4.755026e+05  -8.062061e-18   1.474304e+05   2.423891e-34   0.000000e+00   0.000000e+00
      120000   1.199990e-06   1.181216e-01   1.473400e+01   2.040955e+01   1.509670e+04   5.409582e+04   1.363138e+05  -1.073287e+07   2.995259e+06   2.776435e-17   1.474304e+05   9.616019e-33   0.000000e+00   0.000000e+00
      128000   1.279990e-06   1.193293e-01   1.473832e+01   2.042046e+01   1.509579e+04   5.409607e+04   1.363138e+05  -1.216256e+07   3.394025e+06   6.773769e-17   1.474304e+05   1.234841e-32   0.000000e+00   0.000000e+00
      136000   1.359990e-06   1.205369e-01   1.474265e+01   2.043136e+01   1.509476e+04   5.409636e+04   1.363138e+05  -1.359227e+07   3.792715e+06  -5.370864e-17   1.474304e+05   1.542205e-32   0.000000e+00   0.000000e+00
      144000   1.439990e-06   1.217444e-01   1.474698e+01   2.044227e+01   1.509361e+04   5.409668e+04   1.363138e+05  -1.502202e+07   4.191321e+06   1.067868e-16   1.474304e+05   1.883694e-32   0.000000e+00   0.000000e+00
      152000   1.519990e-06   1.229519e-01   1.475131e+01   2.045317e+01   1.509235e+04   5.409703e+04   1.363138e+05  -1.645180e+07   4.589834e+06   4.554603e-17   1.474304e+05   2.259310e-32   0.000000e+00   0.000000e+00
      160000   1.599990e-06   1.241592e-01   1.475564e+01   2.046408e+01   1.509098e+04   5.409741e+04   1.363138e+05  -1.788162e+07   4.988244e+06  -8.702226e-17   1.474304e+05   2.669052e-32   0.000000e+00   0.000000e+00
      168000   1.679990e-06   1.253664e-01   1.475996e+01   2.047498e+01   1.508949e+04   5.409783e+04   1.363138e+05  -1.931147e+07   5.386544e+06   1.369548e-17   1.474304e+05   3.112923e-32   0.000000e+00   0.000000e+00
      176000   1.759990e-06   1.265735e-01   1.476429e+01   2.048589e+01   1.508789e+04   5.409827e+04   1.363138e+05  -2.074137e+07   5.784723e+06  -9.355337e-17   1.474304e+05   3.590922e-32   0.000000e+00   0.000000e+00
      184000   1.839990e-06   1.277805e-01   1.476862e+01   2.049679e+01   1.508617e+04   5.409875e+04   1.363138e+05  -2.217132e+07   6.182775e+06  -4.478715e-17   1.474304e+05   4.103051e-32   0.000000e+00   0.000000e+00
      192000   1.919990e-06   1.289874e-01   1.477295e+01   2.050770e+01   1.508537e+04   5.409898e+04   1.363138e+05  -4.299597e+06   1.198932e+06  -2.482261e-17   1.474304e+05   1.543212e-33   0.000000e+00   0.000000e+00
      200000   1.999990e-06   1.301942e-01   1.477727e+01   2.051860e+01   1.508509e+04   5.409905e+04   1.363138e+05  -2.606795e+06   7.268843e+05   5.524568e-19   1.474304e+05   5.672967e-34   0.000000e+00   0.000000e+00
      208000   2.079990e-06   1.314010e-01   1.478160e+01   2.052951e+01   1.508495e+04   5.409909e+04   1.363138e+05  -9.139900e+05   2.548563e+05   7.302013e-18   1.474304e+05   6.976045e-35   0.000000e+00   0.000000e+00
      216000   2.159990e-06   1.326078e-01   1.478593e+01   2.054041e+01   1.508495e+04   5.409909e+04   1.363138e+05   7.788163e+05  -2.171645e+05  -3.098605e-18   1.474304e+05   5.060103e-35   0.000000e+00   0.000000e+00
      224000   2.239990e-06   1.338146e-01   1.479026e+01   2.055132e+01   1.508508e+04   5.409906e+04   1.363138e+05   2.471622e+06  -6.891914e+05  -3.806459e-18   1.474304e+05   5.098184e-34   0.000000e+00   0.000000e+00
      232000   2.319990e-06   1.350214e-01   1.479459e+01   2.056222e+01   1.508534e+04   5.409898e+04   1.363138e+05   4.164424e+06  -1.161238e+06  -1.830571e-17   1.474304e+05   1.447414e-33   0.000000e+00   0.000000e+00
      240000   2.399990e-06   1.362282e-01   1.479891e+01   2.057313e+01   1.508574e+04   5.409887e+04   1.363138e+05   5.857222e+06  -1.633316e+06   1.650709e-17   1.474304e+05   2.863392e-33   0.000000e+00   0.000000e+00
      248000   2.479990e-06   1.374351e-01   1.480324e+01   2.058404e+01   1.508505e+04   5.409906e+04   1.363138e+05  -1.407650e+07   3.925111e+06  -1.040022e-16   1.474304e+05   1.653881e-32   0.000000e+00   0.000000e+00
      256000   2.559990e-06   1.386418e-01   1.480757e+01   2.059494e+01   1.508387e+04   5.409939e+04   1.363138e+05  -1.551038e+07   4.324568e+06   7.336350e-18   1.474304e+05   2.007960e-32   0.000000e+00   0.000000e+00
      264000   2.639990e-06   1.398485e-01   1.481190e+01   2.060585e+01   1.508290e+04   5.409967e+04   1.363138e+05  -8.592435e+06   2.395556e+06  -3.861858e-17   1.474304e+05   6.162686e-33   0.000000e+00   0.000000e+00
      272000   2.719990e-06   1.410551e-01   1.481623e+01   2.061675e+01   1.508228e+04   5.409984e+04   1.363138e+05  -6.894911e+06   1.922204e+06   6.009720e-18   1.474304e+05   3.968235e-33   0.000000e+00   0.000000e+00
      280000   2.799990e-06   1.422617e-01   1.482055e+01   2.062766e+01   1.508179e+04   5.409997e+04   1.363138e+05  -5.197379e+06   1.448906e+06  -5.426797e-18   1.474304e+05   2.254838e-33   0.000000e+00   0.000000e+00
      288000   2.879990e-06   1.434682e-01   1.482488e+01   2.063856e+01   1.508144e+04   5.410007e+04   1.363138e+05  -3.499841e+06   9.756486e+05   3.591561e-18   1.474304e+05   1.022490e-33   0.000000e+00   0.000000e+00
      296000   2.959990e-06   1.446747e-01   1.482921e+01   2.064947e+01   1.508123e+04   5.410013e+04   1.363138e+05  -1.802299e+06   5.024182e+05  -9.500142e-19   1.474304e+05   2.711843e-34   0.000000e+00   0.000000e+00
      304000   3.039990e-06   1.458812e-01   1.483354e+01   2.066037e+01   1.508116e+04   5.410015e+04   1.363138e+05  -1.047546e+05   2.920179e+04  -5.104551e-19   1.474304e+05   9.196286e-37   0.000000e+00   0.000000e+00
      312000   3.119990e-06   1.470877e-01   1.483787e+01   2.067128e+01   1.508122e+04   5.410013e+04   1.363138e+05   1.592790e+06  -4.440138e+05   6.955489e-18   1.474304e+05   2.116946e-34   0.000000e+00   0.000000e+00
      320000   3.199990e-06   1.482942e-01   1.484219e+01   2.068218e+01   1.508141e+04   5.410008e+04   1.363138e+05   3.290332e+06  -9.172417e+05   5.557685e-18   1.474304e+05   9.035099e-34   0.000000e+00   0.000000e+00
      328000   3.279990e-06   1.495007e-01   1.484652e+01   2.069309e+01   1.508174e+04   5.409999e+04   1.363138e+05   4.987871e+06  -1.390495e+06   1.161419e-17   1.474304e+05   2.076368e-33   0.000000e+00   0.000000e+00
      336000   3.359990e-06   1.507073e-01   1.485085e+01   2.070399e+01   1.508173e+04   5.409999e+04   1.363138e+05  -1.026913e+07   2.862778e+06  -2.531355e-17   1.474304e+05   8.801632e-33   0.000000e+00   0.000000e+00
      344000   3.439990e-06   1.519138e-01   1.485518e+01   2.071490e+01   1.508085e+04   5.410024e+04   1.363138e+05  -1.170301e+07   3.262302e+06  -4.584188e-17   1.474304e+05   1.143112e-32   0.000000e+00   0.000000e+00
      352000   3.519990e-06   1.531202e-01   1.485951e+01   2.072580e+01   1.507986e+04   5.410051e+04   1.363138e+05  -1.313691e+07   3.661754e+06  -6.697439e-17   1.474304e+05   1.440381e-32   0.000000e+00   0.000000e+00
      360000   3.599990e-06   1.543265e-01   1.486383e+01   2.073671e+01   1.507875e+04   5.410082e+04   1.363138e+05  -1.457085e+07   4.061123e+06  -6.798211e-17   1.474304e+05   1.771970e-32   0.000000e+00   0.000000e+00
      368000   3.679990e-06   1.555328e-01   1.486816e+01   2.074761e+01   1.507753e+04   5.410116e+04   1.363138e+05  -1.600481e+07   4.460402e+06  -1.248656e-16   1.474304e+05   2.137881e-32   0.000000e+00   0.000000e+00
      376000   3.759990e-06   1.567389e-01   1.487249e+01   2.075852e+01   1.507619e+04   5.410154e+04   1.363138e+05  -1.743881e+07   4.859581e+06   9.024782e-17   1.474304e+05   2.538113e-32   0.000000e+00   0.000000e+00
      384000   3.839990e-06   1.579450e-01   1.487682e+01   2.076942e+01   1.507474e+04   5.410194e+04   1.363138e+05  -1.887285e+07   5.258652e+06   8.841690e-18   1.474304e+05   2.972669e-32   0.000000e+00   0.000000e+00
      392000   3.919990e-06   1.591509e-01   1.488115e+01   2.078033e+01   1.507317e+04   5.410238e+04   1.363138e+05  -2.030694e+07   5.657605e+06   1.173070e-16   1.474304e+05   3.441548e-32   0.000000e+00   0.000000e+00
      400000   3.999990e-06   1.603567e-01   1.488547e+01   2.079123e+01   1.507149e+04   5.410285e+04   1.363138e+05  -2.174107e+07   6.056432e+06   6.370279e-18   1.474304e+05   3.944752e-32   0.000000e+00   0.000000e+00
      408000   4.079990e-06   1.615623e-01   1.488980e+01   2.080214e+01   1.507009e+04   5.410324e+04   1.363138e+05   2.383311e+06  -6.638550e+05   1.252031e-17   1.474304e+05   4.739615e-34   0.000000e+00   0.000000e+00
      416000   4.159990e-06   1.627679e-01   1.489413e+01   2.081304e+01   1.507034e+04   5.410316e+04   1.363138e+05   4.080821e+06  -1.136706e+06  -1.159921e-17   1.474304e+05   1.389664e-33   0.000000e+00   0.000000e+00
      424000   4.239990e-06   1.639736e-01   1.489846e+01   2.082395e+01   1.507074e+04   5.410305e+04   1.363138e+05   5.778325e+06  -1.609588e+06  -2.914814e-17   1.474304e+05   2.786338e-33   0.000000e+00   0.000000e+00
      432000   4.319990e-06   1.651793e-01   1.490279e+01   2.083485e+01   1.507053e+04   5.410311e+04   1.363138e+05  -7.870408e+06   2.192318e+06   2.286053e-17   1.474304e+05   5.169344e-33   0.000000e+00   0.000000e+00
      440000   4.399990e-06   1.663849e-01   1.490712e+01   2.084576e+01   1.506984e+04   5.410330e+04   1.363138e+05  -9.308391e+06   2.592743e+06  -3.968351e-20   1.474304e+05   7.230863e-33   0.000000e+00   0.000000e+00
      448000   4.479990e-06   1.675904e-01   1.491144e+01   2.085666e+01   1.506904e+04   5.410353e+04   1.363138e+05  -1.074639e+07   2.993111e+06   1.230529e-17   1.474304e+05   9.637515e-33   0.000000e+00   0.000000e+00
      456000   4.559990e-06   1.687959e-01   1.491577e+01   2.086757e+01   1.506812e+04   5.410378e+04   1.363138e+05  -1.218442e+07   3.393411e+06   2.874174e-18   1.474304e+05   1.238931e-32   0.000000e+00   0.000000e+00
      464000   4.639990e-06   1.700013e-01   1.492010e+01   2.087847e+01   1.506709e+04   5.410407e+04   1.363138e+05  -1.362248e+07   3.793635e+06   1.424829e-16   1.474304e+05   1.548624e-32   0.000000e+00   0.000000e+00
      472000   4.719990e-06   1.712066e-01   1.492443e+01   2.088938e+01   1.506594e+04   5.410439e+04   1.363138e+05  -1.506056e+07   4.193774e+06  -2.025771e-17   1.474304e+05   1.892833e-32   0.000000e+00   0.000000e+00
      480000   4.799990e-06   1.724119e-01   1.492876e+01   2.090028e+01   1.506471e+04   5.410473e+04   1.363138e+05  -1.904817e+06   5.303697e+05  -4.734597e-18   1.474304e+05   3.028573e-34   0.000000e+00   0.000000e+00
      488000   4.879990e-06   1.736170e-01   1.493309e+01   2.091119e+01   1.506463e+04   5.410476e+04   1.363138e+05  -2.025912e+05   5.640837e+04  -1.391435e-18   1.474304e+05   3.432317e-36   0.000000e+00   0.000000e+00
      496000   4.959990e-06   1.748222e-01   1.493741e+01   2.092209e+01   1.506468e+04   5.410474e+04   1.363138e+05   1.499634e+06  -4.175514e+05  -3.196231e-18   1.474304e+05   1.876213e-34   0.000000e+00   0.000000e+00
      504000   5.039990e-06   1.760274e-01   1.494174e+01   2.093300e+01   1.506487e+04   5.410469e+04   1.363138e+05   3.201858e+06  -8.915228e+05   4.172219e-18   1.474304e+05   8.554249e-34   0.000000e+00   0.000000e+00
      512000   5.119990e-06   1.772326e-01   1.494607e+01   2.094390e+01   1.506519e+04   5.410460e+04   1.363138e+05   4.904078e+06  -1.365519e+06  -2.495650e-17   1.474304e+05   2.006846e-33   0.000000e+00   0.000000e+00
      520000   5.199990e-06   1.784378e-01   1.495040e+01   2.095481e+01   1.506565e+04   5.410447e+04   1.363138e+05   6.606292e+06  -1.839554e+06  -6.970348e-18   1.474304e+05   3.641888e-33   0.000000e+00   0.000000e+00
      528000   5.279990e-06   1.796431e-01   1.495473e+01   2.096571e+01   1.506625e+04   5.410430e+04   1.363138e+05   8.308499e+06  -2.313640e+06   2.102147e-17   1.474304e+05   5.760557e-33   0.000000e+00   0.000000e+00
      536000   5.359990e-06   1.808484e-01   1.495906e+01   2.097662e+01   1.506698e+04   5.410410e+04   1.363138e+05   1.001070e+07  -2.787792e+06  -8.071661e-17   1.474304e+05   8.362862e-33   0.000000e+00   0.000000e+00
      544000   5.439990e-06   1.820538e-01   1.496338e+01   2.098752e+01   1.506785e+04   5.410386e+04   1.363138e+05   1.171288e+07  -3.262021e+06   8.259315e-17   1.474304e+05   1.144881e-32   0.000000e+00   0.000000e+00
      552000   5.519990e-06   1.832593e-01   1.496771e+01   2.099843e+01   1.506885e+04   5.410358e+04   1.363138e+05   1.341505e+07  -3.736342e+06  -9.865801e-17   1.474304e+05   1.501842e-32   0.000000e+00   0.000000e+00
      560000   5.599990e-06   1.844648e-01   1.497204e+01   2.100933e+01   1.506828e+04   5.410374e+04   1.363138e+05  -1.124284e+07   3.131212e+06  -1.383611e-17   1.474304e+05   1.054845e-32   0.000000e+00   0.000000e+00
      568000   5.679990e-06   1.856702e-01   1.497637e+01   2.102024e+01   1.506733e+04   5.410400e+04   1.363138e+05  -1.268088e+07   3.531475e+06   4.390480e-19   1.474304e+05   1.341939e-32   0.000000e+00   0.000000e+00
      576000   5.759990e-06   1.868756e-01   1.498070e+01   2.103114e+01   1.506625e+04   5.410430e+04   1.363138e+05  -1.411895e+07   3.931660e+06  -3.326905e-17   1.474304e+05   1.663549e-32   0.000000e+00   0.000000e+00
      584000   5.839990e-06   1.880808e-01   1.498503e+01   2.104205e+01   1.506507e+04   5.410463e+04   1.363138e+05  -1.555706e+07   4.331756e+06  -6.468362e-17   1.474304e+05   2.019673e-32   0.000000e+00   0.000000e+00
      592000   5.919990e-06   1.892860e-01   1.498935e+01   2.105295e+01   1.506377e+04   5.410500e+04   1.363138e+05  -1.699519e+07   4.731756e+06   1.008102e-17   1.474304e+05   2.410314e-32   0.000000e+00   0.000000e+00
      600000   5.999990e-06   1.904910e-01   1.499368e+01   2.106386e+01   1.506235e+04   5.410539e+04   1.363138e+05  -1.843337e+07   5.131649e+06  -1.013298e-16   1.474304e+05   2.835472e-32   0.000000e+00   0.000000e+00
      608000   6.079990e-06   1.916959e-01   1.499801e+01   2.107476e+01   1.506082e+04   5.410582e+04   1.363138e+05  -1.987159e+07   5.531427e+06  -8.666905e-17   1.474304e+05   3.295147e-32   0.000000e+00   0.000000e+00
      616000   6.159990e-06   1.929008e-01   1.500234e+01   2.108567e+01   1.506037e+04   5.410594e+04   1.363138e+05   7.438369e+06  -2.070468e+06   3.513448e-17   1.474304e+05   4.616852e-33   0.000000e+00   0.000000e+00
      624000   6.239990e-06   1.941056e-01   1.500667e+01   2.109657e+01   1.506104e+04   5.410576e+04   1.363138e+05   9.145262e+06  -2.545702e+06   3.475905e-17   1.474304e+05   6.978955e-33   0.000000e+00   0.000000e+00
      632000   6.319990e-06   1.953105e-01   1.501100e+01   2.110748e+01   1.506105e+04   5.410575e+04   1.363138e+05  -4.514512e+06   1.256674e+06   9.287660e-18   1.474304e+05   1.700613e-33   0.000000e+00   0.000000e+00
      640000   6.399990e-06   1.965154e-01   1.501533e+01   2.111839e+01   1.506064e+04   5.410587e+04   1.363138e+05  -5.956559e+06   1.658038e+06  -1.861816e-17   1.474304e+05   2.960610e-33   0.000000e+00   0.000000e+00
      648000   6.479990e-06   1.977202e-01   1.501965e+01   2.112929e+01   1.506010e+04   5.410602e+04   1.363138e+05  -7.398620e+06   2.059364e+06  -1.851101e-19   1.474304e+05   4.567667e-33   0.000000e+00   0.000000e+00
      656000   6.559990e-06   1.989250e-01   1.502398e+01   2.114020e+01   1.505945e+04   5.410620e+04   1.363138e+05  -8.840697e+06   2.460643e+06   2.869027e-17   1.474304e+05   6.521787e-33   0.000000e+00   0.000000e+00
      664000   6.639990e-06   2.001297e-01   1.502831e+01   2.115110e+01   1.505877e+04   5.410639e+04   1.363138e+05  -5.028888e+05   1.399629e+05  -7.403566e-19   1.474304e+05   2.110763e-35   0.000000e+00   0.000000e+00
      672000   6.719990e-06   2.013344e-01   1.503264e+01   2.116201e+01   1.505875e+04   5.410639e+04   1.363138e+05  -9.887558e+04   2.751878e+04  -1.965456e-19   1.474304e+05   8.166382e-37   0.000000e+00   0.000000e+00
      680000   6.799990e-06   2.025391e-01   1.503697e+01   2.117291e+01   1.505875e+04   5.410639e+04   1.363138e+05   3.051377e+05  -8.492516e+04  -4.115649e-19   1.474304e+05   7.767051e-36   0.000000e+00   0.000000e+00
      688000   6.879990e-06   2.037438e-01   1.504130e+01   2.118382e+01   1.505879e+04   5.410638e+04   1.363138e+05   7.091509e+05  -1.973697e+05   1.027640e-18   1.474304e+05   4.195887e-35   0.000000e+00   0.000000e+00
      696000   6.959990e-06   2.049485e-01   1.504562e+01   2.119472e+01   1.505887e+04   5.410636e+04   1.363138e+05   1.113164e+06  -3.098154e+05   4.962964e-18   1.474304e+05   1.033921e-34   0.000000e+00   0.000000e+00
      704000   7.039990e-06   2.061532e-01   1.504995e+01   2.120563e+01   1.505886e+04   5.410636e+04   1.363138e+05  -1.369306e+06   3.811048e+05  -4.180162e-18   1.474304e+05   1.564516e-34   0.000000e+00   0.000000e+00
      712000   7.119990e-06   2.073579e-01   1.505428e+01   2.121653e+01   1.505874e+04   5.410640e+04   1.363138e+05  -1.744003e+06   4.853859e+05   3.492839e-18   1.474304e+05   2.537927e-34   0.000000e+00   0.000000e+00
      720000   7.199990e-06   2.085626e-01   1.505861e+01   2.122744e+01   1.505858e+04   5.410644e+04   1.363138e+05  -2.118700e+06   5.896641e+05  -6.290023e-18   1.474304e+05   3.745650e-34   0.000000e+00   0.000000e+00
      728000   7.279990e-06   2.097673e-01   1.506294e+01   2.123834e+01   1.505840e+04   5.410649e+04   1.363138e+05  -2.493399e+06   6.939388e+05  -9.160176e-18   1.474304e+05   5.187686e-34   0.000000e+00   0.000000e+00
      736000   7.359990e-06   2.109720e-01   1.506727e+01   2.124925e+01   1.505818e+04   5.410655e+04   1.363138e+05  -2.868099e+06   7.982094e+05   5.294859e-19   1.474304e+05   6.864036e-34   0.000000e+00   0.000000e+00
      744000   7.439990e-06   2.121766e-01   1.507160e+01   2.126015e+01   1.505794e+04   5.410662e+04   1.363138e+05  -3.242800e+06   9.024753e+05   9.711150e-18   1.474304e+05   8.774699e-34   0.000000e+00   0.000000e+00
      752000   7.519990e-06   2.133812e-01   1.507592e+01   2.127106e+01   1.505767e+04   5.410669e+04   1.363138e+05  -3.617503e+06   1.006736e+06  -7.138433e-18   1.474304e+05   1.091968e-33   0.000000e+00   0.000000e+00
      760000   7.599990e-06   2.145858e-01   1.508025e+01   2.128196e+01   1.505736e+04   5.410678e+04   1.363138e+05  -3.992207e+06   1.110990e+06  -4.492489e-19   1.474304e+05   1.329897e-33   0.000000e+00   0.000000e+00
      768000   7.679990e-06   2.157904e-01   1.508458e+01   2.129287e+01   1.505703e+04   5.410687e+04   1.363138e+05  -4.366914e+06   1.215238e+06   4.376647e-18   1.474304e+05   1.591257e-33   0.000000e+00   0.000000e+00
      776000   7.759990e-06   2.169950e-01   1.508891e+01   2.130377e+01   1.505680e+04   5.410694e+04   1.363138e+05   2.377807e+05  -6.616925e+04   6.131846e-19   1.474304e+05   4.715938e-36   0.000000e+00   0.000000e+00
      784000   7.839990e-06   2.181995e-01   1.509324e+01   2.131468e+01   1.505683e+04   5.410693e+04   1.363138e+05   6.417952e+05  -1.785982e+05   9.054724e-19   1.474304e+05   3.436561e-35   0.000000e+00   0.000000e+00
      792000   7.919990e-06   2.194041e-01   1.509757e+01   2.132558e+01   1.505690e+04   5.410691e+04   1.363138e+05   1.045809e+06  -2.910284e+05  -2.685919e-20   1.474304e+05   9.125633e-35   0.000000e+00   0.000000e+00
      800000   7.999990e-06   2.206086e-01   1.510190e+01   2.133649e+01   1.505692e+04   5.410690e+04   1.363138e+05  -9.460217e+05   2.632598e+05  -8.631331e-19   1.474304e+05   7.467222e-35   0.000000e+00   0.000000e+00
      808000   8.079990e-06   2.218132e-01   1.510622e+01   2.134739e+01   1.505683e+04   5.410693e+04   1.363138e+05  -1.321744e+06   3.678138e+05  -6.161108e-18   1.474304e+05   1.457684e-34   0.000000e+00   0.000000e+00
      816000   8.159990e-06   2.230177e-01   1.511055e+01   2.135830e+01   1.505671e+04   5.410696e+04   1.363138e+05  -1.697467e+06   4.723655e+05   3.681994e-18   1.474304e+05   2.404238e-34   0.000000e+00   0.000000e+00
      824000   8.239990e-06   2.242222e-01   1.511488e+01   2.136920e+01   1.505656e+04   5.410700e+04   1.363138e+05  -2.073190e+06   5.769145e+05  -5.238937e-18   1.474304e+05   3.586386e-34   0.000000e+00   0.000000e+00
      832000   8.319990e-06   2.254268e-01   1.511921e+01   2.138011e+01   1.505638e+04   5.410705e+04   1.363138e+05  -2.448915e+06   6.814600e+05   8.237020e-18   1.474304e+05   5.004128e-34   0.000000e+00   0.000000e+00
      840000   8.399990e-06   2.266313e-01   1.512354e+01   2.139101e+01   1.505617e+04   5.410711e+04   1.363138e+05  -2.824641e+06   7.860015e+05   4.018632e-18   1.474304e+05   6.657463e-34   0.000000e+00   0.000000e+00
      848000   8.479990e-06   2.278357e-01   1.512787e+01   2.140192e+01   1.505595e+04   5.410717e+04   1.363138e+05  -1.044496e+06   2.906434e+05  -5.951057e-18   1.474304e+05   9.104408e-35   0.000000e+00   0.000000e+00
      856000   8.559990e-06   2.290402e-01   1.513220e+01   2.141282e+01   1.505589e+04   5.410719e+04   1.363138e+05  -6.393773e+05   1.779134e+05  -3.028170e-18   1.474304e+05   3.411761e-35   0.000000e+00   0.000000e+00
      864000   8.639990e-06   2.302447e-01   1.513652e+01   2.142373e+01   1.505585e+04   5.410720e+04   1.363138e+05  -2.342579e+05   6.518452e+04   3.375660e-19   1.474304e+05   4.581116e-36   0.000000e+00   0.000000e+00
      872000   8.719990e-06   2.314492e-01   1.514085e+01   2.143463e+01   1.505585e+04   5.410720e+04   1.363138e+05   1.708616e+05  -4.754390e+04   3.935615e-19   1.474304e+05   2.434596e-36   0.000000e+00   0.000000e+00
      880000   8.799990e-06   2.326536e-01   1.514518e+01   2.144554e+01   1.505588e+04   5.410719e+04   1.363138e+05   5.759811e+05  -1.602726e+05   4.337161e-18   1.474304e+05   2.767804e-35   0.000000e+00   0.000000e+00
      888000   8.879990e-06   2.338581e-01   1.514951e+01   2.145644e+01   1.505594e+04   5.410717e+04   1.363138e+05   9.811003e+05  -2.730024e+05  -5.651958e-18   1.474304e+05   8.031147e-35   0.000000e+00   0.000000e+00
      896000   8.959990e-06   2.350626e-01   1.515384e+01   2.146735e+01   1.505604e+04   5.410715e+04   1.363138e+05   1.386219e+06  -3.857340e+05   7.307659e-18   1.474304e+05   1.603349e-34   0.000000e+00   0.000000e+00
      904000   9.039990e-06   2.362671e-01   1.515817e+01   2.147825e+01   1.505616e+04   5.410711e+04   1.363138e+05   1.791337e+06  -4.984681e+05   1.913991e-18   1.474304e+05   2.677484e-34   0.000000e+00   0.000000e+00
      912000   9.119990e-06   2.374716e-01   1.516250e+01   2.148916e+01   1.505632e+04   5.410707e+04   1.363138e+05   2.196455e+06  -6.112055e+05   1.343451e-17   1.474304e+05   4.025519e-34   0.000000e+00   0.000000e+00
      920000   9.199990e-06   2.386761e-01   1.516682e+01   2.150006e+01   1.505651e+04   5.410701e+04   1.363138e+05  -1.652867e+06   4.599479e+05   9.954009e-18   1.474304e+05   2.279550e-34   0.000000e+00   0.000000e+00
      928000   9.279990e-06   2.398806e-01   1.517115e+01   2.151097e+01   1.505637e+04   5.410706e+04   1.363138e+05  -2.028591e+06   5.644958e+05   1.034241e-17   1.474304e+05   3.433731e-34   0.000000e+00   0.000000e+00
      936000   9.359990e-06   2.410851e-01   1.517548e+01   2.152187e+01   1.505619e+04   5.410711e+04   1.363138e+05  -2.404316e+06   6.690403e+05  -3.265349e-18   1.474304e+05   4.823505e-34   0.000000e+00   0.000000e+00
      944000   9.439990e-06   2.422896e-01   1.517981e+01   2.153278e+01   1.505598e+04   5.410716e+04   1.363138e+05  -2.780042e+06   7.735808e+05   1.033297e-17   1.474304e+05   6.448873e-34   0.000000e+00   0.000000e+00
      952000   9.519990e-06   2.434941e-01   1.518414e+01   2.154368e+01   1.505574e+04   5.410723e+04   1.363138e+05  -3.155770e+06   8.781168e+05  -1.391855e-17   1.474304e+05   8.309836e-34   0.000000e+00   0.000000e+00
      960000   9.599990e-06   2.446985e-01   1.518847e+01   2.155459e+01   1.505548e+04   5.410730e+04   1.363138e+05  -3.531499e+06   9.826475e+05  -2.221963e-17   1.474304e+05   1.040639e-33   0.000000e+00   0.000000e+00
      968000   9.679990e-06   2.459029e-01   1.519280e+01   2.156549e+01   1.505518e+04   5.410739e+04   1.363138e+05  -3.907231e+06   1.087172e+06   8.021059e-18   1.474304e+05   1.273854e-33   0.000000e+00   0.000000e+00
      976000   9.759990e-06   2.471073e-01   1.519712e+01   2.157640e+01   1.505485e+04   5.410748e+04   1.363138e+05  -4.282964e+06   1.191691e+06   3.692761e-17   1.474304e+05   1.530629e-33   0.000000e+00   0.000000e+00
      984000   9.839990e-06   2.483117e-01   1.520145e+01   2.158730e+01   1.505464e+04   5.410754e+04   1.363138e+05   9.159986e+05  -2.548634e+05   1.726749e-18   1.474304e+05   7.000535e-35   0.000000e+00   0.000000e+00
      992000   9.919990e-06   2.495161e-01   1.520578e+01   2.159821e+01   1.505473e+04   5.410751e+04   1.363138e+05   1.322216e+06  -3.678899e+05  -5.750216e-18   1.474304e+05   1.458686e-34   0.000000e+00   0.000000e+00
     1000000   9.999990e-06   2.507205e-01   1.521011e+01   2.160911e+01   1.505473e+04   5.410751e+04   1.363138e+05  -4.757071e+05   1.323594e+05  -1.823742e-18   1.474304e+05   1.887919e-35   0.000000e+00   0.000000e+00
     1008000   1.007999e-05   2.519248e-01   1.521444e+01   2.162002e+01   1.505467e+04   5.410753e+04   1.363138e+05  -8.524513e+05   2.371828e+05   8.102264e-19   1.474304e+05   6.062910e-35   0.000000e+00   0.000000e+00
     1016000   1.015999e-05   2.531292e-01   1.521877e+01   2.163092e+01   1.505459e+04   5.410755e+04   1.363138e+05  -1.229196e+06   3.420048e+05   6.966833e-18   1.474304e+05   1.260662e-34   0.000000e+00   0.000000e+00
     1024000   1.023999e-05   2.543336e-01   1.522310e+01   2.164183e+01   1.505448e+04   5.410758e+04   1.363138e+05  -1.605941e+06   4.468247e+05  -3.603806e-18   1.474304e+05   2.151904e-34   0.000000e+00   0.000000e+00
     1032000   1.031999e-05   2.555379e-01   1.522742e+01   2.165274e+01   1.505433e+04   5.410762e+04   1.363138e+05  -1.982687e+06   5.516420e+05   2.020781e-18   1.474304e+05   3.280018e-34   0.000000e+00   0.000000e+00
     1040000   1.039999e-05   2.567423e-01   1.523175e+01   2.166364e+01   1.505416e+04   5.410767e+04   1.363138e+05  -2.359435e+06   6.564560e+05   3.641352e-18   1.474304e+05   4.645005e-34   0.000000e+00   0.000000e+00
     1048000   1.047999e-05   2.579466e-01   1.523608e+01   2.167455e+01   1.505396e+04   5.410773e+04   1.363138e+05  -2.736183e+06   7.612660e+05  -9.526479e-18   1.474304e+05   6.246863e-34   0.000000e+00   0.000000e+00
     1056000   1.055999e-05   2.591509e-01   1.524041e+01   2.168545e+01   1.505372e+04   5.410779e+04   1.363138e+05  -3.112933e+06   8.660716e+05   2.055791e-17   1.474304e+05   8.085595e-34   0.000000e+00   0.000000e+00
     1064000   1.063999e-05   2.603552e-01   1.524474e+01   2.169636e+01   1.505346e+04   5.410787e+04   1.363138e+05  -3.489684e+06   9.708719e+05   1.912233e-18   1.474304e+05   1.016120e-33   0.000000e+00   0.000000e+00
     1072000   1.071999e-05   2.615595e-01   1.524907e+01   2.170726e+01   1.505338e+04   5.410789e+04   1.363138e+05   4.419865e+05  -1.229653e+05  -6.569770e-19   1.474304e+05   1.629680e-35   0.000000e+00   0.000000e+00
     1080000   1.079999e-05   2.627637e-01   1.525340e+01   2.171817e+01   1.505343e+04   5.410787e+04   1.363138e+05   8.482055e+05  -2.359805e+05  -5.298302e-18   1.474304e+05   6.002532e-35   0.000000e+00   0.000000e+00
     1088000   1.087999e-05   2.639680e-01   1.525772e+01   2.172907e+01   1.505351e+04   5.410785e+04   1.363138e+05   1.254424e+06  -3.489973e+05  -1.992996e-19   1.474304e+05   1.312920e-34   0.000000e+00   0.000000e+00
     1096000   1.095999e-05   2.651723e-01   1.526205e+01   2.173998e+01   1.505363e+04   5.410782e+04   1.363138e+05   1.660642e+06  -4.620163e+05   5.472474e-18   1.474304e+05   2.300969e-34   0.000000e+00   0.000000e+00
     1104000   1.103999e-05   2.663766e-01   1.526638e+01   2.175088e+01   1.505378e+04   5.410778e+04   1.363138e+05   2.066860e+06  -5.750385e+05  -2.168189e-18   1.474304e+05   3.564401e-34   0.000000e+00   0.000000e+00
     1112000   1.111999e-05   2.675809e-01   1.527071e+01   2.176179e+01   1.505396e+04   5.410772e+04   1.363138e+05   2.473076e+06  -6.880644e+05   4.766997e-19   1.474304e+05   5.103216e-34   0.000000e+00   0.000000e+00
     1120000   1.119999e-05   2.687852e-01   1.527504e+01   2.177269e+01   1.505418e+04   5.410767e+04   1.363138e+05   2.879292e+06  -8.010948e+05  -1.306425e-17   1.474304e+05   6.917415e-34   0.000000e+00   0.000000e+00
     1128000   1.127999e-05   2.699896e-01   1.527937e+01   2.178360e+01   1.505442e+04   5.410760e+04   1.363138e+05   3.285507e+06  -9.141305e+05  -6.786177e-18   1.474304e+05   9.006999e-34   0.000000e+00   0.000000e+00
     1136000   1.135999e-05   2.711939e-01   1.528370e+01   2.179450e+01   1.505470e+04   5.410752e+04   1.363138e+05   3.691720e+06  -1.027172e+06  -1.022626e-18   1.474304e+05   1.137197e-33   0.000000e+00   0.000000e+00
     1144000   1.143999e-05   2.723983e-01   1.528802e+01   2.180541e+01   1.505477e+04   5.410750e+04   1.363138e+05  -2.314697e+06   6.440368e+05  -1.523067e-17   1.474304e+05   4.470550e-34   0.000000e+00   0.000000e+00
     1152000   1.151999e-05   2.736027e-01   1.529235e+01   2.181631e+01   1.505457e+04   5.410756e+04   1.363138e+05  -2.691444e+06   7.488514e+05   4.619888e-18   1.474304e+05   6.044284e-34   0.000000e+00   0.000000e+00
     1160000   1.159999e-05   2.748070e-01   1.529668e+01   2.182722e+01   1.505434e+04   5.410762e+04   1.363138e+05  -3.068192e+06   8.536615e+05   3.757648e-17   1.474304e+05   7.854890e-34   0.000000e+00   0.000000e+00
     1168000   1.167999e-05   2.760114e-01   1.530101e+01   2.183812e+01   1.505414e+04   5.410767e+04   1.363138e+05   3.752002e+05  -1.043903e+05  -6.403530e-19   1.474304e+05   1.174345e-35   0.000000e+00   0.000000e+00
     1176000   1.175999e-05   2.772157e-01   1.530534e+01   2.184903e+01   1.505419e+04   5.410766e+04   1.363138e+05   7.825123e+05  -2.177158e+05   5.197130e-18   1.474304e+05   5.108738e-35   0.000000e+00   0.000000e+00
     1184000   1.183999e-05   2.784201e-01   1.530967e+01   2.185993e+01   1.505427e+04   5.410764e+04   1.363138e+05   1.189824e+06  -3.310426e+05   7.542263e-18   1.474304e+05   1.181181e-34   0.000000e+00   0.000000e+00
     1192000   1.191999e-05   2.796244e-01   1.531400e+01   2.187084e+01   1.505438e+04   5.410761e+04   1.363138e+05   1.597136e+06  -4.443717e+05   8.855916e-18   1.474304e+05   2.128357e-34   0.000000e+00   0.000000e+00
     1200000   1.199999e-05   2.808288e-01   1.531833e+01   2.188174e+01   1.505453e+04   5.410757e+04   1.363138e+05   2.004446e+06  -5.577036e+05   1.157216e-17   1.474304e+05   3.352402e-34   0.000000e+00   0.000000e+00
     1208000   1.207999e-05   2.820331e-01   1.532265e+01   2.189265e+01   1.505470e+04   5.410752e+04   1.363138e+05   2.411756e+06  -6.710393e+05   1.183835e-17   1.474304e+05   4.853316e-34   0.000000e+00   0.000000e+00
     1216000   1.215999e-05   2.832375e-01   1.532698e+01   2.190355e+01   1.505482e+04   5.410749e+04   1.363138e+05  -7.583498e+05   2.110026e+05   2.740113e-18   1.474304e+05   4.798170e-35   0.000000e+00   0.000000e+00
     1224000   1.223999e-05   2.844419e-01   1.533131e+01   2.191446e+01   1.505475e+04   5.410751e+04   1.363138e+05  -1.136105e+06   3.161072e+05   1.360830e-18   1.474304e+05   1.076939e-34   0.000000e+00   0.000000e+00
     1232000   1.231999e-05   2.856463e-01   1.533564e+01   2.192536e+01   1.505464e+04   5.410754e+04   1.363138e+05  -1.513861e+06   4.212100e+05  -1.030890e-18   1.474304e+05   1.912206e-34   0.000000e+00   0.000000e+00
     1240000   1.239999e-05   2.868506e-01   1.533997e+01   2.193627e+01   1.505450e+04   5.410757e+04   1.363138e+05  -1.891618e+06   5.263102e+05  -7.957214e-18   1.474304e+05   2.985618e-34   0.000000e+00   0.000000e+00
     1248000   1.247999e-05   2.880550e-01   1.534430e+01   2.194717e+01   1.505434e+04   5.410762e+04   1.363138e+05  -2.269375e+06   6.314072e+05  -1.027704e-18   1.474304e+05   4.297175e-34   0.000000e+00   0.000000e+00
     1256000   1.255999e-05   2.892593e-01   1.534863e+01   2.195808e+01   1.505414e+04   5.410768e+04   1.363138e+05  -2.647134e+06   7.365005e+05  -1.809483e-17   1.474304e+05   5.846877e-34   0.000000e+00   0.000000e+00
     1264000   1.263999e-05   2.904636e-01   1.535295e+01   2.196898e+01   1.505391e+04   5.410774e+04   1.363138e+05  -3.024894e+06   8.415894e+05   1.558341e-17   1.474304e+05   7.634725e-34   0.000000e+00   0.000000e+00
     1272000   1.271999e-05   2.916679e-01   1.535728e+01   2.197989e+01   1.505366e+04   5.410781e+04   1.363138e+05  -3.402656e+06   9.466732e+05  -6.540116e-18   1.474304e+05   9.660718e-34   0.000000e+00   0.000000e+00
     1280000   1.279999e-05   2.928722e-01   1.536161e+01   2.199079e+01   1.505337e+04   5.410789e+04   1.363138e+05  -3.780420e+06   1.051751e+06  -3.368588e-18   1.474304e+05   1.192486e-33   0.000000e+00   0.000000e+00
     1288000   1.287999e-05   2.940765e-01   1.536594e+01   2.200170e+01   1.505312e+04   5.410796e+04   1.363138e+05   1.529173e+06  -4.254241e+05  -7.811735e-19   1.474304e+05   1.951045e-34   0.000000e+00   0.000000e+00
     1296000   1.295999e-05   2.952807e-01   1.537027e+01   2.201260e+01   1.505326e+04   5.410792e+04   1.363138e+05   1.936485e+06  -5.387457e+05  -2.942182e-18   1.474304e+05   3.128880e-34   0.000000e+00   0.000000e+00
     1304000   1.303999e-05   2.964850e-01   1.537460e+01   2.202351e+01   1.505343e+04   5.410787e+04   1.363138e+05   2.343796e+06  -6.520709e+05  -7.529737e-18   1.474304e+05   4.583582e-34   0.000000e+00   0.000000e+00
     1312000   1.311999e-05   2.976893e-01   1.537893e+01   2.203441e+01   1.505364e+04   5.410782e+04   1.363138e+05   2.751106e+06  -7.654004e+05  -1.210953e-17   1.474304e+05   6.315151e-34   0.000000e+00   0.000000e+00
     1320000   1.319999e-05   2.988936e-01   1.538325e+01   2.204532e+01   1.505387e+04   5.410775e+04   1.363138e+05   3.158415e+06  -8.787349e+05  -1.793012e-18   1.474304e+05   8.323589e-34   0.000000e+00   0.000000e+00
     1328000   1.327999e-05   3.000979e-01   1.538758e+01   2.205622e+01   1.505412e+04   5.410768e+04   1.363138e+05  -4.352051e+00   1.210850e+00  -7.914922e-24   1.474304e+05   1.580376e-45   0.000000e+00   0.000000e+00
     1336000   1.335999e-05   3.013022e-01   1.539191e+01   2.206713e+01   1.505412e+04   5.410768e+04   1.363138e+05  -4.949808e+00   1.377161e+00  -2.384115e-23   1.474304e+05   2.044330e-45   0.000000e+00   0.000000e+00
     1344000   1.343999e-05   3.025066e-01   1.539624e+01   2.207803e+01   1.505412e+04   5.410768e+04   1.363138e+05  -5.547566e+00   1.543472e+00  -2.784890e-23   1.474304e+05   2.567915e-45   0.000000e+00   0.000000e+00
     1352000   1.351999e-05   3.037109e-01   1.540057e+01   2.208894e+01   1.505412e+04   5.410768e+04   1.363138e+05  -2.087975e+00   5.809271e-01   1.001533e-24   1.474304e+05   3.637990e-46   0.000000e+00   0.000000e+00
     1360000   1.359999e-05   3.049152e-01   1.540490e+01   2.209984e+01   1.505412e+04   5.410768e+04   1.363138e+05  -1.634805e+00   4.548439e-01  -2.236170e-24   1.474304e+05   2.230229e-46   0.000000e+00   0.000000e+00
     1368000   1.367999e-05   3.061196e-01   1.540923e+01   2.211075e+01   1.505412e+04   5.410768e+04   1.363138e+05  -1.936621e+00   5.388166e-01  -1.240544e-23   1.474304e+05   3.129496e-46   0.000000e+00   0.000000e+00
     1376000   1.375999e-05   3.073239e-01   1.541355e+01   2.212165e+01   1.505412e+04   5.410768e+04   1.363138e+05  -1.978210e+00   5.503876e-01  -8.588733e-24   1.474304e+05   3.265350e-46   0.000000e+00   0.000000e+00
     1384000   1.383999e-05   3.085282e-01   1.541788e+01   2.213256e+01   1.505412e+04   5.410768e+04   1.363138e+05  -2.019798e+00   5.619586e-01  -1.669880e-23   1.474304e+05   3.404091e-46   0.000000e+00   0.000000e+00
     1392000   1.391999e-05   3.097325e-01   1.542221e+01   2.214346e+01   1.505412e+04   5.410768e+04   1.363138e+05  -2.061387e+00   5.735296e-01  -6.919067e-24   1.474304e+05   3.545718e-46   0.000000e+00   0.000000e+00
     1400000   1.399999e-05   3.109369e-01   1.542654e+01   2.215437e+01   1.505412e+04   5.410768e+04   1.363138e+05  -2.102975e+00   5.851006e-01  -3.102892e-24   1.474304e+05   3.690231e-46   0.000000e+00   0.000000e+00
     1408000   1.407999e-05   3.121412e-01   1.543087e+01   2.216528e+01   1.505412e+04   5.410768e+04   1.363138e+05  -2.144564e+00   5.966716e-01  -1.121376e-23   1.474304e+05   3.837631e-46   0.000000e+00   0.000000e+00
     1416000   1.415999e-05   3.133455e-01   1.543520e+01   2.217618e+01   1.505412e+04   5.410768e+04   1.363138e+05  -2.186152e+00   6.082426e-01  -7.398162e-24   1.474304e+05   3.987918e-46   0.000000e+00   0.000000e+00
     1424000   1.423999e-05   3.145499e-01   1.543953e+01   2.218709e+01   1.505412e+04   5.410768e+04   1.363138e+05  -2.227741e+00   6.198136e-01  -3.582724e-24   1.474304e+05   4.141091e-46   0.000000e+00   0.000000e+00
     1432000   1.431999e-05   3.157542e-01   1.544386e+01   2.219799e+01   1.505412e+04   5.410768e+04   1.363138e+05  -2.269330e+00   6.313845e-01  -5.730762e-24   1.474304e+05   4.297151e-46   0.000000e+00   0.000000e+00
     1440000   1.439999e-05   3.169585e-01   1.544818e+01   2.220890e+01   1.505412e+04   5.410768e+04   1.363138e+05  -2.129607e-01   5.925102e-02  -2.143791e-24   1.474304e+05   3.786320e-48   0.000000e+00   0.000000e+00
     1448000   1.447999e-05   3.181629e-01   1.545251e+01   2.221980e+01   1.505412e+04   5.410768e+04   1.363138e+05   2.402090e-01  -6.683219e-02   1.338491e-24   1.474304e+05   4.812394e-48   0.000000e+00   0.000000e+00
     1456000   1.455999e-05   3.193672e-01   1.545684e+01   2.223071e+01   1.505412e+04   5.410768e+04   1.363138e+05   6.933787e-01  -1.929154e-01   4.075059e-24   1.474304e+05   4.011045e-47   0.000000e+00   0.000000e+00
     1464000   1.463999e-05   3.205715e-01   1.546117e+01   2.224161e+01   1.505412e+04   5.410768e+04   1.363138e+05   1.146548e+00  -3.189986e-01   3.829105e-24   1.474304e+05   1.096805e-46   0.000000e+00   0.000000e+00
     1472000   1.471999e-05   3.217758e-01   1.546550e+01   2.225252e+01   1.505412e+04   5.410768e+04   1.363138e+05   1.599718e+00  -4.450818e-01   1.849007e-23   1.474304e+05   2.135225e-46   0.000000e+00   0.000000e+00
     1480000   1.479999e-05   3.229802e-01   1.546983e+01   2.226342e+01   1.505412e+04   5.410768e+04   1.363138e+05   2.052888e+00  -5.711650e-01   9.295863e-24   1.474304e+05   3.516365e-46   0.000000e+00   0.000000e+00
     1488000   1.487999e-05   3.241845e-01   1.547416e+01   2.227433e+01   1.505412e+04   5.410768e+04   1.363138e+05   2.506058e+00  -6.972482e-01   9.914428e-26   1.474304e+05   5.240224e-46   0.000000e+00   0.000000e+00
     1496000   1.495999e-05   3.253888e-01   1.547848e+01   2.228523e+01   1.505412e+04   5.410768e+04   1.363138e+05   2.959227e+00  -8.233314e-01   2.071594e-23   1.474304e+05   7.306804e-46   0.000000e+00   0.000000e+00
     1504000   1.503999e-05   3.265932e-01   1.548281e+01   2.229614e+01   1.505412e+04   5.410768e+04   1.363138e+05   3.412397e+00  -9.494147e-01   1.747583e-23   1.474304e+05   9.716103e-46   0.000000e+00   0.000000e+00
     1512000   1.511999e-05   3.277975e-01   1.548714e+01   2.230704e+01   1.505412e+04   5.410768e+04   1.363138e+05   4.246374e-01  -1.181448e-01   8.183537e-25   1.474304e+05   1.504646e-47   0.000000e+00   0.000000e+00
     1520000   1.519999e-05   3.290018e-01   1.549147e+01   2.231795e+01   1.505412e+04   5.410768e+04   1.363138e+05   3.830488e-01  -1.065738e-01   1.656674e-24   1.474304e+05   1.224355e-47   0.000000e+00   0.000000e+00
     1528000   1.527999e-05   3.302061e-01   1.549580e+01   2.232885e+01   1.505412e+04   5.410768e+04   1.363138e+05   3.414602e-01  -9.500281e-02   1.004194e-24   1.474304e+05   9.729283e-48   0.000000e+00   0.000000e+00
     1536000   1.535999e-05   3.314105e-01   1.550013e+01   2.233976e+01   1.505412e+04   5.410768e+04   1.363138e+05   1.369463e+00  -3.810190e-01   3.259468e-24   1.474304e+05   1.564857e-46   0.000000e+00   0.000000e+00
     1544000   1.543999e-05   3.326148e-01   1.550446e+01   2.235066e+01   1.505412e+04   5.410768e+04   1.363138e+05   1.537903e+00  -4.278833e-01  -1.926952e-25   1.474304e+05   1.973483e-46   0.000000e+00   0.000000e+00
     1552000   1.551999e-05   3.338191e-01   1.550878e+01   2.236157e+01   1.505412e+04   5.410768e+04   1.363138e+05   1.706343e+00  -4.747476e-01   1.424439e-23   1.474304e+05   2.429459e-46   0.000000e+00   0.000000e+00
     1560000   1.559999e-05   3.350235e-01   1.551311e+01   2.237247e+01   1.505412e+04   5.410768e+04   1.363138e+05   1.874783e+00  -5.216119e-01   1.079075e-23   1.474304e+05   2.932782e-46   0.000000e+00   0.000000e+00
     1568000   1.567999e-05   3.362278e-01   1.551744e+01   2.238338e+01   1.505412e+04   5.410768e+04   1.363138e+05   2.043224e+00  -5.684762e-01   1.372956e-24   1.474304e+05   3.483455e-46   0.000000e+00   0.000000e+00
     1576000   1.575999e-05   3.374321e-01   1.552177e+01   2.239428e+01   1.505412e+04   5.410768e+04   1.363138e+05   2.211664e+00  -6.153404e-01  -2.082452e-24   1.474304e+05   4.081477e-46   0.000000e+00   0.000000e+00
     1584000   1.583999e-05   3.386365e-01   1.552610e+01   2.240519e+01   1.505412e+04   5.410768e+04   1.363138e+05   3.218709e-01  -8.955258e-02  -7.682387e-25   1.474304e+05   8.647129e-48   0.000000e+00   0.000000e+00
     1592000   1.591999e-05   3.398408e-01   1.553043e+01   2.241609e+01   1.505412e+04   5.410768e+04   1.363138e+05  -3.699612e-02   1.029325e-02  -2.443716e-25   1.474304e+05   1.139321e-49   0.000000e+00   0.000000e+00
     1600000   1.599999e-05   3.410451e-01   1.553476e+01   2.242700e+01   1.505412e+04   5.410768e+04   1.363138e+05  -3.958632e-01   1.101391e-01  -1.956785e-24   1.474304e+05   1.307312e-47   0.000000e+00   0.000000e+00
     1608000   1.607999e-05   3.422494e-01   1.553908e+01   2.243790e+01   1.505412e+04   5.410768e+04   1.363138e+05  -7.547302e-01   2.099849e-01  -2.551468e-24   1.474304e+05   4.752469e-47   0.000000e+00   0.000000e+00
     1616000   1.615999e-05   3.434538e-01   1.554341e+01   2.244881e+01   1.505412e+04   5.410768e+04   1.363138e+05  -1.113597e+00   3.098308e-01  -4.637726e-24   1.474304e+05   1.034686e-46   0.000000e+00   0.000000e+00
     1624000   1.623999e-05   3.446581e-01   1.554774e+01   2.245971e+01   1.505412e+04   5.410768e+04   1.363138e+05  -1.472464e+00   4.096766e-01  -1.268836e-23   1.474304e+05   1.809050e-46   0.000000e+00   0.000000e+00
     1632000   1.631999e-05   3.458624e-01   1.555207e+01   2.247062e+01   1.505412e+04   5.410768e+04   1.363138e+05  -1.831331e+00   5.095224e-01  -2.850416e-24   1.474304e+05   2.798337e-46   0.000000e+00   0.000000e+00
     1640000   1.639999e-05   3.470668e-01   1.555640e+01   2.248152e+01   1.505412e+04   5.410768e+04   1.363138e+05  -2.190198e+00   6.093683e-01  -1.090419e-23   1.474304e+05   4.002548e-46   0.000000e+00   0.000000e+00
     1648000   1.647999e-05   3.482711e-01   1.556073e+01   2.249243e+01   1.505412e+04   5.410768e+04   1.363138e+05  -2.549065e+00   7.092141e-01  -1.299676e-23   1.474304e+05   5.421683e-46   0.000000e+00   0.000000e+00
     1656000   1.655999e-05   3.494754e-01   1.556506e+01   2.250333e+01   1.505412e+04   5.410768e+04   1.363138e+05   1.210130e+00  -3.366887e-01   1.217516e-24   1.474304e+05   1.221903e-46   0.000000e+00   0.000000e+00
     1664000   1.663999e-05   3.506797e-01   1.556938e+01   2.251424e+01   1.505412e+04   5.410768e+04   1.363138e+05   1.378570e+00  -3.835530e-01   3.729056e-24   1.474304e+05   1.585740e-46   0.000000e+00   0.000000e+00
     1672000   1.671999e-05   3.518841e-01   1.557371e+01   2.252514e+01   1.505412e+04   5.410768e+04   1.363138e+05   1.547011e+00  -4.304173e-01   6.240025e-24   1.474304e+05   1.996927e-46   0.000000e+00   0.000000e+00
     1680000   1.679999e-05   3.530884e-01   1.557804e+01   2.253605e+01   1.505412e+04   5.410768e+04   1.363138e+05   1.715451e+00  -4.772815e-01   8.750278e-24   1.474304e+05   2.455462e-46   0.000000e+00   0.000000e+00
     1688000   1.687999e-05   3.542927e-01   1.558237e+01   2.254695e+01   1.505412e+04   5.410768e+04   1.363138e+05   1.883891e+00  -5.241458e-01   5.296440e-24   1.474304e+05   2.961346e-46   0.000000e+00   0.000000e+00
     1696000   1.695999e-05   3.554971e-01   1.558670e+01   2.255786e+01   1.505412e+04   5.410768e+04   1.363138e+05   2.052331e+00  -5.710101e-01   7.805065e-24   1.474304e+05   3.514579e-46   0.000000e+00   0.000000e+00
     1704000   1.703999e-05   3.567014e-01   1.559103e+01   2.256876e+01   1.505412e+04   5.410768e+04   1.363138e+05   2.220771e+00  -6.178744e-01   1.031276e-23   1.474304e+05   4.115161e-46   0.000000e+00   0.000000e+00
     1712000   1.711999e-05   3.579057e-01   1.559536e+01   2.257967e+01   1.505412e+04   5.410768e+04   1.363138e+05   2.389211e+00  -6.647387e-01   1.878276e-23   1.474304e+05   4.763091e-46   0.000000e+00   0.000000e+00
     1720000   1.719999e-05   3.591101e-01   1.559969e+01   2.259057e+01   1.505412e+04   5.410768e+04   1.363138e+05   2.557652e+00  -7.116030e-01   3.398302e-24   1.474304e+05   5.458371e-46   0.000000e+00   0.000000e+00
     1728000   1.727999e-05   3.603144e-01   1.560401e+01   2.260148e+01   1.505412e+04   5.410768e+04   1.363138e+05  -2.030821e+00   5.650255e-01  -1.842951e-24   1.474304e+05   3.441559e-46   0.000000e+00   0.000000e+00
     1736000   1.735999e-05   3.615187e-01   1.560834e+01   2.261238e+01   1.505412e+04   5.410768e+04   1.363138e+05  -1.573007e+00   4.376502e-01  -1.098260e-23   1.474304e+05   2.064812e-46   0.000000e+00   0.000000e+00
     1744000   1.743999e-05   3.627230e-01   1.561267e+01   2.262329e+01   1.505412e+04   5.410768e+04   1.363138e+05  -1.115194e+00   3.102749e-01  -2.230385e-24   1.474304e+05   1.037845e-46   0.000000e+00   0.000000e+00
     1752000   1.751999e-05   3.639274e-01   1.561700e+01   2.263419e+01   1.505412e+04   5.410768e+04   1.363138e+05  -6.573800e-01   1.828997e-01  -5.403465e-24   1.474304e+05   3.606584e-47   0.000000e+00   0.000000e+00
     1760000   1.759999e-05   3.651317e-01   1.562133e+01   2.264510e+01   1.505412e+04   5.410768e+04   1.363138e+05  -1.995663e-01   5.552436e-02   3.692630e-25   1.474304e+05   3.325147e-48   0.000000e+00   0.000000e+00
     1768000   1.767999e-05   3.663360e-01   1.562566e+01   2.265600e+01   1.505412e+04   5.410768e+04   1.363138e+05   2.582474e-01  -7.185092e-02  -5.664892e-25   1.474304e+05   5.562460e-48   0.000000e+00   0.000000e+00
     1776000   1.775999e-05   3.675404e-01   1.562999e+01   2.266691e+01   1.505412e+04   5.410768e+04   1.363138e+05   7.160611e-01  -1.992262e-01   2.969917e-24   1.474304e+05   4.277777e-47   0.000000e+00   0.000000e+00
     1784000   1.783999e-05   3.687447e-01   1.563431e+01   2.267781e+01   1.505412e+04   5.410768e+04   1.363138e+05   1.173875e+00  -3.266015e-01   5.760016e-24   1.474304e+05   1.149711e-46   0.000000e+00   0.000000e+00
     1792000   1.791999e-05   3.699490e-01   1.563864e+01   2.268872e+01   1.505412e+04   5.410768e+04   1.363138e+05   1.631689e+00  -4.539768e-01   8.548690e-24   1.474304e+05   2.221424e-46   0.000000e+00   0.000000e+00
     1800000   1.799999e-05   3.711533e-01   1.564297e+01   2.269963e+01   1.505412e+04   5.410768e+04   1.363138e+05   2.089502e+00  -5.813521e-01   2.326204e-23   1.474304e+05   3.642917e-46   0.000000e+00   0.000000e+00
     1808000   1.807999e-05   3.723577e-01   1.564730e+01   2.271053e+01   1.505412e+04   5.410768e+04   1.363138e+05  -3.931126e+00   1.093738e+00  -3.150776e-24   1.474304e+05   1.289450e-45   0.000000e+00   0.000000e+00
     1816000   1.815999e-05   3.735620e-01   1.565163e+01   2.272144e+01   1.505412e+04   5.410768e+04   1.363138e+05  -4.549948e+00   1.265910e+00  -2.753264e-23   1.474304e+05   1.727371e-45   0.000000e+00   0.000000e+00
     1824000   1.823999e-05   3.747663e-01   1.565596e+01   2.273234e+01   1.505412e+04   5.410768e+04   1.363138e+05  -5.168770e+00   1.438082e+00  -5.192206e-23   1.474304e+05   2.229199e-45   0.000000e+00   0.000000e+00
     1832000   1.831999e-05   3.759707e-01   1.566029e+01   2.274325e+01   1.505412e+04   5.410768e+04   1.363138e+05  -5.787592e+00   1.610254e+00  -1.668703e-23   1.474304e+05   2.794934e-45   0.000000e+00   0.000000e+00
     1840000   1.839999e-05   3.771750e-01   1.566461e+01   2.275415e+01   1.505412e+04   5.410768e+04   1.363138e+05  -6.406414e+00   1.782425e+00  -5.314938e-24   1.474304e+05   3.424577e-45   0.000000e+00   0.000000e+00
     1848000   1.847999e-05   3.783793e-01   1.566894e+01   2.276506e+01   1.505412e+04   5.410768e+04   1.363138e+05  -7.025236e+00   1.954597e+00   6.046743e-24   1.474304e+05   4.118126e-45   0.000000e+00   0.000000e+00
     1856000   1.855999e-05   3.795837e-01   1.567327e+01   2.277596e+01   1.505412e+04   5.410768e+04   1.363138e+05  -7.644058e+00   2.126769e+00  -3.030980e-23   1.474304e+05   4.875583e-45   0.000000e+00   0.000000e+00
     1864000   1.863999e-05   3.807880e-01   1.567760e+01   2.278687e+01   1.505412e+04   5.410768e+04   1.363138e+05  -8.262879e+00   2.298941e+00  -6.667908e-23   1.474304e+05   5.696946e-45   0.000000e+00   0.000000e+00
     1872000   1.871999e-05   3.819923e-01   1.568193e+01   2.279777e+01   1.505412e+04   5.410768e+04   1.363138e+05  -8.881701e+00   2.471113e+00  -3.150248e-23   1.474304e+05   6.582217e-45   0.000000e+00   0.000000e+00
     1880000   1.879999e-05   3.831966e-01   1.568626e+01   2.280868e+01   1.505412e+04   5.410768e+04   1.363138e+05  -5.800017e-01   1.613710e-01  -8.062456e-25   1.474304e+05   2.807576e-47   0.000000e+00   0.000000e+00
     1888000   1.887999e-05   3.844010e-01   1.569059e+01   2.281958e+01   1.505412e+04   5.410768e+04   1.363138e+05  -1.221879e-01   3.399576e-02  -9.751552e-25   1.474304e+05   1.246955e-48   0.000000e+00   0.000000e+00
     1896000   1.895999e-05   3.856053e-01   1.569491e+01   2.283049e+01   1.505412e+04   5.410768e+04   1.363138e+05   3.356258e-01  -9.337953e-02   1.837748e-24   1.474304e+05   9.396150e-48   0.000000e+00   0.000000e+00
     1904000   1.903999e-05   3.868096e-01   1.569924e+01   2.284139e+01   1.505412e+04   5.410768e+04   1.363138e+05   7.934395e-01  -2.207548e-01   1.668572e-24   1.474304e+05   5.252335e-47   0.000000e+00   0.000000e+00
     1912000   1.911999e-05   3.880140e-01   1.570357e+01   2.285230e+01   1.505412e+04   5.410768e+04   1.363138e+05  -5.067686e-01   1.409958e-01  -1.787188e-24   1.474304e+05   2.142912e-47   0.000000e+00   0.000000e+00
     1920000   1.919999e-05   3.892183e-01   1.570790e+01   2.286320e+01   1.505412e+04   5.410768e+04   1.363138e+05  -5.178595e-01   1.440815e-01   2.135724e-24   1.474304e+05   2.237737e-47   0.000000e+00   0.000000e+00
     1928000   1.927999e-05   3.904226e-01   1.571223e+01   2.287411e+01   1.505412e+04   5.410768e+04   1.363138e+05  -5.289505e-01   1.471673e-01  -2.886349e-24   1.474304e+05   2.334614e-47   0.000000e+00   0.000000e+00
     1936000   1.935999e-05   3.916269e-01   1.571656e+01   2.288501e+01   1.505412e+04   5.410768e+04   1.363138e+05  -5.400414e-01   1.502531e-01  -1.945117e-24   1.474304e+05   2.433544e-47   0.000000e+00   0.000000e+00
     1944000   1.943999e-05   3.928313e-01   1.572089e+01   2.289592e+01   1.505412e+04   5.410768e+04   1.363138e+05  -5.511323e-01   1.533389e-01   1.977761e-24   1.474304e+05   2.534527e-47   0.000000e+00   0.000000e+00
     1952000   1.951999e-05   3.940356e-01   1.572522e+01   2.290682e+01   1.505412e+04   5.410768e+04   1.363138e+05   1.765815e+00  -4.912943e-01   1.141648e-23   1.474304e+05   2.601665e-46   0.000000e+00   0.000000e+00
     1960000   1.959999e-05   3.952399e-01   1.572954e+01   2.291773e+01   1.505412e+04   5.410768e+04   1.363138e+05   2.200935e+00  -6.123554e-01   1.367818e-23   1.474304e+05   4.041852e-46   0.000000e+00   0.000000e+00
     1968000   1.967999e-05   3.964443e-01   1.573387e+01   2.292863e+01   1.505412e+04   5.410768e+04   1.363138e+05   2.636054e+00  -7.334166e-01   2.786395e-23   1.474304e+05   5.798001e-46   0.000000e+00   0.000000e+00
     1976000   1.975999e-05   3.976486e-01   1.573820e+01   2.293954e+01   1.505412e+04   5.410768e+04   1.363138e+05   3.071174e+00  -8.544778e-01   1.223000e-23   1.474304e+05   7.870111e-46   0.000000e+00   0.000000e+00
     1984000   1.983999e-05   3.988529e-01   1.574253e+01   2.295044e+01   1.505412e+04   5.410768e+04   1.363138e+05   3.506293e+00  -9.755390e-01   8.519074e-24   1.474304e+05   1.025818e-45   0.000000e+00   0.000000e+00
     1992000   1.991999e-05   4.000573e-01   1.574686e+01   2.296135e+01   1.505412e+04   5.410768e+04   1.363138e+05   8.344179e-01  -2.321560e-01   4.483891e-24   1.474304e+05   5.809694e-47   0.000000e+00   0.000000e+00
     2000000   1.999999e-05   4.012616e-01   1.575119e+01   2.297225e+01   1.505412e+04   5.410768e+04   1.363138e+05   8.450617e-01  -2.351174e-01   2.684148e-24   1.474304e+05   5.958856e-47   0.000000e+00   0.000000e+00
     2008000   2.007999e-05   4.024659e-01   1.575552e+01   2.298316e+01   1.505412e+04   5.410768e+04   1.363138e+05   8.557054e-01  -2.380788e-01  -2.097272e-24   1.474304e+05   6.109908e-47   0.000000e+00   0.000000e+00
     2016000   2.015999e-05   4.036702e-01   1.575984e+01   2.299406e+01   1.505412e+04   5.410768e+04   1.363138e+05   8.663492e-01  -2.410401e-01  -9.153929e-25   1.474304e+05   6.262850e-47   0.000000e+00   0.000000e+00
     2024000   2.023999e-05   4.048746e-01   1.576417e+01   2.300497e+01   1.505412e+04   5.410768e+04   1.363138e+05  -8.644740e-01   2.405184e-01  -2.899912e-24   1.474304e+05   6.235653e-47   0.000000e+00   0.000000e+00
     2032000   2.031999e-05   4.060789e-01   1.576850e+01   2.301587e+01   1.505412e+04   5.410768e+04   1.363138e+05  -9.389520e-01   2.612400e-01  -2.492738e-24   1.474304e+05   7.356404e-47   0.000000e+00   0.000000e+00
     2040000   2.039999e-05   4.072832e-01   1.577283e+01   2.302678e+01   1.505412e+04   5.410768e+04   1.363138e+05  -1.013430e+00   2.819617e-01  -5.067377e-24   1.474304e+05   8.569726e-47   0.000000e+00   0.000000e+00
     2048000   2.047999e-05   4.084876e-01   1.577716e+01   2.303768e+01   1.505412e+04   5.410768e+04   1.363138e+05  -1.087908e+00   3.026833e-01   4.284338e-24   1.474304e+05   9.875618e-47   0.000000e+00   0.000000e+00
     2056000   2.055999e-05   4.096919e-01   1.578149e+01   2.304859e+01   1.505412e+04   5.410768e+04   1.363138e+05  -1.162386e+00   3.234050e-01  -4.254044e-24   1.474304e+05   1.127408e-46   0.000000e+00   0.000000e+00
     2064000   2.063999e-05   4.108962e-01   1.578582e+01   2.305949e+01   1.505412e+04   5.410768e+04   1.363138e+05  -1.236864e+00   3.441266e-01  -6.829411e-24   1.474304e+05   1.276511e-46   0.000000e+00   0.000000e+00
     2072000   2.071999e-05   4.121005e-01   1.579014e+01   2.307040e+01   1.505412e+04   5.410768e+04   1.363138e+05  -1.311342e+00   3.648483e-01  -4.600256e-25   1.474304e+05   1.434872e-46   0.000000e+00   0.000000e+00
     2080000   2.079999e-05   4.133049e-01   1.579447e+01   2.308130e+01   1.505412e+04   5.410768e+04   1.363138e+05  -1.385820e+00   3.855699e-01  -6.017431e-24   1.474304e+05   1.602489e-46   0.000000e+00   0.000000e+00
     2088000   2.087999e-05   4.145092e-01   1.579880e+01   2.309221e+01   1.505412e+04   5.410768e+04   1.363138e+05  -1.460298e+00   4.062916e-01   3.514494e-25   1.474304e+05   1.779364e-46   0.000000e+00   0.000000e+00
     2096000   2.095999e-05   4.157135e-01   1.580313e+01   2.310311e+01   1.505412e+04   5.410768e+04   1.363138e+05   9.944356e-01  -2.766770e-01   2.214505e-24   1.474304e+05   8.252212e-47   0.000000e+00   0.000000e+00
     2104000   2.103999e-05   4.169179e-01   1.580746e+01   2.311402e+01   1.505412e+04   5.410768e+04   1.363138e+05   7.232841e-01  -2.012358e-01   3.832173e-24   1.474304e+05   4.365620e-47   0.000000e+00   0.000000e+00
     2112000   2.111999e-05   4.181222e-01   1.581179e+01   2.312492e+01   1.505412e+04   5.410768e+04   1.363138e+05   4.521325e-01  -1.257946e-01   3.959534e-24   1.474304e+05   1.706020e-47   0.000000e+00   0.000000e+00
     2120000   2.119999e-05   4.193265e-01   1.581612e+01   2.313583e+01   1.505412e+04   5.410768e+04   1.363138e+05   1.809810e-01  -5.035347e-02   1.105587e-24   1.474304e+05   2.734111e-48   0.000000e+00   0.000000e+00
     2128000   2.127999e-05   4.205309e-01   1.582044e+01   2.314673e+01   1.505412e+04   5.410768e+04   1.363138e+05  -9.017051e-02   2.508770e-02  -2.574012e-25   1.474304e+05   6.779379e-49   0.000000e+00   0.000000e+00
     2136000   2.135999e-05   4.217352e-01   1.582477e+01   2.315764e+01   1.505412e+04   5.410768e+04   1.363138e+05  -3.613220e-01   1.005289e-01  -1.296302e-25   1.474304e+05   1.089168e-47   0.000000e+00   0.000000e+00
     2144000   2.143999e-05   4.229395e-01   1.582910e+01   2.316854e+01   1.505412e+04   5.410768e+04   1.363138e+05  -6.324736e-01   1.759701e-01  -2.983778e-24   1.474304e+05   3.337534e-47   0.000000e+00   0.000000e+00
     2152000   2.151999e-05   4.241438e-01   1.583343e+01   2.317945e+01   1.505412e+04   5.410768e+04   1.363138e+05  -9.036251e-01   2.514112e-01  -1.031090e-23   1.474304e+05   6.812891e-47   0.000000e+00   0.000000e+00
     2160000   2.159999e-05   4.253482e-01   1.583776e+01   2.319035e+01   1.505412e+04   5.410768e+04   1.363138e+05  -1.174777e+00   3.268524e-01  -5.712044e-24   1.474304e+05   1.151524e-46   0.000000e+00   0.000000e+00
     2168000   2.167999e-05   4.265525e-01   1.584209e+01   2.320126e+01   1.505412e+04   5.410768e+04   1.363138e+05  -1.194876e+00   3.324444e-01  -5.841572e-24   1.474304e+05   1.191427e-46   0.000000e+00   0.000000e+00
     2176000   2.175999e-05   4.277568e-01   1.584642e+01   2.321216e+01   1.505412e+04   5.410768e+04   1.363138e+05  -8.153935e-01   2.268630e-01  -2.279731e-24   1.474304e+05   5.548460e-47   0.000000e+00   0.000000e+00
     2184000   2.183999e-05   4.289612e-01   1.585074e+01   2.322307e+01   1.505412e+04   5.410768e+04   1.363138e+05  -4.359114e-01   1.212815e-01  -1.698692e-24   1.474304e+05   1.585909e-47   0.000000e+00   0.000000e+00
     2192000   2.191999e-05   4.301655e-01   1.585507e+01   2.323398e+01   1.505412e+04   5.410768e+04   1.363138e+05  -5.642932e-02   1.570006e-02  -3.717850e-25   1.474304e+05   2.661503e-49   0.000000e+00   0.000000e+00
     2200000   2.199999e-05   4.313698e-01   1.585940e+01   2.324488e+01   1.505412e+04   5.410768e+04   1.363138e+05   3.230528e-01  -8.988140e-02   9.551791e-25   1.474304e+05   8.705762e-48   0.000000e+00   0.000000e+00
     2208000   2.207999e-05   4.325741e-01   1.586373e+01   2.325579e+01   1.505412e+04   5.410768e+04   1.363138e+05   7.025348e-01  -1.954629e-01   4.556127e-26   1.474304e+05   4.117793e-47   0.000000e+00   0.000000e+00
     2216000   2.215999e-05   4.337785e-01   1.586806e+01   2.326669e+01   1.505412e+04   5.410768e+04   1.363138e+05   1.082017e+00  -3.010443e-01  -2.355620e-24   1.474304e+05   9.768265e-47   0.000000e+00   0.000000e+00
     2224000   2.223999e-05   4.349828e-01   1.587239e+01   2.327760e+01   1.505412e+04   5.410768e+04   1.363138e+05   1.461499e+00  -4.066258e-01  -1.776237e-24   1.474304e+05   1.782199e-46   0.000000e+00   0.000000e+00
     2232000   2.231999e-05   4.361871e-01   1.587672e+01   2.328850e+01   1.505412e+04   5.410768e+04   1.363138e+05   1.840981e+00  -5.122072e-01   4.765023e-24   1.474304e+05   2.827898e-46   0.000000e+00   0.000000e+00
     2240000   2.239999e-05   4.373915e-01   1.588105e+01   2.329941e+01   1.505412e+04   5.410768e+04   1.363138e+05   2.220463e+00  -6.177887e-01   1.130441e-23   1.474304e+05   4.113922e-46   0.000000e+00   0.000000e+00
     2248000   2.247999e-05   4.385958e-01   1.588537e+01   2.331031e+01   1.505412e+04   5.410768e+04   1.363138e+05   1.524035e+00  -4.240248e-01   2.785855e-24   1.474304e+05   1.938191e-46   0.000000e+00   0.000000e+00
     2256000   2.255999e-05   4.398001e-01   1.588970e+01   2.332122e+01   1.505412e+04   5.410768e+04   1.363138e+05   1.252883e+00  -3.485836e-01   4.403575e-24   1.474304e+05   1.309882e-46   0.000000e+00   0.000000e+00
     2264000   2.263999e-05   4.410045e-01   1.589403e+01   2.333212e+01   1.505412e+04   5.410768e+04   1.363138e+05   9.817317e-01  -2.731424e-01   3.040477e-24   1.474304e+05   8.042721e-47   0.000000e+00   0.000000e+00
     2272000   2.271999e-05   4.422088e-01   1.589836e+01   2.334303e+01   1.505412e+04   5.410768e+04   1.363138e+05   7.105801e-01  -1.977013e-01   1.678129e-24   1.474304e+05   4.213616e-47   0.000000e+00   0.000000e+00
     2280000   2.279999e-05   4.434131e-01   1.590269e+01   2.335393e+01   1.505412e+04   5.410768e+04   1.363138e+05  -1.638989e+00   4.560081e-01  -8.565073e-24   1.474304e+05   2.241408e-46   0.000000e+00   0.000000e+00
     2288000   2.287999e-05   4.446174e-01   1.590702e+01   2.336484e+01   1.505412e+04   5.410768e+04   1.363138e+05  -1.923690e+00   5.352188e-01  -5.344647e-24   1.474304e+05   3.087744e-46   0.000000e+00   0.000000e+00
     2296000   2.295999e-05   4.458218e-01   1.591135e+01   2.337574e+01   1.505412e+04   5.410768e+04   1.363138e+05  -2.208390e+00   6.144295e-01  -2.125728e-24   1.474304e+05   4.069348e-46   0.000000e+00   0.000000e+00
     2304000   2.303999e-05   4.470261e-01   1.591567e+01   2.338665e+01   1.505412e+04   5.410768e+04   1.363138e+05  -2.493090e+00   6.936403e-01  -1.083511e-23   1.474304e+05   5.186219e-46   0.000000e+00   0.000000e+00
     2312000   2.311999e-05   4.482304e-01   1.592000e+01   2.339755e+01   1.505412e+04   5.410768e+04   1.363138e+05  -2.777790e+00   7.728510e-01  -1.656476e-24   1.474304e+05   6.438357e-46   0.000000e+00   0.000000e+00
     2320000   2.319999e-05   4.494348e-01   1.592433e+01   2.340846e+01   1.505412e+04   5.410768e+04   1.363138e+05  -6.798273e-01   1.891450e-01  -3.424840e-24   1.474304e+05   3.856630e-47   0.000000e+00   0.000000e+00
     2328000   2.327999e-05   4.506391e-01   1.592866e+01   2.341936e+01   1.505412e+04   5.410768e+04   1.363138e+05  -5.335129e-01   1.484367e-01  -1.873327e-24   1.474304e+05   2.375237e-47   0.000000e+00   0.000000e+00
     2336000   2.335999e-05   4.518434e-01   1.593299e+01   2.343027e+01   1.505412e+04   5.410768e+04   1.363138e+05  -3.871984e-01   1.077283e-01  -3.216031e-25   1.474304e+05   1.251110e-47   0.000000e+00   0.000000e+00
     2344000   2.343999e-05   4.530477e-01   1.593732e+01   2.344117e+01   1.505412e+04   5.410768e+04   1.363138e+05  -2.408840e-01   6.701999e-02  -1.751383e-24   1.474304e+05   4.842497e-48   0.000000e+00   0.000000e+00
     2352000   2.351999e-05   4.542521e-01   1.594165e+01   2.345208e+01   1.505412e+04   5.410768e+04   1.363138e+05  -9.456960e-02   2.631164e-02  -9.448205e-25   1.474304e+05   7.465493e-49   0.000000e+00   0.000000e+00
     2360000   2.359999e-05   4.554564e-01   1.594597e+01   2.346298e+01   1.505412e+04   5.410768e+04   1.363138e+05   5.174482e-02  -1.439671e-02   4.813622e-26   1.474304e+05   2.232617e-49   0.000000e+00   0.000000e+00
     2368000   2.367999e-05   4.566607e-01   1.595030e+01   2.347389e+01   1.505412e+04   5.410768e+04   1.363138e+05   1.980592e-01  -5.510506e-02   1.413776e-24   1.474304e+05   3.272634e-48   0.000000e+00   0.000000e+00
     2376000   2.375999e-05   4.578651e-01   1.595463e+01   2.348479e+01   1.505412e+04   5.410768e+04   1.363138e+05   3.443737e-01  -9.581341e-02   1.474862e-24   1.474304e+05   9.894667e-48   0.000000e+00   0.000000e+00
     2384000   2.383999e-05   4.590694e-01   1.595896e+01   2.349570e+01   1.505412e+04   5.410768e+04   1.363138e+05   4.906881e-01  -1.365218e-01   4.517471e-24   1.474304e+05   2.008936e-47   0.000000e+00   0.000000e+00
     2392000   2.391999e-05   4.602737e-01   1.596329e+01   2.350660e+01   1.505412e+04   5.410768e+04   1.363138e+05  -1.837647e+00   5.112796e-01   3.453357e-24   1.474304e+05   2.817700e-46   0.000000e+00   0.000000e+00
     2400000   2.399999e-05   4.614781e-01   1.596762e+01   2.351751e+01   1.505412e+04   5.410768e+04   1.363138e+05  -2.122347e+00   5.904903e-01   7.068078e-25   1.474304e+05   3.758423e-46   0.000000e+00   0.000000e+00
     2408000   2.407999e-05   4.626824e-01   1.597195e+01   2.352841e+01   1.505412e+04   5.410768e+04   1.363138e+05  -2.407047e+00   6.697011e-01  -8.004702e-24   1.474304e+05   4.834413e-46   0.000000e+00   0.000000e+00
     2416000   2.415999e-05   4.638867e-01   1.597627e+01   2.353932e+01   1.505412e+04   5.410768e+04   1.363138e+05  -2.691747e+00   7.489118e-01  -2.268138e-23   1.474304e+05   6.045671e-46   0.000000e+00   0.000000e+00
     2424000   2.423999e-05   4.650910e-01   1.598060e+01   2.355022e+01   1.505412e+04   5.410768e+04   1.363138e+05  -2.976447e+00   8.281225e-01  -1.580213e-24   1.474304e+05   7.392196e-46   0.000000e+00   0.000000e+00
     2432000   2.431999e-05   4.662954e-01   1.598493e+01   2.356113e+01   1.505412e+04   5.410768e+04   1.363138e+05  -3.261148e+00   9.073332e-01  -4.335119e-24   1.474304e+05   8.873988e-46   0.000000e+00   0.000000e+00
     2440000   2.439999e-05   4.674997e-01   1.598926e+01   2.357203e+01   1.505412e+04   5.410768e+04   1.363138e+05  -3.545848e+00   9.865440e-01   4.832898e-24   1.474304e+05   1.049105e-45   0.000000e+00   0.000000e+00
     2448000   2.447999e-05   4.687040e-01   1.599359e+01   2.358294e+01   1.505412e+04   5.410768e+04   1.363138e+05  -3.830548e+00   1.065755e+00  -2.178181e-23   1.474304e+05   1.224337e-45   0.000000e+00   0.000000e+00
     2456000   2.455999e-05   4.699084e-01   1.599792e+01   2.359384e+01   1.505412e+04   5.410768e+04   1.363138e+05  -4.115248e+00   1.144965e+00  -1.261935e-23   1.474304e+05   1.413097e-45   0.000000e+00   0.000000e+00
     2464000   2.463999e-05   4.711127e-01   1.600225e+01   2.360475e+01   1.505412e+04   5.410768e+04   1.363138e+05  -9.114495e-01   2.535882e-01  -4.863110e-24   1.474304e+05   6.932288e-47   0.000000e+00   0.000000e+00
     2472000   2.471999e-05   4.723170e-01   1.600657e+01   2.361565e+01   1.505412e+04   5.410768e+04   1.363138e+05  -7.107809e-01   1.977571e-01  -1.615341e-24   1.474304e+05   4.215893e-47   0.000000e+00   0.000000e+00
     2480000   2.479999e-05   4.735213e-01   1.601090e+01   2.362656e+01   1.505412e+04   5.410768e+04   1.363138e+05  -5.101123e-01   1.419261e-01  -2.839667e-24   1.474304e+05   2.171510e-47   0.000000e+00   0.000000e+00
     2488000   2.487999e-05   4.747257e-01   1.601523e+01   2.363746e+01   1.505412e+04   5.410768e+04   1.363138e+05  -3.094437e-01   8.609502e-02   4.087768e-25   1.474304e+05   7.991367e-48   0.000000e+00   0.000000e+00
     2496000   2.495999e-05   4.759300e-01   1.601956e+01   2.364837e+01   1.505412e+04   5.410768e+04   1.363138e+05  -1.087751e-01   3.026396e-02  -6.967975e-26   1.474304e+05   9.877488e-49   0.000000e+00   0.000000e+00
     2504000   2.503999e-05   4.771343e-01   1.602389e+01   2.365927e+01   1.505412e+04   5.410768e+04   1.363138e+05   9.189354e-02  -2.556709e-02   1.973405e-25   1.474304e+05   7.042392e-49   0.000000e+00   0.000000e+00
     2512000   2.511999e-05   4.783387e-01   1.602822e+01   2.367018e+01   1.505412e+04   5.410768e+04   1.363138e+05   2.925622e-01  -8.139815e-02   1.209723e-24   1.474304e+05   7.140839e-48   0.000000e+00   0.000000e+00
     2520000   2.519999e-05   4.795430e-01   1.603255e+01   2.368108e+01   1.505412e+04   5.410768e+04   1.363138e+05   4.932308e-01  -1.372292e-01   4.458186e-24   1.474304e+05   2.029755e-47   0.000000e+00   0.000000e+00
     2528000   2.527999e-05   4.807473e-01   1.603688e+01   2.369199e+01   1.505412e+04   5.410768e+04   1.363138e+05   6.938994e-01  -1.930603e-01   2.522297e-25   1.474304e+05   4.017437e-47   0.000000e+00   0.000000e+00
     2536000   2.535999e-05   4.819517e-01   1.604120e+01   2.370289e+01   1.505412e+04   5.410768e+04   1.363138e+05  -1.665415e+00   4.633604e-01  -1.087844e-23   1.474304e+05   2.314179e-46   0.000000e+00   0.000000e+00
     2544000   2.543999e-05   4.831560e-01   1.604553e+01   2.371380e+01   1.505412e+04   5.410768e+04   1.363138e+05  -2.211143e+00   6.151955e-01  -3.908396e-24   1.474304e+05   4.079380e-46   0.000000e+00   0.000000e+00
     2552000   2.551999e-05   4.843603e-01   1.604986e+01   2.372470e+01   1.505412e+04   5.410768e+04   1.363138e+05  -2.756870e+00   7.670305e-01  -2.079487e-23   1.474304e+05   6.341594e-46   0.000000e+00   0.000000e+00
     2560000   2.559999e-05   4.855646e-01   1.605419e+01   2.373561e+01   1.505412e+04   5.410768e+04   1.363138e+05  -3.302597e+00   9.188655e-01   1.002111e-23   1.474304e+05   9.100822e-46   0.000000e+00   0.000000e+00
     2568000   2.567999e-05   4.867690e-01   1.605852e+01   2.374651e+01   1.505412e+04   5.410768e+04   1.363138e+05  -3.848324e+00   1.070701e+00  -6.874326e-24   1.474304e+05   1.235706e-45   0.000000e+00   0.000000e+00
     2576000   2.575999e-05   4.879733e-01   1.606285e+01   2.375742e+01   1.505412e+04   5.410768e+04   1.363138e+05  -4.394051e+00   1.222536e+00  -1.184862e-23   1.474304e+05   1.611032e-45   0.000000e+00   0.000000e+00
     2584000   2.583999e-05   4.891776e-01   1.606718e+01   2.376833e+01   1.505412e+04   5.410768e+04   1.363138e+05  -4.939779e+00   1.374371e+00  -4.068260e-23   1.474304e+05   2.036059e-45   0.000000e+00   0.000000e+00
     2592000   2.591999e-05   4.903820e-01   1.607150e+01   2.377923e+01   1.505412e+04   5.410768e+04   1.363138e+05  -5.485506e+00   1.526206e+00  -3.374398e-23   1.474304e+05   2.510788e-45   0.000000e+00   0.000000e+00
     2600000   2.599999e-05   4.915863e-01   1.607583e+01   2.379014e+01   1.505412e+04   5.410768e+04   1.363138e+05  -6.031233e+00   1.678041e+00  -2.681347e-23   1.474304e+05   3.035217e-45   0.000000e+00   0.000000e+00
     2608000   2.607999e-05   4.927906e-01   1.608016e+01   2.380104e+01   1.505412e+04   5.410768e+04   1.363138e+05  -2.811614e+00   7.822616e-01  -1.055368e-23   1.474304e+05   6.596391e-46   0.000000e+00   0.000000e+00
     2616000   2.615999e-05   4.939949e-01   1.608449e+01   2.381195e+01   1.505412e+04   5.410768e+04   1.363138e+05  -2.610945e+00   7.264305e-01  -1.028663e-23   1.474304e+05   5.688414e-46   0.000000e+00   0.000000e+00
     2624000   2.623999e-05   4.951993e-01   1.608882e+01   2.382285e+01   1.505412e+04   5.410768e+04   1.363138e+05  -2.410276e+00   6.705995e-01  -2.194480e-23   1.474304e+05   4.847637e-46   0.000000e+00   0.000000e+00
     2632000   2.631999e-05   4.964036e-01   1.609315e+01   2.383376e+01   1.505412e+04   5.410768e+04   1.363138e+05  -2.209608e+00   6.147684e-01  -9.748404e-24   1.474304e+05   4.074062e-46   0.000000e+00   0.000000e+00
     2640000   2.639999e-05   4.976079e-01   1.609748e+01   2.384466e+01   1.505412e+04   5.410768e+04   1.363138e+05  -2.008939e+00   5.589374e-01  -3.514134e-24   1.474304e+05   3.367688e-46   0.000000e+00   0.000000e+00
     2648000   2.647999e-05   4.988123e-01   1.610180e+01   2.385557e+01   1.505412e+04   5.410768e+04   1.363138e+05   2.268086e-01  -6.310384e-02   1.684999e-24   1.474304e+05   4.291853e-48   0.000000e+00   0.000000e+00
     2656000   2.655999e-05   5.000166e-01   1.610613e+01   2.386647e+01   1.505412e+04   5.410768e+04   1.363138e+05  -1.276961e+00   3.552826e-01  -3.938316e-24   1.474304e+05   1.360533e-46   0.000000e+00   0.000000e+00
     2664000   2.663999e-05   5.012209e-01   1.611046e+01   2.387738e+01   1.505412e+04   5.410768e+04   1.363138e+05  -1.670536e+00   4.647850e-01  -3.931863e-25   1.474304e+05   2.328485e-46   0.000000e+00   0.000000e+00
     2672000   2.671999e-05   5.024253e-01   1.611479e+01   2.388828e+01   1.505412e+04   5.410768e+04   1.363138e+05  -2.064111e+00   5.742874e-01  -2.070307e-23   1.474304e+05   3.554943e-46   0.000000e+00   0.000000e+00
     2680000   2.679999e-05   5.036296e-01   1.611912e+01   2.389919e+01   1.505412e+04   5.410768e+04   1.363138e+05  -2.457685e+00   6.837899e-01  -1.119856e-23   1.474304e+05   5.039908e-46   0.000000e+00   0.000000e+00
     2688000   2.687999e-05   5.048339e-01   1.612345e+01   2.391009e+01   1.505412e+04   5.410768e+04   1.363138e+05  -1.675668e+00   4.662129e-01  -7.738898e-24   1.474304e+05   2.343021e-46   0.000000e+00   0.000000e+00
     2696000   2.695999e-05   5.060382e-01   1.612778e+01   2.392100e+01   1.505412e+04   5.410768e+04   1.363138e+05  -1.475649e+00   4.105625e-01  -1.070378e-23   1.474304e+05   1.817055e-46   0.000000e+00   0.000000e+00
     2704000   2.703999e-05   5.072426e-01   1.613210e+01   2.393190e+01   1.505412e+04   5.410768e+04   1.363138e+05  -1.275629e+00   3.549122e-01  -1.366789e-23   1.474304e+05   1.357855e-46   0.000000e+00   0.000000e+00
     2712000   2.711999e-05   5.084469e-01   1.613643e+01   2.394281e+01   1.505412e+04   5.410768e+04   1.363138e+05  -1.075610e+00   2.992618e-01  -1.066806e-23   1.474304e+05   9.654226e-47   0.000000e+00   0.000000e+00
     2720000   2.719999e-05   5.096512e-01   1.614076e+01   2.395371e+01   1.505412e+04   5.410768e+04   1.363138e+05  -8.755911e-01   2.436115e-01  -1.704322e-24   1.474304e+05   6.397568e-47   0.000000e+00   0.000000e+00
     2728000   2.727999e-05   5.108556e-01   1.614509e+01   2.396462e+01   1.505412e+04   5.410768e+04   1.363138e+05  -6.755720e-01   1.879611e-01  -1.685076e-24   1.474304e+05   3.808577e-47   0.000000e+00   0.000000e+00
     2736000   2.735999e-05   5.120599e-01   1.614942e+01   2.397552e+01   1.505412e+04   5.410768e+04   1.363138e+05  -4.755528e-01   1.323108e-01  -1.665457e-24   1.474304e+05   1.887255e-47   0.000000e+00   0.000000e+00
     2744000   2.743999e-05   5.132642e-01   1.615375e+01   2.398643e+01   1.505412e+04   5.410768e+04   1.363138e+05  -2.755337e-01   7.666040e-02  -9.001605e-25   1.474304e+05   6.336007e-48   0.000000e+00   0.000000e+00
     2752000   2.751999e-05   5.144685e-01   1.615808e+01   2.399733e+01   1.505412e+04   5.410768e+04   1.363138e+05  -7.551454e-02   2.101004e-02  -5.074159e-25   1.474304e+05   4.761416e-49   0.000000e+00   0.000000e+00
     2760000   2.759999e-05   5.156729e-01   1.616241e+01   2.400824e+01   1.505412e+04   5.410768e+04   1.363138e+05  -2.253219e+00   6.269021e-01  -2.354593e-24   1.474304e+05   4.236187e-46   0.000000e+00   0.000000e+00
     2768000   2.767999e-05   5.168772e-01   1.616673e+01   2.401914e+01   1.505412e+04   5.410768e+04   1.363138e+05  -2.646794e+00   7.364045e-01   7.144605e-24   1.474304e+05   5.845362e-46   0.000000e+00   0.000000e+00
     2776000   2.775999e-05   5.180815e-01   1.617106e+01   2.403005e+01   1.505412e+04   5.410768e+04   1.363138e+05  -3.040368e+00   8.459069e-01  -1.317562e-23   1.474304e+05   7.713043e-46   0.000000e+00   0.000000e+00
     2784000   2.783999e-05   5.192859e-01   1.617539e+01   2.404095e+01   1.505412e+04   5.410768e+04   1.363138e+05  -3.433943e+00   9.554093e-01  -9.645815e-24   1.474304e+05   9.839231e-46   0.000000e+00   0.000000e+00
     2792000   2.791999e-05   5.204902e-01   1.617972e+01   2.405186e+01   1.505412e+04   5.410768e+04   1.363138e+05  -3.827518e+00   1.064912e+00  -4.189958e-23   1.474304e+05   1.222393e-45   0.000000e+00   0.000000e+00
     2800000   2.799999e-05   5.216945e-01   1.618405e+01   2.406276e+01   1.505412e+04   5.410768e+04   1.363138e+05  -4.221093e+00   1.174414e+00  -2.645070e-23   1.474304e+05   1.486713e-45   0.000000e+00   0.000000e+00
     2808000   2.807999e-05   5.228989e-01   1.618838e+01   2.407367e+01   1.505412e+04   5.410768e+04   1.363138e+05  -4.614668e+00   1.283917e+00  -1.100624e-23   1.474304e+05   1.776884e-45   0.000000e+00   0.000000e+00
     2816000   2.815999e-05   5.241032e-01   1.619271e+01   2.408457e+01   1.505412e+04   5.410768e+04   1.363138e+05  -5.008242e+00   1.393419e+00  -1.941994e-23   1.474304e+05   2.092905e-45   0.000000e+00   0.000000e+00
     2824000   2.823999e-05   5.253075e-01   1.619703e+01   2.409548e+01   1.505412e+04   5.410768e+04   1.363138e+05  -5.401817e+00   1.502921e+00  -1.591283e-23   1.474304e+05   2.434777e-45   0.000000e+00   0.000000e+00
     2832000   2.831999e-05   5.265118e-01   1.620136e+01   2.410638e+01   1.505412e+04   5.410768e+04   1.363138e+05  -1.913041e+00   5.322560e-01  -1.754671e-23   1.474304e+05   3.053704e-46   0.000000e+00   0.000000e+00
     2840000   2.839999e-05   5.277162e-01   1.620569e+01   2.411729e+01   1.505412e+04   5.410768e+04   1.363138e+05  -2.067578e+00   5.752521e-01   1.112202e-24   1.474304e+05   3.566999e-46   0.000000e+00   0.000000e+00
     2848000   2.847999e-05   5.289205e-01   1.621002e+01   2.412819e+01   1.505412e+04   5.410768e+04   1.363138e+05  -2.222115e+00   6.182482e-01   7.843618e-24   1.474304e+05   4.120148e-46   0.000000e+00   0.000000e+00
     2856000   2.855999e-05   5.301248e-01   1.621435e+01   2.413910e+01   1.505412e+04   5.410768e+04   1.363138e+05  -2.376652e+00   6.612443e-01  -1.524246e-23   1.474304e+05   4.713153e-46   0.000000e+00   0.000000e+00
     2864000   2.863999e-05   5.313292e-01   1.621868e+01   2.415000e+01   1.505412e+04   5.410768e+04   1.363138e+05  -2.531189e+00   7.042404e-01  -2.549632e-24   1.474304e+05   5.346012e-46   0.000000e+00   0.000000e+00
     2872000   2.871999e-05   5.325335e-01   1.622301e+01   2.416091e+01   1.505412e+04   5.410768e+04   1.363138e+05  -2.685726e+00   7.472365e-01  -2.563774e-23   1.474304e+05   6.018726e-46   0.000000e+00   0.000000e+00
     2880000   2.879999e-05   5.337378e-01   1.622733e+01   2.417181e+01   1.505412e+04   5.410768e+04   1.363138e+05  -2.840263e+00   7.902326e-01  -2.487370e-23   1.474304e+05   6.731296e-46   0.000000e+00   0.000000e+00
     2888000   2.887999e-05   5.349421e-01   1.623166e+01   2.418272e+01   1.505412e+04   5.410768e+04   1.363138e+05  -2.994800e+00   8.332288e-01  -2.411085e-23   1.474304e+05   7.483720e-46   0.000000e+00   0.000000e+00
     2896000   2.895999e-05   5.361465e-01   1.623599e+01   2.419362e+01   1.505412e+04   5.410768e+04   1.363138e+05  -3.149337e+00   8.762249e-01   5.039547e-25   1.474304e+05   8.276000e-46   0.000000e+00   0.000000e+00
     2904000   2.903999e-05   5.373508e-01   1.624032e+01   2.420453e+01   1.505412e+04   5.410768e+04   1.363138e+05  -1.310222e+00   3.645368e-01   6.923572e-25   1.474304e+05   1.432515e-46   0.000000e+00   0.000000e+00
     2912000   2.911999e-05   5.385551e-01   1.624465e+01   2.421543e+01   1.505412e+04   5.410768e+04   1.363138e+05  -1.047295e+00   2.913838e-01  -2.225856e-24   1.474304e+05   9.152773e-47   0.000000e+00   0.000000e+00
     2920000   2.919999e-05   5.397595e-01   1.624898e+01   2.422634e+01   1.505412e+04   5.410768e+04   1.363138e+05  -7.843675e-01   2.182308e-01  -2.161655e-24   1.474304e+05   5.134084e-47   0.000000e+00   0.000000e+00
     2928000   2.927999e-05   5.409638e-01   1.625331e+01   2.423724e+01   1.505412e+04   5.410768e+04   1.363138e+05  -5.214400e-01   1.450777e-01  -2.096880e-24   1.474304e+05   2.269086e-47   0.000000e+00   0.000000e+00
     2936000   2.935999e-05   5.421681e-01   1.625763e+01   2.424815e+01   1.505412e+04   5.410768e+04   1.363138e+05  -2.585126e-01   7.192470e-02   2.045089e-25   1.474304e+05   5.577778e-48   0.000000e+00   0.000000e+00
     2944000   2.943999e-05   5.433724e-01   1.626196e+01   2.425905e+01   1.505412e+04   5.410768e+04   1.363138e+05   4.414866e-03  -1.228327e-03   2.525739e-26   1.474304e+05   1.602257e-51   0.000000e+00   0.000000e+00
     2952000   2.951999e-05   5.445768e-01   1.626629e+01   2.426996e+01   1.505412e+04   5.410768e+04   1.363138e+05   2.673423e-01  -7.438136e-02   1.080596e-24   1.474304e+05   5.962331e-48   0.000000e+00   0.000000e+00
     2960000   2.959999e-05   5.457811e-01   1.627062e+01   2.428086e+01   1.505412e+04   5.410768e+04   1.363138e+05   5.302698e-01  -1.475344e-01   5.618218e-24   1.474304e+05   2.345996e-47   0.000000e+00   0.000000e+00
     2968000   2.967999e-05   5.469854e-01   1.627495e+01   2.429177e+01   1.505412e+04   5.410768e+04   1.363138e+05   7.931972e-01  -2.206874e-01   4.192149e-24   1.474304e+05   5.249450e-47   0.000000e+00   0.000000e+00
     2976000   2.975999e-05   5.481898e-01   1.627928e+01   2.430268e+01   1.505412e+04   5.410768e+04   1.363138e+05  -2.660305e+00   7.401637e-01   4.114161e-25   1.474304e+05   5.905326e-46   0.000000e+00   0.000000e+00
     2984000   2.983999e-05   5.493941e-01   1.628361e+01   2.431358e+01   1.505412e+04   5.410768e+04   1.363138e+05  -2.814842e+00   7.831598e-01  -2.267952e-23   1.474304e+05   6.611339e-46   0.000000e+00   0.000000e+00
     2992000   2.991999e-05   5.505984e-01   1.628793e+01   2.432449e+01   1.505412e+04   5.410768e+04   1.363138e+05  -2.969379e+00   8.261559e-01  -2.191842e-23   1.474304e+05   7.357208e-46   0.000000e+00   0.000000e+00
     3000000   2.999999e-05   5.518028e-01   1.629226e+01   2.433539e+01   1.505412e+04   5.410768e+04   1.363138e+05  -3.123916e+00   8.691520e-01  -9.231926e-24   1.474304e+05   8.142931e-46   0.000000e+00   0.000000e+00
     3008000   3.007999e-05   5.530071e-01   1.629659e+01   2.434630e+01   1.505412e+04   5.410768e+04   1.363138e+05  -3.278453e+00   9.121481e-01   1.537990e-23   1.474304e+05   8.968509e-46   0.000000e+00   0.000000e+00
     3016000   3.015999e-05   5.542114e-01   1.630092e+01   2.435720e+01   1.505412e+04   5.410768e+04   1.363138e+05  -1.728161e+00   4.808179e-01  -1.782675e-24   1.474304e+05   2.492172e-46   0.000000e+00   0.000000e+00
     3024000   3.023999e-05   5.554157e-01   1.630525e+01   2.436811e+01   1.505412e+04   5.410768e+04   1.363138e+05  -1.378183e+00   3.834451e-01  -5.592596e-24   1.474304e+05   1.584998e-46   0.000000e+00   0.000000e+00
     3032000   3.031999e-05   5.566201e-01   1.630958e+01   2.437901e+01   1.505412e+04   5.410768e+04   1.363138e+05  -1.028204e+00   2.860723e-01  -6.419627e-24   1.474304e+05   8.822330e-47   0.000000e+00   0.000000e+00
     3040000   3.039999e-05   5.578244e-01   1.631391e+01   2.438992e+01   1.505412e+04   5.410768e+04   1.363138e+05  -6.782260e-01   1.886995e-01  -1.282371e-24   1.474304e+05   3.838772e-47   0.000000e+00   0.000000e+00
     3048000   3.047999e-05   5.590287e-01   1.631824e+01   2.440082e+01   1.505412e+04   5.410768e+04   1.363138e+05  -1.388363e+00   3.862775e-01  -4.960023e-24   1.474304e+05   1.608235e-46   0.000000e+00   0.000000e+00
     3056000   3.055999e-05   5.602331e-01   1.632256e+01   2.441173e+01   1.505412e+04   5.410768e+04   1.363138e+05  -1.953249e+00   5.434429e-01  -1.635227e-24   1.474304e+05   3.183253e-46   0.000000e+00   0.000000e+00
     3064000   3.063999e-05   5.614374e-01   1.632689e+01   2.442263e+01   1.505412e+04   5.410768e+04   1.363138e+05  -2.518134e+00   7.006083e-01  -1.620335e-23   1.474304e+05   5.290795e-46   0.000000e+00   0.000000e+00
     3072000   3.071999e-05   5.626417e-01   1.633122e+01   2.443354e+01   1.505412e+04   5.410768e+04   1.363138e+05  -3.083020e+00   8.577737e-01  -3.673863e-23   1.474304e+05   7.930859e-46   0.000000e+00   0.000000e+00
     3080000   3.079999e-05   5.638460e-01   1.633555e+01   2.444444e+01   1.505412e+04   5.410768e+04   1.363138e+05  -3.647906e+00   1.014939e+00  -9.572108e-24   1.474304e+05   1.110345e-45   0.000000e+00   0.000000e+00
     3088000   3.087999e-05   5.650504e-01   1.633988e+01   2.445535e+01   1.505412e+04   5.410768e+04   1.363138e+05  -4.212791e+00   1.172104e+00   5.662313e-24   1.474304e+05   1.480856e-45   0.000000e+00   0.000000e+00
     3096000   3.095999e-05   5.662547e-01   1.634421e+01   2.446625e+01   1.505412e+04   5.410768e+04   1.363138e+05  -4.777677e+00   1.329270e+00   8.963803e-24   1.474304e+05   1.904619e-45   0.000000e+00   0.000000e+00
     3104000   3.103999e-05   5.674590e-01   1.634854e+01   2.447716e+01   1.505412e+04   5.410768e+04   1.363138e+05  -5.342563e+00   1.486435e+00  -3.544852e-23   1.474304e+05   2.381635e-45   0.000000e+00   0.000000e+00
     3112000   3.111999e-05   5.686634e-01   1.635286e+01   2.448806e+01   1.505412e+04   5.410768e+04   1.363138e+05  -5.907448e+00   1.643601e+00  -3.216248e-23   1.474304e+05   2.911903e-45   0.000000e+00   0.000000e+00
     3120000   3.119999e-05   5.698677e-01   1.635719e+01   2.449897e+01   1.505412e+04   5.410768e+04   1.363138e+05  -6.472334e+00   1.800766e+00  -2.888551e-23   1.474304e+05   3.495423e-45   0.000000e+00   0.000000e+00
     3128000   3.127999e-05   5.710720e-01   1.636152e+01   2.450987e+01   1.505412e+04   5.410768e+04   1.363138e+05  -3.662831e+00   1.019092e+00  -4.008611e-24   1.474304e+05   1.119519e-45   0.000000e+00   0.000000e+00
     3136000   3.135999e-05   5.722764e-01   1.636585e+01   2.452078e+01   1.505412e+04   5.410768e+04   1.363138e+05  -3.312852e+00   9.217187e-01  -1.974002e-23   1.474304e+05   9.158049e-46   0.000000e+00   0.000000e+00
     3144000   3.143999e-05   5.734807e-01   1.637018e+01   2.453168e+01   1.505412e+04   5.410768e+04   1.363138e+05  -2.962874e+00   8.243459e-01  -1.161503e-23   1.474304e+05   7.325318e-46   0.000000e+00   0.000000e+00
     3152000   3.151999e-05   5.746850e-01   1.637451e+01   2.454259e+01   1.505412e+04   5.410768e+04   1.363138e+05  -2.612895e+00   7.269731e-01  -3.487217e-24   1.474304e+05   5.696996e-46   0.000000e+00   0.000000e+00
     3160000   3.159999e-05   5.758893e-01   1.637884e+01   2.455349e+01   1.505412e+04   5.410768e+04   1.363138e+05  -2.262917e+00   6.296003e-01   4.643069e-24   1.474304e+05   4.273083e-46   0.000000e+00   0.000000e+00
     3168000   3.167999e-05   5.770937e-01   1.638316e+01   2.456440e+01   1.505412e+04   5.410768e+04   1.363138e+05  -1.912938e+00   5.322275e-01  -5.114453e-24   1.474304e+05   3.053579e-46   0.000000e+00   0.000000e+00
     3176000   3.175999e-05   5.782980e-01   1.638749e+01   2.457530e+01   1.505412e+04   5.410768e+04   1.363138e+05  -1.562960e+00   4.348547e-01  -2.943534e-24   1.474304e+05   2.038484e-46   0.000000e+00   0.000000e+00
     3184000   3.183999e-05   5.795023e-01   1.639182e+01   2.458621e+01   1.505412e+04   5.410768e+04   1.363138e+05  -1.212981e+00   3.374819e-01  -7.711754e-25   1.474304e+05   1.227798e-46   0.000000e+00   0.000000e+00
     3192000   3.191999e-05   5.807067e-01   1.639615e+01   2.459711e+01   1.505412e+04   5.410768e+04   1.363138e+05  -8.630030e-01   2.401091e-01  -4.561036e-24   1.474304e+05   6.215213e-47   0.000000e+00   0.000000e+00
     3200000   3.199999e-05   5.819110e-01   1.640048e+01   2.460802e+01   1.505412e+04   5.410768e+04   1.363138e+05  -1.923806e+00   5.352512e-01  -7.906907e-24   1.474304e+05   3.088370e-46   0.000000e+00   0.000000e+00
     3208000   3.207999e-05   5.831153e-01   1.640481e+01   2.461892e+01   1.505412e+04   5.410768e+04   1.363138e+05  -1.580085e+00   4.396193e-01  -1.204877e-23   1.474304e+05   2.083396e-46   0.000000e+00   0.000000e+00
     3216000   3.215999e-05   5.843196e-01   1.640914e+01   2.462983e+01   1.505412e+04   5.410768e+04   1.363138e+05  -1.236363e+00   3.439874e-01  -4.262568e-24   1.474304e+05   1.275586e-46   0.000000e+00   0.000000e+00
     3224000   3.223999e-05   5.855240e-01   1.641346e+01   2.464073e+01   1.505412e+04   5.410768e+04   1.363138e+05  -8.926420e-01   2.483554e-01   3.524724e-24   1.474304e+05   6.649421e-47   0.000000e+00   0.000000e+00
     3232000   3.231999e-05   5.867283e-01   1.641779e+01   2.465164e+01   1.505412e+04   5.410768e+04   1.363138e+05  -5.489207e-01   1.527235e-01  -6.137730e-25   1.474304e+05   2.514633e-47   0.000000e+00   0.000000e+00
     3240000   3.239999e-05   5.879326e-01   1.642212e+01   2.466254e+01   1.505412e+04   5.410768e+04   1.363138e+05  -2.051993e-01   5.709161e-02   4.661509e-25   1.474304e+05   3.514966e-48   0.000000e+00   0.000000e+00
     3248000   3.247999e-05   5.891370e-01   1.642645e+01   2.467345e+01   1.505412e+04   5.410768e+04   1.363138e+05   1.385220e-01  -3.854031e-02  -3.172666e-25   1.474304e+05   1.600131e-48   0.000000e+00   0.000000e+00
     3256000   3.255999e-05   5.903413e-01   1.643078e+01   2.468435e+01   1.505412e+04   5.410768e+04   1.363138e+05   4.822433e-01  -1.341722e-01   3.371673e-24   1.474304e+05   1.940182e-47   0.000000e+00   0.000000e+00
     3264000   3.263999e-05   5.915456e-01   1.643511e+01   2.469526e+01   1.505412e+04   5.410768e+04   1.363138e+05   8.259647e-01  -2.298041e-01   3.705795e-24   1.474304e+05   5.692004e-47   0.000000e+00   0.000000e+00
     3272000   3.271999e-05   5.927500e-01   1.643944e+01   2.470616e+01   1.505412e+04   5.410768e+04   1.363138e+05   1.932562e+00  -5.376875e-01  -3.761254e-24   1.474304e+05   3.116328e-46   0.000000e+00   0.000000e+00
     3280000   3.279999e-05   5.939543e-01   1.644377e+01   2.471707e+01   1.505412e+04   5.410768e+04   1.363138e+05   2.133031e+00  -5.934628e-01   5.561309e-24   1.474304e+05   3.796395e-46   0.000000e+00   0.000000e+00
     3288000   3.287999e-05   5.951586e-01   1.644809e+01   2.472797e+01   1.505412e+04   5.410768e+04   1.363138e+05   2.333499e+00  -6.492381e-01  -3.007228e-24   1.474304e+05   4.543529e-46   0.000000e+00   0.000000e+00
     3296000   3.295999e-05   5.963629e-01   1.645242e+01   2.473888e+01   1.505412e+04   5.410768e+04   1.363138e+05   2.533967e+00  -7.050134e-01   1.227624e-23   1.474304e+05   5.357730e-46   0.000000e+00   0.000000e+00
     3304000   3.303999e-05   5.975673e-01   1.645675e+01   2.474978e+01   1.505412e+04   5.410768e+04   1.363138e+05   2.734435e+00  -7.607887e-01   1.563170e-23   1.474304e+05   6.238997e-46   0.000000e+00   0.000000e+00
     3312000   3.311999e-05   5.987716e-01   1.646108e+01   2.476069e+01   1.505412e+04   5.410768e+04   1.363138e+05   2.934904e+00  -8.165640e-01   3.091232e-23   1.474304e+05   7.187332e-46   0.000000e+00   0.000000e+00
     3320000   3.319999e-05   5.999759e-01   1.646541e+01   2.477159e+01   1.505412e+04   5.410768e+04   1.363138e+05   3.135372e+00  -8.723393e-01   2.233808e-23   1.474304e+05   8.202734e-46   0.000000e+00   0.000000e+00
     3328000   3.327999e-05   6.011803e-01   1.646974e+01   2.478250e+01   1.505412e+04   5.410768e+04   1.363138e+05  -2.358194e+00   6.561090e-01  -1.134479e-23   1.474304e+05   4.640143e-46   0.000000e+00   0.000000e+00
     3336000   3.335999e-05   6.023846e-01   1.647407e+01   2.479340e+01   1.505412e+04   5.410768e+04   1.363138e+05  -2.690332e+00   7.485179e-01  -1.191148e-24   1.474304e+05   6.039287e-46   0.000000e+00   0.000000e+00
     3344000   3.343999e-05   6.035889e-01   1.647839e+01   2.480431e+01   1.505412e+04   5.410768e+04   1.363138e+05   8.596186e-01  -2.391675e-01  -8.746792e-26   1.474304e+05   6.165301e-47   0.000000e+00   0.000000e+00
     3352000   3.351999e-05   6.047932e-01   1.648272e+01   2.481521e+01   1.505412e+04   5.410768e+04   1.363138e+05   1.213761e+00  -3.376988e-01   2.881679e-24   1.474304e+05   1.229198e-46   0.000000e+00   0.000000e+00
     3360000   3.359999e-05   6.059976e-01   1.648705e+01   2.482612e+01   1.505412e+04   5.410768e+04   1.363138e+05   1.567903e+00  -4.362300e-01  -1.136017e-25   1.474304e+05   2.051168e-46   0.000000e+00   0.000000e+00
     3368000   3.367999e-05   6.072019e-01   1.649138e+01   2.483703e+01   1.505412e+04   5.410768e+04   1.363138e+05   1.922045e+00  -5.347613e-01  -3.110346e-24   1.474304e+05   3.082440e-46   0.000000e+00   0.000000e+00
     3376000   3.375999e-05   6.084062e-01   1.649571e+01   2.484793e+01   1.505412e+04   5.410768e+04   1.363138e+05   2.276188e+00  -6.332926e-01  -1.803555e-23   1.474304e+05   4.323014e-46   0.000000e+00   0.000000e+00
     3384000   3.383999e-05   6.096106e-01   1.650004e+01   2.485884e+01   1.505412e+04   5.410768e+04   1.363138e+05  -6.548863e-01   1.822058e-01  -2.257011e-24   1.474304e+05   3.577913e-47   0.000000e+00   0.000000e+00
     3392000   3.391999e-05   6.108149e-01   1.650437e+01   2.486974e+01   1.505412e+04   5.410768e+04   1.363138e+05  -1.194566e+00   3.323584e-01   1.729290e-24   1.474304e+05   1.190581e-46   0.000000e+00   0.000000e+00
     3400000   3.399999e-05   6.120192e-01   1.650869e+01   2.488065e+01   1.505412e+04   5.410768e+04   1.363138e+05  -1.734246e+00   4.825109e-01  -1.813936e-23   1.474304e+05   2.509431e-46   0.000000e+00   0.000000e+00
     3408000   3.407999e-05   6.132236e-01   1.651302e+01   2.489155e+01   1.505412e+04   5.410768e+04   1.363138e+05  -2.273926e+00   6.326635e-01  -2.230612e-24   1.474304e+05   4.314340e-46   0.000000e+00   0.000000e+00
     3416000   3.415999e-05   6.144279e-01   1.651735e+01   2.490246e+01   1.505412e+04   5.410768e+04   1.363138e+05  -1.906663e+00   5.304817e-01   9.993056e-24   1.474304e+05   3.033493e-46   0.000000e+00   0.000000e+00
     3424000   3.423999e-05   6.156322e-01   1.652168e+01   2.491336e+01   1.505412e+04   5.410768e+04   1.363138e+05  -1.774253e+00   4.936418e-01  -1.240577e-23   1.474304e+05   2.626798e-46   0.000000e+00   0.000000e+00
     3432000   3.431999e-05   6.168365e-01   1.652601e+01   2.492427e+01   1.505412e+04   5.410768e+04   1.363138e+05  -1.641843e+00   4.568020e-01   9.759096e-25   1.474304e+05   2.249362e-46   0.000000e+00   0.000000e+00
     3440000   3.439999e-05   6.180409e-01   1.653034e+01   2.493517e+01   1.505412e+04   5.410768e+04   1.363138e+05  -1.509433e+00   4.199622e-01  -3.531807e-24   1.474304e+05   1.901186e-46   0.000000e+00   0.000000e+00
     3448000   3.447999e-05   6.192452e-01   1.653467e+01   2.494608e+01   1.505412e+04   5.410768e+04   1.363138e+05  -1.377023e+00   3.831224e-01  -2.075672e-24   1.474304e+05   1.582268e-46   0.000000e+00   0.000000e+00
     3456000   3.455999e-05   6.204495e-01   1.653899e+01   2.495698e+01   1.505412e+04   5.410768e+04   1.363138e+05  -1.244613e+00   3.462825e-01  -1.254568e-23   1.474304e+05   1.292610e-46   0.000000e+00   0.000000e+00
     3464000   3.463999e-05   6.216539e-01   1.654332e+01   2.496789e+01   1.505412e+04   5.410768e+04   1.363138e+05  -1.112202e+00   3.094427e-01  -8.107013e-24   1.474304e+05   1.032210e-46   0.000000e+00   0.000000e+00
     3472000   3.471999e-05   6.228582e-01   1.654765e+01   2.497879e+01   1.505412e+04   5.410768e+04   1.363138e+05  -9.797923e-01   2.726029e-01  -1.559459e-23   1.474304e+05   8.010694e-47   0.000000e+00   0.000000e+00
     3480000   3.479999e-05   6.240625e-01   1.655198e+01   2.498970e+01   1.505412e+04   5.410768e+04   1.363138e+05  -8.473822e-01   2.357630e-01  -5.191841e-24   1.474304e+05   5.991879e-47   0.000000e+00   0.000000e+00
     3488000   3.487999e-05   6.252668e-01   1.655631e+01   2.500060e+01   1.505412e+04   5.410768e+04   1.363138e+05  -2.640214e+00   7.345740e-01  -1.357482e-23   1.474304e+05   5.816256e-46   0.000000e+00   0.000000e+00
     3496000   3.495999e-05   6.264712e-01   1.656064e+01   2.501151e+01   1.505412e+04   5.410768e+04   1.363138e+05  -3.179894e+00   8.847265e-01  -2.749473e-23   1.474304e+05   8.437122e-46   0.000000e+00   0.000000e+00
     3504000   3.503999e-05   6.276755e-01   1.656497e+01   2.502241e+01   1.505412e+04   5.410768e+04   1.363138e+05  -3.719574e+00   1.034879e+00  -5.639416e-24   1.474304e+05   1.154405e-45   0.000000e+00   0.000000e+00
     3512000   3.511999e-05   6.288798e-01   1.656929e+01   2.503332e+01   1.505412e+04   5.410768e+04   1.363138e+05  -4.259254e+00   1.185032e+00  -7.642658e-24   1.474304e+05   1.513703e-45   0.000000e+00   0.000000e+00
     3520000   3.519999e-05   6.300842e-01   1.657362e+01   2.504422e+01   1.505412e+04   5.410768e+04   1.363138e+05  -4.798934e+00   1.335184e+00   1.420125e-23   1.474304e+05   1.921608e-45   0.000000e+00   0.000000e+00
     3528000   3.527999e-05   6.312885e-01   1.657795e+01   2.505513e+01   1.505412e+04   5.410768e+04   1.363138e+05  -5.338614e+00   1.485337e+00   2.582709e-25   1.474304e+05   2.378119e-45   0.000000e+00   0.000000e+00
     3536000   3.535999e-05   6.324928e-01   1.658228e+01   2.506603e+01   1.505412e+04   5.410768e+04   1.363138e+05  -5.878294e+00   1.635489e+00  -1.369434e-23   1.474304e+05   2.883235e-45   0.000000e+00   0.000000e+00
     3544000   3.543999e-05   6.336972e-01   1.658661e+01   2.507694e+01   1.505412e+04   5.410768e+04   1.363138e+05  -6.417974e+00   1.785642e+00   4.390342e-23   1.474304e+05   3.436958e-45   0.000000e+00   0.000000e+00
     3552000   3.551999e-05   6.349015e-01   1.659094e+01   2.508784e+01   1.505412e+04   5.410768e+04   1.363138e+05  -6.957654e+00   1.935794e+00   6.079054e-24   1.474304e+05   4.039286e-45   0.000000e+00   0.000000e+00
     3560000   3.559999e-05   6.361058e-01   1.659527e+01   2.509875e+01   1.505412e+04   5.410768e+04   1.363138e+05  -7.497334e+00   2.085947e+00  -7.902099e-24   1.474304e+05   4.690221e-45   0.000000e+00   0.000000e+00
     3568000   3.567999e-05   6.373101e-01   1.659960e+01   2.510965e+01   1.505412e+04   5.410768e+04   1.363138e+05  -4.421383e+00   1.230140e+00  -2.472103e-23   1.474304e+05   1.631199e-45   0.000000e+00   0.000000e+00
     3576000   3.575999e-05   6.385145e-01   1.660392e+01   2.512056e+01   1.505412e+04   5.410768e+04   1.363138e+05  -2.051888e+00   5.708868e-01   1.285897e-23   1.474304e+05   3.513251e-46   0.000000e+00   0.000000e+00
     3584000   3.583999e-05   6.397188e-01   1.660825e+01   2.513146e+01   1.505412e+04   5.410768e+04   1.363138e+05  -1.777375e+00   4.945103e-01   5.637090e-24   1.474304e+05   2.636101e-46   0.000000e+00   0.000000e+00
     3592000   3.591999e-05   6.409231e-01   1.661258e+01   2.514237e+01   1.505412e+04   5.410768e+04   1.363138e+05  -1.502861e+00   4.181338e-01   4.379829e-24   1.474304e+05   1.884712e-46   0.000000e+00   0.000000e+00
     3600000   3.599999e-05   6.421275e-01   1.661691e+01   2.515327e+01   1.505412e+04   5.410768e+04   1.363138e+05  -1.228348e+00   3.417573e-01  -2.839666e-24   1.474304e+05   1.259084e-46   0.000000e+00   0.000000e+00
     3608000   3.607999e-05   6.433318e-01   1.662124e+01   2.516418e+01   1.505412e+04   5.410768e+04   1.363138e+05  -9.538349e-01   2.653808e-01   1.868333e-24   1.474304e+05   7.592155e-47   0.000000e+00   0.000000e+00
     3616000   3.615999e-05   6.445361e-01   1.662557e+01   2.517508e+01   1.505412e+04   5.410768e+04   1.363138e+05  -6.793217e-01   1.890044e-01   3.595395e-24   1.474304e+05   3.851077e-47   0.000000e+00   0.000000e+00
     3624000   3.623999e-05   6.457404e-01   1.662990e+01   2.518599e+01   1.505412e+04   5.410768e+04   1.363138e+05  -4.048084e-01   1.126279e-01   2.341313e-24   1.474304e+05   1.367603e-47   0.000000e+00   0.000000e+00
     3632000   3.631999e-05   6.469448e-01   1.663422e+01   2.519689e+01   1.505412e+04   5.410768e+04   1.363138e+05  -1.302952e-01   3.625140e-02  -4.032933e-25   1.474304e+05   1.417336e-48   0.000000e+00   0.000000e+00
     3640000   3.639999e-05   6.481491e-01   1.663855e+01   2.520780e+01   1.505412e+04   5.410768e+04   1.363138e+05  -3.112407e-01   8.659498e-02   1.749578e-24   1.474304e+05   8.084197e-48   0.000000e+00   0.000000e+00
     3648000   3.647999e-05   6.493534e-01   1.664288e+01   2.521870e+01   1.505412e+04   5.410768e+04   1.363138e+05  -1.483204e-01   4.126646e-02  -1.173424e-25   1.474304e+05   1.836151e-48   0.000000e+00   0.000000e+00
     3656000   3.655999e-05   6.505578e-01   1.664721e+01   2.522961e+01   1.505412e+04   5.410768e+04   1.363138e+05   1.459989e-02  -4.062058e-03  -2.748480e-26   1.474304e+05   1.773676e-50   0.000000e+00   0.000000e+00
     3664000   3.663999e-05   6.517621e-01   1.665154e+01   2.524051e+01   1.505412e+04   5.410768e+04   1.363138e+05   1.775202e-01  -4.939057e-02  -1.239878e-25   1.474304e+05   2.628955e-48   0.000000e+00   0.000000e+00
     3672000   3.671999e-05   6.529664e-01   1.665587e+01   2.525142e+01   1.505412e+04   5.410768e+04   1.363138e+05   3.404404e-01  -9.471909e-02   2.453141e-25   1.474304e+05   9.669806e-48   0.000000e+00   0.000000e+00
     3680000   3.679999e-05   6.541708e-01   1.666020e+01   2.526232e+01   1.505412e+04   5.410768e+04   1.363138e+05   5.033607e-01  -1.400476e-01  -1.621779e-24   1.474304e+05   2.114029e-47   0.000000e+00   0.000000e+00
     3688000   3.687999e-05   6.553751e-01   1.666452e+01   2.527323e+01   1.505412e+04   5.410768e+04   1.363138e+05   6.662810e-01  -1.853761e-01  -5.074368e-25   1.474304e+05   3.704040e-47   0.000000e+00   0.000000e+00
     3696000   3.695999e-05   6.565794e-01   1.666885e+01   2.528413e+01   1.505412e+04   5.410768e+04   1.363138e+05   8.292013e-01  -2.307046e-01   6.066096e-25   1.474304e+05   5.737015e-47   0.000000e+00   0.000000e+00
     3704000   3.703999e-05   6.577837e-01   1.667318e+01   2.529504e+01   1.505412e+04   5.410768e+04   1.363138e+05   9.921215e-01  -2.760332e-01   1.720280e-24   1.474304e+05   8.212953e-47   0.000000e+00   0.000000e+00
     3712000   3.711999e-05   6.589881e-01   1.667751e+01   2.530594e+01   1.505412e+04   5.410768e+04   1.363138e+05   1.619238e+00  -4.505126e-01   1.188620e-24   1.474304e+05   2.187712e-46   0.000000e+00   0.000000e+00
     3720000   3.719999e-05   6.601924e-01   1.668184e+01   2.531685e+01   1.505412e+04   5.410768e+04   1.363138e+05   1.893751e+00  -5.268891e-01  -1.199554e-23   1.474304e+05   2.992384e-46   0.000000e+00   0.000000e+00
     3728000   3.727999e-05   6.613967e-01   1.668617e+01   2.532775e+01   1.505412e+04   5.410768e+04   1.363138e+05   2.168264e+00  -6.032656e-01  -1.325451e-23   1.474304e+05   3.922817e-46   0.000000e+00   0.000000e+00
     3736000   3.735999e-05   6.626011e-01   1.669050e+01   2.533866e+01   1.505412e+04   5.410768e+04   1.363138e+05   2.442777e+00  -6.796421e-01  -2.588404e-24   1.474304e+05   4.979009e-46   0.000000e+00   0.000000e+00
     3744000   3.743999e-05   6.638054e-01   1.669482e+01   2.534956e+01   1.505412e+04   5.410768e+04   1.363138e+05   2.717290e+00  -7.560185e-01   2.112524e-24   1.474304e+05   6.160963e-46   0.000000e+00   0.000000e+00
     3752000   3.751999e-05   6.650097e-01   1.669915e+01   2.536047e+01   1.505412e+04   5.410768e+04   1.363138e+05   2.991804e+00  -8.323950e-01   1.873812e-23   1.474304e+05   7.468677e-46   0.000000e+00   0.000000e+00
     3760000   3.759999e-05   6.662140e-01   1.670348e+01   2.537138e+01   1.505412e+04   5.410768e+04   1.363138e+05  -1.424429e+00   3.963120e-01  -2.000105e-24   1.474304e+05   1.693027e-46   0.000000e+00   0.000000e+00
     3768000   3.767999e-05   6.674184e-01   1.670781e+01   2.538228e+01   1.505412e+04   5.410768e+04   1.363138e+05  -1.491568e+00   4.149917e-01   1.975177e-24   1.474304e+05   1.856387e-46   0.000000e+00   0.000000e+00
     3776000   3.775999e-05   6.686227e-01   1.671214e+01   2.539319e+01   1.505412e+04   5.410768e+04   1.363138e+05  -1.558706e+00   4.336713e-01   1.191355e-23   1.474304e+05   2.027269e-46   0.000000e+00   0.000000e+00
     3784000   3.783999e-05   6.698270e-01   1.671647e+01   2.540409e+01   1.505412e+04   5.410768e+04   1.363138e+05  -3.633565e+00   1.010949e+00   6.424341e-24   1.474304e+05   1.101650e-45   0.000000e+00   0.000000e+00
     3792000   3.791999e-05   6.710314e-01   1.672080e+01   2.541500e+01   1.505412e+04   5.410768e+04   1.363138e+05  -3.954571e+00   1.100261e+00  -4.206903e-23   1.474304e+05   1.304900e-45   0.000000e+00   0.000000e+00
     3800000   3.799999e-05   6.722357e-01   1.672512e+01   2.542590e+01   1.505412e+04   5.410768e+04   1.363138e+05  -4.275576e+00   1.189573e+00  -7.079161e-24   1.474304e+05   1.525347e-45   0.000000e+00   0.000000e+00
     3808000   3.807999e-05   6.734400e-01   1.672945e+01   2.543681e+01   1.505412e+04   5.410768e+04   1.363138e+05  -4.596582e+00   1.278885e+00   4.053671e-24   1.474304e+05   1.762990e-45   0.000000e+00   0.000000e+00
     3816000   3.815999e-05   6.746444e-01   1.673378e+01   2.544771e+01   1.505412e+04   5.410768e+04   1.363138e+05  -4.917588e+00   1.368197e+00  -8.670727e-24   1.474304e+05   2.017830e-45   0.000000e+00   0.000000e+00
     3824000   3.823999e-05   6.758487e-01   1.673811e+01   2.545862e+01   1.505412e+04   5.410768e+04   1.363138e+05  -5.238594e+00   1.457508e+00  -2.139937e-23   1.474304e+05   2.289867e-45   0.000000e+00   0.000000e+00
     3832000   3.831999e-05   6.770530e-01   1.674244e+01   2.546952e+01   1.505412e+04   5.410768e+04   1.363138e+05  -5.559599e+00   1.546820e+00   3.742727e-23   1.474304e+05   2.579100e-45   0.000000e+00   0.000000e+00
     3840000   3.839999e-05   6.782573e-01   1.674677e+01   2.548043e+01   1.505412e+04   5.410768e+04   1.363138e+05  -5.880605e+00   1.636132e+00  -2.301732e-23   1.474304e+05   2.885529e-45   0.000000e+00   0.000000e+00
     3848000   3.847999e-05   6.794617e-01   1.675110e+01   2.549133e+01   1.505412e+04   5.410768e+04   1.363138e+05  -6.201611e+00   1.725444e+00  -1.190723e-23   1.474304e+05   3.209156e-45   0.000000e+00   0.000000e+00
     3856000   3.855999e-05   6.806660e-01   1.675543e+01   2.550224e+01   1.505412e+04   5.410768e+04   1.363138e+05  -3.607861e+00   1.003798e+00   4.912920e-24   1.474304e+05   1.086138e-45   0.000000e+00   0.000000e+00
     3864000   3.863999e-05   6.818703e-01   1.675975e+01   2.551314e+01   1.505412e+04   5.410768e+04   1.363138e+05  -3.674999e+00   1.022477e+00   2.911717e-24   1.474304e+05   1.126938e-45   0.000000e+00   0.000000e+00
     3872000   3.871999e-05   6.830747e-01   1.676408e+01   2.552405e+01   1.505412e+04   5.410768e+04   1.363138e+05  -3.742138e+00   1.041157e+00  -1.101668e-23   1.474304e+05   1.168490e-45   0.000000e+00   0.000000e+00
     3880000   3.879999e-05   6.842790e-01   1.676841e+01   2.553495e+01   1.505412e+04   5.410768e+04   1.363138e+05  -3.809277e+00   1.059837e+00   1.083386e-23   1.474304e+05   1.210795e-45   0.000000e+00   0.000000e+00
     3888000   3.887999e-05   6.854833e-01   1.677274e+01   2.554586e+01   1.505412e+04   5.410768e+04   1.363138e+05  -3.876415e+00   1.078516e+00  -1.502258e-23   1.474304e+05   1.253852e-45   0.000000e+00   0.000000e+00
     3896000   3.895999e-05   6.866876e-01   1.677707e+01   2.555676e+01   1.505412e+04   5.410768e+04   1.363138e+05  -3.943554e+00   1.097196e+00   6.826788e-24   1.474304e+05   1.297661e-45   0.000000e+00   0.000000e+00
     3904000   3.903999e-05   6.878920e-01   1.678140e+01   2.556767e+01   1.505412e+04   5.410768e+04   1.363138e+05  -4.010693e+00   1.115876e+00  -7.104377e-24   1.474304e+05   1.342222e-45   0.000000e+00   0.000000e+00
     3912000   3.911999e-05   6.890963e-01   1.678573e+01   2.557857e+01   1.505412e+04   5.410768e+04   1.363138e+05  -4.077831e+00   1.134555e+00   1.474388e-23   1.474304e+05   1.387536e-45   0.000000e+00   0.000000e+00
     3920000   3.919999e-05   6.903006e-01   1.679005e+01   2.558948e+01   1.505412e+04   5.410768e+04   1.363138e+05  -4.144970e+00   1.153235e+00   1.273785e-23   1.474304e+05   1.433601e-45   0.000000e+00   0.000000e+00
     3928000   3.927999e-05   6.915050e-01   1.679438e+01   2.560038e+01   1.505412e+04   5.410768e+04   1.363138e+05  -8.033900e+00   2.235233e+00  -2.108677e-23   1.474304e+05   5.385622e-45   0.000000e+00   0.000000e+00
     3936000   3.935999e-05   6.927093e-01   1.679871e+01   2.561129e+01   1.505412e+04   5.410768e+04   1.363138e+05  -8.354905e+00   2.324545e+00   1.383539e-23   1.474304e+05   5.824603e-45   0.000000e+00   0.000000e+00
     3944000   3.943999e-05   6.939136e-01   1.680304e+01   2.562219e+01   1.505412e+04   5.410768e+04   1.363138e+05   1.433497e-01  -3.988350e-02  -2.780963e-26   1.474304e+05   1.714088e-48   0.000000e+00   0.000000e+00
     3952000   3.951999e-05   6.951180e-01   1.680737e+01   2.563310e+01   1.505412e+04   5.410768e+04   1.363138e+05   3.388195e-01  -9.426810e-02  -1.120357e-24   1.474304e+05   9.577707e-48   0.000000e+00   0.000000e+00
     3960000   3.959999e-05   6.963223e-01   1.681170e+01   2.564400e+01   1.505412e+04   5.410768e+04   1.363138e+05   5.342892e-01  -1.486527e-01  -1.467673e-24   1.474304e+05   2.381774e-47   0.000000e+00   0.000000e+00
     3968000   3.967999e-05   6.975266e-01   1.681603e+01   2.565491e+01   1.505412e+04   5.410768e+04   1.363138e+05   7.297590e-01  -2.030373e-01   1.166382e-24   1.474304e+05   4.443418e-47   0.000000e+00   0.000000e+00
     3976000   3.975999e-05   6.987309e-01   1.682035e+01   2.566581e+01   1.505412e+04   5.410768e+04   1.363138e+05   9.252287e-01  -2.574219e-01  -6.635758e-24   1.474304e+05   7.142704e-47   0.000000e+00   0.000000e+00
     3984000   3.983999e-05   6.999353e-01   1.682468e+01   2.567672e+01   1.505412e+04   5.410768e+04   1.363138e+05   1.120698e+00  -3.118065e-01  -2.511764e-24   1.474304e+05   1.047963e-46   0.000000e+00   0.000000e+00
     3992000   3.991999e-05   7.011396e-01   1.682901e+01   2.568762e+01   1.505412e+04   5.410768e+04   1.363138e+05  -6.942424e-01   1.931557e-01   5.083526e-24   1.474304e+05   4.021469e-47   0.000000e+00   0.000000e+00
     4000000   3.999999e-05   7.023439e-01   1.683334e+01   2.569853e+01   1.505412e+04   5.410768e+04   1.363138e+05  -8.539121e-01   2.375798e-01   5.019404e-24   1.474304e+05   6.084060e-47   0.000000e+00   0.000000e+00
     4008000   4.007999e-05   7.035483e-01   1.683767e+01   2.570943e+01   1.505412e+04   5.410768e+04   1.363138e+05  -6.386833e-01   1.776977e-01  -1.489062e-24   1.474304e+05   3.403550e-47   0.000000e+00   0.000000e+00
     4016000   4.015999e-05   7.047526e-01   1.684200e+01   2.572034e+01   1.505412e+04   5.410768e+04   1.363138e+05  -7.935312e-01   2.207803e-01   6.701315e-24   1.474304e+05   5.254051e-47   0.000000e+00   0.000000e+00
     4024000   4.023999e-05   7.059569e-01   1.684633e+01   2.573124e+01   1.505412e+04   5.410768e+04   1.363138e+05  -9.483791e-01   2.638629e-01  -1.693787e-26   1.474304e+05   7.504706e-47   0.000000e+00   0.000000e+00
     4032000   4.031999e-05   7.071612e-01   1.685065e+01   2.574215e+01   1.505412e+04   5.410768e+04   1.363138e+05  -1.103227e+00   3.069455e-01   2.209381e-24   1.474304e+05   1.015552e-46   0.000000e+00   0.000000e+00
     4040000   4.039999e-05   7.083656e-01   1.685498e+01   2.575305e+01   1.505412e+04   5.410768e+04   1.363138e+05  -1.258075e+00   3.500281e-01  -1.528082e-24   1.474304e+05   1.320648e-46   0.000000e+00   0.000000e+00
     4048000   4.047999e-05   7.095699e-01   1.685931e+01   2.576396e+01   1.505412e+04   5.410768e+04   1.363138e+05  -1.412923e+00   3.931107e-01   3.678958e-24   1.474304e+05   1.665760e-46   0.000000e+00   0.000000e+00
     4056000   4.055999e-05   7.107742e-01   1.686364e+01   2.577486e+01   1.505412e+04   5.410768e+04   1.363138e+05  -1.567771e+00   4.361933e-01   8.885449e-24   1.474304e+05   2.050888e-46   0.000000e+00   0.000000e+00
     4064000   4.063999e-05   7.119786e-01   1.686797e+01   2.578577e+01   1.505412e+04   5.410768e+04   1.363138e+05  -1.722619e+00   4.792758e-01   2.164658e-24   1.474304e+05   2.476031e-46   0.000000e+00   0.000000e+00
     4072000   4.071999e-05   7.131829e-01   1.687230e+01   2.579667e+01   1.505412e+04   5.410768e+04   1.363138e+05  -1.877467e+00   5.223584e-01  -4.556882e-24   1.474304e+05   2.941189e-46   0.000000e+00   0.000000e+00
     4080000   4.079999e-05   7.143872e-01   1.687663e+01   2.580758e+01   1.505412e+04   5.410768e+04   1.363138e+05  -2.896256e+00   8.058112e-01   4.713376e-24   1.474304e+05   6.999312e-46   0.000000e+00   0.000000e+00
     4088000   4.087999e-05   7.155916e-01   1.688096e+01   2.581848e+01   1.505412e+04   5.410768e+04   1.363138e+05  -3.055926e+00   8.502354e-01   1.658043e-24   1.474304e+05   7.792330e-46   0.000000e+00   0.000000e+00
     4096000   4.095999e-05   7.167959e-01   1.688528e+01   2.582939e+01   1.505412e+04   5.410768e+04   1.363138e+05  -3.215595e+00   8.946595e-01  -1.332523e-23   1.474304e+05   8.627895e-46   0.000000e+00   0.000000e+00
     4104000   4.103999e-05   7.180002e-01   1.688961e+01   2.584029e+01   1.505412e+04   5.410768e+04   1.363138e+05  -3.375265e+00   9.390836e-01   7.468626e-24   1.474304e+05   9.506006e-46   0.000000e+00   0.000000e+00
     4112000   4.111999e-05   7.192045e-01   1.689394e+01   2.585120e+01   1.505412e+04   5.410768e+04   1.363138e+05  -3.534935e+00   9.835078e-01   4.407292e-24   1.474304e+05   1.042666e-45   0.000000e+00   0.000000e+00
     4120000   4.119999e-05   7.204089e-01   1.689827e+01   2.586210e+01   1.505412e+04   5.410768e+04   1.363138e+05  -3.694605e+00   1.027932e+00   2.519766e-23   1.474304e+05   1.138987e-45   0.000000e+00   0.000000e+00
     4128000   4.127999e-05   7.216132e-01   1.690260e+01   2.587301e+01   1.505412e+04   5.410768e+04   1.363138e+05  -1.877625e+00   5.224025e-01   4.484577e-24   1.474304e+05   2.941817e-46   0.000000e+00   0.000000e+00
     4136000   4.135999e-05   7.228175e-01   1.690693e+01   2.588391e+01   1.505412e+04   5.410768e+04   1.363138e+05  -1.697666e+00   4.723335e-01   2.072388e-24   1.474304e+05   2.404937e-46   0.000000e+00   0.000000e+00
     4144000   4.143999e-05   7.240219e-01   1.691126e+01   2.589482e+01   1.505412e+04   5.410768e+04   1.363138e+05  -1.517708e+00   4.222644e-01  -3.389817e-25   1.474304e+05   1.922102e-46   0.000000e+00   0.000000e+00
     4152000   4.151999e-05   7.252262e-01   1.691558e+01   2.590573e+01   1.505412e+04   5.410768e+04   1.363138e+05  -1.854742e+00   5.160358e-01  -4.190927e-24   1.474304e+05   2.870419e-46   0.000000e+00   0.000000e+00
     4160000   4.159999e-05   7.264305e-01   1.691991e+01   2.591663e+01   1.505412e+04   5.410768e+04   1.363138e+05  -2.009802e+00   5.591775e-01   7.146972e-24   1.474304e+05   3.370433e-46   0.000000e+00   0.000000e+00
     4168000   4.167999e-05   7.276348e-01   1.692424e+01   2.592754e+01   1.505412e+04   5.410768e+04   1.363138e+05  -2.164863e+00   6.023192e-01   5.940923e-25   1.474304e+05   3.910572e-46   0.000000e+00   0.000000e+00
     4176000   4.175999e-05   7.288392e-01   1.692857e+01   2.593844e+01   1.505412e+04   5.410768e+04   1.363138e+05  -2.319923e+00   6.454609e-01   5.966949e-24   1.474304e+05   4.490837e-46   0.000000e+00   0.000000e+00
     4184000   4.183999e-05   7.300435e-01   1.693290e+01   2.594935e+01   1.505412e+04   5.410768e+04   1.363138e+05  -2.474983e+00   6.886026e-01  -1.251442e-23   1.474304e+05   5.111227e-46   0.000000e+00   0.000000e+00
     4192000   4.191999e-05   7.312478e-01   1.693723e+01   2.596025e+01   1.505412e+04   5.410768e+04   1.363138e+05  -2.630044e+00   7.317443e-01   1.074638e-23   1.474304e+05   5.771743e-46   0.000000e+00   0.000000e+00
     4200000   4.199999e-05   7.324522e-01   1.694156e+01   2.597116e+01   1.505412e+04   5.410768e+04   1.363138e+05  -2.785104e+00   7.748860e-01   1.015277e-23   1.474304e+05   6.472383e-46   0.000000e+00   0.000000e+00
     4208000   4.207999e-05   7.336565e-01   1.694588e+01   2.598206e+01   1.505412e+04   5.410768e+04   1.363138e+05  -2.940164e+00   8.180277e-01  -2.368630e-24   1.474304e+05   7.213150e-46   0.000000e+00   0.000000e+00
     4216000   4.215999e-05   7.348608e-01   1.695021e+01   2.599297e+01   1.505412e+04   5.410768e+04   1.363138e+05  -3.095225e+00   8.611694e-01   8.962004e-24   1.474304e+05   7.994041e-46   0.000000e+00   0.000000e+00
     4224000   4.223999e-05   7.360652e-01   1.695454e+01   2.600387e+01   1.505412e+04   5.410768e+04   1.363138e+05  -2.247182e+00   6.252226e-01   7.788352e-24   1.474304e+05   4.213789e-46   0.000000e+00   0.000000e+00
     4232000   4.231999e-05   7.372695e-01   1.695887e+01   2.601478e+01   1.505412e+04   5.410768e+04   1.363138e+05  -2.067224e+00   5.751536e-01   5.379315e-24   1.474304e+05   3.565921e-46   0.000000e+00   0.000000e+00
     4240000   4.239999e-05   7.384738e-01   1.696320e+01   2.602568e+01   1.505412e+04   5.410768e+04   1.363138e+05  -1.887265e+00   5.250845e-01   8.934595e-24   1.474304e+05   2.972100e-46   0.000000e+00   0.000000e+00
     4248000   4.247999e-05   7.396781e-01   1.696753e+01   2.603659e+01   1.505412e+04   5.410768e+04   1.363138e+05  -1.707306e+00   4.750155e-01   5.641571e-25   1.474304e+05   2.432325e-46   0.000000e+00   0.000000e+00
     4256000   4.255999e-05   7.408825e-01   1.697186e+01   2.604749e+01   1.505412e+04   5.410768e+04   1.363138e+05  -1.527347e+00   4.249464e-01  -1.842141e-24   1.474304e+05   1.946596e-46   0.000000e+00   0.000000e+00
     4264000   4.263999e-05   7.420868e-01   1.697618e+01   2.605840e+01   1.505412e+04   5.410768e+04   1.363138e+05  -1.347388e+00   3.748774e-01   7.678927e-24   1.474304e+05   1.514913e-46   0.000000e+00   0.000000e+00
     4272000   4.271999e-05   7.432911e-01   1.698051e+01   2.606930e+01   1.505412e+04   5.410768e+04   1.363138e+05  -1.167430e+00   3.248083e-01  -6.893627e-25   1.474304e+05   1.137275e-46   0.000000e+00   0.000000e+00
     4280000   4.279999e-05   7.444955e-01   1.698484e+01   2.608021e+01   1.505412e+04   5.410768e+04   1.363138e+05  -9.874710e-01   2.747392e-01   2.869539e-24   1.474304e+05   8.136842e-47   0.000000e+00   0.000000e+00
     4288000   4.287999e-05   7.456998e-01   1.698917e+01   2.609111e+01   1.505412e+04   5.410768e+04   1.363138e+05  -8.075122e-01   2.246702e-01   3.447273e-24   1.474304e+05   5.441389e-47   0.000000e+00   0.000000e+00
     4296000   4.295999e-05   7.469041e-01   1.699350e+01   2.610202e+01   1.505412e+04   5.410768e+04   1.363138e+05  -2.116766e+00   5.889375e-01   6.506764e-25   1.474304e+05   3.738739e-46   0.000000e+00   0.000000e+00
     4304000   4.303999e-05   7.481084e-01   1.699783e+01   2.611292e+01   1.505412e+04   5.410768e+04   1.363138e+05  -2.271826e+00   6.320792e-01   6.019333e-24   1.474304e+05   4.306558e-46   0.000000e+00   0.000000e+00
     4312000   4.311999e-05   7.493128e-01   1.700216e+01   2.612383e+01   1.505412e+04   5.410768e+04   1.363138e+05  -1.956725e+00   5.444101e-01   9.205507e-24   1.474304e+05   3.194851e-46   0.000000e+00   0.000000e+00
     4320000   4.319999e-05   7.505171e-01   1.700648e+01   2.613473e+01   1.505412e+04   5.410768e+04   1.363138e+05  -1.891688e+00   5.263152e-01   3.635766e-24   1.474304e+05   2.986003e-46   0.000000e+00   0.000000e+00
     4328000   4.327999e-05   7.517214e-01   1.701081e+01   2.614564e+01   1.505412e+04   5.410768e+04   1.363138e+05  -1.826651e+00   5.082203e-01   4.029785e-24   1.474304e+05   2.784214e-46   0.000000e+00   0.000000e+00
     4336000   4.335999e-05   7.529258e-01   1.701514e+01   2.615654e+01   1.505412e+04   5.410768e+04   1.363138e+05  -1.761615e+00   4.901255e-01  -1.539303e-24   1.474304e+05   2.589484e-46   0.000000e+00   0.000000e+00
     4344000   4.343999e-05   7.541301e-01   1.701947e+01   2.616745e+01   1.505412e+04   5.410768e+04   1.363138e+05  -1.696578e+00   4.720306e-01  -7.108044e-24   1.474304e+05   2.401813e-46   0.000000e+00   0.000000e+00
     4352000   4.351999e-05   7.553344e-01   1.702380e+01   2.617835e+01   1.505412e+04   5.410768e+04   1.363138e+05  -1.631541e+00   4.539357e-01  -6.713131e-24   1.474304e+05   2.221200e-46   0.000000e+00   0.000000e+00
     4360000   4.359999e-05   7.565388e-01   1.702813e+01   2.618926e+01   1.505412e+04   5.410768e+04   1.363138e+05  -1.566504e+00   4.358409e-01  -3.547138e-25   1.474304e+05   2.047647e-46   0.000000e+00   0.000000e+00
     4368000   4.367999e-05   7.577431e-01   1.703246e+01   2.620016e+01   1.505412e+04   5.410768e+04   1.363138e+05  -1.466611e+00   4.080481e-01  -3.080971e-24   1.474304e+05   1.794840e-46   0.000000e+00   0.000000e+00
     4376000   4.375999e-05   7.589474e-01   1.703679e+01   2.621107e+01   1.505412e+04   5.410768e+04   1.363138e+05  -1.354127e+00   3.767521e-01  -3.649256e-24   1.474304e+05   1.530084e-46   0.000000e+00   0.000000e+00
     4384000   4.383999e-05   7.601517e-01   1.704111e+01   2.622197e+01   1.505412e+04   5.410768e+04   1.363138e+05  -1.241643e+00   3.454562e-01   7.709517e-24   1.474304e+05   1.286443e-46   0.000000e+00   0.000000e+00
     4392000   4.391999e-05   7.613561e-01   1.704544e+01   2.623288e+01   1.505412e+04   5.410768e+04   1.363138e+05  -1.129159e+00   3.141603e-01  -4.784657e-24   1.474304e+05   1.063918e-46   0.000000e+00   0.000000e+00
     4400000   4.399999e-05   7.625604e-01   1.704977e+01   2.624378e+01   1.505412e+04   5.410768e+04   1.363138e+05  -1.016674e+00   2.828644e-01  -2.370205e-24   1.474304e+05   8.625081e-47   0.000000e+00   0.000000e+00
     4408000   4.407999e-05   7.637647e-01   1.705410e+01   2.625469e+01   1.505412e+04   5.410768e+04   1.363138e+05  -9.041902e-01   2.515684e-01   4.460028e-26   1.474304e+05   6.822138e-47   0.000000e+00   0.000000e+00
     4416000   4.415999e-05   7.649691e-01   1.705843e+01   2.626559e+01   1.505412e+04   5.410768e+04   1.363138e+05  -7.917060e-01   2.202725e-01  -5.220081e-25   1.474304e+05   5.230350e-47   0.000000e+00   0.000000e+00
     4424000   4.423999e-05   7.661734e-01   1.706276e+01   2.627650e+01   1.505412e+04   5.410768e+04   1.363138e+05  -6.792219e-01   1.889766e-01  -1.088351e-24   1.474304e+05   3.849716e-47   0.000000e+00   0.000000e+00
     4432000   4.431999e-05   7.673777e-01   1.706709e+01   2.628740e+01   1.505412e+04   5.410768e+04   1.363138e+05  -5.667377e-01   1.576807e-01  -1.636565e-25   1.474304e+05   2.680237e-47   0.000000e+00   0.000000e+00
     4440000   4.439999e-05   7.685820e-01   1.707141e+01   2.629831e+01   1.505412e+04   5.410768e+04   1.363138e+05  -4.542536e-01   1.263848e-01  -2.220464e-24   1.474304e+05   1.721912e-47   0.000000e+00   0.000000e+00
     4448000   4.447999e-05   7.697864e-01   1.707574e+01   2.630921e+01   1.505412e+04   5.410768e+04   1.363138e+05  -6.347519e-01   1.766039e-01  -2.114542e-24   1.474304e+05   3.362068e-47   0.000000e+00   0.000000e+00
     4456000   4.455999e-05   7.709907e-01   1.708007e+01   2.632012e+01   1.505412e+04   5.410768e+04   1.363138e+05  -5.697151e-01   1.585091e-01   1.264920e-24   1.474304e+05   2.708415e-47   0.000000e+00   0.000000e+00
     4464000   4.463999e-05   7.721950e-01   1.708440e+01   2.633102e+01   1.505412e+04   5.410768e+04   1.363138e+05  -5.046783e-01   1.404142e-01   1.662790e-24   1.474304e+05   2.125351e-47   0.000000e+00   0.000000e+00
     4472000   4.471999e-05   7.733994e-01   1.708873e+01   2.634193e+01   1.505412e+04   5.410768e+04   1.363138e+05  -4.396416e-01   1.223193e-01   5.699130e-25   1.474304e+05   1.612876e-47   0.000000e+00   0.000000e+00
     4480000   4.479999e-05   7.746037e-01   1.709306e+01   2.635283e+01   1.505412e+04   5.410768e+04   1.363138e+05  -3.746048e-01   1.042245e-01  -5.228560e-25   1.474304e+05   1.170989e-47   0.000000e+00   0.000000e+00
     4488000   4.487999e-05   7.758080e-01   1.709739e+01   2.636374e+01   1.505412e+04   5.410768e+04   1.363138e+05  -3.095680e-01   8.612960e-02  -1.247526e-25   1.474304e+05   7.996913e-48   0.000000e+00   0.000000e+00
     4496000   4.495999e-05   7.770124e-01   1.710171e+01   2.637464e+01   1.505412e+04   5.410768e+04   1.363138e+05  -1.573113e+00   4.376795e-01  -1.017742e-23   1.474304e+05   2.064917e-46   0.000000e+00   0.000000e+00
     4504000   4.503999e-05   7.782167e-01   1.710604e+01   2.638555e+01   1.505412e+04   5.410768e+04   1.363138e+05  -1.637350e+00   4.555520e-01  -1.271770e-24   1.474304e+05   2.237002e-46   0.000000e+00   0.000000e+00
     4512000   4.511999e-05   7.794210e-01   1.711037e+01   2.639645e+01   1.505412e+04   5.410768e+04   1.363138e+05  -1.701588e+00   4.734244e-01   1.670382e-24   1.474304e+05   2.415972e-46   0.000000e+00   0.000000e+00
     4520000   4.519999e-05   7.806253e-01   1.711470e+01   2.640736e+01   1.505412e+04   5.410768e+04   1.363138e+05  -2.338844e+00   6.507252e-01   1.103893e-23   1.474304e+05   4.564388e-46   0.000000e+00   0.000000e+00
     4528000   4.527999e-05   7.818297e-01   1.711903e+01   2.641826e+01   1.505412e+04   5.410768e+04   1.363138e+05  -2.497159e+00   6.947724e-01   7.628216e-24   1.474304e+05   5.203229e-46   0.000000e+00   0.000000e+00
     4536000   4.535999e-05   7.830340e-01   1.712336e+01   2.642917e+01   1.505412e+04   5.410768e+04   1.363138e+05  -2.655474e+00   7.388196e-01   1.017976e-23   1.474304e+05   5.883897e-46   0.000000e+00   0.000000e+00
     4544000   4.543999e-05   7.842383e-01   1.712769e+01   2.644008e+01   1.505412e+04   5.410768e+04   1.363138e+05  -2.813789e+00   7.828669e-01   1.273015e-23   1.474304e+05   6.606393e-46   0.000000e+00   0.000000e+00
     4552000   4.551999e-05   7.854427e-01   1.713201e+01   2.645098e+01   1.505412e+04   5.410768e+04   1.363138e+05  -2.972104e+00   8.269141e-01   1.527930e-23   1.474304e+05   7.370716e-46   0.000000e+00   0.000000e+00
     4560000   4.559999e-05   7.866470e-01   1.713634e+01   2.646189e+01   1.505412e+04   5.410768e+04   1.363138e+05  -3.130419e+00   8.709613e-01   5.900543e-24   1.474304e+05   8.176866e-46   0.000000e+00   0.000000e+00
     4568000   4.567999e-05   7.878513e-01   1.714067e+01   2.647279e+01   1.505412e+04   5.410768e+04   1.363138e+05  -3.288734e+00   9.150085e-01   8.447083e-24   1.474304e+05   9.024845e-46   0.000000e+00   0.000000e+00
     4576000   4.575999e-05   7.890556e-01   1.714500e+01   2.648370e+01   1.505412e+04   5.410768e+04   1.363138e+05  -3.447049e+00   9.590558e-01   1.099222e-23   1.474304e+05   9.914650e-46   0.000000e+00   0.000000e+00
     4584000   4.583999e-05   7.902600e-01   1.714933e+01   2.649460e+01   1.505412e+04   5.410768e+04   1.363138e+05  -3.605364e+00   1.003103e+00   1.353588e-23   1.474304e+05   1.084628e-45   0.000000e+00   0.000000e+00
     4592000   4.591999e-05   7.914643e-01   1.715366e+01   2.650551e+01   1.505412e+04   5.410768e+04   1.363138e+05  -3.394685e+00   9.444867e-01   1.509376e-23   1.474304e+05   9.615775e-46   0.000000e+00   0.000000e+00
     4600000   4.599999e-05   7.926686e-01   1.715799e+01   2.651641e+01   1.505412e+04   5.410768e+04   1.363138e+05  -3.458922e+00   9.623591e-01  -1.179076e-23   1.474304e+05   9.983137e-46   0.000000e+00   0.000000e+00
     4608000   4.607999e-05   7.938730e-01   1.716232e+01   2.652732e+01   1.505412e+04   5.410768e+04   1.363138e+05  -3.523160e+00   9.802316e-01  -2.895782e-24   1.474304e+05   1.035738e-45   0.000000e+00   0.000000e+00
     4616000   4.615999e-05   7.950773e-01   1.716664e+01   2.653822e+01   1.505412e+04   5.410768e+04   1.363138e+05  -3.587397e+00   9.981041e-01  -2.978148e-23   1.474304e+05   1.073852e-45   0.000000e+00   0.000000e+00
     4624000   4.623999e-05   7.962816e-01   1.717097e+01   2.654913e+01   1.505412e+04   5.410768e+04   1.363138e+05  -3.651635e+00   1.015977e+00   2.965347e-24   1.474304e+05   1.112654e-45   0.000000e+00   0.000000e+00
     4632000   4.631999e-05   7.974860e-01   1.717530e+01   2.656003e+01   1.505412e+04   5.410768e+04   1.363138e+05  -3.715872e+00   1.033849e+00   2.378512e-23   1.474304e+05   1.152145e-45   0.000000e+00   0.000000e+00
     4640000   4.639999e-05   7.986903e-01   1.717963e+01   2.657094e+01   1.505412e+04   5.410768e+04   1.363138e+05  -3.780109e+00   1.051721e+00   3.267733e-23   1.474304e+05   1.192324e-45   0.000000e+00   0.000000e+00
     4648000   4.647999e-05   7.998946e-01   1.718396e+01   2.658184e+01   1.505412e+04   5.410768e+04   1.363138e+05  -3.844347e+00   1.069594e+00   5.788889e-24   1.474304e+05   1.233192e-45   0.000000e+00   0.000000e+00
     4656000   4.655999e-05   8.010989e-01   1.718829e+01   2.659275e+01   1.505412e+04   5.410768e+04   1.363138e+05  -1.182404e+00   3.289746e-01   6.240830e-24   1.474304e+05   1.166596e-46   0.000000e+00   0.000000e+00
     4664000   4.663999e-05   8.023033e-01   1.719262e+01   2.660365e+01   1.505412e+04   5.410768e+04   1.363138e+05   2.357817e-01  -6.560039e-02   1.190881e-24   1.474304e+05   4.638074e-48   0.000000e+00   0.000000e+00
     4672000   4.671999e-05   8.035076e-01   1.719694e+01   2.661456e+01   1.505412e+04   5.410768e+04   1.363138e+05   3.876050e-01  -1.078415e-01  -6.731345e-26   1.474304e+05   1.253498e-47   0.000000e+00   0.000000e+00
     4680000   4.679999e-05   8.047119e-01   1.720127e+01   2.662546e+01   1.505412e+04   5.410768e+04   1.363138e+05  -6.469832e-02   1.800070e-02  -3.987308e-27   1.474304e+05   3.487888e-49   0.000000e+00   0.000000e+00
     4688000   4.687999e-05   8.059163e-01   1.720560e+01   2.663637e+01   1.505412e+04   5.410768e+04   1.363138e+05  -4.285555e-01   1.192349e-01   3.163993e-24   1.474304e+05   1.532178e-47   0.000000e+00   0.000000e+00
     4696000   4.695999e-05   8.071206e-01   1.720993e+01   2.664727e+01   1.505412e+04   5.410768e+04   1.363138e+05  -7.924126e-01   2.204691e-01   4.840715e-24   1.474304e+05   5.238903e-47   0.000000e+00   0.000000e+00
     4704000   4.703999e-05   8.083249e-01   1.721426e+01   2.665818e+01   1.505412e+04   5.410768e+04   1.363138e+05  -1.156270e+00   3.217033e-01   5.533276e-25   1.474304e+05   1.115505e-46   0.000000e+00   0.000000e+00
     4712000   4.711999e-05   8.095292e-01   1.721859e+01   2.666908e+01   1.505412e+04   5.410768e+04   1.363138e+05  -1.520127e+00   4.229375e-01   1.415478e-23   1.474304e+05   1.928063e-46   0.000000e+00   0.000000e+00
     4720000   4.719999e-05   8.107336e-01   1.722292e+01   2.667999e+01   1.505412e+04   5.410768e+04   1.363138e+05  -1.883984e+00   5.241718e-01  -8.025103e-24   1.474304e+05   2.961563e-46   0.000000e+00   0.000000e+00
     4728000   4.727999e-05   8.119379e-01   1.722724e+01   2.669089e+01   1.505412e+04   5.410768e+04   1.363138e+05  -2.247841e+00   6.254060e-01  -3.902528e-25   1.474304e+05   4.216005e-46   0.000000e+00   0.000000e+00
     4736000   4.735999e-05   8.131422e-01   1.723157e+01   2.670180e+01   1.505412e+04   5.410768e+04   1.363138e+05  -1.992924e+00   5.544817e-01   2.264714e-24   1.474304e+05   3.314116e-46   0.000000e+00   0.000000e+00
     4744000   4.743999e-05   8.143466e-01   1.723590e+01   2.671270e+01   1.505412e+04   5.410768e+04   1.363138e+05  -2.019456e+00   5.618634e-01  -3.618964e-24   1.474304e+05   3.402943e-46   0.000000e+00   0.000000e+00
     4752000   4.751999e-05   8.155509e-01   1.724023e+01   2.672361e+01   1.505412e+04   5.410768e+04   1.363138e+05  -2.045987e+00   5.692451e-01   2.423896e-24   1.474304e+05   3.492946e-46   0.000000e+00   0.000000e+00
     4760000   4.759999e-05   8.167552e-01   1.724456e+01   2.673451e+01   1.505412e+04   5.410768e+04   1.363138e+05  -2.072519e+00   5.766268e-01   2.039329e-23   1.474304e+05   3.584123e-46   0.000000e+00   0.000000e+00
     4768000   4.767999e-05   8.179596e-01   1.724889e+01   2.674542e+01   1.505412e+04   5.410768e+04   1.363138e+05  -2.099050e+00   5.840085e-01   8.545922e-24   1.474304e+05   3.676475e-46   0.000000e+00   0.000000e+00
     4776000   4.775999e-05   8.191639e-01   1.725322e+01   2.675632e+01   1.505412e+04   5.410768e+04   1.363138e+05  -2.125581e+00   5.913901e-01   2.661511e-24   1.474304e+05   3.770001e-46   0.000000e+00   0.000000e+00
     4784000   4.783999e-05   8.203682e-01   1.725754e+01   2.676723e+01   1.505412e+04   5.410768e+04   1.363138e+05  -2.152113e+00   5.987718e-01  -3.223003e-24   1.474304e+05   3.864702e-46   0.000000e+00   0.000000e+00
     4792000   4.791999e-05   8.215725e-01   1.726187e+01   2.677813e+01   1.505412e+04   5.410768e+04   1.363138e+05  -2.178644e+00   6.061535e-01   8.782328e-24   1.474304e+05   3.960578e-46   0.000000e+00   0.000000e+00
     4800000   4.799999e-05   8.227769e-01   1.726620e+01   2.678904e+01   1.505412e+04   5.410768e+04   1.363138e+05  -2.205175e+00   6.135352e-01   8.860925e-24   1.474304e+05   4.057629e-46   0.000000e+00   0.000000e+00
     4808000   4.807999e-05   8.239812e-01   1.727053e+01   2.679994e+01   1.505412e+04   5.410768e+04   1.363138e+05  -2.231707e+00   6.209169e-01   2.976102e-24   1.474304e+05   4.155855e-46   0.000000e+00   0.000000e+00
     4816000   4.815999e-05   8.251855e-01   1.727486e+01   2.681085e+01   1.505412e+04   5.410768e+04   1.363138e+05  -3.806628e+00   1.059100e+00   1.632789e-23   1.474304e+05   1.209088e-45   0.000000e+00   0.000000e+00
     4824000   4.823999e-05   8.263899e-01   1.727919e+01   2.682175e+01   1.505412e+04   5.410768e+04   1.363138e+05  -4.170486e+00   1.160334e+00   6.053335e-24   1.474304e+05   1.451280e-45   0.000000e+00   0.000000e+00
     4832000   4.831999e-05   8.275942e-01   1.728352e+01   2.683266e+01   1.505412e+04   5.410768e+04   1.363138e+05  -4.534343e+00   1.261568e+00   7.701402e-24   1.474304e+05   1.715566e-45   0.000000e+00   0.000000e+00
     4840000   4.839999e-05   8.287985e-01   1.728784e+01   2.684356e+01   1.505412e+04   5.410768e+04   1.363138e+05  -4.898200e+00   1.362802e+00   2.127165e-23   1.474304e+05   2.001946e-45   0.000000e+00   0.000000e+00
     4848000   4.847999e-05   8.300028e-01   1.729217e+01   2.685447e+01   1.505412e+04   5.410768e+04   1.363138e+05  -5.262057e+00   1.464037e+00   4.676371e-23   1.474304e+05   2.310420e-45   0.000000e+00   0.000000e+00
     4856000   4.855999e-05   8.312072e-01   1.729650e+01   2.686537e+01   1.505412e+04   5.410768e+04   1.363138e+05  -5.625914e+00   1.565271e+00  -2.316247e-23   1.474304e+05   2.640989e-45   0.000000e+00   0.000000e+00
     4864000   4.863999e-05   8.324115e-01   1.730083e+01   2.687628e+01   1.505412e+04   5.410768e+04   1.363138e+05  -3.300575e+00   9.183029e-01  -7.585734e-24   1.474304e+05   9.090131e-46   0.000000e+00   0.000000e+00
     4872000   4.871999e-05   8.336158e-01   1.730516e+01   2.688718e+01   1.505412e+04   5.410768e+04   1.363138e+05  -3.193060e+00   8.883897e-01  -2.435189e-23   1.474304e+05   8.507566e-46   0.000000e+00   0.000000e+00
     4880000   4.879999e-05   8.348202e-01   1.730949e+01   2.689809e+01   1.505412e+04   5.410768e+04   1.363138e+05  -3.085546e+00   8.584764e-01   6.589573e-24   1.474304e+05   7.944292e-46   0.000000e+00   0.000000e+00
     4888000   4.887999e-05   8.360245e-01   1.731382e+01   2.690899e+01   1.505412e+04   5.410768e+04   1.363138e+05  -2.808487e+00   7.813916e-01   1.267085e-24   1.474304e+05   6.581681e-46   0.000000e+00   0.000000e+00
     4896000   4.895999e-05   8.372288e-01   1.731815e+01   2.691990e+01   1.505412e+04   5.410768e+04   1.363138e+05  -2.685981e+00   7.473076e-01   5.866861e-24   1.474304e+05   6.020026e-46   0.000000e+00   0.000000e+00
     4904000   4.903999e-05   8.384332e-01   1.732247e+01   2.693080e+01   1.505412e+04   5.410768e+04   1.363138e+05  -2.563476e+00   7.132236e-01  -1.459138e-24   1.474304e+05   5.483417e-46   0.000000e+00   0.000000e+00
     4912000   4.911999e-05   8.396375e-01   1.732680e+01   2.694171e+01   1.505412e+04   5.410768e+04   1.363138e+05  -2.440971e+00   6.791396e-01   3.142278e-24   1.474304e+05   4.971852e-46   0.000000e+00   0.000000e+00
     4920000   4.919999e-05   8.408418e-01   1.733113e+01   2.695261e+01   1.505412e+04   5.410768e+04   1.363138e+05  -2.318466e+00   6.450556e-01  -4.182044e-24   1.474304e+05   4.485333e-46   0.000000e+00   0.000000e+00
     4928000   4.927999e-05   8.420461e-01   1.733546e+01   2.696352e+01   1.505412e+04   5.410768e+04   1.363138e+05  -2.195961e+00   6.109716e-01   1.234765e-23   1.474304e+05   4.023859e-46   0.000000e+00   0.000000e+00
     4936000   4.935999e-05   8.432505e-01   1.733979e+01   2.697443e+01   1.505412e+04   5.410768e+04   1.363138e+05  -2.073456e+00   5.768876e-01  -9.385730e-25   1.474304e+05   3.587431e-46   0.000000e+00   0.000000e+00
     4944000   4.943999e-05   8.444548e-01   1.734412e+01   2.698533e+01   1.505412e+04   5.410768e+04   1.363138e+05  -1.950951e+00   5.428036e-01  -2.297414e-24   1.474304e+05   3.176047e-46   0.000000e+00   0.000000e+00
     4952000   4.951999e-05   8.456591e-01   1.734845e+01   2.699624e+01   1.505412e+04   5.410768e+04   1.363138e+05  -1.828446e+00   5.087196e-01  -9.618934e-24   1.474304e+05   2.789709e-46   0.000000e+00   0.000000e+00
     4960000   4.959999e-05   8.468635e-01   1.735277e+01   2.700714e+01   1.505412e+04   5.410768e+04   1.363138e+05  -2.097513e+00   5.835808e-01   1.156823e-23   1.474304e+05   3.671151e-46   0.000000e+00   0.000000e+00
     4968000   4.967999e-05   8.480678e-01   1.735710e+01   2.701805e+01   1.505412e+04   5.410768e+04   1.363138e+05  -1.989998e+00   5.536676e-01   1.270074e-23   1.474304e+05   3.304447e-46   0.000000e+00   0.000000e+00
     4976000   4.975999e-05   8.492721e-01   1.736143e+01   2.702895e+01   1.505412e+04   5.410768e+04   1.363138e+05  -1.882484e+00   5.237544e-01   7.870408e-24   1.474304e+05   2.957033e-46   0.000000e+00   0.000000e+00
     4984000   4.983999e-05   8.504764e-01   1.736576e+01   2.703986e+01   1.505412e+04   5.410768e+04   1.363138e+05  -1.774969e+00   4.938411e-01   9.003987e-24   1.474304e+05   2.628910e-46   0.000000e+00   0.000000e+00
     4992000   4.991999e-05   8.516808e-01   1.737009e+01   2.705076e+01   1.505412e+04   5.410768e+04   1.363138e+05  -1.667455e+00   4.639279e-01   4.174753e-24   1.474304e+05   2.320078e-46   0.000000e+00   0.000000e+00
     5000000   4.999999e-05   8.528851e-01   1.737442e+01   2.706167e+01   1.505412e+04   5.410768e+04   1.363138e+05  -1.559941e+00   4.340147e-01  -6.540421e-25   1.474304e+05   2.030537e-46   0.000000e+00   0.000000e+00
     5008000   5.007999e-05   8.540894e-01   1.737875e+01   2.707257e+01   1.505412e+04   5.410768e+04   1.363138e+05  -1.452426e+00   4.041014e-01   4.810000e-25   1.474304e+05   1.760287e-46   0.000000e+00   0.000000e+00
     5016000   5.015999e-05   8.552938e-01   1.738307e+01   2.708348e+01   1.505412e+04   5.410768e+04   1.363138e+05  -1.344912e+00   3.741882e-01   1.616390e-24   1.474304e+05   1.509328e-46   0.000000e+00   0.000000e+00
     5024000   5.023999e-05   8.564981e-01   1.738740e+01   2.709438e+01   1.505412e+04   5.410768e+04   1.363138e+05  -1.237397e+00   3.442750e-01   8.715482e-24   1.474304e+05   1.277659e-46   0.000000e+00   0.000000e+00
     5032000   5.031999e-05   8.577024e-01   1.739173e+01   2.710529e+01   1.505412e+04   5.410768e+04   1.363138e+05  -5.162831e-01   1.436429e-01   5.503540e-24   1.474304e+05   2.224278e-47   0.000000e+00   0.000000e+00
     5040000   5.039999e-05   8.589068e-01   1.739606e+01   2.711619e+01   1.505412e+04   5.410768e+04   1.363138e+05  -3.937781e-01   1.095590e-01  -3.223014e-25   1.474304e+05   1.293970e-47   0.000000e+00   0.000000e+00
     5048000   5.047999e-05   8.601111e-01   1.740039e+01   2.712710e+01   1.505412e+04   5.410768e+04   1.363138e+05  -2.063063e+00   5.739959e-01  -1.166231e-23   1.474304e+05   3.551494e-46   0.000000e+00   0.000000e+00
     5056000   5.055999e-05   8.613154e-01   1.740472e+01   2.713800e+01   1.505412e+04   5.410768e+04   1.363138e+05  -2.086210e+00   5.804360e-01  -1.062169e-23   1.474304e+05   3.631635e-46   0.000000e+00   0.000000e+00
     5064000   5.063999e-05   8.625197e-01   1.740905e+01   2.714891e+01   1.505412e+04   5.410768e+04   1.363138e+05  -2.109357e+00   5.868761e-01  -3.618113e-24   1.474304e+05   3.712670e-46   0.000000e+00   0.000000e+00
     5072000   5.071999e-05   8.637241e-01   1.741337e+01   2.715981e+01   1.505412e+04   5.410768e+04   1.363138e+05  -2.132504e+00   5.933162e-01  -2.578023e-24   1.474304e+05   3.794600e-46   0.000000e+00   0.000000e+00
     5080000   5.079999e-05   8.649284e-01   1.741770e+01   2.717072e+01   1.505412e+04   5.410768e+04   1.363138e+05  -2.155651e+00   5.997563e-01   4.425293e-24   1.474304e+05   3.877423e-46   0.000000e+00   0.000000e+00
     5088000   5.087999e-05   8.661327e-01   1.742203e+01   2.718162e+01   1.505412e+04   5.410768e+04   1.363138e+05  -2.178798e+00   6.061965e-01  -4.981121e-25   1.474304e+05   3.961141e-46   0.000000e+00   0.000000e+00
     5096000   5.095999e-05   8.673371e-01   1.742636e+01   2.719253e+01   1.505412e+04   5.410768e+04   1.363138e+05  -2.201945e+00   6.126366e-01   5.417085e-25   1.474304e+05   4.045753e-46   0.000000e+00   0.000000e+00
     5104000   5.103999e-05   8.685414e-01   1.743069e+01   2.720343e+01   1.505412e+04   5.410768e+04   1.363138e+05  -4.280379e-01   1.190909e-01   1.178795e-25   1.474304e+05   1.528980e-47   0.000000e+00   0.000000e+00
     5112000   5.111999e-05   8.697457e-01   1.743502e+01   2.721434e+01   1.505412e+04   5.410768e+04   1.363138e+05  -2.312983e-01   6.435299e-02   1.164008e-24   1.474304e+05   4.465031e-48   0.000000e+00   0.000000e+00
     5120000   5.119999e-05   8.709500e-01   1.743935e+01   2.722524e+01   1.505412e+04   5.410768e+04   1.363138e+05  -3.455859e-02   9.615070e-03   6.719343e-26   1.474304e+05   9.979699e-50   0.000000e+00   0.000000e+00
     5128000   5.127999e-05   8.721544e-01   1.744367e+01   2.723615e+01   1.505412e+04   5.410768e+04   1.363138e+05   1.621811e-01  -4.512285e-02   2.748721e-25   1.474304e+05   2.194098e-48   0.000000e+00   0.000000e+00
     5136000   5.135999e-05   8.733587e-01   1.744800e+01   2.724705e+01   1.505412e+04   5.410768e+04   1.363138e+05   3.589207e-01  -9.986077e-02   2.811883e-24   1.474304e+05   1.074793e-47   0.000000e+00   0.000000e+00
     5144000   5.143999e-05   8.745630e-01   1.745233e+01   2.725796e+01   1.505412e+04   5.410768e+04   1.363138e+05   5.556604e-01  -1.545987e-01   3.112456e-24   1.474304e+05   2.576131e-47   0.000000e+00   0.000000e+00
     5152000   5.151999e-05   8.757674e-01   1.745666e+01   2.726886e+01   1.505412e+04   5.410768e+04   1.363138e+05   7.524001e-01  -2.093366e-01   6.394386e-24   1.474304e+05   4.723421e-47   0.000000e+00   0.000000e+00
     5160000   5.159999e-05   8.769717e-01   1.746099e+01   2.727977e+01   1.505412e+04   5.410768e+04   1.363138e+05   9.491397e-01  -2.640745e-01   7.309373e-25   1.474304e+05   7.516666e-47   0.000000e+00   0.000000e+00
     5168000   5.167999e-05   8.781760e-01   1.746532e+01   2.729067e+01   1.505412e+04   5.410768e+04   1.363138e+05   1.145879e+00  -3.188125e-01   4.011950e-24   1.474304e+05   1.095586e-46   0.000000e+00   0.000000e+00
     5176000   5.175999e-05   8.793804e-01   1.746965e+01   2.730158e+01   1.505412e+04   5.410768e+04   1.363138e+05  -1.386306e+00   3.857051e-01   1.074518e-24   1.474304e+05   1.603628e-46   0.000000e+00   0.000000e+00
     5184000   5.183999e-05   8.805847e-01   1.747398e+01   2.731248e+01   1.505412e+04   5.410768e+04   1.363138e+05  -1.409453e+00   3.921452e-01   8.080134e-24   1.474304e+05   1.657626e-46   0.000000e+00   0.000000e+00
     5192000   5.191999e-05   8.817890e-01   1.747830e+01   2.732339e+01   1.505412e+04   5.410768e+04   1.363138e+05  -1.432600e+00   3.985853e-01   3.159060e-24   1.474304e+05   1.712519e-46   0.000000e+00   0.000000e+00
     5200000   5.199999e-05   8.829933e-01   1.748263e+01   2.733429e+01   1.505412e+04   5.410768e+04   1.363138e+05  -1.455747e+00   4.050254e-01   4.201243e-24   1.474304e+05   1.768306e-46   0.000000e+00   0.000000e+00
     5208000   5.207999e-05   8.841977e-01   1.748696e+01   2.734520e+01   1.505412e+04   5.410768e+04   1.363138e+05  -1.478894e+00   4.114655e-01   5.243367e-24   1.474304e+05   1.824987e-46   0.000000e+00   0.000000e+00
     5216000   5.215999e-05   8.854020e-01   1.749129e+01   2.735610e+01   1.505412e+04   5.410768e+04   1.363138e+05  -1.502041e+00   4.179056e-01  -5.641200e-24   1.474304e+05   1.882562e-46   0.000000e+00   0.000000e+00
     5224000   5.223999e-05   8.866063e-01   1.749562e+01   2.736701e+01   1.505412e+04   5.410768e+04   1.363138e+05  -1.525188e+00   4.243457e-01   7.327438e-24   1.474304e+05   1.941032e-46   0.000000e+00   0.000000e+00
     5232000   5.231999e-05   8.878107e-01   1.749995e+01   2.737791e+01   1.505412e+04   5.410768e+04   1.363138e+05  -1.548335e+00   4.307858e-01  -3.557271e-24   1.474304e+05   2.000395e-46   0.000000e+00   0.000000e+00
     5240000   5.239999e-05   8.890150e-01   1.750428e+01   2.738882e+01   1.505412e+04   5.410768e+04   1.363138e+05  -1.771271e+00   4.928122e-01   8.255797e-25   1.474304e+05   2.617927e-46   0.000000e+00   0.000000e+00
     5248000   5.247999e-05   8.902193e-01   1.750860e+01   2.739972e+01   1.505412e+04   5.410768e+04   1.363138e+05  -1.773054e+00   4.933083e-01  -2.355598e-24   1.474304e+05   2.623200e-46   0.000000e+00   0.000000e+00
     5256000   5.255999e-05   8.914236e-01   1.751293e+01   2.741063e+01   1.505412e+04   5.410768e+04   1.363138e+05  -3.044804e+00   8.471410e-01  -2.120823e-23   1.474304e+05   7.735600e-46   0.000000e+00   0.000000e+00
     5264000   5.263999e-05   8.926280e-01   1.751726e+01   2.742153e+01   1.505412e+04   5.410768e+04   1.363138e+05  -3.385072e+00   9.418121e-01  -4.590480e-24   1.474304e+05   9.561198e-46   0.000000e+00   0.000000e+00
     5272000   5.271999e-05   8.938323e-01   1.752159e+01   2.743244e+01   1.505412e+04   5.410768e+04   1.363138e+05  -3.725340e+00   1.036483e+00   9.636398e-26   1.474304e+05   1.158002e-45   0.000000e+00   0.000000e+00
     5280000   5.279999e-05   8.950366e-01   1.752592e+01   2.744334e+01   1.505412e+04   5.410768e+04   1.363138e+05  -4.065608e+00   1.131154e+00  -1.907343e-23   1.474304e+05   1.379206e-45   0.000000e+00   0.000000e+00
     5288000   5.287999e-05   8.962410e-01   1.753025e+01   2.745425e+01   1.505412e+04   5.410768e+04   1.363138e+05  -4.405876e+00   1.225825e+00   9.459717e-24   1.474304e+05   1.619733e-45   0.000000e+00   0.000000e+00
     5296000   5.295999e-05   8.974453e-01   1.753458e+01   2.746515e+01   1.505412e+04   5.410768e+04   1.363138e+05  -4.746143e+00   1.320496e+00   2.606219e-23   1.474304e+05   1.879582e-45   0.000000e+00   0.000000e+00
     5304000   5.303999e-05   8.986496e-01   1.753890e+01   2.747606e+01   1.505412e+04   5.410768e+04   1.363138e+05  -5.086411e+00   1.415168e+00  -5.046216e-24   1.474304e+05   2.158754e-45   0.000000e+00   0.000000e+00
     5312000   5.311999e-05   8.998540e-01   1.754323e+01   2.748696e+01   1.505412e+04   5.410768e+04   1.363138e+05  -5.426679e+00   1.509839e+00   1.154723e-23   1.474304e+05   2.457247e-45   0.000000e+00   0.000000e+00
     5320000   5.319999e-05   9.010583e-01   1.754756e+01   2.749787e+01   1.505412e+04   5.410768e+04   1.363138e+05  -3.139713e+00   8.735472e-01   9.572621e-24   1.474304e+05   8.225550e-46   0.000000e+00   0.000000e+00
     5328000   5.327999e-05   9.022626e-01   1.755189e+01   2.750878e+01   1.505412e+04   5.410768e+04   1.363138e+05  -2.044197e+00   5.687469e-01  -6.899026e-24   1.474304e+05   3.486907e-46   0.000000e+00   0.000000e+00
     5336000   5.335999e-05   9.034669e-01   1.755622e+01   2.751968e+01   1.505412e+04   5.410768e+04   1.363138e+05  -1.900140e+00   5.286666e-01   6.130680e-25   1.474304e+05   3.012775e-46   0.000000e+00   0.000000e+00
     5344000   5.343999e-05   9.046713e-01   1.756055e+01   2.753059e+01   1.505412e+04   5.410768e+04   1.363138e+05  -1.756083e+00   4.885864e-01  -3.800688e-24   1.474304e+05   2.573275e-46   0.000000e+00   0.000000e+00
     5352000   5.351999e-05   9.058756e-01   1.756488e+01   2.754149e+01   1.505412e+04   5.410768e+04   1.363138e+05  -1.612026e+00   4.485061e-01  -2.250449e-24   1.474304e+05   2.168409e-46   0.000000e+00   0.000000e+00
     5360000   5.359999e-05   9.070799e-01   1.756920e+01   2.755240e+01   1.505412e+04   5.410768e+04   1.363138e+05  -1.467969e+00   4.084259e-01   5.263712e-24   1.474304e+05   1.798174e-46   0.000000e+00   0.000000e+00
     5368000   5.367999e-05   9.082843e-01   1.757353e+01   2.756330e+01   1.505412e+04   5.410768e+04   1.363138e+05  -1.323912e+00   3.683456e-01  -5.111523e-24   1.474304e+05   1.462573e-46   0.000000e+00   0.000000e+00
     5376000   5.375999e-05   9.094886e-01   1.757786e+01   2.757421e+01   1.505412e+04   5.410768e+04   1.363138e+05  -1.179855e+00   3.282654e-01  -3.559693e-24   1.474304e+05   1.161604e-46   0.000000e+00   0.000000e+00
     5384000   5.383999e-05   9.106929e-01   1.758219e+01   2.758511e+01   1.505412e+04   5.410768e+04   1.363138e+05  -1.035798e+00   2.881851e-01   3.955950e-24   1.474304e+05   8.952676e-47   0.000000e+00   0.000000e+00
     5392000   5.391999e-05   9.118972e-01   1.758652e+01   2.759602e+01   1.505412e+04   5.410768e+04   1.363138e+05  -8.917413e-01   2.481049e-01   2.527020e-24   1.474304e+05   6.635639e-47   0.000000e+00   0.000000e+00
     5400000   5.399999e-05   9.131016e-01   1.759085e+01   2.760692e+01   1.505412e+04   5.410768e+04   1.363138e+05  -2.987883e+00   8.313043e-01  -9.999271e-24   1.474304e+05   7.449243e-46   0.000000e+00   0.000000e+00
     5408000   5.407999e-05   9.143059e-01   1.759518e+01   2.761783e+01   1.505412e+04   5.410768e+04   1.363138e+05  -3.058729e+00   8.510154e-01  -8.925048e-24   1.474304e+05   7.806691e-46   0.000000e+00   0.000000e+00
     5416000   5.415999e-05   9.155102e-01   1.759951e+01   2.762873e+01   1.505412e+04   5.410768e+04   1.363138e+05  -3.129575e+00   8.707264e-01  -7.851314e-24   1.474304e+05   8.172514e-46   0.000000e+00   0.000000e+00
     5424000   5.423999e-05   9.167146e-01   1.760383e+01   2.763964e+01   1.505412e+04   5.410768e+04   1.363138e+05  -1.604770e+00   4.464874e-01  -2.161239e-24   1.474304e+05   2.148992e-46   0.000000e+00   0.000000e+00
     5432000   5.431999e-05   9.179189e-01   1.760816e+01   2.765054e+01   1.505412e+04   5.410768e+04   1.363138e+05  -1.285773e+00   3.577343e-01  -1.103970e-24   1.474304e+05   1.379567e-46   0.000000e+00   0.000000e+00
     5440000   5.439999e-05   9.191232e-01   1.761249e+01   2.766145e+01   1.505412e+04   5.410768e+04   1.363138e+05  -9.667750e-01   2.689811e-01   5.917646e-24   1.474304e+05   7.799631e-47   0.000000e+00   0.000000e+00
     5448000   5.447999e-05   9.203276e-01   1.761682e+01   2.767235e+01   1.505412e+04   5.410768e+04   1.363138e+05  -6.477774e-01   1.802280e-01   1.013483e-24   1.474304e+05   3.501809e-47   0.000000e+00   0.000000e+00
     5456000   5.455999e-05   9.215319e-01   1.762115e+01   2.768326e+01   1.505412e+04   5.410768e+04   1.363138e+05  -3.287797e-01   9.147479e-02   5.823816e-25   1.474304e+05   9.022001e-48   0.000000e+00   0.000000e+00
     5464000   5.463999e-05   9.227362e-01   1.762548e+01   2.769416e+01   1.505412e+04   5.410768e+04   1.363138e+05  -9.782113e-03   2.721630e-03  -3.478898e-26   1.474304e+05   8.049821e-51   0.000000e+00   0.000000e+00
     5472000   5.471999e-05   9.239405e-01   1.762981e+01   2.770507e+01   1.505412e+04   5.410768e+04   1.363138e+05  -1.548888e+00   4.309395e-01  -3.007424e-24   1.474304e+05   2.001767e-46   0.000000e+00   0.000000e+00
     5480000   5.479999e-05   9.251449e-01   1.763413e+01   2.771597e+01   1.505412e+04   5.410768e+04   1.363138e+05  -1.743649e+00   4.851270e-01   8.427067e-24   1.474304e+05   2.536842e-46   0.000000e+00   0.000000e+00
     5488000   5.487999e-05   9.263492e-01   1.763846e+01   2.772688e+01   1.505412e+04   5.410768e+04   1.363138e+05  -1.938410e+00   5.393145e-01   1.389733e-23   1.474304e+05   3.135219e-46   0.000000e+00   0.000000e+00
     5496000   5.495999e-05   9.275535e-01   1.764279e+01   2.773778e+01   1.505412e+04   5.410768e+04   1.363138e+05  -2.133171e+00   5.935019e-01   1.936658e-23   1.474304e+05   3.796899e-46   0.000000e+00   0.000000e+00
     5504000   5.503999e-05   9.287579e-01   1.764712e+01   2.774869e+01   1.505412e+04   5.410768e+04   1.363138e+05  -2.327933e+00   6.476894e-01   9.814468e-25   1.474304e+05   4.521882e-46   0.000000e+00   0.000000e+00
     5512000   5.511999e-05   9.299622e-01   1.765145e+01   2.775959e+01   1.505412e+04   5.410768e+04   1.363138e+05  -2.522694e+00   7.018769e-01   4.850372e-25   1.474304e+05   5.310167e-46   0.000000e+00   0.000000e+00
     5520000   5.519999e-05   9.311665e-01   1.765578e+01   2.777050e+01   1.505412e+04   5.410768e+04   1.363138e+05  -2.717455e+00   7.560644e-01  -5.976016e-24   1.474304e+05   6.161756e-46   0.000000e+00   0.000000e+00
     5528000   5.527999e-05   9.323708e-01   1.766011e+01   2.778140e+01   1.505412e+04   5.410768e+04   1.363138e+05  -2.912217e+00   8.102519e-01  -5.118681e-25   1.474304e+05   7.076647e-46   0.000000e+00   0.000000e+00
     5536000   5.535999e-05   9.335752e-01   1.766443e+01   2.779231e+01   1.505412e+04   5.410768e+04   1.363138e+05  -3.106978e+00   8.644394e-01   4.950744e-24   1.474304e+05   8.054840e-46   0.000000e+00   0.000000e+00
     5544000   5.543999e-05   9.347795e-01   1.766876e+01   2.780321e+01   1.505412e+04   5.410768e+04   1.363138e+05   9.420401e-02  -2.620993e-02  -2.787753e-25   1.474304e+05   7.398753e-49   0.000000e+00   0.000000e+00
     5552000   5.551999e-05   9.359838e-01   1.767309e+01   2.781412e+01   1.505412e+04   5.410768e+04   1.363138e+05   4.132016e-01  -1.149631e-01  -2.567058e-24   1.474304e+05   1.424386e-47   0.000000e+00   0.000000e+00
     5560000   5.559999e-05   9.371882e-01   1.767742e+01   2.782502e+01   1.505412e+04   5.410768e+04   1.363138e+05   7.321993e-01  -2.037162e-01  -1.051134e-26   1.474304e+05   4.472998e-47   0.000000e+00   0.000000e+00
     5568000   5.567999e-05   9.383925e-01   1.768175e+01   2.783593e+01   1.505412e+04   5.410768e+04   1.363138e+05   1.051197e+00  -2.924694e-01  -1.927091e-24   1.474304e+05   9.219824e-47   0.000000e+00   0.000000e+00
     5576000   5.575999e-05   9.395968e-01   1.768608e+01   2.784683e+01   1.505412e+04   5.410768e+04   1.363138e+05   1.370195e+00  -3.812226e-01   2.118748e-24   1.474304e+05   1.566486e-46   0.000000e+00   0.000000e+00
     5584000   5.583999e-05   9.408012e-01   1.769041e+01   2.785774e+01   1.505412e+04   5.410768e+04   1.363138e+05   1.689192e+00  -4.699757e-01  -2.781518e-24   1.474304e+05   2.380812e-46   0.000000e+00   0.000000e+00
     5592000   5.591999e-05   9.420055e-01   1.769473e+01   2.786864e+01   1.505412e+04   5.410768e+04   1.363138e+05   2.008190e+00  -5.587289e-01   4.243405e-24   1.474304e+05   3.364958e-46   0.000000e+00   0.000000e+00
     5600000   5.599999e-05   9.432098e-01   1.769906e+01   2.787955e+01   1.505412e+04   5.410768e+04   1.363138e+05   2.327187e+00  -6.474821e-01  -1.258665e-23   1.474304e+05   4.518926e-46   0.000000e+00   0.000000e+00
     5608000   5.607999e-05   9.444141e-01   1.770339e+01   2.789045e+01   1.505412e+04   5.410768e+04   1.363138e+05  -3.723746e+00   1.036040e+00   2.718387e-23   1.474304e+05   1.157009e-45   0.000000e+00   0.000000e+00
     5616000   5.615999e-05   9.456185e-01   1.770772e+01   2.790136e+01   1.505412e+04   5.410768e+04   1.363138e+05  -2.382439e+00   6.628545e-01   9.430150e-24   1.474304e+05   4.736287e-46   0.000000e+00   0.000000e+00
     5624000   5.623999e-05   9.468228e-01   1.771205e+01   2.791226e+01   1.505412e+04   5.410768e+04   1.363138e+05  -2.230859e+00   6.206811e-01  -1.326005e-23   1.474304e+05   4.152781e-46   0.000000e+00   0.000000e+00
     5632000   5.631999e-05   9.480271e-01   1.771638e+01   2.792317e+01   1.505412e+04   5.410768e+04   1.363138e+05  -2.079279e+00   5.785077e-01  -1.209608e-23   1.474304e+05   3.607620e-46   0.000000e+00   0.000000e+00
     5640000   5.639999e-05   9.492315e-01   1.772071e+01   2.793407e+01   1.505412e+04   5.410768e+04   1.363138e+05  -1.927699e+00   5.363343e-01   6.958710e-24   1.474304e+05   3.100804e-46   0.000000e+00   0.000000e+00
     5648000   5.647999e-05   9.504358e-01   1.772503e+01   2.794498e+01   1.505412e+04   5.410768e+04   1.363138e+05  -1.776119e+00   4.941608e-01   2.161039e-24   1.474304e+05   2.632332e-46   0.000000e+00   0.000000e+00
     5656000   5.655999e-05   9.516401e-01   1.772936e+01   2.795588e+01   1.505412e+04   5.410768e+04   1.363138e+05  -1.624538e+00   4.519874e-01   9.290711e-24   1.474304e+05   2.202204e-46   0.000000e+00   0.000000e+00
     5664000   5.663999e-05   9.528444e-01   1.773369e+01   2.796679e+01   1.505412e+04   5.410768e+04   1.363138e+05  -1.472958e+00   4.098140e-01  -1.468916e-24   1.474304e+05   1.810421e-46   0.000000e+00   0.000000e+00
     5672000   5.671999e-05   9.540488e-01   1.773802e+01   2.797769e+01   1.505412e+04   5.410768e+04   1.363138e+05  -1.321378e+00   3.676406e-01  -3.013218e-25   1.474304e+05   1.456982e-46   0.000000e+00   0.000000e+00
     5680000   5.679999e-05   9.552531e-01   1.774235e+01   2.798860e+01   1.505412e+04   5.410768e+04   1.363138e+05  -1.169798e+00   3.254672e-01  -2.114923e-24   1.474304e+05   1.141887e-46   0.000000e+00   0.000000e+00
     5688000   5.687999e-05   9.564574e-01   1.774668e+01   2.799950e+01   1.505412e+04   5.410768e+04   1.363138e+05  -1.018218e+00   2.832938e-01  -3.928027e-24   1.474304e+05   8.651371e-47   0.000000e+00   0.000000e+00
     5696000   5.695999e-05   9.576618e-01   1.775101e+01   2.801041e+01   1.505412e+04   5.410768e+04   1.363138e+05  -4.381433e+00   1.219025e+00   2.094062e-23   1.474304e+05   1.601809e-45   0.000000e+00   0.000000e+00
     5704000   5.703999e-05   9.588661e-01   1.775534e+01   2.802131e+01   1.505412e+04   5.410768e+04   1.363138e+05  -4.749459e+00   1.321419e+00   2.626567e-23   1.474304e+05   1.882206e-45   0.000000e+00   0.000000e+00
     5712000   5.711999e-05   9.600704e-01   1.775966e+01   2.803222e+01   1.505412e+04   5.410768e+04   1.363138e+05  -5.117484e+00   1.423813e+00   1.965937e-23   1.474304e+05   2.185207e-45   0.000000e+00   0.000000e+00
     5720000   5.719999e-05   9.612748e-01   1.776399e+01   2.804313e+01   1.505412e+04   5.410768e+04   1.363138e+05  -5.485509e+00   1.526207e+00  -1.080529e-23   1.474304e+05   2.510811e-45   0.000000e+00   0.000000e+00
     5728000   5.727999e-05   9.624791e-01   1.776832e+01   2.805403e+01   1.505412e+04   5.410768e+04   1.363138e+05  -5.853535e+00   1.628601e+00   6.431109e-24   1.474304e+05   2.859019e-45   0.000000e+00   0.000000e+00
     5736000   5.735999e-05   9.636834e-01   1.777265e+01   2.806494e+01   1.505412e+04   5.410768e+04   1.363138e+05  -6.221560e+00   1.730994e+00   2.366167e-23   1.474304e+05   3.229830e-45   0.000000e+00   0.000000e+00
     5744000   5.743999e-05   9.648877e-01   1.777698e+01   2.807584e+01   1.505412e+04   5.410768e+04   1.363138e+05  -6.589586e+00   1.833388e+00   1.703281e-23   1.474304e+05   3.623244e-45   0.000000e+00   0.000000e+00
     5752000   5.751999e-05   9.660921e-01   1.778131e+01   2.808675e+01   1.505412e+04   5.410768e+04   1.363138e+05  -6.957611e+00   1.935782e+00  -3.730879e-23   1.474304e+05   4.039262e-45   0.000000e+00   0.000000e+00
     5760000   5.759999e-05   9.672964e-01   1.778564e+01   2.809765e+01   1.505412e+04   5.410768e+04   1.363138e+05  -7.325636e+00   2.038176e+00   3.753911e-24   1.474304e+05   4.477882e-45   0.000000e+00   0.000000e+00
     5768000   5.767999e-05   9.685007e-01   1.778996e+01   2.810856e+01   1.505412e+04   5.410768e+04   1.363138e+05  -2.893008e+00   8.049077e-01  -1.089336e-23   1.474304e+05   6.983811e-46   0.000000e+00   0.000000e+00
     5776000   5.775999e-05   9.697051e-01   1.779429e+01   2.811946e+01   1.505412e+04   5.410768e+04   1.363138e+05  -2.741428e+00   7.627343e-01   2.202599e-24   1.474304e+05   6.271150e-46   0.000000e+00   0.000000e+00
     5784000   5.783999e-05   9.709094e-01   1.779862e+01   2.813037e+01   1.505412e+04   5.410768e+04   1.363138e+05  -2.589848e+00   7.205609e-01   3.373035e-24   1.474304e+05   5.596833e-46   0.000000e+00   0.000000e+00
     5792000   5.791999e-05   9.721137e-01   1.780295e+01   2.814127e+01   1.505412e+04   5.410768e+04   1.363138e+05  -3.207771e+00   8.924825e-01   1.350187e-23   1.474304e+05   8.585974e-46   0.000000e+00   0.000000e+00
     5800000   5.799999e-05   9.733180e-01   1.780728e+01   2.815218e+01   1.505412e+04   5.410768e+04   1.363138e+05  -3.342238e+00   9.298948e-01   3.910022e-24   1.474304e+05   9.320901e-46   0.000000e+00   0.000000e+00
     5808000   5.807999e-05   9.745224e-01   1.781161e+01   2.816308e+01   1.505412e+04   5.410768e+04   1.363138e+05  -3.476706e+00   9.673070e-01  -1.760973e-23   1.474304e+05   1.008600e-45   0.000000e+00   0.000000e+00
     5816000   5.815999e-05   9.757267e-01   1.781594e+01   2.817399e+01   1.505412e+04   5.410768e+04   1.363138e+05  -3.611174e+00   1.004719e+00  -3.350806e-24   1.474304e+05   1.088128e-45   0.000000e+00   0.000000e+00
     5824000   5.823999e-05   9.769310e-01   1.782026e+01   2.818489e+01   1.505412e+04   5.410768e+04   1.363138e+05  -3.745641e+00   1.042132e+00  -2.487304e-23   1.474304e+05   1.170674e-45   0.000000e+00   0.000000e+00
     5832000   5.831999e-05   9.781354e-01   1.782459e+01   2.819580e+01   1.505412e+04   5.410768e+04   1.363138e+05  -3.880109e+00   1.079544e+00   1.323643e-23   1.474304e+05   1.256237e-45   0.000000e+00   0.000000e+00
     5840000   5.839999e-05   9.793397e-01   1.782892e+01   2.820670e+01   1.505412e+04   5.410768e+04   1.363138e+05  -2.008027e+00   5.586836e-01  -2.636962e-24   1.474304e+05   3.364596e-46   0.000000e+00   0.000000e+00
     5848000   5.847999e-05   9.805440e-01   1.783325e+01   2.821761e+01   1.505412e+04   5.410768e+04   1.363138e+05  -1.888725e+00   5.254908e-01   8.650949e-24   1.474304e+05   2.976678e-46   0.000000e+00   0.000000e+00
     5856000   5.855999e-05   9.817484e-01   1.783758e+01   2.822851e+01   1.505412e+04   5.410768e+04   1.363138e+05  -1.769423e+00   4.922981e-01   1.397620e-23   1.474304e+05   2.612512e-46   0.000000e+00   0.000000e+00
     5864000   5.863999e-05   9.829527e-01   1.784191e+01   2.823942e+01   1.505412e+04   5.410768e+04   1.363138e+05  -1.650121e+00   4.591053e-01  -4.551243e-24   1.474304e+05   2.272098e-46   0.000000e+00   0.000000e+00
     5872000   5.871999e-05   9.841570e-01   1.784624e+01   2.825032e+01   1.505412e+04   5.410768e+04   1.363138e+05  -1.530820e+00   4.259125e-01   7.750539e-25   1.474304e+05   1.955438e-46   0.000000e+00   0.000000e+00
     5880000   5.879999e-05   9.853613e-01   1.785056e+01   2.826123e+01   1.505412e+04   5.410768e+04   1.363138e+05  -1.411518e+00   3.927197e-01   1.385787e-25   1.474304e+05   1.662529e-46   0.000000e+00   0.000000e+00
     5888000   5.887999e-05   9.865657e-01   1.785489e+01   2.827213e+01   1.505412e+04   5.410768e+04   1.363138e+05  -1.292216e+00   3.595270e-01   1.142916e-23   1.474304e+05   1.393374e-46   0.000000e+00   0.000000e+00
     5896000   5.895999e-05   9.877700e-01   1.785922e+01   2.828304e+01   1.505412e+04   5.410768e+04   1.363138e+05  -1.172914e+00   3.263342e-01   1.848446e-24   1.474304e+05   1.147971e-46   0.000000e+00   0.000000e+00
     5904000   5.903999e-05   9.889743e-01   1.786355e+01   2.829394e+01   1.505412e+04   5.410768e+04   1.363138e+05  -1.053612e+00   2.931414e-01   1.213144e-24   1.474304e+05   9.263207e-47   0.000000e+00   0.000000e+00
     5912000   5.911999e-05   9.901787e-01   1.786788e+01   2.830485e+01   1.505412e+04   5.410768e+04   1.363138e+05  -3.478336e+00   9.677604e-01   2.906577e-24   1.474304e+05   1.009546e-45   0.000000e+00   0.000000e+00
     5920000   5.919999e-05   9.913830e-01   1.787221e+01   2.831575e+01   1.505412e+04   5.410768e+04   1.363138e+05  -3.612803e+00   1.005173e+00  -6.691161e-24   1.474304e+05   1.089111e-45   0.000000e+00   0.000000e+00
     5928000   5.927999e-05   9.925873e-01   1.787654e+01   2.832666e+01   1.505412e+04   5.410768e+04   1.363138e+05  -3.747271e+00   1.042585e+00  -1.629016e-23   1.474304e+05   1.171693e-45   0.000000e+00   0.000000e+00
     5936000   5.935999e-05   9.937916e-01   1.788087e+01   2.833756e+01   1.505412e+04   5.410768e+04   1.363138e+05  -3.881738e+00   1.079997e+00   9.889286e-24   1.474304e+05   1.257292e-45   0.000000e+00   0.000000e+00
     5944000   5.943999e-05   9.949960e-01   1.788519e+01   2.834847e+01   1.505412e+04   5.410768e+04   1.363138e+05  -4.016206e+00   1.117409e+00  -2.356570e-23   1.474304e+05   1.345909e-45   0.000000e+00   0.000000e+00
     5952000   5.951999e-05   9.962003e-01   1.788952e+01   2.835937e+01   1.505412e+04   5.410768e+04   1.363138e+05  -4.150673e+00   1.154822e+00   2.611144e-24   1.474304e+05   1.437544e-45   0.000000e+00   0.000000e+00
     5960000   5.959999e-05   9.974046e-01   1.789385e+01   2.837028e+01   1.505412e+04   5.410768e+04   1.363138e+05  -4.285141e+00   1.192234e+00   4.933293e-24   1.474304e+05   1.532196e-45   0.000000e+00   0.000000e+00
     5968000   5.967999e-05   9.986090e-01   1.789818e+01   2.838118e+01   1.505412e+04   5.410768e+04   1.363138e+05  -4.419609e+00   1.229646e+00   7.253758e-24   1.474304e+05   1.629865e-45   0.000000e+00   0.000000e+00
     5976000   5.975999e-05   9.998133e-01   1.790251e+01   2.839209e+01   1.505412e+04   5.410768e+04   1.363138e+05  -2.680892e+00   7.458916e-01   1.262796e-23   1.474304e+05   5.997162e-46   0.000000e+00   0.000000e+00
     5984000   5.983999e-05   1.001018e+00   1.790684e+01   2.840299e+01   1.505412e+04   5.410768e+04   1.363138e+05  -1.401464e+00   3.899226e-01   9.018202e-25   1.474304e+05   1.638836e-46   0.000000e+00   0.000000e+00
     5992000   5.991999e-05   1.002222e+00   1.791117e+01   2.841390e+01   1.505412e+04   5.410768e+04   1.363138e+05  -1.606866e+00   4.470706e-01   5.128231e-24   1.474304e+05   2.154433e-46   0.000000e+00   0.000000e+00
     6000000   5.999999e-05   1.003426e+00   1.791549e+01   2.842480e+01   1.505412e+04   5.410768e+04   1.363138e+05  -1.812268e+00   5.042187e-01   9.353760e-24   1.474304e+05   2.740439e-46   0.000000e+00   0.000000e+00
     6008000   6.007999e-05   1.004631e+00   1.791982e+01   2.843571e+01   1.505412e+04   5.410768e+04   1.363138e+05  -2.017671e+00   5.613667e-01   1.651663e-24   1.474304e+05   3.396854e-46   0.000000e+00   0.000000e+00
     6016000   6.015999e-05   1.005835e+00   1.792415e+01   2.844661e+01   1.505412e+04   5.410768e+04   1.363138e+05  -2.223073e+00   6.185147e-01   1.183840e-23   1.474304e+05   4.123677e-46   0.000000e+00   0.000000e+00
     6024000   6.023999e-05   1.007039e+00   1.792848e+01   2.845752e+01   1.505412e+04   5.410768e+04   1.363138e+05  -2.428475e+00   6.756627e-01   4.133971e-24   1.474304e+05   4.920910e-46   0.000000e+00   0.000000e+00
     6032000   6.031999e-05   1.008244e+00   1.793281e+01   2.846842e+01   1.505412e+04   5.410768e+04   1.363138e+05  -2.633877e+00   7.328107e-01   1.431815e-23   1.474304e+05   5.788551e-46   0.000000e+00   0.000000e+00
     6040000   6.039999e-05   1.009448e+00   1.793714e+01   2.847933e+01   1.505412e+04   5.410768e+04   1.363138e+05  -2.839279e+00   7.899588e-01   6.475601e-25   1.474304e+05   6.726601e-46   0.000000e+00   0.000000e+00
     6048000   6.047999e-05   1.010652e+00   1.794147e+01   2.849023e+01   1.505412e+04   5.410768e+04   1.363138e+05  -3.044681e+00   8.471068e-01  -1.097980e-24   1.474304e+05   7.735060e-46   0.000000e+00   0.000000e+00
     6056000   6.055999e-05   1.011857e+00   1.794579e+01   2.850114e+01   1.505412e+04   5.410768e+04   1.363138e+05  -2.937799e+00   8.173696e-01   1.028982e-24   1.474304e+05   7.201721e-46   0.000000e+00   0.000000e+00
     6064000   6.063999e-05   1.013061e+00   1.795012e+01   2.851204e+01   1.505412e+04   5.410768e+04   1.363138e+05  -2.809817e+00   7.817616e-01   3.438865e-24   1.474304e+05   6.587920e-46   0.000000e+00   0.000000e+00
     6072000   6.071999e-05   1.014265e+00   1.795445e+01   2.852295e+01   1.505412e+04   5.410768e+04   1.363138e+05  -2.681834e+00   7.461537e-01  -6.076804e-24   1.474304e+05   6.001453e-46   0.000000e+00   0.000000e+00
     6080000   6.079999e-05   1.015470e+00   1.795878e+01   2.853385e+01   1.505412e+04   5.410768e+04   1.363138e+05  -2.553852e+00   7.105457e-01  -1.559157e-23   1.474304e+05   5.442321e-46   0.000000e+00   0.000000e+00
     6088000   6.087999e-05   1.016674e+00   1.796311e+01   2.854476e+01   1.505412e+04   5.410768e+04   1.363138e+05  -2.425869e+00   6.749378e-01  -1.317887e-23   1.474304e+05   4.910524e-46   0.000000e+00   0.000000e+00
     6096000   6.095999e-05   1.017878e+00   1.796744e+01   2.855566e+01   1.505412e+04   5.410768e+04   1.363138e+05  -2.297887e+00   6.393298e-01   7.124642e-24   1.474304e+05   4.406062e-46   0.000000e+00   0.000000e+00
     6104000   6.103999e-05   1.019083e+00   1.797177e+01   2.856657e+01   1.505412e+04   5.410768e+04   1.363138e+05  -2.169904e+00   6.037219e-01   1.550236e-23   1.474304e+05   3.928935e-46   0.000000e+00   0.000000e+00
     6112000   6.111999e-05   1.020287e+00   1.797609e+01   2.857748e+01   1.505412e+04   5.410768e+04   1.363138e+05  -2.041922e+00   5.681139e-01   2.750960e-26   1.474304e+05   3.479143e-46   0.000000e+00   0.000000e+00
     6120000   6.119999e-05   1.021491e+00   1.798042e+01   2.858838e+01   1.505412e+04   5.410768e+04   1.363138e+05  -1.913939e+00   5.325060e-01   8.406602e-24   1.474304e+05   3.056686e-46   0.000000e+00   0.000000e+00
     6128000   6.127999e-05   1.022696e+00   1.798475e+01   2.859929e+01   1.505412e+04   5.410768e+04   1.363138e+05  -1.785957e+00   4.968980e-01   4.859805e-24   1.474304e+05   2.661564e-46   0.000000e+00   0.000000e+00
     6136000   6.135999e-05   1.023900e+00   1.798908e+01   2.861019e+01   1.505412e+04   5.410768e+04   1.363138e+05  -2.505093e+00   6.969798e-01   1.345366e-23   1.474304e+05   5.236319e-46   0.000000e+00   0.000000e+00
     6144000   6.143999e-05   1.025104e+00   1.799341e+01   2.862110e+01   1.505412e+04   5.410768e+04   1.363138e+05  -2.710495e+00   7.541278e-01   1.170440e-23   1.474304e+05   6.130224e-46   0.000000e+00   0.000000e+00
     6152000   6.151999e-05   1.026309e+00   1.799774e+01   2.863200e+01   1.505412e+04   5.410768e+04   1.363138e+05  -2.915897e+00   8.112758e-01   9.953633e-24   1.474304e+05   7.094538e-46   0.000000e+00   0.000000e+00
     6160000   6.159999e-05   1.027513e+00   1.800207e+01   2.864291e+01   1.505412e+04   5.410768e+04   1.363138e+05  -2.965766e+00   8.251508e-01   8.120318e-24   1.474304e+05   7.339224e-46   0.000000e+00   0.000000e+00
     6168000   6.167999e-05   1.028717e+00   1.800639e+01   2.865381e+01   1.505412e+04   5.410768e+04   1.363138e+05  -3.271025e+00   9.100815e-01  -2.637292e-24   1.474304e+05   8.927813e-46   0.000000e+00   0.000000e+00
     6176000   6.175999e-05   1.029922e+00   1.801072e+01   2.866472e+01   1.505412e+04   5.410768e+04   1.363138e+05  -3.576284e+00   9.950122e-01   2.238232e-23   1.474304e+05   1.067191e-45   0.000000e+00   0.000000e+00
     6184000   6.183999e-05   1.031126e+00   1.801505e+01   2.867562e+01   1.505412e+04   5.410768e+04   1.363138e+05  -3.881543e+00   1.079943e+00   1.161904e-23   1.474304e+05   1.257152e-45   0.000000e+00   0.000000e+00
     6192000   6.191999e-05   1.032330e+00   1.801938e+01   2.868653e+01   1.505412e+04   5.410768e+04   1.363138e+05  -4.186802e+00   1.164874e+00   1.277937e-23   1.474304e+05   1.462663e-45   0.000000e+00   0.000000e+00
     6200000   6.199999e-05   1.033535e+00   1.802371e+01   2.869743e+01   1.505412e+04   5.410768e+04   1.363138e+05  -4.492061e+00   1.249804e+00   2.586297e-23   1.474304e+05   1.683725e-45   0.000000e+00   0.000000e+00
     6208000   6.207999e-05   1.034739e+00   1.802804e+01   2.870834e+01   1.505412e+04   5.410768e+04   1.363138e+05  -3.962917e+00   1.102583e+00   3.697494e-23   1.474304e+05   1.310447e-45   0.000000e+00   0.000000e+00
     6216000   6.215999e-05   1.035943e+00   1.803237e+01   2.871924e+01   1.505412e+04   5.410768e+04   1.363138e+05  -3.891021e+00   1.082580e+00  -3.214830e-24   1.474304e+05   1.263329e-45   0.000000e+00   0.000000e+00
     6224000   6.223999e-05   1.037148e+00   1.803670e+01   2.873015e+01   1.505412e+04   5.410768e+04   1.363138e+05  -3.819125e+00   1.062577e+00  -7.623867e-24   1.474304e+05   1.217074e-45   0.000000e+00   0.000000e+00
     6232000   6.231999e-05   1.038352e+00   1.804102e+01   2.874105e+01   1.505412e+04   5.410768e+04   1.363138e+05  -3.747228e+00   1.042573e+00  -1.203241e-23   1.474304e+05   1.171682e-45   0.000000e+00   0.000000e+00
     6240000   6.239999e-05   1.039556e+00   1.804535e+01   2.875196e+01   1.505412e+04   5.410768e+04   1.363138e+05  -3.675332e+00   1.022570e+00   7.413266e-24   1.474304e+05   1.127153e-45   0.000000e+00   0.000000e+00
     6248000   6.247999e-05   1.040760e+00   1.804968e+01   2.876286e+01   1.505412e+04   5.410768e+04   1.363138e+05  -3.603436e+00   1.002566e+00  -8.920324e-24   1.474304e+05   1.083486e-45   0.000000e+00   0.000000e+00
     6256000   6.255999e-05   1.041965e+00   1.805401e+01   2.877377e+01   1.505412e+04   5.410768e+04   1.363138e+05  -3.531540e+00   9.825631e-01  -1.400052e-24   1.474304e+05   1.040681e-45   0.000000e+00   0.000000e+00
     6264000   6.263999e-05   1.043169e+00   1.805834e+01   2.878467e+01   1.505412e+04   5.410768e+04   1.363138e+05  -3.459643e+00   9.625598e-01  -2.965876e-23   1.474304e+05   9.987397e-46   0.000000e+00   0.000000e+00
     6272000   6.271999e-05   1.044373e+00   1.806267e+01   2.879558e+01   1.505412e+04   5.410768e+04   1.363138e+05  -3.387747e+00   9.425564e-01  -1.021049e-23   1.474304e+05   9.576607e-46   0.000000e+00   0.000000e+00
     6280000   6.279999e-05   1.045578e+00   1.806700e+01   2.880648e+01   1.505412e+04   5.410768e+04   1.363138e+05  -4.953229e+00   1.378113e+00  -1.439714e-23   1.474304e+05   2.047187e-45   0.000000e+00   0.000000e+00
     6288000   6.287999e-05   1.046782e+00   1.807132e+01   2.881739e+01   1.505412e+04   5.410768e+04   1.363138e+05  -5.258488e+00   1.463043e+00   1.059485e-23   1.474304e+05   2.307293e-45   0.000000e+00   0.000000e+00
     6296000   6.295999e-05   1.047986e+00   1.807565e+01   2.882829e+01   1.505412e+04   5.410768e+04   1.363138e+05  -5.563746e+00   1.547974e+00  -1.212397e-23   1.474304e+05   2.582951e-45   0.000000e+00   0.000000e+00
     6304000   6.303999e-05   1.049191e+00   1.807998e+01   2.883920e+01   1.505412e+04   5.410768e+04   1.363138e+05  -5.869005e+00   1.632905e+00   1.285845e-23   1.474304e+05   2.874159e-45   0.000000e+00   0.000000e+00
     6312000   6.311999e-05   1.050395e+00   1.808431e+01   2.885010e+01   1.505412e+04   5.410768e+04   1.363138e+05  -6.174264e+00   1.717836e+00  -9.871350e-24   1.474304e+05   3.180918e-45   0.000000e+00   0.000000e+00
     6320000   6.319999e-05   1.051599e+00   1.808864e+01   2.886101e+01   1.505412e+04   5.410768e+04   1.363138e+05  -6.479523e+00   1.802766e+00  -8.752936e-24   1.474304e+05   3.503228e-45   0.000000e+00   0.000000e+00
     6328000   6.327999e-05   1.052804e+00   1.809297e+01   2.887191e+01   1.505412e+04   5.410768e+04   1.363138e+05  -6.784782e+00   1.887697e+00  -7.639614e-24   1.474304e+05   3.841089e-45   0.000000e+00   0.000000e+00
     6336000   6.335999e-05   1.054008e+00   1.809730e+01   2.888282e+01   1.505412e+04   5.410768e+04   1.363138e+05  -7.090041e+00   1.972628e+00  -6.531820e-24   1.474304e+05   4.194500e-45   0.000000e+00   0.000000e+00
     6344000   6.343999e-05   1.055212e+00   1.810162e+01   2.889372e+01   1.505412e+04   5.410768e+04   1.363138e+05  -3.015948e+00   8.391126e-01   1.208059e-23   1.474304e+05   7.590077e-46   0.000000e+00   0.000000e+00
     6352000   6.351999e-05   1.056417e+00   1.810595e+01   2.890463e+01   1.505412e+04   5.410768e+04   1.363138e+05  -3.477733e+00   9.675928e-01   6.927554e-25   1.474304e+05   1.009208e-45   0.000000e+00   0.000000e+00
     6360000   6.359999e-05   1.057621e+00   1.811028e+01   2.891553e+01   1.505412e+04   5.410768e+04   1.363138e+05  -3.458882e+00   9.623479e-01  -4.243810e-24   1.474304e+05   9.982963e-46   0.000000e+00   0.000000e+00
     6368000   6.367999e-05   1.058825e+00   1.811461e+01   2.892644e+01   1.505412e+04   5.410768e+04   1.363138e+05  -3.440030e+00   9.571030e-01   2.659964e-23   1.474304e+05   9.874443e-46   0.000000e+00   0.000000e+00
     6376000   6.375999e-05   1.060030e+00   1.811894e+01   2.893734e+01   1.505412e+04   5.410768e+04   1.363138e+05  -3.421179e+00   9.518580e-01   9.736675e-24   1.474304e+05   9.766515e-46   0.000000e+00   0.000000e+00
     6384000   6.383999e-05   1.061234e+00   1.812327e+01   2.894825e+01   1.505412e+04   5.410768e+04   1.363138e+05  -3.402328e+00   9.466131e-01  -7.126170e-24   1.474304e+05   9.659181e-46   0.000000e+00   0.000000e+00
     6392000   6.391999e-05   1.062438e+00   1.812760e+01   2.895915e+01   1.505412e+04   5.410768e+04   1.363138e+05  -3.383476e+00   9.413682e-01  -2.398890e-23   1.474304e+05   9.552440e-46   0.000000e+00   0.000000e+00
     6400000   6.399999e-05   1.063643e+00   1.813192e+01   2.897006e+01   1.505412e+04   5.410768e+04   1.363138e+05  -3.364625e+00   9.361232e-01  -5.071598e-24   1.474304e+05   9.446291e-46   0.000000e+00   0.000000e+00
     6408000   6.407999e-05   1.064847e+00   1.813625e+01   2.898096e+01   1.505412e+04   5.410768e+04   1.363138e+05  -3.345774e+00   9.308783e-01  -1.000690e-23   1.474304e+05   9.340736e-46   0.000000e+00   0.000000e+00
     6416000   6.415999e-05   1.066051e+00   1.814058e+01   2.899187e+01   1.505412e+04   5.410768e+04   1.363138e+05  -3.326922e+00   9.256334e-01   8.911171e-24   1.474304e+05   9.235774e-46   0.000000e+00   0.000000e+00
     6424000   6.423999e-05   1.067256e+00   1.814491e+01   2.900277e+01   1.505412e+04   5.410768e+04   1.363138e+05  -1.713515e+00   4.767428e-01   4.313798e-24   1.474304e+05   2.450092e-46   0.000000e+00   0.000000e+00
     6432000   6.431999e-05   1.068460e+00   1.814924e+01   2.901368e+01   1.505412e+04   5.410768e+04   1.363138e+05  -1.406741e+00   3.913907e-01   3.118466e-24   1.474304e+05   1.651351e-46   0.000000e+00   0.000000e+00
     6440000   6.439999e-05   1.069664e+00   1.815357e+01   2.902458e+01   1.505412e+04   5.410768e+04   1.363138e+05  -1.099967e+00   3.060386e-01   4.905892e-24   1.474304e+05   1.009665e-46   0.000000e+00   0.000000e+00
     6448000   6.447999e-05   1.070869e+00   1.815790e+01   2.903549e+01   1.505412e+04   5.410768e+04   1.363138e+05  -7.931939e-01   2.206865e-01  -2.250766e-24   1.474304e+05   5.250348e-47   0.000000e+00   0.000000e+00
     6456000   6.455999e-05   1.072073e+00   1.816222e+01   2.904639e+01   1.505412e+04   5.410768e+04   1.363138e+05  -4.864203e-01   1.353344e-01   1.029058e-24   1.474304e+05   1.974601e-47   0.000000e+00   0.000000e+00
     6464000   6.463999e-05   1.073277e+00   1.816655e+01   2.905730e+01   1.505412e+04   5.410768e+04   1.363138e+05  -1.796467e-01   4.998224e-02  -1.631953e-25   1.474304e+05   2.694086e-48   0.000000e+00   0.000000e+00
     6472000   6.471999e-05   1.074482e+00   1.817088e+01   2.906820e+01   1.505412e+04   5.410768e+04   1.363138e+05   1.271268e-01  -3.536988e-02  -2.371766e-25   1.474304e+05   1.347721e-48   0.000000e+00   0.000000e+00
     6480000   6.479999e-05   1.075686e+00   1.817521e+01   2.907911e+01   1.505412e+04   5.410768e+04   1.363138e+05   4.339004e-01  -1.207220e-01  -2.547507e-24   1.474304e+05   1.570691e-47   0.000000e+00   0.000000e+00
     6488000   6.487999e-05   1.076890e+00   1.817954e+01   2.909002e+01   1.505412e+04   5.410768e+04   1.363138e+05   7.406740e-01  -2.060741e-01   7.323996e-25   1.474304e+05   4.577165e-47   0.000000e+00   0.000000e+00
     6496000   6.495999e-05   1.078095e+00   1.818387e+01   2.910092e+01   1.505412e+04   5.410768e+04   1.363138e+05  -1.373106e+00   3.820326e-01  -2.868834e-24   1.474304e+05   1.573248e-46   0.000000e+00   0.000000e+00
     6504000   6.503999e-05   1.079299e+00   1.818820e+01   2.911183e+01   1.505412e+04   5.410768e+04   1.363138e+05  -1.354255e+00   3.767877e-01   4.130951e-24   1.474304e+05   1.530346e-46   0.000000e+00   0.000000e+00
     6512000   6.511999e-05   1.080503e+00   1.819253e+01   2.912273e+01   1.505412e+04   5.410768e+04   1.363138e+05  -1.335403e+00   3.715428e-01   5.167569e-24   1.474304e+05   1.488037e-46   0.000000e+00   0.000000e+00
     6520000   6.519999e-05   1.081708e+00   1.819685e+01   2.913364e+01   1.505412e+04   5.410768e+04   1.363138e+05  -1.316552e+00   3.662978e-01  -5.722402e-24   1.474304e+05   1.446322e-46   0.000000e+00   0.000000e+00
     6528000   6.527999e-05   1.082912e+00   1.820118e+01   2.914454e+01   1.505412e+04   5.410768e+04   1.363138e+05  -3.230051e+00   8.986814e-01   2.286771e-24   1.474304e+05   8.705783e-46   0.000000e+00   0.000000e+00
     6536000   6.535999e-05   1.084116e+00   1.820551e+01   2.915545e+01   1.505412e+04   5.410768e+04   1.363138e+05  -3.179757e+00   8.846883e-01  -9.523392e-24   1.474304e+05   8.436785e-46   0.000000e+00   0.000000e+00
     6544000   6.543999e-05   1.085321e+00   1.820984e+01   2.916635e+01   1.505412e+04   5.410768e+04   1.363138e+05  -3.129463e+00   8.706953e-01   1.444712e-23   1.474304e+05   8.172009e-46   0.000000e+00   0.000000e+00
     6552000   6.551999e-05   1.086525e+00   1.821417e+01   2.917726e+01   1.505412e+04   5.410768e+04   1.363138e+05  -3.079169e+00   8.567023e-01   2.638019e-24   1.474304e+05   7.911454e-46   0.000000e+00   0.000000e+00
     6560000   6.559999e-05   1.087729e+00   1.821850e+01   2.918816e+01   1.505412e+04   5.410768e+04   1.363138e+05  -3.028875e+00   8.427093e-01   1.468246e-23   1.474304e+05   7.655120e-46   0.000000e+00   0.000000e+00
     6568000   6.567999e-05   1.088934e+00   1.822283e+01   2.919907e+01   1.505412e+04   5.410768e+04   1.363138e+05  -2.978581e+00   8.287162e-01   2.672740e-23   1.474304e+05   7.403008e-46   0.000000e+00   0.000000e+00
     6576000   6.575999e-05   1.090138e+00   1.822715e+01   2.920997e+01   1.505412e+04   5.410768e+04   1.363138e+05  -2.144059e+00   5.965310e-01   7.764048e-25   1.474304e+05   3.835764e-46   0.000000e+00   0.000000e+00
     6584000   6.583999e-05   1.091342e+00   1.823148e+01   2.922088e+01   1.505412e+04   5.410768e+04   1.363138e+05  -2.319324e+00   6.452944e-01   2.586576e-24   1.474304e+05   4.488510e-46   0.000000e+00   0.000000e+00
     6592000   6.591999e-05   1.092547e+00   1.823581e+01   2.923178e+01   1.505412e+04   5.410768e+04   1.363138e+05  -2.494590e+00   6.940577e-01   1.035897e-23   1.474304e+05   5.192520e-46   0.000000e+00   0.000000e+00
     6600000   6.599999e-05   1.093751e+00   1.824014e+01   2.924269e+01   1.505412e+04   5.410768e+04   1.363138e+05  -2.669856e+00   7.428210e-01   6.203543e-24   1.474304e+05   5.947794e-46   0.000000e+00   0.000000e+00
     6608000   6.607999e-05   1.094955e+00   1.824447e+01   2.925359e+01   1.505412e+04   5.410768e+04   1.363138e+05  -2.845122e+00   7.915844e-01  -9.879776e-24   1.474304e+05   6.754332e-46   0.000000e+00   0.000000e+00
     6616000   6.615999e-05   1.096160e+00   1.824880e+01   2.926450e+01   1.505412e+04   5.410768e+04   1.363138e+05  -3.020387e+00   8.403477e-01  -1.403781e-23   1.474304e+05   7.612134e-46   0.000000e+00   0.000000e+00
     6624000   6.623999e-05   1.097364e+00   1.825313e+01   2.927540e+01   1.505412e+04   5.410768e+04   1.363138e+05  -3.195653e+00   8.891111e-01  -6.270654e-24   1.474304e+05   8.521200e-46   0.000000e+00   0.000000e+00
     6632000   6.631999e-05   1.098568e+00   1.825745e+01   2.928631e+01   1.505412e+04   5.410768e+04   1.363138e+05  -3.370919e+00   9.378744e-01   1.494986e-24   1.474304e+05   9.481530e-46   0.000000e+00   0.000000e+00
     6640000   6.639999e-05   1.099773e+00   1.826178e+01   2.929721e+01   1.505412e+04   5.410768e+04   1.363138e+05  -3.546185e+00   9.866378e-01   2.118565e-23   1.474304e+05   1.049312e-45   0.000000e+00   0.000000e+00
     6648000   6.647999e-05   1.100977e+00   1.826611e+01   2.930812e+01   1.505412e+04   5.410768e+04   1.363138e+05  -3.908534e+00   1.087453e+00  -1.206179e-23   1.474304e+05   1.274741e-45   0.000000e+00   0.000000e+00
     6656000   6.655999e-05   1.102181e+00   1.827044e+01   2.931902e+01   1.505412e+04   5.410768e+04   1.363138e+05  -3.662797e+00   1.019082e+00  -1.497411e-23   1.474304e+05   1.119491e-45   0.000000e+00   0.000000e+00
     6664000   6.663999e-05   1.103386e+00   1.827477e+01   2.932993e+01   1.505412e+04   5.410768e+04   1.363138e+05  -3.417061e+00   9.507122e-01  -1.788404e-23   1.474304e+05   9.743177e-46   0.000000e+00   0.000000e+00
     6672000   6.671999e-05   1.104590e+00   1.827910e+01   2.934083e+01   1.505412e+04   5.410768e+04   1.363138e+05  -3.171324e+00   8.823420e-01  -8.865078e-24   1.474304e+05   8.392222e-46   0.000000e+00   0.000000e+00
     6680000   6.679999e-05   1.105794e+00   1.828343e+01   2.935174e+01   1.505412e+04   5.410768e+04   1.363138e+05  -2.925587e+00   8.139718e-01   1.560613e-25   1.474304e+05   7.142044e-46   0.000000e+00   0.000000e+00
     6688000   6.687999e-05   1.106999e+00   1.828775e+01   2.936264e+01   1.505412e+04   5.410768e+04   1.363138e+05  -2.679850e+00   7.456016e-01  -2.747528e-24   1.474304e+05   5.992642e-46   0.000000e+00   0.000000e+00
     6696000   6.695999e-05   1.108203e+00   1.829208e+01   2.937355e+01   1.505412e+04   5.410768e+04   1.363138e+05  -2.434113e+00   6.772315e-01   6.277298e-24   1.474304e+05   4.944016e-46   0.000000e+00   0.000000e+00
     6704000   6.703999e-05   1.109407e+00   1.829641e+01   2.938445e+01   1.505412e+04   5.410768e+04   1.363138e+05  -2.188376e+00   6.088613e-01   3.377141e-24   1.474304e+05   3.996167e-46   0.000000e+00   0.000000e+00
     6712000   6.711999e-05   1.110612e+00   1.830074e+01   2.939536e+01   1.505412e+04   5.410768e+04   1.363138e+05  -4.147147e+00   1.153841e+00   2.227584e-23   1.474304e+05   1.435112e-45   0.000000e+00   0.000000e+00
     6720000   6.719999e-05   1.111816e+00   1.830507e+01   2.940626e+01   1.505412e+04   5.410768e+04   1.363138e+05  -4.060824e+00   1.129823e+00   1.611784e-23   1.474304e+05   1.375993e-45   0.000000e+00   0.000000e+00
     6728000   6.727999e-05   1.113020e+00   1.830940e+01   2.941717e+01   1.505412e+04   5.410768e+04   1.363138e+05  -4.042706e+00   1.124782e+00  -1.186456e-23   1.474304e+05   1.363742e-45   0.000000e+00   0.000000e+00
     6736000   6.735999e-05   1.114225e+00   1.831373e+01   2.942807e+01   1.505412e+04   5.410768e+04   1.363138e+05  -4.024588e+00   1.119742e+00  -4.066929e-24   1.474304e+05   1.351546e-45   0.000000e+00   0.000000e+00
     6744000   6.743999e-05   1.115429e+00   1.831806e+01   2.943898e+01   1.505412e+04   5.410768e+04   1.363138e+05  -4.006470e+00   1.114701e+00   3.730830e-24   1.474304e+05   1.339404e-45   0.000000e+00   0.000000e+00
     6752000   6.751999e-05   1.116633e+00   1.832238e+01   2.944988e+01   1.505412e+04   5.410768e+04   1.363138e+05  -3.988352e+00   1.109660e+00  -2.425118e-23   1.474304e+05   1.327318e-45   0.000000e+00   0.000000e+00
     6760000   6.759999e-05   1.117838e+00   1.832671e+01   2.946079e+01   1.505412e+04   5.410768e+04   1.363138e+05  -3.970234e+00   1.104619e+00   7.400101e-24   1.474304e+05   1.315286e-45   0.000000e+00   0.000000e+00
     6768000   6.767999e-05   1.119042e+00   1.833104e+01   2.947169e+01   1.505412e+04   5.410768e+04   1.363138e+05  -3.952117e+00   1.099578e+00   3.271613e-24   1.474304e+05   1.303309e-45   0.000000e+00   0.000000e+00
     6776000   6.775999e-05   1.120246e+00   1.833537e+01   2.948260e+01   1.505412e+04   5.410768e+04   1.363138e+05  -3.933999e+00   1.094537e+00   1.106989e-23   1.474304e+05   1.291387e-45   0.000000e+00   0.000000e+00
