       time             b_x              b_y              b_z              F_x              F_y              F_z
  0.00000000e+00   0.00000000e+00   0.00000000e+00  -4.75862731e-07   4.69682479e-23   5.27998532e-22   0.00000000e+00
  8.00000000e-08   0.00000000e+00   0.00000000e+00  -2.24555935e-06   2.21630375e-22   2.49158497e-21  -1.88010346e-47
  1.60000000e-07   0.00000000e+00   0.00000000e+00  -2.43706782e-06   2.40483206e-22   2.70407961e-21  -2.21446405e-47
  2.40000000e-07   0.00000000e+00   0.00000000e+00  -2.62857646e-06   2.59324149e-22   2.91657549e-21  -2.57617436e-47
  3.20000000e-07   0.00000000e+00   0.00000000e+00  -2.82008528e-06   2.78152268e-22   3.12907271e-21  -2.96523451e-47
  4.00000000e-07   0.00000000e+00   0.00000000e+00  -3.01159430e-06   2.96966630e-22   3.34157137e-21  -3.38164460e-47
  4.80000000e-07   0.00000000e+00   0.00000000e+00  -3.20310351e-06   3.15766301e-22   3.55407156e-21  -3.82540474e-47
  5.60000000e-07   0.00000000e+00   0.00000000e+00  -3.39461295e-06   3.34550345e-22   3.76657339e-21  -4.29651505e-47
  6.40000000e-07   0.00000000e+00   0.00000000e+00  -3.58612262e-06   3.53317830e-22   3.97907694e-21  -4.79497566e-47
  7.20000000e-07   0.00000000e+00   0.00000000e+00  -3.77763253e-06   3.72067819e-22   4.19158231e-21  -5.32078672e-47
  8.00000000e-07   0.00000000e+00   0.00000000e+00  -1.69591934e-06   1.66996852e-22   1.88176013e-21  -1.07242250e-47
  8.80000000e-07   0.00000000e+00   0.00000000e+00  -1.48348060e-06   1.46057998e-22   1.64604389e-21  -8.20580562e-48
  9.60000000e-07   0.00000000e+00   0.00000000e+00  -1.27104174e-06   1.25127172e-22   1.41032681e-21  -6.02392711e-48
  1.04000000e-06   0.00000000e+00   0.00000000e+00  -1.05860278e-06   1.04203222e-22   1.17460899e-21  -4.17859022e-48
  1.12000000e-06   0.00000000e+00   0.00000000e+00  -8.46163732e-07   8.32850009e-23   9.38890575e-22  -2.66979556e-48
  1.20000000e-06   0.00000000e+00   0.00000000e+00  -6.33724614e-07   6.23713582e-23   7.03171673e-22  -1.49754362e-48
  1.28000000e-06   0.00000000e+00   0.00000000e+00  -4.21285444e-07   4.14611446e-23   4.67452408e-22  -6.61834788e-49
  1.36000000e-06   0.00000000e+00   0.00000000e+00  -2.08846240e-07   2.05532106e-23   2.31732902e-22  -1.62669335e-49
  1.44000000e-06   0.00000000e+00   0.00000000e+00  -2.15679621e-06   2.12252040e-22   2.39315171e-21  -1.73440500e-47
  1.52000000e-06   0.00000000e+00   0.00000000e+00  -2.34830698e-06   2.31053791e-22   2.60565345e-21  -2.05609330e-47
  1.60000000e-06   0.00000000e+00   0.00000000e+00  -2.53981791e-06   2.49844086e-22   2.81815637e-21  -2.40513196e-47
  1.68000000e-06   0.00000000e+00   0.00000000e+00  -2.73132901e-06   2.68621990e-22   3.03066059e-21  -2.78152109e-47
  1.76000000e-06   0.00000000e+00   0.00000000e+00  -2.92284030e-06   2.87386570e-22   3.24316620e-21  -3.18526078e-47
  1.84000000e-06   0.00000000e+00   0.00000000e+00  -3.11435179e-06   3.06136890e-22   3.45567329e-21  -3.61635115e-47
  1.92000000e-06   0.00000000e+00   0.00000000e+00  -3.30586349e-06   3.24872017e-22   3.66818196e-21  -4.07479231e-47
  2.00000000e-06   0.00000000e+00   0.00000000e+00  -3.49737542e-06   3.43591016e-22   3.88069231e-21  -4.56058439e-47
  2.08000000e-06   0.00000000e+00   0.00000000e+00  -3.68888759e-06   3.62292953e-22   4.09320444e-21  -5.07372753e-47
  2.16000000e-06   0.00000000e+00   0.00000000e+00  -1.42887557e-06   1.40303475e-22   1.58548864e-21  -7.61284341e-48
  2.24000000e-06   0.00000000e+00   0.00000000e+00  -1.21643416e-06   1.19429848e-22   1.34976363e-21  -5.51744627e-48
  2.32000000e-06   0.00000000e+00   0.00000000e+00  -1.00399266e-06   9.85628038e-23   1.11403793e-21  -3.75859890e-48
  2.40000000e-06   0.00000000e+00   0.00000000e+00  -7.91551073e-07   7.77011921e-23   8.78311656e-22  -2.33630188e-48
  2.48000000e-06   0.00000000e+00   0.00000000e+00  -5.79109422e-07   5.68438635e-23   6.42584932e-22  -1.25055566e-48
  2.56000000e-06   0.00000000e+00   0.00000000e+00  -3.66667724e-07   3.59896687e-23   4.06857877e-22  -5.01360603e-49
  2.64000000e-06   0.00000000e+00   0.00000000e+00  -1.54225996e-07   1.51374579e-23   1.71130613e-22  -8.87169588e-50
  2.72000000e-06   0.00000000e+00   0.00000000e+00   5.82157447e-08  -5.71391818e-24  -6.45967390e-23  -1.26248594e-50
  2.80000000e-06   0.00000000e+00   0.00000000e+00  -2.06807079e-06   2.02981343e-22   2.29475096e-21  -1.59464010e-47
  2.88000000e-06   0.00000000e+00   0.00000000e+00  -2.25958365e-06   2.21736774e-22   2.50725912e-21  -1.90366086e-47
  2.96000000e-06   0.00000000e+00   0.00000000e+00  -2.45109667e-06   2.40481181e-22   2.71976843e-21  -2.24003255e-47
  3.04000000e-06   0.00000000e+00   0.00000000e+00  -2.64260985e-06   2.59213631e-22   2.93227898e-21  -2.60375528e-47
  3.12000000e-06   0.00000000e+00   0.00000000e+00  -2.83412321e-06   2.77933188e-22   3.14479087e-21  -2.99482915e-47
  3.20000000e-06   0.00000000e+00   0.00000000e+00  -3.02563676e-06   2.96638918e-22   3.35730420e-21  -3.41325425e-47
  3.28000000e-06   0.00000000e+00   0.00000000e+00  -3.21715053e-06   3.15329887e-22   3.56981906e-21  -3.85903071e-47
  3.36000000e-06   0.00000000e+00   0.00000000e+00  -3.40866451e-06   3.34005161e-22   3.78233556e-21  -4.33215864e-47
  3.44000000e-06   0.00000000e+00   0.00000000e+00  -3.60017872e-06   3.52663804e-22   3.99485377e-21  -4.83263818e-47
  3.52000000e-06   0.00000000e+00   0.00000000e+00  -1.16178878e-06   1.13784421e-22   1.28915352e-21  -5.03287504e-48
  3.60000000e-06   0.00000000e+00   0.00000000e+00  -9.49344961e-07   9.29693665e-23   1.05342063e-21  -3.36058071e-48
  3.68000000e-06   0.00000000e+00   0.00000000e+00  -7.36901060e-07   7.21594490e-23   8.17687198e-22  -2.02484413e-48
  3.76000000e-06   0.00000000e+00   0.00000000e+00  -5.24457099e-07   5.13535191e-23   5.81953347e-22  -1.02566574e-48
  3.84000000e-06   0.00000000e+00   0.00000000e+00  -3.12013095e-07   3.05504273e-23   3.46219198e-22  -3.63045869e-49
  3.92000000e-06   0.00000000e+00   0.00000000e+00  -9.95690650e-08   9.74902388e-24   1.10484871e-22  -3.69847271e-50
  4.00000000e-06   0.00000000e+00   0.00000000e+00   1.12874973e-07  -1.10518406e-23  -1.25249512e-22  -4.74824238e-50
  4.08000000e-06   0.00000000e+00   0.00000000e+00   3.25319001e-07  -3.18533159e-23  -3.60983831e-22  -3.94538956e-49
  4.16000000e-06   0.00000000e+00   0.00000000e+00  -1.97937960e-06   1.93811086e-22   2.19637947e-21  -1.46079613e-47
  4.24000000e-06   0.00000000e+00   0.00000000e+00  -2.17089434e-06   2.12524959e-22   2.40889340e-21  -1.75715361e-47
  4.32000000e-06   0.00000000e+00   0.00000000e+00  -2.36240923e-06   2.31228241e-22   2.62140843e-21  -2.08086256e-47
  4.40000000e-06   0.00000000e+00   0.00000000e+00  -2.55392429e-06   2.49919997e-22   2.83392466e-21  -2.43192305e-47
  4.48000000e-06   0.00000000e+00   0.00000000e+00  -2.74543951e-06   2.68599293e-22   3.04644218e-21  -2.81033519e-47
  4.56000000e-06   0.00000000e+00   0.00000000e+00  -2.93695493e-06   2.87265194e-22   3.25896109e-21  -3.21609907e-47
  4.64000000e-06   0.00000000e+00   0.00000000e+00  -3.12847054e-06   3.05916767e-22   3.47148148e-21  -3.64921481e-47
  4.72000000e-06   0.00000000e+00   0.00000000e+00  -3.31998637e-06   3.24553076e-22   3.68400346e-21  -4.10968253e-47
  4.80000000e-06   0.00000000e+00   0.00000000e+00  -3.51150243e-06   3.43173187e-22   3.89652711e-21  -4.59750235e-47
  4.88000000e-06   0.00000000e+00   0.00000000e+00  -8.94663210e-07   8.74195101e-23   9.92761355e-22  -2.98460508e-48
  4.96000000e-06   0.00000000e+00   0.00000000e+00  -6.82217216e-07   6.66563708e-23   7.57021459e-22  -1.73548592e-48
  5.04000000e-06   0.00000000e+00   0.00000000e+00  -4.69771166e-07   4.58969234e-23   5.21281175e-22  -8.22931618e-49
  5.12000000e-06   0.00000000e+00   0.00000000e+00  -2.57325078e-07   2.51400183e-23   2.85540624e-22  -2.46942474e-49
  5.20000000e-06   0.00000000e+00   0.00000000e+00  -4.48789692e-08   4.38450567e-24   4.97999272e-23  -7.51867807e-51
  5.28000000e-06   0.00000000e+00   0.00000000e+00   1.67567144e-07  -1.63707640e-23  -1.85940795e-22  -1.04660307e-49
  5.36000000e-06   0.00000000e+00   0.00000000e+00   3.80013243e-07  -3.71269405e-23  -4.21681423e-22  -5.38367330e-49
  5.44000000e-06   0.00000000e+00   0.00000000e+00   5.92459311e-07  -5.78851733e-23  -6.57421834e-22  -1.30863960e-48
  5.52000000e-06   0.00000000e+00   0.00000000e+00  -1.89071912e-06   1.84734064e-22   2.09803401e-21  -1.33286133e-47
  5.60000000e-06   0.00000000e+00   0.00000000e+00  -2.08223554e-06   2.03411140e-22   2.31055305e-21  -1.61655937e-47
  5.68000000e-06   0.00000000e+00   0.00000000e+00  -2.27375210e-06   2.22078058e-22   2.52307315e-21  -1.92760932e-47
  5.76000000e-06   0.00000000e+00   0.00000000e+00  -2.46526882e-06   2.40733882e-22   2.73559440e-21  -2.26601128e-47
  5.84000000e-06   0.00000000e+00   0.00000000e+00  -2.65678571e-06   2.59377679e-22   2.94811689e-21  -2.63176533e-47
  5.92000000e-06   0.00000000e+00   0.00000000e+00  -2.84830278e-06   2.78008513e-22   3.16064072e-21  -3.02487158e-47
  6.00000000e-06   0.00000000e+00   0.00000000e+00  -3.03982004e-06   2.96625450e-22   3.37316599e-21  -3.44533013e-47
  6.08000000e-06   0.00000000e+00   0.00000000e+00  -3.23133751e-06   3.15227555e-22   3.58569280e-21  -3.89314110e-47
  6.16000000e-06   0.00000000e+00   0.00000000e+00  -3.42285520e-06   3.33813895e-22   3.79822124e-21  -4.36830461e-47
  6.24000000e-06   0.00000000e+00   0.00000000e+00  -6.27503060e-07   6.11885485e-23   6.96318693e-22  -1.46828509e-48
  6.32000000e-06   0.00000000e+00   0.00000000e+00  -4.15055144e-07   4.04706669e-23   4.60572665e-22  -6.42405290e-49
  6.40000000e-06   0.00000000e+00   0.00000000e+00  -2.02607194e-07   1.97550314e-23   2.24826402e-22  -1.53096583e-49
  6.48000000e-06   0.00000000e+00   0.00000000e+00   9.84077318e-09  -9.59507631e-25  -1.09199764e-23  -3.59131305e-52
  6.56000000e-06   0.00000000e+00   0.00000000e+00   2.22288739e-07  -2.16740998e-23  -2.46666349e-22  -1.84192985e-49
  6.64000000e-06   0.00000000e+00   0.00000000e+00   4.34736687e-07  -4.23898949e-23  -4.82412595e-22  -7.04598085e-49
  6.72000000e-06   0.00000000e+00   0.00000000e+00   6.47184599e-07  -6.31080426e-23  -7.18158596e-22  -1.56157426e-48
  6.80000000e-06   0.00000000e+00   0.00000000e+00   8.59632459e-07  -8.38296926e-23  -9.53904229e-22  -2.75512123e-48
  6.88000000e-06   0.00000000e+00   0.00000000e+00  -1.80208585e-06   1.75743094e-22   1.99971133e-21  -1.21082491e-47
  6.96000000e-06   0.00000000e+00   0.00000000e+00  -1.99360374e-06   1.94388137e-22   2.21223483e-21  -1.48186686e-47
  7.04000000e-06   0.00000000e+00   0.00000000e+00  -2.18512177e-06   2.13023453e-22   2.42475934e-21  -1.78026112e-47
  7.12000000e-06   0.00000000e+00   0.00000000e+00  -2.37663995e-06   2.31648108e-22   2.63728495e-21  -2.10600778e-47
  7.20000000e-06   0.00000000e+00   0.00000000e+00  -2.56815829e-06   2.50261167e-22   2.84981177e-21  -2.45910693e-47
  7.28000000e-06   0.00000000e+00   0.00000000e+00  -2.75967681e-06   2.68861696e-22   3.06233987e-21  -2.83955867e-47
  7.36000000e-06   0.00000000e+00   0.00000000e+00  -2.95119551e-06   2.87448761e-22   3.27486937e-21  -3.24736310e-47
  7.44000000e-06   0.00000000e+00   0.00000000e+00  -3.14271442e-06   3.06021426e-22   3.48740035e-21  -3.68252034e-47
  7.52000000e-06   0.00000000e+00   0.00000000e+00  -3.33423354e-06   3.24578757e-22   3.69993292e-21  -4.14503049e-47
  7.60000000e-06   0.00000000e+00   0.00000000e+00  -3.60312548e-07   3.50713309e-23   3.99832061e-22  -4.84133041e-49
  7.68000000e-06   0.00000000e+00   0.00000000e+00  -1.47862957e-07   1.43920483e-23   1.64080772e-22  -8.15486344e-50
  7.76000000e-06   0.00000000e+00   0.00000000e+00   6.45866459e-08  -6.28643416e-24  -7.16706011e-23  -1.55406860e-50
  7.84000000e-06   0.00000000e+00   0.00000000e+00   2.77036243e-07  -2.69652661e-23  -3.07421938e-22  -2.86109217e-49
  7.92000000e-06   0.00000000e+00   0.00000000e+00   4.89485818e-07  -4.76455972e-23  -5.43173117e-22  -8.93254139e-49
  8.00000000e-06   0.00000000e+00   0.00000000e+00   7.01935353e-07  -6.83285772e-23  -7.78924020e-22  -1.83697525e-48
  8.08000000e-06   0.00000000e+00   0.00000000e+00   9.14384831e-07  -8.90153559e-23  -1.01467452e-21  -3.11727225e-48
  8.16000000e-06   0.00000000e+00   0.00000000e+00   1.12683423e-06  -1.09707083e-22  -1.25042451e-21  -4.73414472e-48
  8.24000000e-06   0.00000000e+00   0.00000000e+00  -1.71347628e-06   1.66830993e-22   1.90140818e-21  -1.09467700e-47
  8.32000000e-06   0.00000000e+00   0.00000000e+00  -1.90499544e-06   1.85448766e-22   2.11393549e-21  -1.35306574e-47
  8.40000000e-06   0.00000000e+00   0.00000000e+00  -2.09651473e-06   2.04057245e-22   2.32646376e-21  -1.63880715e-47
  8.48000000e-06   0.00000000e+00   0.00000000e+00  -2.28803416e-06   2.22655494e-22   2.53899308e-21  -1.95190131e-47
  8.56000000e-06   0.00000000e+00   0.00000000e+00  -2.47955375e-06   2.41242580e-22   2.75152356e-21  -2.29234828e-47
  8.64000000e-06   0.00000000e+00   0.00000000e+00  -2.67107350e-06   2.59817567e-22   2.96405529e-21  -2.66014818e-47
  8.72000000e-06   0.00000000e+00   0.00000000e+00  -2.86259345e-06   2.78379522e-22   3.17658836e-21  -3.05530110e-47
  8.80000000e-06   0.00000000e+00   0.00000000e+00  -3.05411358e-06   2.96927509e-22   3.38912287e-21  -3.47780714e-47
  8.88000000e-06   0.00000000e+00   0.00000000e+00  -3.24563393e-06   3.15460595e-22   3.60165892e-21  -3.92766643e-47
  8.96000000e-06   0.00000000e+00   0.00000000e+00  -9.30958819e-08   9.04764562e-24   1.03307970e-22  -3.23333432e-50
  9.04000000e-06   0.00000000e+00   0.00000000e+00   1.19355135e-07  -1.15996990e-23  -1.32447713e-22  -5.30922184e-50
  9.12000000e-06   0.00000000e+00   0.00000000e+00   3.31806143e-07  -3.22476895e-23  -3.68203329e-22  -4.10432041e-49
  9.20000000e-06   0.00000000e+00   0.00000000e+00   5.44257123e-07  -5.28974756e-23  -6.03958758e-22  -1.10435270e-48
  9.28000000e-06   0.00000000e+00   0.00000000e+00   7.56708059e-07  -7.35502071e-23  -8.39713879e-22  -2.13485395e-48
  9.36000000e-06   0.00000000e+00   0.00000000e+00   9.69158933e-07  -9.42070339e-23  -1.07546857e-21  -3.50193548e-48
  9.44000000e-06   0.00000000e+00   0.00000000e+00   1.18160973e-06  -1.14869105e-22  -1.31122272e-21  -5.20559682e-48
  9.52000000e-06   0.00000000e+00   0.00000000e+00   1.39406043e-06  -1.35537572e-22  -1.54697619e-21  -7.24583743e-48
  9.60000000e-06   0.00000000e+00   0.00000000e+00  -1.62488690e-06   1.57990585e-22   1.80312128e-21  -9.84408632e-48
  9.68000000e-06   0.00000000e+00   0.00000000e+00  -1.81640712e-06   1.76585852e-22   2.01565174e-21  -1.23014662e-47
  9.76000000e-06   0.00000000e+00   0.00000000e+00  -2.00792746e-06   1.95172257e-22   2.22818312e-21  -1.50323756e-47
  9.84000000e-06   0.00000000e+00   0.00000000e+00  -2.19944794e-06   2.13748865e-22   2.44071551e-21  -1.80368152e-47
  9.92000000e-06   0.00000000e+00   0.00000000e+00  -2.39096857e-06   2.32314741e-22   2.65324901e-21  -2.13147858e-47
  1.00000000e-05   0.00000000e+00   0.00000000e+00  -2.58248937e-06   2.50868951e-22   2.86578371e-21  -2.48662884e-47
  1.00800000e-05   0.00000000e+00   0.00000000e+00  -2.77401033e-06   2.69410560e-22   3.07831970e-21  -2.86913239e-47
  1.01600000e-05   0.00000000e+00   0.00000000e+00  -2.96553149e-06   2.87938634e-22   3.29085710e-21  -3.27898933e-47
  1.02400000e-05   0.00000000e+00   0.00000000e+00  -3.15705286e-06   3.06452238e-22   3.50339598e-21  -3.71619979e-47
  1.03200000e-05   0.00000000e+00   0.00000000e+00   1.74142729e-07  -1.69027326e-23  -1.93247082e-22  -1.13036879e-49
  1.04000000e-05   0.00000000e+00   0.00000000e+00   3.86594925e-07  -3.75248003e-23  -4.29006296e-22  -5.57178775e-49
  1.04800000e-05   0.00000000e+00   0.00000000e+00   5.99047089e-07  -5.81489602e-23  -6.64765292e-22  -1.33790524e-48
  1.05600000e-05   0.00000000e+00   0.00000000e+00   8.11499205e-07  -7.87763621e-23  -9.00523950e-22  -2.45521601e-48
  1.06400000e-05   0.00000000e+00   0.00000000e+00   1.02395125e-06  -9.94081558e-23  -1.13628215e-21  -3.90911072e-48
  1.07200000e-05   0.00000000e+00   0.00000000e+00   1.23640322e-06  -1.20045491e-22  -1.37203977e-21  -5.69958891e-48
  1.08000000e-05   0.00000000e+00   0.00000000e+00   1.44885508e-06  -1.40689517e-22  -1.60779669e-21  -7.82664998e-48
  1.08800000e-05   0.00000000e+00   0.00000000e+00   1.66130683e-06  -1.61341385e-22  -1.84355279e-21  -1.02902932e-47
  1.09600000e-05   0.00000000e+00   0.00000000e+00  -1.53631421e-06   1.49214696e-22   1.70484736e-21  -8.80011795e-48
  1.10400000e-05   0.00000000e+00   0.00000000e+00  -1.72783528e-06   1.67792222e-22   1.91738033e-21  -1.11310100e-47
  1.11200000e-05   0.00000000e+00   0.00000000e+00  -1.91935647e-06   1.86361318e-22   2.12991417e-21  -1.37354339e-47
  1.12000000e-05   0.00000000e+00   0.00000000e+00  -2.11087779e-06   2.04921048e-22   2.34244897e-21  -1.66133902e-47
  1.12800000e-05   0.00000000e+00   0.00000000e+00  -2.30239925e-06   2.23470480e-22   2.55498484e-21  -1.97648797e-47
  1.13600000e-05   0.00000000e+00   0.00000000e+00  -2.49392088e-06   2.42008676e-22   2.76752186e-21  -2.31899033e-47
  1.14400000e-05   0.00000000e+00   0.00000000e+00  -2.68544267e-06   2.60534705e-22   2.98006014e-21  -2.68884620e-47
  1.15200000e-05   0.00000000e+00   0.00000000e+00  -2.87696465e-06   2.79047629e-22   3.19259976e-21  -3.08605568e-47
  1.16000000e-05   0.00000000e+00   0.00000000e+00  -3.06848682e-06   2.97546516e-22   3.40514083e-21  -3.51061886e-47
  1.16800000e-05   0.00000000e+00   0.00000000e+00   4.41399081e-07  -4.28000326e-23  -4.89826614e-22  -7.26361009e-49
  1.17600000e-05   0.00000000e+00   0.00000000e+00   6.53852208e-07  -6.34034846e-23  -7.25588496e-22  -1.59391752e-48
  1.18400000e-05   0.00000000e+00   0.00000000e+00   8.66305281e-07  -8.40104752e-23  -9.61350010e-22  -2.79806135e-48
  1.19200000e-05   0.00000000e+00   0.00000000e+00   1.07875828e-06  -1.04622154e-22  -1.19711104e-21  -4.33879209e-48
  1.20000000e-05   0.00000000e+00   0.00000000e+00   1.29121120e-06  -1.25239672e-22  -1.43287145e-21  -6.21610925e-48
  1.20800000e-05   0.00000000e+00   0.00000000e+00   1.50366401e-06  -1.45864177e-22  -1.66863114e-21  -8.43001221e-48
  1.21600000e-05   0.00000000e+00   0.00000000e+00   1.71611669e-06  -1.66496820e-22  -1.90438998e-21  -1.09805002e-47
  1.22400000e-05   0.00000000e+00   0.00000000e+00   1.92856924e-06  -1.87138751e-22  -2.14014785e-21  -1.38675725e-47
  1.23200000e-05   0.00000000e+00   0.00000000e+00  -1.44775468e-06   1.40496156e-22   1.60658314e-21  -7.81479391e-48
  1.24000000e-05   0.00000000e+00   0.00000000e+00  -1.63927640e-06   1.59060707e-22   1.81911797e-21  -1.00192134e-47
  1.24800000e-05   0.00000000e+00   0.00000000e+00  -1.83079823e-06   1.77617259e-22   2.03165362e-21  -1.24971662e-47
  1.25600000e-05   0.00000000e+00   0.00000000e+00  -2.02232019e-06   1.96164877e-22   2.24419019e-21  -1.52486532e-47
  1.26400000e-05   0.00000000e+00   0.00000000e+00  -2.21384228e-06   2.14702629e-22   2.45672778e-21  -1.82736751e-47
  1.27200000e-05   0.00000000e+00   0.00000000e+00  -2.40536453e-06   2.33229577e-22   2.66926647e-21  -2.15722326e-47
  1.28000000e-05   0.00000000e+00   0.00000000e+00  -2.59688694e-06   2.51744790e-22   2.88180638e-21  -2.51443267e-47
  1.28800000e-05   0.00000000e+00   0.00000000e+00  -2.78840953e-06   2.70247330e-22   3.09434759e-21  -2.89899584e-47
  1.29600000e-05   0.00000000e+00   0.00000000e+00  -2.97993230e-06   2.88736265e-22   3.30689020e-21  -3.31091288e-47
  1.30400000e-05   0.00000000e+00   0.00000000e+00   7.08668969e-07  -6.86644931e-23  -7.86424149e-22  -1.87238959e-48
  1.31200000e-05   0.00000000e+00   0.00000000e+00   9.21122780e-07  -8.92559925e-23  -1.02218784e-21  -3.16338418e-48
  1.32000000e-05   0.00000000e+00   0.00000000e+00   1.13357651e-06  -1.09852477e-22  -1.25795101e-21  -4.79096795e-48
  1.32800000e-05   0.00000000e+00   0.00000000e+00   1.34603016e-06  -1.30455097e-22  -1.49371354e-21  -6.75514038e-48
  1.33600000e-05   0.00000000e+00   0.00000000e+00   1.55848369e-06  -1.51065001e-22  -1.72947532e-21  -9.05590082e-48
  1.34400000e-05   0.00000000e+00   0.00000000e+00   1.77093710e-06  -1.71683340e-22  -1.96523621e-21  -1.16932485e-47
  1.35200000e-05   0.00000000e+00   0.00000000e+00   1.98339036e-06  -1.92311263e-22  -2.20099611e-21  -1.46671826e-47
  1.36000000e-05   0.00000000e+00   0.00000000e+00   2.19584346e-06  -2.12949921e-22  -2.43675488e-21  -1.79777022e-47
  1.36800000e-05   0.00000000e+00   0.00000000e+00  -1.35920482e-06   1.31827801e-22   1.50832533e-21  -6.88805251e-48
  1.37600000e-05   0.00000000e+00   0.00000000e+00  -1.55072698e-06   1.50384140e-22   1.72086137e-21  -8.96600987e-48
  1.38400000e-05   0.00000000e+00   0.00000000e+00  -1.74224925e-06   1.68932914e-22   1.93339818e-21  -1.13175018e-47
  1.39200000e-05   0.00000000e+00   0.00000000e+00  -1.93377163e-06   1.87473186e-22   2.14593587e-21  -1.39425288e-47
  1.40000000e-05   0.00000000e+00   0.00000000e+00  -2.12529415e-06   2.06004022e-22   2.35847453e-21  -1.68410918e-47
  1.40800000e-05   0.00000000e+00   0.00000000e+00  -2.31681681e-06   2.24524489e-22   2.57101426e-21  -2.00131915e-47
  1.41600000e-05   0.00000000e+00   0.00000000e+00  -2.50833963e-06   2.43033650e-22   2.78355515e-21  -2.34588287e-47
  1.42400000e-05   0.00000000e+00   0.00000000e+00  -2.69986262e-06   2.61530572e-22   2.99609731e-21  -2.71780045e-47
  1.43200000e-05   0.00000000e+00   0.00000000e+00  -2.89138580e-06   2.80014321e-22   3.20864081e-21  -3.11707197e-47
  1.44000000e-05   0.00000000e+00   0.00000000e+00   9.75948192e-07  -9.45163541e-23  -1.08303322e-21  -3.55117297e-48
  1.44800000e-05   0.00000000e+00   0.00000000e+00  -2.95914341e-07   2.86588930e-23   3.28383197e-22  -3.26479549e-49
  1.45600000e-05   0.00000000e+00   0.00000000e+00  -3.44912472e-07   3.34033542e-23   3.82757673e-22  -4.43551762e-49
  1.46400000e-05   0.00000000e+00   0.00000000e+00  -3.93910610e-07   3.81473848e-23   4.37132193e-22  -5.78527205e-49
  1.47200000e-05   0.00000000e+00   0.00000000e+00  -4.42908754e-07   4.28909237e-23   4.91506765e-22  -7.31405887e-49
  1.48000000e-05   0.00000000e+00   0.00000000e+00  -4.91906906e-07   4.76339098e-23   5.45881393e-22  -9.02187821e-49
  1.48800000e-05   0.00000000e+00   0.00000000e+00  -5.40905067e-07   5.23762817e-23   6.00256085e-22  -1.09087302e-48
  1.49600000e-05   0.00000000e+00   0.00000000e+00  -5.89903238e-07   5.71179785e-23   6.54630846e-22  -1.29746149e-48
  1.50400000e-05   0.00000000e+00   0.00000000e+00  -1.79630119e-07   1.73921458e-23   1.99340242e-22  -1.20318183e-49
  1.51200000e-05   0.00000000e+00   0.00000000e+00  -1.28317186e-07   1.24237574e-23   1.42396952e-22  -6.13981102e-50
  1.52000000e-05   0.00000000e+00   0.00000000e+00  -7.70042500e-08   7.45553674e-24   8.54536450e-23  -2.21127966e-50
  1.52800000e-05   0.00000000e+00   0.00000000e+00  -2.56913127e-08   2.48741676e-24   2.85103275e-23  -2.46224549e-51
  1.53600000e-05   0.00000000e+00   0.00000000e+00   2.56216251e-08  -2.48066964e-24  -2.84329934e-23  -2.44645826e-51
  1.54400000e-05   0.00000000e+00   0.00000000e+00   7.69345624e-08  -7.44878953e-24  -8.53763109e-23  -2.20654350e-50
  1.55200000e-05   0.00000000e+00   0.00000000e+00   1.28247498e-07  -1.24170100e-23  -1.42319618e-22  -6.13191741e-50
  1.56000000e-05   0.00000000e+00   0.00000000e+00   1.79560432e-07  -1.73853981e-23  -1.99262908e-22  -1.20207673e-49
  1.56800000e-05   0.00000000e+00   0.00000000e+00   2.30873361e-07  -2.23540209e-23  -2.56206173e-22  -1.98730926e-49
  1.57600000e-05   0.00000000e+00   0.00000000e+00  -2.44650588e-07   2.36876783e-23   2.71495146e-22  -2.23158132e-49
  1.58400000e-05   0.00000000e+00   0.00000000e+00  -2.93648774e-07   2.84311324e-23   3.25869771e-22  -3.21499425e-49
  1.59200000e-05   0.00000000e+00   0.00000000e+00  -3.42646964e-07   3.31742199e-23   3.80244433e-22  -4.37743984e-49
  1.60000000e-05   0.00000000e+00   0.00000000e+00  -3.91645161e-07   3.79168797e-23   4.34619140e-22  -5.71891816e-49
  1.60800000e-05   0.00000000e+00   0.00000000e+00  -4.40643365e-07   4.26590506e-23   4.88993897e-22  -7.23942931e-49
  1.61600000e-05   0.00000000e+00   0.00000000e+00  -4.89641577e-07   4.74006714e-23   5.43368710e-22  -8.93897341e-49
  1.62400000e-05   0.00000000e+00   0.00000000e+00  -5.38639797e-07   5.21416811e-23   5.97743587e-22  -1.08175506e-48
  1.63200000e-05   0.00000000e+00   0.00000000e+00  -5.87638027e-07   5.68820183e-23   6.52118533e-22  -1.28751609e-48
  1.64000000e-05   0.00000000e+00   0.00000000e+00  -1.42544544e-07   1.37974424e-23   1.58185758e-22  -7.57673709e-50
  1.64800000e-05   0.00000000e+00   0.00000000e+00  -9.12315476e-08   8.83056665e-24   1.01242266e-22  -3.10379539e-50
  1.65600000e-05   0.00000000e+00   0.00000000e+00  -3.99185491e-08   3.86381013e-24   4.42987613e-23  -5.94334561e-51
  1.66400000e-05   0.00000000e+00   0.00000000e+00   1.13944501e-08  -1.10289420e-24  -1.26447488e-23  -4.83548001e-52
  1.67200000e-05   0.00000000e+00   0.00000000e+00   6.27074490e-08  -6.06961343e-24  -6.95882575e-23  -1.46585615e-50
  1.68000000e-05   0.00000000e+00   0.00000000e+00   1.14020447e-07  -1.10364146e-23  -1.26531758e-22  -4.84683850e-50
  1.68800000e-05   0.00000000e+00   0.00000000e+00   1.65333442e-07  -1.60033649e-23  -1.83475242e-22  -1.01913016e-49
  1.69600000e-05   0.00000000e+00   0.00000000e+00   2.16646435e-07  -2.09705312e-23  -2.40418705e-22  -1.74992450e-49
  1.70400000e-05   0.00000000e+00   0.00000000e+00   2.67959423e-07  -2.59379808e-23  -2.97362137e-22  -2.67706682e-49
  1.71200000e-05   0.00000000e+00   0.00000000e+00  -2.42385938e-07   2.34622053e-23   2.68982547e-22  -2.19045749e-49
  1.72000000e-05   0.00000000e+00   0.00000000e+00  -2.91384178e-07   2.82044213e-23   3.23357339e-22  -3.16559687e-49
  1.72800000e-05   0.00000000e+00   0.00000000e+00  -3.40382422e-07   3.29462734e-23   3.77732169e-22  -4.31976930e-49
  1.73600000e-05   0.00000000e+00   0.00000000e+00  -3.89380672e-07   3.76877007e-23   4.32107043e-22  -5.65297485e-49
  1.74400000e-05   0.00000000e+00   0.00000000e+00  -4.38378929e-07   4.24286419e-23   4.86481967e-22  -7.16521362e-49
  1.75200000e-05   0.00000000e+00   0.00000000e+00  -4.87377194e-07   4.71690359e-23   5.40856947e-22  -8.85648572e-49
  1.76000000e-05   0.00000000e+00   0.00000000e+00  -5.36375468e-07   5.19088215e-23   5.95231990e-22  -1.07267913e-48
  1.76800000e-05   0.00000000e+00   0.00000000e+00  -5.85373751e-07   5.66479375e-23   6.49607103e-22  -1.27761304e-48
  1.77600000e-05   0.00000000e+00   0.00000000e+00  -1.05457962e-07   1.02050258e-23   1.17029949e-22  -4.14718597e-50
  1.78400000e-05   0.00000000e+00   0.00000000e+00  -5.41449085e-08   5.23949356e-24   6.00862762e-23  -1.09335217e-50
  1.79200000e-05   0.00000000e+00   0.00000000e+00  -2.83185390e-09   2.74032103e-25   3.14259574e-24  -3.00364600e-53
  1.80000000e-05   0.00000000e+00   0.00000000e+00   4.84812007e-08  -4.69142565e-24  -5.38010851e-23  -8.76140481e-51
  1.80800000e-05   0.00000000e+00   0.00000000e+00   9.97942544e-08  -9.65694677e-24  -1.10744759e-22  -3.71276261e-50
  1.81600000e-05   0.00000000e+00   0.00000000e+00   1.51107306e-07  -1.46225983e-23  -1.67688420e-22  -8.51286981e-50
  1.82400000e-05   0.00000000e+00   0.00000000e+00   2.02420355e-07  -1.95884475e-23  -2.24632061e-22  -1.52764617e-49
  1.83200000e-05   0.00000000e+00   0.00000000e+00   2.53733400e-07  -2.45545612e-23  -2.81575673e-22  -2.40035378e-49
  1.84000000e-05   0.00000000e+00   0.00000000e+00   3.05046440e-07  -2.95210066e-23  -3.38519252e-22  -3.46940974e-49
  1.84800000e-05   0.00000000e+00   0.00000000e+00  -2.40122165e-07   2.32376144e-23   2.66470850e-22  -2.14973180e-49
  1.85600000e-05   0.00000000e+00   0.00000000e+00  -2.89120452e-07   2.79787305e-23   3.20845791e-22  -3.11660068e-49
  1.86400000e-05   0.00000000e+00   0.00000000e+00  -3.38118743e-07   3.27194857e-23   3.75220770e-22  -4.26250296e-49
  1.87200000e-05   0.00000000e+00   0.00000000e+00  -3.87117041e-07   3.74598189e-23   4.29595792e-22  -5.58743870e-49
  1.88000000e-05   0.00000000e+00   0.00000000e+00  -4.36115346e-07   4.21996687e-23   4.83970864e-22  -7.09140802e-49
  1.88800000e-05   0.00000000e+00   0.00000000e+00  -4.85113658e-07   4.69389742e-23   5.38345993e-22  -8.77441100e-49
  1.89600000e-05   0.00000000e+00   0.00000000e+00  -5.34111979e-07   5.16776741e-23   5.92721184e-22  -1.06364478e-48
  1.90400000e-05   0.00000000e+00   0.00000000e+00  -5.83110310e-07   5.64157073e-23   6.47096443e-22  -1.26775185e-48
  1.91200000e-05   0.00000000e+00   0.00000000e+00  -6.83704821e-08   6.61458930e-24   7.58729638e-23  -1.74325412e-50
  1.92000000e-05   0.00000000e+00   0.00000000e+00  -1.70573781e-08   1.65023156e-24   1.89291319e-23  -1.08565802e-51
  1.92800000e-05   0.00000000e+00   0.00000000e+00   3.42557261e-08  -3.31410388e-24  -3.80147024e-23  -4.37366624e-51
  1.93600000e-05   0.00000000e+00   0.00000000e+00   8.55688297e-08  -8.27848409e-24  -9.49585319e-23  -2.72965656e-50
  1.94400000e-05   0.00000000e+00   0.00000000e+00   1.36881932e-07  -1.32429762e-23  -1.51902350e-22  -6.98543544e-50
  1.95200000e-05   0.00000000e+00   0.00000000e+00   1.88195031e-07  -1.82076472e-23  -2.08846149e-22  -1.32047029e-49
  1.96000000e-05   0.00000000e+00   0.00000000e+00   2.39508127e-07  -2.31725642e-23  -2.65789923e-22  -2.13874586e-49
  1.96800000e-05   0.00000000e+00   0.00000000e+00   2.90821218e-07  -2.81377943e-23  -3.22733665e-22  -3.15337017e-49
  1.97600000e-05   0.00000000e+00   0.00000000e+00   3.42134303e-07  -3.31034045e-23  -3.79677367e-22  -4.36434315e-49
  1.98400000e-05   0.00000000e+00   0.00000000e+00  -2.37859166e-07   2.30138764e-23   2.63959944e-22  -2.10940200e-49
  1.99200000e-05   0.00000000e+00   0.00000000e+00  -2.86857495e-07   2.77540311e-23   3.18335016e-22  -3.06800308e-49
  2.00000000e-05   0.00000000e+00   0.00000000e+00  -3.35855828e-07   3.24938277e-23   3.72710125e-22  -4.20563785e-49
  2.00800000e-05   0.00000000e+00   0.00000000e+00  -3.84854167e-07   3.72332051e-23   4.27085277e-22  -5.52230639e-49
  2.01600000e-05   0.00000000e+00   0.00000000e+00  -4.33852514e-07   4.19721020e-23   4.81460479e-22  -7.01800880e-49
  2.02400000e-05   0.00000000e+00   0.00000000e+00  -4.82850868e-07   4.67104573e-23   5.35835737e-22  -8.69274519e-49
  2.03200000e-05   0.00000000e+00   0.00000000e+00  -5.31849230e-07   5.14482099e-23   5.90211056e-22  -1.05465157e-48
  2.04000000e-05   0.00000000e+00   0.00000000e+00  -5.80847602e-07   5.61852986e-23   6.44586444e-22  -1.25793204e-48
  2.04800000e-05   0.00000000e+00   0.00000000e+00  -3.12822141e-08   3.02582645e-24   3.47149510e-23  -3.65018588e-51
  2.05600000e-05   0.00000000e+00   0.00000000e+00   2.00309338e-08  -1.93752588e-24  -2.22290176e-23  -1.49508591e-51
  2.06400000e-05   0.00000000e+00   0.00000000e+00   7.13440813e-08  -6.90090440e-24  -7.91729836e-23  -1.89749107e-50
  2.07200000e-05   0.00000000e+00   0.00000000e+00   1.22657227e-07  -1.18643762e-23  -1.36116940e-22  -5.60896589e-50
  2.08000000e-05   0.00000000e+00   0.00000000e+00   1.73970371e-07  -1.68280083e-23  -1.93060880e-22  -1.12839328e-49
  2.08800000e-05   0.00000000e+00   0.00000000e+00   2.25283512e-07  -2.17918678e-23  -2.50004796e-22  -1.89223913e-49
  2.09600000e-05   0.00000000e+00   0.00000000e+00   2.76596648e-07  -2.67560218e-23  -3.06948681e-22  -2.85243408e-49
  2.10400000e-05   0.00000000e+00   0.00000000e+00   3.27909778e-07  -3.17205374e-23  -3.63892529e-22  -4.00897806e-49
  2.11200000e-05   0.00000000e+00   0.00000000e+00   3.79222903e-07  -3.66854817e-23  -4.20836333e-22  -5.36187098e-49
  2.12000000e-05   0.00000000e+00   0.00000000e+00  -2.35596841e-07   2.27909623e-23   2.61449721e-22  -2.06946593e-49
  2.12800000e-05   0.00000000e+00   0.00000000e+00  -2.84595205e-07   2.75302939e-23   3.15824904e-22  -3.01980152e-49
  2.13600000e-05   0.00000000e+00   0.00000000e+00  -3.33593574e-07   3.22692703e-23   3.70200125e-22  -4.14917107e-49
  2.14400000e-05   0.00000000e+00   0.00000000e+00  -3.82591949e-07   3.70078302e-23   4.24575388e-22  -5.45757464e-49
  2.15200000e-05   0.00000000e+00   0.00000000e+00  -4.31590331e-07   4.17459126e-23   4.78950700e-22  -6.94501234e-49
  2.16000000e-05   0.00000000e+00   0.00000000e+00  -4.80588721e-07   4.64834561e-23   5.33326068e-22  -8.61148428e-49
  2.16800000e-05   0.00000000e+00   0.00000000e+00  -5.29587119e-07   5.12203998e-23   5.87701498e-22  -1.04569906e-48
  2.17600000e-05   0.00000000e+00   0.00000000e+00  -5.78585526e-07   5.59566824e-23   6.42076996e-22  -1.24815313e-48
  2.18400000e-05   0.00000000e+00   0.00000000e+00   5.80673235e-09  -5.61569376e-25  -6.44393945e-24  -1.25442752e-52
  2.19200000e-05   0.00000000e+00   0.00000000e+00   5.71199177e-08  -5.52408538e-24  -6.33880229e-23  -1.21624072e-50
  2.20000000e-05   0.00000000e+00   0.00000000e+00   1.08433102e-07  -1.04866761e-23  -1.20332099e-22  -4.38343244e-50
  2.20800000e-05   0.00000000e+00   0.00000000e+00   1.59746284e-07  -1.54494085e-23  -1.77276160e-22  -9.51411919e-50
  2.21600000e-05   0.00000000e+00   0.00000000e+00   2.11059463e-07  -2.04123497e-23  -2.34220199e-22  -1.66083006e-49
  2.22400000e-05   0.00000000e+00   0.00000000e+00   2.62372638e-07  -2.53755669e-23  -2.91164210e-22  -2.56659761e-49
  2.23200000e-05   0.00000000e+00   0.00000000e+00   3.13685808e-07  -3.03391270e-23  -3.48108185e-22  -3.66871449e-49
  2.24000000e-05   0.00000000e+00   0.00000000e+00   3.64998972e-07  -3.53030971e-23  -4.05052118e-22  -4.96718063e-49
  2.24800000e-05   0.00000000e+00   0.00000000e+00   4.16312129e-07  -4.02675445e-23  -4.61996001e-22  -6.46199593e-49
  2.25600000e-05   0.00000000e+00   0.00000000e+00  -2.33335089e-07   2.25688429e-23   2.58940068e-22  -2.02992148e-49
  2.26400000e-05   0.00000000e+00   0.00000000e+00  -2.82333483e-07   2.73074898e-23   3.13315344e-22  -2.97199355e-49
  2.27200000e-05   0.00000000e+00   0.00000000e+00  -3.31331881e-07   3.20457843e-23   3.67690657e-22  -4.09309978e-49
  2.28000000e-05   0.00000000e+00   0.00000000e+00  -3.80330286e-07   3.67836652e-23   4.22066013e-22  -5.39324025e-49
  2.28800000e-05   0.00000000e+00   0.00000000e+00  -4.29328698e-07   4.15210714e-23   4.76441418e-22  -6.87241507e-49
  2.29600000e-05   0.00000000e+00   0.00000000e+00  -4.78327117e-07   4.62579416e-23   5.30816877e-22  -8.53062433e-49
  2.30400000e-05   0.00000000e+00   0.00000000e+00  -5.27325544e-07   5.09942147e-23   5.85192399e-22  -1.03678682e-48
  2.31200000e-05   0.00000000e+00   0.00000000e+00  -5.76323981e-07   5.57298295e-23   6.39567988e-22  -1.23841467e-48
  2.32000000e-05   0.00000000e+00   0.00000000e+00   4.28962476e-08  -4.14790478e-24  -4.76035583e-23  -6.85883971e-51
  2.32800000e-05   0.00000000e+00   0.00000000e+00   9.42094639e-08  -9.10975350e-24  -1.04547735e-22  -3.30881024e-50
  2.33600000e-05   0.00000000e+00   0.00000000e+00   1.45522678e-07  -1.40717254e-23  -1.61491898e-22  -7.89523405e-50
  2.34400000e-05   0.00000000e+00   0.00000000e+00   1.96835890e-07  -1.90338875e-23  -2.18436042e-22  -1.44451550e-49
  2.35200000e-05   0.00000000e+00   0.00000000e+00   2.48149098e-07  -2.39963069e-23  -2.75380159e-22  -2.29585727e-49
  2.36000000e-05   0.00000000e+00   0.00000000e+00   2.99462301e-07  -2.89590507e-23  -3.32324243e-22  -3.34354864e-49
  2.36800000e-05   0.00000000e+00   0.00000000e+00   3.50775499e-07  -3.39221860e-23  -3.89268286e-22  -4.58758953e-49
  2.37600000e-05   0.00000000e+00   0.00000000e+00   4.02088689e-07  -3.88857798e-23  -4.46212281e-22  -6.02797985e-49
  2.38400000e-05   0.00000000e+00   0.00000000e+00   4.53401872e-07  -4.38498992e-23  -5.03156222e-22  -7.66471948e-49
  2.39200000e-05   0.00000000e+00   0.00000000e+00  -2.31073807e-07   2.23474892e-23   2.56430875e-22  -1.99076663e-49
  2.40000000e-05   0.00000000e+00   0.00000000e+00  -2.80072225e-07   2.70855898e-23   3.10806226e-22  -2.92457675e-49
  2.40800000e-05   0.00000000e+00   0.00000000e+00  -3.29070648e-07   3.18233409e-23   3.65181613e-22  -4.03742121e-49
  2.41600000e-05   0.00000000e+00   0.00000000e+00  -3.78069076e-07   3.65606811e-23   4.19557042e-22  -5.32930009e-49
  2.42400000e-05   0.00000000e+00   0.00000000e+00  -4.27067512e-07   4.12975494e-23   4.73932520e-22  -6.80021348e-49
  2.43200000e-05   0.00000000e+00   0.00000000e+00  -4.76065954e-07   4.60338846e-23   5.28308053e-22  -8.45016149e-49
  2.44000000e-05   0.00000000e+00   0.00000000e+00  -5.25064406e-07   5.07696255e-23   5.82683647e-22  -1.02791442e-48
  2.44800000e-05   0.00000000e+00   0.00000000e+00  -5.74062866e-07   5.55047109e-23   6.37059309e-22  -1.22871618e-48
  2.45600000e-05   0.00000000e+00   0.00000000e+00   7.99862220e-08  -7.73348643e-24  -8.87637564e-23  -2.38507833e-50
  2.46400000e-05   0.00000000e+00   0.00000000e+00   1.31299463e-07  -1.26948370e-23  -1.45708003e-22  -6.42725308e-50
  2.47200000e-05   0.00000000e+00   0.00000000e+00   1.82612701e-07  -1.76563592e-23  -2.02652233e-22  -1.24329271e-49
  2.48000000e-05   0.00000000e+00   0.00000000e+00   2.33925936e-07  -2.26181201e-23  -2.59596437e-22  -2.04020999e-49
  2.48800000e-05   0.00000000e+00   0.00000000e+00   2.85239166e-07  -2.75801868e-23  -3.16540610e-22  -3.03347709e-49
  2.49600000e-05   0.00000000e+00   0.00000000e+00   3.36552391e-07  -3.25426263e-23  -3.73484745e-22  -4.22309394e-49
  2.50400000e-05   0.00000000e+00   0.00000000e+00   3.87865609e-07  -3.75055059e-23  -4.30428833e-22  -5.60906043e-49
  2.51200000e-05   0.00000000e+00   0.00000000e+00   4.39178820e-07  -4.24688924e-23  -4.87372869e-22  -7.19137647e-49
  2.52000000e-05   0.00000000e+00   0.00000000e+00   4.90492023e-07  -4.74328531e-23  -5.44316846e-22  -8.97004193e-49
  2.52800000e-05   0.00000000e+00   0.00000000e+00  -2.28812896e-07   2.21268722e-23   2.53922032e-22  -1.95199941e-49
  2.53600000e-05   0.00000000e+00   0.00000000e+00  -2.77811332e-07   2.68645649e-23   3.08297438e-22  -2.87754881e-49
  2.54400000e-05   0.00000000e+00   0.00000000e+00  -3.26809773e-07   3.16019108e-23   3.62672881e-22  -3.98213268e-49
  2.55200000e-05   0.00000000e+00   0.00000000e+00  -3.75808219e-07   3.63388488e-23   4.17048365e-22  -5.26575109e-49
  2.56000000e-05   0.00000000e+00   0.00000000e+00  -4.24806672e-07   4.10753176e-23   4.71423898e-22  -6.72840414e-49
  2.56800000e-05   0.00000000e+00   0.00000000e+00  -4.73805132e-07   4.58112561e-23   5.25799485e-22  -8.37009194e-49
  2.57600000e-05   0.00000000e+00   0.00000000e+00  -5.22803601e-07   5.05466032e-23   5.80175133e-22  -1.01908146e-48
  2.58400000e-05   0.00000000e+00   0.00000000e+00  -5.71802080e-07   5.52812976e-23   6.34550849e-22  -1.21905722e-48
  2.59200000e-05   0.00000000e+00   0.00000000e+00   1.17076546e-07  -1.13186210e-23  -1.29924384e-22  -5.11015589e-50
  2.60000000e-05   0.00000000e+00   0.00000000e+00   1.68389805e-07  -1.62796424e-23  -1.86868680e-22  -1.05715930e-49
  2.60800000e-05   0.00000000e+00   0.00000000e+00   2.19703061e-07  -2.12408840e-23  -2.43812953e-22  -1.79965306e-49
  2.61600000e-05   0.00000000e+00   0.00000000e+00   2.71016312e-07  -2.62024128e-23  -3.00757197e-22  -2.73849681e-49
  2.62400000e-05   0.00000000e+00   0.00000000e+00   3.22329558e-07  -3.11642959e-23  -3.57701404e-22  -3.87369048e-49
  2.63200000e-05   0.00000000e+00   0.00000000e+00   3.73642798e-07  -3.61266003e-23  -4.14645567e-22  -5.20523398e-49
  2.64000000e-05   0.00000000e+00   0.00000000e+00   4.24956031e-07  -4.10893932e-23  -4.71589679e-22  -6.73312720e-49
  2.64800000e-05   0.00000000e+00   0.00000000e+00   4.76269256e-07  -4.60527416e-23  -5.28533734e-22  -8.45737004e-49
  2.65600000e-05   0.00000000e+00   0.00000000e+00  -1.77553811e-07   1.71692570e-23   1.97038014e-22  -1.17536287e-49
  2.66400000e-05   0.00000000e+00   0.00000000e+00  -2.26552254e-07   2.19069630e-23   2.51413428e-22  -1.91361792e-49
  2.67200000e-05   0.00000000e+00   0.00000000e+00  -2.75550702e-07   2.66443862e-23   3.05788871e-22  -2.83090745e-49
  2.68000000e-05   0.00000000e+00   0.00000000e+00  -3.24549154e-07   3.13814654e-23   3.60164350e-22  -3.92723154e-49
  2.68800000e-05   0.00000000e+00   0.00000000e+00  -3.73547613e-07   3.61181394e-23   4.14539871e-22  -5.20259026e-49
  2.69600000e-05   0.00000000e+00   0.00000000e+00  -4.22546077e-07   4.08543472e-23   4.68915439e-22  -6.65698370e-49
  2.70400000e-05   0.00000000e+00   0.00000000e+00  -4.71544550e-07   4.55900275e-23   5.23291062e-22  -8.29041197e-49
  2.71200000e-05   0.00000000e+00   0.00000000e+00  -5.20543031e-07   5.03251191e-23   5.77666746e-22  -1.01028752e-48
  2.72000000e-05   0.00000000e+00   0.00000000e+00  -5.69541521e-07   5.50595610e-23   6.32042497e-22  -1.20943735e-48
  2.72800000e-05   0.00000000e+00   0.00000000e+00   1.54167110e-07  -1.49036150e-23  -1.71085292e-22  -8.86113304e-50
  2.73600000e-05   0.00000000e+00   0.00000000e+00   2.05480380e-07  -1.98644765e-23  -2.28029615e-22  -1.57418418e-49
  2.74400000e-05   0.00000000e+00   0.00000000e+00   2.56793647e-07  -2.48256066e-23  -2.84973911e-22  -2.45860516e-49
  2.75200000e-05   0.00000000e+00   0.00000000e+00   3.08106909e-07  -2.97870723e-23  -3.41918171e-22  -3.53937619e-49
  2.76000000e-05   0.00000000e+00   0.00000000e+00   3.59420164e-07  -3.47489409e-23  -3.98862389e-22  -4.81649719e-49
  2.76800000e-05   0.00000000e+00   0.00000000e+00   4.10733413e-07  -3.97112792e-23  -4.55806559e-22  -6.28996804e-49
  2.77600000e-05   0.00000000e+00   0.00000000e+00   4.62046654e-07  -4.46741545e-23  -5.12750674e-22  -7.95978864e-49
  2.78400000e-05   0.00000000e+00   0.00000000e+00   5.13359886e-07  -4.96376338e-23  -5.69694725e-22  -9.82595887e-49
  2.79200000e-05   0.00000000e+00   0.00000000e+00  -1.75293330e-07   1.69501602e-23   1.94529520e-22  -1.14562470e-49
  2.80000000e-05   0.00000000e+00   0.00000000e+00  -2.24291780e-07   2.16877322e-23   2.48904952e-22  -1.87562033e-49
  2.80800000e-05   0.00000000e+00   0.00000000e+00  -2.73290234e-07   2.64250242e-23   3.03280414e-22  -2.78465048e-49
  2.81600000e-05   0.00000000e+00   0.00000000e+00  -3.22288692e-07   3.11619750e-23   3.57655911e-22  -3.87271523e-49
  2.82400000e-05   0.00000000e+00   0.00000000e+00  -3.71287156e-07   3.58985236e-23   4.12031449e-22  -5.13981466e-49
  2.83200000e-05   0.00000000e+00   0.00000000e+00  -4.20285627e-07   4.06346086e-23   4.66407035e-22  -6.58594885e-49
  2.84000000e-05   0.00000000e+00   0.00000000e+00  -4.69284105e-07   4.53701690e-23   5.20782675e-22  -8.21111790e-49
  2.84800000e-05   0.00000000e+00   0.00000000e+00  -5.18282592e-07   5.01051436e-23   5.75158375e-22  -1.00153219e-48
  2.85600000e-05   0.00000000e+00   0.00000000e+00  -5.67281088e-07   5.48394711e-23   6.29534142e-22  -1.19985611e-48
  2.86400000e-05   0.00000000e+00   0.00000000e+00   1.91257804e-07  -1.84887753e-23  -2.12246332e-22  -1.36380141e-49
  2.87200000e-05   0.00000000e+00   0.00000000e+00   2.42571080e-07  -2.34496459e-23  -2.69190660e-22  -2.19379988e-49
  2.88000000e-05   0.00000000e+00   0.00000000e+00   2.93884351e-07  -2.84108335e-23  -3.26134955e-22  -3.22014849e-49
  2.88800000e-05   0.00000000e+00   0.00000000e+00   3.18029551e-13  -3.07458517e-29  -3.52929756e-28  -3.77133401e-61
  2.89600000e-05   0.00000000e+00   0.00000000e+00   2.64977953e-13  -2.56170310e-29  -2.94056336e-28  -2.61808146e-61
  2.90400000e-05   0.00000000e+00   0.00000000e+00   2.11926356e-13  -2.04882102e-29  -2.35182916e-28  -1.67470784e-61
  2.91200000e-05   0.00000000e+00   0.00000000e+00   1.58874758e-13  -1.53593895e-29  -1.76309496e-28  -9.41213169e-62
  2.92000000e-05   0.00000000e+00   0.00000000e+00   1.05823161e-13  -1.02305688e-29  -1.17436076e-28  -4.17597435e-62
  2.92800000e-05   0.00000000e+00   0.00000000e+00   2.28358556e-13  -2.20768110e-29  -2.53418367e-28  -1.94424881e-61
  2.93600000e-05   0.00000000e+00   0.00000000e+00   2.80241130e-13  -2.70926151e-29  -3.10994477e-28  -2.92809784e-61
  2.94400000e-05   0.00000000e+00   0.00000000e+00   3.32123704e-13  -3.21084193e-29  -3.68570587e-28  -4.11267812e-61
  2.95200000e-05   0.00000000e+00   0.00000000e+00   3.84006279e-13  -3.71242234e-29  -4.26146696e-28  -5.49798963e-61
  2.96000000e-05   0.00000000e+00   0.00000000e+00   4.35888853e-13  -4.21400275e-29  -4.83722806e-28  -7.08403238e-61
  2.96800000e-05   0.00000000e+00   0.00000000e+00   4.87771427e-13  -4.71558317e-29  -5.41298916e-28  -8.87080637e-61
  2.97600000e-05   0.00000000e+00   0.00000000e+00   5.39654002e-13  -5.21716358e-29  -5.98875026e-28  -1.08583116e-60
  2.98400000e-05   0.00000000e+00   0.00000000e+00   5.91536576e-13  -5.71874400e-29  -6.56451136e-28  -1.30465481e-60
  2.99200000e-05   0.00000000e+00   0.00000000e+00   6.43419151e-13  -6.22032441e-29  -7.14027245e-28  -1.54355158e-60
  3.00000000e-05   0.00000000e+00   0.00000000e+00   4.23876245e-13  -4.09786957e-29  -4.70391948e-28  -6.69936564e-61
  3.00800000e-05   0.00000000e+00   0.00000000e+00   3.70824648e-13  -3.58498750e-29  -4.11518528e-28  -5.12736995e-61
  3.01600000e-05   0.00000000e+00   0.00000000e+00   3.17773050e-13  -3.07210542e-29  -3.52645108e-28  -3.76525321e-61
  3.02400000e-05   0.00000000e+00   0.00000000e+00   2.64721453e-13  -2.55922335e-29  -2.93771688e-28  -2.61301540e-61
  3.03200000e-05   0.00000000e+00   0.00000000e+00   2.11669856e-13  -2.04634128e-29  -2.34898268e-28  -1.67065653e-61
  3.04000000e-05   0.00000000e+00   0.00000000e+00   1.58618258e-13  -1.53345921e-29  -1.76024848e-28  -9.38176608e-62
  3.04800000e-05   0.00000000e+00   0.00000000e+00   1.05566661e-13  -1.02057714e-29  -1.17151427e-28  -4.15575622e-62
  3.05600000e-05   0.00000000e+00   0.00000000e+00   5.25150632e-14  -5.07695068e-30  -5.82780073e-29  -1.02853576e-62
  3.06400000e-05   0.00000000e+00   0.00000000e+00   2.61793261e-13  -2.53091474e-29  -2.90522159e-28  -2.55527321e-61
  3.07200000e-05   0.00000000e+00   0.00000000e+00   3.13675835e-13  -3.03249515e-29  -3.48098269e-28  -3.66847955e-61
  3.08000000e-05   0.00000000e+00   0.00000000e+00   3.65558410e-13  -3.53407557e-29  -4.05674379e-28  -4.98241712e-61
  3.08800000e-05   0.00000000e+00   0.00000000e+00   4.17440984e-13  -4.03565598e-29  -4.63250489e-28  -6.49708594e-61
  3.09600000e-05   0.00000000e+00   0.00000000e+00   4.69323558e-13  -4.53723639e-29  -5.20826598e-28  -8.21248599e-61
  3.10400000e-05   0.00000000e+00   0.00000000e+00   5.21206133e-13  -5.03881681e-29  -5.78402708e-28  -1.01286173e-60
  3.11200000e-05   0.00000000e+00   0.00000000e+00   5.73088707e-13  -5.54039722e-29  -6.35978818e-28  -1.22454798e-60
  3.12000000e-05   0.00000000e+00   0.00000000e+00   6.24971281e-13  -6.04197764e-29  -6.93554928e-28  -1.45630736e-60
  3.12800000e-05   0.00000000e+00   0.00000000e+00   6.76853856e-13  -6.54355805e-29  -7.51131038e-28  -1.70813986e-60
  3.13600000e-05   0.00000000e+00   0.00000000e+00   3.70568148e-13  -3.58250775e-29  -4.11233880e-28  -5.12027931e-61
  3.14400000e-05   0.00000000e+00   0.00000000e+00   3.17516550e-13  -3.06962568e-29  -3.52360460e-28  -3.75917731e-61
  3.15200000e-05   0.00000000e+00   0.00000000e+00   2.64464953e-13  -2.55674361e-29  -2.93487040e-28  -2.60795425e-61
  3.16000000e-05   0.00000000e+00   0.00000000e+00   2.11413355e-13  -2.04386154e-29  -2.34613620e-28  -1.66661013e-61
  3.16800000e-05   0.00000000e+00   0.00000000e+00   1.58361758e-13  -1.53097947e-29  -1.75740199e-28  -9.35144954e-62
  3.17600000e-05   0.00000000e+00   0.00000000e+00   1.05310160e-13  -1.01809740e-29  -1.16866779e-28  -4.13558716e-62
  3.18400000e-05   0.00000000e+00   0.00000000e+00   5.22585630e-14  -5.05215325e-30  -5.79933590e-29  -1.01851417e-62
  3.19200000e-05   0.00000000e+00   0.00000000e+00  -7.93034431e-16   7.66674636e-32   8.80061139e-31  -2.30585629e-66
  3.20000000e-05   0.00000000e+00   0.00000000e+00   2.95227966e-13  -2.85414838e-29  -3.27625951e-28  -3.24965939e-61
  3.20800000e-05   0.00000000e+00   0.00000000e+00   3.47110540e-13  -3.35572879e-29  -3.85202061e-28  -4.49222303e-61
  3.21600000e-05   0.00000000e+00   0.00000000e+00   3.98993115e-13  -3.85730921e-29  -4.42778171e-28  -5.93551790e-61
  3.22400000e-05   0.00000000e+00   0.00000000e+00   4.50875689e-13  -4.35888962e-29  -5.00354281e-28  -7.57954402e-61
  3.23200000e-05   0.00000000e+00   0.00000000e+00   5.02758264e-13  -4.86047004e-29  -5.57930391e-28  -9.42430137e-61
  3.24000000e-05   0.00000000e+00   0.00000000e+00   5.54640838e-13  -5.36205045e-29  -6.15506500e-28  -1.14697900e-60
  3.24800000e-05   0.00000000e+00   0.00000000e+00   6.06523412e-13  -5.86363086e-29  -6.73082610e-28  -1.37160098e-60
  3.25600000e-05   0.00000000e+00   0.00000000e+00   6.58405987e-13  -6.36521128e-29  -7.30658720e-28  -1.61629609e-60
  3.26400000e-05   0.00000000e+00   0.00000000e+00   7.10288561e-13  -6.86679169e-29  -7.88234830e-28  -1.88106432e-60
  3.27200000e-05   0.00000000e+00   0.00000000e+00   3.17260050e-13  -3.06714594e-29  -3.52075812e-28  -3.75310632e-61
  3.28000000e-05   0.00000000e+00   0.00000000e+00   2.64208453e-13  -2.55426387e-29  -2.93202391e-28  -2.60289801e-61
  3.28800000e-05   0.00000000e+00   0.00000000e+00   2.11156855e-13  -2.04138180e-29  -2.34328971e-28  -1.66256864e-61
  3.29600000e-05   0.00000000e+00   0.00000000e+00   1.58105258e-13  -1.52849973e-29  -1.75455551e-28  -9.32118206e-62
  3.30400000e-05   0.00000000e+00   0.00000000e+00   1.05053660e-13  -1.01561765e-29  -1.16582131e-28  -4.11546715e-62
  3.31200000e-05   0.00000000e+00   0.00000000e+00   5.20020628e-14  -5.02735582e-30  -5.77087108e-29  -1.00854165e-62
  3.32000000e-05   0.00000000e+00   0.00000000e+00  -1.04953462e-15   1.01464898e-31   1.16470937e-30  -4.05536464e-66
  3.32800000e-05   0.00000000e+00   0.00000000e+00  -5.41011321e-14   5.23028562e-30   6.00381295e-29  -1.09105883e-62
  3.33600000e-05   0.00000000e+00   0.00000000e+00   3.28662671e-13  -3.17738202e-29  -3.64729744e-28  -4.02740734e-61
  3.34400000e-05   0.00000000e+00   0.00000000e+00   3.80545246e-13  -3.67896243e-29  -4.22305853e-28  -5.39932827e-61
  3.35200000e-05   0.00000000e+00   0.00000000e+00   4.32427820e-13  -4.18054285e-29  -4.79881963e-28  -6.97198045e-61
  3.36000000e-05   0.00000000e+00   0.00000000e+00   4.84310394e-13  -4.68212326e-29  -5.37458073e-28  -8.74536387e-61
  3.36800000e-05   0.00000000e+00   0.00000000e+00   5.36192969e-13  -5.18370368e-29  -5.95034183e-28  -1.07194785e-60
  3.37600000e-05   0.00000000e+00   0.00000000e+00   5.88075543e-13  -5.68528409e-29  -6.52610293e-28  -1.28943244e-60
  3.38400000e-05   0.00000000e+00   0.00000000e+00   6.39958118e-13  -6.18686451e-29  -7.10186402e-28  -1.52699016e-60
  3.39200000e-05   0.00000000e+00   0.00000000e+00   6.91840692e-13  -6.68844492e-29  -7.67762512e-28  -1.78462099e-60
  3.40000000e-05   0.00000000e+00   0.00000000e+00   7.43723266e-13  -7.19002534e-29  -8.25338622e-28  -2.06232495e-60
  3.40800000e-05   0.00000000e+00   0.00000000e+00   2.63951952e-13  -2.55178413e-29  -2.92917743e-28  -2.59784667e-61
  3.41600000e-05   0.00000000e+00   0.00000000e+00   2.10900355e-13  -2.03890206e-29  -2.34044323e-28  -1.65853205e-61
  3.42400000e-05   0.00000000e+00   0.00000000e+00   1.57848758e-13  -1.52601998e-29  -1.75170903e-28  -9.29096364e-62
  3.43200000e-05   0.00000000e+00   0.00000000e+00   1.04797160e-13  -1.01313791e-29  -1.16297483e-28  -4.09539621e-62
  3.44000000e-05   0.00000000e+00   0.00000000e+00   5.17455626e-14  -5.00255839e-30  -5.74240626e-29  -9.98618182e-63
  3.44800000e-05   0.00000000e+00   0.00000000e+00  -1.30603481e-15   1.26262331e-31   1.44935760e-30  -6.29549530e-66
  3.45600000e-05   0.00000000e+00   0.00000000e+00  -5.43576323e-14   5.25508305e-30   6.03227778e-29  -1.10143032e-62
  3.46400000e-05   0.00000000e+00   0.00000000e+00  -1.07409230e-13   1.03839038e-29   1.19196198e-28  -4.30102048e-62
  3.47200000e-05   0.00000000e+00   0.00000000e+00   3.62097376e-13  -3.50061566e-29  -4.01833536e-28  -4.88851705e-61
  3.48000000e-05   0.00000000e+00   0.00000000e+00   4.13979951e-13  -4.00219607e-29  -4.59409646e-28  -6.38979529e-61
  3.48800000e-05   0.00000000e+00   0.00000000e+00   4.65862525e-13  -4.50377649e-29  -5.16985755e-28  -8.09180477e-61
  3.49600000e-05   0.00000000e+00   0.00000000e+00   5.17745100e-13  -5.00535690e-29  -5.74561865e-28  -9.99454549e-61
  3.50400000e-05   0.00000000e+00   0.00000000e+00   5.69627674e-13  -5.50693732e-29  -6.32137975e-28  -1.20980174e-60
  3.51200000e-05   0.00000000e+00   0.00000000e+00   6.21510248e-13  -6.00851773e-29  -6.89714085e-28  -1.44022206e-60
  3.52000000e-05   0.00000000e+00   0.00000000e+00   6.73392823e-13  -6.51009815e-29  -7.47290195e-28  -1.69071551e-60
  3.52800000e-05   0.00000000e+00   0.00000000e+00   7.25275397e-13  -7.01167856e-29  -8.04866305e-28  -1.96128207e-60
  3.53600000e-05   0.00000000e+00   0.00000000e+00   7.77157971e-13  -7.51325898e-29  -8.62442414e-28  -2.25192177e-60
  3.54400000e-05   0.00000000e+00   0.00000000e+00   2.10643855e-13  -2.03642231e-29  -2.33759675e-28  -1.65450036e-61
  3.55200000e-05   0.00000000e+00   0.00000000e+00   1.57592257e-13  -1.52354024e-29  -1.74886255e-28  -9.26079429e-62
  3.56000000e-05   0.00000000e+00   0.00000000e+00   1.04540660e-13  -1.01065817e-29  -1.16012835e-28  -4.07537433e-62
  3.56800000e-05   0.00000000e+00   0.00000000e+00   5.14890625e-14  -4.97776096e-30  -5.71394143e-29  -9.88743780e-63
  3.57600000e-05   0.00000000e+00   0.00000000e+00  -1.56253500e-15   1.51059765e-31   1.73400583e-30  -9.02624829e-66
  3.58400000e-05   0.00000000e+00   0.00000000e+00  -5.46141325e-14   5.27988049e-30   6.06074260e-29  -1.11185087e-62
  3.59200000e-05   0.00000000e+00   0.00000000e+00  -1.07665730e-13   1.04087012e-29   1.19480846e-28  -4.32158851e-62
  3.60000000e-05   0.00000000e+00   0.00000000e+00  -1.60717327e-13   1.55375219e-29   1.78354266e-28  -9.63011555e-62
  3.60800000e-05   0.00000000e+00   0.00000000e+00   3.95532082e-13  -3.82384930e-29  -4.38937328e-28  -5.83298854e-61
  3.61600000e-05   0.00000000e+00   0.00000000e+00   4.47414656e-13  -4.32542971e-29  -4.96513438e-28  -7.46362408e-61
  3.62400000e-05   0.00000000e+00   0.00000000e+00   4.99297230e-13  -4.82701013e-29  -5.54089548e-28  -9.29499086e-61
  3.63200000e-05   0.00000000e+00   0.00000000e+00   5.51179805e-13  -5.32859054e-29  -6.11665658e-28  -1.13270889e-60
  3.64000000e-05   0.00000000e+00   0.00000000e+00   6.03062379e-13  -5.83017096e-29  -6.69241767e-28  -1.35599181e-60
  3.64800000e-05   0.00000000e+00   0.00000000e+00   6.54944954e-13  -6.33175137e-29  -7.26817877e-28  -1.59934786e-60
  3.65600000e-05   0.00000000e+00   0.00000000e+00   7.06827528e-13  -6.83333179e-29  -7.84393987e-28  -1.86277704e-60
  3.66400000e-05   0.00000000e+00   0.00000000e+00   7.58710102e-13  -7.33491221e-29  -8.41970097e-28  -2.14627933e-60
  3.67200000e-05   0.00000000e+00   0.00000000e+00   8.10592677e-13  -7.83649262e-29  -8.99546207e-28  -2.44985476e-60
  3.68000000e-05   0.00000000e+00   0.00000000e+00   1.57335757e-13  -1.52106050e-29  -1.74601606e-28  -9.23067399e-62
  3.68800000e-05   0.00000000e+00   0.00000000e+00   1.04284160e-13  -1.00817843e-29  -1.15728186e-28  -4.05540152e-62
  3.69600000e-05   0.00000000e+00   0.00000000e+00   5.12325623e-14  -4.95296353e-30  -5.68547661e-29  -9.78918440e-63
  3.70400000e-05   0.00000000e+00   0.00000000e+00  -1.81903518e-15   1.75857199e-31   2.01865406e-30  -1.22476236e-65
  3.71200000e-05   0.00000000e+00   0.00000000e+00  -5.48706326e-14   5.30467792e-30   6.08920742e-29  -1.12232048e-62
  3.72000000e-05   0.00000000e+00   0.00000000e+00  -1.07922230e-13   1.04334987e-29   1.19765494e-28  -4.34220560e-62
  3.72800000e-05   0.00000000e+00   0.00000000e+00  -1.60973828e-13   1.55623194e-29   1.78638915e-28  -9.66088012e-62
  3.73600000e-05   0.00000000e+00   0.00000000e+00  -2.14025425e-13   2.06911401e-29   2.37512335e-28  -1.70783440e-61
  3.74400000e-05   0.00000000e+00   0.00000000e+00   4.28966787e-13  -4.14708294e-29  -4.76041120e-28  -6.86082179e-61
  3.75200000e-05   0.00000000e+00   0.00000000e+00   4.80849361e-13  -4.64866335e-29  -5.33617230e-28  -8.62081464e-61
  3.76000000e-05   0.00000000e+00   0.00000000e+00   5.32731936e-13  -5.15024377e-29  -5.91193340e-28  -1.05815387e-60
  3.76800000e-05   0.00000000e+00   0.00000000e+00   5.84614510e-13  -5.65182419e-29  -6.48769450e-28  -1.27429940e-60
  3.77600000e-05   0.00000000e+00   0.00000000e+00   6.36497084e-13  -6.15340460e-29  -7.06345560e-28  -1.51051806e-60
  3.78400000e-05   0.00000000e+00   0.00000000e+00   6.88379659e-13  -6.65498502e-29  -7.63921669e-28  -1.76680984e-60
  3.79200000e-05   0.00000000e+00   0.00000000e+00   7.40262233e-13  -7.15656543e-29  -8.21497779e-28  -2.04317474e-60
  3.80000000e-05   0.00000000e+00   0.00000000e+00   7.92144808e-13  -7.65814585e-29  -8.79073889e-28  -2.33961277e-60
  3.80800000e-05   0.00000000e+00   0.00000000e+00   8.44027382e-13  -8.15972626e-29  -9.36649999e-28  -2.65612392e-60
  3.81600000e-05   0.00000000e+00   0.00000000e+00   1.04027660e-13  -1.00569868e-29  -1.15443538e-28  -4.03547776e-62
  3.82400000e-05   0.00000000e+00   0.00000000e+00   5.09760621e-14  -4.92816609e-30  -5.65701179e-29  -9.69142163e-63
  3.83200000e-05   0.00000000e+00   0.00000000e+00  -2.07553537e-15   2.00654633e-31   2.30330229e-30  -1.59596212e-65
  3.84000000e-05   0.00000000e+00   0.00000000e+00  -5.51271328e-14   5.32947536e-30   6.11767225e-29  -1.13283916e-62
  3.84800000e-05   0.00000000e+00   0.00000000e+00  -1.08178730e-13   1.04582961e-29   1.20050143e-28  -4.36287176e-62
  3.85600000e-05   0.00000000e+00   0.00000000e+00  -1.61230328e-13   1.55871168e-29   1.78923563e-28  -9.69169375e-62
  3.86400000e-05   0.00000000e+00   0.00000000e+00  -2.14281925e-13   2.07159375e-29   2.37796983e-28  -1.71193051e-61
  3.87200000e-05   0.00000000e+00   0.00000000e+00  -2.67333523e-13   2.58447583e-29   2.96670403e-28  -2.66457059e-61
  3.88000000e-05   0.00000000e+00   0.00000000e+00   4.62401492e-13  -4.47031658e-29  -5.13144913e-28  -7.97201682e-61
  3.88800000e-05   0.00000000e+00   0.00000000e+00   5.14284067e-13  -4.97189700e-29  -5.70721022e-28  -9.86136696e-61
  3.89600000e-05   0.00000000e+00   0.00000000e+00   5.66166641e-13  -5.47347741e-29  -6.28297132e-28  -1.19514483e-60
  3.90400000e-05   0.00000000e+00   0.00000000e+00   6.18049215e-13  -5.97505783e-29  -6.85873242e-28  -1.42422610e-60
  3.91200000e-05   0.00000000e+00   0.00000000e+00   6.69931790e-13  -6.47663824e-29  -7.43449352e-28  -1.67338048e-60
  3.92000000e-05   0.00000000e+00   0.00000000e+00   7.21814364e-13  -6.97821866e-29  -8.01025462e-28  -1.94260799e-60
  3.92800000e-05   0.00000000e+00   0.00000000e+00   7.73696938e-13  -7.47979907e-29  -8.58601571e-28  -2.23190863e-60
  3.93600000e-05   0.00000000e+00   0.00000000e+00   8.25579513e-13  -7.98137949e-29  -9.16177681e-28  -2.54128238e-60
  3.94400000e-05   0.00000000e+00   0.00000000e+00   8.77462087e-13  -8.48295991e-29  -9.73753791e-28  -2.87072927e-60
  3.95200000e-05   0.00000000e+00   0.00000000e+00   5.07195619e-14  -4.90336866e-30  -5.62854697e-29  -9.59414947e-63
  3.96000000e-05   0.00000000e+00   0.00000000e+00  -2.33203556e-15   2.25452067e-31   2.58795052e-30  -2.01622412e-65
  3.96800000e-05   0.00000000e+00   0.00000000e+00  -5.53836330e-14   5.35427280e-30   6.14613707e-29  -1.14340690e-62
  3.97600000e-05   0.00000000e+00   0.00000000e+00  -1.08435230e-13   1.04830935e-29   1.20334791e-28  -4.38358697e-62
  3.98400000e-05   0.00000000e+00   0.00000000e+00  -1.61486828e-13   1.56119143e-29   1.79208211e-28  -9.72255645e-62
  3.99200000e-05   0.00000000e+00   0.00000000e+00  -2.14538425e-13   2.07407350e-29   2.38081631e-28  -1.71603153e-61
  4.00000000e-05   0.00000000e+00   0.00000000e+00  -2.67590023e-13   2.58695557e-29   2.96955051e-28  -2.66968636e-61
  4.00800000e-05   0.00000000e+00   0.00000000e+00  -3.20641620e-13   3.09983764e-29   3.55828472e-28  -3.83322013e-61
  4.01600000e-05   0.00000000e+00   0.00000000e+00   4.95836197e-13  -4.79355022e-29  -5.50248705e-28  -9.16657362e-61
  4.02400000e-05   0.00000000e+00   0.00000000e+00   5.47718772e-13  -5.29513064e-29  -6.07824815e-28  -1.11852811e-60
  4.03200000e-05   0.00000000e+00   0.00000000e+00   5.99601346e-13  -5.79671105e-29  -6.65400924e-28  -1.34047197e-60
  4.04000000e-05   0.00000000e+00   0.00000000e+00   6.51483921e-13  -6.29829147e-29  -7.22977034e-28  -1.58248897e-60
  4.04800000e-05   0.00000000e+00   0.00000000e+00   7.03366495e-13  -6.79987189e-29  -7.80553144e-28  -1.84457908e-60
  4.05600000e-05   0.00000000e+00   0.00000000e+00   7.55249069e-13  -7.30145230e-29  -8.38129254e-28  -2.12674232e-60
  4.06400000e-05   0.00000000e+00   0.00000000e+00   8.07131644e-13  -7.80303272e-29  -8.95705364e-28  -2.42897869e-60
  4.07200000e-05   0.00000000e+00   0.00000000e+00   8.59014218e-13  -8.30461313e-29  -9.53281473e-28  -2.75128817e-60
  4.08000000e-05   0.00000000e+00   0.00000000e+00   9.10896792e-13  -8.80619355e-29  -1.01085758e-27  -3.09367079e-60
  4.08800000e-05   0.00000000e+00   0.00000000e+00  -2.58853575e-15   2.50249501e-31   2.87259875e-30  -2.48554835e-65
  4.09600000e-05   0.00000000e+00   0.00000000e+00  -5.56401332e-14   5.37907023e-30   6.17460189e-29  -1.15402370e-62
  4.10400000e-05   0.00000000e+00   0.00000000e+00  -1.08691731e-13   1.05078910e-29   1.20619439e-28  -4.40435125e-62
  4.11200000e-05   0.00000000e+00   0.00000000e+00  -1.61743328e-13   1.56367117e-29   1.79492859e-28  -9.75346820e-62
  4.12000000e-05   0.00000000e+00   0.00000000e+00  -2.14794926e-13   2.07655324e-29   2.38366279e-28  -1.72013746e-61
  4.12800000e-05   0.00000000e+00   0.00000000e+00  -2.67846523e-13   2.58943532e-29   2.97239700e-28  -2.67480703e-61
  4.13600000e-05   0.00000000e+00   0.00000000e+00  -3.20898120e-13   3.10231739e-29   3.56113120e-28  -3.83935554e-61
  4.14400000e-05   0.00000000e+00   0.00000000e+00  -3.73949718e-13   3.61519946e-29   4.14986540e-28  -5.21378300e-61
  4.15200000e-05   0.00000000e+00   0.00000000e+00   5.29270903e-13  -5.11678386e-29  -5.87352497e-28  -1.04444922e-60
  4.16000000e-05   0.00000000e+00   0.00000000e+00   5.81153477e-13  -5.61836428e-29  -6.44928607e-28  -1.25925569e-60
  4.16800000e-05   0.00000000e+00   0.00000000e+00   6.33036051e-13  -6.11994470e-29  -7.02504717e-28  -1.49413529e-60
  4.17600000e-05   0.00000000e+00   0.00000000e+00   6.84918626e-13  -6.62152511e-29  -7.60080826e-28  -1.74908801e-60
  4.18400000e-05   0.00000000e+00   0.00000000e+00   7.36801200e-13  -7.12310553e-29  -8.17656936e-28  -2.02411386e-60
  4.19200000e-05   0.00000000e+00   0.00000000e+00   7.88683775e-13  -7.62468594e-29  -8.75233046e-28  -2.31921283e-60
  4.20000000e-05   0.00000000e+00   0.00000000e+00   8.40566349e-13  -8.12626636e-29  -9.32809156e-28  -2.63438492e-60
  4.20800000e-05   0.00000000e+00   0.00000000e+00   8.92448923e-13  -8.62784678e-29  -9.90385266e-28  -2.96963014e-60
  4.21600000e-05   0.00000000e+00   0.00000000e+00   9.44331498e-13  -9.12942719e-29  -1.04796138e-27  -3.32494848e-60
  4.22400000e-05   0.00000000e+00   0.00000000e+00  -5.58966334e-14   5.40386767e-30   6.20306672e-29  -1.16468956e-62
  4.23200000e-05   0.00000000e+00   0.00000000e+00  -1.08948231e-13   1.05326884e-29   1.20904087e-28  -4.42516459e-62
  4.24000000e-05   0.00000000e+00   0.00000000e+00  -1.61999828e-13   1.56615091e-29   1.79777507e-28  -9.78442902e-62
  4.24800000e-05   0.00000000e+00   0.00000000e+00  -2.15051426e-13   2.07903299e-29   2.38650928e-28  -1.72424828e-61
  4.25600000e-05   0.00000000e+00   0.00000000e+00  -2.68103023e-13   2.59191506e-29   2.97524348e-28  -2.67993261e-61
  4.26400000e-05   0.00000000e+00   0.00000000e+00  -3.21154621e-13   3.10479713e-29   3.56397768e-28  -3.84549587e-61
  4.27200000e-05   0.00000000e+00   0.00000000e+00  -3.74206218e-13   3.61767921e-29   4.15271188e-28  -5.22093807e-61
  4.28000000e-05   0.00000000e+00   0.00000000e+00  -4.27257816e-13   4.13056128e-29   4.74144608e-28  -6.80625921e-61
  4.28800000e-05   0.00000000e+00   0.00000000e+00   5.62705608e-13  -5.44001751e-29  -6.24456289e-28  -1.18057725e-60
  4.29600000e-05   0.00000000e+00   0.00000000e+00   6.14588182e-13  -5.94159792e-29  -6.82032399e-28  -1.40831946e-60
  4.30400000e-05   0.00000000e+00   0.00000000e+00   6.66470757e-13  -6.44317834e-29  -7.39608509e-28  -1.65613479e-60
  4.31200000e-05   0.00000000e+00   0.00000000e+00   7.18353331e-13  -6.94475875e-29  -7.97184619e-28  -1.92402324e-60
  4.32000000e-05   0.00000000e+00   0.00000000e+00   7.70235905e-13  -7.44633917e-29  -8.54760728e-28  -2.21198481e-60
  4.32800000e-05   0.00000000e+00   0.00000000e+00   8.22118480e-13  -7.94791959e-29  -9.12336838e-28  -2.52001951e-60
  4.33600000e-05   0.00000000e+00   0.00000000e+00   3.82547035e-14  -3.69831496e-30  -4.24527317e-29  -5.45878372e-63
  4.34400000e-05   0.00000000e+00   0.00000000e+00  -2.66782374e-14   2.57914754e-30   2.96058772e-29  -2.65211223e-63
  4.35200000e-05   0.00000000e+00   0.00000000e+00  -9.16111782e-14   8.85661004e-30   1.01664486e-28  -3.12868553e-62
  4.36000000e-05   0.00000000e+00   0.00000000e+00   2.88629073e-13  -2.79035287e-29  -3.20302903e-28  -3.10598831e-61
  4.36800000e-05   0.00000000e+00   0.00000000e+00   3.47820705e-13  -3.36259440e-29  -3.85990158e-28  -4.51060004e-61
  4.37600000e-05   0.00000000e+00   0.00000000e+00   4.07012337e-13  -3.93483592e-29  -4.51677414e-28  -6.17648359e-61
  4.38400000e-05   0.00000000e+00   0.00000000e+00   4.66203969e-13  -4.50707745e-29  -5.17364669e-28  -8.10363895e-61
  4.39200000e-05   0.00000000e+00   0.00000000e+00   5.25395601e-13  -5.07931897e-29  -5.83051925e-28  -1.02920661e-60
  4.40000000e-05   0.00000000e+00   0.00000000e+00   5.84587234e-13  -5.65156050e-29  -6.48739180e-28  -1.27417651e-60
  4.40800000e-05   0.00000000e+00   0.00000000e+00   6.43778866e-13  -6.22380202e-29  -7.14426435e-28  -1.54527359e-60
  4.41600000e-05   0.00000000e+00   0.00000000e+00   7.02970498e-13  -6.79604355e-29  -7.80113691e-28  -1.84249785e-60
  4.42400000e-05   0.00000000e+00   0.00000000e+00   3.27661470e-13  -3.16770281e-29  -3.63618672e-28  -4.00326373e-61
  4.43200000e-05   0.00000000e+00   0.00000000e+00   2.62728529e-13  -2.53995656e-29  -2.91560063e-28  -2.57385003e-61
  4.44000000e-05   0.00000000e+00   0.00000000e+00   1.97795588e-13  -1.91221031e-29  -2.19501454e-28  -1.45885047e-61
  4.44800000e-05   0.00000000e+00   0.00000000e+00   1.32862648e-13  -1.28446406e-29  -1.47442845e-28  -6.58265054e-62
  4.45600000e-05   0.00000000e+00   0.00000000e+00   6.79297066e-14  -6.56717808e-30  -7.53842363e-29  -1.72093787e-62
  4.46400000e-05   0.00000000e+00   0.00000000e+00   2.99676573e-15  -2.89715578e-31  -3.32562743e-30  -3.36664155e-65
  4.47200000e-05   0.00000000e+00   0.00000000e+00  -6.19361752e-14   5.98774693e-30   6.87329815e-29  -1.42993687e-62
  4.48000000e-05   0.00000000e+00   0.00000000e+00  -1.26869116e-13   1.22652094e-29   1.40791590e-28  -6.00064856e-62
  4.48800000e-05   0.00000000e+00   0.00000000e+00  -1.91802057e-13   1.85426719e-29   2.12850199e-28  -1.37155017e-61
  4.49600000e-05   0.00000000e+00   0.00000000e+00   2.91217703e-13  -2.81537874e-29  -3.23175606e-28  -3.16195300e-61
  4.50400000e-05   0.00000000e+00   0.00000000e+00   3.50409335e-13  -3.38762026e-29  -3.88862862e-28  -4.57799094e-61
  4.51200000e-05   0.00000000e+00   0.00000000e+00   4.09600967e-13  -3.95986179e-29  -4.54550117e-28  -6.25530070e-61
  4.52000000e-05   0.00000000e+00   0.00000000e+00   4.68792599e-13  -4.53210331e-29  -5.20237373e-28  -8.19388227e-61
  4.52800000e-05   0.00000000e+00   0.00000000e+00   5.27984231e-13  -5.10434484e-29  -5.85924628e-28  -1.03937357e-60
  4.53600000e-05   0.00000000e+00   0.00000000e+00   5.87175864e-13  -5.67658636e-29  -6.51611883e-28  -1.28548609e-60
  4.54400000e-05   0.00000000e+00   0.00000000e+00   6.46367496e-13  -6.24882789e-29  -7.17299139e-28  -1.55772579e-60
  4.55200000e-05   0.00000000e+00   0.00000000e+00   7.05559128e-13  -6.82106941e-29  -7.82986394e-28  -1.85609267e-60
  4.56000000e-05   0.00000000e+00   0.00000000e+00   2.27470591e-13  -2.19909662e-29  -2.52432959e-28  -1.92940518e-61
  4.56800000e-05   0.00000000e+00   0.00000000e+00   1.62537651e-13  -1.57135037e-29  -1.80374350e-28  -9.85129364e-62
  4.57600000e-05   0.00000000e+00   0.00000000e+00   9.76047097e-14  -9.43604120e-30  -1.08315741e-28  -3.55267688e-62
  4.58400000e-05   0.00000000e+00   0.00000000e+00   3.26717688e-14  -3.15857870e-30  -3.62571320e-29  -3.98201586e-63
  4.59200000e-05   0.00000000e+00   0.00000000e+00  -3.22611721e-14   3.11888381e-30   3.58014769e-29  -3.87867742e-63
  4.60000000e-05   0.00000000e+00   0.00000000e+00  -9.71941130e-14   9.39634632e-30   1.07860086e-28  -3.52167535e-62
  4.60800000e-05   0.00000000e+00   0.00000000e+00  -1.62127054e-13   1.56738088e-29   1.79918695e-28  -9.79962442e-62
  4.61600000e-05   0.00000000e+00   0.00000000e+00  -2.27059995e-13   2.19512713e-29   2.51977304e-28  -1.92217149e-61
  4.62400000e-05   0.00000000e+00   0.00000000e+00  -2.91992936e-13   2.82287338e-29   3.24035912e-28  -3.17879469e-61
  4.63200000e-05   0.00000000e+00   0.00000000e+00   2.93806333e-13  -2.84040460e-29  -3.26048310e-28  -3.21841739e-61
  4.64000000e-05   0.00000000e+00   0.00000000e+00   3.52997965e-13  -3.41264612e-29  -3.91735565e-28  -4.64588155e-61
  4.64800000e-05   0.00000000e+00   0.00000000e+00   4.12189597e-13  -3.98488765e-29  -4.57422821e-28  -6.33461751e-61
  4.65600000e-05   0.00000000e+00   0.00000000e+00   4.71381229e-13  -4.55712918e-29  -5.23110076e-28  -8.28462530e-61
  4.66400000e-05   0.00000000e+00   0.00000000e+00   5.30572862e-13  -5.12937070e-29  -5.88797331e-28  -1.04959049e-60
  4.67200000e-05   0.00000000e+00   0.00000000e+00   5.89764494e-13  -5.70161223e-29  -6.54484587e-28  -1.29684563e-60
  4.68000000e-05   0.00000000e+00   0.00000000e+00   6.48956126e-13  -6.27385375e-29  -7.20171842e-28  -1.57022795e-60
  4.68800000e-05   0.00000000e+00   0.00000000e+00   7.08147758e-13  -6.84609528e-29  -7.85859098e-28  -1.86973746e-60
  4.69600000e-05   0.00000000e+00   0.00000000e+00   1.27279713e-13  -1.23049043e-29  -1.41247245e-28  -6.04109543e-62
  4.70400000e-05   0.00000000e+00   0.00000000e+00   6.23467719e-14  -6.02744181e-30  -6.91886366e-29  -1.44971606e-62
  4.71200000e-05   0.00000000e+00   0.00000000e+00  -2.58616900e-15   2.50020693e-31   2.86997228e-30  -2.47813755e-65
  4.72000000e-05   0.00000000e+00   0.00000000e+00  -6.75191099e-14   6.52748320e-30   7.49285812e-29  -1.69938167e-62
  4.72800000e-05   0.00000000e+00   0.00000000e+00  -1.32452051e-13   1.28049457e-29   1.46987190e-28  -6.54042666e-62
  4.73600000e-05   0.00000000e+00   0.00000000e+00  -1.97384992e-13   1.90824082e-29   2.19045799e-28  -1.45256131e-61
  4.74400000e-05   0.00000000e+00   0.00000000e+00  -2.62317933e-13   2.53598707e-29   2.91104408e-28  -2.56549410e-61
  4.75200000e-05   0.00000000e+00   0.00000000e+00  -3.27250873e-13   3.16373332e-29   3.63163017e-28  -3.99284104e-61
  4.76000000e-05   0.00000000e+00   0.00000000e+00  -3.92183814e-13   3.79147957e-29   4.35221626e-28  -5.73460212e-61
  4.76800000e-05   0.00000000e+00   0.00000000e+00   2.96394963e-13  -2.86543046e-29  -3.28921013e-28  -3.27538149e-61
  4.77600000e-05   0.00000000e+00   0.00000000e+00   3.55586595e-13  -3.43767199e-29  -3.94608269e-28  -4.71427185e-61
  4.78400000e-05   0.00000000e+00   0.00000000e+00   4.14778227e-13  -4.00991351e-29  -4.60295524e-28  -6.41443403e-61
  4.79200000e-05   0.00000000e+00   0.00000000e+00   4.73969859e-13  -4.58215504e-29  -5.25982779e-28  -8.37586803e-61
  4.80000000e-05   0.00000000e+00   0.00000000e+00   5.33161492e-13  -5.15439656e-29  -5.91670035e-28  -1.05985738e-60
  4.80800000e-05   0.00000000e+00   0.00000000e+00   5.92353124e-13  -5.72663809e-29  -6.57357290e-28  -1.30825515e-60
  4.81600000e-05   0.00000000e+00   0.00000000e+00   6.51544756e-13  -6.29887962e-29  -7.23044546e-28  -1.58278009e-60
  4.82400000e-05   0.00000000e+00   0.00000000e+00   7.10736388e-13  -6.87112114e-29  -7.88731801e-28  -1.88343221e-60
  4.83200000e-05   0.00000000e+00   0.00000000e+00   2.70888341e-14  -2.61884243e-30  -3.00615323e-29  -2.73768059e-63
  4.84000000e-05   0.00000000e+00   0.00000000e+00  -3.78441068e-14   3.65862008e-30   4.19970766e-29  -5.33767520e-63
  4.84800000e-05   0.00000000e+00   0.00000000e+00  -1.02777048e-13   9.93608259e-30   1.14055685e-28  -3.93790843e-62
  4.85600000e-05   0.00000000e+00   0.00000000e+00  -1.67709989e-13   1.62135451e-29   1.86114294e-28  -1.04861908e-61
  4.86400000e-05   0.00000000e+00   0.00000000e+00  -2.32642929e-13   2.24910076e-29   2.58172903e-28  -2.01786146e-61
  4.87200000e-05   0.00000000e+00   0.00000000e+00  -2.97575870e-13   2.87684701e-29   3.30231512e-28  -3.30151799e-61
  4.88000000e-05   0.00000000e+00   0.00000000e+00  -3.62508811e-13   3.50459326e-29   4.02290121e-28  -4.89958866e-61
  4.88800000e-05   0.00000000e+00   0.00000000e+00  -4.27441752e-13   4.13233951e-29   4.74348730e-28  -6.81207348e-61
  4.89600000e-05   0.00000000e+00   0.00000000e+00  -4.92374693e-13   4.76008576e-29   5.46407339e-28  -9.03897245e-61
  4.90400000e-05   0.00000000e+00   0.00000000e+00   2.98983593e-13  -2.89045632e-29  -3.31793717e-28  -3.33284528e-61
  4.91200000e-05   0.00000000e+00   0.00000000e+00   3.58175225e-13  -3.46269785e-29  -3.97480972e-28  -4.78316186e-61
  4.92000000e-05   0.00000000e+00   0.00000000e+00   4.17366857e-13  -4.03493938e-29  -4.63168228e-28  -6.49475025e-61
  4.92800000e-05   0.00000000e+00   0.00000000e+00   4.76558490e-13  -4.60718090e-29  -5.28855483e-28  -8.46761046e-61
  4.93600000e-05   0.00000000e+00   0.00000000e+00   5.35750122e-13  -5.17942243e-29  -5.94542738e-28  -1.07017425e-60
  4.94400000e-05   0.00000000e+00   0.00000000e+00   5.94941754e-13  -5.75166395e-29  -6.60229994e-28  -1.31971463e-60
  4.95200000e-05   0.00000000e+00   0.00000000e+00   6.54133386e-13  -6.32390548e-29  -7.25917249e-28  -1.59538220e-60
  4.96000000e-05   0.00000000e+00   0.00000000e+00   7.13325018e-13  -6.89614701e-29  -7.91604504e-28  -1.89717694e-60
  4.96800000e-05   0.00000000e+00   0.00000000e+00  -7.31020446e-14   7.06721948e-30   8.11241809e-29  -1.99206973e-62
  4.97600000e-05   0.00000000e+00   0.00000000e+00  -1.38034985e-13   1.33446820e-29   1.53182790e-28  -7.10344803e-62
  4.98400000e-05   0.00000000e+00   0.00000000e+00  -2.02967926e-13   1.96221445e-29   2.25241399e-28  -1.53589678e-61
  4.99200000e-05   0.00000000e+00   0.00000000e+00  -2.67900867e-13   2.58996070e-29   2.97300008e-28  -2.67586290e-61
  5.00000000e-05   0.00000000e+00   0.00000000e+00  -3.32833808e-13   3.21770695e-29   3.69358616e-28  -4.13024316e-61
  5.00800000e-05   0.00000000e+00   0.00000000e+00  -3.97766749e-13   3.84545320e-29   4.41417225e-28  -5.89903757e-61
  5.01600000e-05   0.00000000e+00   0.00000000e+00  -4.62699690e-13   4.47319945e-29   5.13475834e-28  -7.98224613e-61
  5.02400000e-05   0.00000000e+00   0.00000000e+00  -5.27632631e-13   5.10094570e-29   5.85534443e-28  -1.03798688e-60
  5.03200000e-05   0.00000000e+00   0.00000000e+00  -5.92565572e-13   5.72869195e-29   6.57593052e-28  -1.30919057e-60
  5.04000000e-05   0.00000000e+00   0.00000000e+00   3.01572223e-13  -2.91548219e-29  -3.34666420e-28  -3.39080878e-61
  5.04800000e-05   0.00000000e+00   0.00000000e+00   3.60763855e-13  -3.48772371e-29  -4.00353676e-28  -4.85255157e-61
  5.05600000e-05   0.00000000e+00   0.00000000e+00   4.19955487e-13  -4.05996524e-29  -4.66040931e-28  -6.57556617e-61
  5.06400000e-05   0.00000000e+00   0.00000000e+00   4.79147120e-13  -4.63220676e-29  -5.31728186e-28  -8.55985259e-61
  5.07200000e-05   0.00000000e+00   0.00000000e+00   5.38338752e-13  -5.20444829e-29  -5.97415442e-28  -1.08054108e-60
  5.08000000e-05   0.00000000e+00   0.00000000e+00   5.97530384e-13  -5.77668982e-29  -6.63102697e-28  -1.33122409e-60
  5.08800000e-05   0.00000000e+00   0.00000000e+00   6.56722016e-13  -6.34893134e-29  -7.28789952e-28  -1.60803427e-60
  5.09600000e-05   0.00000000e+00   0.00000000e+00   7.15913648e-13  -6.92117287e-29  -7.94477208e-28  -1.91097164e-60
  5.10400000e-05   0.00000000e+00   0.00000000e+00  -1.73292923e-13   1.67532814e-29   1.92309894e-28  -1.11960005e-61
  5.11200000e-05   0.00000000e+00   0.00000000e+00  -2.38225864e-13   2.30307439e-29   2.64368503e-28  -2.11587576e-61
  5.12000000e-05   0.00000000e+00   0.00000000e+00  -3.03158805e-13   2.93082064e-29   3.36427112e-28  -3.42656562e-61
  5.12800000e-05   0.00000000e+00   0.00000000e+00  -3.68091746e-13   3.55856689e-29   4.08485721e-28  -5.05166962e-61
  5.13600000e-05   0.00000000e+00   0.00000000e+00  -4.33024687e-13   4.18631314e-29   4.80544330e-28  -6.99118777e-61
  5.14400000e-05   0.00000000e+00   0.00000000e+00  -4.97957628e-13   4.81405939e-29   5.52602938e-28  -9.24512006e-61
  5.15200000e-05   0.00000000e+00   0.00000000e+00  -5.62890569e-13   5.44180564e-29   6.24661547e-28  -1.18134665e-60
  5.16000000e-05   0.00000000e+00   0.00000000e+00  -6.27823510e-13   6.06955189e-29   6.96720156e-28  -1.46962271e-60
  5.16800000e-05   0.00000000e+00   0.00000000e+00  -6.92756450e-13   6.69729814e-29   7.68778765e-28  -1.78934018e-60
  5.17600000e-05   0.00000000e+00   0.00000000e+00   3.04160853e-13  -2.94050805e-29  -3.37539124e-28  -3.44927199e-61
  5.18400000e-05   0.00000000e+00   0.00000000e+00   3.63352485e-13  -3.51274957e-29  -4.03226379e-28  -4.92244099e-61
  5.19200000e-05   0.00000000e+00   0.00000000e+00   4.22544118e-13  -4.08499110e-29  -4.68913634e-28  -6.65688180e-61
  5.20000000e-05   0.00000000e+00   0.00000000e+00   4.81735750e-13  -4.65723263e-29  -5.34600890e-28  -8.65259443e-61
  5.20800000e-05   0.00000000e+00   0.00000000e+00   5.40927382e-13  -5.22947415e-29  -6.00288145e-28  -1.09095789e-60
  5.21600000e-05   0.00000000e+00   0.00000000e+00   6.00119014e-13  -5.80171568e-29  -6.65975401e-28  -1.34278351e-60
  5.22400000e-05   0.00000000e+00   0.00000000e+00   6.59310646e-13  -6.37395721e-29  -7.31662656e-28  -1.62073632e-60
  5.23200000e-05   0.00000000e+00   0.00000000e+00   7.18502278e-13  -6.94619873e-29  -7.97349911e-28  -1.92481631e-60
  5.24000000e-05   0.00000000e+00   0.00000000e+00  -2.73483802e-13   2.64393433e-29   3.03495607e-28  -2.78855602e-61
  5.24800000e-05   0.00000000e+00   0.00000000e+00  -3.38416743e-13   3.27168058e-29   3.75554216e-28  -4.26996962e-61
  5.25600000e-05   0.00000000e+00   0.00000000e+00  -4.03349684e-13   3.89942683e-29   4.47612825e-28  -6.06579736e-61
  5.26400000e-05   0.00000000e+00   0.00000000e+00  -4.68282625e-13   4.52717308e-29   5.19671434e-28  -8.17603925e-61
  5.27200000e-05   0.00000000e+00   0.00000000e+00  -5.33215566e-13   5.15491933e-29   5.91730043e-28  -1.06006953e-60
  5.28000000e-05   0.00000000e+00   0.00000000e+00  -5.98148506e-13   5.78266558e-29   6.63788652e-28  -1.33397655e-60
  5.28800000e-05   0.00000000e+00   0.00000000e+00  -6.63081447e-13   6.41041183e-29   7.35847261e-28  -1.63932498e-60
  5.29600000e-05   0.00000000e+00   0.00000000e+00  -7.28014388e-13   7.03815808e-29   8.07905869e-28  -1.97611482e-60
  5.30400000e-05   0.00000000e+00   0.00000000e+00  -7.92947329e-13   7.66590433e-29   8.79964478e-28  -2.34434609e-60
  5.31200000e-05   0.00000000e+00   0.00000000e+00   3.06749483e-13  -2.96553391e-29  -3.40411827e-28  -3.50823489e-61
  5.32000000e-05   0.00000000e+00   0.00000000e+00   3.65941116e-13  -3.53777544e-29  -4.06099082e-28  -4.99283010e-61
  5.32800000e-05   0.00000000e+00   0.00000000e+00   4.25132748e-13  -4.11001696e-29  -4.71786338e-28  -6.73869713e-61
  5.33600000e-05   0.00000000e+00   0.00000000e+00   4.84324380e-13  -4.68225849e-29  -5.37473593e-28  -8.74583597e-61
  5.34400000e-05   0.00000000e+00   0.00000000e+00   5.43516012e-13  -5.25450002e-29  -6.03160849e-28  -1.10142466e-60
  5.35200000e-05   0.00000000e+00   0.00000000e+00   6.02707644e-13  -5.82674154e-29  -6.68848104e-28  -1.35439291e-60
  5.36000000e-05   0.00000000e+00   0.00000000e+00   6.61899276e-13  -6.39898307e-29  -7.34535359e-28  -1.63348834e-60
  5.36800000e-05   0.00000000e+00   0.00000000e+00   7.21090908e-13  -6.97122459e-29  -8.00222615e-28  -1.93871095e-60
  5.37600000e-05   0.00000000e+00   0.00000000e+00  -3.73674681e-13   3.61254052e-29   4.14681320e-28  -5.20607490e-61
  5.38400000e-05   0.00000000e+00   0.00000000e+00  -4.38607622e-13   4.24028677e-29   4.86739929e-28  -7.17262638e-61
  5.39200000e-05   0.00000000e+00   0.00000000e+00  -5.03540562e-13   4.86803302e-29   5.58798538e-28  -9.45359201e-61
  5.40000000e-05   0.00000000e+00   0.00000000e+00  -5.68473503e-13   5.49577927e-29   6.30857147e-28  -1.20489718e-60
  5.40800000e-05   0.00000000e+00   0.00000000e+00  -6.33406444e-13   6.12352552e-29   7.02915756e-28  -1.49587657e-60
  5.41600000e-05   0.00000000e+00   0.00000000e+00  -6.98339385e-13   6.75127177e-29   7.74974365e-28  -1.81829738e-60
  5.42400000e-05   0.00000000e+00   0.00000000e+00  -7.63272326e-13   7.37901802e-29   8.47032974e-28  -2.17215960e-60
  5.43200000e-05   0.00000000e+00   0.00000000e+00  -8.28205267e-13   8.00676427e-29   9.19091583e-28  -2.55746323e-60
  5.44000000e-05   0.00000000e+00   0.00000000e+00   2.50146481e-13  -2.41831825e-29  -2.77597275e-28  -2.33294790e-61
  5.44800000e-05   0.00000000e+00   0.00000000e+00   3.09338113e-13  -2.99055977e-29  -3.43284531e-28  -3.56769750e-61
  5.45600000e-05   0.00000000e+00   0.00000000e+00   3.68529746e-13  -3.56280130e-29  -4.08971786e-28  -5.06371892e-61
  5.46400000e-05   0.00000000e+00   0.00000000e+00   4.27721378e-13  -4.13504282e-29  -4.74659041e-28  -6.82101216e-61
  5.47200000e-05   0.00000000e+00   0.00000000e+00   4.86913010e-13  -4.70728435e-29  -5.40346297e-28  -8.83957721e-61
  5.48000000e-05   0.00000000e+00   0.00000000e+00   5.46104642e-13  -5.27952588e-29  -6.06033552e-28  -1.11194141e-60
  5.48800000e-05   0.00000000e+00   0.00000000e+00   6.05296274e-13  -5.85176740e-29  -6.71720807e-28  -1.36605227e-60
  5.49600000e-05   0.00000000e+00   0.00000000e+00   6.64487906e-13  -6.42400893e-29  -7.37408063e-28  -1.64629032e-60
  5.50400000e-05   0.00000000e+00   0.00000000e+00   7.23679538e-13  -6.99625046e-29  -8.03095318e-28  -1.95265555e-60
  5.51200000e-05   0.00000000e+00   0.00000000e+00  -4.73865559e-13   4.58114671e-29   5.25867034e-28  -8.37215669e-61
  5.52000000e-05   0.00000000e+00   0.00000000e+00  -5.38798500e-13   5.20889296e-29   5.97925642e-28  -1.08238461e-60
  5.52800000e-05   0.00000000e+00   0.00000000e+00  -6.03731441e-13   5.83663921e-29   6.69984251e-28  -1.35899496e-60
  5.53600000e-05   0.00000000e+00   0.00000000e+00  -6.68664382e-13   6.46438546e-29   7.42042860e-28  -1.66704672e-60
  5.54400000e-05   0.00000000e+00   0.00000000e+00  -7.33597323e-13   7.09213171e-29   8.14101469e-28  -2.00653990e-60
  5.55200000e-05   0.00000000e+00   0.00000000e+00  -7.98530264e-13   7.71987796e-29   8.86160078e-28  -2.37747450e-60
  5.56000000e-05   0.00000000e+00   0.00000000e+00  -8.63463205e-13   8.34762421e-29   9.58218687e-28  -2.77985050e-60
  5.56800000e-05   0.00000000e+00   0.00000000e+00  -9.28396146e-13   8.97537046e-29   1.03027730e-27  -3.21366793e-60
  5.57600000e-05   0.00000000e+00   0.00000000e+00   2.52735111e-13  -2.44334411e-29  -2.80469979e-28  -2.38148400e-61
  5.58400000e-05   0.00000000e+00   0.00000000e+00   3.11926744e-13  -3.01558563e-29  -3.46157234e-28  -3.62765981e-61
  5.59200000e-05   0.00000000e+00   0.00000000e+00   3.71118376e-13  -3.58782716e-29  -4.11844489e-28  -5.13510745e-61
  5.60000000e-05   0.00000000e+00   0.00000000e+00   4.30310008e-13  -4.16006869e-29  -4.77531745e-28  -6.90382689e-61
  5.60800000e-05   0.00000000e+00   0.00000000e+00   4.89501640e-13  -4.73231021e-29  -5.43219000e-28  -8.93381815e-61
  5.61600000e-05   0.00000000e+00   0.00000000e+00   5.48693272e-13  -5.30455174e-29  -6.08906255e-28  -1.12250812e-60
  5.62400000e-05   0.00000000e+00   0.00000000e+00   6.07884904e-13  -5.87679326e-29  -6.74593511e-28  -1.37776161e-60
  5.63200000e-05   0.00000000e+00   0.00000000e+00   6.67076536e-13  -6.44903479e-29  -7.40280766e-28  -1.65914228e-60
  5.64000000e-05   0.00000000e+00   0.00000000e+00   7.26268169e-13  -7.02127632e-29  -8.05968022e-28  -1.96665013e-60
  5.64800000e-05   0.00000000e+00   0.00000000e+00  -5.74056438e-13   5.54975290e-29   6.37052747e-28  -1.22868014e-60
  5.65600000e-05   0.00000000e+00   0.00000000e+00  -6.38989379e-13   6.17749915e-29   7.09111356e-28  -1.52236286e-60
  5.66400000e-05   0.00000000e+00   0.00000000e+00  -7.03922320e-13   6.80524540e-29   7.81169965e-28  -1.84748700e-60
  5.67200000e-05   0.00000000e+00   0.00000000e+00  -7.68855261e-13   7.43299165e-29   8.53228573e-28  -2.20405256e-60
  5.68000000e-05   0.00000000e+00   0.00000000e+00  -8.33788202e-13   8.06073790e-29   9.25287182e-28  -2.59205952e-60
  5.68800000e-05   0.00000000e+00   0.00000000e+00  -8.98721143e-13   8.68848415e-29   9.97345791e-28  -3.01150791e-60
  5.69600000e-05   0.00000000e+00   0.00000000e+00  -9.63654083e-13   9.31623040e-29   1.06940440e-27  -3.46239770e-60
  5.70400000e-05   0.00000000e+00   0.00000000e+00  -1.02858702e-12   9.94397665e-29   1.14146301e-27  -3.94472892e-60
  5.71200000e-05   0.00000000e+00   0.00000000e+00   2.55323741e-13  -2.46836997e-29  -2.83342682e-28  -2.43051980e-61
  5.72000000e-05   0.00000000e+00   0.00000000e+00   3.14515374e-13  -3.04061150e-29  -3.49029937e-28  -3.68812183e-61
  5.72800000e-05   0.00000000e+00   0.00000000e+00   3.73707006e-13  -3.61285302e-29  -4.14717193e-28  -5.20699567e-61
  5.73600000e-05   0.00000000e+00   0.00000000e+00   4.32898638e-13  -4.18509455e-29  -4.80404448e-28  -6.98714133e-61
  5.74400000e-05   0.00000000e+00   0.00000000e+00   4.92090270e-13  -4.75733607e-29  -5.46091704e-28  -9.02855880e-61
  5.75200000e-05   0.00000000e+00   0.00000000e+00   5.51281902e-13  -5.32957760e-29  -6.11778959e-28  -1.13312481e-60
  5.76000000e-05   0.00000000e+00   0.00000000e+00   6.10473534e-13  -5.90181912e-29  -6.77466214e-28  -1.38952092e-60
  5.76800000e-05   0.00000000e+00   0.00000000e+00   6.69665166e-13  -6.47406065e-29  -7.43153470e-28  -1.67204421e-60
  5.77600000e-05   0.00000000e+00   0.00000000e+00  -3.56902120e-13   3.45038996e-29   3.96068157e-28  -4.74917088e-61
  5.78400000e-05   0.00000000e+00   0.00000000e+00  -2.81749518e-13   2.72384404e-29   3.12668394e-28  -2.96005267e-61
  5.79200000e-05   0.00000000e+00   0.00000000e+00  -2.00942673e-13   1.94263510e-29   2.22993897e-28  -1.50567052e-61
  5.80000000e-05   0.00000000e+00   0.00000000e+00  -1.20135828e-13   1.16142616e-29   1.33319399e-28  -5.38220279e-62
  5.80800000e-05   0.00000000e+00   0.00000000e+00  -3.93289834e-14   3.80217214e-30   4.36449019e-29  -5.77019417e-63
  5.81600000e-05   0.00000000e+00   0.00000000e+00   4.14778616e-14  -4.00991727e-30  -4.60295955e-29  -6.41155102e-63
  5.82400000e-05   0.00000000e+00   0.00000000e+00   1.22284707e-13  -1.18220067e-29  -1.35704093e-28  -5.57460984e-62
  5.83200000e-05   0.00000000e+00   0.00000000e+00   2.03091552e-13  -1.96340961e-29  -2.25378590e-28  -1.53773836e-61
  5.84000000e-05   0.00000000e+00   0.00000000e+00   2.83898397e-13  -2.74461855e-29  -3.15053088e-28  -3.00494765e-61
  5.84800000e-05  -4.40494317e-16  -2.54869625e-16   2.76972813e-13  -2.07630815e-29  -3.17760818e-28  -3.25423998e-31
  5.85600000e-05  -5.58138029e-15  -3.22938174e-15   2.03363047e-13   5.65358663e-29  -3.57370728e-28  -4.12335646e-30
  5.86400000e-05  -1.07222663e-14  -6.20389386e-15   1.29753281e-13   1.33834814e-28  -3.96980637e-28  -7.92128892e-30
  5.87200000e-05  -1.58631522e-14  -9.17840597e-15   5.61435144e-14   2.11133762e-28  -4.36590547e-28  -1.17192214e-29
  5.88000000e-05  -2.10040382e-14  -1.21529181e-14  -1.74662519e-14   2.88432710e-28  -4.76200456e-28  -1.55171538e-29
  5.88800000e-05  -2.61449242e-14  -1.51274302e-14  -9.10760182e-14   3.65731657e-28  -5.15810365e-28  -1.93150863e-29
  5.89600000e-05  -3.12858101e-14  -1.81019423e-14  -1.64685784e-13   4.43030605e-28  -5.55420275e-28  -2.31130188e-29
  5.90400000e-05  -3.64266961e-14  -2.10764544e-14  -2.38295551e-13   5.20329553e-28  -5.95030184e-28  -2.69109512e-29
  5.91200000e-05  -4.15675821e-14  -2.40509665e-14  -3.11905317e-13   5.97628501e-28  -6.34640094e-28  -3.07088837e-29
  5.92000000e-05  -3.56806621e-14  -2.06447998e-14  -2.04395983e-13   5.06867524e-28  -6.15047424e-28  -2.63598036e-29
  5.92800000e-05  -4.58394174e-14  -2.65226465e-14  -1.23589138e-13   6.37741313e-28  -9.44414440e-28  -3.38647874e-29
  5.93600000e-05  -5.59981726e-14  -3.24004933e-14  -4.27822927e-14   7.68615102e-28  -1.27378146e-27  -4.13697711e-29
  5.94400000e-05  -6.61569278e-14  -3.82783401e-14   3.80245523e-14   8.99488891e-28  -1.60314847e-27  -4.88747549e-29
  5.95200000e-05  -7.63156830e-14  -4.41561868e-14   1.18831397e-13   1.03036268e-27  -1.93251549e-27  -5.63797386e-29
  5.96000000e-05  -8.64744383e-14  -5.00340336e-14   1.99638242e-13   1.16123647e-27  -2.26188250e-27  -6.38847224e-29
  5.96800000e-05  -9.66331935e-14  -5.59118804e-14   2.80445087e-13   1.29211026e-27  -2.59124952e-27  -7.13897061e-29
  5.97600000e-05  -1.06791949e-13  -6.17897271e-14   3.61251932e-13   1.42298405e-27  -2.92061653e-27  -7.88946899e-29
  5.98400000e-05  -2.36254936e-13  -1.38509196e-13   2.96901351e-13   3.23937607e-27  -5.90384118e-27  -1.76549242e-28
  5.99200000e-05  -2.27189778e-13  -1.32576319e-13   4.33987908e-13   3.08613879e-27  -5.84208201e-27  -1.69088914e-28
  6.00000000e-05  -2.18124620e-13  -1.26643443e-13   5.71074465e-13   2.93290150e-27  -5.78032284e-27  -1.61628586e-28
  6.00800000e-05  -2.09059461e-13  -1.20710566e-13   7.08161022e-13   2.77966422e-27  -5.71856366e-27  -1.54168258e-28
  6.01600000e-05  -1.99994303e-13  -1.14777689e-13   8.45247579e-13   2.62642694e-27  -5.65680449e-27  -1.46707930e-28
  6.02400000e-05  -1.90929145e-13  -1.08844812e-13   9.82334136e-13   2.47318965e-27  -5.59504532e-27  -1.39247602e-28
  6.03200000e-05  -1.81863987e-13  -1.02911936e-13   1.11942069e-12   2.31995237e-27  -5.53328614e-27  -1.31787274e-28
  6.04000000e-05  -1.72798828e-13  -9.69790590e-14   1.25650725e-12   2.16671508e-27  -5.47152697e-27  -1.24326946e-28
  6.04800000e-05  -1.63733670e-13  -9.10461823e-14   1.39359381e-12   2.01347780e-27  -5.40976780e-27  -1.16866618e-28
  6.05600000e-05   9.64772481e-15   5.58216505e-15   6.40547455e-13  -1.93634985e-28  -4.83205492e-28   7.12744984e-30
  6.06400000e-05   2.51680955e-14   1.45622378e-14   4.99795994e-13  -3.91909575e-28   3.91899637e-29   1.85934344e-29
  6.07200000e-05   4.06884662e-14   2.35423106e-14   3.59044534e-13  -5.90184164e-28   5.61585419e-28   3.00594190e-29
  6.08000000e-05   5.62088369e-14   3.25223834e-14   2.18293073e-13  -7.88458754e-28   1.08398087e-27   4.15254035e-29
  6.08800000e-05   7.17292076e-14   4.15024561e-14   7.75416121e-14  -9.86733344e-28   1.60637633e-27   5.29913881e-29
  6.09600000e-05   8.72495783e-14   5.04825289e-14  -6.32098487e-14  -1.18500793e-27   2.12877179e-27   6.44573726e-29
  6.10400000e-05   1.02769949e-13   5.94626017e-14  -2.03961310e-13  -1.38328252e-27   2.65116724e-27   7.59233572e-29
  6.11200000e-05   1.18290320e-13   6.84426744e-14  -3.44712770e-13  -1.58155711e-27   3.17356270e-27   8.73893417e-29
  6.12000000e-05   3.46308552e-13   1.90493790e-13   3.11150275e-13  -4.52471968e-27   7.82574184e-27   2.44878120e-28
  6.12800000e-05   3.42384279e-13   1.87535426e-13   2.37093553e-13  -4.44775851e-27   7.81533354e-27   2.41215724e-28
  6.13600000e-05   3.38460007e-13   1.84577061e-13   1.63036831e-13  -4.37079735e-27   7.80492523e-27   2.37553329e-28
  6.14400000e-05   3.34535735e-13   1.81618696e-13   8.89801088e-14  -4.29383619e-27   7.79451693e-27   2.33890933e-28
  6.15200000e-05   3.30611463e-13   1.78660332e-13   1.49233869e-14  -4.21687503e-27   7.78410863e-27   2.30228538e-28
  6.16000000e-05   3.26687190e-13   1.75701967e-13  -5.91333351e-14  -4.13991386e-27   7.77370033e-27   2.26566142e-28
  6.16800000e-05   3.22762918e-13   1.72743603e-13  -1.33190057e-13  -4.06295270e-27   7.76329202e-27   2.22903747e-28
  6.17600000e-05   3.18838646e-13   1.69785238e-13  -2.07246779e-13  -3.98599154e-27   7.75288372e-27   2.19241351e-28
  6.18400000e-05   3.14914373e-13   1.66826873e-13  -2.81303501e-13  -3.90903038e-27   7.74247542e-27   2.15578956e-28
  6.19200000e-05   1.86536250e-14   1.07929711e-14  -4.96889126e-14  -2.49852904e-28   4.95267919e-28   1.37807390e-29
  6.20000000e-05   1.32920095e-14   7.69074505e-15   3.11179324e-14  -1.84468982e-28   2.79087852e-28   9.81973821e-30
  6.20800000e-05   7.93039405e-15   4.58851905e-15   1.11924777e-13  -1.19085060e-28   6.29077860e-29   5.85873742e-30
  6.21600000e-05   2.56877859e-15   1.48629304e-15   1.92731622e-13  -5.37011385e-29  -1.53272281e-28   1.89773663e-30
  6.22400000e-05  -2.79283687e-15  -1.61593296e-15   2.73538467e-13   1.16827835e-29  -3.69452347e-28  -2.06326417e-30
  6.23200000e-05  -8.15445233e-15  -4.71815897e-15   3.54345312e-13   7.70667054e-29  -5.85632414e-28  -6.02426496e-30
  6.24000000e-05  -1.35160678e-14  -7.82038497e-15   4.35152157e-13   1.42450627e-28  -8.01812480e-28  -9.98526575e-30
  6.24800000e-05  -1.88776833e-14  -1.09226110e-14   5.15959002e-13   2.07834549e-28  -1.01799255e-27  -1.39462665e-29
  6.25600000e-05   0.00000000e+00   0.00000000e+00   4.11963220e-13  -3.98269913e-29  -4.57171601e-28  -6.32817125e-61
  6.26400000e-05   0.00000000e+00   0.00000000e+00   3.38353454e-13  -3.27106872e-29  -3.75483982e-28  -4.26880959e-61
  6.27200000e-05   0.00000000e+00   0.00000000e+00   2.64743688e-13  -2.55943832e-29  -2.93796363e-28  -2.61350509e-61
  6.28000000e-05   0.00000000e+00   0.00000000e+00   1.91133922e-13  -1.84780792e-29  -2.12108743e-28  -1.36225775e-61
  6.28800000e-05   0.00000000e+00   0.00000000e+00   1.17524155e-13  -1.13617752e-29  -1.30421124e-28  -5.15067577e-62
  6.29600000e-05   0.00000000e+00   0.00000000e+00   4.39143890e-14  -4.24547120e-30  -4.87335047e-29  -7.19345610e-63
  6.30400000e-05   0.00000000e+00   0.00000000e+00  -2.96953773e-14   2.87083281e-30   3.29541146e-29  -3.28587057e-63
  6.31200000e-05   0.00000000e+00   0.00000000e+00  -1.03305144e-13   9.98713682e-30   1.14641734e-28  -3.97840011e-62
  6.32000000e-05   0.00000000e+00   0.00000000e+00  -1.76914910e-13   1.71034408e-29   1.96329353e-28  -1.16687848e-61
  6.32800000e-05   0.00000000e+00   0.00000000e+00   2.76646231e-14  -2.67450745e-30  -3.07005077e-29  -2.85150576e-63
  6.33600000e-05   0.00000000e+00   0.00000000e+00   1.08471468e-13  -1.04865969e-29  -1.20375005e-28  -4.38623690e-62
  6.34400000e-05   0.00000000e+00   0.00000000e+00   1.89278313e-13  -1.82986863e-29  -2.10049503e-28  -1.33566423e-61
  6.35200000e-05   0.00000000e+00   0.00000000e+00   2.70085158e-13  -2.61107757e-29  -2.99724000e-28  -2.71963667e-61
  6.36000000e-05   0.00000000e+00   0.00000000e+00   3.50892003e-13  -3.39228651e-29  -3.89398497e-28  -4.59054102e-61
  6.36800000e-05   0.00000000e+00   0.00000000e+00   4.31698848e-13  -4.17349545e-29  -4.79072995e-28  -6.94837727e-61
  6.37600000e-05   0.00000000e+00   0.00000000e+00   5.12505693e-13  -4.95470439e-29  -5.68747492e-28  -9.79314543e-61
  6.38400000e-05   0.00000000e+00   0.00000000e+00   5.93312538e-13  -5.73591333e-29  -6.58421989e-28  -1.31248455e-60
  6.39200000e-05   0.00000000e+00   0.00000000e+00   4.56960023e-13  -4.41771060e-29  -5.07106303e-28  -7.78602582e-61
  6.40000000e-05   0.00000000e+00   0.00000000e+00   3.83350257e-13  -3.70608020e-29  -4.25418683e-28  -5.47966867e-61
  6.40800000e-05   0.00000000e+00   0.00000000e+00   3.09740490e-13  -2.99444980e-29  -3.43731064e-28  -3.57736868e-61
  6.41600000e-05   0.00000000e+00   0.00000000e+00   2.36130724e-13  -2.28281939e-29  -2.62043445e-28  -2.07912585e-61
  6.42400000e-05   0.00000000e+00   0.00000000e+00   1.62520958e-13  -1.57118899e-29  -1.80355825e-28  -9.84940184e-62
  6.43200000e-05   0.00000000e+00   0.00000000e+00   8.89111917e-14  -8.59558592e-30  -9.86682060e-29  -2.94811677e-62
  6.44000000e-05   0.00000000e+00   0.00000000e+00   1.53014254e-14  -1.47928190e-30  -1.69805867e-29  -8.74033076e-64
  6.44800000e-05   0.00000000e+00   0.00000000e+00  -5.83083408e-14   5.63702211e-30   6.47070327e-29  -1.26726146e-62
  6.45600000e-05   0.00000000e+00   0.00000000e+00  -1.31918107e-13   1.27533261e-29   1.46394652e-28  -6.48769121e-62
  6.46400000e-05   0.00000000e+00   0.00000000e+00   1.05018159e-13  -1.01527444e-29  -1.16542734e-28  -4.11137592e-62
  6.47200000e-05   0.00000000e+00   0.00000000e+00   1.85825004e-13  -1.79648338e-29  -2.06217231e-28  -1.28736892e-61
  6.48000000e-05   0.00000000e+00   0.00000000e+00   2.66631849e-13  -2.57769232e-29  -2.95891728e-28  -2.65053215e-61
  6.48800000e-05   0.00000000e+00   0.00000000e+00   3.47438694e-13  -3.35890127e-29  -3.85566226e-28  -4.50062729e-61
  6.49600000e-05   0.00000000e+00   0.00000000e+00   4.28245539e-13  -4.14011021e-29  -4.75240723e-28  -6.83765434e-61
  6.50400000e-05   0.00000000e+00   0.00000000e+00   5.09052384e-13  -4.92131915e-29  -5.64915220e-28  -9.66161329e-61
  6.51200000e-05   0.00000000e+00   0.00000000e+00   5.89859229e-13  -5.70252809e-29  -6.54589718e-28  -1.29725041e-60
  6.52000000e-05   0.00000000e+00   0.00000000e+00   6.70666074e-13  -6.48373703e-29  -7.44264215e-28  -1.67703269e-60
  6.52800000e-05   0.00000000e+00   0.00000000e+00   5.01956826e-13  -4.85272207e-29  -5.57041004e-28  -9.39486589e-61
  6.53600000e-05   0.00000000e+00   0.00000000e+00   4.28347059e-13  -4.14109167e-29  -4.75353385e-28  -6.84151325e-61
  6.54400000e-05   0.00000000e+00   0.00000000e+00   3.54737293e-13  -3.42946127e-29  -3.93665765e-28  -4.69221777e-61
  6.55200000e-05   0.00000000e+00   0.00000000e+00   2.81127527e-13  -2.71783087e-29  -3.11978146e-28  -2.94697945e-61
  6.56000000e-05   0.00000000e+00   0.00000000e+00   2.07517761e-13  -2.00620047e-29  -2.30290527e-28  -1.60579829e-61
  6.56800000e-05   0.00000000e+00   0.00000000e+00   1.33907994e-13  -1.29457006e-29  -1.48602907e-28  -6.68674293e-62
  6.57600000e-05   0.00000000e+00   0.00000000e+00   6.02982281e-14  -5.82939663e-30  -6.69152880e-29  -1.35607456e-62
  6.58400000e-05   0.00000000e+00   0.00000000e+00  -1.33115381e-14   1.28690739e-30   1.47723314e-29  -6.59777987e-64
  6.59200000e-05   0.00000000e+00   0.00000000e+00  -8.69213044e-14   8.40321141e-30   9.64599507e-29  -2.81645265e-62
  6.60000000e-05   0.00000000e+00   0.00000000e+00   1.82371694e-13  -1.76309814e-29  -2.02384959e-28  -1.23996290e-61
  6.60800000e-05   0.00000000e+00   0.00000000e+00   2.63178539e-13  -2.54430708e-29  -2.92059457e-28  -2.58231693e-61
  6.61600000e-05   0.00000000e+00   0.00000000e+00   3.43985384e-13  -3.32551602e-29  -3.81733954e-28  -4.41160286e-61
  6.62400000e-05   0.00000000e+00   0.00000000e+00   4.24792229e-13  -4.10672497e-29  -4.71408451e-28  -6.72782070e-61
  6.63200000e-05   0.00000000e+00   0.00000000e+00   5.05599074e-13  -4.88793391e-29  -5.61082949e-28  -9.53097044e-61
  6.64000000e-05   0.00000000e+00   0.00000000e+00   5.86405919e-13  -5.66914285e-29  -6.50757446e-28  -1.28210521e-60
  6.64800000e-05   0.00000000e+00   0.00000000e+00   6.67212764e-13  -6.45035179e-29  -7.40431944e-28  -1.65980656e-60
  6.65600000e-05   0.00000000e+00   0.00000000e+00   7.48019609e-13  -7.23156073e-29  -8.30106441e-28  -2.08620111e-60
  6.66400000e-05   0.00000000e+00   0.00000000e+00   5.46953628e-13  -5.28773355e-29  -6.06975705e-28  -1.11546915e-60
  6.67200000e-05   0.00000000e+00   0.00000000e+00   4.73343862e-13  -4.57610315e-29  -5.25288086e-28  -8.35434333e-61
  6.68000000e-05   0.00000000e+00   0.00000000e+00   3.99734096e-13  -3.86447274e-29  -4.43600467e-28  -5.95805236e-61
  6.68800000e-05   0.00000000e+00   0.00000000e+00   3.26124330e-13  -3.15284234e-29  -3.61912847e-28  -3.96581855e-61
  6.69600000e-05   0.00000000e+00   0.00000000e+00   2.52514563e-13  -2.44121194e-29  -2.80225228e-28  -2.37764190e-61
  6.70400000e-05   0.00000000e+00   0.00000000e+00   1.78904797e-13  -1.72958154e-29  -1.98537609e-28  -1.19352241e-61
  6.71200000e-05   0.00000000e+00   0.00000000e+00   1.05295031e-13  -1.01795114e-29  -1.16849989e-28  -4.13460081e-62
  6.72000000e-05   0.00000000e+00   0.00000000e+00   3.16852646e-14  -3.06320733e-30  -3.51623699e-29  -3.74549142e-63
  6.72800000e-05   0.00000000e+00   0.00000000e+00  -4.19245017e-14   4.05309669e-30   4.65252494e-29  -6.55069083e-63
  6.73600000e-05   0.00000000e+00   0.00000000e+00   2.59725230e-13  -2.51092184e-29  -2.88227185e-28  -2.51499099e-61
  6.74400000e-05   0.00000000e+00   0.00000000e+00   3.40532075e-13  -3.29213078e-29  -3.77901682e-28  -4.32346771e-61
  6.75200000e-05   0.00000000e+00   0.00000000e+00   4.21338920e-13  -4.07333973e-29  -4.67576180e-28  -6.61887634e-61
  6.76000000e-05   0.00000000e+00   0.00000000e+00   5.02145765e-13  -4.85454867e-29  -5.57250677e-28  -9.40121687e-61
  6.76800000e-05   0.00000000e+00   0.00000000e+00   5.82952610e-13  -5.63575761e-29  -6.46925175e-28  -1.26704893e-60
  6.77600000e-05   0.00000000e+00   0.00000000e+00   6.63759455e-13  -6.41696655e-29  -7.36599672e-28  -1.64266937e-60
