       time             b_x              b_y              b_z              F_x              F_y              F_z
  0.00000000e+00   0.00000000e+00   0.00000000e+00   0.00000000e+00   0.00000000e+00   0.00000000e+00   0.00000000e+00
  8.00000000e-08   0.00000000e+00   0.00000000e+00   0.00000000e+00   0.00000000e+00   0.00000000e+00   0.00000000e+00
  1.60000000e-07   0.00000000e+00   0.00000000e+00   0.00000000e+00   0.00000000e+00   0.00000000e+00   0.00000000e+00
  2.40000000e-07   0.00000000e+00   0.00000000e+00   0.00000000e+00   0.00000000e+00   0.00000000e+00   0.00000000e+00
  3.20000000e-07   0.00000000e+00   0.00000000e+00   0.00000000e+00   0.00000000e+00   0.00000000e+00   0.00000000e+00
  4.00000000e-07   0.00000000e+00   0.00000000e+00   0.00000000e+00   0.00000000e+00   0.00000000e+00   0.00000000e+00
  4.80000000e-07   0.00000000e+00   0.00000000e+00   0.00000000e+00   0.00000000e+00   0.00000000e+00   0.00000000e+00
  5.60000000e-07   0.00000000e+00   0.00000000e+00   0.00000000e+00   0.00000000e+00   0.00000000e+00   0.00000000e+00
  6.40000000e-07   0.00000000e+00   0.00000000e+00   0.00000000e+00   0.00000000e+00   0.00000000e+00   0.00000000e+00
  7.20000000e-07   0.00000000e+00   0.00000000e+00   0.00000000e+00   0.00000000e+00   0.00000000e+00   0.00000000e+00
  8.00000000e-07   0.00000000e+00   0.00000000e+00   0.00000000e+00   0.00000000e+00   0.00000000e+00   0.00000000e+00
  8.80000000e-07   0.00000000e+00   0.00000000e+00   0.00000000e+00   0.00000000e+00   0.00000000e+00   0.00000000e+00
  9.60000000e-07   0.00000000e+00   0.00000000e+00   0.00000000e+00   0.00000000e+00   0.00000000e+00   0.00000000e+00
  1.04000000e-06   0.00000000e+00   0.00000000e+00   0.00000000e+00   0.00000000e+00   0.00000000e+00   0.00000000e+00
  1.12000000e-06   0.00000000e+00   0.00000000e+00   0.00000000e+00   0.00000000e+00   0.00000000e+00   0.00000000e+00
  1.20000000e-06   0.00000000e+00   0.00000000e+00   0.00000000e+00   0.00000000e+00   0.00000000e+00   0.00000000e+00
  1.28000000e-06   0.00000000e+00   0.00000000e+00   0.00000000e+00   0.00000000e+00   0.00000000e+00   0.00000000e+00
  1.36000000e-06   0.00000000e+00   0.00000000e+00   0.00000000e+00   0.00000000e+00   0.00000000e+00   0.00000000e+00
  1.44000000e-06   0.00000000e+00   0.00000000e+00   0.00000000e+00   0.00000000e+00   0.00000000e+00   0.00000000e+00
  1.52000000e-06   0.00000000e+00   0.00000000e+00   0.00000000e+00   0.00000000e+00   0.00000000e+00   0.00000000e+00
  1.60000000e-06   0.00000000e+00   0.00000000e+00   0.00000000e+00   0.00000000e+00   0.00000000e+00   0.00000000e+00
  1.68000000e-06   0.00000000e+00   0.00000000e+00   0.00000000e+00   0.00000000e+00   0.00000000e+00   0.00000000e+00
  1.76000000e-06   0.00000000e+00   0.00000000e+00   0.00000000e+00   0.00000000e+00   0.00000000e+00   0.00000000e+00
  1.84000000e-06   0.00000000e+00   0.00000000e+00   0.00000000e+00   0.00000000e+00   0.00000000e+00   0.00000000e+00
  1.92000000e-06   0.00000000e+00   0.00000000e+00   0.00000000e+00   0.00000000e+00   0.00000000e+00   0.00000000e+00
  2.00000000e-06   0.00000000e+00   0.00000000e+00   0.00000000e+00   0.00000000e+00   0.00000000e+00   0.00000000e+00
  2.08000000e-06   0.00000000e+00   0.00000000e+00   0.00000000e+00   0.00000000e+00   0.00000000e+00   0.00000000e+00
  2.16000000e-06   0.00000000e+00   0.00000000e+00   0.00000000e+00   0.00000000e+00   0.00000000e+00   0.00000000e+00
  2.24000000e-06   0.00000000e+00   0.00000000e+00   0.00000000e+00   0.00000000e+00   0.00000000e+00   0.00000000e+00
  2.32000000e-06   0.00000000e+00   0.00000000e+00   0.00000000e+00   0.00000000e+00   0.00000000e+00   0.00000000e+00
  2.40000000e-06   0.00000000e+00   0.00000000e+00   0.00000000e+00   0.00000000e+00   0.00000000e+00   0.00000000e+00
  2.48000000e-06   0.00000000e+00   0.00000000e+00   0.00000000e+00   0.00000000e+00   0.00000000e+00   0.00000000e+00
  2.56000000e-06   0.00000000e+00   0.00000000e+00   0.00000000e+00   0.00000000e+00   0.00000000e+00   0.00000000e+00
  2.64000000e-06   0.00000000e+00   0.00000000e+00   0.00000000e+00   0.00000000e+00   0.00000000e+00   0.00000000e+00
  2.72000000e-06   0.00000000e+00   0.00000000e+00   0.00000000e+00   0.00000000e+00   0.00000000e+00   0.00000000e+00
  2.80000000e-06   0.00000000e+00   0.00000000e+00   0.00000000e+00   0.00000000e+00   0.00000000e+00   0.00000000e+00
  2.88000000e-06   0.00000000e+00   0.00000000e+00   0.00000000e+00   0.00000000e+00   0.00000000e+00   0.00000000e+00
  2.96000000e-06   0.00000000e+00   0.00000000e+00   0.00000000e+00   0.00000000e+00   0.00000000e+00   0.00000000e+00
  3.04000000e-06   0.00000000e+00   0.00000000e+00   0.00000000e+00   0.00000000e+00   0.00000000e+00   0.00000000e+00
  3.12000000e-06   0.00000000e+00   0.00000000e+00   0.00000000e+00   0.00000000e+00   0.00000000e+00   0.00000000e+00
  3.20000000e-06   0.00000000e+00   0.00000000e+00   0.00000000e+00   0.00000000e+00   0.00000000e+00   0.00000000e+00
  3.28000000e-06   0.00000000e+00   0.00000000e+00   0.00000000e+00   0.00000000e+00   0.00000000e+00   0.00000000e+00
  3.36000000e-06   0.00000000e+00   0.00000000e+00   0.00000000e+00   0.00000000e+00   0.00000000e+00   0.00000000e+00
  3.44000000e-06   0.00000000e+00   0.00000000e+00   0.00000000e+00   0.00000000e+00   0.00000000e+00   0.00000000e+00
  3.52000000e-06   0.00000000e+00   0.00000000e+00   0.00000000e+00   0.00000000e+00   0.00000000e+00   0.00000000e+00
  3.60000000e-06   0.00000000e+00   0.00000000e+00   0.00000000e+00   0.00000000e+00   0.00000000e+00   0.00000000e+00
  3.68000000e-06   0.00000000e+00   0.00000000e+00   0.00000000e+00   0.00000000e+00   0.00000000e+00   0.00000000e+00
  3.76000000e-06   0.00000000e+00   0.00000000e+00   0.00000000e+00   0.00000000e+00   0.00000000e+00   0.00000000e+00
  3.84000000e-06   0.00000000e+00   0.00000000e+00   0.00000000e+00   0.00000000e+00   0.00000000e+00   0.00000000e+00
  3.92000000e-06   0.00000000e+00   0.00000000e+00   0.00000000e+00   0.00000000e+00   0.00000000e+00   0.00000000e+00
  4.00000000e-06   0.00000000e+00   0.00000000e+00   0.00000000e+00   0.00000000e+00   0.00000000e+00   0.00000000e+00
  4.08000000e-06   0.00000000e+00   0.00000000e+00   0.00000000e+00   0.00000000e+00   0.00000000e+00   0.00000000e+00
  4.16000000e-06   0.00000000e+00   0.00000000e+00   0.00000000e+00   0.00000000e+00   0.00000000e+00   0.00000000e+00
  4.24000000e-06   0.00000000e+00   0.00000000e+00   0.00000000e+00   0.00000000e+00   0.00000000e+00   0.00000000e+00
  4.32000000e-06   0.00000000e+00   0.00000000e+00   0.00000000e+00   0.00000000e+00   0.00000000e+00   0.00000000e+00
  4.40000000e-06   0.00000000e+00   0.00000000e+00   0.00000000e+00   0.00000000e+00   0.00000000e+00   0.00000000e+00
  4.48000000e-06   0.00000000e+00   0.00000000e+00   0.00000000e+00   0.00000000e+00   0.00000000e+00   0.00000000e+00
  4.56000000e-06   0.00000000e+00   0.00000000e+00   0.00000000e+00   0.00000000e+00   0.00000000e+00   0.00000000e+00
  4.64000000e-06   0.00000000e+00   0.00000000e+00   0.00000000e+00   0.00000000e+00   0.00000000e+00   0.00000000e+00
  4.72000000e-06   0.00000000e+00   0.00000000e+00   0.00000000e+00   0.00000000e+00   0.00000000e+00   0.00000000e+00
  4.80000000e-06   0.00000000e+00   0.00000000e+00   0.00000000e+00   0.00000000e+00   0.00000000e+00   0.00000000e+00
  4.88000000e-06   0.00000000e+00   0.00000000e+00   0.00000000e+00   0.00000000e+00   0.00000000e+00   0.00000000e+00
  4.96000000e-06   0.00000000e+00   0.00000000e+00   0.00000000e+00   0.00000000e+00   0.00000000e+00   0.00000000e+00
  5.04000000e-06   0.00000000e+00   0.00000000e+00   0.00000000e+00   0.00000000e+00   0.00000000e+00   0.00000000e+00
  5.12000000e-06   0.00000000e+00   0.00000000e+00   0.00000000e+00   0.00000000e+00   0.00000000e+00   0.00000000e+00
  5.20000000e-06   0.00000000e+00   0.00000000e+00   0.00000000e+00   0.00000000e+00   0.00000000e+00   0.00000000e+00
  5.28000000e-06   0.00000000e+00   0.00000000e+00   0.00000000e+00   0.00000000e+00   0.00000000e+00   0.00000000e+00
  5.36000000e-06   0.00000000e+00   0.00000000e+00   0.00000000e+00   0.00000000e+00   0.00000000e+00   0.00000000e+00
  5.44000000e-06   0.00000000e+00   0.00000000e+00   0.00000000e+00   0.00000000e+00   0.00000000e+00   0.00000000e+00
  5.52000000e-06   0.00000000e+00   0.00000000e+00   0.00000000e+00   0.00000000e+00   0.00000000e+00   0.00000000e+00
  5.60000000e-06   0.00000000e+00   0.00000000e+00   0.00000000e+00   0.00000000e+00   0.00000000e+00   0.00000000e+00
  5.68000000e-06   0.00000000e+00   0.00000000e+00   0.00000000e+00   0.00000000e+00   0.00000000e+00   0.00000000e+00
  5.76000000e-06   0.00000000e+00   0.00000000e+00   0.00000000e+00   0.00000000e+00   0.00000000e+00   0.00000000e+00
  5.84000000e-06   0.00000000e+00   0.00000000e+00   0.00000000e+00   0.00000000e+00   0.00000000e+00   0.00000000e+00
  5.92000000e-06   0.00000000e+00   0.00000000e+00   0.00000000e+00   0.00000000e+00   0.00000000e+00   0.00000000e+00
  6.00000000e-06   0.00000000e+00   0.00000000e+00   0.00000000e+00   0.00000000e+00   0.00000000e+00   0.00000000e+00
  6.08000000e-06   0.00000000e+00   0.00000000e+00   0.00000000e+00   0.00000000e+00   0.00000000e+00   0.00000000e+00
  6.16000000e-06   0.00000000e+00   0.00000000e+00   0.00000000e+00   0.00000000e+00   0.00000000e+00   0.00000000e+00
  6.24000000e-06   0.00000000e+00   0.00000000e+00   0.00000000e+00   0.00000000e+00   0.00000000e+00   0.00000000e+00
  6.32000000e-06   0.00000000e+00   0.00000000e+00   0.00000000e+00   0.00000000e+00   0.00000000e+00   0.00000000e+00
  6.40000000e-06   0.00000000e+00   0.00000000e+00   0.00000000e+00   0.00000000e+00   0.00000000e+00   0.00000000e+00
  6.48000000e-06   0.00000000e+00   0.00000000e+00   0.00000000e+00   0.00000000e+00   0.00000000e+00   0.00000000e+00
  6.56000000e-06   0.00000000e+00   0.00000000e+00   0.00000000e+00   0.00000000e+00   0.00000000e+00   0.00000000e+00
  6.64000000e-06   0.00000000e+00   0.00000000e+00   0.00000000e+00   0.00000000e+00   0.00000000e+00   0.00000000e+00
  6.72000000e-06   0.00000000e+00   0.00000000e+00   0.00000000e+00   0.00000000e+00   0.00000000e+00   0.00000000e+00
  6.80000000e-06   0.00000000e+00   0.00000000e+00   0.00000000e+00   0.00000000e+00   0.00000000e+00   0.00000000e+00
  6.88000000e-06   0.00000000e+00   0.00000000e+00   0.00000000e+00   0.00000000e+00   0.00000000e+00   0.00000000e+00
  6.96000000e-06   0.00000000e+00   0.00000000e+00   0.00000000e+00   0.00000000e+00   0.00000000e+00   0.00000000e+00
  7.04000000e-06   0.00000000e+00   0.00000000e+00   0.00000000e+00   0.00000000e+00   0.00000000e+00   0.00000000e+00
  7.12000000e-06   0.00000000e+00   0.00000000e+00   0.00000000e+00   0.00000000e+00   0.00000000e+00   0.00000000e+00
  7.20000000e-06   0.00000000e+00   0.00000000e+00   0.00000000e+00   0.00000000e+00   0.00000000e+00   0.00000000e+00
  7.28000000e-06   0.00000000e+00   0.00000000e+00   0.00000000e+00   0.00000000e+00   0.00000000e+00   0.00000000e+00
  7.36000000e-06   0.00000000e+00   0.00000000e+00   0.00000000e+00   0.00000000e+00   0.00000000e+00   0.00000000e+00
  7.44000000e-06   0.00000000e+00   0.00000000e+00   0.00000000e+00   0.00000000e+00   0.00000000e+00   0.00000000e+00
  7.52000000e-06   0.00000000e+00   0.00000000e+00   0.00000000e+00   0.00000000e+00   0.00000000e+00   0.00000000e+00
  7.60000000e-06   0.00000000e+00   0.00000000e+00   0.00000000e+00   0.00000000e+00   0.00000000e+00   0.00000000e+00
  7.68000000e-06   0.00000000e+00   0.00000000e+00   0.00000000e+00   0.00000000e+00   0.00000000e+00   0.00000000e+00
  7.76000000e-06   0.00000000e+00   0.00000000e+00   0.00000000e+00   0.00000000e+00   0.00000000e+00   0.00000000e+00
  7.84000000e-06   0.00000000e+00   0.00000000e+00   0.00000000e+00   0.00000000e+00   0.00000000e+00   0.00000000e+00
  7.92000000e-06   0.00000000e+00   0.00000000e+00   0.00000000e+00   0.00000000e+00   0.00000000e+00   0.00000000e+00
  8.00000000e-06   0.00000000e+00   0.00000000e+00   0.00000000e+00   0.00000000e+00   0.00000000e+00   0.00000000e+00
  8.08000000e-06   0.00000000e+00   0.00000000e+00   0.00000000e+00   0.00000000e+00   0.00000000e+00   0.00000000e+00
  8.16000000e-06   0.00000000e+00   0.00000000e+00   0.00000000e+00   0.00000000e+00   0.00000000e+00   0.00000000e+00
  8.24000000e-06   0.00000000e+00   0.00000000e+00   0.00000000e+00   0.00000000e+00   0.00000000e+00   0.00000000e+00
  8.32000000e-06   0.00000000e+00   0.00000000e+00   0.00000000e+00   0.00000000e+00   0.00000000e+00   0.00000000e+00
  8.40000000e-06   0.00000000e+00   0.00000000e+00   0.00000000e+00   0.00000000e+00   0.00000000e+00   0.00000000e+00
  8.48000000e-06   0.00000000e+00   0.00000000e+00   0.00000000e+00   0.00000000e+00   0.00000000e+00   0.00000000e+00
  8.56000000e-06   0.00000000e+00   0.00000000e+00   0.00000000e+00   0.00000000e+00   0.00000000e+00   0.00000000e+00
  8.64000000e-06   0.00000000e+00   0.00000000e+00   0.00000000e+00   0.00000000e+00   0.00000000e+00   0.00000000e+00
  8.72000000e-06   0.00000000e+00   0.00000000e+00   0.00000000e+00   0.00000000e+00   0.00000000e+00   0.00000000e+00
  8.80000000e-06   0.00000000e+00   0.00000000e+00   0.00000000e+00   0.00000000e+00   0.00000000e+00   0.00000000e+00
  8.88000000e-06   0.00000000e+00   0.00000000e+00   0.00000000e+00   0.00000000e+00   0.00000000e+00   0.00000000e+00
  8.96000000e-06   0.00000000e+00   0.00000000e+00   0.00000000e+00   0.00000000e+00   0.00000000e+00   0.00000000e+00
  9.04000000e-06   0.00000000e+00   0.00000000e+00   0.00000000e+00   0.00000000e+00   0.00000000e+00   0.00000000e+00
  9.12000000e-06   0.00000000e+00   0.00000000e+00   0.00000000e+00   0.00000000e+00   0.00000000e+00   0.00000000e+00
  9.20000000e-06   0.00000000e+00   0.00000000e+00   0.00000000e+00   0.00000000e+00   0.00000000e+00   0.00000000e+00
  9.28000000e-06   0.00000000e+00   0.00000000e+00   0.00000000e+00   0.00000000e+00   0.00000000e+00   0.00000000e+00
  9.36000000e-06   0.00000000e+00   0.00000000e+00   0.00000000e+00   0.00000000e+00   0.00000000e+00   0.00000000e+00
  9.44000000e-06   0.00000000e+00   0.00000000e+00   0.00000000e+00   0.00000000e+00   0.00000000e+00   0.00000000e+00
  9.52000000e-06   0.00000000e+00   0.00000000e+00   0.00000000e+00   0.00000000e+00   0.00000000e+00   0.00000000e+00
  9.60000000e-06   0.00000000e+00   0.00000000e+00   0.00000000e+00   0.00000000e+00   0.00000000e+00   0.00000000e+00
  9.68000000e-06   0.00000000e+00   0.00000000e+00   0.00000000e+00   0.00000000e+00   0.00000000e+00   0.00000000e+00
  9.76000000e-06   0.00000000e+00   0.00000000e+00   0.00000000e+00   0.00000000e+00   0.00000000e+00   0.00000000e+00
  9.84000000e-06   0.00000000e+00   0.00000000e+00   0.00000000e+00   0.00000000e+00   0.00000000e+00   0.00000000e+00
  9.92000000e-06   0.00000000e+00   0.00000000e+00   0.00000000e+00   0.00000000e+00   0.00000000e+00   0.00000000e+00
  1.00000000e-05   0.00000000e+00   0.00000000e+00   0.00000000e+00   0.00000000e+00   0.00000000e+00   0.00000000e+00
  1.00800000e-05   0.00000000e+00   0.00000000e+00   0.00000000e+00   0.00000000e+00   0.00000000e+00   0.00000000e+00
  1.01600000e-05   0.00000000e+00   0.00000000e+00   0.00000000e+00   0.00000000e+00   0.00000000e+00   0.00000000e+00
  1.02400000e-05   0.00000000e+00   0.00000000e+00   0.00000000e+00   0.00000000e+00   0.00000000e+00   0.00000000e+00
  1.03200000e-05   0.00000000e+00   0.00000000e+00   0.00000000e+00   0.00000000e+00   0.00000000e+00   0.00000000e+00
  1.04000000e-05   0.00000000e+00   0.00000000e+00   0.00000000e+00   0.00000000e+00   0.00000000e+00   0.00000000e+00
  1.04800000e-05   0.00000000e+00   0.00000000e+00   0.00000000e+00   0.00000000e+00   0.00000000e+00   0.00000000e+00
  1.05600000e-05   0.00000000e+00   0.00000000e+00   0.00000000e+00   0.00000000e+00   0.00000000e+00   0.00000000e+00
  1.06400000e-05   0.00000000e+00   0.00000000e+00   0.00000000e+00   0.00000000e+00   0.00000000e+00   0.00000000e+00
  1.07200000e-05   0.00000000e+00   0.00000000e+00   0.00000000e+00   0.00000000e+00   0.00000000e+00   0.00000000e+00
  1.08000000e-05   0.00000000e+00   0.00000000e+00   0.00000000e+00   0.00000000e+00   0.00000000e+00   0.00000000e+00
  1.08800000e-05   0.00000000e+00   0.00000000e+00   0.00000000e+00   0.00000000e+00   0.00000000e+00   0.00000000e+00
  1.09600000e-05   0.00000000e+00   0.00000000e+00   0.00000000e+00   0.00000000e+00   0.00000000e+00   0.00000000e+00
  1.10400000e-05   0.00000000e+00   0.00000000e+00   0.00000000e+00   0.00000000e+00   0.00000000e+00   0.00000000e+00
  1.11200000e-05   0.00000000e+00   0.00000000e+00   0.00000000e+00   0.00000000e+00   0.00000000e+00   0.00000000e+00
  1.12000000e-05   0.00000000e+00   0.00000000e+00   0.00000000e+00   0.00000000e+00   0.00000000e+00   0.00000000e+00
  1.12800000e-05   0.00000000e+00   0.00000000e+00   0.00000000e+00   0.00000000e+00   0.00000000e+00   0.00000000e+00
  1.13600000e-05   0.00000000e+00   0.00000000e+00   0.00000000e+00   0.00000000e+00   0.00000000e+00   0.00000000e+00
  1.14400000e-05   0.00000000e+00   0.00000000e+00   0.00000000e+00   0.00000000e+00   0.00000000e+00   0.00000000e+00
  1.15200000e-05   0.00000000e+00   0.00000000e+00   0.00000000e+00   0.00000000e+00   0.00000000e+00   0.00000000e+00
  1.16000000e-05   0.00000000e+00   0.00000000e+00   0.00000000e+00   0.00000000e+00   0.00000000e+00   0.00000000e+00
  1.16800000e-05   0.00000000e+00   0.00000000e+00   0.00000000e+00   0.00000000e+00   0.00000000e+00   0.00000000e+00
  1.17600000e-05   0.00000000e+00   0.00000000e+00   0.00000000e+00   0.00000000e+00   0.00000000e+00   0.00000000e+00
  1.18400000e-05   0.00000000e+00   0.00000000e+00   0.00000000e+00   0.00000000e+00   0.00000000e+00   0.00000000e+00
  1.19200000e-05   0.00000000e+00   0.00000000e+00   0.00000000e+00   0.00000000e+00   0.00000000e+00   0.00000000e+00
  1.20000000e-05   0.00000000e+00   0.00000000e+00   0.00000000e+00   0.00000000e+00   0.00000000e+00   0.00000000e+00
  1.20800000e-05   0.00000000e+00   0.00000000e+00   0.00000000e+00   0.00000000e+00   0.00000000e+00   0.00000000e+00
  1.21600000e-05   0.00000000e+00   0.00000000e+00   0.00000000e+00   0.00000000e+00   0.00000000e+00   0.00000000e+00
  1.22400000e-05   0.00000000e+00   0.00000000e+00   0.00000000e+00   0.00000000e+00   0.00000000e+00   0.00000000e+00
  1.23200000e-05   0.00000000e+00   0.00000000e+00   0.00000000e+00   0.00000000e+00   0.00000000e+00   0.00000000e+00
  1.24000000e-05   0.00000000e+00   0.00000000e+00   0.00000000e+00   0.00000000e+00   0.00000000e+00   0.00000000e+00
  1.24800000e-05   0.00000000e+00   0.00000000e+00   0.00000000e+00   0.00000000e+00   0.00000000e+00   0.00000000e+00
  1.25600000e-05   0.00000000e+00   0.00000000e+00   0.00000000e+00   0.00000000e+00   0.00000000e+00   0.00000000e+00
  1.26400000e-05   0.00000000e+00   0.00000000e+00   0.00000000e+00   0.00000000e+00   0.00000000e+00   0.00000000e+00
  1.27200000e-05   0.00000000e+00   0.00000000e+00   0.00000000e+00   0.00000000e+00   0.00000000e+00   0.00000000e+00
  1.28000000e-05   0.00000000e+00   0.00000000e+00   0.00000000e+00   0.00000000e+00   0.00000000e+00   0.00000000e+00
  1.28800000e-05   0.00000000e+00   0.00000000e+00   0.00000000e+00   0.00000000e+00   0.00000000e+00   0.00000000e+00
  1.29600000e-05   0.00000000e+00   0.00000000e+00   0.00000000e+00   0.00000000e+00   0.00000000e+00   0.00000000e+00
  1.30400000e-05   0.00000000e+00   0.00000000e+00   0.00000000e+00   0.00000000e+00   0.00000000e+00   0.00000000e+00
  1.31200000e-05   0.00000000e+00   0.00000000e+00   0.00000000e+00   0.00000000e+00   0.00000000e+00   0.00000000e+00
  1.32000000e-05   0.00000000e+00   0.00000000e+00   0.00000000e+00   0.00000000e+00   0.00000000e+00   0.00000000e+00
  1.32800000e-05   0.00000000e+00   0.00000000e+00   0.00000000e+00   0.00000000e+00   0.00000000e+00   0.00000000e+00
  1.33600000e-05   0.00000000e+00   0.00000000e+00   0.00000000e+00   0.00000000e+00   0.00000000e+00   0.00000000e+00
  1.34400000e-05   0.00000000e+00   0.00000000e+00   0.00000000e+00   0.00000000e+00   0.00000000e+00   0.00000000e+00
  1.35200000e-05   0.00000000e+00   0.00000000e+00   0.00000000e+00   0.00000000e+00   0.00000000e+00   0.00000000e+00
  1.36000000e-05   0.00000000e+00   0.00000000e+00   0.00000000e+00   0.00000000e+00   0.00000000e+00   0.00000000e+00
  1.36800000e-05   0.00000000e+00   0.00000000e+00   0.00000000e+00   0.00000000e+00   0.00000000e+00   0.00000000e+00
  1.37600000e-05   0.00000000e+00   0.00000000e+00   0.00000000e+00   0.00000000e+00   0.00000000e+00   0.00000000e+00
  1.38400000e-05   0.00000000e+00   0.00000000e+00   0.00000000e+00   0.00000000e+00   0.00000000e+00   0.00000000e+00
  1.39200000e-05   0.00000000e+00   0.00000000e+00   0.00000000e+00   0.00000000e+00   0.00000000e+00   0.00000000e+00
  1.40000000e-05   0.00000000e+00   0.00000000e+00   0.00000000e+00   0.00000000e+00   0.00000000e+00   0.00000000e+00
  1.40800000e-05   0.00000000e+00   0.00000000e+00   0.00000000e+00   0.00000000e+00   0.00000000e+00   0.00000000e+00
  1.41600000e-05   0.00000000e+00   0.00000000e+00   0.00000000e+00   0.00000000e+00   0.00000000e+00   0.00000000e+00
  1.42400000e-05   0.00000000e+00   0.00000000e+00   0.00000000e+00   0.00000000e+00   0.00000000e+00   0.00000000e+00
  1.43200000e-05   0.00000000e+00   0.00000000e+00   0.00000000e+00   0.00000000e+00   0.00000000e+00   0.00000000e+00
  1.44000000e-05   0.00000000e+00   0.00000000e+00   0.00000000e+00   0.00000000e+00   0.00000000e+00   0.00000000e+00
  1.44800000e-05   0.00000000e+00   0.00000000e+00   0.00000000e+00   0.00000000e+00   0.00000000e+00   0.00000000e+00
  1.45600000e-05   0.00000000e+00   0.00000000e+00   0.00000000e+00   0.00000000e+00   0.00000000e+00   0.00000000e+00
  1.46400000e-05   0.00000000e+00   0.00000000e+00   0.00000000e+00   0.00000000e+00   0.00000000e+00   0.00000000e+00
  1.47200000e-05   0.00000000e+00   0.00000000e+00   0.00000000e+00   0.00000000e+00   0.00000000e+00   0.00000000e+00
  1.48000000e-05   0.00000000e+00   0.00000000e+00   0.00000000e+00   0.00000000e+00   0.00000000e+00   0.00000000e+00
  1.48800000e-05   0.00000000e+00   0.00000000e+00   0.00000000e+00   0.00000000e+00   0.00000000e+00   0.00000000e+00
  1.49600000e-05   0.00000000e+00   0.00000000e+00   0.00000000e+00   0.00000000e+00   0.00000000e+00   0.00000000e+00
  1.50400000e-05   0.00000000e+00   0.00000000e+00   0.00000000e+00   0.00000000e+00   0.00000000e+00   0.00000000e+00
  1.51200000e-05   0.00000000e+00   0.00000000e+00   0.00000000e+00   0.00000000e+00   0.00000000e+00   0.00000000e+00
  1.52000000e-05   0.00000000e+00   0.00000000e+00   0.00000000e+00   0.00000000e+00   0.00000000e+00   0.00000000e+00
  1.52800000e-05   0.00000000e+00   0.00000000e+00   0.00000000e+00   0.00000000e+00   0.00000000e+00   0.00000000e+00
  1.53600000e-05   0.00000000e+00   0.00000000e+00   0.00000000e+00   0.00000000e+00   0.00000000e+00   0.00000000e+00
  1.54400000e-05   0.00000000e+00   0.00000000e+00   0.00000000e+00   0.00000000e+00   0.00000000e+00   0.00000000e+00
  1.55200000e-05   0.00000000e+00   0.00000000e+00   0.00000000e+00   0.00000000e+00   0.00000000e+00   0.00000000e+00
  1.56000000e-05   0.00000000e+00   0.00000000e+00   0.00000000e+00   0.00000000e+00   0.00000000e+00   0.00000000e+00
  1.56800000e-05   0.00000000e+00   0.00000000e+00   0.00000000e+00   0.00000000e+00   0.00000000e+00   0.00000000e+00
  1.57600000e-05   0.00000000e+00   0.00000000e+00   0.00000000e+00   0.00000000e+00   0.00000000e+00   0.00000000e+00
  1.58400000e-05   0.00000000e+00   0.00000000e+00   0.00000000e+00   0.00000000e+00   0.00000000e+00   0.00000000e+00
  1.59200000e-05   0.00000000e+00   0.00000000e+00   0.00000000e+00   0.00000000e+00   0.00000000e+00   0.00000000e+00
  1.60000000e-05   0.00000000e+00   0.00000000e+00   0.00000000e+00   0.00000000e+00   0.00000000e+00   0.00000000e+00
  1.60800000e-05   0.00000000e+00   0.00000000e+00   0.00000000e+00   0.00000000e+00   0.00000000e+00   0.00000000e+00
  1.61600000e-05   0.00000000e+00   0.00000000e+00   0.00000000e+00   0.00000000e+00   0.00000000e+00   0.00000000e+00
  1.62400000e-05   0.00000000e+00   0.00000000e+00   0.00000000e+00   0.00000000e+00   0.00000000e+00   0.00000000e+00
  1.63200000e-05   0.00000000e+00   0.00000000e+00   0.00000000e+00   0.00000000e+00   0.00000000e+00   0.00000000e+00
  1.64000000e-05   0.00000000e+00   0.00000000e+00   0.00000000e+00   0.00000000e+00   0.00000000e+00   0.00000000e+00
  1.64800000e-05   0.00000000e+00   0.00000000e+00   0.00000000e+00   0.00000000e+00   0.00000000e+00   0.00000000e+00
  1.65600000e-05   0.00000000e+00   0.00000000e+00   0.00000000e+00   0.00000000e+00   0.00000000e+00   0.00000000e+00
  1.66400000e-05   0.00000000e+00   0.00000000e+00   0.00000000e+00   0.00000000e+00   0.00000000e+00   0.00000000e+00
  1.67200000e-05   0.00000000e+00   0.00000000e+00   0.00000000e+00   0.00000000e+00   0.00000000e+00   0.00000000e+00
  1.68000000e-05   0.00000000e+00   0.00000000e+00   0.00000000e+00   0.00000000e+00   0.00000000e+00   0.00000000e+00
  1.68800000e-05   0.00000000e+00   0.00000000e+00   0.00000000e+00   0.00000000e+00   0.00000000e+00   0.00000000e+00
  1.69600000e-05   0.00000000e+00   0.00000000e+00   0.00000000e+00   0.00000000e+00   0.00000000e+00   0.00000000e+00
  1.70400000e-05   0.00000000e+00   0.00000000e+00   0.00000000e+00   0.00000000e+00   0.00000000e+00   0.00000000e+00
  1.71200000e-05   0.00000000e+00   0.00000000e+00   0.00000000e+00   0.00000000e+00   0.00000000e+00   0.00000000e+00
  1.72000000e-05   0.00000000e+00   0.00000000e+00   0.00000000e+00   0.00000000e+00   0.00000000e+00   0.00000000e+00
  1.72800000e-05   0.00000000e+00   0.00000000e+00   0.00000000e+00   0.00000000e+00   0.00000000e+00   0.00000000e+00
  1.73600000e-05   0.00000000e+00   0.00000000e+00   0.00000000e+00   0.00000000e+00   0.00000000e+00   0.00000000e+00
  1.74400000e-05   0.00000000e+00   0.00000000e+00   0.00000000e+00   0.00000000e+00   0.00000000e+00   0.00000000e+00
  1.75200000e-05   0.00000000e+00   0.00000000e+00   0.00000000e+00   0.00000000e+00   0.00000000e+00   0.00000000e+00
  1.76000000e-05   0.00000000e+00   0.00000000e+00   0.00000000e+00   0.00000000e+00   0.00000000e+00   0.00000000e+00
  1.76800000e-05   0.00000000e+00   0.00000000e+00   0.00000000e+00   0.00000000e+00   0.00000000e+00   0.00000000e+00
  1.77600000e-05   0.00000000e+00   0.00000000e+00   0.00000000e+00   0.00000000e+00   0.00000000e+00   0.00000000e+00
  1.78400000e-05   0.00000000e+00   0.00000000e+00   0.00000000e+00   0.00000000e+00   0.00000000e+00   0.00000000e+00
  1.79200000e-05   0.00000000e+00   0.00000000e+00   0.00000000e+00   0.00000000e+00   0.00000000e+00   0.00000000e+00
  1.80000000e-05   0.00000000e+00   0.00000000e+00   0.00000000e+00   0.00000000e+00   0.00000000e+00   0.00000000e+00
  1.80800000e-05   0.00000000e+00   0.00000000e+00   0.00000000e+00   0.00000000e+00   0.00000000e+00   0.00000000e+00
  1.81600000e-05   0.00000000e+00   0.00000000e+00   0.00000000e+00   0.00000000e+00   0.00000000e+00   0.00000000e+00
  1.82400000e-05   0.00000000e+00   0.00000000e+00   0.00000000e+00   0.00000000e+00   0.00000000e+00   0.00000000e+00
  1.83200000e-05   0.00000000e+00   0.00000000e+00   0.00000000e+00   0.00000000e+00   0.00000000e+00   0.00000000e+00
  1.84000000e-05   0.00000000e+00   0.00000000e+00   0.00000000e+00   0.00000000e+00   0.00000000e+00   0.00000000e+00
  1.84800000e-05   0.00000000e+00   0.00000000e+00   0.00000000e+00   0.00000000e+00   0.00000000e+00   0.00000000e+00
  1.85600000e-05   0.00000000e+00   0.00000000e+00   0.00000000e+00   0.00000000e+00   0.00000000e+00   0.00000000e+00
  1.86400000e-05   0.00000000e+00   0.00000000e+00   0.00000000e+00   0.00000000e+00   0.00000000e+00   0.00000000e+00
  1.87200000e-05   0.00000000e+00   0.00000000e+00   0.00000000e+00   0.00000000e+00   0.00000000e+00   0.00000000e+00
  1.88000000e-05   0.00000000e+00   0.00000000e+00   0.00000000e+00   0.00000000e+00   0.00000000e+00   0.00000000e+00
  1.88800000e-05   0.00000000e+00   0.00000000e+00   0.00000000e+00   0.00000000e+00   0.00000000e+00   0.00000000e+00
  1.89600000e-05   0.00000000e+00   0.00000000e+00   0.00000000e+00   0.00000000e+00   0.00000000e+00   0.00000000e+00
  1.90400000e-05   0.00000000e+00   0.00000000e+00   0.00000000e+00   0.00000000e+00   0.00000000e+00   0.00000000e+00
  1.91200000e-05   0.00000000e+00   0.00000000e+00   0.00000000e+00   0.00000000e+00   0.00000000e+00   0.00000000e+00
  1.92000000e-05   0.00000000e+00   0.00000000e+00   0.00000000e+00   0.00000000e+00   0.00000000e+00   0.00000000e+00
  1.92800000e-05   0.00000000e+00   0.00000000e+00   0.00000000e+00   0.00000000e+00   0.00000000e+00   0.00000000e+00
  1.93600000e-05   0.00000000e+00   0.00000000e+00   0.00000000e+00   0.00000000e+00   0.00000000e+00   0.00000000e+00
  1.94400000e-05   0.00000000e+00   0.00000000e+00   0.00000000e+00   0.00000000e+00   0.00000000e+00   0.00000000e+00
  1.95200000e-05   0.00000000e+00   0.00000000e+00   0.00000000e+00   0.00000000e+00   0.00000000e+00   0.00000000e+00
  1.96000000e-05   0.00000000e+00   0.00000000e+00   0.00000000e+00   0.00000000e+00   0.00000000e+00   0.00000000e+00
  1.96800000e-05   0.00000000e+00   0.00000000e+00   0.00000000e+00   0.00000000e+00   0.00000000e+00   0.00000000e+00
  1.97600000e-05   0.00000000e+00   0.00000000e+00   0.00000000e+00   0.00000000e+00   0.00000000e+00   0.00000000e+00
  1.98400000e-05   0.00000000e+00   0.00000000e+00   0.00000000e+00   0.00000000e+00   0.00000000e+00   0.00000000e+00
  1.99200000e-05   0.00000000e+00   0.00000000e+00   0.00000000e+00   0.00000000e+00   0.00000000e+00   0.00000000e+00
  2.00000000e-05   0.00000000e+00   0.00000000e+00   0.00000000e+00   0.00000000e+00   0.00000000e+00   0.00000000e+00
  2.00800000e-05   0.00000000e+00   0.00000000e+00   0.00000000e+00   0.00000000e+00   0.00000000e+00   0.00000000e+00
  2.01600000e-05   0.00000000e+00   0.00000000e+00   0.00000000e+00   0.00000000e+00   0.00000000e+00   0.00000000e+00
  2.02400000e-05   0.00000000e+00   0.00000000e+00   0.00000000e+00   0.00000000e+00   0.00000000e+00   0.00000000e+00
  2.03200000e-05   0.00000000e+00   0.00000000e+00   0.00000000e+00   0.00000000e+00   0.00000000e+00   0.00000000e+00
  2.04000000e-05   0.00000000e+00   0.00000000e+00   0.00000000e+00   0.00000000e+00   0.00000000e+00   0.00000000e+00
  2.04800000e-05   0.00000000e+00   0.00000000e+00   0.00000000e+00   0.00000000e+00   0.00000000e+00   0.00000000e+00
  2.05600000e-05   0.00000000e+00   0.00000000e+00   0.00000000e+00   0.00000000e+00   0.00000000e+00   0.00000000e+00
  2.06400000e-05   0.00000000e+00   0.00000000e+00   0.00000000e+00   0.00000000e+00   0.00000000e+00   0.00000000e+00
  2.07200000e-05   0.00000000e+00   0.00000000e+00   0.00000000e+00   0.00000000e+00   0.00000000e+00   0.00000000e+00
  2.08000000e-05   0.00000000e+00   0.00000000e+00   0.00000000e+00   0.00000000e+00   0.00000000e+00   0.00000000e+00
  2.08800000e-05   0.00000000e+00   0.00000000e+00   0.00000000e+00   0.00000000e+00   0.00000000e+00   0.00000000e+00
  2.09600000e-05   0.00000000e+00   0.00000000e+00   0.00000000e+00   0.00000000e+00   0.00000000e+00   0.00000000e+00
  2.10400000e-05   0.00000000e+00   0.00000000e+00   0.00000000e+00   0.00000000e+00   0.00000000e+00   0.00000000e+00
  2.11200000e-05   0.00000000e+00   0.00000000e+00   0.00000000e+00   0.00000000e+00   0.00000000e+00   0.00000000e+00
  2.12000000e-05   0.00000000e+00   0.00000000e+00   0.00000000e+00   0.00000000e+00   0.00000000e+00   0.00000000e+00
  2.12800000e-05   0.00000000e+00   0.00000000e+00   0.00000000e+00   0.00000000e+00   0.00000000e+00   0.00000000e+00
  2.13600000e-05   0.00000000e+00   0.00000000e+00   0.00000000e+00   0.00000000e+00   0.00000000e+00   0.00000000e+00
  2.14400000e-05   0.00000000e+00   0.00000000e+00   0.00000000e+00   0.00000000e+00   0.00000000e+00   0.00000000e+00
  2.15200000e-05   0.00000000e+00   0.00000000e+00   0.00000000e+00   0.00000000e+00   0.00000000e+00   0.00000000e+00
  2.16000000e-05   0.00000000e+00   0.00000000e+00   0.00000000e+00   0.00000000e+00   0.00000000e+00   0.00000000e+00
  2.16800000e-05   0.00000000e+00   0.00000000e+00   0.00000000e+00   0.00000000e+00   0.00000000e+00   0.00000000e+00
  2.17600000e-05   0.00000000e+00   0.00000000e+00   0.00000000e+00   0.00000000e+00   0.00000000e+00   0.00000000e+00
  2.18400000e-05   0.00000000e+00   0.00000000e+00   0.00000000e+00   0.00000000e+00   0.00000000e+00   0.00000000e+00
  2.19200000e-05   0.00000000e+00   0.00000000e+00   0.00000000e+00   0.00000000e+00   0.00000000e+00   0.00000000e+00
  2.20000000e-05   0.00000000e+00   0.00000000e+00   0.00000000e+00   0.00000000e+00   0.00000000e+00   0.00000000e+00
  2.20800000e-05   0.00000000e+00   0.00000000e+00   0.00000000e+00   0.00000000e+00   0.00000000e+00   0.00000000e+00
  2.21600000e-05   0.00000000e+00   0.00000000e+00   0.00000000e+00   0.00000000e+00   0.00000000e+00   0.00000000e+00
  2.22400000e-05   0.00000000e+00   0.00000000e+00   0.00000000e+00   0.00000000e+00   0.00000000e+00   0.00000000e+00
  2.23200000e-05   0.00000000e+00   0.00000000e+00   0.00000000e+00   0.00000000e+00   0.00000000e+00   0.00000000e+00
  2.24000000e-05   0.00000000e+00   0.00000000e+00   0.00000000e+00   0.00000000e+00   0.00000000e+00   0.00000000e+00
  2.24800000e-05   0.00000000e+00   0.00000000e+00   0.00000000e+00   0.00000000e+00   0.00000000e+00   0.00000000e+00
  2.25600000e-05   0.00000000e+00   0.00000000e+00   0.00000000e+00   0.00000000e+00   0.00000000e+00   0.00000000e+00
  2.26400000e-05   0.00000000e+00   0.00000000e+00   0.00000000e+00   0.00000000e+00   0.00000000e+00   0.00000000e+00
  2.27200000e-05   0.00000000e+00   0.00000000e+00   0.00000000e+00   0.00000000e+00   0.00000000e+00   0.00000000e+00
  2.28000000e-05   0.00000000e+00   0.00000000e+00   0.00000000e+00   0.00000000e+00   0.00000000e+00   0.00000000e+00
  2.28800000e-05   0.00000000e+00   0.00000000e+00   0.00000000e+00   0.00000000e+00   0.00000000e+00   0.00000000e+00
  2.29600000e-05   0.00000000e+00   0.00000000e+00   0.00000000e+00   0.00000000e+00   0.00000000e+00   0.00000000e+00
  2.30400000e-05   0.00000000e+00   0.00000000e+00   0.00000000e+00   0.00000000e+00   0.00000000e+00   0.00000000e+00
  2.31200000e-05   0.00000000e+00   0.00000000e+00   0.00000000e+00   0.00000000e+00   0.00000000e+00   0.00000000e+00
  2.32000000e-05   0.00000000e+00   0.00000000e+00   0.00000000e+00   0.00000000e+00   0.00000000e+00   0.00000000e+00
  2.32800000e-05   0.00000000e+00   0.00000000e+00   0.00000000e+00   0.00000000e+00   0.00000000e+00   0.00000000e+00
  2.33600000e-05   0.00000000e+00   0.00000000e+00   0.00000000e+00   0.00000000e+00   0.00000000e+00   0.00000000e+00
  2.34400000e-05   0.00000000e+00   0.00000000e+00   0.00000000e+00   0.00000000e+00   0.00000000e+00   0.00000000e+00
  2.35200000e-05   0.00000000e+00   0.00000000e+00   0.00000000e+00   0.00000000e+00   0.00000000e+00   0.00000000e+00
  2.36000000e-05   0.00000000e+00   0.00000000e+00   0.00000000e+00   0.00000000e+00   0.00000000e+00   0.00000000e+00
  2.36800000e-05   0.00000000e+00   0.00000000e+00   0.00000000e+00   0.00000000e+00   0.00000000e+00   0.00000000e+00
  2.37600000e-05   0.00000000e+00   0.00000000e+00   0.00000000e+00   0.00000000e+00   0.00000000e+00   0.00000000e+00
  2.38400000e-05   0.00000000e+00   0.00000000e+00   0.00000000e+00   0.00000000e+00   0.00000000e+00   0.00000000e+00
  2.39200000e-05   0.00000000e+00   0.00000000e+00   0.00000000e+00   0.00000000e+00   0.00000000e+00   0.00000000e+00
  2.40000000e-05   0.00000000e+00   0.00000000e+00   0.00000000e+00   0.00000000e+00   0.00000000e+00   0.00000000e+00
  2.40800000e-05   0.00000000e+00   0.00000000e+00   0.00000000e+00   0.00000000e+00   0.00000000e+00   0.00000000e+00
  2.41600000e-05   0.00000000e+00   0.00000000e+00   0.00000000e+00   0.00000000e+00   0.00000000e+00   0.00000000e+00
  2.42400000e-05   0.00000000e+00   0.00000000e+00   0.00000000e+00   0.00000000e+00   0.00000000e+00   0.00000000e+00
  2.43200000e-05   0.00000000e+00   0.00000000e+00   0.00000000e+00   0.00000000e+00   0.00000000e+00   0.00000000e+00
  2.44000000e-05   0.00000000e+00   0.00000000e+00   0.00000000e+00   0.00000000e+00   0.00000000e+00   0.00000000e+00
  2.44800000e-05   0.00000000e+00   0.00000000e+00   0.00000000e+00   0.00000000e+00   0.00000000e+00   0.00000000e+00
  2.45600000e-05   0.00000000e+00   0.00000000e+00   0.00000000e+00   0.00000000e+00   0.00000000e+00   0.00000000e+00
  2.46400000e-05   0.00000000e+00   0.00000000e+00   0.00000000e+00   0.00000000e+00   0.00000000e+00   0.00000000e+00
  2.47200000e-05   0.00000000e+00   0.00000000e+00   0.00000000e+00   0.00000000e+00   0.00000000e+00   0.00000000e+00
  2.48000000e-05   0.00000000e+00   0.00000000e+00   0.00000000e+00   0.00000000e+00   0.00000000e+00   0.00000000e+00
  2.48800000e-05   0.00000000e+00   0.00000000e+00   0.00000000e+00   0.00000000e+00   0.00000000e+00   0.00000000e+00
  2.49600000e-05   0.00000000e+00   0.00000000e+00   0.00000000e+00   0.00000000e+00   0.00000000e+00   0.00000000e+00
  2.50400000e-05   0.00000000e+00   0.00000000e+00   0.00000000e+00   0.00000000e+00   0.00000000e+00   0.00000000e+00
  2.51200000e-05   0.00000000e+00   0.00000000e+00   0.00000000e+00   0.00000000e+00   0.00000000e+00   0.00000000e+00
  2.52000000e-05   0.00000000e+00   0.00000000e+00   0.00000000e+00   0.00000000e+00   0.00000000e+00   0.00000000e+00
  2.52800000e-05   0.00000000e+00   0.00000000e+00   0.00000000e+00   0.00000000e+00   0.00000000e+00   0.00000000e+00
  2.53600000e-05   0.00000000e+00   0.00000000e+00   0.00000000e+00   0.00000000e+00   0.00000000e+00   0.00000000e+00
  2.54400000e-05   0.00000000e+00   0.00000000e+00   0.00000000e+00   0.00000000e+00   0.00000000e+00   0.00000000e+00
  2.55200000e-05   0.00000000e+00   0.00000000e+00   0.00000000e+00   0.00000000e+00   0.00000000e+00   0.00000000e+00
  2.56000000e-05   0.00000000e+00   0.00000000e+00   0.00000000e+00   0.00000000e+00   0.00000000e+00   0.00000000e+00
  2.56800000e-05   0.00000000e+00   0.00000000e+00   0.00000000e+00   0.00000000e+00   0.00000000e+00   0.00000000e+00
  2.57600000e-05   0.00000000e+00   0.00000000e+00   0.00000000e+00   0.00000000e+00   0.00000000e+00   0.00000000e+00
  2.58400000e-05   0.00000000e+00   0.00000000e+00   0.00000000e+00   0.00000000e+00   0.00000000e+00   0.00000000e+00
  2.59200000e-05   0.00000000e+00   0.00000000e+00   0.00000000e+00   0.00000000e+00   0.00000000e+00   0.00000000e+00
  2.60000000e-05   0.00000000e+00   0.00000000e+00   0.00000000e+00   0.00000000e+00   0.00000000e+00   0.00000000e+00
  2.60800000e-05   0.00000000e+00   0.00000000e+00   0.00000000e+00   0.00000000e+00   0.00000000e+00   0.00000000e+00
  2.61600000e-05   0.00000000e+00   0.00000000e+00   0.00000000e+00   0.00000000e+00   0.00000000e+00   0.00000000e+00
  2.62400000e-05   0.00000000e+00   0.00000000e+00   0.00000000e+00   0.00000000e+00   0.00000000e+00   0.00000000e+00
  2.63200000e-05   0.00000000e+00   0.00000000e+00   0.00000000e+00   0.00000000e+00   0.00000000e+00   0.00000000e+00
  2.64000000e-05   0.00000000e+00   0.00000000e+00   0.00000000e+00   0.00000000e+00   0.00000000e+00   0.00000000e+00
  2.64800000e-05   0.00000000e+00   0.00000000e+00   0.00000000e+00   0.00000000e+00   0.00000000e+00   0.00000000e+00
  2.65600000e-05   0.00000000e+00   0.00000000e+00   0.00000000e+00   0.00000000e+00   0.00000000e+00   0.00000000e+00
  2.66400000e-05   0.00000000e+00   0.00000000e+00   0.00000000e+00   0.00000000e+00   0.00000000e+00   0.00000000e+00
  2.67200000e-05   0.00000000e+00   0.00000000e+00   0.00000000e+00   0.00000000e+00   0.00000000e+00   0.00000000e+00
  2.68000000e-05   0.00000000e+00   0.00000000e+00   0.00000000e+00   0.00000000e+00   0.00000000e+00   0.00000000e+00
  2.68800000e-05   0.00000000e+00   0.00000000e+00   0.00000000e+00   0.00000000e+00   0.00000000e+00   0.00000000e+00
  2.69600000e-05   0.00000000e+00   0.00000000e+00   0.00000000e+00   0.00000000e+00   0.00000000e+00   0.00000000e+00
  2.70400000e-05   0.00000000e+00   0.00000000e+00   0.00000000e+00   0.00000000e+00   0.00000000e+00   0.00000000e+00
  2.71200000e-05   0.00000000e+00   0.00000000e+00   0.00000000e+00   0.00000000e+00   0.00000000e+00   0.00000000e+00
  2.72000000e-05   0.00000000e+00   0.00000000e+00   0.00000000e+00   0.00000000e+00   0.00000000e+00   0.00000000e+00
  2.72800000e-05   0.00000000e+00   0.00000000e+00   0.00000000e+00   0.00000000e+00   0.00000000e+00   0.00000000e+00
  2.73600000e-05   0.00000000e+00   0.00000000e+00   0.00000000e+00   0.00000000e+00   0.00000000e+00   0.00000000e+00
  2.74400000e-05   0.00000000e+00   0.00000000e+00   0.00000000e+00   0.00000000e+00   0.00000000e+00   0.00000000e+00
  2.75200000e-05   0.00000000e+00   0.00000000e+00   0.00000000e+00   0.00000000e+00   0.00000000e+00   0.00000000e+00
  2.76000000e-05   0.00000000e+00   0.00000000e+00   0.00000000e+00   0.00000000e+00   0.00000000e+00   0.00000000e+00
  2.76800000e-05   0.00000000e+00   0.00000000e+00   0.00000000e+00   0.00000000e+00   0.00000000e+00   0.00000000e+00
  2.77600000e-05   0.00000000e+00   0.00000000e+00   0.00000000e+00   0.00000000e+00   0.00000000e+00   0.00000000e+00
  2.78400000e-05   0.00000000e+00   0.00000000e+00   0.00000000e+00   0.00000000e+00   0.00000000e+00   0.00000000e+00
  2.79200000e-05   0.00000000e+00   0.00000000e+00   0.00000000e+00   0.00000000e+00   0.00000000e+00   0.00000000e+00
  2.80000000e-05   0.00000000e+00   0.00000000e+00   0.00000000e+00   0.00000000e+00   0.00000000e+00   0.00000000e+00
  2.80800000e-05   0.00000000e+00   0.00000000e+00   0.00000000e+00   0.00000000e+00   0.00000000e+00   0.00000000e+00
  2.81600000e-05   0.00000000e+00   0.00000000e+00   0.00000000e+00   0.00000000e+00   0.00000000e+00   0.00000000e+00
  2.82400000e-05   0.00000000e+00   0.00000000e+00   0.00000000e+00   0.00000000e+00   0.00000000e+00   0.00000000e+00
  2.83200000e-05   0.00000000e+00   0.00000000e+00   0.00000000e+00   0.00000000e+00   0.00000000e+00   0.00000000e+00
  2.84000000e-05   0.00000000e+00   0.00000000e+00   0.00000000e+00   0.00000000e+00   0.00000000e+00   0.00000000e+00
  2.84800000e-05   0.00000000e+00   0.00000000e+00   0.00000000e+00   0.00000000e+00   0.00000000e+00   0.00000000e+00
  2.85600000e-05   0.00000000e+00   0.00000000e+00   0.00000000e+00   0.00000000e+00   0.00000000e+00   0.00000000e+00
  2.86400000e-05   5.43394130e-07  -3.90102114e-08  -5.50789289e-14   1.12508156e-21   1.56719054e-20  -2.95037561e-20
  2.87200000e-05   2.06817029e-06  -1.49809722e-07  -2.44668800e-13   4.32053324e-21   5.96465025e-20  -1.12373464e-19
  2.88000000e-05   3.59291942e-06  -2.60607318e-07  -4.34253010e-13   7.51564374e-21   1.03616381e-19  -1.95243809e-19
  2.88800000e-05   1.02009403e-06  -7.33880621e-08   0.00000000e+00   2.11636674e-21   2.94174969e-20  -5.53972429e-20
  2.89600000e-05   4.71543025e-06  -3.73478286e-07  -7.97189568e-13   1.07701789e-20   1.35981756e-19  -2.58150732e-19
  2.90400000e-05   6.24925898e-06  -4.96788949e-07  -9.82974877e-13   1.43250108e-20   1.80199337e-19  -3.42239858e-19
  2.91200000e-05   2.22785244e-06  -1.77582442e-07   0.00000000e+00   5.12020834e-21   6.42353405e-20  -1.22039881e-19
  2.92000000e-05   7.68636848e-06  -6.52097400e-07  -2.27361595e-12   1.88006472e-20   2.21607484e-19  -4.23446408e-19
  2.92800000e-05   4.66905032e-06  -4.07395103e-07  -1.12982750e-12   1.17440881e-20   1.34596684e-19  -2.57913200e-19
  2.93600000e-05   2.79489141e-06  -2.50375801e-07  -7.16869779e-13   7.21725346e-21   8.05650968e-20  -1.54783242e-19
  2.94400000e-05   8.54613130e-06  -7.75439315e-07  -6.10019941e-12   2.23501294e-20   2.46324926e-19  -4.73900700e-19
  2.95200000e-05   1.14804299e-05  -1.04650573e-06  -8.36525433e-12   3.01584909e-20   3.30851289e-19  -6.36931180e-19
  2.96000000e-05   5.07493703e-06  -4.83483587e-07  -2.48877302e-12   1.39305935e-20   1.46225416e-19  -2.82834805e-19
  2.96800000e-05   9.41498719e-06  -9.13882333e-07  -9.73325207e-12   2.63286630e-20   2.71248423e-19  -5.25752936e-19
  2.97600000e-05   9.00587571e-06  -8.97579994e-07  -4.50560778e-12   2.58554944e-20   2.59423832e-19  -5.04344519e-19
  2.98400000e-05   9.28393621e-06  -9.42808237e-07  -1.78017558e-12   2.71547730e-20   2.67397014e-19  -5.20996027e-19
  2.99200000e-05   7.55393807e-06  -7.84083860e-07  -1.06930988e-11   2.25799148e-20   2.17542830e-19  -4.24953217e-19
  3.00000000e-05   7.83349705e-06  -8.32139377e-07  -7.96054136e-12   2.39612151e-20   2.25567531e-19  -4.41846432e-19
  3.00800000e-05   8.11309988e-06  -8.80200032e-07  -5.22786941e-12   2.53422302e-20   2.33590588e-19  -4.58743624e-19
  3.01600000e-05   8.39274823e-06  -9.28266020e-07  -2.49507861e-12   2.67229469e-20   2.41611938e-19  -4.75644941e-19
  3.02400000e-05   1.38151819e-06  -2.07442004e-07  -2.10445797e-11   5.97061905e-21   3.97712902e-20  -8.16050518e-20
  3.03200000e-05   2.33809912e-06  -2.66732520e-07  -1.47101836e-11   7.67715329e-21   6.73030114e-20  -1.33004073e-19
  3.04000000e-05  -7.75270197e-07   7.72982745e-08  -1.39712252e-11  -2.22570046e-21  -2.23150196e-20   4.34268432e-20
  3.04800000e-05   5.27496937e-06  -6.30860222e-07  -1.36504867e-11   1.81576320e-20   1.51832481e-19  -3.01835279e-19
  3.05600000e-05   7.22753052e-06  -8.64314435e-07  -1.22111313e-11   2.48749453e-20   2.08013970e-19  -4.13567722e-19
  3.06400000e-05  -2.05212918e-06   2.41339475e-07  -1.42430043e-11  -6.94666966e-21  -5.90611817e-20   1.17178711e-19
  3.07200000e-05   2.96803369e-06  -3.83853324e-07  -1.28279463e-11   1.10471375e-20   8.54244974e-20  -1.71584713e-19
  3.08000000e-05   4.93143856e-06  -6.35378700e-07  -1.18240406e-11   1.82852911e-20   1.41925058e-19  -2.84949936e-19
  3.08800000e-05   2.87679403e-14  -3.63171200e-14  -1.50329793e-11  -7.50303909e-25   9.11247926e-25  -3.63724297e-27
  3.09600000e-05   2.93772967e-13  -9.65663976e-14  -1.43295111e-11  -7.13410665e-25   8.76271208e-25  -2.05309950e-26
  3.10400000e-05   8.16730945e-13  -2.03163069e-13  -1.41023850e-11  -6.98991222e-25   8.77565922e-25  -5.31241169e-26
  3.11200000e-05   1.33968892e-12  -3.09759739e-13  -1.38752588e-11  -6.84571778e-25   8.78860636e-25  -8.57172387e-26
  3.12000000e-05   1.86264690e-12  -4.16356410e-13  -1.36481326e-11  -6.70152335e-25   8.80155350e-25  -1.18310361e-25
  3.12800000e-05  -4.95792256e-13   3.93531812e-14  -1.41994708e-11  -7.10822771e-25   8.45673456e-25   2.71630099e-26
  3.13600000e-05  -7.45184917e-13   7.46359657e-14  -1.45260103e-11  -7.28158609e-25   8.58272097e-25   4.17644465e-26
  3.14400000e-05   9.37712660e-14  -1.20896217e-15  -1.57830455e-11  -7.88802605e-25   9.58543752e-25  -4.75990912e-27
  3.15200000e-05   7.41964832e-13  -1.09353490e-13  -1.46659675e-11  -7.29858781e-25   9.09545695e-25  -4.37060524e-26
  3.16000000e-05  -3.24368278e-14   4.59666154e-15  -1.46100434e-11  -7.30342979e-25   8.83872917e-25   1.89957506e-27
  3.16800000e-05  -5.35027204e-13   7.58193429e-14  -1.47051132e-11  -7.37144237e-25   8.75166813e-25   3.13324207e-26
  3.17600000e-05   4.80788048e-13  -8.31809722e-14  -1.29297711e-11  -6.43836797e-25   7.96882793e-25  -2.90673764e-26
  3.18400000e-05   6.93637183e-13  -1.17807538e-13  -1.27328094e-11  -6.32996154e-25   7.91079926e-25  -4.18026241e-26
  3.19200000e-05  -5.28170573e-13   9.17668341e-14  -1.49430894e-11  -7.49497240e-25   8.89776335e-25   3.19555302e-26
  3.20000000e-05   0.00000000e+00   0.00000000e+00  -1.50768028e-11  -7.53539352e-25   9.13074047e-25  -5.13649084e-54
  3.20800000e-05   0.00000000e+00   0.00000000e+00  -1.51213162e-11  -7.55764137e-25   9.15769851e-25  -5.16683870e-54
  3.21600000e-05   0.00000000e+00   0.00000000e+00  -1.58759335e-11  -7.93479946e-25   9.61470618e-25  -5.69540370e-54
  3.22400000e-05   0.00000000e+00   0.00000000e+00  -1.37169269e-11  -6.85572691e-25   8.30717904e-25  -4.25176070e-54
  3.23200000e-05   0.00000000e+00   0.00000000e+00  -1.44575623e-11  -7.22589686e-25   8.75571909e-25  -4.72320370e-54
  3.24000000e-05   0.00000000e+00   0.00000000e+00  -1.50704220e-11  -7.53220444e-25   9.12687621e-25  -5.13212877e-54
  3.24800000e-05   0.00000000e+00   0.00000000e+00  -1.56832817e-11  -7.83851202e-25   9.49803334e-25  -5.55802859e-54
  3.25600000e-05   0.00000000e+00   0.00000000e+00  -1.52401911e-11  -7.61705510e-25   9.22969093e-25  -5.24844004e-54
  3.26400000e-05   0.00000000e+00   0.00000000e+00  -1.54811823e-11  -7.73750263e-25   9.37563887e-25  -5.41573857e-54
  3.27200000e-05   0.00000000e+00   0.00000000e+00  -1.57221735e-11  -7.85795016e-25   9.52158680e-25  -5.58566182e-54
  3.28000000e-05   0.00000000e+00   0.00000000e+00  -1.59631647e-11  -7.97839769e-25   9.66753473e-25  -5.75820979e-54
  3.28800000e-05   0.00000000e+00   0.00000000e+00  -1.37173598e-11  -6.85594326e-25   8.30744118e-25  -4.25202496e-54
  3.29600000e-05   0.00000000e+00   0.00000000e+00  -1.32607136e-11  -6.62771125e-25   8.03088931e-25  -3.97364128e-54
  3.30400000e-05   0.00000000e+00   0.00000000e+00  -1.28040674e-11  -6.39947925e-25   7.75433743e-25  -3.70468173e-54
  3.31200000e-05   0.00000000e+00   0.00000000e+00  -1.53971064e-11  -7.69548147e-25   9.32472123e-25  -5.35705697e-54
  3.32000000e-05   0.00000000e+00   0.00000000e+00  -1.47536220e-11  -7.37386765e-25   8.93501731e-25  -4.91871385e-54
  3.32800000e-05   0.00000000e+00   0.00000000e+00  -1.43296153e-11  -7.16194888e-25   8.67823242e-25  -4.64005798e-54
  3.33600000e-05   0.00000000e+00   0.00000000e+00  -1.47524389e-11  -7.37327633e-25   8.93430080e-25  -4.91791806e-54
  3.34400000e-05   0.00000000e+00   0.00000000e+00  -1.44117577e-11  -7.20300369e-25   8.72797909e-25  -4.69340035e-54
  3.35200000e-05   0.00000000e+00   0.00000000e+00  -1.47188427e-11  -7.35648493e-25   8.91395443e-25  -4.89550479e-54
  3.36000000e-05   0.00000000e+00   0.00000000e+00  -1.37187962e-11  -6.85666119e-25   8.30831109e-25  -4.25293298e-54
  3.36800000e-05   0.00000000e+00   0.00000000e+00  -1.39520983e-11  -6.97326571e-25   8.44960240e-25  -4.39876658e-54
  3.37600000e-05   0.00000000e+00   0.00000000e+00  -1.38584735e-11  -6.92647196e-25   8.39290176e-25  -4.33992930e-54
  3.38400000e-05   0.00000000e+00   0.00000000e+00  -1.50194869e-11  -7.50674703e-25   9.09602908e-25  -5.09750611e-54
  3.39200000e-05   0.00000000e+00   0.00000000e+00  -1.42867934e-11  -7.14054645e-25   8.65229878e-25  -4.61237192e-54
  3.40000000e-05   0.00000000e+00   0.00000000e+00  -1.38049132e-11  -6.89970249e-25   8.36046483e-25  -4.30647846e-54
  3.40800000e-05   0.00000000e+00   0.00000000e+00  -1.33230330e-11  -6.65885854e-25   8.06863088e-25  -4.01107945e-54
  3.41600000e-05   0.00000000e+00   0.00000000e+00  -1.41748238e-11  -7.08458399e-25   8.58448829e-25  -4.54033307e-54
  3.42400000e-05   0.00000000e+00   0.00000000e+00  -1.35672123e-11  -6.78089946e-25   8.21650955e-25  -4.15945063e-54
  3.43200000e-05   0.00000000e+00   0.00000000e+00  -1.31168920e-11  -6.55582918e-25   7.94378878e-25  -3.88791486e-54
  3.44000000e-05   0.00000000e+00   0.00000000e+00  -1.41323252e-11  -7.06334318e-25   8.55875050e-25  -4.51309305e-54
  3.44800000e-05   0.00000000e+00   0.00000000e+00  -1.40798553e-11  -7.03711874e-25   8.52697398e-25  -4.47967958e-54
  3.45600000e-05   0.00000000e+00   0.00000000e+00  -1.41532302e-11  -7.07379154e-25   8.57141092e-25  -4.52649152e-54
  3.46400000e-05   0.00000000e+00   0.00000000e+00  -1.42266051e-11  -7.11046434e-25   8.61584785e-25  -4.57354677e-54
  3.47200000e-05   0.00000000e+00   0.00000000e+00  -1.29862024e-11  -6.49051043e-25   7.86464113e-25  -3.81082513e-54
  3.48000000e-05   0.00000000e+00   0.00000000e+00  -1.34603168e-11  -6.72747306e-25   8.15177203e-25  -4.09412437e-54
  3.48800000e-05   0.00000000e+00   0.00000000e+00  -1.35424933e-11  -6.76854493e-25   8.20153938e-25  -4.14426705e-54
  3.49600000e-05   0.00000000e+00   0.00000000e+00  -1.22073404e-11  -6.10123485e-25   7.39295053e-25  -3.36740868e-54
  3.50400000e-05   0.00000000e+00   0.00000000e+00  -1.19168544e-11  -5.95604978e-25   7.21702778e-25  -3.20905413e-54
  3.51200000e-05   0.00000000e+00   0.00000000e+00  -1.38893026e-11  -6.94188038e-25   8.41157233e-25  -4.35919156e-54
  3.52000000e-05   0.00000000e+00   0.00000000e+00  -1.27970485e-11  -6.39597126e-25   7.75008671e-25  -3.70060467e-54
  3.52800000e-05   0.00000000e+00   0.00000000e+00  -1.25698953e-11  -6.28243995e-25   7.61251925e-25  -3.57039620e-54
  3.53600000e-05   0.00000000e+00   0.00000000e+00  -1.25007139e-11  -6.24786305e-25   7.57062195e-25  -3.53119707e-54
  3.54400000e-05   0.00000000e+00   0.00000000e+00  -1.19268550e-11  -5.96104810e-25   7.22308430e-25  -3.21442664e-54
  3.55200000e-05   0.00000000e+00   0.00000000e+00  -1.22552900e-11  -6.12520009e-25   7.42198953e-25  -3.39387062e-54
  3.56000000e-05   0.00000000e+00   0.00000000e+00  -1.25980118e-11  -6.29649258e-25   7.62954701e-25  -3.58634608e-54
  3.56800000e-05   0.00000000e+00   0.00000000e+00  -1.29407335e-11  -6.46778508e-25   7.83710450e-25  -3.78412995e-54
  3.57600000e-05   0.00000000e+00   0.00000000e+00  -1.21846153e-11  -6.08987682e-25   7.37918783e-25  -3.35484971e-54
  3.58400000e-05   0.00000000e+00   0.00000000e+00  -1.23758245e-11  -6.18544330e-25   7.49498707e-25  -3.46096925e-54
  3.59200000e-05   0.00000000e+00   0.00000000e+00  -1.14383948e-11  -5.71691547e-25   6.92726542e-25  -2.95654340e-54
  3.60000000e-05   0.00000000e+00   0.00000000e+00  -1.09727517e-11  -5.48418677e-25   6.64526484e-25  -2.72073884e-54
  3.60800000e-05   0.00000000e+00   0.00000000e+00  -1.07883731e-11  -5.39203428e-25   6.53360239e-25  -2.63004900e-54
  3.61600000e-05   0.00000000e+00   0.00000000e+00  -1.07094832e-11  -5.35260505e-25   6.48582545e-25  -2.59172523e-54
  3.62400000e-05   0.00000000e+00   0.00000000e+00  -1.06305932e-11  -5.31317582e-25   6.43804851e-25  -2.55368272e-54
  3.63200000e-05   0.00000000e+00   0.00000000e+00  -1.09208360e-11  -5.45823932e-25   6.61382395e-25  -2.69500468e-54
  3.64000000e-05   0.00000000e+00   0.00000000e+00  -9.92136080e-12  -4.95870110e-25   6.00852659e-25  -2.22433089e-54
  3.64800000e-05   0.00000000e+00   0.00000000e+00  -8.89838154e-12  -4.44741555e-25   5.38899483e-25  -1.78929587e-54
  3.65600000e-05   0.00000000e+00   0.00000000e+00  -9.88064456e-12  -4.93835110e-25   5.98386821e-25  -2.20605350e-54
  3.66400000e-05   0.00000000e+00   0.00000000e+00  -1.03943277e-11  -5.19509021e-25   6.29496253e-25  -2.44139796e-54
  3.67200000e-05   0.00000000e+00   0.00000000e+00  -8.48945043e-12  -4.24303158e-25   5.14133995e-25  -1.62861713e-54
  3.68000000e-05   0.00000000e+00   0.00000000e+00  -8.38947061e-12  -4.19306162e-25   5.08079065e-25  -1.59042731e-54
  3.68800000e-05   0.00000000e+00   0.00000000e+00  -8.88552282e-12  -4.44098876e-25   5.38120739e-25  -1.78406652e-54
  3.69600000e-05   0.00000000e+00   0.00000000e+00  -9.38157503e-12  -4.68891590e-25   5.68162414e-25  -1.98882652e-54
  3.70400000e-05   0.00000000e+00   0.00000000e+00  -8.22518613e-12  -4.11095215e-25   4.98129748e-25  -1.52877300e-54
  3.71200000e-05   0.00000000e+00   0.00000000e+00  -8.19466710e-12  -4.09569873e-25   4.96281469e-25  -1.51744922e-54
  3.72000000e-05   0.00000000e+00   0.00000000e+00  -8.16414807e-12  -4.08044530e-25   4.94433190e-25  -1.50616754e-54
  3.72800000e-05   0.00000000e+00   0.00000000e+00  -8.13362904e-12  -4.06519187e-25   4.92584912e-25  -1.49492795e-54
  3.73600000e-05   0.00000000e+00   0.00000000e+00  -6.69777180e-12  -3.34754970e-25   4.05627219e-25  -1.01370625e-54
  3.74400000e-05   0.00000000e+00   0.00000000e+00  -6.67931283e-12  -3.33832390e-25   4.04509316e-25  -1.00812643e-54
  3.75200000e-05   0.00000000e+00   0.00000000e+00  -6.66085387e-12  -3.32909810e-25   4.03391413e-25  -1.00256201e-54
  3.76000000e-05   0.00000000e+00   0.00000000e+00  -5.35680618e-12  -2.67733441e-25   3.24416307e-25  -6.48447713e-55
  3.76800000e-05   0.00000000e+00   0.00000000e+00  -5.28717280e-12  -2.64253162e-25   3.20199204e-25  -6.31685066e-55
  3.77600000e-05   0.00000000e+00   0.00000000e+00  -5.16694533e-12  -2.58244187e-25   3.12918046e-25  -6.03283421e-55
  3.78400000e-05   0.00000000e+00   0.00000000e+00  -4.78993039e-12  -2.39400961e-25   2.90085450e-25  -5.18473493e-55
  3.79200000e-05   0.00000000e+00   0.00000000e+00  -4.03896606e-12  -2.01867726e-25   2.44605911e-25  -3.68647867e-55
  3.80000000e-05   0.00000000e+00   0.00000000e+00  -4.44064534e-12  -2.21943677e-25   2.68932217e-25  -4.45610998e-55
  3.80800000e-05   0.00000000e+00   0.00000000e+00  -2.95399355e-12  -1.47640746e-25   1.78898330e-25  -1.97201245e-55
  3.81600000e-05   0.00000000e+00   0.00000000e+00  -3.78622853e-12  -1.89235892e-25   2.29299743e-25  -3.23947882e-55
  3.82400000e-05   0.00000000e+00   0.00000000e+00  -3.42473286e-12  -1.71168320e-25   2.07407017e-25  -2.65042790e-55
  3.83200000e-05   0.00000000e+00   0.00000000e+00  -2.35545664e-12  -1.17725841e-25   1.42650027e-25  -1.25386773e-55
  3.84000000e-05   0.00000000e+00   0.00000000e+00  -2.47983430e-12  -1.23942243e-25   1.50182526e-25  -1.38966228e-55
  3.84800000e-05   0.00000000e+00   0.00000000e+00  -2.18717268e-12  -1.09315000e-25   1.32458495e-25  -1.08101521e-55
  3.85600000e-05   0.00000000e+00   0.00000000e+00  -1.89451107e-12  -9.46877582e-26   1.14734464e-25  -8.11077206e-56
  3.86400000e-05   0.00000000e+00   0.00000000e+00  -8.67651166e-13  -4.33652488e-26   5.25462706e-26  -1.70109773e-56
  3.87200000e-05   0.00000000e+00   0.00000000e+00  -9.64952123e-13  -4.82283555e-26   5.84389641e-26  -2.10402897e-56
  3.88000000e-05   0.00000000e+00   0.00000000e+00  -1.06225308e-12  -5.30914622e-26   6.43316576e-26  -2.54974755e-56
  3.88800000e-05   0.00000000e+00   0.00000000e+00  -1.15955404e-12  -5.79545689e-26   7.02243511e-26  -3.03825348e-56
  3.89600000e-05   0.00000000e+00   0.00000000e+00   7.51115746e-13   3.75408027e-26  -4.54887088e-26  -1.27442170e-56
  3.90400000e-05   0.00000000e+00   0.00000000e+00   1.80051845e-12   8.99900027e-26  -1.09042129e-25  -7.32458465e-56
  3.91200000e-05   0.00000000e+00   0.00000000e+00   2.84992116e-12   1.42439203e-25  -1.72595548e-25  -1.83517229e-55
  3.92000000e-05   0.00000000e+00   0.00000000e+00   2.09608949e-12   1.04762658e-25  -1.26942359e-25  -9.92753107e-56
  3.92800000e-05   0.00000000e+00   0.00000000e+00   2.29854389e-12   1.14881339e-25  -1.39203304e-25  -1.19382985e-55
  3.93600000e-05   0.00000000e+00   0.00000000e+00   2.60121552e-12   1.30008882e-25  -1.57533557e-25  -1.52894256e-55
  3.94400000e-05   0.00000000e+00   0.00000000e+00   3.62589161e-12   1.81222245e-25  -2.19589495e-25  -2.97071459e-55
  3.95200000e-05   0.00000000e+00   0.00000000e+00   4.28835779e-12   2.14332338e-25  -2.59709452e-25  -4.15543396e-55
  3.96000000e-05   0.00000000e+00   0.00000000e+00   4.25339732e-12   2.12585011e-25  -2.57592193e-25  -4.08799015e-55
  3.96800000e-05   0.00000000e+00   0.00000000e+00   4.77036070e-12   2.38422867e-25  -2.88900279e-25  -5.14211520e-55
  3.97600000e-05   0.00000000e+00   0.00000000e+00   5.09559019e-12   2.54677853e-25  -3.08596671e-25  -5.86713686e-55
  3.98400000e-05   0.00000000e+00   0.00000000e+00   5.74785291e-12   2.87277977e-25  -3.48098690e-25  -7.46534877e-55
  3.99200000e-05   0.00000000e+00   0.00000000e+00   6.01556619e-12   3.00658300e-25  -3.64311812e-25  -8.17694595e-55
  4.00000000e-05   0.00000000e+00   0.00000000e+00   7.17121613e-12   3.58417742e-25  -4.34299726e-25  -1.16203850e-54
  4.00800000e-05   0.00000000e+00   0.00000000e+00   8.24365424e-12   4.12018252e-25  -4.99248204e-25  -1.53559448e-54
  4.01600000e-05   0.00000000e+00   0.00000000e+00   9.31609234e-12   4.65618763e-25  -5.64196683e-25  -1.96112918e-54
  4.02400000e-05   0.00000000e+00   0.00000000e+00   9.19898940e-12   4.59765952e-25  -5.57104751e-25  -1.91215908e-54
  4.03200000e-05   0.00000000e+00   0.00000000e+00   9.01173569e-12   4.50407002e-25  -5.45764382e-25  -1.83513592e-54
  4.04000000e-05   0.00000000e+00   0.00000000e+00   8.99399476e-12   4.49520309e-25  -5.44689964e-25  -1.82791756e-54
  4.04800000e-05   0.00000000e+00   0.00000000e+00   1.04093141e-11   5.20258038e-25  -6.30403848e-25  -2.44840000e-54
  4.05600000e-05   0.00000000e+00   0.00000000e+00   1.10636291e-11   5.52960737e-25  -6.70030159e-25  -2.76593785e-54
  4.06400000e-05   0.00000000e+00   0.00000000e+00   1.14640724e-11   5.72974915e-25  -6.94281616e-25  -2.96978618e-54
  4.07200000e-05   0.00000000e+00   0.00000000e+00   1.18645158e-11   5.92989094e-25  -7.18533072e-25  -3.18088160e-54
  4.08000000e-05   0.00000000e+00   0.00000000e+00   1.32601637e-11   6.62743647e-25  -8.03055627e-25  -3.97320596e-54
  4.08800000e-05   0.00000000e+00   0.00000000e+00   1.34318453e-11   6.71324299e-25  -8.13452922e-25  -4.07681335e-54
  4.09600000e-05   0.00000000e+00   0.00000000e+00   1.36375036e-11   6.81603111e-25  -8.25907901e-25  -4.20261153e-54
  4.10400000e-05   0.00000000e+00   0.00000000e+00   1.44616043e-11   7.22791709e-25  -8.75816694e-25  -4.72582230e-54
  4.11200000e-05   0.00000000e+00   0.00000000e+00   1.53531670e-11   7.67352053e-25  -9.29811079e-25  -5.32648578e-54
  4.12000000e-05   0.00000000e+00   0.00000000e+00   1.60774613e-11   8.03552320e-25  -9.73675442e-25  -5.84091483e-54
  4.12800000e-05   0.00000000e+00   0.00000000e+00   1.64440254e-11   8.21873212e-25  -9.95875119e-25  -6.11037805e-54
  4.13600000e-05   0.00000000e+00   0.00000000e+00   1.63420646e-11   8.16777207e-25  -9.89700220e-25  -6.03483853e-54
  4.14400000e-05   0.00000000e+00   0.00000000e+00   1.66912017e-11   8.34227095e-25  -1.01084449e-24  -6.29542234e-54
  4.15200000e-05   0.00000000e+00   0.00000000e+00   1.95829196e-11   9.78755304e-25  -1.18597132e-24  -8.66553805e-54
  4.16000000e-05   0.00000000e+00   0.00000000e+00   1.91141658e-11   9.55326962e-25  -1.15758287e-24  -8.25584877e-54
  4.16800000e-05   0.00000000e+00   0.00000000e+00   1.91315500e-11   9.56195827e-25  -1.15863569e-24  -8.27087291e-54
  4.17600000e-05   0.00000000e+00   0.00000000e+00   1.91489343e-11   9.57064692e-25  -1.15968851e-24  -8.28591071e-54
  4.18400000e-05   0.00000000e+00   0.00000000e+00   2.15136133e-11   1.07525147e-24  -1.30289706e-24  -1.04586559e-53
  4.19200000e-05   0.00000000e+00   0.00000000e+00   2.19052404e-11   1.09482501e-24  -1.32661458e-24  -1.08428946e-53
  4.20000000e-05   0.00000000e+00   0.00000000e+00   2.25174628e-11   1.12542391e-24  -1.36369170e-24  -1.14574532e-53
  4.20800000e-05   0.00000000e+00   0.00000000e+00   2.37552070e-11   1.18728643e-24  -1.43865137e-24  -1.27516736e-53
  4.21600000e-05   0.00000000e+00   0.00000000e+00   2.40034112e-11   1.19969169e-24  -1.45368299e-24  -1.30195219e-53
  4.22400000e-05   0.00000000e+00   0.00000000e+00   2.44513975e-11   1.22208207e-24  -1.48081372e-24  -1.35100362e-53
  4.23200000e-05   0.00000000e+00   0.00000000e+00   2.48993837e-11   1.24447244e-24  -1.50794445e-24  -1.40096206e-53
  4.24000000e-05   0.00000000e+00   0.00000000e+00   2.61848047e-11   1.30871785e-24  -1.58579149e-24  -1.54934132e-53
  4.24800000e-05   0.00000000e+00   0.00000000e+00   2.54724517e-11   1.27311441e-24  -1.54265031e-24  -1.46619669e-53
  4.25600000e-05   0.00000000e+00   0.00000000e+00   2.72613569e-11   1.36252398e-24  -1.65098913e-24  -1.67935215e-53
  4.26400000e-05   0.00000000e+00   0.00000000e+00   2.70232181e-11   1.35062179e-24  -1.63656708e-24  -1.65014283e-53
  4.27200000e-05   0.00000000e+00   0.00000000e+00   2.79507888e-11   1.39698182e-24  -1.69274217e-24  -1.76536969e-53
  4.28000000e-05   0.00000000e+00   0.00000000e+00   3.00961654e-11   1.50420785e-24  -1.82266943e-24  -2.04675881e-53
  4.28800000e-05   0.00000000e+00   0.00000000e+00   2.90163437e-11   1.45023831e-24  -1.75727379e-24  -1.90254028e-53
  4.29600000e-05   0.00000000e+00   0.00000000e+00   2.97235716e-11   1.48558559e-24  -1.80010459e-24  -1.99641366e-53
  4.30400000e-05   0.00000000e+00   0.00000000e+00   3.04307994e-11   1.52093287e-24  -1.84293538e-24  -2.09254753e-53
  4.31200000e-05   0.00000000e+00   0.00000000e+00   3.10058626e-11   1.54967456e-24  -1.87776207e-24  -2.17238671e-53
  4.32000000e-05   0.00000000e+00   0.00000000e+00   3.19742563e-11   1.59807492e-24  -1.93640947e-24  -2.31019047e-53
  4.32800000e-05   0.00000000e+00   0.00000000e+00   3.32252414e-11   1.66059922e-24  -2.01217102e-24  -2.49449899e-53
  4.33600000e-05   0.00000000e+00   0.00000000e+00   3.44762264e-11   1.72312351e-24  -2.08793258e-24  -2.68588022e-53
  4.34400000e-05   0.00000000e+00   0.00000000e+00   3.37279121e-11   1.68572272e-24  -2.04261352e-24  -2.57055556e-53
  4.35200000e-05   0.00000000e+00   0.00000000e+00   3.46751384e-11   1.73306514e-24  -2.09997899e-24  -2.71696830e-53
  4.36000000e-05   0.00000000e+00   0.00000000e+00   3.56223648e-11   1.78040756e-24  -2.15734445e-24  -2.86743603e-53
  4.36800000e-05   0.00000000e+00   0.00000000e+00   3.51558731e-11   1.75709229e-24  -2.12909301e-24  -2.79283554e-53
  4.37600000e-05   0.00000000e+00   0.00000000e+00   3.65739925e-11   1.82796996e-24  -2.21497647e-24  -3.02267403e-53
  4.38400000e-05   0.00000000e+00   0.00000000e+00   3.81099470e-11   1.90473704e-24  -2.30799621e-24  -3.28188564e-53
  4.39200000e-05   0.00000000e+00   0.00000000e+00   3.84210776e-11   1.92028737e-24  -2.32683875e-24  -3.33571747e-53
  4.40000000e-05   0.00000000e+00   0.00000000e+00   3.87591981e-11   1.93718665e-24  -2.34731584e-24  -3.39468711e-53
  4.40800000e-05   0.00000000e+00   0.00000000e+00   3.93093423e-11   1.96468288e-24  -2.38063341e-24  -3.49173172e-53
  4.41600000e-05   0.00000000e+00   0.00000000e+00   3.99673221e-11   1.99756874e-24  -2.42048167e-24  -3.60960305e-53
  4.42400000e-05   0.00000000e+00   0.00000000e+00   4.08558965e-11   2.04197973e-24  -2.47429508e-24  -3.77187106e-53
  4.43200000e-05   0.00000000e+00   0.00000000e+00   4.22790066e-11   2.11310684e-24  -2.56048078e-24  -4.03921550e-53
  4.44000000e-05   0.00000000e+00   0.00000000e+00   4.12938876e-11   2.06387055e-24  -2.50082048e-24  -3.85319953e-53
  4.44800000e-05   0.00000000e+00   0.00000000e+00   4.25188188e-11   2.12509267e-24  -2.57500418e-24  -4.08516646e-53
  4.45600000e-05   0.00000000e+00   0.00000000e+00   4.39896314e-11   2.19860396e-24  -2.66407882e-24  -4.37268454e-53
  4.46400000e-05   0.00000000e+00   0.00000000e+00   4.54604440e-11   2.27211524e-24  -2.75315347e-24  -4.66997940e-53
  4.47200000e-05   0.00000000e+00   0.00000000e+00   4.43523973e-11   2.21673501e-24  -2.68604848e-24  -4.44513474e-53
  4.48000000e-05   0.00000000e+00   0.00000000e+00   4.49891101e-11   2.24855794e-24  -2.72460877e-24  -4.57366980e-53
  4.48800000e-05   0.00000000e+00   0.00000000e+00   4.54568925e-11   2.27193773e-24  -2.75293839e-24  -4.66927552e-53
  4.49600000e-05   0.00000000e+00   0.00000000e+00   4.59246750e-11   2.29531752e-24  -2.78126800e-24  -4.76587018e-53
  4.50400000e-05   0.00000000e+00   0.00000000e+00   4.69062604e-11   2.34437721e-24  -2.84071431e-24  -4.97178424e-53
  4.51200000e-05   0.00000000e+00   0.00000000e+00   4.71131776e-11   2.35471894e-24  -2.85324553e-24  -5.01574499e-53
  4.52000000e-05   0.00000000e+00   0.00000000e+00   4.73200948e-11   2.36506067e-24  -2.86577675e-24  -5.05989925e-53
  4.52800000e-05   0.00000000e+00   0.00000000e+00   4.86808517e-11   2.43307137e-24  -2.94818625e-24  -5.35507618e-53
  4.53600000e-05   0.00000000e+00   0.00000000e+00   4.85353615e-11   2.42579976e-24  -2.93937514e-24  -5.32312976e-53
  4.54400000e-05   0.00000000e+00   0.00000000e+00   4.88104064e-11   2.43954652e-24  -2.95603228e-24  -5.38363201e-53
  4.55200000e-05   0.00000000e+00   0.00000000e+00   4.95504562e-11   2.47653424e-24  -3.00085082e-24  -5.54811752e-53
  4.56000000e-05   0.00000000e+00   0.00000000e+00   4.99128319e-11   2.49464580e-24  -3.02279684e-24  -5.62956406e-53
  4.56800000e-05   0.00000000e+00   0.00000000e+00   4.99815259e-11   2.49807912e-24  -3.02695706e-24  -5.64507519e-53
  4.57600000e-05   0.00000000e+00   0.00000000e+00   5.01753146e-11   2.50776469e-24  -3.03869320e-24  -5.68893433e-53
  4.58400000e-05   0.00000000e+00   0.00000000e+00   5.19635389e-11   2.59714023e-24  -3.14699078e-24  -6.10164994e-53
  4.59200000e-05   0.00000000e+00   0.00000000e+00   5.07897187e-11   2.53847264e-24  -3.07590244e-24  -5.82911990e-53
  4.60000000e-05   0.00000000e+00   0.00000000e+00   5.28713806e-11   2.64251420e-24  -3.20197105e-24  -6.31670056e-53
  4.60800000e-05   0.00000000e+00   0.00000000e+00   5.20821390e-11   2.60306786e-24  -3.15417338e-24  -6.12956329e-53
  4.61600000e-05   0.00000000e+00   0.00000000e+00   5.17090138e-11   2.58441905e-24  -3.13157635e-24  -6.04205153e-53
  4.62400000e-05   0.00000000e+00   0.00000000e+00   5.13358886e-11   2.56577023e-24  -3.10897933e-24  -5.95516897e-53
  4.63200000e-05   0.00000000e+00   0.00000000e+00   5.32080012e-11   2.65933851e-24  -3.22235731e-24  -6.39741680e-53
  4.64000000e-05   0.00000000e+00   0.00000000e+00   5.33911492e-11   2.66849225e-24  -3.23344903e-24  -6.44153389e-53
  4.64800000e-05   0.00000000e+00   0.00000000e+00   5.40530475e-11   2.70157396e-24  -3.27353460e-24  -6.60222957e-53
  4.65600000e-05   0.00000000e+00   0.00000000e+00   5.44906749e-11   2.72344660e-24  -3.30003798e-24  -6.70956915e-53
  4.66400000e-05   0.00000000e+00   0.00000000e+00   5.44284759e-11   2.72033788e-24  -3.29627111e-24  -6.69425704e-53
  4.67200000e-05   0.00000000e+00   0.00000000e+00   5.49766053e-11   2.74773342e-24  -3.32946666e-24  -6.82976700e-53
  4.68000000e-05   0.00000000e+00   0.00000000e+00   5.55247348e-11   2.77512896e-24  -3.36266221e-24  -6.96663480e-53
  4.68800000e-05   0.00000000e+00   0.00000000e+00   5.46220891e-11   2.73001468e-24  -3.30799662e-24  -6.74198162e-53
  4.69600000e-05   0.00000000e+00   0.00000000e+00   5.54290179e-11   2.77034502e-24  -3.35686546e-24  -6.94263605e-53
  4.70400000e-05   0.00000000e+00   0.00000000e+00   5.63032698e-11   2.81404017e-24  -3.40981148e-24  -7.16336471e-53
  4.71200000e-05   0.00000000e+00   0.00000000e+00   5.48222751e-11   2.74001998e-24  -3.32012020e-24  -6.79151869e-53
  4.72000000e-05   0.00000000e+00   0.00000000e+00   5.39841996e-11   2.69813293e-24  -3.26936507e-24  -6.58546051e-53
  4.72800000e-05   0.00000000e+00   0.00000000e+00   5.71391291e-11   2.85581645e-24  -3.46043239e-24  -7.37760759e-53
  4.73600000e-05   0.00000000e+00   0.00000000e+00   5.57552577e-11   2.78665049e-24  -3.37662304e-24  -7.02465172e-53
  4.74400000e-05   0.00000000e+00   0.00000000e+00   5.47222718e-11   2.73502181e-24  -3.31406385e-24  -6.76677005e-53
  4.75200000e-05   0.00000000e+00   0.00000000e+00   5.36892859e-11   2.68339312e-24  -3.25150466e-24  -6.51371085e-53
  4.76000000e-05   0.00000000e+00   0.00000000e+00   5.74355641e-11   2.87063229e-24  -3.47838495e-24  -7.45436254e-53
  4.76800000e-05   0.00000000e+00   0.00000000e+00   5.66834475e-11   2.83304146e-24  -3.43283563e-24  -7.26046703e-53
  4.77600000e-05   0.00000000e+00   0.00000000e+00   5.62064673e-11   2.80920197e-24  -3.40394899e-24  -7.13879043e-53
  4.78400000e-05   0.00000000e+00   0.00000000e+00   5.57294871e-11   2.78536247e-24  -3.37506234e-24  -7.01814204e-53
  4.79200000e-05   0.00000000e+00   0.00000000e+00   5.70592964e-11   2.85182640e-24  -3.45559761e-24  -7.35706378e-53
  4.80000000e-05   0.00000000e+00   0.00000000e+00   5.67620224e-11   2.83696863e-24  -3.43759425e-24  -7.28060418e-53
  4.80800000e-05   0.00000000e+00   0.00000000e+00   5.64647483e-11   2.82211086e-24  -3.41959088e-24  -7.20454397e-53
  4.81600000e-05   0.00000000e+00   0.00000000e+00   5.61321217e-11   2.80548616e-24  -3.39944651e-24  -7.11990809e-53
  4.82400000e-05   0.00000000e+00   0.00000000e+00   5.64603767e-11   2.82189236e-24  -3.41932613e-24  -7.20341068e-53
  4.83200000e-05   0.00000000e+00   0.00000000e+00   5.67200213e-11   2.83486941e-24  -3.43505060e-24  -7.26981576e-53
  4.84000000e-05   0.00000000e+00   0.00000000e+00   5.69796658e-11   2.84784645e-24  -3.45077507e-24  -7.33652552e-53
  4.84800000e-05   0.00000000e+00   0.00000000e+00   5.47888421e-11   2.73834898e-24  -3.31809546e-24  -6.78323911e-53
  4.85600000e-05   0.00000000e+00   0.00000000e+00   5.56477253e-11   2.78127600e-24  -3.37011073e-24  -6.99754472e-53
  4.86400000e-05   0.00000000e+00   0.00000000e+00   5.57917976e-11   2.78847674e-24  -3.37883597e-24  -7.03382501e-53
  4.87200000e-05   0.00000000e+00   0.00000000e+00   5.54873926e-11   2.77326256e-24  -3.36040074e-24  -6.95727478e-53
  4.88000000e-05   0.00000000e+00   0.00000000e+00   5.57986465e-11   2.78881904e-24  -3.37925075e-24  -7.03554677e-53
  4.88800000e-05   0.00000000e+00   0.00000000e+00   5.40856261e-11   2.70320220e-24  -3.27550764e-24  -6.61022445e-53
  4.89600000e-05   0.00000000e+00   0.00000000e+00   5.40127644e-11   2.69956056e-24  -3.27109502e-24  -6.59238763e-53
  4.90400000e-05   0.00000000e+00   0.00000000e+00   5.46125958e-11   2.72954017e-24  -3.30742173e-24  -6.73962260e-53
  4.91200000e-05   0.00000000e+00   0.00000000e+00   5.52124273e-11   2.75951977e-24  -3.34374843e-24  -6.88848365e-53
  4.92000000e-05   0.00000000e+00   0.00000000e+00   5.33968608e-11   2.66877767e-24  -3.23379497e-24  -6.44293023e-53
  4.92800000e-05   0.00000000e+00   0.00000000e+00   5.33402861e-11   2.66595006e-24  -3.23036872e-24  -6.42925315e-53
  4.93600000e-05   0.00000000e+00   0.00000000e+00   5.39721749e-11   2.69753189e-24  -3.26863687e-24  -6.58248227e-53
  4.94400000e-05   0.00000000e+00   0.00000000e+00   5.46040637e-11   2.72911373e-24  -3.30690502e-24  -6.73751592e-53
  4.95200000e-05   0.00000000e+00   0.00000000e+00   5.14962281e-11   2.57378395e-24  -3.11868978e-24  -5.99240678e-53
  4.96000000e-05   0.00000000e+00   0.00000000e+00   5.18211962e-11   2.59002587e-24  -3.13837034e-24  -6.06827589e-53
  4.96800000e-05   0.00000000e+00   0.00000000e+00   5.21461642e-11   2.60626779e-24  -3.15805089e-24  -6.14462227e-53
  4.97600000e-05   0.00000000e+00   0.00000000e+00   5.21457803e-11   2.60624860e-24  -3.15802764e-24  -6.14452963e-53
  4.98400000e-05   0.00000000e+00   0.00000000e+00   5.06828103e-11   2.53312929e-24  -3.06942796e-24  -5.80460888e-53
  4.99200000e-05   0.00000000e+00   0.00000000e+00   5.04708304e-11   2.52253452e-24  -3.05659013e-24  -5.75615510e-53
  5.00000000e-05   0.00000000e+00   0.00000000e+00   5.02588504e-11   2.51193975e-24  -3.04375231e-24  -5.70790439e-53
  5.00800000e-05   0.00000000e+00   0.00000000e+00   4.82107376e-11   2.40957497e-24  -2.91971548e-24  -5.25220491e-53
  5.01600000e-05   0.00000000e+00   0.00000000e+00   4.84351453e-11   2.42079087e-24  -2.93330596e-24  -5.30120232e-53
  5.02400000e-05   0.00000000e+00   0.00000000e+00   4.75273069e-11   2.37541707e-24  -2.87832589e-24  -5.10434025e-53
  5.03200000e-05   0.00000000e+00   0.00000000e+00   4.83019333e-11   2.41413293e-24  -2.92523844e-24  -5.27205027e-53
  5.04000000e-05   0.00000000e+00   0.00000000e+00   4.67239454e-11   2.33526502e-24  -2.82967310e-24  -4.93323637e-53
  5.04800000e-05   0.00000000e+00   0.00000000e+00   4.68502262e-11   2.34157654e-24  -2.83732085e-24  -4.95993064e-53
  5.05600000e-05   0.00000000e+00   0.00000000e+00   4.65082456e-11   2.32448433e-24  -2.81660999e-24  -4.88779211e-53
  5.06400000e-05   0.00000000e+00   0.00000000e+00   4.57886233e-11   2.28851757e-24  -2.77302857e-24  -4.73770493e-53
  5.07200000e-05   0.00000000e+00   0.00000000e+00   4.50690009e-11   2.25255081e-24  -2.72944714e-24  -4.58995815e-53
  5.08000000e-05   0.00000000e+00   0.00000000e+00   4.55194649e-11   2.27506502e-24  -2.75672793e-24  -4.68216291e-53
  5.08800000e-05   0.00000000e+00   0.00000000e+00   4.50615081e-11   2.25217632e-24  -2.72899337e-24  -4.58842544e-53
  5.09600000e-05   0.00000000e+00   0.00000000e+00   4.23369845e-11   2.11600450e-24  -2.56399209e-24  -4.05037498e-53
  5.10400000e-05   0.00000000e+00   0.00000000e+00   4.06768401e-11   2.03303040e-24  -2.46345122e-24  -3.73895277e-53
  5.11200000e-05   0.00000000e+00   0.00000000e+00   4.13661397e-11   2.06748163e-24  -2.50519625e-24  -3.86672491e-53
  5.12000000e-05   0.00000000e+00   0.00000000e+00   4.05443850e-11   2.02641029e-24  -2.45542954e-24  -3.71462319e-53
  5.12800000e-05   0.00000000e+00   0.00000000e+00   3.97226303e-11   1.98533895e-24  -2.40566283e-24  -3.56557334e-53
  5.13600000e-05   0.00000000e+00   0.00000000e+00   4.02856203e-11   2.01347722e-24  -2.43975836e-24  -3.66735528e-53
  5.14400000e-05   0.00000000e+00   0.00000000e+00   3.80773991e-11   1.90311022e-24  -2.30602513e-24  -3.27634634e-53
  5.15200000e-05   0.00000000e+00   0.00000000e+00   3.91703451e-11   1.95773570e-24  -2.37221560e-24  -3.46709706e-53
  5.16000000e-05   0.00000000e+00   0.00000000e+00   3.70651737e-11   1.85251914e-24  -2.24472322e-24  -3.10448071e-53
  5.16800000e-05   0.00000000e+00   0.00000000e+00   3.51003406e-11   1.75431669e-24  -2.12572995e-24  -2.78406821e-53
  5.17600000e-05   0.00000000e+00   0.00000000e+00   3.67205243e-11   1.83529354e-24  -2.22385073e-24  -3.04697488e-53
  5.18400000e-05   0.00000000e+00   0.00000000e+00   3.67219759e-11   1.83536610e-24  -2.22393864e-24  -3.04721579e-53
  5.19200000e-05   0.00000000e+00   0.00000000e+00   3.37423055e-11   1.68644203e-24  -2.04348528e-24  -2.57279531e-53
  5.20000000e-05   0.00000000e+00   0.00000000e+00   3.28582447e-11   1.64225663e-24  -1.98994521e-24  -2.43974215e-53
  5.20800000e-05   0.00000000e+00   0.00000000e+00   3.24819975e-11   1.62345177e-24  -1.96715911e-24  -2.38417450e-53
  5.21600000e-05   0.00000000e+00   0.00000000e+00   3.15330491e-11   1.57602329e-24  -1.90968936e-24  -2.24690552e-53
  5.22400000e-05   0.00000000e+00   0.00000000e+00   3.10259817e-11   1.55068003e-24  -1.87898058e-24  -2.17522392e-53
  5.23200000e-05   0.00000000e+00   0.00000000e+00   3.05189143e-11   1.52533678e-24  -1.84827181e-24  -2.10470433e-53
  5.24000000e-05   0.00000000e+00   0.00000000e+00   2.97945152e-11   1.48913128e-24  -1.80440110e-24  -2.00598134e-53
  5.24800000e-05   0.00000000e+00   0.00000000e+00   2.89406694e-11   1.44645603e-24  -1.75269091e-24  -1.89265510e-53
  5.25600000e-05   0.00000000e+00   0.00000000e+00   2.71374833e-11   1.35633270e-24  -1.64348721e-24  -1.66416372e-53
  5.26400000e-05   0.00000000e+00   0.00000000e+00   2.56921460e-11   1.28409467e-24  -1.55595539e-24  -1.49161932e-53
  5.27200000e-05   0.00000000e+00   0.00000000e+00   2.65316173e-11   1.32605149e-24  -1.60679505e-24  -1.59067137e-53
  5.28000000e-05   0.00000000e+00   0.00000000e+00   2.60709364e-11   1.30302663e-24  -1.57889552e-24  -1.53591192e-53
  5.28800000e-05   0.00000000e+00   0.00000000e+00   2.56102555e-11   1.28000178e-24  -1.55099598e-24  -1.48211160e-53
  5.29600000e-05   0.00000000e+00   0.00000000e+00   2.26989641e-11   1.13449529e-24  -1.37468375e-24  -1.16430883e-53
  5.30400000e-05   0.00000000e+00   0.00000000e+00   2.40880705e-11   1.20392290e-24  -1.45881014e-24  -1.31115812e-53
  5.31200000e-05   0.00000000e+00   0.00000000e+00   2.26800178e-11   1.13354836e-24  -1.37353633e-24  -1.16236618e-53
  5.32000000e-05   0.00000000e+00   0.00000000e+00   2.12197932e-11   1.06056627e-24  -1.28510291e-24  -1.01751544e-53
  5.32800000e-05   0.00000000e+00   0.00000000e+00   1.97379156e-11   9.86501953e-25  -1.19535816e-24  -8.80363156e-54
  5.33600000e-05   0.00000000e+00   0.00000000e+00   1.99021559e-11   9.94710688e-25  -1.20530480e-24  -8.95062207e-54
  5.34400000e-05   0.00000000e+00   0.00000000e+00   1.95644007e-11   9.77829671e-25  -1.18484983e-24  -8.64940246e-54
  5.35200000e-05   0.00000000e+00   0.00000000e+00   1.72851501e-11   8.63912617e-25  -1.04681495e-24  -6.75161441e-54
  5.36000000e-05   0.00000000e+00   0.00000000e+00   1.56630306e-11   7.82839008e-25  -9.48576931e-25  -5.54388189e-54
  5.36800000e-05   0.00000000e+00   0.00000000e+00   1.58971254e-11   7.94539076e-25  -9.62754066e-25  -5.71079357e-54
  5.37600000e-05   0.00000000e+00   0.00000000e+00   1.57968012e-11   7.89524870e-25  -9.56678283e-25  -5.63888083e-54
  5.38400000e-05   0.00000000e+00   0.00000000e+00   1.52907885e-11   7.64234331e-25  -9.26033385e-25  -5.28341213e-54
  5.39200000e-05   0.00000000e+00   0.00000000e+00   1.47847758e-11   7.38943792e-25  -8.95388487e-25  -4.93951531e-54
  5.40000000e-05   0.00000000e+00   0.00000000e+00   1.36387611e-11   6.81665921e-25  -8.25984093e-25  -4.20347069e-54
  5.40800000e-05   0.00000000e+00   0.00000000e+00   1.27533694e-11   6.37414002e-25  -7.72363426e-25  -3.67543331e-54
  5.41600000e-05   0.00000000e+00   0.00000000e+00   1.18679777e-11   5.93162084e-25  -7.18742760e-25  -3.18282436e-54
  5.42400000e-05   0.00000000e+00   0.00000000e+00   1.08909387e-11   5.44329628e-25  -6.59571794e-25  -2.68031356e-54
  5.43200000e-05   0.00000000e+00   0.00000000e+00   9.91134860e-12   4.95369670e-25  -6.00246330e-25  -2.21987549e-54
  5.44000000e-05   0.00000000e+00   0.00000000e+00   8.81746969e-12   4.40697550e-25  -5.33999361e-25  -1.75692228e-54
  5.44800000e-05   0.00000000e+00   0.00000000e+00   7.72359077e-12   3.86025430e-25  -4.67752391e-25  -1.34804695e-54
  5.45600000e-05   0.00000000e+00   0.00000000e+00   7.69082109e-12   3.84387600e-25  -4.65767810e-25  -1.33658830e-54
  5.46400000e-05   0.00000000e+00   0.00000000e+00   7.49073520e-12   3.74387298e-25  -4.53650305e-25  -1.26797711e-54
  5.47200000e-05   0.00000000e+00   0.00000000e+00   6.70473053e-12   3.35102747e-25  -4.06048668e-25  -1.01584282e-54
  5.48000000e-05   0.00000000e+00   0.00000000e+00   5.20764409e-12   2.60278297e-25  -3.15382839e-25  -6.12838327e-55
  5.48800000e-05   0.00000000e+00   0.00000000e+00   4.62267275e-12   2.31041402e-25  -2.79956085e-25  -4.82893290e-55
  5.49600000e-05   0.00000000e+00   0.00000000e+00   2.93886833e-12   1.46884778e-25  -1.77982331e-25  -1.95181707e-55
  5.50400000e-05   0.00000000e+00   0.00000000e+00   2.43674744e-12   1.21788752e-25  -1.47573127e-25  -1.34178454e-55
  5.51200000e-05   0.00000000e+00   0.00000000e+00   2.19847856e-12   1.09880062e-25  -1.33143202e-25  -1.09221306e-55
  5.52000000e-05   0.00000000e+00   0.00000000e+00   1.96020967e-12   9.79713716e-26  -1.18713276e-25  -8.68299166e-56
  5.52800000e-05   0.00000000e+00   0.00000000e+00   2.05103070e-12   1.02510611e-25  -1.24213535e-25  -9.50566423e-56
  5.53600000e-05   0.00000000e+00   0.00000000e+00  -1.63025881e-13  -8.14804120e-27   9.87309504e-27  -5.99721259e-58
  5.54400000e-05   0.00000000e+00   0.00000000e+00  -1.08583457e-12  -5.42700629e-26   6.57597913e-26  -2.66370535e-56
  5.55200000e-05   0.00000000e+00   0.00000000e+00  -2.00864326e-12  -1.00392085e-25   1.21646488e-25  -9.11605365e-56
  5.56000000e-05   0.00000000e+00   0.00000000e+00  -1.29536548e-12  -6.47424278e-26   7.84493018e-26  -3.79082713e-56
  5.56800000e-05   0.00000000e+00   0.00000000e+00  -2.50976554e-12  -1.25438200e-25   1.51995214e-25  -1.42319660e-55
  5.57600000e-05   0.00000000e+00   0.00000000e+00  -3.72416560e-12  -1.86133972e-25   2.25541127e-25  -3.13381744e-55
  5.58400000e-05   0.00000000e+00   0.00000000e+00  -3.52946376e-12  -1.76402765e-25   2.13749688e-25  -2.81479331e-55
  5.59200000e-05   0.00000000e+00   0.00000000e+00  -5.06161756e-12  -2.52979884e-25   3.06539250e-25  -5.78922537e-55
  5.60000000e-05   0.00000000e+00   0.00000000e+00  -5.49660619e-12  -2.74720636e-25   3.32882822e-25  -6.82702957e-55
  5.60800000e-05   0.00000000e+00   0.00000000e+00  -5.93159482e-12  -2.96461388e-25   3.59226394e-25  -7.95034772e-55
  5.61600000e-05   0.00000000e+00   0.00000000e+00  -6.58309386e-12  -3.29023341e-25   3.98682166e-25  -9.79275278e-55
  5.62400000e-05   0.00000000e+00   0.00000000e+00  -7.74093756e-12  -3.86892424e-25   4.68802940e-25  -1.35400743e-54
  5.63200000e-05   0.00000000e+00   0.00000000e+00  -8.96819169e-12  -4.48230643e-25   5.43127314e-25  -1.81738123e-54
  5.64000000e-05   0.00000000e+00   0.00000000e+00  -8.44922081e-12  -4.22292454e-25   5.11697649e-25  -1.61320265e-54
  5.64800000e-05   0.00000000e+00   0.00000000e+00  -8.38840004e-12  -4.19252629e-25   5.08014251e-25  -1.59005786e-54
  5.65600000e-05   0.00000000e+00   0.00000000e+00  -9.68009045e-12  -4.83811376e-25   5.86240984e-25  -2.11741444e-54
  5.66400000e-05   0.00000000e+00   0.00000000e+00  -1.06906405e-11  -5.34318714e-25   6.47441429e-25  -2.58256550e-54
  5.67200000e-05   0.00000000e+00   0.00000000e+00  -1.14029908e-11  -5.69922016e-25   6.90582446e-25  -2.93820365e-54
  5.68000000e-05   0.00000000e+00   0.00000000e+00  -1.21153411e-11  -6.05525317e-25   7.33723463e-25  -3.31677520e-54
  5.68800000e-05   0.00000000e+00   0.00000000e+00  -1.11153173e-11  -5.55544082e-25   6.73160503e-25  -2.79186317e-54
  5.69600000e-05   0.00000000e+00   0.00000000e+00  -1.25020542e-11  -6.24853259e-25   7.57143399e-25  -3.53189491e-54
  5.70400000e-05   0.00000000e+00   0.00000000e+00  -1.25275727e-11  -6.26128672e-25   7.58688834e-25  -3.54635312e-54
  5.71200000e-05   0.00000000e+00   0.00000000e+00  -1.28754040e-11  -6.43513300e-25   7.79754030e-25  -3.74601861e-54
  5.72000000e-05   0.00000000e+00   0.00000000e+00  -1.35266721e-11  -6.76063707e-25   8.19195811e-25  -4.13452749e-54
  5.72800000e-05   0.00000000e+00   0.00000000e+00  -1.44198358e-11  -7.20704073e-25   8.73287164e-25  -4.69856281e-54
  5.73600000e-05   0.00000000e+00   0.00000000e+00  -1.53129996e-11  -7.65344440e-25   9.27378518e-25  -5.29865129e-54
  5.74400000e-05   0.00000000e+00   0.00000000e+00  -1.46927962e-11  -7.34346644e-25   8.89818057e-25  -4.87819163e-54
  5.75200000e-05   0.00000000e+00   0.00000000e+00  -1.67137822e-11  -8.35355622e-25   1.01221204e-24  -6.31234572e-54
  5.76000000e-05   0.00000000e+00   0.00000000e+00  -1.65149448e-11  -8.25417718e-25   1.00017015e-24  -6.16315624e-54
  5.76800000e-05   0.00000000e+00   0.00000000e+00  -1.63472702e-11  -8.17037335e-25   9.90015519e-25  -6.03868601e-54
  5.77600000e-05   0.00000000e+00   0.00000000e+00  -1.62215298e-11  -8.10752823e-25   9.82400487e-25  -5.94614628e-54
  5.78400000e-05   0.00000000e+00   0.00000000e+00  -1.70951463e-11  -8.54416220e-25   1.03530803e-24  -6.60377574e-54
  5.79200000e-05   0.00000000e+00   0.00000000e+00  -1.77974541e-11  -8.89517596e-25   1.07784086e-24  -7.15752067e-54
  5.80000000e-05   0.00000000e+00   0.00000000e+00  -1.83027566e-11  -9.14772636e-25   1.10844274e-24  -7.56980439e-54
  5.80800000e-05   0.00000000e+00   0.00000000e+00  -1.82152199e-11  -9.10397550e-25   1.10314139e-24  -7.49756933e-54
  5.81600000e-05   0.00000000e+00   0.00000000e+00  -1.81765974e-11  -9.08467197e-25   1.10080235e-24  -7.46585988e-54
  5.82400000e-05   0.00000000e+00   0.00000000e+00  -1.92626536e-11  -9.62748336e-25   1.16657557e-24  -8.38447831e-54
  5.83200000e-05   0.00000000e+00   0.00000000e+00  -2.05605027e-11  -1.02761489e-24   1.24517528e-24  -9.55238317e-54
  5.84000000e-05   0.00000000e+00   0.00000000e+00  -2.18583518e-11  -1.09248145e-24   1.32377499e-24  -1.07964134e-53
  5.84800000e-05   0.00000000e+00   0.00000000e+00  -1.95126976e-11  -9.75245548e-25   1.18171861e-24  -8.60363162e-54
  5.85600000e-05   0.00000000e+00   0.00000000e+00  -2.02231543e-11  -1.01075421e-24   1.22474495e-24  -9.24155619e-54
  5.86400000e-05   0.00000000e+00   0.00000000e+00  -2.09336110e-11  -1.04626287e-24   1.26777128e-24  -9.90229239e-54
  5.87200000e-05   0.00000000e+00   0.00000000e+00  -2.22828676e-11  -1.11369878e-24   1.34948431e-24  -1.12198862e-53
  5.88000000e-05   0.00000000e+00   0.00000000e+00  -2.13183630e-11  -1.06549279e-24   1.29107245e-24  -1.02697419e-53
  5.88800000e-05   0.00000000e+00   0.00000000e+00  -2.11829300e-11  -1.05872384e-24   1.28287042e-24  -1.01396716e-53
  5.89600000e-05   0.00000000e+00   0.00000000e+00  -2.10474969e-11  -1.05195489e-24   1.27466839e-24  -1.00104302e-53
  5.90400000e-05   0.00000000e+00   0.00000000e+00  -2.24024940e-11  -1.11967771e-24   1.35672907e-24  -1.13406944e-53
  5.91200000e-05   0.00000000e+00   0.00000000e+00  -2.34477281e-11  -1.17191856e-24   1.42003003e-24  -1.24236255e-53
  5.92000000e-05   0.00000000e+00   0.00000000e+00  -2.43801445e-11  -1.21852078e-24   1.47649859e-24  -1.34313458e-53
  5.92800000e-05   0.00000000e+00   0.00000000e+00  -2.29894414e-11  -1.14901337e-24   1.39227549e-24  -1.19427949e-53
  5.93600000e-05   0.00000000e+00   0.00000000e+00  -2.34119815e-11  -1.17013194e-24   1.41786516e-24  -1.23858414e-53
  5.94400000e-05   0.00000000e+00   0.00000000e+00  -2.35280516e-11  -1.17593314e-24   1.42489455e-24  -1.25089622e-53
  5.95200000e-05   0.00000000e+00   0.00000000e+00  -2.39138384e-11  -1.19521478e-24   1.44825838e-24  -1.29225422e-53
  5.96000000e-05   0.00000000e+00   0.00000000e+00  -2.30349034e-11  -1.15128556e-24   1.39502874e-24  -1.19901913e-53
  5.96800000e-05   0.00000000e+00   0.00000000e+00  -2.25699039e-11  -1.12804486e-24   1.36686766e-24  -1.15109929e-53
  5.97600000e-05   0.00000000e+00   0.00000000e+00  -2.55626691e-11  -1.27762341e-24   1.54811407e-24  -1.47659056e-53
  5.98400000e-05   0.00000000e+00   0.00000000e+00  -2.45941593e-11  -1.22921725e-24   1.48945965e-24  -1.36683643e-53
  5.99200000e-05   0.00000000e+00   0.00000000e+00  -2.42654327e-11  -1.21278747e-24   1.46955146e-24  -1.33054228e-53
  6.00000000e-05   0.00000000e+00   0.00000000e+00  -2.39367060e-11  -1.19635770e-24   1.44964328e-24  -1.29473651e-53
  6.00800000e-05   0.00000000e+00   0.00000000e+00  -2.48571843e-11  -1.24236325e-24   1.50538884e-24  -1.39622422e-53
  6.01600000e-05   0.00000000e+00   0.00000000e+00  -2.48178454e-11  -1.24039709e-24   1.50300641e-24  -1.39180840e-53
  6.02400000e-05   0.00000000e+00   0.00000000e+00  -2.47785065e-11  -1.23843093e-24   1.50062399e-24  -1.38739957e-53
  6.03200000e-05   0.00000000e+00   0.00000000e+00  -2.48486691e-11  -1.24193766e-24   1.50487314e-24  -1.39526757e-53
  6.04000000e-05   0.00000000e+00   0.00000000e+00  -2.45912550e-11  -1.22907209e-24   1.48928376e-24  -1.36650295e-53
  6.04800000e-05   0.00000000e+00   0.00000000e+00  -2.50319470e-11  -1.25109790e-24   1.51597273e-24  -1.41591923e-53
  6.05600000e-05   0.00000000e+00   0.00000000e+00  -2.54726389e-11  -1.27312370e-24   1.54266170e-24  -1.46621322e-53
  6.06400000e-05   0.00000000e+00   0.00000000e+00  -2.52210102e-11  -1.26054729e-24   1.52742269e-24  -1.43738657e-53
  6.07200000e-05   0.00000000e+00   0.00000000e+00  -2.57829964e-11  -1.28863538e-24   1.56145742e-24  -1.50215316e-53
  6.08000000e-05   0.00000000e+00   0.00000000e+00  -2.66592269e-11  -1.33242943e-24   1.61452327e-24  -1.60598937e-53
  6.08800000e-05   0.00000000e+00   0.00000000e+00  -2.48492516e-11  -1.24196678e-24   1.50490842e-24  -1.39533738e-53
  6.09600000e-05   0.00000000e+00   0.00000000e+00  -2.49956486e-11  -1.24928371e-24   1.51377445e-24  -1.41182135e-53
  6.10400000e-05   0.00000000e+00   0.00000000e+00  -2.54200307e-11  -1.27049434e-24   1.53947567e-24  -1.46015640e-53
  6.11200000e-05   0.00000000e+00   0.00000000e+00  -2.56898358e-11  -1.28397922e-24   1.55581548e-24  -1.49132994e-53
  6.12000000e-05   0.00000000e+00   0.00000000e+00  -2.57022051e-11  -1.28459744e-24   1.55656458e-24  -1.49276640e-53
  6.12800000e-05   0.00000000e+00   0.00000000e+00  -2.57145745e-11  -1.28521566e-24   1.55731369e-24  -1.49420355e-53
  6.13600000e-05   0.00000000e+00   0.00000000e+00  -2.56055605e-11  -1.27976713e-24   1.55071163e-24  -1.48156217e-53
  6.14400000e-05   0.00000000e+00   0.00000000e+00  -2.58042903e-11  -1.28969966e-24   1.56274701e-24  -1.50464970e-53
  6.15200000e-05   0.00000000e+00   0.00000000e+00  -2.56837622e-11  -1.28367566e-24   1.55544765e-24  -1.49062672e-53
  6.16000000e-05   0.00000000e+00   0.00000000e+00  -2.55676563e-11  -1.27787268e-24   1.54841610e-24  -1.47718015e-53
  6.16800000e-05   0.00000000e+00   0.00000000e+00  -2.60334462e-11  -1.30115288e-24   1.57662504e-24  -1.53149865e-53
  6.17600000e-05   0.00000000e+00   0.00000000e+00  -2.55147640e-11  -1.27522912e-24   1.54521286e-24  -1.47108054e-53
  6.18400000e-05   0.00000000e+00   0.00000000e+00  -2.49960818e-11  -1.24930536e-24   1.51380068e-24  -1.41187829e-53
  6.19200000e-05   0.00000000e+00   0.00000000e+00  -2.59527762e-11  -1.29712099e-24   1.57173954e-24  -1.52201024e-53
  6.20000000e-05   0.00000000e+00   0.00000000e+00  -2.57615103e-11  -1.28756151e-24   1.56015619e-24  -1.49966484e-53
  6.20800000e-05   0.00000000e+00   0.00000000e+00  -2.55149855e-11  -1.27524019e-24   1.54522627e-24  -1.47110225e-53
  6.21600000e-05   0.00000000e+00   0.00000000e+00  -2.52616272e-11  -1.26257734e-24   1.52988251e-24  -1.44203189e-53
  6.22400000e-05   0.00000000e+00   0.00000000e+00  -2.56860051e-11  -1.28378776e-24   1.55558348e-24  -1.49088219e-53
  6.23200000e-05   0.00000000e+00   0.00000000e+00  -2.52976801e-11  -1.26437926e-24   1.53206593e-24  -1.44615261e-53
  6.24000000e-05   0.00000000e+00   0.00000000e+00  -2.49244326e-11  -1.24572433e-24   1.50946149e-24  -1.40379379e-53
  6.24800000e-05   0.00000000e+00   0.00000000e+00  -2.49605289e-11  -1.24752843e-24   1.51164754e-24  -1.40785555e-53
  6.25600000e-05   0.00000000e+00   0.00000000e+00  -2.50987650e-11  -1.25443747e-24   1.52001933e-24  -1.42349268e-53
  6.26400000e-05   0.00000000e+00   0.00000000e+00  -2.50955183e-11  -1.25427520e-24   1.51982270e-24  -1.42311654e-53
  6.27200000e-05   0.00000000e+00   0.00000000e+00  -2.48693985e-11  -1.24297373e-24   1.50612854e-24  -1.39760009e-53
  6.28000000e-05   0.00000000e+00   0.00000000e+00  -2.45886166e-11  -1.22894023e-24   1.48912396e-24  -1.36621976e-53
  6.28800000e-05   0.00000000e+00   0.00000000e+00  -2.43078347e-11  -1.21490674e-24   1.47211938e-24  -1.33519573e-53
  6.29600000e-05   0.00000000e+00   0.00000000e+00  -2.42938925e-11  -1.21420991e-24   1.47127503e-24  -1.33366416e-53
  6.30400000e-05   0.00000000e+00   0.00000000e+00  -2.48501553e-11  -1.24201195e-24   1.50496314e-24  -1.39542338e-53
  6.31200000e-05   0.00000000e+00   0.00000000e+00  -2.56167117e-11  -1.28032448e-24   1.55138697e-24  -1.48284120e-53
  6.32000000e-05   0.00000000e+00   0.00000000e+00  -2.60155439e-11  -1.30025813e-24   1.57554085e-24  -1.52937616e-53
  6.32800000e-05   0.00000000e+00   0.00000000e+00  -2.42432896e-11  -1.21168077e-24   1.46821043e-24  -1.32811000e-53
  6.33600000e-05   0.00000000e+00   0.00000000e+00  -2.42837910e-11  -1.21370504e-24   1.47066326e-24  -1.33255126e-53
  6.34400000e-05   0.00000000e+00   0.00000000e+00  -2.43242924e-11  -1.21572930e-24   1.47311609e-24  -1.33699993e-53
  6.35200000e-05   0.00000000e+00   0.00000000e+00  -2.32631049e-11  -1.16269110e-24   1.40884896e-24  -1.22289195e-53
  6.36000000e-05   0.00000000e+00   0.00000000e+00  -2.42244827e-11  -1.21074081e-24   1.46707146e-24  -1.32604639e-53
  6.36800000e-05   0.00000000e+00   0.00000000e+00  -2.45453330e-11  -1.22677692e-24   1.48650264e-24  -1.36140572e-53
  6.37600000e-05   0.00000000e+00   0.00000000e+00  -2.33187881e-11  -1.16547415e-24   1.41222122e-24  -1.22874578e-53
  6.38400000e-05   0.00000000e+00   0.00000000e+00  -2.35430077e-11  -1.17668066e-24   1.42580030e-24  -1.25248919e-53
  6.39200000e-05   0.00000000e+00   0.00000000e+00  -2.39441737e-11  -1.19673095e-24   1.45009552e-24  -1.29553652e-53
  6.40000000e-05   0.00000000e+00   0.00000000e+00  -2.42046027e-11  -1.20974720e-24   1.46586749e-24  -1.32387164e-53
  6.40800000e-05   0.00000000e+00   0.00000000e+00  -2.31999988e-11  -1.15953706e-24   1.40502716e-24  -1.21626506e-53
  6.41600000e-05   0.00000000e+00   0.00000000e+00  -2.29491367e-11  -1.14699895e-24   1.38983456e-24  -1.19010429e-53
  6.42400000e-05   0.00000000e+00   0.00000000e+00  -2.23859770e-11  -1.11885221e-24   1.35572876e-24  -1.13241566e-53
  6.43200000e-05   0.00000000e+00   0.00000000e+00  -2.25080659e-11  -1.12495421e-24   1.36312265e-24  -1.14479454e-53
  6.44000000e-05   0.00000000e+00   0.00000000e+00  -2.24951122e-11  -1.12430679e-24   1.36233815e-24  -1.14347723e-53
  6.44800000e-05   0.00000000e+00   0.00000000e+00  -2.24821585e-11  -1.12365936e-24   1.36155366e-24  -1.14216068e-53
  6.45600000e-05   0.00000000e+00   0.00000000e+00  -2.27335345e-11  -1.13622315e-24   1.37677737e-24  -1.16784623e-53
  6.46400000e-05   0.00000000e+00   0.00000000e+00  -2.26067708e-11  -1.12988749e-24   1.36910037e-24  -1.15485858e-53
  6.47200000e-05   0.00000000e+00   0.00000000e+00  -2.24800072e-11  -1.12355184e-24   1.36142337e-24  -1.14194355e-53
  6.48000000e-05   0.00000000e+00   0.00000000e+00  -2.23532435e-11  -1.11721619e-24   1.35374637e-24  -1.12910114e-53
  6.48800000e-05   0.00000000e+00   0.00000000e+00  -2.17917043e-11  -1.08915043e-24   1.31973870e-24  -1.07308446e-53
  6.49600000e-05   0.00000000e+00   0.00000000e+00  -2.17149881e-11  -1.08531615e-24   1.31509265e-24  -1.06554233e-53
  6.50400000e-05   0.00000000e+00   0.00000000e+00  -2.16382720e-11  -1.08148188e-24   1.31044661e-24  -1.05802680e-53
  6.51200000e-05   0.00000000e+00   0.00000000e+00  -2.03486264e-11  -1.01702533e-24   1.23234371e-24  -9.35678176e-54
  6.52000000e-05   0.00000000e+00   0.00000000e+00  -2.07262012e-11  -1.03589653e-24   1.25521021e-24  -9.70709665e-54
  6.52800000e-05   0.00000000e+00   0.00000000e+00  -2.09546706e-11  -1.04731545e-24   1.26904667e-24  -9.92228335e-54
  6.53600000e-05   0.00000000e+00   0.00000000e+00  -2.06151803e-11  -1.03034770e-24   1.24848662e-24  -9.60343646e-54
  6.54400000e-05   0.00000000e+00   0.00000000e+00  -2.03757233e-11  -1.01837963e-24   1.23398474e-24  -9.38163376e-54
  6.55200000e-05   0.00000000e+00   0.00000000e+00  -2.06514629e-11  -1.03216111e-24   1.25068395e-24  -9.63725133e-54
  6.56000000e-05   0.00000000e+00   0.00000000e+00  -2.05731365e-11  -1.02824635e-24   1.24594038e-24  -9.56428613e-54
  6.56800000e-05   0.00000000e+00   0.00000000e+00  -1.97955159e-11  -9.89380840e-25   1.19884650e-24  -8.85495197e-54
  6.57600000e-05   0.00000000e+00   0.00000000e+00  -1.95349996e-11  -9.76360221e-25   1.18306924e-24  -8.62341707e-54
  6.58400000e-05   0.00000000e+00   0.00000000e+00  -1.88601233e-11  -9.42629874e-25   1.14219771e-24  -8.03789483e-54
  6.59200000e-05   0.00000000e+00   0.00000000e+00  -1.94215189e-11  -9.70688453e-25   1.17619667e-24  -8.52349014e-54
  6.60000000e-05   0.00000000e+00   0.00000000e+00  -1.94309730e-11  -9.71160967e-25   1.17676923e-24  -8.53179032e-54
  6.60800000e-05   0.00000000e+00   0.00000000e+00  -1.94404270e-11  -9.71633480e-25   1.17734178e-24  -8.54009453e-54
  6.61600000e-05   0.00000000e+00   0.00000000e+00  -1.91464391e-11  -9.56939950e-25   1.15953742e-24  -8.28383925e-54
  6.62400000e-05   0.00000000e+00   0.00000000e+00  -1.83524965e-11  -9.17258663e-25   1.11145505e-24  -7.61107724e-54
  6.63200000e-05   0.00000000e+00   0.00000000e+00  -1.75585540e-11  -8.77577375e-25   1.06337269e-24  -6.96680306e-54
  6.64000000e-05   0.00000000e+00   0.00000000e+00  -1.67646114e-11  -8.37896087e-25   1.01529032e-24  -6.35101670e-54
  6.64800000e-05   0.00000000e+00   0.00000000e+00  -1.85194917e-11  -9.25605088e-25   1.12156853e-24  -7.75015311e-54
  6.65600000e-05   0.00000000e+00   0.00000000e+00  -1.83440648e-11  -9.16837243e-25   1.11094441e-24  -7.60402120e-54
  6.66400000e-05   0.00000000e+00   0.00000000e+00  -1.81686378e-11  -9.08069398e-25   1.10032029e-24  -7.45928011e-54
  6.67200000e-05   0.00000000e+00   0.00000000e+00  -1.73328516e-11  -8.66296759e-25   1.04970381e-24  -6.78880368e-54
  6.68000000e-05   0.00000000e+00   0.00000000e+00  -1.72381073e-11  -8.61561438e-25   1.04396595e-24  -6.71473981e-54
  6.68800000e-05   0.00000000e+00   0.00000000e+00  -1.74132909e-11  -8.70317122e-25   1.05457534e-24  -6.85191158e-54
  6.69600000e-05   0.00000000e+00   0.00000000e+00  -1.81173000e-11  -9.05503529e-25   1.09721119e-24  -7.41715265e-54
  6.70400000e-05   0.00000000e+00   0.00000000e+00  -1.63651712e-11  -8.17932046e-25   9.91099612e-25  -6.05199240e-54
  6.71200000e-05   0.00000000e+00   0.00000000e+00  -1.77760162e-11  -8.88446152e-25   1.07654253e-24  -7.14032816e-54
  6.72000000e-05   0.00000000e+00   0.00000000e+00  -1.71686904e-11  -8.58091976e-25   1.03976196e-24  -6.66089656e-54
  6.72800000e-05   0.00000000e+00   0.00000000e+00  -1.60269453e-11  -8.01027501e-25   9.70616139e-25  -5.80444064e-54
  6.73600000e-05   0.00000000e+00   0.00000000e+00  -1.48852002e-11  -7.43963025e-25   9.01470321e-25  -5.00689885e-54
  6.74400000e-05   0.00000000e+00   0.00000000e+00  -1.58878594e-11  -7.94075980e-25   9.62192884e-25  -5.70403661e-54
  6.75200000e-05   0.00000000e+00   0.00000000e+00  -1.61981354e-11  -8.09583594e-25   9.80983674e-25  -5.92900990e-54
  6.76000000e-05   0.00000000e+00   0.00000000e+00  -1.64655864e-11  -8.22950806e-25   9.97180911e-25  -6.12638994e-54
  6.76800000e-05   0.00000000e+00   0.00000000e+00  -1.66021478e-11  -8.29776149e-25   1.00545127e-24  -6.22843287e-54
  6.77600000e-05   0.00000000e+00   0.00000000e+00  -1.56652806e-11  -7.82951485e-25   9.48713178e-25  -5.54534856e-54
