       time             b_x              b_y              b_z              F_x              F_y              F_z
  0.00000000e+00   0.00000000e+00   0.00000000e+00  -1.33586664e-06   6.05407099e-21   1.02779713e-21   0.00000000e+00
  8.00000000e-08   0.00000000e+00   0.00000000e+00  -1.17971494e-06   5.34639167e-21   9.07707721e-22  -8.67749277e-47
  1.60000000e-07   0.00000000e+00   0.00000000e+00  -1.02356262e-06   4.63871282e-21   7.87598646e-22  -6.53237529e-47
  2.40000000e-07   0.00000000e+00   0.00000000e+00  -8.67409762e-07   3.93103437e-21   6.67472508e-22  -4.69130737e-47
  3.20000000e-07   0.00000000e+00   0.00000000e+00  -7.11256455e-07   3.22335628e-21   5.47331910e-22  -3.15429284e-47
  4.00000000e-07   0.00000000e+00   0.00000000e+00  -5.55102776e-07   2.51567846e-21   4.27179455e-22  -1.92133491e-47
  4.80000000e-07   0.00000000e+00   0.00000000e+00  -3.98948808e-07   1.80800087e-21   3.07017747e-22  -9.92436144e-48
  5.60000000e-07   0.00000000e+00   0.00000000e+00  -2.42794633e-07   1.10032343e-21   1.86849387e-22  -3.67598492e-48
  6.40000000e-07   0.00000000e+00   0.00000000e+00  -2.17220072e-06   9.84421303e-21   1.67170854e-21  -2.94183647e-46
  7.20000000e-07   0.00000000e+00   0.00000000e+00  -2.31446250e-06   1.04888997e-20   1.78137239e-21  -3.33979151e-46
  8.00000000e-07   0.00000000e+00   0.00000000e+00  -2.45672407e-06   1.11335795e-20   1.89107039e-21  -3.76298258e-46
  8.80000000e-07   0.00000000e+00   0.00000000e+00  -2.59898543e-06   1.17782522e-20   2.00080463e-21  -4.21140954e-46
  9.60000000e-07   0.00000000e+00   0.00000000e+00  -2.74124654e-06   1.24229172e-20   2.11057721e-21  -4.68507223e-46
  1.04000000e-06   0.00000000e+00   0.00000000e+00  -2.88350741e-06   1.30675743e-20   2.22039023e-21  -5.18397047e-46
  1.12000000e-06   0.00000000e+00   0.00000000e+00  -3.02576802e-06   1.37122228e-20   2.33024578e-21  -5.70810408e-46
  1.20000000e-06   0.00000000e+00   0.00000000e+00  -3.16802835e-06   1.43568625e-20   2.44014596e-21  -6.25747287e-46
  1.28000000e-06   0.00000000e+00   0.00000000e+00  -3.31028840e-06   1.50014929e-20   2.55009287e-21  -6.83207665e-46
  1.36000000e-06   0.00000000e+00   0.00000000e+00  -1.80856763e-06   8.19599929e-21   1.39340227e-21  -2.03941032e-46
  1.44000000e-06   0.00000000e+00   0.00000000e+00  -1.65239989e-06   7.48826728e-21   1.27318288e-21  -1.70241841e-46
  1.52000000e-06   0.00000000e+00   0.00000000e+00  -1.49623129e-06   6.78053594e-21   1.15293595e-21  -1.39583644e-46
  1.60000000e-06   0.00000000e+00   0.00000000e+00  -1.34006191e-06   6.07280520e-21   1.03266407e-21  -1.11966503e-46
  1.68000000e-06   0.00000000e+00   0.00000000e+00  -1.18389184e-06   5.36507500e-21   9.12369856e-22  -8.73904760e-47
  1.76000000e-06   0.00000000e+00   0.00000000e+00  -1.02772114e-06   4.65734528e-21   7.92055899e-22  -6.58556150e-47
  1.84000000e-06   0.00000000e+00   0.00000000e+00  -8.71549908e-07   3.94961597e-21   6.71724808e-22  -4.73619647e-47
  1.92000000e-06   0.00000000e+00   0.00000000e+00  -7.15378222e-07   3.24188701e-21   5.51379186e-22  -3.19095635e-47
  2.00000000e-06   0.00000000e+00   0.00000000e+00  -5.59206163e-07   2.53415834e-21   4.31021637e-22  -1.94984438e-47
  2.08000000e-06   0.00000000e+00   0.00000000e+00  -1.60550788e-06   7.27567785e-21   1.23756067e-21  -1.60709295e-46
  2.16000000e-06   0.00000000e+00   0.00000000e+00  -1.74776649e-06   7.92033368e-21   1.34731849e-21  -1.90451199e-46
  2.24000000e-06   0.00000000e+00   0.00000000e+00  -1.89002494e-06   8.56498438e-21   1.45710208e-21  -2.22716621e-46
  2.32000000e-06   0.00000000e+00   0.00000000e+00  -2.03228322e-06   9.20962955e-21   1.56691356e-21  -2.57505550e-46
  2.40000000e-06   0.00000000e+00   0.00000000e+00  -2.17454131e-06   9.85426875e-21   1.67675501e-21  -2.94817972e-46
  2.48000000e-06   0.00000000e+00   0.00000000e+00  -2.31679921e-06   1.04989016e-20   1.78662854e-21  -3.34653875e-46
  2.56000000e-06   0.00000000e+00   0.00000000e+00  -2.45905690e-06   1.11435276e-20   1.89653624e-21  -3.77013245e-46
  2.64000000e-06   0.00000000e+00   0.00000000e+00  -2.60131437e-06   1.17881464e-20   2.00648021e-21  -4.21896064e-46
  2.72000000e-06   0.00000000e+00   0.00000000e+00  -2.28098931e-06   1.03365227e-20   1.75960811e-21  -3.24399119e-46
  2.80000000e-06   0.00000000e+00   0.00000000e+00  -2.12480676e-06   9.62873880e-21   1.63928781e-21  -2.81496236e-46
  2.88000000e-06   0.00000000e+00   0.00000000e+00  -3.02704875e-06   1.37172863e-20   2.33558591e-21  -5.71293758e-46
  2.96000000e-06   0.00000000e+00   0.00000000e+00  -3.16878820e-06   1.43595306e-20   2.44528898e-21  -6.26047520e-46
  3.04000000e-06   0.00000000e+00   0.00000000e+00  -3.31052736e-06   1.50017657e-20   2.55503862e-21  -6.83306335e-46
  3.12000000e-06   0.00000000e+00   0.00000000e+00  -3.45226623e-06   1.56439910e-20   2.66483691e-21  -7.43070181e-46
  3.20000000e-06   0.00000000e+00   0.00000000e+00  -3.59400478e-06   1.62862063e-20   2.77468593e-21  -8.05339038e-46
  3.28000000e-06   0.00000000e+00   0.00000000e+00  -3.73574301e-06   1.69284111e-20   2.88458777e-21  -8.70112882e-46
  3.36000000e-06   0.00000000e+00   0.00000000e+00  -3.87748091e-06   1.75706049e-20   2.99454451e-21  -9.37391691e-46
  3.44000000e-06   0.00000000e+00   0.00000000e+00  -8.76390627e-07   3.97130709e-21   6.76898389e-22  -4.78895174e-47
  3.52000000e-06   0.00000000e+00   0.00000000e+00  -7.20761043e-07   3.26607835e-21   5.56714655e-22  -3.23915541e-47
  3.60000000e-06   0.00000000e+00   0.00000000e+00  -5.65131084e-07   2.56084991e-21   4.36518945e-22  -1.99137946e-47
  3.68000000e-06   0.00000000e+00   0.00000000e+00  -4.09500831e-07   1.85562169e-21   3.16313847e-22  -1.04562647e-47
  3.76000000e-06   0.00000000e+00   0.00000000e+00  -2.53870366e-07   1.15039364e-21   1.96101945e-22  -4.01898426e-48
  3.84000000e-06   0.00000000e+00   0.00000000e+00  -9.82397682e-08   4.45165700e-22   7.58858248e-23  -6.01966572e-49
  3.92000000e-06   0.00000000e+00   0.00000000e+00   5.73908803e-08  -2.60062205e-22  -4.43319276e-23  -2.05218746e-49
  4.00000000e-06   0.00000000e+00   0.00000000e+00   2.13021499e-07  -9.65290132e-22  -1.64548726e-22  -2.82874161e-48
  4.08000000e-06   0.00000000e+00   0.00000000e+00   3.68652007e-07  -1.67051815e-21  -2.84761986e-22  -8.47252971e-48
  4.16000000e-06   0.00000000e+00   0.00000000e+00  -2.17883758e-06   9.87321048e-21   1.68316478e-21  -2.95984101e-46
  4.24000000e-06   0.00000000e+00   0.00000000e+00  -2.32057465e-06   1.05154486e-20   1.79283878e-21  -3.35745489e-46
  4.32000000e-06   0.00000000e+00   0.00000000e+00  -2.46231151e-06   1.11576799e-20   1.90254688e-21  -3.78011900e-46
  4.40000000e-06   0.00000000e+00   0.00000000e+00  -2.60404814e-06   1.17999041e-20   2.01229116e-21  -4.22783316e-46
  4.48000000e-06   0.00000000e+00   0.00000000e+00  -2.74578455e-06   1.24421206e-20   2.12207371e-21  -4.70059724e-46
  4.56000000e-06   0.00000000e+00   0.00000000e+00  -2.88752071e-06   1.30843290e-20   2.23189661e-21  -5.19841104e-46
  4.64000000e-06   0.00000000e+00   0.00000000e+00  -3.02925660e-06   1.37265291e-20   2.34176194e-21  -5.72127441e-46
  4.72000000e-06   0.00000000e+00   0.00000000e+00  -3.17099223e-06   1.43687202e-20   2.45167179e-21  -6.26918714e-46
  4.80000000e-06   0.00000000e+00   0.00000000e+00  -1.34664050e-06   6.10201146e-21   1.04129183e-21  -1.13068497e-46
  4.88000000e-06   0.00000000e+00   0.00000000e+00  -1.19099760e-06   5.39674024e-21   9.20993197e-22  -8.84426394e-47
  4.96000000e-06   0.00000000e+00   0.00000000e+00  -1.03535409e-06   4.69146952e-21   8.00674776e-22  -6.68374482e-47
  5.04000000e-06   0.00000000e+00   0.00000000e+00  -8.79710040e-07   3.98619923e-21   6.80339151e-22  -4.82529688e-47
  5.12000000e-06   0.00000000e+00   0.00000000e+00  -7.24065533e-07   3.28092929e-21   5.59988909e-22  -3.26892397e-47
  5.20000000e-06   0.00000000e+00   0.00000000e+00  -5.68420649e-07   2.57565966e-21   4.39626637e-22  -2.01462933e-47
  5.28000000e-06   0.00000000e+00   0.00000000e+00  -4.12775470e-07   1.87039025e-21   3.19254920e-22  -1.06241558e-47
  5.36000000e-06   0.00000000e+00   0.00000000e+00  -2.57130076e-07   1.16512102e-21   1.98876344e-22  -4.12284689e-48
  5.44000000e-06   0.00000000e+00   0.00000000e+00  -1.01484548e-07   4.59851896e-22   7.84934952e-23  -6.42380101e-49
  5.52000000e-06   0.00000000e+00   0.00000000e+00  -1.47232450e-06   6.67146304e-21   1.13881938e-21  -1.35151962e-46
  5.60000000e-06   0.00000000e+00   0.00000000e+00  -1.61405906e-06   7.31368233e-21   1.24853528e-21  -1.62425811e-46
  5.68000000e-06   0.00000000e+00   0.00000000e+00  -1.75579349e-06   7.95589690e-21   1.35827491e-21  -1.92204626e-46
  5.76000000e-06   0.00000000e+00   0.00000000e+00  -1.89752775e-06   8.59810632e-21   1.46804033e-21  -2.24488395e-46
  5.84000000e-06   0.00000000e+00   0.00000000e+00  -2.03926185e-06   9.24031019e-21   1.57783363e-21  -2.59277108e-46
  5.92000000e-06   0.00000000e+00   0.00000000e+00  -2.18099576e-06   9.88250809e-21   1.68765691e-21  -2.96570753e-46
  6.00000000e-06   0.00000000e+00   0.00000000e+00  -2.32272948e-06   1.05246996e-20   1.79751223e-21  -3.36369314e-46
  6.08000000e-06   0.00000000e+00   0.00000000e+00  -2.46446299e-06   1.11668843e-20   1.90740168e-21  -3.78672779e-46
  6.16000000e-06   0.00000000e+00   0.00000000e+00  -2.60619627e-06   1.18090618e-20   2.01732734e-21  -4.23481132e-46
  6.24000000e-06   0.00000000e+00   0.00000000e+00  -1.66100177e-06   7.52622795e-21   1.28580092e-21  -1.72018874e-46
  6.32000000e-06   0.00000000e+00   0.00000000e+00  -1.50534592e-06   6.82091570e-21   1.16538866e-21  -1.41289400e-46
  6.40000000e-06   0.00000000e+00   0.00000000e+00  -1.34968929e-06   6.11560407e-21   1.04495138e-21  -1.13581044e-46
  6.48000000e-06   0.00000000e+00   0.00000000e+00  -3.17152212e-06   1.43704941e-20   2.45575438e-21  -6.27128280e-46
  6.56000000e-06   0.00000000e+00   0.00000000e+00  -3.31273783e-06   1.50102934e-20   2.56547263e-21  -6.84219172e-46
  6.64000000e-06   0.00000000e+00   0.00000000e+00  -3.45395326e-06   1.56500830e-20   2.67523938e-21  -7.43796627e-46
  6.72000000e-06   0.00000000e+00   0.00000000e+00  -3.59516837e-06   1.62898624e-20   2.78505669e-21  -8.05860624e-46
  6.80000000e-06   0.00000000e+00   0.00000000e+00  -3.73638316e-06   1.69296314e-20   2.89492664e-21  -8.70411141e-46
  6.88000000e-06   0.00000000e+00   0.00000000e+00  -4.18475744e-07   1.89611576e-21   3.24271708e-22  -1.09195955e-47
  6.96000000e-06   0.00000000e+00   0.00000000e+00  -2.63375028e-07   1.19335308e-21   2.04089188e-22  -4.32552531e-48
  7.04000000e-06   0.00000000e+00   0.00000000e+00  -1.08274176e-07   4.90590511e-22   8.39023077e-23  -7.31191307e-49
  7.12000000e-06   0.00000000e+00   0.00000000e+00   4.68267327e-08  -2.12172013e-22  -3.62863658e-23  -1.36600959e-49
  7.20000000e-06   0.00000000e+00   0.00000000e+00   2.01927617e-07  -9.14934557e-22  -1.56474264e-22  -2.54175550e-48
  7.28000000e-06   0.00000000e+00   0.00000000e+00   3.57028396e-07  -1.61769718e-21  -2.76658819e-22  -7.94664993e-48
  7.36000000e-06   0.00000000e+00   0.00000000e+00   5.12128991e-07  -2.32045996e-21  -3.96837463e-22  -1.63512731e-47
  7.44000000e-06   0.00000000e+00   0.00000000e+00   6.67229320e-07  -3.02322295e-21  -5.17007627e-22  -2.77556075e-47
  7.52000000e-06   0.00000000e+00   0.00000000e+00   8.22329303e-07  -3.72598622e-21  -6.37166744e-22  -4.21596296e-47
  7.60000000e-06   0.00000000e+00   0.00000000e+00  -2.04385458e-06   9.26072211e-21   1.58372015e-21  -2.60446314e-46
  7.68000000e-06   0.00000000e+00   0.00000000e+00  -2.18506892e-06   9.90053802e-21   1.69330322e-21  -2.97679545e-46
  7.76000000e-06   0.00000000e+00   0.00000000e+00  -2.32628306e-06   1.05403475e-20   1.80291829e-21  -3.37399363e-46
  7.84000000e-06   0.00000000e+00   0.00000000e+00  -2.46749700e-06   1.11801503e-20   1.91256741e-21  -3.79605752e-46
  7.92000000e-06   0.00000000e+00   0.00000000e+00  -2.60871071e-06   1.18199458e-20   2.02225265e-21  -4.24298697e-46
  8.00000000e-06   0.00000000e+00   0.00000000e+00  -2.74992420e-06   1.24597337e-20   2.13197609e-21  -4.71478183e-46
  8.08000000e-06   0.00000000e+00   0.00000000e+00  -2.89113743e-06   1.30995135e-20   2.24173978e-21  -5.21144192e-46
  8.16000000e-06   0.00000000e+00   0.00000000e+00  -3.03235041e-06   1.37392849e-20   2.35154580e-21  -5.73296707e-46
  8.24000000e-06   0.00000000e+00   0.00000000e+00  -8.86400543e-07   4.01617877e-21   6.87484347e-22  -4.89896975e-47
  8.32000000e-06   0.00000000e+00   0.00000000e+00  -7.31289213e-07   3.31338368e-21   5.67201921e-22  -3.33447215e-47
  8.40000000e-06   0.00000000e+00   0.00000000e+00  -5.76177503e-07   2.61058890e-21   4.46907386e-22  -2.06998670e-47
  8.48000000e-06   0.00000000e+00   0.00000000e+00  -4.21065496e-07   1.90779436e-21   3.26603311e-22  -1.10551601e-47
  8.56000000e-06   0.00000000e+00   0.00000000e+00  -2.65953270e-07   1.20499999e-21   2.06292263e-22  -4.41062080e-48
  8.64000000e-06   0.00000000e+00   0.00000000e+00  -1.10840906e-07   5.02205736e-22   8.59768117e-23  -7.66262886e-49
  8.72000000e-06   0.00000000e+00   0.00000000e+00   4.42715153e-08  -2.00588472e-22  -3.43404754e-23  -1.22093914e-49
  8.80000000e-06   0.00000000e+00   0.00000000e+00   1.99383913e-07  -9.03382699e-22  -1.54657030e-22  -2.47811521e-48
  8.88000000e-06   0.00000000e+00   0.00000000e+00   3.54496208e-07  -1.60617701e-21  -2.74970282e-22  -7.83432191e-48
  8.96000000e-06   0.00000000e+00   0.00000000e+00  -1.33980212e-06   6.07046999e-21   1.03925009e-21  -1.11916883e-46
  9.04000000e-06   0.00000000e+00   0.00000000e+00  -1.48101441e-06   6.71027222e-21   1.14885737e-21  -1.36752083e-46
  9.12000000e-06   0.00000000e+00   0.00000000e+00  -1.62222658e-06   7.35007012e-21   1.25848633e-21  -1.64073827e-46
  9.20000000e-06   0.00000000e+00   0.00000000e+00  -1.76343860e-06   7.98986328e-21   1.36813904e-21  -1.93882104e-46
  9.28000000e-06   0.00000000e+00   0.00000000e+00  -1.90465047e-06   8.62965128e-21   1.47781756e-21  -2.26176905e-46
  9.36000000e-06   0.00000000e+00   0.00000000e+00  -2.04586216e-06   9.26943371e-21   1.58752396e-21  -2.60958217e-46
  9.44000000e-06   0.00000000e+00   0.00000000e+00  -2.18707367e-06   9.90921016e-21   1.69726032e-21  -2.98226029e-46
  9.52000000e-06   0.00000000e+00   0.00000000e+00  -2.32828498e-06   1.05489802e-20   1.80702869e-21  -3.37980327e-46
  9.60000000e-06   0.00000000e+00   0.00000000e+00  -2.46949609e-06   1.11887434e-20   1.91683114e-21  -3.80221096e-46
  9.68000000e-06   0.00000000e+00   0.00000000e+00  -1.19901623e-06   5.43246754e-21   9.30745643e-22  -8.96375339e-47
  9.76000000e-06   0.00000000e+00   0.00000000e+00  -1.04389487e-06   4.72964127e-21   8.10372132e-22  -6.79446696e-47
  9.84000000e-06   0.00000000e+00   0.00000000e+00  -8.88772969e-07   4.02681545e-21   6.89981334e-22  -4.92522819e-47
  9.92000000e-06   0.00000000e+00   0.00000000e+00  -7.33650609e-07   3.32399000e-21   5.69575818e-22  -3.35604096e-47
  1.00000000e-05   0.00000000e+00   0.00000000e+00  -3.17389343e-06   1.43800862e-20   2.46432575e-21  -6.28066458e-46
  1.00800000e-05   0.00000000e+00   0.00000000e+00  -3.31458770e-06   1.50174713e-20   2.57393922e-21  -6.84983565e-46
  1.01600000e-05   0.00000000e+00   0.00000000e+00  -3.45528167e-06   1.56548468e-20   2.68360103e-21  -7.44368905e-46
  1.02400000e-05   0.00000000e+00   0.00000000e+00  -3.59597533e-06   1.62922122e-20   2.79331323e-21  -8.06222456e-46
  1.03200000e-05   0.00000000e+00   0.00000000e+00   3.75623443e-08  -1.70182217e-22  -2.91822773e-23  -8.78788222e-50
  1.04000000e-05   0.00000000e+00   0.00000000e+00   1.92127101e-07  -8.70462734e-22  -1.49263250e-22  -2.30099483e-48
  1.04800000e-05   0.00000000e+00   0.00000000e+00   3.46691759e-07  -1.57074333e-21  -2.69341052e-22  -7.49314891e-48
  1.05600000e-05   0.00000000e+00   0.00000000e+00   5.01256238e-07  -2.27102408e-21  -3.89413134e-22  -1.56643303e-47
  1.06400000e-05   0.00000000e+00   0.00000000e+00   6.55820459e-07  -2.97130503e-21  -5.09476946e-22  -2.68145223e-47
  1.07200000e-05   0.00000000e+00   0.00000000e+00   8.10384340e-07  -3.67158627e-21  -6.29529937e-22  -4.09437017e-47
  1.08000000e-05   0.00000000e+00   0.00000000e+00   9.64947804e-07  -4.37186784e-21  -7.49569556e-22  -5.80518393e-47
  1.08800000e-05   0.00000000e+00   0.00000000e+00   1.11951077e-06  -5.07214982e-21  -8.69593255e-22  -7.81389000e-47
  1.09600000e-05   0.00000000e+00   0.00000000e+00   1.27407316e-06  -5.77243228e-21  -9.89598481e-22  -1.01204842e-46
  1.10400000e-05   0.00000000e+00   0.00000000e+00  -1.90956814e-06   8.65166217e-21   1.48321056e-21  -2.27346385e-46
  1.11200000e-05   0.00000000e+00   0.00000000e+00  -2.05026172e-06   9.28907706e-21   1.59263180e-21  -2.62081815e-46
  1.12000000e-05   0.00000000e+00   0.00000000e+00  -2.19095511e-06   9.92648598e-21   1.70208295e-21  -2.99285531e-46
  1.12800000e-05   0.00000000e+00   0.00000000e+00  -2.33164832e-06   1.05638885e-20   1.81156606e-21  -3.38957519e-46
  1.13600000e-05   0.00000000e+00   0.00000000e+00  -2.47234131e-06   1.12012842e-20   1.92108317e-21  -3.81097767e-46
  1.14400000e-05   0.00000000e+00   0.00000000e+00  -2.61303408e-06   1.18386727e-20   2.03063634e-21  -4.25706259e-46
  1.15200000e-05   0.00000000e+00   0.00000000e+00  -2.75372663e-06   1.24760536e-20   2.14022761e-21  -4.72782978e-46
  1.16000000e-05   0.00000000e+00   0.00000000e+00  -2.89441892e-06   1.31134264e-20   2.24985905e-21  -5.22327909e-46
  1.16800000e-05   0.00000000e+00   0.00000000e+00  -3.03511096e-06   1.37507908e-20   2.35953270e-21  -5.74341033e-46
  1.17600000e-05   0.00000000e+00   0.00000000e+00  -2.73598518e-07   1.23955662e-21   2.12706784e-22  -4.66782485e-48
  1.18400000e-05   0.00000000e+00   0.00000000e+00  -1.19025669e-07   5.39253717e-22   9.25362810e-23  -8.83584289e-49
  1.19200000e-05   0.00000000e+00   0.00000000e+00   3.55472409e-08  -1.61049132e-22  -2.76361866e-23  -7.86982870e-50
  1.20000000e-05   0.00000000e+00   0.00000000e+00   1.90120133e-07  -8.61351996e-22  -1.47808068e-22  -2.25316851e-48
  1.20800000e-05   0.00000000e+00   0.00000000e+00   3.44692927e-07  -1.56165494e-21  -2.67976812e-22  -7.40699046e-48
  1.21600000e-05   0.00000000e+00   0.00000000e+00   4.99265543e-07  -2.26195803e-21  -3.88139868e-22  -1.55401535e-47
  1.22400000e-05   0.00000000e+00   0.00000000e+00   6.53837901e-07  -2.96226133e-21  -5.08294687e-22  -2.66526408e-47
  1.23200000e-05   0.00000000e+00   0.00000000e+00   8.08409922e-07  -3.66256491e-21  -6.28438717e-22  -4.07444295e-47
  1.24000000e-05   0.00000000e+00   0.00000000e+00  -1.20799664e-06   5.47292777e-21   9.39046362e-22  -9.09797082e-47
  1.24800000e-05   0.00000000e+00   0.00000000e+00  -1.34868863e-06   6.11033408e-21   1.04847432e-21  -1.13406461e-46
  1.25600000e-05   0.00000000e+00   0.00000000e+00  -1.48938050e-06   6.74773646e-21   1.15792195e-21  -1.38301472e-46
  1.26400000e-05   0.00000000e+00   0.00000000e+00  -1.63007223e-06   7.38513449e-21   1.26739130e-21  -1.65664731e-46
  1.27200000e-05   0.00000000e+00   0.00000000e+00  -1.77076383e-06   8.02252776e-21   1.37688442e-21  -1.95496230e-46
  1.28000000e-05   0.00000000e+00   0.00000000e+00  -1.91145526e-06   8.65991587e-21   1.48640337e-21  -2.27795958e-46
  1.28800000e-05   0.00000000e+00   0.00000000e+00  -2.05214652e-06   9.29729839e-21   1.59595020e-21  -2.62563904e-46
  1.29600000e-05   0.00000000e+00   0.00000000e+00  -2.19283760e-06   9.93467493e-21   1.70552695e-21  -2.99800054e-46
  1.30400000e-05   0.00000000e+00   0.00000000e+00  -2.33352849e-06   1.05720451e-20   1.81513569e-21  -3.39504395e-46
  1.31200000e-05   0.00000000e+00   0.00000000e+00  -7.39181681e-07   3.34885405e-21   5.75011846e-22  -3.40683286e-47
  1.32000000e-05   0.00000000e+00   0.00000000e+00  -5.84601843e-07   2.64852957e-21   4.54777118e-22  -2.13095756e-47
  1.32800000e-05   0.00000000e+00   0.00000000e+00  -4.30021703e-07   1.94820535e-21   3.34532744e-22  -1.15304301e-47
  1.33600000e-05   0.00000000e+00   0.00000000e+00  -2.75441341e-07   1.24788131e-21   2.14281273e-22  -4.73091244e-48
  1.34400000e-05   0.00000000e+00   0.00000000e+00  -1.20860837e-07   5.47557382e-22   9.40252574e-23  -9.11036503e-49
  1.35200000e-05   0.00000000e+00   0.00000000e+00  -3.17596705e-06   1.43886230e-20   2.47093850e-21  -6.28887434e-46
  1.36000000e-05   0.00000000e+00   0.00000000e+00  -3.31614191e-06   1.50236168e-20   2.58036984e-21  -6.85626124e-46
  1.36800000e-05   0.00000000e+00   0.00000000e+00  -3.45631647e-06   1.56586009e-20   2.68984936e-21  -7.44814856e-46
  1.37600000e-05   0.00000000e+00   0.00000000e+00  -3.59649073e-06   1.62935750e-20   2.79937910e-21  -8.06453609e-46
  1.38400000e-05   0.00000000e+00   0.00000000e+00   6.45413135e-07  -2.92398603e-21  -5.02364215e-22  -2.59702076e-47
  1.39200000e-05   0.00000000e+00   0.00000000e+00   7.99434086e-07  -3.62176751e-21  -6.22228018e-22  -3.98446610e-47
  1.40000000e-05   0.00000000e+00   0.00000000e+00   9.53454625e-07  -4.31954932e-21  -7.42078678e-22  -5.66771824e-47
  1.40800000e-05   0.00000000e+00   0.00000000e+00   1.10747467e-06  -5.01733154e-21  -8.61913661e-22  -7.64677371e-47
  1.41600000e-05   0.00000000e+00   0.00000000e+00   1.26149415e-06  -5.71511424e-21  -9.81730435e-22  -9.92162844e-47
  1.42400000e-05   0.00000000e+00   0.00000000e+00   1.41551298e-06  -6.41289746e-21  -1.10152647e-21  -1.24922777e-46
  1.43200000e-05   0.00000000e+00   0.00000000e+00   1.56953108e-06  -7.11068129e-21  -1.22129923e-21  -1.53587164e-46
  1.44000000e-05   0.00000000e+00   0.00000000e+00   1.72354838e-06  -7.80846579e-21  -1.34104619e-21  -1.85209383e-46
  1.44800000e-05   0.00000000e+00   0.00000000e+00  -1.77603781e-06   8.04627685e-21   1.38182959e-21  -1.96662510e-46
  1.45600000e-05   0.00000000e+00   0.00000000e+00  -1.91621265e-06   8.68131296e-21   1.49101413e-21  -2.28931312e-46
  1.46400000e-05   0.00000000e+00   0.00000000e+00  -2.05638733e-06   9.31634348e-21   1.60022651e-21  -2.63650239e-46
  1.47200000e-05   0.00000000e+00   0.00000000e+00  -2.19656182e-06   9.95136803e-21   1.70946877e-21  -3.00819277e-46
  1.48000000e-05   0.00000000e+00   0.00000000e+00  -2.33673612e-06   1.05863862e-20   1.81874294e-21  -3.40438415e-46
  1.48800000e-05   0.00000000e+00   0.00000000e+00  -2.47691021e-06   1.12213975e-20   1.92805107e-21  -3.82507639e-46
  1.49600000e-05   0.00000000e+00   0.00000000e+00  -2.61708408e-06   1.18564017e-20   2.03739519e-21  -4.27026932e-46
  1.50400000e-05   0.00000000e+00   0.00000000e+00  -2.75725771e-06   1.24913982e-20   2.14677734e-21  -4.73996280e-46
  1.51200000e-05   0.00000000e+00   0.00000000e+00  -2.89743111e-06   1.31263867e-20   2.25619954e-21  -5.23415665e-46
  1.52000000e-05   0.00000000e+00   0.00000000e+00   1.81734961e-07  -8.23322398e-22  -1.41522049e-22  -2.05878347e-48
  1.52800000e-05   0.00000000e+00   0.00000000e+00   3.35761468e-07  -1.52111641e-21  -2.61463741e-22  -7.02809518e-48
  1.53600000e-05   0.00000000e+00   0.00000000e+00   4.89787803e-07  -2.21891056e-21  -3.81399913e-22  -1.49557266e-47
  1.54400000e-05   0.00000000e+00   0.00000000e+00   6.43813885e-07  -2.91670492e-21  -5.01328032e-22  -2.58416615e-47
  1.55200000e-05   0.00000000e+00   0.00000000e+00   7.97839636e-07  -3.61449956e-21  -6.21245565e-22  -3.96858775e-47
  1.56000000e-05   0.00000000e+00   0.00000000e+00   9.51864977e-07  -4.31229454e-21  -7.41149980e-22  -5.64883460e-47
  1.56800000e-05   0.00000000e+00   0.00000000e+00   1.10588983e-06  -5.01008992e-21  -8.61038744e-22  -7.62490324e-47
  1.57600000e-05   0.00000000e+00   0.00000000e+00   1.25991411e-06  -5.70788578e-21  -9.80909325e-22  -9.89678963e-47
  1.58400000e-05   0.00000000e+00   0.00000000e+00   1.41393775e-06  -6.40568217e-21  -1.10075919e-21  -1.24644891e-46
  1.59200000e-05   0.00000000e+00   0.00000000e+00  -1.21714220e-06   5.51411513e-21   9.47596230e-22  -9.23625406e-47
  1.60000000e-05   0.00000000e+00   0.00000000e+00  -1.35731579e-06   6.14914415e-21   1.05678790e-21  -1.14861987e-46
  1.60800000e-05   0.00000000e+00   0.00000000e+00  -1.49748926e-06   6.78416922e-21   1.16599929e-21  -1.39811534e-46
  1.61600000e-05   0.00000000e+00   0.00000000e+00  -1.63766260e-06   7.41918994e-21   1.27523245e-21  -1.67211175e-46
  1.62400000e-05   0.00000000e+00   0.00000000e+00  -1.77783579e-06   8.05420588e-21   1.38448939e-21  -1.97060899e-46
  1.63200000e-05   0.00000000e+00   0.00000000e+00  -1.91800882e-06   8.68921665e-21   1.49377217e-21  -2.29360696e-46
  1.64000000e-05   0.00000000e+00   0.00000000e+00  -2.05818169e-06   9.32422183e-21   1.60308281e-21  -2.64110554e-46
  1.64800000e-05   0.00000000e+00   0.00000000e+00  -2.19835437e-06   9.95922102e-21   1.71242336e-21  -3.01310462e-46
  1.65600000e-05   0.00000000e+00   0.00000000e+00  -2.81844927e-07   1.27684139e-21   2.19561159e-22  -4.95342409e-48
  1.66400000e-05   0.00000000e+00   0.00000000e+00  -1.27814058e-07   5.79035560e-22   9.95698564e-23  -1.01885836e-48
  1.67200000e-05   0.00000000e+00   0.00000000e+00   2.62168765e-08  -1.18770211e-22  -2.04235478e-23  -4.27907102e-50
  1.68000000e-05   0.00000000e+00   0.00000000e+00   1.80247798e-07  -8.16575994e-22  -1.40416521e-22  -2.02522313e-48
  1.68800000e-05   0.00000000e+00   0.00000000e+00   3.34278626e-07  -1.51438185e-21  -2.60406531e-22  -6.96615155e-48
  1.69600000e-05   0.00000000e+00   0.00000000e+00   4.88309283e-07  -2.21218786e-21  -3.80391044e-22  -1.48655658e-47
  1.70400000e-05   0.00000000e+00   0.00000000e+00  -3.17780715e-06   1.43964165e-20   2.47553014e-21  -6.29616405e-46
  1.71200000e-05   0.00000000e+00   0.00000000e+00  -3.31746469e-06   1.50290426e-20   2.58469820e-21  -6.86173246e-46
  1.72000000e-05   0.00000000e+00   0.00000000e+00  -3.45712195e-06   1.56616591e-20   2.69391429e-21  -7.45162078e-46
  1.72800000e-05   0.00000000e+00   0.00000000e+00   1.09613552e-06  -4.96577516e-21  -8.54166161e-22  -7.49098684e-47
  1.73600000e-05   0.00000000e+00   0.00000000e+00   1.24960483e-06  -5.66103926e-21  -9.73706599e-22  -9.73548941e-47
  1.74400000e-05   0.00000000e+00   0.00000000e+00   1.40307350e-06  -6.35630389e-21  -1.09322656e-21  -1.22736773e-46
  1.75200000e-05   0.00000000e+00   0.00000000e+00   1.55654145e-06  -7.05156913e-21  -1.21272354e-21  -1.51055453e-46
  1.76000000e-05   0.00000000e+00   0.00000000e+00   1.71000860e-06  -7.74683502e-21  -1.33219502e-21  -1.82310876e-46
  1.76800000e-05   0.00000000e+00   0.00000000e+00   1.86347488e-06  -8.44210165e-21  -1.45163849e-21  -2.16502979e-46
  1.77600000e-05   0.00000000e+00   0.00000000e+00   2.01694020e-06  -9.13736907e-21  -1.57105143e-21  -2.53631690e-46
  1.78400000e-05   0.00000000e+00   0.00000000e+00   2.17040449e-06  -9.83263734e-21  -1.69043132e-21  -2.93696934e-46
  1.79200000e-05   0.00000000e+00   0.00000000e+00  -1.64332230e-06   7.44480500e-21   1.27978727e-21  -1.68368949e-46
  1.80000000e-05   0.00000000e+00   0.00000000e+00  -1.78298049e-06   8.07748553e-21   1.38865638e-21  -1.98203084e-46
  1.80800000e-05   0.00000000e+00   0.00000000e+00  -1.92263852e-06   8.71016088e-21   1.49755130e-21  -2.30469321e-46
  1.81600000e-05   0.00000000e+00   0.00000000e+00  -2.06229638e-06   9.34283066e-21   1.60647405e-21  -2.65167649e-46
  1.82400000e-05   0.00000000e+00   0.00000000e+00  -2.20195406e-06   9.97549446e-21   1.71542665e-21  -3.02298055e-46
  1.83200000e-05   0.00000000e+00   0.00000000e+00  -2.34161154e-06   1.06081519e-20   1.82441113e-21  -3.41860527e-46
  1.84000000e-05   0.00000000e+00   0.00000000e+00  -2.48126882e-06   1.12408025e-20   1.93342951e-21  -3.83855050e-46
  1.84800000e-05   0.00000000e+00   0.00000000e+00  -2.62092588e-06   1.18734459e-20   2.04248380e-21  -4.28281610e-46
  1.85600000e-05   0.00000000e+00   0.00000000e+00  -2.76058271e-06   1.25060817e-20   2.15157604e-21  -4.75140190e-46
  1.86400000e-05   0.00000000e+00   0.00000000e+00   6.34356626e-07  -2.87377730e-21  -4.94445821e-22  -2.50880222e-47
  1.87200000e-05   0.00000000e+00   0.00000000e+00   7.87828892e-07  -3.56904431e-21  -6.14049495e-22  -3.86962062e-47
  1.88000000e-05   0.00000000e+00   0.00000000e+00   9.41300754e-07  -4.26431166e-21  -7.33640263e-22  -5.52414212e-47
  1.88800000e-05   0.00000000e+00   0.00000000e+00   1.09477213e-06  -4.95957942e-21  -8.53215609e-22  -7.47236332e-47
  1.89600000e-05   0.00000000e+00   0.00000000e+00   1.24824295e-06  -5.65484764e-21  -9.72773020e-22  -9.71428025e-47
  1.90400000e-05   0.00000000e+00   0.00000000e+00   1.40171313e-06  -6.35011639e-21  -1.09230998e-21  -1.22498883e-46
  1.91200000e-05   0.00000000e+00   0.00000000e+00   1.55518259e-06  -7.04538574e-21  -1.21182398e-21  -1.50791822e-46
  1.92000000e-05   0.00000000e+00   0.00000000e+00   1.70865126e-06  -7.74065576e-21  -1.33131250e-21  -1.82021563e-46
  1.92800000e-05   0.00000000e+00   0.00000000e+00   1.86211904e-06  -8.43592650e-21  -1.45077302e-21  -2.16188041e-46
  1.93600000e-05   0.00000000e+00   0.00000000e+00  -1.08643489e-06   4.92185599e-21   8.46448948e-22  -7.35900647e-47
  1.94400000e-05   0.00000000e+00   0.00000000e+00  -1.22609228e-06   5.55453479e-21   9.55306198e-22  -9.37259125e-47
  1.95200000e-05   0.00000000e+00   0.00000000e+00  -1.36574955e-06   6.18721005e-21   1.06418120e-21  -1.16293854e-46
  1.96000000e-05   0.00000000e+00   0.00000000e+00  -1.50540671e-06   6.81988133e-21   1.17307597e-21  -1.41293880e-46
  1.96800000e-05   0.00000000e+00   0.00000000e+00  -1.64506373e-06   7.45254825e-21   1.28199253e-21  -1.68725983e-46
  1.97600000e-05   0.00000000e+00   0.00000000e+00  -1.78472061e-06   8.08521040e-21   1.39093291e-21  -1.98590153e-46
  1.98400000e-05   0.00000000e+00   0.00000000e+00  -1.92437733e-06   8.71786737e-21   1.49989912e-21  -2.30886380e-46
  1.99200000e-05   0.00000000e+00   0.00000000e+00  -2.06403388e-06   9.35051875e-21   1.60889319e-21  -2.65614651e-46
  2.00000000e-05   0.00000000e+00   0.00000000e+00   1.72632410e-07  -7.82060081e-22  -1.34576695e-22  -1.85769268e-48
  2.00800000e-05   0.00000000e+00   0.00000000e+00   3.26106445e-07  -1.47732930e-21  -2.54215534e-22  -6.62969268e-48
  2.01600000e-05   0.00000000e+00   0.00000000e+00   4.79580313e-07  -2.17259865e-21  -3.73849031e-22  -1.43388288e-47
  2.02400000e-05   0.00000000e+00   0.00000000e+00   6.33053935e-07  -2.86786821e-21  -4.93474670e-22  -2.49850852e-47
  2.03200000e-05   0.00000000e+00   0.00000000e+00   7.86527233e-07  -3.56313804e-21  -6.13089938e-22  -3.85684401e-47
  2.04000000e-05   0.00000000e+00   0.00000000e+00   9.40000127e-07  -4.25840821e-21  -7.32692321e-22  -5.50888656e-47
  2.04800000e-05   0.00000000e+00   0.00000000e+00   1.09347254e-06  -4.95367878e-21  -8.52279303e-22  -7.45463279e-47
  2.05600000e-05   0.00000000e+00   0.00000000e+00  -3.17948259e-06   1.44037987e-20   2.47804484e-21  -6.30280518e-46
  2.06400000e-05   0.00000000e+00   0.00000000e+00  -3.31862515e-06   1.50340826e-20   2.58686494e-21  -6.86653407e-46
  2.07200000e-05   0.00000000e+00   0.00000000e+00  -3.85802725e-07   1.74776780e-21   3.00739587e-22  -9.27996447e-48
  2.08000000e-05   0.00000000e+00   0.00000000e+00  -4.21335090e-07   1.90873590e-21   3.28443554e-22  -1.10680684e-47
  2.08800000e-05   0.00000000e+00   0.00000000e+00  -4.56867459e-07   2.06970375e-21   3.56149085e-22  -1.30136086e-47
  2.09600000e-05   0.00000000e+00   0.00000000e+00  -4.92399834e-07   2.23067133e-21   3.83856309e-22  -1.51165851e-47
  2.10400000e-05   0.00000000e+00   0.00000000e+00  -5.27932214e-07   2.39163863e-21   4.11565361e-22  -1.73769980e-47
  2.11200000e-05   0.00000000e+00   0.00000000e+00  -5.63464601e-07   2.55260562e-21   4.39276371e-22  -1.97948474e-47
  2.12000000e-05   0.00000000e+00   0.00000000e+00  -5.98996994e-07   2.71357228e-21   4.66989470e-22  -2.23701335e-47
  2.12800000e-05   0.00000000e+00   0.00000000e+00  -6.34529393e-07   2.87453858e-21   4.94704792e-22  -2.51028564e-47
  2.13600000e-05   0.00000000e+00   0.00000000e+00  -6.70061800e-07   3.03550452e-21   5.22422468e-22  -2.79930161e-47
  2.14400000e-05   0.00000000e+00   0.00000000e+00  -4.50560611e-08   2.04112284e-22   3.51288317e-23  -1.26596429e-49
  2.15200000e-05   0.00000000e+00   0.00000000e+00  -8.00417405e-09   3.62603865e-23   6.24061688e-24  -3.99909047e-51
  2.16000000e-05   0.00000000e+00   0.00000000e+00   2.90477136e-08  -1.31591508e-22  -2.26476293e-23  -5.25909646e-50
  2.16800000e-05   0.00000000e+00   0.00000000e+00   6.60995990e-08  -2.99443412e-22  -5.15357616e-23  -2.72372037e-49
  2.17600000e-05   0.00000000e+00   0.00000000e+00   1.03151479e-07  -4.67295337e-22  -8.04236349e-23  -6.63342238e-49
  2.18400000e-05   0.00000000e+00   0.00000000e+00   1.40203351e-07  -6.35147293e-22  -1.09311104e-22  -1.22550145e-48
  2.19200000e-05   0.00000000e+00   0.00000000e+00   1.77255213e-07  -8.02999294e-22  -1.38198023e-22  -1.95884949e-48
  2.20000000e-05   0.00000000e+00   0.00000000e+00   2.14307060e-07  -9.70851350e-22  -1.67084248e-22  -2.86338614e-48
  2.20800000e-05   0.00000000e+00   0.00000000e+00  -2.25599959e-07   1.02201052e-21   1.75887506e-22  -3.17312122e-48
  2.21600000e-05   0.00000000e+00   0.00000000e+00  -2.61132364e-07   1.18297866e-21   2.03592316e-22  -4.25140383e-48
  2.22400000e-05   0.00000000e+00   0.00000000e+00  -2.96664773e-07   1.34394665e-21   2.31298094e-22  -5.48712289e-48
  2.23200000e-05   0.00000000e+00   0.00000000e+00  -3.32197185e-07   1.50491447e-21   2.59004973e-22  -6.88027844e-48
  2.24000000e-05   0.00000000e+00   0.00000000e+00  -3.67729601e-07   1.66588210e-21   2.86713084e-22  -8.43087055e-48
  2.24800000e-05   0.00000000e+00   0.00000000e+00  -4.03262021e-07   1.82684950e-21   3.14422560e-22  -1.01388993e-47
  2.25600000e-05   0.00000000e+00   0.00000000e+00  -4.38794445e-07   1.98781668e-21   3.42133531e-22  -1.20043647e-47
  2.26400000e-05   0.00000000e+00   0.00000000e+00  -4.74326875e-07   2.14878359e-21   3.69846129e-22  -1.40272670e-47
  2.27200000e-05   0.00000000e+00   0.00000000e+00  -5.09859310e-07   2.30975023e-21   3.97560487e-22  -1.62076061e-47
  2.28000000e-05   0.00000000e+00   0.00000000e+00  -1.79427157e-07   8.12835458e-22   1.39909685e-22  -2.00735647e-48
  2.28800000e-05   0.00000000e+00   0.00000000e+00  -1.42375067e-07   6.44983070e-22   1.11018833e-22  -1.26392665e-48
  2.29600000e-05   0.00000000e+00   0.00000000e+00  -1.05322967e-07   4.77130727e-22   8.21274223e-23  -6.91687767e-49
  2.30400000e-05   0.00000000e+00   0.00000000e+00  -6.82708581e-08   3.09278417e-22   5.32355994e-23  -2.90639996e-49
  2.31200000e-05   0.00000000e+00   0.00000000e+00  -3.12187441e-08   1.41426128e-22   2.43435088e-23  -6.07834630e-50
  2.32000000e-05   0.00000000e+00   0.00000000e+00   5.83337228e-09  -2.64261509e-23  -4.54870412e-24  -2.11824024e-51
  2.32800000e-05   0.00000000e+00   0.00000000e+00   4.28854882e-08  -1.94278432e-22  -3.34408942e-23  -1.14644345e-49
  2.33600000e-05   0.00000000e+00   0.00000000e+00   7.99376009e-08  -3.62130726e-22  -6.23329162e-23  -3.98361744e-49
  2.34400000e-05   0.00000000e+00   0.00000000e+00   1.16989707e-07  -5.29983046e-22  -9.12246249e-23  -8.53270347e-49
  2.35200000e-05   0.00000000e+00   0.00000000e+00  -1.00930223e-07   4.57230846e-22   7.87021882e-23  -6.35082248e-49
  2.36000000e-05   0.00000000e+00   0.00000000e+00  -1.36462669e-07   6.18198692e-22   1.06409825e-22  -1.16098119e-48
  2.36800000e-05   0.00000000e+00   0.00000000e+00  -1.71995117e-07   7.79166458e-22   1.34117969e-22  -1.84431685e-48
  2.37600000e-05   0.00000000e+00   0.00000000e+00  -2.07527566e-07   9.40134124e-22   1.61826750e-22  -2.68508927e-48
  2.38400000e-05   0.00000000e+00   0.00000000e+00  -2.43060018e-07   1.10110167e-21   1.89536302e-22  -3.68329847e-48
  2.39200000e-05   0.00000000e+00   0.00000000e+00  -2.78592473e-07   1.26206907e-21   2.17246755e-22  -4.83894450e-48
  2.40000000e-05   0.00000000e+00   0.00000000e+00  -3.14124931e-07   1.42303631e-21   2.44958241e-22  -6.15202743e-48
  2.40800000e-05   0.00000000e+00   0.00000000e+00  -3.49657393e-07   1.58400336e-21   2.72670892e-22  -7.62254730e-48
  2.41600000e-05   0.00000000e+00   0.00000000e+00  -3.85178565e-07   1.74492012e-21   3.00369867e-22  -9.24996255e-48
  2.42400000e-05   0.00000000e+00   0.00000000e+00  -4.20580410e-07   1.90529509e-21   3.27982809e-22  -1.10284550e-47
  2.43200000e-05   0.00000000e+00   0.00000000e+00  -4.55982261e-07   2.06566982e-21   3.55597305e-22  -1.29632291e-47
  2.44000000e-05   0.00000000e+00   0.00000000e+00  -4.91384116e-07   2.22604428e-21   3.83213487e-22  -1.50542851e-47
  2.44800000e-05   0.00000000e+00   0.00000000e+00  -5.26785977e-07   2.38641846e-21   4.10831484e-22  -1.73016231e-47
  2.45600000e-05   0.00000000e+00   0.00000000e+00  -5.62187844e-07   2.54679233e-21   4.38451429e-22  -1.97052431e-47
  2.46400000e-05   0.00000000e+00   0.00000000e+00  -5.97589718e-07   2.70716587e-21   4.66073451e-22  -2.22651452e-47
  2.47200000e-05   0.00000000e+00   0.00000000e+00  -6.32991598e-07   2.86753906e-21   4.93697681e-22  -2.49813297e-47
  2.48000000e-05   0.00000000e+00   0.00000000e+00  -6.68393485e-07   3.02791188e-21   5.21324251e-22  -2.78537965e-47
  2.48800000e-05   0.00000000e+00   0.00000000e+00   1.96046640e-08  -8.88117177e-23  -1.52911610e-23  -2.39519054e-50
  2.49600000e-05   0.00000000e+00   0.00000000e+00   5.65210652e-08  -2.56047904e-22  -4.40849812e-23  -1.99147790e-49
  2.50400000e-05   0.00000000e+00   0.00000000e+00   9.34374620e-08  -4.23284109e-22  -7.28785806e-23  -5.44283164e-49
  2.51200000e-05   0.00000000e+00   0.00000000e+00   1.30353852e-07  -5.90520342e-22  -1.01671815e-22  -1.05935792e-48
  2.52000000e-05   0.00000000e+00   0.00000000e+00   1.67270231e-07  -7.57756616e-22  -1.30464541e-22  -1.74437190e-48
  2.52800000e-05   0.00000000e+00   0.00000000e+00   2.04186598e-07  -9.24992942e-22  -1.59256613e-22  -2.59932490e-48
  2.53600000e-05   0.00000000e+00   0.00000000e+00   2.41102948e-07  -1.09222933e-21  -1.88047888e-22  -3.62421664e-48
  2.54400000e-05   0.00000000e+00   0.00000000e+00   2.78019280e-07  -1.25946580e-21  -2.16838222e-22  -4.81904681e-48
  2.55200000e-05   0.00000000e+00   0.00000000e+00   3.14935591e-07  -1.42670235e-21  -2.45627470e-22  -6.18381504e-48
  2.56000000e-05   0.00000000e+00   0.00000000e+00  -2.60967262e-07   1.18221793e-21   2.03537901e-22  -4.24603002e-48
  2.56800000e-05   0.00000000e+00   0.00000000e+00  -2.96369145e-07   1.34259288e-21   2.31151990e-22  -5.47619288e-48
  2.57600000e-05   0.00000000e+00   0.00000000e+00  -3.31771031e-07   1.50296766e-21   2.58767174e-22  -6.86263770e-48
  2.58400000e-05   0.00000000e+00   0.00000000e+00  -3.67172921e-07   1.66334224e-21   2.86383585e-22  -8.40536454e-48
  2.59200000e-05   0.00000000e+00   0.00000000e+00  -4.02574816e-07   1.82371661e-21   3.14001352e-22  -1.01043735e-47
  2.60000000e-05   0.00000000e+00   0.00000000e+00  -4.37976715e-07   1.98409075e-21   3.41620607e-22  -1.19596646e-47
  2.60800000e-05   0.00000000e+00   0.00000000e+00  -4.73378619e-07   2.14446463e-21   3.69241481e-22  -1.39712379e-47
  2.61600000e-05   0.00000000e+00   0.00000000e+00  -5.08780528e-07   2.30483824e-21   3.96864104e-22  -1.61390936e-47
  2.62400000e-05   0.00000000e+00   0.00000000e+00  -1.14261814e-07   5.17619764e-22   8.91292450e-23  -8.14072409e-49
  2.63200000e-05   0.00000000e+00   0.00000000e+00  -7.73452549e-08   3.50383267e-22   6.03329612e-23  -3.73030981e-49
  2.64000000e-05   0.00000000e+00   0.00000000e+00  -4.04286903e-08   1.83146794e-22   3.15363754e-23  -1.01930514e-49
  2.64800000e-05   0.00000000e+00   0.00000000e+00  -3.51212252e-09   1.59103339e-23   2.73963173e-24  -7.71090826e-52
  2.65600000e-05   0.00000000e+00   0.00000000e+00   3.34044455e-08  -1.51326125e-22  -2.60571257e-23  -6.95527441e-50
  2.66400000e-05   0.00000000e+00   0.00000000e+00   7.03210110e-08  -3.18562595e-22  -5.48537527e-23  -3.08275452e-49
  2.67200000e-05   0.00000000e+00   0.00000000e+00   1.07237571e-07  -4.85799087e-22  -8.36501051e-23  -7.16939141e-49
  2.68000000e-05   0.00000000e+00   0.00000000e+00   1.44154123e-07  -6.53035611e-22  -1.12446039e-22  -1.29554368e-48
  2.68800000e-05   0.00000000e+00   0.00000000e+00   1.81070663e-07  -8.20272181e-22  -1.41241409e-22  -2.04408890e-48
  2.69600000e-05   0.00000000e+00   0.00000000e+00  -1.01354588e-07   4.59148644e-22   7.90600769e-23  -6.40434368e-49
  2.70400000e-05   0.00000000e+00   0.00000000e+00  -1.36756502e-07   6.19523536e-22   1.06675357e-22  -1.16598669e-48
  2.71200000e-05   0.00000000e+00   0.00000000e+00  -1.72158418e-07   7.79898349e-22   1.34291143e-22  -1.84782114e-48
  2.72000000e-05   0.00000000e+00   0.00000000e+00  -2.07560336e-07   9.40273061e-22   1.61907565e-22  -2.68593775e-48
  2.72800000e-05   0.00000000e+00   0.00000000e+00  -2.42962256e-07   1.10064765e-21   1.89524754e-22  -3.68033655e-48
  2.73600000e-05   0.00000000e+00   0.00000000e+00  -2.78364179e-07   1.26102210e-21   2.17142842e-22  -4.83101760e-48
  2.74400000e-05   0.00000000e+00   0.00000000e+00  -3.13766105e-07   1.42139639e-21   2.44761957e-22  -6.13798094e-48
  2.75200000e-05   0.00000000e+00   0.00000000e+00  -3.49168035e-07   1.58177049e-21   2.72382233e-22  -7.60122664e-48
  2.76000000e-05   0.00000000e+00   0.00000000e+00  -2.48125163e-07   1.12403437e-21   1.93562924e-22  -3.83869408e-48
  2.76800000e-05   0.00000000e+00   0.00000000e+00  -4.19826965e-07   1.90186162e-21   3.27512812e-22  -1.09889771e-47
  2.77600000e-05   0.00000000e+00   0.00000000e+00  -4.55098365e-07   2.06164369e-21   3.55035429e-22  -1.29130213e-47
  2.78400000e-05   0.00000000e+00   0.00000000e+00  -4.90369770e-07   2.22142550e-21   3.82559721e-22  -1.49921977e-47
  2.79200000e-05   0.00000000e+00   0.00000000e+00  -5.25641180e-07   2.38120702e-21   4.10085820e-22  -1.72265064e-47
  2.80000000e-05   0.00000000e+00   0.00000000e+00  -5.60912596e-07   2.54098824e-21   4.37613854e-22  -1.96159475e-47
  2.80800000e-05   0.00000000e+00   0.00000000e+00  -5.96184019e-07   2.70076913e-21   4.65143953e-22  -2.21605211e-47
  2.81600000e-05   0.00000000e+00   0.00000000e+00  -6.31455448e-07   2.86054967e-21   4.92676247e-22  -2.48602274e-47
  2.82400000e-05   0.00000000e+00   0.00000000e+00  -6.66726885e-07   3.02032984e-21   5.20210867e-22  -2.77150664e-47
  2.83200000e-05   0.00000000e+00   0.00000000e+00   8.38166840e-08  -3.79696549e-22  -6.53987893e-23  -4.37964627e-49
  2.84000000e-05   0.00000000e+00   0.00000000e+00   1.20597685e-07  -5.46317614e-22  -9.40970976e-23  -9.06714490e-49
  2.84800000e-05   0.00000000e+00   0.00000000e+00   1.57378676e-07  -7.12938717e-22  -1.22794937e-22  -1.54415940e-48
  2.85600000e-05   0.00000000e+00   0.00000000e+00   1.94159655e-07  -8.79559868e-22  -1.51492164e-22  -2.35029917e-48
  2.86400000e-05   0.00000000e+00   0.00000000e+00   2.30940619e-07  -1.04618108e-21  -1.80188635e-22  -3.32513353e-48
  2.87200000e-05   0.00000000e+00   0.00000000e+00   2.67721565e-07  -1.21280236e-21  -2.08884208e-22  -4.46866220e-48
  2.88000000e-05   0.00000000e+00   0.00000000e+00   3.04502491e-07  -1.37942373e-21  -2.37578739e-22  -5.78088482e-48
  2.88800000e-05   0.00000000e+00   0.00000000e+00   3.41283393e-07  -1.54604519e-21  -2.66272086e-22  -7.26180099e-48
  2.89600000e-05   0.00000000e+00   0.00000000e+00   3.78064269e-07  -1.71266676e-21  -2.94964105e-22  -8.91141025e-48
  2.90400000e-05   0.00000000e+00   0.00000000e+00  -2.60801956e-07   1.18145732e-21   2.03477205e-22  -4.24065298e-48
  2.91200000e-05   0.00000000e+00   0.00000000e+00  -2.96073382e-07   1.34123969e-21   2.30998769e-22  -5.46526879e-48
  2.92000000e-05   0.00000000e+00   0.00000000e+00  -3.31344812e-07   1.50102190e-21   2.58521422e-22  -6.84501688e-48
  2.92800000e-05   0.00000000e+00   0.00000000e+00  -3.66616245e-07   1.66080391e-21   2.86045296e-22  -8.37989730e-48
  2.93600000e-05   0.00000000e+00   0.00000000e+00  -4.01887683e-07   1.82058571e-21   3.13570520e-22  -1.00699101e-47
  2.94400000e-05   0.00000000e+00   0.00000000e+00  -4.37159125e-07   1.98036727e-21   3.41097224e-22  -1.19150554e-47
  2.95200000e-05   0.00000000e+00   0.00000000e+00  -4.72430572e-07   2.14014858e-21   3.68625537e-22  -1.39153333e-47
  2.96000000e-05   0.00000000e+00   0.00000000e+00  -5.07702024e-07   2.29992962e-21   3.96155589e-22  -1.60707439e-47
  2.96800000e-05   0.00000000e+00   0.00000000e+00  -4.95463472e-08   2.24448658e-22   3.86614338e-23  -1.53083933e-49
  2.97600000e-05   0.00000000e+00   0.00000000e+00  -1.27652335e-08   5.78274602e-23   9.96083350e-24  -1.01670754e-50
  2.98400000e-05   0.00000000e+00   0.00000000e+00   2.40158811e-08  -1.08793734e-22  -1.87398165e-23  -3.59464894e-50
  2.99200000e-05   0.00000000e+00   0.00000000e+00   6.07969940e-08  -2.75414936e-22  -4.74403730e-23  -2.30422168e-49
  3.00000000e-05   0.00000000e+00   0.00000000e+00   9.75781021e-08  -4.42036156e-22  -7.61406930e-23  -5.93594050e-49
  3.00800000e-05   0.00000000e+00   0.00000000e+00   1.34359203e-07  -6.08657407e-22  -1.04840633e-22  -1.12546202e-48
  3.01600000e-05   0.00000000e+00   0.00000000e+00   1.71140293e-07  -7.75278699e-22  -1.33540051e-22  -1.82602593e-48
  3.02400000e-05   0.00000000e+00   0.00000000e+00   2.07921370e-07  -9.41900045e-22  -1.62238803e-22  -2.69528554e-48
  3.03200000e-05   0.00000000e+00   0.00000000e+00   2.44702431e-07  -1.10852146e-21  -1.90936746e-22  -3.73324060e-48
  3.04000000e-05   0.00000000e+00   0.00000000e+00  -1.01777313e-07   4.61059377e-22   7.94145729e-23  -6.45788140e-49
  3.04800000e-05   0.00000000e+00   0.00000000e+00  -1.37048764e-07   6.20841779e-22   1.06936670e-22  -1.17097612e-48
  3.05600000e-05   0.00000000e+00   0.00000000e+00  -1.72320217e-07   7.80624101e-22   1.34459272e-22  -1.85129648e-48
  3.06400000e-05   0.00000000e+00   0.00000000e+00  -2.07591672e-07   9.40406322e-22   1.61982508e-22  -2.68674927e-48
  3.07200000e-05   0.00000000e+00   0.00000000e+00  -2.42863130e-07   1.10018842e-21   1.89506508e-22  -3.67733451e-48
  3.08000000e-05   0.00000000e+00   0.00000000e+00  -2.78134590e-07   1.25997038e-21   2.17031403e-22  -4.82305227e-48
  3.08800000e-05   0.00000000e+00   0.00000000e+00  -3.13406053e-07   1.41975218e-21   2.44557322e-22  -6.12390257e-48
  3.09600000e-05   0.00000000e+00   0.00000000e+00  -3.48677520e-07   1.57953380e-21   2.72084395e-22  -7.57988550e-48
  3.10400000e-05   0.00000000e+00   0.00000000e+00  -3.83948991e-07   1.73931521e-21   2.99612751e-22  -9.19100110e-48
  3.11200000e-05   0.00000000e+00   0.00000000e+00  -1.46125775e-07   6.61959582e-22   1.14029605e-22  -1.33139437e-48
  3.12000000e-05   0.00000000e+00   0.00000000e+00  -4.54214195e-07   2.05762014e-21   3.54451194e-22  -1.28628954e-47
  3.12800000e-05   0.00000000e+00   0.00000000e+00  -4.89355458e-07   2.21681098e-21   3.81882091e-22  -1.49302406e-47
  3.13600000e-05   0.00000000e+00   0.00000000e+00  -5.24496726e-07   2.37600155e-21   4.09314783e-22  -1.71515755e-47
  3.14400000e-05   0.00000000e+00   0.00000000e+00  -5.59638000e-07   2.53519181e-21   4.36749399e-22  -1.95269002e-47
  3.15200000e-05   0.00000000e+00   0.00000000e+00  -5.94779281e-07   2.69438174e-21   4.64186069e-22  -2.20562146e-47
  3.16000000e-05   0.00000000e+00   0.00000000e+00  -6.29920568e-07   2.85357133e-21   4.91624920e-22  -2.47395191e-47
  3.16800000e-05   0.00000000e+00   0.00000000e+00  -6.65061862e-07   3.01276056e-21   5.19066082e-22  -2.75768136e-47
  3.17600000e-05   0.00000000e+00   0.00000000e+00   1.47578525e-07  -6.68536951e-22  -1.15184646e-22  -1.35782906e-48
  3.18400000e-05   0.00000000e+00   0.00000000e+00   1.84224307e-07  -8.34544075e-22  -1.43785520e-22  -2.11591392e-48
  3.19200000e-05   0.00000000e+00   0.00000000e+00   2.20870074e-07  -1.00055126e-21  -1.72385681e-22  -3.04145554e-48
  3.20000000e-05   0.00000000e+00   0.00000000e+00   2.57515825e-07  -1.16655850e-21  -2.00984985e-22  -4.13445365e-48
  3.20800000e-05   0.00000000e+00   0.00000000e+00   2.94161557e-07  -1.33256583e-21  -2.29583291e-22  -5.39490791e-48
  3.21600000e-05   0.00000000e+00   0.00000000e+00   3.30807265e-07  -1.49857325e-21  -2.58180456e-22  -6.82281793e-48
  3.22400000e-05   0.00000000e+00   0.00000000e+00   3.67452948e-07  -1.66458077e-21  -2.86776340e-22  -8.41818327e-48
  3.23200000e-05   0.00000000e+00   0.00000000e+00   4.04098603e-07  -1.83058841e-21  -3.15370799e-22  -1.01810034e-47
  3.24000000e-05   0.00000000e+00   0.00000000e+00   4.40744227e-07  -1.99659617e-21  -3.43963691e-22  -1.21112779e-47
  3.24800000e-05   0.00000000e+00   0.00000000e+00  -2.60635256e-07   1.18069254e-21   2.03402946e-22  -4.23523406e-48
  3.25600000e-05   0.00000000e+00   0.00000000e+00  -2.95776534e-07   1.33988404e-21   2.30830486e-22  -5.45431559e-48
  3.26400000e-05   0.00000000e+00   0.00000000e+00  -3.30917816e-07   1.49907537e-21   2.58259111e-22  -6.82738667e-48
  3.27200000e-05   0.00000000e+00   0.00000000e+00  -3.66059101e-07   1.65826650e-21   2.85688951e-22  -8.35444734e-48
  3.28000000e-05   0.00000000e+00   0.00000000e+00  -4.01200390e-07   1.81745742e-21   3.13120133e-22  -1.00354977e-47
  3.28800000e-05   0.00000000e+00   0.00000000e+00  -4.36341684e-07   1.97664811e-21   3.40552787e-22  -1.18705378e-47
  3.29600000e-05   0.00000000e+00   0.00000000e+00  -4.71482983e-07   2.13583855e-21   3.67987042e-22  -1.38595677e-47
  3.30400000e-05   0.00000000e+00   0.00000000e+00  -5.06624287e-07   2.29502872e-21   3.95423026e-22  -1.60025876e-47
  3.31200000e-05   0.00000000e+00   0.00000000e+00  -5.41765597e-07   2.45421859e-21   4.22860869e-22  -1.82995974e-47
  3.32000000e-05   0.00000000e+00   0.00000000e+00   5.13618144e-08  -2.32670942e-22  -4.00891952e-23  -1.64448144e-49
  3.32800000e-05   0.00000000e+00   0.00000000e+00   8.80076620e-08  -3.98678039e-22  -6.86919933e-23  -4.82860287e-49
  3.33600000e-05   0.00000000e+00   0.00000000e+00   1.24653503e-07  -5.64685164e-22  -9.72944501e-23  -9.68730082e-49
  3.34400000e-05   0.00000000e+00   0.00000000e+00   1.61299334e-07  -7.30692328e-22  -1.25896424e-22  -1.62205738e-48
  3.35200000e-05   0.00000000e+00   0.00000000e+00   1.97945153e-07  -8.96699542e-22  -1.54497772e-22  -2.44284198e-48
  3.36000000e-05   0.00000000e+00   0.00000000e+00   2.34590956e-07  -1.06270682e-21  -1.83098353e-22  -3.43108362e-48
  3.36800000e-05   0.00000000e+00   0.00000000e+00   2.71236742e-07  -1.22871416e-21  -2.11698025e-22  -4.58678202e-48
  3.37600000e-05   0.00000000e+00   0.00000000e+00   3.07882507e-07  -1.39472160e-21  -2.40296646e-22  -5.90993680e-48
  3.38400000e-05   0.00000000e+00   0.00000000e+00  -1.02197835e-07   4.62960927e-22   7.97627100e-23  -6.51136117e-49
  3.39200000e-05   0.00000000e+00   0.00000000e+00  -1.37339132e-07   6.22152533e-22   1.07190135e-22  -1.17594375e-48
  3.40000000e-05   0.00000000e+00   0.00000000e+00  -1.72480431e-07   7.81344061e-22   1.34618064e-22  -1.85474098e-48
  3.40800000e-05   0.00000000e+00   0.00000000e+00  -2.07621732e-07   9.40535488e-22   1.62046626e-22  -2.68752784e-48
  3.41600000e-05   0.00000000e+00   0.00000000e+00  -2.42763035e-07   1.09972680e-21   1.89475949e-22  -3.67430438e-48
  3.42400000e-05   0.00000000e+00   0.00000000e+00  -2.77904341e-07   1.25891796e-21   2.16906163e-22  -4.81507064e-48
  3.43200000e-05   0.00000000e+00   0.00000000e+00  -3.13045650e-07   1.41810897e-21   2.44337397e-22  -6.10982666e-48
  3.44000000e-05   0.00000000e+00   0.00000000e+00  -3.48186962e-07   1.57729979e-21   2.71769779e-22  -7.55857252e-48
  3.44800000e-05   0.00000000e+00   0.00000000e+00  -3.83328279e-07   1.73649041e-21   2.99203438e-22  -9.16130826e-48
  3.45600000e-05   0.00000000e+00   0.00000000e+00  -8.14990197e-08   3.69193282e-22   6.36139501e-23  -4.14170651e-49
  3.46400000e-05   0.00000000e+00   0.00000000e+00  -4.48531154e-08   2.03186094e-22   3.50101372e-23  -1.25458376e-49
  3.47200000e-05   0.00000000e+00   0.00000000e+00  -4.88343058e-07   2.21220986e-21   3.81178471e-22  -1.48685283e-47
  3.48000000e-05   0.00000000e+00   0.00000000e+00  -5.23354263e-07   2.37081017e-21   4.08515822e-22  -1.70769380e-47
  3.48800000e-05   0.00000000e+00   0.00000000e+00  -5.58365475e-07   2.52941017e-21   4.35855085e-22  -1.94381996e-47
  3.49600000e-05   0.00000000e+00   0.00000000e+00  -5.93376692e-07   2.68800986e-21   4.63196390e-22  -2.19523133e-47
  3.50400000e-05   0.00000000e+00   0.00000000e+00  -6.28387916e-07   2.84660920e-21   4.90539863e-22  -2.46192791e-47
  3.51200000e-05   0.00000000e+00   0.00000000e+00  -6.63399147e-07   3.00520818e-21   5.17885633e-22  -2.74390973e-47
  3.52000000e-05   0.00000000e+00   0.00000000e+00  -6.98410386e-07   3.16380678e-21   5.45233828e-22  -3.04117679e-47
  3.52800000e-05   0.00000000e+00   0.00000000e+00   2.47396094e-07  -1.12070728e-21  -1.93135371e-22  -3.81588596e-48
  3.53600000e-05   0.00000000e+00   0.00000000e+00   2.83906675e-07  -1.28610110e-21  -2.21635566e-22  -5.02531135e-48
  3.54400000e-05   0.00000000e+00   0.00000000e+00   3.20417233e-07  -1.45149501e-21  -2.50134663e-22  -6.40095968e-48
  3.55200000e-05   0.00000000e+00   0.00000000e+00   3.56927767e-07  -1.61688901e-21  -2.78632524e-22  -7.94283050e-48
  3.56000000e-05   0.00000000e+00   0.00000000e+00   3.93438273e-07  -1.78228313e-21  -3.07129006e-22  -9.65092337e-48
  3.56800000e-05   0.00000000e+00   0.00000000e+00   4.29948750e-07  -1.94767737e-21  -3.35623968e-22  -1.15252377e-47
  3.57600000e-05   0.00000000e+00   0.00000000e+00   4.66459193e-07  -2.11307173e-21  -3.64117270e-22  -1.35657731e-47
  3.58400000e-05   0.00000000e+00   0.00000000e+00   5.02969601e-07  -2.27846625e-21  -3.92608771e-22  -1.57725287e-47
  3.59200000e-05   0.00000000e+00   0.00000000e+00  -2.60468641e-07   1.17993063e-21   2.03314308e-22  -4.22982136e-48
  3.60000000e-05   0.00000000e+00   0.00000000e+00  -2.95479850e-07   1.33853196e-21   2.30645899e-22  -5.44337942e-48
  3.60800000e-05   0.00000000e+00   0.00000000e+00  -3.30491063e-07   1.49713311e-21   2.57978570e-22  -6.80978922e-48
  3.61600000e-05   0.00000000e+00   0.00000000e+00  -3.65502279e-07   1.65573406e-21   2.85312450e-22  -8.32905079e-48
  3.62400000e-05   0.00000000e+00   0.00000000e+00  -4.00513500e-07   1.81433481e-21   3.12647665e-22  -1.00011642e-47
  3.63200000e-05   0.00000000e+00   0.00000000e+00  -4.35524725e-07   1.97293533e-21   3.39984343e-22  -1.18261296e-47
  3.64000000e-05   0.00000000e+00   0.00000000e+00  -4.70535955e-07   2.13153560e-21   3.67322614e-22  -1.38039470e-47
  3.64800000e-05   0.00000000e+00   0.00000000e+00  -5.05547190e-07   2.29013559e-21   3.94662605e-22  -1.59346164e-47
  3.65600000e-05   0.00000000e+00   0.00000000e+00  -5.40558431e-07   2.44873529e-21   4.22004443e-22  -1.82181381e-47
  3.66400000e-05   0.00000000e+00   0.00000000e+00   1.15031603e-07  -5.21094263e-22  -8.98036716e-23  -8.24946177e-49
  3.67200000e-05   0.00000000e+00   0.00000000e+00   1.51542220e-07  -6.86487827e-22  -1.18306333e-22  -1.43174891e-48
  3.68000000e-05   0.00000000e+00   0.00000000e+00   1.88052825e-07  -8.51881437e-22  -1.46808408e-22  -2.20477550e-48
  3.68800000e-05   0.00000000e+00   0.00000000e+00   2.24563415e-07  -1.01727511e-21  -1.75309758e-22  -3.14402571e-48
  3.69600000e-05   0.00000000e+00   0.00000000e+00   2.61073989e-07  -1.18266884e-21  -2.03810240e-22  -4.24949925e-48
  3.70400000e-05   0.00000000e+00   0.00000000e+00   2.97584542e-07  -1.34806266e-21  -2.32309714e-22  -5.52119579e-48
  3.71200000e-05   0.00000000e+00   0.00000000e+00   3.34095073e-07  -1.51345657e-21  -2.60808038e-22  -6.95911493e-48
  3.72000000e-05   0.00000000e+00   0.00000000e+00   3.70605578e-07  -1.67885059e-21  -2.89305072e-22  -8.56325623e-48
  3.72800000e-05   0.00000000e+00   0.00000000e+00   4.07116055e-07  -1.84424471e-21  -3.17800676e-22  -1.03336192e-47
  3.73600000e-05   0.00000000e+00   0.00000000e+00  -1.37627996e-07   6.23457763e-22   1.07434963e-22  -1.18089609e-48
  3.74400000e-05   0.00000000e+00   0.00000000e+00  -1.72639220e-07   7.82059195e-22   1.34766303e-22  -1.85815802e-48
  3.75200000e-05   0.00000000e+00   0.00000000e+00  -2.07650446e-07   9.40660528e-22   1.62098274e-22  -2.68827171e-48
  3.76000000e-05   0.00000000e+00   0.00000000e+00  -2.42661674e-07   1.09926174e-21   1.89431003e-22  -3.67123721e-48
  3.76800000e-05   0.00000000e+00   0.00000000e+00  -2.77672905e-07   1.25786281e-21   2.16764620e-22  -4.80705455e-48
  3.77600000e-05   0.00000000e+00   0.00000000e+00  -3.12684140e-07   1.41646373e-21   2.44099251e-22  -6.09572380e-48
  3.78400000e-05   0.00000000e+00   0.00000000e+00  -3.47695377e-07   1.57506446e-21   2.71435026e-22  -7.53724499e-48
  3.79200000e-05   0.00000000e+00   0.00000000e+00  -3.82706619e-07   1.73366499e-21   2.98772071e-22  -9.13161821e-48
  3.80000000e-05   0.00000000e+00   0.00000000e+00  -1.73319387e-08   7.85138363e-23   1.35308871e-23  -1.87390990e-50
  3.80800000e-05   0.00000000e+00   0.00000000e+00   1.91786918e-08  -8.68796443e-23  -1.49726298e-23  -2.29222357e-50
  3.81600000e-05   0.00000000e+00   0.00000000e+00   5.56893207e-08  -2.52273131e-22  -4.34760726e-23  -1.93329616e-49
  3.82400000e-05   0.00000000e+00   0.00000000e+00   9.21999454e-08  -4.17666634e-22  -7.19793003e-23  -5.29961187e-49
  3.83200000e-05   0.00000000e+00   0.00000000e+00  -5.57089772e-07   2.52362026e-21   4.34922814e-22  -1.93494803e-47
  3.84000000e-05   0.00000000e+00   0.00000000e+00  -5.91971056e-07   2.68163067e-21   4.62166615e-22  -2.18484322e-47
  3.84800000e-05   0.00000000e+00   0.00000000e+00  -6.26852346e-07   2.83964073e-21   4.89412571e-22  -2.44991040e-47
  3.85600000e-05   0.00000000e+00   0.00000000e+00  -6.61733642e-07   2.99765043e-21   5.16660811e-22  -2.73014956e-47
  3.86400000e-05   0.00000000e+00   0.00000000e+00  -6.96614947e-07   3.15565975e-21   5.43911460e-22  -3.02556071e-47
  3.87200000e-05   0.00000000e+00   0.00000000e+00   3.10109868e-07  -1.40479506e-21  -2.42131292e-22  -5.99575902e-48
  3.88000000e-05   0.00000000e+00   0.00000000e+00   3.46485240e-07  -1.56957586e-21  -2.70528941e-22  -7.48486223e-48
  3.88800000e-05   0.00000000e+00   0.00000000e+00   3.82860585e-07  -1.73435678e-21  -2.98925257e-22  -9.13895911e-48
  3.89600000e-05   0.00000000e+00   0.00000000e+00   4.19235901e-07  -1.89913780e-21  -3.27320100e-22  -1.09580492e-47
  3.90400000e-05   0.00000000e+00   0.00000000e+00   4.55611186e-07  -2.06391896e-21  -3.55713330e-22  -1.29421318e-47
  3.91200000e-05   0.00000000e+00   0.00000000e+00   4.91986435e-07  -2.22870026e-21  -3.84104806e-22  -1.50912065e-47
  3.92000000e-05   0.00000000e+00   0.00000000e+00   5.28361647e-07  -2.39348171e-21  -4.12494390e-22  -1.74052725e-47
  3.92800000e-05   0.00000000e+00   0.00000000e+00   5.64736819e-07  -2.55826332e-21  -4.40881941e-22  -1.98843292e-47
  3.93600000e-05   0.00000000e+00   0.00000000e+00  -2.60297650e-07   1.17915173e-21   2.03205867e-22  -4.22427007e-48
  3.94400000e-05   0.00000000e+00   0.00000000e+00  -2.95178919e-07   1.33716384e-21   2.30439380e-22  -5.43229789e-48
  3.95200000e-05   0.00000000e+00   0.00000000e+00  -3.30060192e-07   1.49517578e-21   2.57673968e-22  -6.79204497e-48
  3.96000000e-05   0.00000000e+00   0.00000000e+00  -3.64941468e-07   1.65318753e-21   2.84909757e-22  -8.30351135e-48
  3.96800000e-05   0.00000000e+00   0.00000000e+00  -3.99822748e-07   1.81119907e-21   3.12146876e-22  -9.96669711e-48
  3.97600000e-05   0.00000000e+00   0.00000000e+00  -4.34704033e-07   1.96921039e-21   3.39385450e-22  -1.17816023e-47
  3.98400000e-05   0.00000000e+00   0.00000000e+00  -4.69585323e-07   2.12722145e-21   3.66625607e-22  -1.37482271e-47
  3.99200000e-05   0.00000000e+00   0.00000000e+00  -5.04466618e-07   2.28523224e-21   3.93867474e-22  -1.58665714e-47
  4.00000000e-05   0.00000000e+00   0.00000000e+00  -5.39347919e-07   2.44324274e-21   4.21111178e-22  -1.81366355e-47
  4.00800000e-05   0.00000000e+00   0.00000000e+00   1.78240136e-07  -8.07426451e-22  -1.39167571e-22  -1.98068122e-48
  4.01600000e-05   0.00000000e+00   0.00000000e+00   2.14615502e-07  -9.72206831e-22  -1.67567518e-22  -2.87163677e-48
  4.02400000e-05   0.00000000e+00   0.00000000e+00   2.50990851e-07  -1.13698728e-21  -1.95966640e-22  -3.92758668e-48
  4.03200000e-05   0.00000000e+00   0.00000000e+00   2.87366181e-07  -1.30176780e-21  -2.24364796e-22  -5.14853064e-48
  4.04000000e-05   0.00000000e+00   0.00000000e+00   3.23741490e-07  -1.46654841e-21  -2.52761846e-22  -6.53446828e-48
  4.04800000e-05   0.00000000e+00   0.00000000e+00   3.60116773e-07  -1.63132912e-21  -2.81157650e-22  -8.08539916e-48
  4.05600000e-05   0.00000000e+00   0.00000000e+00   3.96492029e-07  -1.79610995e-21  -3.09552069e-22  -9.80132282e-48
  4.06400000e-05   0.00000000e+00   0.00000000e+00   4.32867255e-07  -1.96089089e-21  -3.37944962e-22  -1.16822387e-47
  4.07200000e-05   0.00000000e+00   0.00000000e+00   4.69242448e-07  -2.12567197e-21  -3.66336190e-22  -1.37281463e-47
  4.08000000e-05   0.00000000e+00   0.00000000e+00  -1.37911930e-07   6.24742131e-22   1.07667388e-22  -1.18577405e-48
  4.08800000e-05   0.00000000e+00   0.00000000e+00  -1.72793208e-07   7.82754436e-22   1.34900019e-22  -1.86147475e-48
  4.09600000e-05   0.00000000e+00   0.00000000e+00  -2.07674488e-07   9.40766641e-22   1.62133279e-22  -2.68889469e-48
  4.10400000e-05   0.00000000e+00   0.00000000e+00  -2.42555771e-07   1.09877873e-21   1.89367295e-22  -3.66803390e-48
  4.11200000e-05   0.00000000e+00   0.00000000e+00  -2.77437056e-07   1.25679067e-21   2.16602194e-22  -4.79889243e-48
  4.12000000e-05   0.00000000e+00   0.00000000e+00   5.56463744e-13  -2.52078160e-27  -4.34450014e-28  -1.93062679e-59
  4.12800000e-05   0.00000000e+00   0.00000000e+00   5.62362814e-13  -2.54750440e-27  -4.39055616e-28  -1.97177694e-59
  4.13600000e-05   0.00000000e+00   0.00000000e+00   5.68261883e-13  -2.57422719e-27  -4.43661219e-28  -2.01336102e-59
  4.14400000e-05   0.00000000e+00   0.00000000e+00   5.44400948e-13  -2.46613712e-27  -4.25032182e-28  -1.84782232e-59
  4.15200000e-05   0.00000000e+00   0.00000000e+00   5.60791924e-13  -2.54038826e-27  -4.37829170e-28  -1.96076732e-59
  4.16000000e-05   0.00000000e+00   0.00000000e+00   5.77182899e-13  -2.61463941e-27  -4.50626157e-28  -2.07706247e-59
  4.16800000e-05   0.00000000e+00   0.00000000e+00   5.93573875e-13  -2.68889055e-27  -4.63423145e-28  -2.19670779e-59
  4.17600000e-05   0.00000000e+00   0.00000000e+00   6.09964850e-13  -2.76314169e-27  -4.76220132e-28  -2.31970326e-59
  4.18400000e-05   0.00000000e+00   0.00000000e+00   6.81908778e-13  -3.08904780e-27  -5.32389183e-28  -2.89919670e-59
  4.19200000e-05   0.00000000e+00   0.00000000e+00   6.85750661e-13  -3.10645153e-27  -5.35388670e-28  -2.93195698e-59
  4.20000000e-05   0.00000000e+00   0.00000000e+00   6.89592544e-13  -3.12385527e-27  -5.38388158e-28  -2.96490130e-59
  4.20800000e-05   0.00000000e+00   0.00000000e+00   6.93434427e-13  -3.14125900e-27  -5.41387645e-28  -2.99802968e-59
  4.21600000e-05   0.00000000e+00   0.00000000e+00   5.83802718e-13  -2.64462719e-27  -4.55794473e-28  -2.12501736e-59
  4.22400000e-05   0.00000000e+00   0.00000000e+00   5.59464110e-13  -2.53437326e-27  -4.36792500e-28  -1.95152859e-59
  4.23200000e-05   0.00000000e+00   0.00000000e+00   5.35125502e-13  -2.42411933e-27  -4.17790528e-28  -1.78542646e-59
  4.24000000e-05   0.00000000e+00   0.00000000e+00   5.10786894e-13  -2.31386540e-27  -3.98788556e-28  -1.62671097e-59
  4.24800000e-05   0.00000000e+00   0.00000000e+00   4.86448286e-13  -2.20361147e-27  -3.79786584e-28  -1.47538213e-59
  4.25600000e-05   0.00000000e+00   0.00000000e+00   4.62109677e-13  -2.09335754e-27  -3.60784611e-28  -1.33143993e-59
  4.26400000e-05   0.00000000e+00   0.00000000e+00   4.37771069e-13  -1.98310361e-27  -3.41782639e-28  -1.19488438e-59
  4.27200000e-05   0.00000000e+00   0.00000000e+00   4.13432461e-13  -1.87284968e-27  -3.22780667e-28  -1.06571547e-59
  4.28000000e-05   0.00000000e+00   0.00000000e+00   3.89093853e-13  -1.76259574e-27  -3.03778695e-28  -9.43933205e-60
  4.28800000e-05   0.00000000e+00   0.00000000e+00   4.54968581e-13  -2.06100836e-27  -3.55209317e-28  -1.29058802e-59
  4.29600000e-05   0.00000000e+00   0.00000000e+00   4.58810464e-13  -2.07841209e-27  -3.58208804e-28  -1.31247624e-59
  4.30400000e-05   0.00000000e+00   0.00000000e+00   4.62652347e-13  -2.09581583e-27  -3.61208292e-28  -1.33454852e-59
  4.31200000e-05   0.00000000e+00   0.00000000e+00   4.66494230e-13  -2.11321957e-27  -3.64207779e-28  -1.35680486e-59
  4.32000000e-05   0.00000000e+00   0.00000000e+00   4.70336112e-13  -2.13062330e-27  -3.67207267e-28  -1.37924524e-59
  4.32800000e-05   0.00000000e+00   0.00000000e+00   4.74177995e-13  -2.14802704e-27  -3.70206754e-28  -1.40186969e-59
  4.33600000e-05   0.00000000e+00   0.00000000e+00   4.78019878e-13  -2.16543077e-27  -3.73206242e-28  -1.42467818e-59
  4.34400000e-05   0.00000000e+00   0.00000000e+00   4.81861761e-13  -2.18283451e-27  -3.76205729e-28  -1.44767073e-59
  4.35200000e-05   0.00000000e+00   0.00000000e+00   4.46931055e-13  -2.02459836e-27  -3.48934149e-28  -1.24541104e-59
  4.36000000e-05   0.00000000e+00   0.00000000e+00   4.22592447e-13  -1.91434443e-27  -3.29932177e-28  -1.11346212e-59
  4.36800000e-05   0.00000000e+00   0.00000000e+00   3.98253839e-13  -1.80409049e-27  -3.10930205e-28  -9.88899847e-60
  4.37600000e-05   0.00000000e+00   0.00000000e+00   3.73915231e-13  -1.69383656e-27  -2.91928233e-28  -8.71724218e-60
  4.38400000e-05   0.00000000e+00   0.00000000e+00   3.49576623e-13  -1.58358263e-27  -2.72926260e-28  -7.61935234e-60
  4.39200000e-05   0.00000000e+00   0.00000000e+00   3.25238015e-13  -1.47332870e-27  -2.53924288e-28  -6.59532895e-60
  4.40000000e-05   0.00000000e+00   0.00000000e+00   3.00899407e-13  -1.36307477e-27  -2.34922316e-28  -5.64517200e-60
  4.40800000e-05   0.00000000e+00   0.00000000e+00   2.76560799e-13  -1.25282084e-27  -2.15920344e-28  -4.76888149e-60
  4.41600000e-05   0.00000000e+00   0.00000000e+00   2.52222191e-13  -1.14256691e-27  -1.96918372e-28  -3.96645743e-60
  4.42400000e-05   0.00000000e+00   0.00000000e+00   2.43395915e-13  -1.10258386e-27  -1.90027400e-28  -3.69360619e-60
  4.43200000e-05   0.00000000e+00   0.00000000e+00   2.47237798e-13  -1.11998760e-27  -1.93026888e-28  -3.81113014e-60
  4.44000000e-05   0.00000000e+00   0.00000000e+00   2.51079681e-13  -1.13739134e-27  -1.96026376e-28  -3.93049463e-60
  4.44800000e-05   0.00000000e+00   0.00000000e+00   2.54921564e-13  -1.15479507e-27  -1.99025863e-28  -4.05169965e-60
  4.45600000e-05   0.00000000e+00   0.00000000e+00   2.58763447e-13  -1.17219881e-27  -2.02025351e-28  -4.17474521e-60
  4.46400000e-05   0.00000000e+00   0.00000000e+00   2.62605330e-13  -1.18960254e-27  -2.05024838e-28  -4.29963130e-60
  4.47200000e-05   0.00000000e+00   0.00000000e+00   2.66447213e-13  -1.20700628e-27  -2.08024326e-28  -4.42635792e-60
  4.48000000e-05   0.00000000e+00   0.00000000e+00   2.70289095e-13  -1.22441001e-27  -2.11023813e-28  -4.55492508e-60
  4.48800000e-05   0.00000000e+00   0.00000000e+00   2.74130978e-13  -1.24181375e-27  -2.14023301e-28  -4.68533278e-60
  4.49600000e-05   0.00000000e+00   0.00000000e+00   2.85720785e-13  -1.29431559e-27  -2.23071854e-28  -5.09001017e-60
  4.50400000e-05   0.00000000e+00   0.00000000e+00   2.61382177e-13  -1.18406166e-27  -2.04069882e-28  -4.25978602e-60
  4.51200000e-05   0.00000000e+00   0.00000000e+00   2.37043569e-13  -1.07380773e-27  -1.85067909e-28  -3.50342831e-60
  4.52000000e-05   0.00000000e+00   0.00000000e+00   2.12704961e-13  -9.63553795e-28  -1.66065937e-28  -2.82093704e-60
  4.52800000e-05   0.00000000e+00   0.00000000e+00   1.88366353e-13  -8.53299864e-28  -1.47063965e-28  -2.21231223e-60
  4.53600000e-05   0.00000000e+00   0.00000000e+00  -1.05363740e-13   4.77297902e-28   8.22610256e-29  -6.92136230e-61
  4.54400000e-05   0.00000000e+00   0.00000000e+00  -1.21381353e-13   5.49857712e-28   9.47665161e-29  -9.18576544e-61
  4.55200000e-05   0.00000000e+00   0.00000000e+00  -1.37398966e-13   6.22417522e-28   1.07272007e-28  -1.17700959e-60
  4.56000000e-05   0.00000000e+00   0.00000000e+00  -3.98870318e-14   1.80688314e-28   3.11411510e-29  -9.92139531e-62
  4.56800000e-05   0.00000000e+00   0.00000000e+00  -9.17898398e-15   4.15808113e-29   7.16634239e-30  -5.25748582e-63
  4.57600000e-05   0.00000000e+00   0.00000000e+00   2.15290638e-14  -9.75266915e-29  -1.68084662e-29  -2.88882440e-62
  4.58400000e-05   0.00000000e+00   0.00000000e+00   5.22371116e-14  -2.36634194e-28  -4.07832749e-29  -1.70106228e-61
  4.59200000e-05   0.00000000e+00   0.00000000e+00   8.29451594e-14  -3.75741697e-28  -6.47580835e-29  -4.28911437e-61
  4.60000000e-05   0.00000000e+00   0.00000000e+00   1.13653207e-13  -5.14849200e-28  -8.87328921e-29  -8.05303871e-61
  4.60800000e-05   0.00000000e+00   0.00000000e+00   1.44361255e-13  -6.53956703e-28  -1.12707701e-28  -1.29928353e-60
  4.61600000e-05   0.00000000e+00   0.00000000e+00   1.75069303e-13  -7.93064206e-28  -1.36682509e-28  -1.91085042e-60
  4.62400000e-05   0.00000000e+00   0.00000000e+00   2.05777350e-13  -9.32171709e-28  -1.60657318e-28  -2.64000453e-60
  4.63200000e-05   0.00000000e+00   0.00000000e+00   1.13278635e-13  -5.13152389e-28  -8.84404511e-29  -8.00086789e-61
  4.64000000e-05   0.00000000e+00   0.00000000e+00   9.72610224e-14  -4.40592579e-28  -7.59349606e-29  -5.89822416e-61
  4.64800000e-05   0.00000000e+00   0.00000000e+00   8.12434097e-14  -3.68032769e-28  -6.34294701e-29  -4.11550773e-61
  4.65600000e-05   0.00000000e+00   0.00000000e+00   6.52257969e-14  -2.95472959e-28  -5.09239796e-29  -2.65271860e-61
  4.66400000e-05   0.00000000e+00   0.00000000e+00   4.92081842e-14  -2.22913149e-28  -3.84184891e-29  -1.50985677e-61
  4.67200000e-05   0.00000000e+00   0.00000000e+00   3.31905715e-14  -1.50353339e-28  -2.59129986e-29  -6.86922255e-62
  4.68000000e-05   0.00000000e+00   0.00000000e+00   1.71729587e-14  -7.77935289e-29  -1.34075081e-29  -1.83915040e-62
  4.68800000e-05   0.00000000e+00   0.00000000e+00   1.15534597e-15  -5.23371898e-30  -9.02017564e-31  -8.35129432e-65
  4.69600000e-05   0.00000000e+00   0.00000000e+00  -1.48622668e-14   6.73260910e-29   1.16034729e-29  -1.37682523e-62
  4.70400000e-05   0.00000000e+00   0.00000000e+00   1.02004100e-13  -4.62078728e-28  -7.96380414e-29  -6.48676707e-61
  4.71200000e-05   0.00000000e+00   0.00000000e+00   1.32712148e-13  -6.01186231e-28  -1.03612850e-28  -1.09804962e-60
  4.72000000e-05   0.00000000e+00   0.00000000e+00   1.63420196e-13  -7.40293734e-28  -1.27587659e-28  -1.66500975e-60
  4.72800000e-05   0.00000000e+00   0.00000000e+00   1.94128243e-13  -8.79401236e-28  -1.51562467e-28  -2.34955712e-60
  4.73600000e-05   0.00000000e+00   0.00000000e+00   2.24836291e-13  -1.01850874e-27  -1.75537276e-28  -3.15169170e-60
  4.74400000e-05   0.00000000e+00   0.00000000e+00   2.55544339e-13  -1.15761624e-27  -1.99512085e-28  -4.07141352e-60
  4.75200000e-05   0.00000000e+00   0.00000000e+00   2.86252387e-13  -1.29672375e-27  -2.23486893e-28  -5.10872256e-60
  4.76000000e-05   0.00000000e+00   0.00000000e+00   3.16960435e-13  -1.43583125e-27  -2.47461702e-28  -6.26361882e-60
  4.76800000e-05   0.00000000e+00   0.00000000e+00   2.51832947e-13  -1.14080363e-27  -1.96614475e-28  -3.95419181e-60
  4.77600000e-05   0.00000000e+00   0.00000000e+00   2.35815334e-13  -1.06824382e-27  -1.84108985e-28  -3.46718640e-60
  4.78400000e-05   0.00000000e+00   0.00000000e+00   2.19797721e-13  -9.95684009e-28  -1.71603494e-28  -3.01217372e-60
  4.79200000e-05   0.00000000e+00   0.00000000e+00   2.03780108e-13  -9.23124199e-28  -1.59098004e-28  -2.58915377e-60
  4.80000000e-05   0.00000000e+00   0.00000000e+00   1.87762496e-13  -8.50564389e-28  -1.46592513e-28  -2.19812655e-60
  4.80800000e-05   0.00000000e+00   0.00000000e+00   1.71744883e-13  -7.78004580e-28  -1.34087023e-28  -1.83909207e-60
  4.81600000e-05   0.00000000e+00   0.00000000e+00   1.55727270e-13  -7.05444770e-28  -1.21581532e-28  -1.51205031e-60
  4.82400000e-05   0.00000000e+00   0.00000000e+00   1.39709658e-13  -6.32884960e-28  -1.09076042e-28  -1.21700128e-60
  4.83200000e-05   0.00000000e+00   0.00000000e+00   1.23692045e-13  -5.60325150e-28  -9.65705512e-29  -9.53944986e-61
  4.84000000e-05   0.00000000e+00   0.00000000e+00   2.13187184e-13  -9.65738267e-28  -1.66442425e-28  -2.83355913e-60
  4.84800000e-05   0.00000000e+00   0.00000000e+00   2.43895232e-13  -1.10484577e-27  -1.90417234e-28  -3.70867419e-60
  4.85600000e-05   0.00000000e+00   0.00000000e+00   2.74603280e-13  -1.24395327e-27  -2.14392042e-28  -4.70137648e-60
  4.86400000e-05   0.00000000e+00   0.00000000e+00   3.05311328e-13  -1.38306078e-27  -2.38366851e-28  -5.81166600e-60
  4.87200000e-05   0.00000000e+00   0.00000000e+00   3.36019375e-13  -1.52216828e-27  -2.62341660e-28  -7.03954274e-60
  4.88000000e-05   0.00000000e+00   0.00000000e+00   3.66727423e-13  -1.66127578e-27  -2.86316468e-28  -8.38500670e-60
  4.88800000e-05   0.00000000e+00   0.00000000e+00   1.83703487e-14  -8.32177072e-29  -1.43423508e-29  -2.10451075e-62
  4.89600000e-05   0.00000000e+00   0.00000000e+00   3.03729038e-15  -1.37589300e-29  -2.37131504e-30  -5.75898964e-64
  4.90400000e-05   0.00000000e+00   0.00000000e+00   5.38316659e-13  -2.43857528e-27  -4.20281972e-28  -1.80674182e-59
  4.91200000e-05   0.00000000e+00   0.00000000e+00   5.64464499e-13  -2.55702504e-27  -4.40696473e-28  -1.98652470e-59
  4.92000000e-05   0.00000000e+00   0.00000000e+00   5.90612340e-13  -2.67547479e-27  -4.61110974e-28  -2.17483322e-59
  4.92800000e-05   0.00000000e+00   0.00000000e+00   6.16760181e-13  -2.79392455e-27  -4.81525475e-28  -2.37166740e-59
  4.93600000e-05   0.00000000e+00   0.00000000e+00   6.42908022e-13  -2.91237431e-27  -5.01939977e-28  -2.57702722e-59
  4.94400000e-05   0.00000000e+00   0.00000000e+00   6.69055863e-13  -3.03082407e-27  -5.22354478e-28  -2.79091269e-59
  4.95200000e-05   0.00000000e+00   0.00000000e+00   6.95203704e-13  -3.14927383e-27  -5.42768979e-28  -3.01332381e-59
  4.96000000e-05   0.00000000e+00   0.00000000e+00   7.21351545e-13  -3.26772359e-27  -5.63183481e-28  -3.24426057e-59
  4.96800000e-05   0.00000000e+00   0.00000000e+00   7.47499386e-13  -3.38617335e-27  -5.83597982e-28  -3.48372299e-59
  4.97600000e-05   0.00000000e+00   0.00000000e+00   2.76862207e-13  -1.25418622e-27  -2.16155663e-28  -4.77924283e-60
  4.98400000e-05   0.00000000e+00   0.00000000e+00   2.61529149e-13  -1.18472744e-27  -2.04184627e-28  -4.26454103e-60
  4.99200000e-05   0.00000000e+00   0.00000000e+00   2.46196090e-13  -1.11526866e-27  -1.92213591e-28  -3.77915581e-60
  5.00000000e-05   0.00000000e+00   0.00000000e+00   2.30863032e-13  -1.04580988e-27  -1.80242556e-28  -3.32308716e-60
  5.00800000e-05   0.00000000e+00   0.00000000e+00   2.15529974e-13  -9.76351107e-28  -1.68271520e-28  -2.89633510e-60
  5.01600000e-05   0.00000000e+00   0.00000000e+00   2.00196915e-13  -9.06892329e-28  -1.56300484e-28  -2.49889962e-60
  5.02400000e-05   0.00000000e+00   0.00000000e+00   1.84863857e-13  -8.37433552e-28  -1.44329448e-28  -2.13078072e-60
  5.03200000e-05   0.00000000e+00   0.00000000e+00   1.69530799e-13  -7.67974775e-28  -1.32358413e-28  -1.79197839e-60
  5.04000000e-05   0.00000000e+00   0.00000000e+00   1.54197741e-13  -6.98515998e-28  -1.20387377e-28  -1.48249265e-60
  5.04800000e-05   0.00000000e+00   0.00000000e+00   5.81822295e-13  -2.63565588e-27  -4.54248289e-28  -2.11057880e-59
  5.05600000e-05   0.00000000e+00   0.00000000e+00   6.07970136e-13  -2.75410564e-27  -4.74662791e-28  -2.30454693e-59
  5.06400000e-05   0.00000000e+00   0.00000000e+00   6.34117977e-13  -2.87255539e-27  -4.95077292e-28  -2.50704071e-59
  5.07200000e-05   0.00000000e+00   0.00000000e+00   6.60265818e-13  -2.99100515e-27  -5.15491793e-28  -2.71806013e-59
  5.08000000e-05   0.00000000e+00   0.00000000e+00   6.86413659e-13  -3.10945491e-27  -5.35906294e-28  -2.93760521e-59
  5.08800000e-05   0.00000000e+00   0.00000000e+00   7.12561500e-13  -3.22790467e-27  -5.56320796e-28  -3.16567593e-59
  5.09600000e-05   0.00000000e+00   0.00000000e+00   7.38709340e-13  -3.34635443e-27  -5.76735297e-28  -3.40227230e-59
  5.10400000e-05   0.00000000e+00   0.00000000e+00   7.64857181e-13  -3.46480419e-27  -5.97149798e-28  -3.64739432e-59
  5.11200000e-05   0.00000000e+00   0.00000000e+00   4.43355715e-13  -2.00840206e-27  -3.46142760e-28  -1.22555868e-59
  5.12000000e-05   0.00000000e+00   0.00000000e+00   4.28022657e-13  -1.93894328e-27  -3.34171724e-28  -1.14225519e-59
  5.12800000e-05   0.00000000e+00   0.00000000e+00   4.12689599e-13  -1.86948451e-27  -3.22200689e-28  -1.06188335e-59
  5.13600000e-05   0.00000000e+00   0.00000000e+00   3.97356540e-13  -1.80002573e-27  -3.10229653e-28  -9.84443176e-60
  5.14400000e-05   0.00000000e+00   0.00000000e+00   3.82023482e-13  -1.73056695e-27  -2.98258617e-28  -9.09934659e-60
  5.15200000e-05   0.00000000e+00   0.00000000e+00   3.66690424e-13  -1.66110817e-27  -2.86287581e-28  -8.38357799e-60
  5.16000000e-05   0.00000000e+00   0.00000000e+00   3.51357366e-13  -1.59164940e-27  -2.74316546e-28  -7.69712597e-60
  5.16800000e-05   0.00000000e+00   0.00000000e+00   3.36024307e-13  -1.52219062e-27  -2.62345510e-28  -7.03999053e-60
  5.17600000e-05   0.00000000e+00   0.00000000e+00   3.20691249e-13  -1.45273184e-27  -2.50374474e-28  -6.41217167e-60
  5.18400000e-05   0.00000000e+00   0.00000000e+00   5.99180091e-13  -2.71428672e-27  -4.67800106e-28  -2.23838993e-59
  5.19200000e-05   0.00000000e+00   0.00000000e+00   6.25327932e-13  -2.83273648e-27  -4.88214607e-28  -2.43801766e-59
  5.20000000e-05   0.00000000e+00   0.00000000e+00   6.51475773e-13  -2.95118624e-27  -5.08629108e-28  -2.64617105e-59
  5.20800000e-05   0.00000000e+00   0.00000000e+00   6.77623614e-13  -3.06963599e-27  -5.29043610e-28  -2.86285008e-59
  5.21600000e-05   0.00000000e+00   0.00000000e+00   7.03771455e-13  -3.18808575e-27  -5.49458111e-28  -3.08805476e-59
  5.22400000e-05   0.00000000e+00   0.00000000e+00   7.29919295e-13  -3.30653551e-27  -5.69872612e-28  -3.32178509e-59
  5.23200000e-05   0.00000000e+00   0.00000000e+00   7.56067136e-13  -3.42498527e-27  -5.90287113e-28  -3.56404106e-59
  5.24000000e-05   0.00000000e+00   0.00000000e+00   8.02962872e-13  -3.63742302e-27  -6.26900196e-28  -4.01992968e-59
  5.24800000e-05   0.00000000e+00   0.00000000e+00   7.89689452e-13  -3.57729441e-27  -6.16537189e-28  -3.88812511e-59
  5.25600000e-05   0.00000000e+00   0.00000000e+00   1.18078957e-12  -5.34897852e-27  -9.21882239e-28  -8.69303427e-59
  5.26400000e-05   0.00000000e+00   0.00000000e+00   1.17376223e-12  -5.31714467e-27  -9.16395759e-28  -8.58987099e-59
  5.27200000e-05   0.00000000e+00   0.00000000e+00   1.16673489e-12  -5.28531082e-27  -9.10909279e-28  -8.48732351e-59
  5.28000000e-05   0.00000000e+00   0.00000000e+00   1.15970755e-12  -5.25347697e-27  -9.05422799e-28  -8.38539182e-59
  5.28800000e-05   0.00000000e+00   0.00000000e+00   1.15268021e-12  -5.22164311e-27  -8.99936320e-28  -8.28407593e-59
  5.29600000e-05   0.00000000e+00   0.00000000e+00   1.14565288e-12  -5.18980926e-27  -8.94449840e-28  -8.18337584e-59
  5.30400000e-05   0.00000000e+00   0.00000000e+00   1.13862554e-12  -5.15797541e-27  -8.88963360e-28  -8.08329154e-59
  5.31200000e-05   0.00000000e+00   0.00000000e+00   1.13159820e-12  -5.12614156e-27  -8.83476880e-28  -7.98382304e-59
  5.32000000e-05   0.00000000e+00   0.00000000e+00   7.66514055e-13  -3.47230983e-27  -5.98443375e-28  -3.66326095e-59
  5.32800000e-05   0.00000000e+00   0.00000000e+00   7.53240634e-13  -3.41218121e-27  -5.88080368e-28  -3.53748923e-59
  5.33600000e-05   0.00000000e+00   0.00000000e+00   7.39967214e-13  -3.35205260e-27  -5.77717360e-28  -3.41391446e-59
  5.34400000e-05   0.00000000e+00   0.00000000e+00   7.26693793e-13  -3.29192398e-27  -5.67354353e-28  -3.29253664e-59
  5.35200000e-05   0.00000000e+00   0.00000000e+00   7.13420373e-13  -3.23179537e-27  -5.56991346e-28  -3.17335578e-59
  5.36000000e-05   0.00000000e+00   0.00000000e+00   7.00146952e-13  -3.17166675e-27  -5.46628339e-28  -3.05637188e-59
  5.36800000e-05   0.00000000e+00   0.00000000e+00   6.86873532e-13  -3.11153814e-27  -5.36265332e-28  -2.94158493e-59
  5.37600000e-05   0.00000000e+00   0.00000000e+00   6.73600111e-13  -3.05140952e-27  -5.25902325e-28  -2.82899494e-59
  5.38400000e-05   0.00000000e+00   0.00000000e+00   6.60326690e-13  -2.99128091e-27  -5.15539318e-28  -2.71860191e-59
  5.39200000e-05   0.00000000e+00   0.00000000e+00   9.65039434e-13  -4.37163009e-27  -7.53438833e-28  -5.80652957e-59
  5.40000000e-05   0.00000000e+00   0.00000000e+00   9.58012096e-13  -4.33979624e-27  -7.47952353e-28  -5.72227221e-59
  5.40800000e-05   0.00000000e+00   0.00000000e+00   9.50984758e-13  -4.30796239e-27  -7.42465874e-28  -5.63863063e-59
  5.41600000e-05   0.00000000e+00   0.00000000e+00   9.43957420e-13  -4.27612854e-27  -7.36979394e-28  -5.55560486e-59
  5.42400000e-05   0.00000000e+00   0.00000000e+00   9.36930082e-13  -4.24429469e-27  -7.31492914e-28  -5.47319488e-59
  5.43200000e-05   0.00000000e+00   0.00000000e+00   9.29902744e-13  -4.21246084e-27  -7.26006435e-28  -5.39140070e-59
  5.44000000e-05   0.00000000e+00   0.00000000e+00   9.22875406e-13  -4.18062699e-27  -7.20519955e-28  -5.31022232e-59
  5.44800000e-05   0.00000000e+00   0.00000000e+00   9.15848068e-13  -4.14879313e-27  -7.15033475e-28  -5.22965973e-59
  5.45600000e-05   0.00000000e+00   0.00000000e+00   9.08820730e-13  -4.11695928e-27  -7.09546995e-28  -5.14971294e-59
  5.46400000e-05   0.00000000e+00   0.00000000e+00   6.23877873e-13  -2.82616771e-27  -4.87082497e-28  -2.42676212e-59
  5.47200000e-05   0.00000000e+00   0.00000000e+00   6.10604453e-13  -2.76603909e-27  -4.76719489e-28  -2.32459889e-59
  5.48000000e-05   0.00000000e+00   0.00000000e+00   5.97331032e-13  -2.70591048e-27  -4.66356482e-28  -2.22463261e-59
  5.48800000e-05   0.00000000e+00   0.00000000e+00   5.84057611e-13  -2.64578186e-27  -4.55993475e-28  -2.12686329e-59
  5.49600000e-05   0.00000000e+00   0.00000000e+00   5.70784191e-13  -2.58565325e-27  -4.45630468e-28  -2.03129093e-59
  5.50400000e-05   0.00000000e+00   0.00000000e+00   5.57510770e-13  -2.52552463e-27  -4.35267461e-28  -1.93791552e-59
  5.51200000e-05   0.00000000e+00   0.00000000e+00   5.44237350e-13  -2.46539602e-27  -4.24904454e-28  -1.84673707e-59
  5.52000000e-05   0.00000000e+00   0.00000000e+00   5.30963929e-13  -2.40526740e-27  -4.14541447e-28  -1.75775557e-59
  5.52800000e-05   0.00000000e+00   0.00000000e+00   7.49289301e-13  -3.39428167e-27  -5.84995428e-28  -3.50046559e-59
  5.53600000e-05   0.00000000e+00   0.00000000e+00   7.42261963e-13  -3.36244782e-27  -5.79508948e-28  -3.43511414e-59
  5.54400000e-05   0.00000000e+00   0.00000000e+00   7.35234625e-13  -3.33061396e-27  -5.74022468e-28  -3.37037848e-59
  5.55200000e-05   0.00000000e+00   0.00000000e+00   7.28207287e-13  -3.29878011e-27  -5.68535989e-28  -3.30625862e-59
  5.56000000e-05   0.00000000e+00   0.00000000e+00   7.21179949e-13  -3.26694626e-27  -5.63049509e-28  -3.24275455e-59
  5.56800000e-05   0.00000000e+00   0.00000000e+00   7.14152612e-13  -3.23511241e-27  -5.57563029e-28  -3.17986628e-59
  5.57600000e-05   0.00000000e+00   0.00000000e+00   7.07125274e-13  -3.20327856e-27  -5.52076550e-28  -3.11759381e-59
  5.58400000e-05   0.00000000e+00   0.00000000e+00   7.00097936e-13  -3.17144471e-27  -5.46590070e-28  -3.05593714e-59
  5.59200000e-05   0.00000000e+00   0.00000000e+00   6.93070598e-13  -3.13961086e-27  -5.41103590e-28  -2.99489626e-59
  5.60000000e-05   0.00000000e+00   0.00000000e+00   1.14903856e-13  -5.20514641e-28  -8.97093156e-29  -8.23259892e-61
  5.60800000e-05   0.00000000e+00   0.00000000e+00   7.04332624e-14  -3.19062785e-28  -5.49896234e-29  -3.09349836e-61
  5.61600000e-05   0.00000000e+00   0.00000000e+00   2.59626688e-14  -1.17610929e-28  -2.02699311e-29  -4.20446120e-62
  5.62400000e-05   0.00000000e+00   0.00000000e+00  -1.85079249e-14   8.38409276e-29   1.44497611e-29  -2.13442190e-62
  5.63200000e-05   0.00000000e+00   0.00000000e+00  -6.29785185e-14   2.85292784e-28   4.91694534e-29  -2.47248657e-61
  5.64000000e-05   0.00000000e+00   0.00000000e+00  -1.07449112e-13   4.86744640e-28   8.38891456e-29  -7.19757927e-61
  5.64800000e-05   0.00000000e+00   0.00000000e+00  -1.51919706e-13   6.88196496e-28   1.18608838e-28  -1.43887203e-60
  5.65600000e-05   0.00000000e+00   0.00000000e+00  -1.96390299e-13   8.89648353e-28   1.53328530e-28  -2.40459096e-60
  5.66400000e-05   0.00000000e+00   0.00000000e+00  -2.40860893e-13   1.09110021e-27   1.88048222e-28  -3.61691472e-60
  5.67200000e-05   0.00000000e+00   0.00000000e+00   4.25837216e-13  -1.92904323e-27  -3.32465477e-28  -1.13056481e-59
  5.68000000e-05   0.00000000e+00   0.00000000e+00   4.94462338e-13  -2.23991514e-27  -3.86043423e-28  -1.52432334e-59
  5.68800000e-05   0.00000000e+00   0.00000000e+00   5.63087460e-13  -2.55078704e-27  -4.39621370e-28  -1.97680673e-59
  5.69600000e-05   0.00000000e+00   0.00000000e+00   6.31712581e-13  -2.86165895e-27  -4.93199317e-28  -2.48801498e-59
  5.70400000e-05   0.00000000e+00   0.00000000e+00   7.00337703e-13  -3.17253085e-27  -5.46777264e-28  -3.05794808e-59
  5.71200000e-05   0.00000000e+00   0.00000000e+00   7.68962825e-13  -3.48340276e-27  -6.00355211e-28  -3.68660605e-59
  5.72000000e-05   0.00000000e+00   0.00000000e+00   8.37587946e-13  -3.79427466e-27  -6.53933158e-28  -4.37398887e-59
  5.72800000e-05   0.00000000e+00   0.00000000e+00   9.06213068e-13  -4.10514657e-27  -7.07511105e-28  -5.12009656e-59
  5.73600000e-05   0.00000000e+00   0.00000000e+00   4.21237084e-13  -1.90820463e-27  -3.28873998e-28  -1.10634452e-59
  5.74400000e-05   0.00000000e+00   0.00000000e+00   3.76766490e-13  -1.70675277e-27  -2.94154306e-28  -8.85081139e-60
  5.75200000e-05   0.00000000e+00   0.00000000e+00   3.32295897e-13  -1.50530091e-27  -2.59434613e-28  -6.88478241e-60
  5.76000000e-05   0.00000000e+00   0.00000000e+00   2.87825303e-13  -1.30384906e-27  -2.24714921e-28  -5.16535825e-60
  5.76800000e-05   0.00000000e+00   0.00000000e+00   2.43354709e-13  -1.10239720e-27  -1.89995229e-28  -3.69253893e-60
  5.77600000e-05   0.00000000e+00   0.00000000e+00   1.98884116e-13  -9.00945345e-28  -1.55275537e-28  -2.46632444e-60
  5.78400000e-05   0.00000000e+00   0.00000000e+00   1.54413522e-13  -6.99493489e-28  -1.20555844e-28  -1.48671478e-60
  5.79200000e-05   0.00000000e+00   0.00000000e+00   1.09942929e-13  -4.98041633e-28  -8.58361522e-29  -7.53709953e-61
  5.80000000e-05   0.00000000e+00   0.00000000e+00   6.54723350e-14  -2.96589776e-28  -5.11164600e-29  -2.67309956e-61
  5.80800000e-05   0.00000000e+00   0.00000000e+00   5.30130966e-13  -2.40149408e-27  -4.13891124e-28  -1.75217719e-59
  5.81600000e-05   0.00000000e+00   0.00000000e+00   5.98756087e-13  -2.71236598e-27  -4.67469071e-28  -2.23518344e-59
  5.82400000e-05   0.00000000e+00   0.00000000e+00   6.67381209e-13  -3.02323789e-27  -5.21047018e-28  -2.77691455e-59
  5.83200000e-05   0.00000000e+00   0.00000000e+00   7.36006331e-13  -3.33410979e-27  -5.74624964e-28  -3.37737052e-59
  5.84000000e-05   0.00000000e+00   0.00000000e+00   8.04631452e-13  -3.64498170e-27  -6.28202911e-28  -4.03655135e-59
  5.84800000e-05   0.00000000e+00   0.00000000e+00   8.73256574e-13  -3.95585360e-27  -6.81780858e-28  -4.75445703e-59
  5.85600000e-05   0.00000000e+00   0.00000000e+00   9.41881696e-13  -4.26672551e-27  -7.35358805e-28  -5.53108758e-59
  5.86400000e-05   0.00000000e+00   0.00000000e+00   1.01050682e-12  -4.57759741e-27  -7.88936752e-28  -6.36644298e-59
  5.87200000e-05   0.00000000e+00   0.00000000e+00   7.27570312e-13  -3.29589461e-27  -5.68038680e-28  -3.30051953e-59
  5.88000000e-05   0.00000000e+00   0.00000000e+00   6.83099718e-13  -3.09444276e-27  -5.33318988e-28  -2.90938377e-59
  5.88800000e-05   0.00000000e+00   0.00000000e+00   6.38629125e-13  -2.89299090e-27  -4.98599296e-28  -2.54290850e-59
  5.89600000e-05   0.00000000e+00   0.00000000e+00   5.94158531e-13  -2.69153904e-27  -4.63879603e-28  -2.20109371e-59
  5.90400000e-05   0.00000000e+00   0.00000000e+00   5.49687937e-13  -2.49008719e-27  -4.29159911e-28  -1.88393940e-59
  5.91200000e-05   0.00000000e+00   0.00000000e+00   5.05217344e-13  -2.28863533e-27  -3.94440219e-28  -1.59144558e-59
  5.92000000e-05   0.00000000e+00   0.00000000e+00   4.60746750e-13  -2.08718347e-27  -3.59720527e-28  -1.32361223e-59
  5.92800000e-05   0.00000000e+00   0.00000000e+00   4.16276157e-13  -1.88573162e-27  -3.25000834e-28  -1.08043937e-59
  5.93600000e-05   0.00000000e+00   0.00000000e+00   3.71805563e-13  -1.68427976e-27  -2.90281142e-28  -8.61926999e-60
  5.94400000e-05   0.00000000e+00   0.00000000e+00   6.34424715e-13  -2.87394492e-27  -4.95316771e-28  -2.50942473e-59
  5.95200000e-05   0.00000000e+00   0.00000000e+00   3.77932090e-13  -1.71203294e-27  -2.95064329e-28  -8.90576926e-60
  5.96000000e-05   0.00000000e+00   0.00000000e+00   3.14690421e-13  -1.42554808e-27  -2.45689425e-28  -6.17468203e-60
  5.96800000e-05   0.00000000e+00   0.00000000e+00   2.51448752e-13  -1.13906323e-27  -1.96314521e-28  -3.94232122e-60
  5.97600000e-05   0.00000000e+00   0.00000000e+00   1.88207083e-13  -8.52578370e-28  -1.46939617e-28  -2.20868683e-60
  5.98400000e-05   0.00000000e+00   0.00000000e+00   1.24965414e-13  -5.66093513e-28  -9.75647130e-29  -9.73778853e-61
  5.99200000e-05   0.00000000e+00   0.00000000e+00   6.17237446e-14  -2.79608657e-28  -4.81898091e-29  -2.37597299e-61
  6.00000000e-05   0.00000000e+00   0.00000000e+00  -1.51792445e-15   6.87620007e-30   1.18509481e-30  -1.42164348e-64
  6.00800000e-05   0.00000000e+00   0.00000000e+00  -6.47595935e-14   2.93361057e-28   5.05599987e-29  -2.61413448e-61
  6.01600000e-05   0.00000000e+00   0.00000000e+00   1.74318379e-12  -7.89662518e-27  -1.36096237e-27  -1.89456562e-58
  6.02400000e-05   0.00000000e+00   0.00000000e+00   1.78226715e-12  -8.07367286e-27  -1.39147607e-27  -1.98047313e-58
  6.03200000e-05   0.00000000e+00   0.00000000e+00   1.82135051e-12  -8.25072054e-27  -1.42198976e-27  -2.06828538e-58
  6.04000000e-05   0.00000000e+00   0.00000000e+00   1.86043386e-12  -8.42776822e-27  -1.45250346e-27  -2.15800240e-58
  6.04800000e-05   0.00000000e+00   0.00000000e+00   1.89951722e-12  -8.60481590e-27  -1.48301716e-27  -2.24962417e-58
  6.05600000e-05   0.00000000e+00   0.00000000e+00   1.93860058e-12  -8.78186358e-27  -1.51353085e-27  -2.34315070e-58
  6.06400000e-05   0.00000000e+00   0.00000000e+00   1.97768394e-12  -8.95891126e-27  -1.54404455e-27  -2.43858199e-58
  6.07200000e-05   0.00000000e+00   0.00000000e+00   2.01676730e-12  -9.13595894e-27  -1.57455825e-27  -2.53591803e-58
  6.08000000e-05   6.08224045e-16   4.31178525e-16   4.23989717e-13  -1.93066419e-27  -3.16930912e-28   3.09189146e-30
  6.08800000e-05   6.44244268e-15   4.56713764e-15   3.60748048e-13  -1.74000684e-27  -1.32380920e-28   3.27499935e-29
  6.09600000e-05   1.22766613e-14   8.70309676e-15   2.97506379e-13  -1.54934949e-27   5.21690715e-29   6.24080955e-29
  6.10400000e-05   1.81108800e-14   1.28390559e-14   2.34264710e-13  -1.35869214e-27   2.36719063e-28   9.20661975e-29
  6.11200000e-05   2.39450986e-14   1.69750150e-14   1.71023041e-13  -1.16803480e-27   4.21269055e-28   1.21724300e-28
  6.12000000e-05   2.97793172e-14   2.11109741e-14   1.07781372e-13  -9.77377448e-28   6.05819046e-28   1.51382402e-28
  6.12800000e-05   3.56135359e-14   2.52469332e-14   4.45397026e-14  -7.86720100e-28   7.90369038e-28   1.81040504e-28
  6.13600000e-05   4.14477545e-14   2.93828924e-14  -1.87019665e-14  -5.96062752e-28   9.74919030e-28   2.10698606e-28
  6.14400000e-05   4.72819732e-14   3.35188515e-14  -8.19436356e-14  -4.05405404e-28   1.15946902e-27   2.40356708e-28
  6.15200000e-05  -1.52247558e-14  -1.07930421e-14   1.34967657e-12  -5.86396906e-27  -1.40648580e-27  -7.73946589e-29
  6.16000000e-05  -2.50133397e-15  -1.77323031e-15   1.38875993e-12  -6.24999997e-27  -1.14220601e-27  -1.27154674e-29
  6.16800000e-05   1.02220879e-14   7.24658144e-15   1.42784329e-12  -6.63603088e-27  -8.77926216e-28   5.19637241e-29
  6.17600000e-05  -1.02881848e-13  -6.33980186e-14   6.67555872e-13  -1.55513786e-27  -2.90488953e-27  -5.15551898e-28
  6.18400000e-05  -1.33680895e-13  -8.24554393e-14   6.12010780e-13  -8.61970344e-28  -3.57511767e-27  -6.69950397e-28
  6.19200000e-05  -1.64479941e-13  -1.01512860e-13   5.56465688e-13  -1.68802833e-28  -4.24534582e-27  -8.24348895e-28
  6.20000000e-05  -1.95278988e-13  -1.20570281e-13   5.00920596e-13   5.24364679e-28  -4.91557396e-27  -9.78747394e-28
  6.20800000e-05  -2.26078034e-13  -1.39627701e-13   4.45375504e-13   1.21753219e-27  -5.58580211e-27  -1.13314589e-27
  6.21600000e-05  -2.56877081e-13  -1.58685122e-13   3.89830412e-13   1.91069970e-27  -6.25603025e-27  -1.28754439e-27
  6.22400000e-05  -1.58361712e-13  -9.63125280e-14   4.84402851e-13   3.71535861e-29  -4.04732851e-27  -7.92573235e-28
  6.23200000e-05  -1.31294536e-13  -7.94144937e-14   5.35033315e-13  -5.83719061e-28  -3.45972837e-27  -6.56766018e-28
  6.24000000e-05  -1.04227359e-13  -6.25164594e-14   5.85663779e-13  -1.20459171e-27  -2.87212823e-27  -5.20958801e-28
  6.24800000e-05  -7.71601820e-14  -4.56184251e-14   6.36294242e-13  -1.82546436e-27  -2.28452809e-27  -3.85151584e-28
  6.25600000e-05  -5.00930052e-14  -2.87203908e-14   6.86924706e-13  -2.44633700e-27  -1.69692795e-27  -2.49344367e-28
  6.26400000e-05  -2.30258284e-14  -1.18223565e-14   7.37555170e-13  -3.06720965e-27  -1.10932781e-27  -1.13537150e-28
  6.27200000e-05   4.04134838e-15   5.07567779e-15   7.88185634e-13  -3.68808230e-27  -5.21727667e-28   2.22700671e-29
  6.28000000e-05   3.11085252e-14   2.19737121e-14   8.38816098e-13  -4.30895495e-27   6.58724732e-29   1.58077284e-28
  6.28800000e-05   5.37634501e-15   3.33340997e-15   7.85094276e-13  -3.63371122e-27  -4.88383127e-28   2.69573566e-29
  6.29600000e-05   3.64999897e-14   2.26305099e-14   7.36688187e-13  -3.86153294e-27   2.70523938e-28   1.83013411e-28
  6.30400000e-05  -8.99238887e-14  -8.65192845e-14   5.09795197e-13  -3.04776921e-28  -2.48149288e-27  -4.74903875e-28
  6.31200000e-05  -1.31311182e-13  -1.26339615e-13   3.87129326e-13   1.17351107e-27  -3.34464041e-27  -6.93477449e-28
  6.32000000e-05  -1.72698474e-13  -1.66159945e-13   2.64463455e-13   2.65179905e-27  -4.20778795e-27  -9.12051024e-28
  6.32800000e-05  -2.14085767e-13  -2.05980276e-13   1.41797584e-13   4.13008704e-27  -5.07093548e-27  -1.13062460e-27
  6.33600000e-05  -2.55473060e-13  -2.45800606e-13   1.91317131e-14   5.60837502e-27  -5.93408302e-27  -1.34919817e-27
  6.34400000e-05  -2.96860353e-13  -2.85620937e-13  -1.03534158e-13   7.08666301e-27  -6.79723055e-27  -1.56777175e-27
  6.35200000e-05  -3.38247646e-13  -3.25441267e-13  -2.26200029e-13   8.56495100e-27  -7.66037808e-27  -1.78634532e-27
  6.36000000e-05   2.77481438e-13   1.56964540e-13   3.50003848e-13  -5.22228525e-27   6.15580638e-27   1.37953885e-27
  6.36800000e-05   2.95211489e-13   1.74686737e-13   3.09195534e-13  -5.44803541e-27   6.59846066e-27   1.47369232e-27
  6.37600000e-05   3.12941540e-13   1.92408934e-13   2.68387220e-13  -5.67378558e-27   7.04111494e-27   1.56784579e-27
  6.38400000e-05   3.30671590e-13   2.10131131e-13   2.27578905e-13  -5.89953574e-27   7.48376922e-27   1.66199926e-27
  6.39200000e-05   3.48401641e-13   2.27853328e-13   1.86770591e-13  -6.12528591e-27   7.92642350e-27   1.75615274e-27
  6.40000000e-05   3.66131692e-13   2.45575525e-13   1.45962277e-13  -6.35103607e-27   8.36907778e-27   1.85030621e-27
  6.40800000e-05   3.83861742e-13   2.63297723e-13   1.05153963e-13  -6.57678624e-27   8.81173206e-27   1.94445968e-27
  6.41600000e-05   4.01591793e-13   2.81019920e-13   6.43456484e-14  -6.80253640e-27   9.25438634e-27   2.03861316e-27
  6.42400000e-05   4.19321844e-13   2.98742117e-13   2.35373341e-14  -7.02828657e-27   9.69704062e-27   2.13276663e-27
  6.43200000e-05  -1.69920996e-14  -1.63487625e-14   6.00425831e-13  -2.34113963e-27  -8.62468696e-28  -8.97382669e-29
  6.44000000e-05  -5.50156762e-15  -5.29327303e-15   6.17846261e-13  -2.67620277e-27  -6.09841190e-28  -2.90547464e-29
  6.44800000e-05   5.98896431e-15   5.76221641e-15   6.35266692e-13  -3.01126592e-27  -3.57213685e-28   3.16287740e-29
  6.45600000e-05   1.74794962e-14   1.68177058e-14   6.52687122e-13  -3.34632906e-27  -1.04586179e-28   9.23122945e-29
  6.46400000e-05   2.89700282e-14   2.78731953e-14   6.70107553e-13  -3.68139221e-27   1.48041327e-28   1.52995815e-28
  6.47200000e-05   4.04605601e-14   3.89286847e-14   6.87527983e-13  -4.01645535e-27   4.00668832e-28   2.13679335e-28
  6.48000000e-05   5.19510920e-14   4.99841742e-14   7.04948413e-13  -4.35151850e-27   6.53296338e-28   2.74362856e-28
  6.48800000e-05   6.34416240e-14   6.10396636e-14   7.22368844e-13  -4.68658164e-27   9.05923844e-28   3.35046376e-28
  6.49600000e-05   0.00000000e+00   0.00000000e+00   3.17650264e-13  -1.43895618e-27  -2.48000274e-28  -6.29126529e-60
  6.50400000e-05   0.00000000e+00   0.00000000e+00   2.77202145e-13  -1.25572614e-27  -2.16421063e-28  -4.79109462e-60
  6.51200000e-05   0.00000000e+00   0.00000000e+00   2.36754026e-13  -1.07249610e-27  -1.84841853e-28  -3.49493440e-60
  6.52000000e-05   0.00000000e+00   0.00000000e+00   1.96305908e-13  -8.89266058e-28  -1.53262642e-28  -2.40278461e-60
  6.52800000e-05   0.00000000e+00   0.00000000e+00   1.55857789e-13  -7.06036019e-28  -1.21683432e-28  -1.51464526e-60
  6.53600000e-05   0.00000000e+00   0.00000000e+00   1.15409670e-13  -5.22805979e-28  -9.01042214e-29  -8.30516340e-61
  6.54400000e-05   0.00000000e+00   0.00000000e+00   7.49615511e-14  -3.39575940e-28  -5.85250109e-29  -3.50397859e-61
  6.55200000e-05   0.00000000e+00   0.00000000e+00   3.45134323e-14  -1.56345900e-28  -2.69458005e-29  -7.42898134e-62
  6.56000000e-05   0.00000000e+00   0.00000000e+00  -5.93468658e-15   2.68841392e-29   4.63340995e-30  -2.19220420e-63
  6.56800000e-05   0.00000000e+00   0.00000000e+00   2.50620827e-13  -1.13531272e-27  -1.95668131e-28  -3.91608853e-60
  6.57600000e-05   0.00000000e+00   0.00000000e+00   2.68041257e-13  -1.21422730e-27  -2.09268849e-28  -4.47942188e-60
  6.58400000e-05   0.00000000e+00   0.00000000e+00   2.85461687e-13  -1.29314188e-27  -2.22869566e-28  -5.08059719e-60
  6.59200000e-05   0.00000000e+00   0.00000000e+00   3.02882118e-13  -1.37205645e-27  -2.36470284e-28  -5.71961444e-60
  6.60000000e-05   0.00000000e+00   0.00000000e+00   3.20302548e-13  -1.45097103e-27  -2.50071001e-28  -6.39647364e-60
  6.60800000e-05   0.00000000e+00   0.00000000e+00   3.37722979e-13  -1.52988560e-27  -2.63671719e-28  -7.11117479e-60
  6.61600000e-05   0.00000000e+00   0.00000000e+00   3.55143409e-13  -1.60880018e-27  -2.77272436e-28  -7.86371789e-60
  6.62400000e-05   0.00000000e+00   0.00000000e+00   3.72563840e-13  -1.68771476e-27  -2.90873154e-28  -8.65410294e-60
  6.63200000e-05   0.00000000e+00   0.00000000e+00   3.89984270e-13  -1.76662933e-27  -3.04473871e-28  -9.48232993e-60
  6.64000000e-05   0.00000000e+00   0.00000000e+00   2.35536447e-13  -1.06698046e-27  -1.83891247e-28  -3.45908007e-60
  6.64800000e-05   0.00000000e+00   0.00000000e+00   1.95088328e-13  -8.83750420e-28  -1.52312037e-28  -2.37307145e-60
  6.65600000e-05   0.00000000e+00   0.00000000e+00   1.29410335e-14  -5.86229014e-29  -1.01035013e-29  -1.04389516e-62
  6.66400000e-05   0.00000000e+00   0.00000000e+00   2.56664743e-14  -1.16269168e-28  -2.00386821e-29  -4.10680736e-62
  6.67200000e-05   0.00000000e+00   0.00000000e+00   3.83919152e-14  -1.73915434e-28  -2.99738629e-29  -9.18902214e-62
  6.68000000e-05   0.00000000e+00   0.00000000e+00   5.11173560e-14  -2.31561700e-28  -3.99090437e-29  -1.62905395e-61
  6.68800000e-05   0.00000000e+00   0.00000000e+00   6.38427969e-14  -2.89207966e-28  -4.98442245e-29  -2.54113594e-61
  6.69600000e-05   0.00000000e+00   0.00000000e+00   7.65682377e-14  -3.46854233e-28  -5.97794053e-29  -3.65514820e-61
  6.70400000e-05   0.00000000e+00   0.00000000e+00  -1.62590206e-13   7.36533877e-28   1.26939657e-28  -1.64826553e-60
  6.71200000e-05   0.00000000e+00   0.00000000e+00  -1.43596283e-13   6.50491377e-28   1.12110460e-28  -1.28566105e-60
  6.72000000e-05   0.00000000e+00   0.00000000e+00  -1.24602360e-13   5.64448877e-28   9.72812642e-29  -9.68043371e-61
  6.72800000e-05   0.00000000e+00   0.00000000e+00  -1.05608437e-13   4.78406377e-28   8.24520679e-29  -6.95412488e-61
  6.73600000e-05   0.00000000e+00   0.00000000e+00  -8.66145135e-14   3.92363877e-28   6.76228717e-29  -4.67768402e-61
  6.74400000e-05   0.00000000e+00   0.00000000e+00  -6.76205905e-14   3.06321377e-28   5.27936754e-29  -2.85111114e-61
  6.75200000e-05   0.00000000e+00   0.00000000e+00  -4.86266675e-14   2.20278877e-28   3.79644792e-29  -1.47440622e-61
  6.76000000e-05   0.00000000e+00   0.00000000e+00  -2.96327444e-14   1.34236377e-28   2.31352829e-29  -5.47569278e-62
  6.76800000e-05   0.00000000e+00   0.00000000e+00  -1.06388214e-14   4.81938771e-29   8.30608665e-30  -7.06003068e-63
  6.77600000e-05   0.00000000e+00   0.00000000e+00   1.89302794e-13  -8.57541945e-28  -1.47795076e-28  -2.23425369e-60
