     timestep     time              x             y              z              vx             vy             vz             ax             ay             az         v_magnitude      ELoss        Electronic      Nuclear
           0  9.792519e-318   1.000000e-01   1.343438e+01   5.464893e+00   1.174238e+05   3.589018e+04  -8.160429e+04   0.000000e+00   0.000000e+00   0.000000e+00   1.474304e+05   0.000000e+00   0.000000e+00   0.000000e+00
        8000   7.999000e-08   1.093939e-01   1.343725e+01   5.458365e+00   1.174238e+05   3.589018e+04  -8.160429e+04   0.000000e+00   0.000000e+00   0.000000e+00   1.474304e+05   0.000000e+00  9.930820e-316  1.634369e-320
       16000   1.599900e-07   1.187878e-01   1.344012e+01   5.451836e+00   1.174238e+05   3.589018e+04  -8.160429e+04   0.000000e+00   0.000000e+00   0.000000e+00   1.474304e+05   0.000000e+00  9.930820e-316  1.634369e-320
       24000   2.399900e-07   1.281817e-01   1.344299e+01   5.445308e+00   1.174238e+05   3.589018e+04  -8.160429e+04   0.000000e+00   0.000000e+00   0.000000e+00   1.474304e+05   0.000000e+00  9.930820e-316  1.634369e-320
       32000   3.199900e-07   1.375756e-01   1.344587e+01   5.438780e+00   1.174238e+05   3.589018e+04  -8.160429e+04   0.000000e+00   0.000000e+00   0.000000e+00   1.474304e+05   0.000000e+00  9.930820e-316  1.634369e-320
       40000   3.999900e-07   1.469695e-01   1.344874e+01   5.432251e+00   1.174238e+05   3.589018e+04  -8.160429e+04   0.000000e+00   0.000000e+00   0.000000e+00   1.474304e+05   0.000000e+00  9.930820e-316  1.634369e-320
       48000   4.799900e-07   1.563634e-01   1.345161e+01   5.425723e+00   1.174238e+05   3.589018e+04  -8.160429e+04   0.000000e+00   0.000000e+00   0.000000e+00   1.474304e+05   0.000000e+00  9.930820e-316  1.634369e-320
       56000   5.599900e-07   1.657573e-01   1.345448e+01   5.419195e+00   1.174238e+05   3.589018e+04  -8.160429e+04   0.000000e+00   0.000000e+00   0.000000e+00   1.474304e+05   0.000000e+00  9.930820e-316  1.634369e-320
       64000   6.399900e-07   1.751512e-01   1.345735e+01   5.412666e+00   1.174238e+05   3.589018e+04  -8.160429e+04   0.000000e+00   0.000000e+00   0.000000e+00   1.474304e+05   0.000000e+00  9.930820e-316  1.634369e-320
       72000   7.199900e-07   1.845451e-01   1.346022e+01   5.406138e+00   1.174238e+05   3.589018e+04  -8.160429e+04   0.000000e+00   0.000000e+00   0.000000e+00   1.474304e+05   0.000000e+00  9.930820e-316  1.634369e-320
       80000   7.999900e-07   1.939390e-01   1.346309e+01   5.399610e+00   1.174238e+05   3.589018e+04  -8.160429e+04   0.000000e+00   0.000000e+00   0.000000e+00   1.474304e+05   0.000000e+00  9.930820e-316  1.634369e-320
       88000   8.799900e-07   2.033329e-01   1.346596e+01   5.393081e+00   1.174238e+05   3.589018e+04  -8.160429e+04   0.000000e+00   0.000000e+00   0.000000e+00   1.474304e+05   0.000000e+00  9.930820e-316  1.634369e-320
       96000   9.599900e-07   2.127269e-01   1.346884e+01   5.386553e+00   1.174238e+05   3.589018e+04  -8.160429e+04   0.000000e+00   0.000000e+00   0.000000e+00   1.474304e+05   0.000000e+00  9.930820e-316  1.634369e-320
      104000   1.039990e-06   2.221208e-01   1.347171e+01   5.380025e+00   1.174238e+05   3.589018e+04  -8.160429e+04   0.000000e+00   0.000000e+00   0.000000e+00   1.474304e+05   0.000000e+00  9.930820e-316  1.634369e-320
      112000   1.119990e-06   2.315147e-01   1.347458e+01   5.373496e+00   1.174238e+05   3.589018e+04  -8.160429e+04   0.000000e+00   0.000000e+00   0.000000e+00   1.474304e+05   0.000000e+00  9.930820e-316  1.634369e-320
      120000   1.199990e-06   2.409086e-01   1.347745e+01   5.366968e+00   1.174238e+05   3.589018e+04  -8.160429e+04   0.000000e+00   0.000000e+00   0.000000e+00   1.474304e+05   0.000000e+00  9.930820e-316  1.634369e-320
      128000   1.279990e-06   2.503025e-01   1.348032e+01   5.360440e+00   1.174238e+05   3.589018e+04  -8.160429e+04   0.000000e+00   0.000000e+00   0.000000e+00   1.474304e+05   0.000000e+00  9.930820e-316  1.634369e-320
      136000   1.359990e-06   2.596964e-01   1.348319e+01   5.353911e+00   1.174238e+05   3.589018e+04  -8.160429e+04   0.000000e+00   0.000000e+00   0.000000e+00   1.474304e+05   0.000000e+00  9.930820e-316  1.634369e-320
      144000   1.439990e-06   2.690903e-01   1.348606e+01   5.347383e+00   1.174238e+05   3.589018e+04  -8.160429e+04   0.000000e+00   0.000000e+00   0.000000e+00   1.474304e+05   0.000000e+00  9.930820e-316  1.634369e-320
      152000   1.519990e-06   2.784842e-01   1.348893e+01   5.340854e+00   1.174238e+05   3.589018e+04  -8.160429e+04   0.000000e+00   0.000000e+00   0.000000e+00   1.474304e+05   0.000000e+00  9.930820e-316  1.634369e-320
      160000   1.599990e-06   2.878781e-01   1.349181e+01   5.334326e+00   1.174238e+05   3.589018e+04  -8.160429e+04   0.000000e+00   0.000000e+00   0.000000e+00   1.474304e+05   0.000000e+00  9.930820e-316  1.634369e-320
      168000   1.679990e-06   2.972720e-01   1.349468e+01   5.327798e+00   1.174238e+05   3.589018e+04  -8.160429e+04   0.000000e+00   0.000000e+00   0.000000e+00   1.474304e+05   0.000000e+00  9.930820e-316  1.634369e-320
      176000   1.759990e-06   3.066659e-01   1.349755e+01   5.321269e+00   1.174238e+05   3.589018e+04  -8.160429e+04   0.000000e+00   0.000000e+00   0.000000e+00   1.474304e+05   0.000000e+00  9.930820e-316  1.634369e-320
      184000   1.839990e-06   3.160598e-01   1.350042e+01   5.314741e+00   1.174238e+05   3.589018e+04  -8.160429e+04   0.000000e+00   0.000000e+00   0.000000e+00   1.474304e+05   0.000000e+00  9.930820e-316  1.634369e-320
      192000   1.919990e-06   3.254537e-01   1.350329e+01   5.308213e+00   1.174238e+05   3.589018e+04  -8.160429e+04   0.000000e+00   0.000000e+00   0.000000e+00   1.474304e+05   0.000000e+00  9.930820e-316  1.634369e-320
      200000   1.999990e-06   3.348476e-01   1.350616e+01   5.301684e+00   1.174238e+05   3.589018e+04  -8.160429e+04   0.000000e+00   0.000000e+00   0.000000e+00   1.474304e+05   0.000000e+00  9.930820e-316  1.634369e-320
      208000   2.079990e-06   3.442415e-01   1.350903e+01   5.295156e+00   1.174238e+05   3.589018e+04  -8.160429e+04   0.000000e+00   0.000000e+00   0.000000e+00   1.474304e+05   0.000000e+00  9.930820e-316  1.634369e-320
      216000   2.159990e-06   3.536354e-01   1.351190e+01   5.288628e+00   1.174238e+05   3.589018e+04  -8.160429e+04   0.000000e+00   0.000000e+00   0.000000e+00   1.474304e+05   0.000000e+00  9.930820e-316  1.634369e-320
      224000   2.239990e-06   3.630293e-01   1.351477e+01   5.282099e+00   1.174238e+05   3.589018e+04  -8.160429e+04   0.000000e+00   0.000000e+00   0.000000e+00   1.474304e+05   0.000000e+00  9.930820e-316  1.634369e-320
      232000   2.319990e-06   3.724232e-01   1.351765e+01   5.275571e+00   1.174238e+05   3.589018e+04  -8.160429e+04   0.000000e+00   0.000000e+00   0.000000e+00   1.474304e+05   0.000000e+00  9.930820e-316  1.634369e-320
      240000   2.399990e-06   3.818171e-01   1.352052e+01   5.269043e+00   1.174238e+05   3.589018e+04  -8.160429e+04   0.000000e+00   0.000000e+00   0.000000e+00   1.474304e+05   0.000000e+00  9.930820e-316  1.634369e-320
      248000   2.479990e-06   3.912110e-01   1.352339e+01   5.262514e+00   1.174238e+05   3.589018e+04  -8.160429e+04   0.000000e+00   0.000000e+00   0.000000e+00   1.474304e+05   0.000000e+00  9.930820e-316  1.634369e-320
      256000   2.559990e-06   4.006049e-01   1.352626e+01   5.255986e+00   1.174238e+05   3.589018e+04  -8.160429e+04   0.000000e+00   0.000000e+00   0.000000e+00   1.474304e+05   0.000000e+00  9.930820e-316  1.634369e-320
      264000   2.639990e-06   4.099988e-01   1.352913e+01   5.249458e+00   1.174238e+05   3.589018e+04  -8.160429e+04   0.000000e+00   0.000000e+00   0.000000e+00   1.474304e+05   0.000000e+00  9.930820e-316  1.634369e-320
      272000   2.719990e-06   4.193927e-01   1.353200e+01   5.242929e+00   1.174238e+05   3.589018e+04  -8.160429e+04   0.000000e+00   0.000000e+00   0.000000e+00   1.474304e+05   0.000000e+00  9.930820e-316  1.634369e-320
      280000   2.799990e-06   4.287866e-01   1.353487e+01   5.236401e+00   1.174238e+05   3.589018e+04  -8.160429e+04   0.000000e+00   0.000000e+00   0.000000e+00   1.474304e+05   0.000000e+00  9.930820e-316  1.634369e-320
      288000   2.879990e-06   4.381806e-01   1.353774e+01   5.229873e+00   1.174238e+05   3.589018e+04  -8.160429e+04   0.000000e+00   0.000000e+00   0.000000e+00   1.474304e+05   0.000000e+00  9.930820e-316  1.634369e-320
      296000   2.959990e-06   4.475745e-01   1.354062e+01   5.223344e+00   1.174238e+05   3.589018e+04  -8.160429e+04   0.000000e+00   0.000000e+00   0.000000e+00   1.474304e+05   0.000000e+00  9.930820e-316  1.634369e-320
      304000   3.039990e-06   4.569684e-01   1.354349e+01   5.216816e+00   1.174238e+05   3.589018e+04  -8.160429e+04   0.000000e+00   0.000000e+00   0.000000e+00   1.474304e+05   0.000000e+00  9.930820e-316  1.634369e-320
      312000   3.119990e-06   4.663623e-01   1.354636e+01   5.210288e+00   1.174238e+05   3.589018e+04  -8.160429e+04   0.000000e+00   0.000000e+00   0.000000e+00   1.474304e+05   0.000000e+00  9.930820e-316  1.634369e-320
      320000   3.199990e-06   4.757562e-01   1.354923e+01   5.203759e+00   1.174238e+05   3.589018e+04  -8.160429e+04   0.000000e+00   0.000000e+00   0.000000e+00   1.474304e+05   0.000000e+00  9.930820e-316  1.634369e-320
      328000   3.279990e-06   4.851501e-01   1.355210e+01   5.197231e+00   1.174238e+05   3.589018e+04  -8.160429e+04   0.000000e+00   0.000000e+00   0.000000e+00   1.474304e+05   0.000000e+00  9.930820e-316  1.634369e-320
      336000   3.359990e-06   4.945440e-01   1.355497e+01   5.190703e+00   1.174238e+05   3.589018e+04  -8.160429e+04   0.000000e+00   0.000000e+00   0.000000e+00   1.474304e+05   0.000000e+00  9.930820e-316  1.634369e-320
      344000   3.439990e-06   5.039379e-01   1.355784e+01   5.184174e+00   1.174238e+05   3.589018e+04  -8.160429e+04   0.000000e+00   0.000000e+00   0.000000e+00   1.474304e+05   0.000000e+00  9.930820e-316  1.634369e-320
      352000   3.519990e-06   5.133318e-01   1.356071e+01   5.177646e+00   1.174238e+05   3.589018e+04  -8.160429e+04   0.000000e+00   0.000000e+00   0.000000e+00   1.474304e+05   0.000000e+00  9.930820e-316  1.634369e-320
      360000   3.599990e-06   5.227257e-01   1.356359e+01   5.171118e+00   1.174238e+05   3.589018e+04  -8.160429e+04   0.000000e+00   0.000000e+00   0.000000e+00   1.474304e+05   0.000000e+00  9.930820e-316  1.634369e-320
      368000   3.679990e-06   5.321196e-01   1.356646e+01   5.164589e+00   1.174238e+05   3.589018e+04  -8.160429e+04   0.000000e+00   0.000000e+00   0.000000e+00   1.474304e+05   0.000000e+00  9.930820e-316  1.634369e-320
      376000   3.759990e-06   5.415135e-01   1.356933e+01   5.158061e+00   1.174238e+05   3.589018e+04  -8.160429e+04   0.000000e+00   0.000000e+00   0.000000e+00   1.474304e+05   0.000000e+00  9.930820e-316  1.634369e-320
      384000   3.839990e-06   5.509074e-01   1.357220e+01   5.151533e+00   1.174238e+05   3.589018e+04  -8.160429e+04   0.000000e+00   0.000000e+00   0.000000e+00   1.474304e+05   0.000000e+00  9.930820e-316  1.634369e-320
      392000   3.919990e-06   5.603013e-01   1.357507e+01   5.145004e+00   1.174238e+05   3.589018e+04  -8.160429e+04   0.000000e+00   0.000000e+00   0.000000e+00   1.474304e+05   0.000000e+00  9.930820e-316  1.634369e-320
      400000   3.999990e-06   5.696952e-01   1.357794e+01   5.138476e+00   1.174238e+05   3.589018e+04  -8.160429e+04   0.000000e+00   0.000000e+00   0.000000e+00   1.474304e+05   0.000000e+00  9.930820e-316  1.634369e-320
      408000   4.079990e-06   5.790891e-01   1.358081e+01   5.131948e+00   1.174238e+05   3.589018e+04  -8.160429e+04   0.000000e+00   0.000000e+00   0.000000e+00   1.474304e+05   0.000000e+00  9.930820e-316  1.634369e-320
      416000   4.159990e-06   5.884830e-01   1.358368e+01   5.125419e+00   1.174238e+05   3.589018e+04  -8.160429e+04   0.000000e+00   0.000000e+00   0.000000e+00   1.474304e+05   0.000000e+00  9.930820e-316  1.634369e-320
      424000   4.239990e-06   5.978769e-01   1.358656e+01   5.118891e+00   1.174238e+05   3.589018e+04  -8.160429e+04   0.000000e+00   0.000000e+00   0.000000e+00   1.474304e+05   0.000000e+00  9.930820e-316  1.634369e-320
      432000   4.319990e-06   6.072708e-01   1.358943e+01   5.112362e+00   1.174238e+05   3.589018e+04  -8.160429e+04   0.000000e+00   0.000000e+00   0.000000e+00   1.474304e+05   0.000000e+00  9.930820e-316  1.634369e-320
      440000   4.399990e-06   6.166647e-01   1.359230e+01   5.105834e+00   1.174238e+05   3.589018e+04  -8.160429e+04   0.000000e+00   0.000000e+00   0.000000e+00   1.474304e+05   0.000000e+00  9.930820e-316  1.634369e-320
      448000   4.479990e-06   6.260586e-01   1.359517e+01   5.099306e+00   1.174238e+05   3.589018e+04  -8.160429e+04   0.000000e+00   0.000000e+00   0.000000e+00   1.474304e+05   0.000000e+00  9.930820e-316  1.634369e-320
      456000   4.559990e-06   6.354525e-01   1.359804e+01   5.092777e+00   1.174238e+05   3.589018e+04  -8.160429e+04   0.000000e+00   0.000000e+00   0.000000e+00   1.474304e+05   0.000000e+00  9.930820e-316  1.634369e-320
      464000   4.639990e-06   6.448464e-01   1.360091e+01   5.086249e+00   1.174238e+05   3.589018e+04  -8.160429e+04   0.000000e+00   0.000000e+00   0.000000e+00   1.474304e+05   0.000000e+00  9.930820e-316  1.634369e-320
      472000   4.719990e-06   6.542404e-01   1.360378e+01   5.079721e+00   1.174238e+05   3.589018e+04  -8.160429e+04   0.000000e+00   0.000000e+00   0.000000e+00   1.474304e+05   0.000000e+00  9.930820e-316  1.634369e-320
      480000   4.799990e-06   6.636343e-01   1.360665e+01   5.073192e+00   1.174238e+05   3.589018e+04  -8.160429e+04   0.000000e+00   0.000000e+00   0.000000e+00   1.474304e+05   0.000000e+00  9.930820e-316  1.634369e-320
      488000   4.879990e-06   6.730282e-01   1.360953e+01   5.066664e+00   1.174238e+05   3.589018e+04  -8.160429e+04   0.000000e+00   0.000000e+00   0.000000e+00   1.474304e+05   0.000000e+00  9.930820e-316  1.634369e-320
      496000   4.959990e-06   6.824221e-01   1.361240e+01   5.060136e+00   1.174238e+05   3.589018e+04  -8.160429e+04   0.000000e+00   0.000000e+00   0.000000e+00   1.474304e+05   0.000000e+00  9.930820e-316  1.634369e-320
      504000   5.039990e-06   6.918160e-01   1.361527e+01   5.053607e+00   1.174238e+05   3.589018e+04  -8.160429e+04   0.000000e+00   0.000000e+00   0.000000e+00   1.474304e+05   0.000000e+00  9.930820e-316  1.634369e-320
      512000   5.119990e-06   7.012099e-01   1.361814e+01   5.047079e+00   1.174238e+05   3.589018e+04  -8.160429e+04   0.000000e+00   0.000000e+00   0.000000e+00   1.474304e+05   0.000000e+00  9.930820e-316  1.634369e-320
      520000   5.199990e-06   7.106038e-01   1.362101e+01   5.040551e+00   1.174238e+05   3.589018e+04  -8.160429e+04   0.000000e+00   0.000000e+00   0.000000e+00   1.474304e+05   0.000000e+00  9.930820e-316  1.634369e-320
      528000   5.279990e-06   7.199977e-01   1.362388e+01   5.034022e+00   1.174238e+05   3.589018e+04  -8.160429e+04   0.000000e+00   0.000000e+00   0.000000e+00   1.474304e+05   0.000000e+00  9.930820e-316  1.634369e-320
      536000   5.359990e-06   7.293916e-01   1.362675e+01   5.027494e+00   1.174238e+05   3.589018e+04  -8.160429e+04   0.000000e+00   0.000000e+00   0.000000e+00   1.474304e+05   0.000000e+00  9.930820e-316  1.634369e-320
      544000   5.439990e-06   7.387855e-01   1.362962e+01   5.020966e+00   1.174238e+05   3.589018e+04  -8.160429e+04   0.000000e+00   0.000000e+00   0.000000e+00   1.474304e+05   0.000000e+00  9.930820e-316  1.634369e-320
      552000   5.519990e-06   7.481794e-01   1.363249e+01   5.014437e+00   1.174238e+05   3.589018e+04  -8.160429e+04   0.000000e+00   0.000000e+00   0.000000e+00   1.474304e+05   0.000000e+00  9.930820e-316  1.634369e-320
      560000   5.599990e-06   7.575733e-01   1.363537e+01   5.007909e+00   1.174238e+05   3.589018e+04  -8.160429e+04   0.000000e+00   0.000000e+00   0.000000e+00   1.474304e+05   0.000000e+00  9.930820e-316  1.634369e-320
      568000   5.679990e-06   7.669672e-01   1.363824e+01   5.001381e+00   1.174238e+05   3.589018e+04  -8.160429e+04   0.000000e+00   0.000000e+00   0.000000e+00   1.474304e+05   0.000000e+00  9.930820e-316  1.634369e-320
      576000   5.759990e-06   7.763611e-01   1.364111e+01   4.994852e+00   1.174238e+05   3.589018e+04  -8.160429e+04   0.000000e+00   0.000000e+00   0.000000e+00   1.474304e+05   0.000000e+00  9.930820e-316  1.634369e-320
      584000   5.839990e-06   7.857550e-01   1.364398e+01   4.988324e+00   1.174238e+05   3.589018e+04  -8.160429e+04   0.000000e+00   0.000000e+00   0.000000e+00   1.474304e+05   0.000000e+00  9.930820e-316  1.634369e-320
      592000   5.919990e-06   7.951489e-01   1.364685e+01   4.981796e+00   1.174238e+05   3.589018e+04  -8.160429e+04   0.000000e+00   0.000000e+00   0.000000e+00   1.474304e+05   0.000000e+00  9.930820e-316  1.634369e-320
      600000   5.999990e-06   8.045428e-01   1.364972e+01   4.975267e+00   1.174238e+05   3.589018e+04  -8.160429e+04   0.000000e+00   0.000000e+00   0.000000e+00   1.474304e+05   0.000000e+00  9.930820e-316  1.634369e-320
      608000   6.079990e-06   8.139367e-01   1.365259e+01   4.968739e+00   1.174238e+05   3.589018e+04  -8.160429e+04   0.000000e+00   0.000000e+00   0.000000e+00   1.474304e+05   0.000000e+00  9.930820e-316  1.634369e-320
      616000   6.159990e-06   8.233306e-01   1.365546e+01   4.962211e+00   1.174238e+05   3.589018e+04  -8.160429e+04   0.000000e+00   0.000000e+00   0.000000e+00   1.474304e+05   0.000000e+00  9.930820e-316  1.634369e-320
      624000   6.239990e-06   8.327245e-01   1.365834e+01   4.955682e+00   1.174238e+05   3.589018e+04  -8.160429e+04   0.000000e+00   0.000000e+00   0.000000e+00   1.474304e+05   0.000000e+00  9.930820e-316  1.634369e-320
      632000   6.319990e-06   8.421184e-01   1.366121e+01   4.949154e+00   1.174238e+05   3.589018e+04  -8.160429e+04   0.000000e+00   0.000000e+00   0.000000e+00   1.474304e+05   0.000000e+00  9.930820e-316  1.634369e-320
      640000   6.399990e-06   8.515123e-01   1.366408e+01   4.942626e+00   1.174238e+05   3.589018e+04  -8.160429e+04   0.000000e+00   0.000000e+00   0.000000e+00   1.474304e+05   0.000000e+00  9.930820e-316  1.634369e-320
      648000   6.479990e-06   8.609062e-01   1.366695e+01   4.936097e+00   1.174238e+05   3.589018e+04  -8.160429e+04   0.000000e+00   0.000000e+00   0.000000e+00   1.474304e+05   0.000000e+00  9.930820e-316  1.634369e-320
      656000   6.559990e-06   8.703001e-01   1.366982e+01   4.929569e+00   1.174238e+05   3.589018e+04  -8.160429e+04   0.000000e+00   0.000000e+00   0.000000e+00   1.474304e+05   0.000000e+00  9.930820e-316  1.634369e-320
      664000   6.639990e-06   8.796941e-01   1.367269e+01   4.923041e+00   1.174238e+05   3.589018e+04  -8.160429e+04   0.000000e+00   0.000000e+00   0.000000e+00   1.474304e+05   0.000000e+00  9.930820e-316  1.634369e-320
      672000   6.719990e-06   8.890880e-01   1.367556e+01   4.916512e+00   1.174238e+05   3.589018e+04  -8.160429e+04   0.000000e+00   0.000000e+00   0.000000e+00   1.474304e+05   0.000000e+00  9.930820e-316  1.634369e-320
      680000   6.799990e-06   8.984819e-01   1.367843e+01   4.909984e+00   1.174238e+05   3.589018e+04  -8.160429e+04   0.000000e+00   0.000000e+00   0.000000e+00   1.474304e+05   0.000000e+00  9.930820e-316  1.634369e-320
      688000   6.879990e-06   9.078758e-01   1.368131e+01   4.903455e+00   1.174238e+05   3.589018e+04  -8.160429e+04   0.000000e+00   0.000000e+00   0.000000e+00   1.474304e+05   0.000000e+00  9.930820e-316  1.634369e-320
      696000   6.959990e-06   9.172697e-01   1.368418e+01   4.896927e+00   1.174238e+05   3.589018e+04  -8.160429e+04   0.000000e+00   0.000000e+00   0.000000e+00   1.474304e+05   0.000000e+00  9.930820e-316  1.634369e-320
      704000   7.039990e-06   9.266636e-01   1.368705e+01   4.890399e+00   1.174238e+05   3.589018e+04  -8.160429e+04   0.000000e+00   0.000000e+00   0.000000e+00   1.474304e+05   0.000000e+00  9.930820e-316  1.634369e-320
      712000   7.119990e-06   9.360575e-01   1.368992e+01   4.883870e+00   1.174238e+05   3.589018e+04  -8.160429e+04   0.000000e+00   0.000000e+00   0.000000e+00   1.474304e+05   0.000000e+00  9.930820e-316  1.634369e-320
      720000   7.199990e-06   9.454514e-01   1.369279e+01   4.877342e+00   1.174238e+05   3.589018e+04  -8.160429e+04   0.000000e+00   0.000000e+00   0.000000e+00   1.474304e+05   0.000000e+00  9.930820e-316  1.634369e-320
      728000   7.279990e-06   9.548453e-01   1.369566e+01   4.870814e+00   1.174238e+05   3.589018e+04  -8.160429e+04   0.000000e+00   0.000000e+00   0.000000e+00   1.474304e+05   0.000000e+00  9.930820e-316  1.634369e-320
      736000   7.359990e-06   9.642392e-01   1.369853e+01   4.864285e+00   1.174238e+05   3.589018e+04  -8.160429e+04   0.000000e+00   0.000000e+00   0.000000e+00   1.474304e+05   0.000000e+00  9.930820e-316  1.634369e-320
      744000   7.439990e-06   9.736331e-01   1.370140e+01   4.857757e+00   1.174238e+05   3.589018e+04  -8.160429e+04   0.000000e+00   0.000000e+00   0.000000e+00   1.474304e+05   0.000000e+00  9.930820e-316  1.634369e-320
      752000   7.519990e-06   9.830270e-01   1.370428e+01   4.851229e+00   1.174238e+05   3.589018e+04  -8.160429e+04   0.000000e+00   0.000000e+00   0.000000e+00   1.474304e+05   0.000000e+00  9.930820e-316  1.634369e-320
      760000   7.599990e-06   9.924209e-01   1.370715e+01   4.844700e+00   1.174238e+05   3.589018e+04  -8.160429e+04   0.000000e+00   0.000000e+00   0.000000e+00   1.474304e+05   0.000000e+00  9.930820e-316  1.634369e-320
      768000   7.679990e-06   1.001815e+00   1.371002e+01   4.838172e+00   1.174238e+05   3.589018e+04  -8.160429e+04   0.000000e+00   0.000000e+00   0.000000e+00   1.474304e+05   0.000000e+00  9.930820e-316  1.634369e-320
      776000   7.759990e-06   1.011209e+00   1.371289e+01   4.831644e+00   1.174238e+05   3.589018e+04  -8.160429e+04   0.000000e+00   0.000000e+00   0.000000e+00   1.474304e+05   0.000000e+00  9.930820e-316  1.634369e-320
      784000   7.839990e-06   1.020603e+00   1.371576e+01   4.825115e+00   1.174238e+05   3.589018e+04  -8.160429e+04   0.000000e+00   0.000000e+00   0.000000e+00   1.474304e+05   0.000000e+00  9.930820e-316  1.634369e-320
      792000   7.919990e-06   1.029997e+00   1.371863e+01   4.818587e+00   1.174238e+05   3.589018e+04  -8.160429e+04   0.000000e+00   0.000000e+00   0.000000e+00   1.474304e+05   0.000000e+00  9.930820e-316  1.634369e-320
      800000   7.999990e-06   1.039390e+00   1.372150e+01   4.812059e+00   1.174238e+05   3.589018e+04  -8.160429e+04   0.000000e+00   0.000000e+00   0.000000e+00   1.474304e+05   0.000000e+00  9.930820e-316  1.634369e-320
      808000   8.079990e-06   1.048784e+00   1.372437e+01   4.805530e+00   1.174238e+05   3.589018e+04  -8.160429e+04   0.000000e+00   0.000000e+00   0.000000e+00   1.474304e+05   0.000000e+00  9.930820e-316  1.634369e-320
      816000   8.159990e-06   1.058178e+00   1.372724e+01   4.799002e+00   1.174238e+05   3.589018e+04  -8.160429e+04   0.000000e+00   0.000000e+00   0.000000e+00   1.474304e+05   0.000000e+00  9.930820e-316  1.634369e-320
      824000   8.239990e-06   1.067572e+00   1.373012e+01   4.792474e+00   1.174238e+05   3.589018e+04  -8.160429e+04   0.000000e+00   0.000000e+00   0.000000e+00   1.474304e+05   0.000000e+00  9.930820e-316  1.634369e-320
      832000   8.319990e-06   1.076966e+00   1.373299e+01   4.785945e+00   1.174238e+05   3.589018e+04  -8.160429e+04   0.000000e+00   0.000000e+00   0.000000e+00   1.474304e+05   0.000000e+00  9.930820e-316  1.634369e-320
      840000   8.399990e-06   1.086360e+00   1.373586e+01   4.779417e+00   1.174238e+05   3.589018e+04  -8.160429e+04   0.000000e+00   0.000000e+00   0.000000e+00   1.474304e+05   0.000000e+00  9.930820e-316  1.634369e-320
      848000   8.479990e-06   1.095754e+00   1.373873e+01   4.772889e+00   1.174238e+05   3.589018e+04  -8.160429e+04   0.000000e+00   0.000000e+00   0.000000e+00   1.474304e+05   0.000000e+00  9.930820e-316  1.634369e-320
      856000   8.559990e-06   1.105148e+00   1.374160e+01   4.766360e+00   1.174238e+05   3.589018e+04  -8.160429e+04   0.000000e+00   0.000000e+00   0.000000e+00   1.474304e+05   0.000000e+00  9.930820e-316  1.634369e-320
      864000   8.639990e-06   1.114542e+00   1.374447e+01   4.759832e+00   1.174238e+05   3.589018e+04  -8.160429e+04   0.000000e+00   0.000000e+00   0.000000e+00   1.474304e+05   0.000000e+00  9.930820e-316  1.634369e-320
      872000   8.719990e-06   1.123936e+00   1.374734e+01   4.753304e+00   1.174238e+05   3.589018e+04  -8.160429e+04   0.000000e+00   0.000000e+00   0.000000e+00   1.474304e+05   0.000000e+00  9.930820e-316  1.634369e-320
      880000   8.799990e-06   1.133329e+00   1.375021e+01   4.746775e+00   1.174238e+05   3.589018e+04  -8.160429e+04   0.000000e+00   0.000000e+00   0.000000e+00   1.474304e+05   0.000000e+00  9.930820e-316  1.634369e-320
      888000   8.879990e-06   1.142723e+00   1.375309e+01   4.740247e+00   1.174238e+05   3.589018e+04  -8.160429e+04   0.000000e+00   0.000000e+00   0.000000e+00   1.474304e+05   0.000000e+00  9.930820e-316  1.634369e-320
      896000   8.959990e-06   1.152117e+00   1.375596e+01   4.733719e+00   1.174238e+05   3.589018e+04  -8.160429e+04   0.000000e+00   0.000000e+00   0.000000e+00   1.474304e+05   0.000000e+00  9.930820e-316  1.634369e-320
      904000   9.039990e-06   1.161511e+00   1.375883e+01   4.727190e+00   1.174238e+05   3.589018e+04  -8.160429e+04   0.000000e+00   0.000000e+00   0.000000e+00   1.474304e+05   0.000000e+00  9.930820e-316  1.634369e-320
      912000   9.119990e-06   1.170905e+00   1.376170e+01   4.720662e+00   1.174238e+05   3.589018e+04  -8.160429e+04   0.000000e+00   0.000000e+00   0.000000e+00   1.474304e+05   0.000000e+00  9.930820e-316  1.634369e-320
      920000   9.199990e-06   1.180299e+00   1.376457e+01   4.714134e+00   1.174238e+05   3.589018e+04  -8.160429e+04   0.000000e+00   0.000000e+00   0.000000e+00   1.474304e+05   0.000000e+00  9.930820e-316  1.634369e-320
      928000   9.279990e-06   1.189693e+00   1.376744e+01   4.707605e+00   1.174238e+05   3.589018e+04  -8.160429e+04   0.000000e+00   0.000000e+00   0.000000e+00   1.474304e+05   0.000000e+00  9.930820e-316  1.634369e-320
      936000   9.359990e-06   1.199087e+00   1.377031e+01   4.701077e+00   1.174238e+05   3.589018e+04  -8.160429e+04   0.000000e+00   0.000000e+00   0.000000e+00   1.474304e+05   0.000000e+00  9.930820e-316  1.634369e-320
      944000   9.439990e-06   1.208481e+00   1.377318e+01   4.694549e+00   1.174238e+05   3.589018e+04  -8.160429e+04   0.000000e+00   0.000000e+00   0.000000e+00   1.474304e+05   0.000000e+00  9.930820e-316  1.634369e-320
      952000   9.519990e-06   1.217875e+00   1.377606e+01   4.688020e+00   1.174238e+05   3.589018e+04  -8.160429e+04   0.000000e+00   0.000000e+00   0.000000e+00   1.474304e+05   0.000000e+00  9.930820e-316  1.634369e-320
      960000   9.599990e-06   1.227269e+00   1.377893e+01   4.681492e+00   1.174238e+05   3.589018e+04  -8.160429e+04   0.000000e+00   0.000000e+00   0.000000e+00   1.474304e+05   0.000000e+00  9.930820e-316  1.634369e-320
      968000   9.679990e-06   1.236662e+00   1.378180e+01   4.674963e+00   1.174238e+05   3.589018e+04  -8.160429e+04   0.000000e+00   0.000000e+00   0.000000e+00   1.474304e+05   0.000000e+00  9.930820e-316  1.634369e-320
      976000   9.759990e-06   1.246056e+00   1.378467e+01   4.668435e+00   1.174238e+05   3.589018e+04  -8.160429e+04   0.000000e+00   0.000000e+00   0.000000e+00   1.474304e+05   0.000000e+00  9.930820e-316  1.634369e-320
      984000   9.839990e-06   1.255450e+00   1.378754e+01   4.661907e+00   1.174238e+05   3.589018e+04  -8.160429e+04   0.000000e+00   0.000000e+00   0.000000e+00   1.474304e+05   0.000000e+00  9.930820e-316  1.634369e-320
      992000   9.919990e-06   1.264844e+00   1.379041e+01   4.655378e+00   1.174238e+05   3.589018e+04  -8.160429e+04   0.000000e+00   0.000000e+00   0.000000e+00   1.474304e+05   0.000000e+00  9.930820e-316  1.634369e-320
     1000000   9.999990e-06   1.274238e+00   1.379328e+01   4.648850e+00   1.174238e+05   3.589018e+04  -8.160429e+04   0.000000e+00   0.000000e+00   0.000000e+00   1.474304e+05   0.000000e+00  9.930820e-316  1.634369e-320
     1008000   1.007999e-05   1.283632e+00   1.379615e+01   4.642322e+00   1.174238e+05   3.589018e+04  -8.160429e+04   0.000000e+00   0.000000e+00   0.000000e+00   1.474304e+05   0.000000e+00  9.930820e-316  1.634369e-320
     1016000   1.015999e-05   1.293026e+00   1.379903e+01   4.635793e+00   1.174238e+05   3.589018e+04  -8.160429e+04   0.000000e+00   0.000000e+00   0.000000e+00   1.474304e+05   0.000000e+00  9.930820e-316  1.634369e-320
     1024000   1.023999e-05   1.302420e+00   1.380190e+01   4.629265e+00   1.174238e+05   3.589018e+04  -8.160429e+04   0.000000e+00   0.000000e+00   0.000000e+00   1.474304e+05   0.000000e+00  9.930820e-316  1.634369e-320
     1032000   1.031999e-05   1.311814e+00   1.380477e+01   4.622737e+00   1.174238e+05   3.589018e+04  -8.160429e+04   0.000000e+00   0.000000e+00   0.000000e+00   1.474304e+05   0.000000e+00  9.930820e-316  1.634369e-320
     1040000   1.039999e-05   1.321208e+00   1.380764e+01   4.616208e+00   1.174238e+05   3.589018e+04  -8.160429e+04   0.000000e+00   0.000000e+00   0.000000e+00   1.474304e+05   0.000000e+00  9.930820e-316  1.634369e-320
     1048000   1.047999e-05   1.330601e+00   1.381051e+01   4.609680e+00   1.174238e+05   3.589018e+04  -8.160429e+04   0.000000e+00   0.000000e+00   0.000000e+00   1.474304e+05   0.000000e+00  9.930820e-316  1.634369e-320
     1056000   1.055999e-05   1.339995e+00   1.381338e+01   4.603152e+00   1.174238e+05   3.589018e+04  -8.160429e+04   0.000000e+00   0.000000e+00   0.000000e+00   1.474304e+05   0.000000e+00  9.930820e-316  1.634369e-320
     1064000   1.063999e-05   1.349389e+00   1.381625e+01   4.596623e+00   1.174238e+05   3.589018e+04  -8.160429e+04   0.000000e+00   0.000000e+00   0.000000e+00   1.474304e+05   0.000000e+00  9.930820e-316  1.634369e-320
     1072000   1.071999e-05   1.358783e+00   1.381912e+01   4.590095e+00   1.174238e+05   3.589018e+04  -8.160429e+04   0.000000e+00   0.000000e+00   0.000000e+00   1.474304e+05   0.000000e+00  9.930820e-316  1.634369e-320
     1080000   1.079999e-05   1.368177e+00   1.382199e+01   4.583567e+00   1.174238e+05   3.589018e+04  -8.160429e+04   0.000000e+00   0.000000e+00   0.000000e+00   1.474304e+05   0.000000e+00  9.930820e-316  1.634369e-320
     1088000   1.087999e-05   1.377571e+00   1.382487e+01   4.577038e+00   1.174238e+05   3.589018e+04  -8.160429e+04   0.000000e+00   0.000000e+00   0.000000e+00   1.474304e+05   0.000000e+00  9.930820e-316  1.634369e-320
     1096000   1.095999e-05   1.386965e+00   1.382774e+01   4.570510e+00   1.174238e+05   3.589018e+04  -8.160429e+04   0.000000e+00   0.000000e+00   0.000000e+00   1.474304e+05   0.000000e+00  9.930820e-316  1.634369e-320
     1104000   1.103999e-05   1.396359e+00   1.383061e+01   4.563982e+00   1.174238e+05   3.589018e+04  -8.160429e+04   0.000000e+00   0.000000e+00   0.000000e+00   1.474304e+05   0.000000e+00  9.930820e-316  1.634369e-320
     1112000   1.111999e-05   1.405753e+00   1.383348e+01   4.557453e+00   1.174238e+05   3.589018e+04  -8.160429e+04   0.000000e+00   0.000000e+00   0.000000e+00   1.474304e+05   0.000000e+00  9.930820e-316  1.634369e-320
     1120000   1.119999e-05   1.415147e+00   1.383635e+01   4.550925e+00   1.174238e+05   3.589018e+04  -8.160429e+04   0.000000e+00   0.000000e+00   0.000000e+00   1.474304e+05   0.000000e+00  9.930820e-316  1.634369e-320
     1128000   1.127999e-05   1.424540e+00   1.383922e+01   4.544397e+00   1.174238e+05   3.589018e+04  -8.160429e+04   0.000000e+00   0.000000e+00   0.000000e+00   1.474304e+05   0.000000e+00  9.930820e-316  1.634369e-320
     1136000   1.135999e-05   1.433934e+00   1.384209e+01   4.537868e+00   1.174238e+05   3.589018e+04  -8.160429e+04   0.000000e+00   0.000000e+00   0.000000e+00   1.474304e+05   0.000000e+00  9.930820e-316  1.634369e-320
     1144000   1.143999e-05   1.443328e+00   1.384496e+01   4.531340e+00   1.174238e+05   3.589018e+04  -8.160429e+04   0.000000e+00   0.000000e+00   0.000000e+00   1.474304e+05   0.000000e+00  9.930820e-316  1.634369e-320
     1152000   1.151999e-05   1.452722e+00   1.384784e+01   4.524812e+00   1.174238e+05   3.589018e+04  -8.160429e+04   0.000000e+00   0.000000e+00   0.000000e+00   1.474304e+05   0.000000e+00  9.930820e-316  1.634369e-320
     1160000   1.159999e-05   1.462116e+00   1.385071e+01   4.518283e+00   1.174238e+05   3.589018e+04  -8.160429e+04   0.000000e+00   0.000000e+00   0.000000e+00   1.474304e+05   0.000000e+00  9.930820e-316  1.634369e-320
     1168000   1.167999e-05   1.471510e+00   1.385358e+01   4.511755e+00   1.174238e+05   3.589018e+04  -8.160429e+04   0.000000e+00   0.000000e+00   0.000000e+00   1.474304e+05   0.000000e+00  9.930820e-316  1.634369e-320
     1176000   1.175999e-05   1.480904e+00   1.385645e+01   4.505227e+00   1.174238e+05   3.589018e+04  -8.160429e+04   0.000000e+00   0.000000e+00   0.000000e+00   1.474304e+05   0.000000e+00  9.930820e-316  1.634369e-320
     1184000   1.183999e-05   1.490298e+00   1.385932e+01   4.498698e+00   1.174238e+05   3.589018e+04  -8.160429e+04   0.000000e+00   0.000000e+00   0.000000e+00   1.474304e+05   0.000000e+00  9.930820e-316  1.634369e-320
     1192000   1.191999e-05   1.499692e+00   1.386219e+01   4.492170e+00   1.174238e+05   3.589018e+04  -8.160429e+04   0.000000e+00   0.000000e+00   0.000000e+00   1.474304e+05   0.000000e+00  9.930820e-316  1.634369e-320
     1200000   1.199999e-05   1.509086e+00   1.386506e+01   4.485642e+00   1.174238e+05   3.589018e+04  -8.160429e+04   0.000000e+00   0.000000e+00   0.000000e+00   1.474304e+05   0.000000e+00  9.930820e-316  1.634369e-320
     1208000   1.207999e-05   1.518480e+00   1.386793e+01   4.479113e+00   1.174238e+05   3.589018e+04  -8.160429e+04   0.000000e+00   0.000000e+00   0.000000e+00   1.474304e+05   0.000000e+00  9.930820e-316  1.634369e-320
     1216000   1.215999e-05   1.527873e+00   1.387081e+01   4.472585e+00   1.174238e+05   3.589018e+04  -8.160429e+04   0.000000e+00   0.000000e+00   0.000000e+00   1.474304e+05   0.000000e+00  9.930820e-316  1.634369e-320
     1224000   1.223999e-05   1.537267e+00   1.387368e+01   4.466057e+00   1.174238e+05   3.589018e+04  -8.160429e+04   0.000000e+00   0.000000e+00   0.000000e+00   1.474304e+05   0.000000e+00  9.930820e-316  1.634369e-320
     1232000   1.231999e-05   1.546661e+00   1.387655e+01   4.459528e+00   1.174238e+05   3.589018e+04  -8.160429e+04   0.000000e+00   0.000000e+00   0.000000e+00   1.474304e+05   0.000000e+00  9.930820e-316  1.634369e-320
     1240000   1.239999e-05   1.556055e+00   1.387942e+01   4.453000e+00   1.174238e+05   3.589018e+04  -8.160429e+04   0.000000e+00   0.000000e+00   0.000000e+00   1.474304e+05   0.000000e+00  9.930820e-316  1.634369e-320
     1248000   1.247999e-05   1.565449e+00   1.388229e+01   4.446471e+00   1.174238e+05   3.589018e+04  -8.160429e+04   0.000000e+00   0.000000e+00   0.000000e+00   1.474304e+05   0.000000e+00  9.930820e-316  1.634369e-320
     1256000   1.255999e-05   1.574843e+00   1.388516e+01   4.439943e+00   1.174238e+05   3.589018e+04  -8.160429e+04   0.000000e+00   0.000000e+00   0.000000e+00   1.474304e+05   0.000000e+00  9.930820e-316  1.634369e-320
     1264000   1.263999e-05   1.584237e+00   1.388803e+01   4.433415e+00   1.174238e+05   3.589018e+04  -8.160429e+04   0.000000e+00   0.000000e+00   0.000000e+00   1.474304e+05   0.000000e+00  9.930820e-316  1.634369e-320
     1272000   1.271999e-05   1.593631e+00   1.389090e+01   4.426886e+00   1.174238e+05   3.589018e+04  -8.160429e+04   0.000000e+00   0.000000e+00   0.000000e+00   1.474304e+05   0.000000e+00  9.930820e-316  1.634369e-320
     1280000   1.279999e-05   1.603025e+00   1.389378e+01   4.420358e+00   1.174238e+05   3.589018e+04  -8.160429e+04   0.000000e+00   0.000000e+00   0.000000e+00   1.474304e+05   0.000000e+00  9.930820e-316  1.634369e-320
     1288000   1.287999e-05   1.612419e+00   1.389665e+01   4.413830e+00   1.174238e+05   3.589018e+04  -8.160429e+04   0.000000e+00   0.000000e+00   0.000000e+00   1.474304e+05   0.000000e+00  9.930820e-316  1.634369e-320
     1296000   1.295999e-05   1.621812e+00   1.389952e+01   4.407301e+00   1.174238e+05   3.589018e+04  -8.160429e+04   0.000000e+00   0.000000e+00   0.000000e+00   1.474304e+05   0.000000e+00  9.930820e-316  1.634369e-320
     1304000   1.303999e-05   1.631206e+00   1.390239e+01   4.400773e+00   1.174238e+05   3.589018e+04  -8.160429e+04   0.000000e+00   0.000000e+00   0.000000e+00   1.474304e+05   0.000000e+00  9.930820e-316  1.634369e-320
     1312000   1.311999e-05   1.640600e+00   1.390526e+01   4.394245e+00   1.174238e+05   3.589018e+04  -8.160429e+04   0.000000e+00   0.000000e+00   0.000000e+00   1.474304e+05   0.000000e+00  9.930820e-316  1.634369e-320
     1320000   1.319999e-05   1.649994e+00   1.390813e+01   4.387716e+00   1.174238e+05   3.589018e+04  -8.160429e+04   0.000000e+00   0.000000e+00   0.000000e+00   1.474304e+05   0.000000e+00  9.930820e-316  1.634369e-320
     1328000   1.327999e-05   1.659388e+00   1.391100e+01   4.381188e+00   1.174238e+05   3.589018e+04  -8.160429e+04   0.000000e+00   0.000000e+00   0.000000e+00   1.474304e+05   0.000000e+00  9.930820e-316  1.634369e-320
     1336000   1.335999e-05   1.668782e+00   1.391387e+01   4.374660e+00   1.174238e+05   3.589018e+04  -8.160429e+04   0.000000e+00   0.000000e+00   0.000000e+00   1.474304e+05   0.000000e+00  9.930820e-316  1.634369e-320
     1344000   1.343999e-05   1.678176e+00   1.391674e+01   4.368131e+00   1.174238e+05   3.589018e+04  -8.160429e+04   0.000000e+00   0.000000e+00   0.000000e+00   1.474304e+05   0.000000e+00  9.930820e-316  1.634369e-320
     1352000   1.351999e-05   1.687570e+00   1.391962e+01   4.361603e+00   1.174238e+05   3.589018e+04  -8.160429e+04   0.000000e+00   0.000000e+00   0.000000e+00   1.474304e+05   0.000000e+00  9.930820e-316  1.634369e-320
     1360000   1.359999e-05   1.696964e+00   1.392249e+01   4.355075e+00   1.174238e+05   3.589018e+04  -8.160429e+04   0.000000e+00   0.000000e+00   0.000000e+00   1.474304e+05   0.000000e+00  9.930820e-316  1.634369e-320
     1368000   1.367999e-05   1.706358e+00   1.392536e+01   4.348546e+00   1.174238e+05   3.589018e+04  -8.160429e+04   0.000000e+00   0.000000e+00   0.000000e+00   1.474304e+05   0.000000e+00  9.930820e-316  1.634369e-320
     1376000   1.375999e-05   1.715752e+00   1.392823e+01   4.342018e+00   1.174238e+05   3.589018e+04  -8.160429e+04   0.000000e+00   0.000000e+00   0.000000e+00   1.474304e+05   0.000000e+00  9.930820e-316  1.634369e-320
     1384000   1.383999e-05   1.725145e+00   1.393110e+01   4.335490e+00   1.174238e+05   3.589018e+04  -8.160429e+04   0.000000e+00   0.000000e+00   0.000000e+00   1.474304e+05   0.000000e+00  9.930820e-316  1.634369e-320
     1392000   1.391999e-05   1.734539e+00   1.393397e+01   4.328961e+00   1.174238e+05   3.589018e+04  -8.160429e+04   0.000000e+00   0.000000e+00   0.000000e+00   1.474304e+05   0.000000e+00  9.930820e-316  1.634369e-320
     1400000   1.399999e-05   1.743933e+00   1.393684e+01   4.322433e+00   1.174238e+05   3.589018e+04  -8.160429e+04   0.000000e+00   0.000000e+00   0.000000e+00   1.474304e+05   0.000000e+00  9.930820e-316  1.634369e-320
     1408000   1.407999e-05   1.753327e+00   1.393971e+01   4.315905e+00   1.174238e+05   3.589018e+04  -8.160429e+04   0.000000e+00   0.000000e+00   0.000000e+00   1.474304e+05   0.000000e+00  9.930820e-316  1.634369e-320
     1416000   1.415999e-05   1.762721e+00   1.394259e+01   4.309376e+00   1.174238e+05   3.589018e+04  -8.160429e+04   0.000000e+00   0.000000e+00   0.000000e+00   1.474304e+05   0.000000e+00  9.930820e-316  1.634369e-320
     1424000   1.423999e-05   1.772115e+00   1.394546e+01   4.302848e+00   1.174238e+05   3.589018e+04  -8.160429e+04   0.000000e+00   0.000000e+00   0.000000e+00   1.474304e+05   0.000000e+00  9.930820e-316  1.634369e-320
     1432000   1.431999e-05   1.781509e+00   1.394833e+01   4.296320e+00   1.174238e+05   3.589018e+04  -8.160429e+04   0.000000e+00   0.000000e+00   0.000000e+00   1.474304e+05   0.000000e+00  9.930820e-316  1.634369e-320
     1440000   1.439999e-05   1.790903e+00   1.395120e+01   4.289791e+00   1.174238e+05   3.589018e+04  -8.160429e+04   0.000000e+00   0.000000e+00   0.000000e+00   1.474304e+05   0.000000e+00  9.930820e-316  1.634369e-320
     1448000   1.447999e-05   1.800297e+00   1.395407e+01   4.283263e+00   1.174238e+05   3.589018e+04  -8.160429e+04   0.000000e+00   0.000000e+00   0.000000e+00   1.474304e+05   0.000000e+00  9.930820e-316  1.634369e-320
     1456000   1.455999e-05   1.809691e+00   1.395694e+01   4.276735e+00   1.174238e+05   3.589018e+04  -8.160429e+04   0.000000e+00   0.000000e+00   0.000000e+00   1.474304e+05   0.000000e+00  9.930820e-316  1.634369e-320
     1464000   1.463999e-05   1.819084e+00   1.395981e+01   4.270206e+00   1.174238e+05   3.589018e+04  -8.160429e+04   0.000000e+00   0.000000e+00   0.000000e+00   1.474304e+05   0.000000e+00  9.930820e-316  1.634369e-320
     1472000   1.471999e-05   1.828478e+00   1.396268e+01   4.263678e+00   1.174238e+05   3.589018e+04  -8.160429e+04   0.000000e+00   0.000000e+00   0.000000e+00   1.474304e+05   0.000000e+00  9.930820e-316  1.634369e-320
     1480000   1.479999e-05   1.837872e+00   1.396556e+01   4.257150e+00   1.174238e+05   3.589018e+04  -8.160429e+04   0.000000e+00   0.000000e+00   0.000000e+00   1.474304e+05   0.000000e+00  9.930820e-316  1.634369e-320
     1488000   1.487999e-05   1.847266e+00   1.396843e+01   4.250621e+00   1.174238e+05   3.589018e+04  -8.160429e+04   0.000000e+00   0.000000e+00   0.000000e+00   1.474304e+05   0.000000e+00  9.930820e-316  1.634369e-320
     1496000   1.495999e-05   1.856660e+00   1.397130e+01   4.244093e+00   1.174238e+05   3.589018e+04  -8.160429e+04   0.000000e+00   0.000000e+00   0.000000e+00   1.474304e+05   0.000000e+00  9.930820e-316  1.634369e-320
     1504000   1.503999e-05   1.866054e+00   1.397417e+01   4.237564e+00   1.174238e+05   3.589018e+04  -8.160429e+04   0.000000e+00   0.000000e+00   0.000000e+00   1.474304e+05   0.000000e+00  9.930820e-316  1.634369e-320
     1512000   1.511999e-05   1.875448e+00   1.397704e+01   4.231036e+00   1.174238e+05   3.589018e+04  -8.160429e+04   0.000000e+00   0.000000e+00   0.000000e+00   1.474304e+05   0.000000e+00  9.930820e-316  1.634369e-320
     1520000   1.519999e-05   1.884842e+00   1.397991e+01   4.224508e+00   1.174238e+05   3.589018e+04  -8.160429e+04   0.000000e+00   0.000000e+00   0.000000e+00   1.474304e+05   0.000000e+00  9.930820e-316  1.634369e-320
     1528000   1.527999e-05   1.894236e+00   1.398278e+01   4.217979e+00   1.174238e+05   3.589018e+04  -8.160429e+04   0.000000e+00   0.000000e+00   0.000000e+00   1.474304e+05   0.000000e+00  9.930820e-316  1.634369e-320
     1536000   1.535999e-05   1.903630e+00   1.398565e+01   4.211451e+00   1.174238e+05   3.589018e+04  -8.160429e+04   0.000000e+00   0.000000e+00   0.000000e+00   1.474304e+05   0.000000e+00  9.930820e-316  1.634369e-320
     1544000   1.543999e-05   1.913024e+00   1.398853e+01   4.204923e+00   1.174238e+05   3.589018e+04  -8.160429e+04   0.000000e+00   0.000000e+00   0.000000e+00   1.474304e+05   0.000000e+00  9.930820e-316  1.634369e-320
     1552000   1.551999e-05   1.922417e+00   1.399140e+01   4.198394e+00   1.174238e+05   3.589018e+04  -8.160429e+04   0.000000e+00   0.000000e+00   0.000000e+00   1.474304e+05   0.000000e+00  9.930820e-316  1.634369e-320
     1560000   1.559999e-05   1.931811e+00   1.399427e+01   4.191866e+00   1.174238e+05   3.589018e+04  -8.160429e+04   0.000000e+00   0.000000e+00   0.000000e+00   1.474304e+05   0.000000e+00  9.930820e-316  1.634369e-320
     1568000   1.567999e-05   1.941205e+00   1.399714e+01   4.185338e+00   1.174238e+05   3.589018e+04  -8.160429e+04   0.000000e+00   0.000000e+00   0.000000e+00   1.474304e+05   0.000000e+00  9.930820e-316  1.634369e-320
     1576000   1.575999e-05   1.950599e+00   1.400001e+01   4.178809e+00   1.174238e+05   3.589018e+04  -8.160429e+04   0.000000e+00   0.000000e+00   0.000000e+00   1.474304e+05   0.000000e+00  9.930820e-316  1.634369e-320
     1584000   1.583999e-05   1.959993e+00   1.400288e+01   4.172281e+00   1.174238e+05   3.589018e+04  -8.160429e+04   0.000000e+00   0.000000e+00   0.000000e+00   1.474304e+05   0.000000e+00  9.930820e-316  1.634369e-320
     1592000   1.591999e-05   1.969387e+00   1.400575e+01   4.165753e+00   1.174238e+05   3.589018e+04  -8.160429e+04   0.000000e+00   0.000000e+00   0.000000e+00   1.474304e+05   0.000000e+00  9.930820e-316  1.634369e-320
     1600000   1.599999e-05   1.978781e+00   1.400862e+01   4.159224e+00   1.174238e+05   3.589018e+04  -8.160429e+04   0.000000e+00   0.000000e+00   0.000000e+00   1.474304e+05   0.000000e+00  9.930820e-316  1.634369e-320
     1608000   1.607999e-05   1.988175e+00   1.401150e+01   4.152696e+00   1.174238e+05   3.589018e+04  -8.160429e+04   0.000000e+00   0.000000e+00   0.000000e+00   1.474304e+05   0.000000e+00  9.930820e-316  1.634369e-320
     1616000   1.615999e-05   1.997569e+00   1.401437e+01   4.146168e+00   1.174238e+05   3.589018e+04  -8.160429e+04   0.000000e+00   0.000000e+00   0.000000e+00   1.474304e+05   0.000000e+00  9.930820e-316  1.634369e-320
     1624000   1.623999e-05   2.006963e+00   1.401724e+01   4.139639e+00   1.174238e+05   3.589018e+04  -8.160429e+04   0.000000e+00   0.000000e+00   0.000000e+00   1.474304e+05   0.000000e+00  9.930820e-316  1.634369e-320
     1632000   1.631999e-05   2.016356e+00   1.402011e+01   4.133111e+00   1.174238e+05   3.589018e+04  -8.160429e+04   0.000000e+00   0.000000e+00   0.000000e+00   1.474304e+05   0.000000e+00  9.930820e-316  1.634369e-320
     1640000   1.639999e-05   2.025750e+00   1.402298e+01   4.126583e+00   1.174238e+05   3.589018e+04  -8.160429e+04   0.000000e+00   0.000000e+00   0.000000e+00   1.474304e+05   0.000000e+00  9.930820e-316  1.634369e-320
     1648000   1.647999e-05   2.035144e+00   1.402585e+01   4.120054e+00   1.174238e+05   3.589018e+04  -8.160429e+04   0.000000e+00   0.000000e+00   0.000000e+00   1.474304e+05   0.000000e+00  9.930820e-316  1.634369e-320
     1656000   1.655999e-05   2.044538e+00   1.402872e+01   4.113526e+00   1.174238e+05   3.589018e+04  -8.160429e+04   0.000000e+00   0.000000e+00   0.000000e+00   1.474304e+05   0.000000e+00  9.930820e-316  1.634369e-320
     1664000   1.663999e-05   2.053932e+00   1.403159e+01   4.106998e+00   1.174238e+05   3.589018e+04  -8.160429e+04   0.000000e+00   0.000000e+00   0.000000e+00   1.474304e+05   0.000000e+00  9.930820e-316  1.634369e-320
     1672000   1.671999e-05   2.063326e+00   1.403446e+01   4.100469e+00   1.174238e+05   3.589018e+04  -8.160429e+04   0.000000e+00   0.000000e+00   0.000000e+00   1.474304e+05   0.000000e+00  9.930820e-316  1.634369e-320
     1680000   1.679999e-05   2.072720e+00   1.403734e+01   4.093941e+00   1.174238e+05   3.589018e+04  -8.160429e+04   0.000000e+00   0.000000e+00   0.000000e+00   1.474304e+05   0.000000e+00  9.930820e-316  1.634369e-320
     1688000   1.687999e-05   2.082114e+00   1.404021e+01   4.087413e+00   1.174238e+05   3.589018e+04  -8.160429e+04   0.000000e+00   0.000000e+00   0.000000e+00   1.474304e+05   0.000000e+00  9.930820e-316  1.634369e-320
     1696000   1.695999e-05   2.091508e+00   1.404308e+01   4.080884e+00   1.174238e+05   3.589018e+04  -8.160429e+04   0.000000e+00   0.000000e+00   0.000000e+00   1.474304e+05   0.000000e+00  9.930820e-316  1.634369e-320
     1704000   1.703999e-05   2.100902e+00   1.404595e+01   4.074356e+00   1.174238e+05   3.589018e+04  -8.160429e+04   0.000000e+00   0.000000e+00   0.000000e+00   1.474304e+05   0.000000e+00  9.930820e-316  1.634369e-320
     1712000   1.711999e-05   2.110296e+00   1.404882e+01   4.067828e+00   1.174238e+05   3.589018e+04  -8.160429e+04   0.000000e+00   0.000000e+00   0.000000e+00   1.474304e+05   0.000000e+00  9.930820e-316  1.634369e-320
     1720000   1.719999e-05   2.119689e+00   1.405169e+01   4.061299e+00   1.174238e+05   3.589018e+04  -8.160429e+04   0.000000e+00   0.000000e+00   0.000000e+00   1.474304e+05   0.000000e+00  9.930820e-316  1.634369e-320
     1728000   1.727999e-05   2.129083e+00   1.405456e+01   4.054771e+00   1.174238e+05   3.589018e+04  -8.160429e+04   0.000000e+00   0.000000e+00   0.000000e+00   1.474304e+05   0.000000e+00  9.930820e-316  1.634369e-320
     1736000   1.735999e-05   2.138477e+00   1.405743e+01   4.048243e+00   1.174238e+05   3.589018e+04  -8.160429e+04   0.000000e+00   0.000000e+00   0.000000e+00   1.474304e+05   0.000000e+00  9.930820e-316  1.634369e-320
     1744000   1.743999e-05   2.147871e+00   1.406031e+01   4.041714e+00   1.174238e+05   3.589018e+04  -8.160429e+04   0.000000e+00   0.000000e+00   0.000000e+00   1.474304e+05   0.000000e+00  9.930820e-316  1.634369e-320
     1752000   1.751999e-05   2.157265e+00   1.406318e+01   4.035186e+00   1.174238e+05   3.589018e+04  -8.160429e+04   0.000000e+00   0.000000e+00   0.000000e+00   1.474304e+05   0.000000e+00  9.930820e-316  1.634369e-320
     1760000   1.759999e-05   2.166659e+00   1.406605e+01   4.028658e+00   1.174238e+05   3.589018e+04  -8.160429e+04   0.000000e+00   0.000000e+00   0.000000e+00   1.474304e+05   0.000000e+00  9.930820e-316  1.634369e-320
     1768000   1.767999e-05   2.176053e+00   1.406892e+01   4.022129e+00   1.174238e+05   3.589018e+04  -8.160429e+04   0.000000e+00   0.000000e+00   0.000000e+00   1.474304e+05   0.000000e+00  9.930820e-316  1.634369e-320
     1776000   1.775999e-05   2.185447e+00   1.407179e+01   4.015601e+00   1.174238e+05   3.589018e+04  -8.160429e+04   0.000000e+00   0.000000e+00   0.000000e+00   1.474304e+05   0.000000e+00  9.930820e-316  1.634369e-320
     1784000   1.783999e-05   2.194841e+00   1.407466e+01   4.009072e+00   1.174238e+05   3.589018e+04  -8.160429e+04   0.000000e+00   0.000000e+00   0.000000e+00   1.474304e+05   0.000000e+00  9.930820e-316  1.634369e-320
     1792000   1.791999e-05   2.204235e+00   1.407753e+01   4.002544e+00   1.174238e+05   3.589018e+04  -8.160429e+04   0.000000e+00   0.000000e+00   0.000000e+00   1.474304e+05   0.000000e+00  9.930820e-316  1.634369e-320
     1800000   1.799999e-05   2.213628e+00   1.408040e+01   3.996016e+00   1.174238e+05   3.589018e+04  -8.160429e+04   0.000000e+00   0.000000e+00   0.000000e+00   1.474304e+05   0.000000e+00  9.930820e-316  1.634369e-320
     1808000   1.807999e-05   2.223022e+00   1.408328e+01   3.989487e+00   1.174238e+05   3.589018e+04  -8.160429e+04   0.000000e+00   0.000000e+00   0.000000e+00   1.474304e+05   0.000000e+00  9.930820e-316  1.634369e-320
     1816000   1.815999e-05   2.232416e+00   1.408615e+01   3.982959e+00   1.174238e+05   3.589018e+04  -8.160429e+04   0.000000e+00   0.000000e+00   0.000000e+00   1.474304e+05   0.000000e+00  9.930820e-316  1.634369e-320
     1824000   1.823999e-05   2.241810e+00   1.408902e+01   3.976431e+00   1.174238e+05   3.589018e+04  -8.160429e+04   0.000000e+00   0.000000e+00   0.000000e+00   1.474304e+05   0.000000e+00  9.930820e-316  1.634369e-320
     1832000   1.831999e-05   2.251204e+00   1.409189e+01   3.969902e+00   1.174238e+05   3.589018e+04  -8.160429e+04   0.000000e+00   0.000000e+00   0.000000e+00   1.474304e+05   0.000000e+00  9.930820e-316  1.634369e-320
     1840000   1.839999e-05   2.260598e+00   1.409476e+01   3.963374e+00   1.174238e+05   3.589018e+04  -8.160429e+04   0.000000e+00   0.000000e+00   0.000000e+00   1.474304e+05   0.000000e+00  9.930820e-316  1.634369e-320
     1848000   1.847999e-05   2.269992e+00   1.409763e+01   3.956846e+00   1.174238e+05   3.589018e+04  -8.160429e+04   0.000000e+00   0.000000e+00   0.000000e+00   1.474304e+05   0.000000e+00  9.930820e-316  1.634369e-320
     1856000   1.855999e-05   2.279386e+00   1.410050e+01   3.950317e+00   1.174238e+05   3.589018e+04  -8.160429e+04   0.000000e+00   0.000000e+00   0.000000e+00   1.474304e+05   0.000000e+00  9.930820e-316  1.634369e-320
     1864000   1.863999e-05   2.288780e+00   1.410337e+01   3.943789e+00   1.174238e+05   3.589018e+04  -8.160429e+04   0.000000e+00   0.000000e+00   0.000000e+00   1.474304e+05   0.000000e+00  9.930820e-316  1.634369e-320
     1872000   1.871999e-05   2.298174e+00   1.410625e+01   3.937261e+00   1.174238e+05   3.589018e+04  -8.160429e+04   0.000000e+00   0.000000e+00   0.000000e+00   1.474304e+05   0.000000e+00  9.930820e-316  1.634369e-320
     1880000   1.879999e-05   2.307567e+00   1.410912e+01   3.930732e+00   1.174238e+05   3.589018e+04  -8.160429e+04   0.000000e+00   0.000000e+00   0.000000e+00   1.474304e+05   0.000000e+00  9.930820e-316  1.634369e-320
     1888000   1.887999e-05   2.316961e+00   1.411199e+01   3.924204e+00   1.174238e+05   3.589018e+04  -8.160429e+04   0.000000e+00   0.000000e+00   0.000000e+00   1.474304e+05   0.000000e+00  9.930820e-316  1.634369e-320
     1896000   1.895999e-05   2.326355e+00   1.411486e+01   3.917676e+00   1.174238e+05   3.589018e+04  -8.160429e+04   0.000000e+00   0.000000e+00   0.000000e+00   1.474304e+05   0.000000e+00  9.930820e-316  1.634369e-320
     1904000   1.903999e-05   2.335749e+00   1.411773e+01   3.911147e+00   1.174238e+05   3.589018e+04  -8.160429e+04   0.000000e+00   0.000000e+00   0.000000e+00   1.474304e+05   0.000000e+00  9.930820e-316  1.634369e-320
     1912000   1.911999e-05   2.345143e+00   1.412060e+01   3.904619e+00   1.174238e+05   3.589018e+04  -8.160429e+04   0.000000e+00   0.000000e+00   0.000000e+00   1.474304e+05   0.000000e+00  9.930820e-316  1.634369e-320
     1920000   1.919999e-05   2.354537e+00   1.412347e+01   3.898091e+00   1.174238e+05   3.589018e+04  -8.160429e+04   0.000000e+00   0.000000e+00   0.000000e+00   1.474304e+05   0.000000e+00  9.930820e-316  1.634369e-320
     1928000   1.927999e-05   2.363931e+00   1.412634e+01   3.891562e+00   1.174238e+05   3.589018e+04  -8.160429e+04   0.000000e+00   0.000000e+00   0.000000e+00   1.474304e+05   0.000000e+00  9.930820e-316  1.634369e-320
     1936000   1.935999e-05   2.373325e+00   1.412921e+01   3.885034e+00   1.174238e+05   3.589018e+04  -8.160429e+04   0.000000e+00   0.000000e+00   0.000000e+00   1.474304e+05   0.000000e+00  9.930820e-316  1.634369e-320
     1944000   1.943999e-05   2.382719e+00   1.413209e+01   3.878506e+00   1.174238e+05   3.589018e+04  -8.160429e+04   0.000000e+00   0.000000e+00   0.000000e+00   1.474304e+05   0.000000e+00  9.930820e-316  1.634369e-320
     1952000   1.951999e-05   2.392113e+00   1.413496e+01   3.871977e+00   1.174238e+05   3.589018e+04  -8.160429e+04   0.000000e+00   0.000000e+00   0.000000e+00   1.474304e+05   0.000000e+00  9.930820e-316  1.634369e-320
     1960000   1.959999e-05   2.401507e+00   1.413783e+01   3.865449e+00   1.174238e+05   3.589018e+04  -8.160429e+04   0.000000e+00   0.000000e+00   0.000000e+00   1.474304e+05   0.000000e+00  9.930820e-316  1.634369e-320
     1968000   1.967999e-05   2.410900e+00   1.414070e+01   3.858921e+00   1.174238e+05   3.589018e+04  -8.160429e+04   0.000000e+00   0.000000e+00   0.000000e+00   1.474304e+05   0.000000e+00  9.930820e-316  1.634369e-320
     1976000   1.975999e-05   2.420294e+00   1.414357e+01   3.852392e+00   1.174238e+05   3.589018e+04  -8.160429e+04   0.000000e+00   0.000000e+00   0.000000e+00   1.474304e+05   0.000000e+00  9.930820e-316  1.634369e-320
     1984000   1.983999e-05   2.429688e+00   1.414644e+01   3.845864e+00   1.174238e+05   3.589018e+04  -8.160429e+04   0.000000e+00   0.000000e+00   0.000000e+00   1.474304e+05   0.000000e+00  9.930820e-316  1.634369e-320
     1992000   1.991999e-05   2.439082e+00   1.414931e+01   3.839336e+00   1.174238e+05   3.589018e+04  -8.160429e+04   0.000000e+00   0.000000e+00   0.000000e+00   1.474304e+05   0.000000e+00  9.930820e-316  1.634369e-320
     2000000   1.999999e-05   2.448476e+00   1.415218e+01   3.832807e+00   1.174238e+05   3.589018e+04  -8.160429e+04   0.000000e+00   0.000000e+00   0.000000e+00   1.474304e+05   0.000000e+00  9.930820e-316  1.634369e-320
     2008000   2.007999e-05   2.457870e+00   1.415506e+01   3.826279e+00   1.174238e+05   3.589018e+04  -8.160429e+04   0.000000e+00   0.000000e+00   0.000000e+00   1.474304e+05   0.000000e+00  9.930820e-316  1.634369e-320
     2016000   2.015999e-05   2.467264e+00   1.415793e+01   3.819751e+00   1.174238e+05   3.589018e+04  -8.160429e+04   0.000000e+00   0.000000e+00   0.000000e+00   1.474304e+05   0.000000e+00  9.930820e-316  1.634369e-320
     2024000   2.023999e-05   2.476658e+00   1.416080e+01   3.813222e+00   1.174238e+05   3.589018e+04  -8.160429e+04   0.000000e+00   0.000000e+00   0.000000e+00   1.474304e+05   0.000000e+00  9.930820e-316  1.634369e-320
     2032000   2.031999e-05   2.486052e+00   1.416367e+01   3.806694e+00   1.174238e+05   3.589018e+04  -8.160429e+04   0.000000e+00   0.000000e+00   0.000000e+00   1.474304e+05   0.000000e+00  9.930820e-316  1.634369e-320
     2040000   2.039999e-05   2.495446e+00   1.416654e+01   3.800166e+00   1.174238e+05   3.589018e+04  -8.160429e+04   0.000000e+00   0.000000e+00   0.000000e+00   1.474304e+05   0.000000e+00  9.930820e-316  1.634369e-320
     2048000   2.047999e-05   2.504839e+00   1.416941e+01   3.793637e+00   1.174238e+05   3.589018e+04  -8.160429e+04   0.000000e+00   0.000000e+00   0.000000e+00   1.474304e+05   0.000000e+00  9.930820e-316  1.634369e-320
     2056000   2.055999e-05   2.514233e+00   1.417228e+01   3.787109e+00   1.174238e+05   3.589018e+04  -8.160429e+04   0.000000e+00   0.000000e+00   0.000000e+00   1.474304e+05   0.000000e+00  9.930820e-316  1.634369e-320
     2064000   2.063999e-05   2.523627e+00   1.417515e+01   3.780580e+00   1.174238e+05   3.589018e+04  -8.160429e+04   0.000000e+00   0.000000e+00   0.000000e+00   1.474304e+05   0.000000e+00  9.930820e-316  1.634369e-320
     2072000   2.071999e-05   2.533021e+00   1.417803e+01   3.774052e+00   1.174238e+05   3.589018e+04  -8.160429e+04   0.000000e+00   0.000000e+00   0.000000e+00   1.474304e+05   0.000000e+00  9.930820e-316  1.634369e-320
     2080000   2.079999e-05   2.542415e+00   1.418090e+01   3.767524e+00   1.174238e+05   3.589018e+04  -8.160429e+04   0.000000e+00   0.000000e+00   0.000000e+00   1.474304e+05   0.000000e+00  9.930820e-316  1.634369e-320
     2088000   2.087999e-05   2.551809e+00   1.418377e+01   3.760995e+00   1.174238e+05   3.589018e+04  -8.160429e+04   0.000000e+00   0.000000e+00   0.000000e+00   1.474304e+05   0.000000e+00  9.930820e-316  1.634369e-320
     2096000   2.095999e-05   2.561203e+00   1.418664e+01   3.754467e+00   1.174238e+05   3.589018e+04  -8.160429e+04   0.000000e+00   0.000000e+00   0.000000e+00   1.474304e+05   0.000000e+00  9.930820e-316  1.634369e-320
     2104000   2.103999e-05   2.570597e+00   1.418951e+01   3.747939e+00   1.174238e+05   3.589018e+04  -8.160429e+04   0.000000e+00   0.000000e+00   0.000000e+00   1.474304e+05   0.000000e+00  9.930820e-316  1.634369e-320
     2112000   2.111999e-05   2.579991e+00   1.419238e+01   3.741410e+00   1.174238e+05   3.589018e+04  -8.160429e+04   0.000000e+00   0.000000e+00   0.000000e+00   1.474304e+05   0.000000e+00  9.930820e-316  1.634369e-320
     2120000   2.119999e-05   2.589385e+00   1.419525e+01   3.734882e+00   1.174238e+05   3.589018e+04  -8.160429e+04   0.000000e+00   0.000000e+00   0.000000e+00   1.474304e+05   0.000000e+00  9.930820e-316  1.634369e-320
     2128000   2.127999e-05   2.598779e+00   1.419812e+01   3.728354e+00   1.174238e+05   3.589018e+04  -8.160429e+04   0.000000e+00   0.000000e+00   0.000000e+00   1.474304e+05   0.000000e+00  9.930820e-316  1.634369e-320
     2136000   2.135999e-05   2.608172e+00   1.420100e+01   3.721825e+00   1.174238e+05   3.589018e+04  -8.160429e+04   0.000000e+00   0.000000e+00   0.000000e+00   1.474304e+05   0.000000e+00  9.930820e-316  1.634369e-320
     2144000   2.143999e-05   2.617566e+00   1.420387e+01   3.715297e+00   1.174238e+05   3.589018e+04  -8.160429e+04   0.000000e+00   0.000000e+00   0.000000e+00   1.474304e+05   0.000000e+00  9.930820e-316  1.634369e-320
     2152000   2.151999e-05   2.626960e+00   1.420674e+01   3.708769e+00   1.174238e+05   3.589018e+04  -8.160429e+04   0.000000e+00   0.000000e+00   0.000000e+00   1.474304e+05   0.000000e+00  9.930820e-316  1.634369e-320
     2160000   2.159999e-05   2.636354e+00   1.420961e+01   3.702240e+00   1.174238e+05   3.589018e+04  -8.160429e+04   0.000000e+00   0.000000e+00   0.000000e+00   1.474304e+05   0.000000e+00  9.930820e-316  1.634369e-320
     2168000   2.167999e-05   2.645748e+00   1.421248e+01   3.695712e+00   1.174238e+05   3.589018e+04  -8.160429e+04   0.000000e+00   0.000000e+00   0.000000e+00   1.474304e+05   0.000000e+00  9.930820e-316  1.634369e-320
     2176000   2.175999e-05   2.655142e+00   1.421535e+01   3.689184e+00   1.174238e+05   3.589018e+04  -8.160429e+04   0.000000e+00   0.000000e+00   0.000000e+00   1.474304e+05   0.000000e+00  9.930820e-316  1.634369e-320
     2184000   2.183999e-05   2.664536e+00   1.421822e+01   3.682655e+00   1.174238e+05   3.589018e+04  -8.160429e+04   0.000000e+00   0.000000e+00   0.000000e+00   1.474304e+05   0.000000e+00  9.930820e-316  1.634369e-320
     2192000   2.191999e-05   2.673930e+00   1.422109e+01   3.676127e+00   1.174238e+05   3.589018e+04  -8.160429e+04   0.000000e+00   0.000000e+00   0.000000e+00   1.474304e+05   0.000000e+00  9.930820e-316  1.634369e-320
     2200000   2.199999e-05   2.683324e+00   1.422396e+01   3.669599e+00   1.174238e+05   3.589018e+04  -8.160429e+04   0.000000e+00   0.000000e+00   0.000000e+00   1.474304e+05   0.000000e+00  9.930820e-316  1.634369e-320
     2208000   2.207999e-05   2.692718e+00   1.422684e+01   3.663070e+00   1.174238e+05   3.589018e+04  -8.160429e+04   0.000000e+00   0.000000e+00   0.000000e+00   1.474304e+05   0.000000e+00  9.930820e-316  1.634369e-320
     2216000   2.215999e-05   2.702111e+00   1.422971e+01   3.656542e+00   1.174238e+05   3.589018e+04  -8.160429e+04   0.000000e+00   0.000000e+00   0.000000e+00   1.474304e+05   0.000000e+00  9.930820e-316  1.634369e-320
     2224000   2.223999e-05   2.711505e+00   1.423258e+01   3.650014e+00   1.174238e+05   3.589018e+04  -8.160429e+04   0.000000e+00   0.000000e+00   0.000000e+00   1.474304e+05   0.000000e+00  9.930820e-316  1.634369e-320
     2232000   2.231999e-05   2.720899e+00   1.423545e+01   3.643485e+00   1.174238e+05   3.589018e+04  -8.160429e+04   0.000000e+00   0.000000e+00   0.000000e+00   1.474304e+05   0.000000e+00  9.930820e-316  1.634369e-320
     2240000   2.239999e-05   2.730293e+00   1.423832e+01   3.636957e+00   1.174238e+05   3.589018e+04  -8.160429e+04   0.000000e+00   0.000000e+00   0.000000e+00   1.474304e+05   0.000000e+00  9.930820e-316  1.634369e-320
     2248000   2.247999e-05   2.739687e+00   1.424119e+01   3.630429e+00   1.174238e+05   3.589018e+04  -8.160429e+04   0.000000e+00   0.000000e+00   0.000000e+00   1.474304e+05   0.000000e+00  9.930820e-316  1.634369e-320
     2256000   2.255999e-05   2.749081e+00   1.424406e+01   3.623900e+00   1.174238e+05   3.589018e+04  -8.160429e+04   0.000000e+00   0.000000e+00   0.000000e+00   1.474304e+05   0.000000e+00  9.930820e-316  1.634369e-320
     2264000   2.263999e-05   2.758475e+00   1.424693e+01   3.617372e+00   1.174238e+05   3.589018e+04  -8.160429e+04   0.000000e+00   0.000000e+00   0.000000e+00   1.474304e+05   0.000000e+00  9.930820e-316  1.634369e-320
     2272000   2.271999e-05   2.767869e+00   1.424981e+01   3.610844e+00   1.174238e+05   3.589018e+04  -8.160429e+04   0.000000e+00   0.000000e+00   0.000000e+00   1.474304e+05   0.000000e+00  9.930820e-316  1.634369e-320
     2280000   2.279999e-05   2.777263e+00   1.425268e+01   3.604315e+00   1.174238e+05   3.589018e+04  -8.160429e+04   0.000000e+00   0.000000e+00   0.000000e+00   1.474304e+05   0.000000e+00  9.930820e-316  1.634369e-320
     2288000   2.287999e-05   2.786657e+00   1.425555e+01   3.597787e+00   1.174238e+05   3.589018e+04  -8.160429e+04   0.000000e+00   0.000000e+00   0.000000e+00   1.474304e+05   0.000000e+00  9.930820e-316  1.634369e-320
     2296000   2.295999e-05   2.796051e+00   1.425842e+01   3.591259e+00   1.174238e+05   3.589018e+04  -8.160429e+04   0.000000e+00   0.000000e+00   0.000000e+00   1.474304e+05   0.000000e+00  9.930820e-316  1.634369e-320
     2304000   2.303999e-05   2.805444e+00   1.426129e+01   3.584730e+00   1.174238e+05   3.589018e+04  -8.160429e+04   0.000000e+00   0.000000e+00   0.000000e+00   1.474304e+05   0.000000e+00  9.930820e-316  1.634369e-320
     2312000   2.311999e-05   2.814838e+00   1.426416e+01   3.578202e+00   1.174238e+05   3.589018e+04  -8.160429e+04   0.000000e+00   0.000000e+00   0.000000e+00   1.474304e+05   0.000000e+00  9.930820e-316  1.634369e-320
     2320000   2.319999e-05   2.824232e+00   1.426703e+01   3.571673e+00   1.174238e+05   3.589018e+04  -8.160429e+04   0.000000e+00   0.000000e+00   0.000000e+00   1.474304e+05   0.000000e+00  9.930820e-316  1.634369e-320
     2328000   2.327999e-05   2.833626e+00   1.426990e+01   3.565145e+00   1.174238e+05   3.589018e+04  -8.160429e+04   0.000000e+00   0.000000e+00   0.000000e+00   1.474304e+05   0.000000e+00  9.930820e-316  1.634369e-320
     2336000   2.335999e-05   2.843020e+00   1.427278e+01   3.558617e+00   1.174238e+05   3.589018e+04  -8.160429e+04   0.000000e+00   0.000000e+00   0.000000e+00   1.474304e+05   0.000000e+00  9.930820e-316  1.634369e-320
     2344000   2.343999e-05   2.852414e+00   1.427565e+01   3.552088e+00   1.174238e+05   3.589018e+04  -8.160429e+04   0.000000e+00   0.000000e+00   0.000000e+00   1.474304e+05   0.000000e+00  9.930820e-316  1.634369e-320
     2352000   2.351999e-05   2.861808e+00   1.427852e+01   3.545560e+00   1.174238e+05   3.589018e+04  -8.160429e+04   0.000000e+00   0.000000e+00   0.000000e+00   1.474304e+05   0.000000e+00  9.930820e-316  1.634369e-320
     2360000   2.359999e-05   2.871202e+00   1.428139e+01   3.539032e+00   1.174238e+05   3.589018e+04  -8.160429e+04   0.000000e+00   0.000000e+00   0.000000e+00   1.474304e+05   0.000000e+00  9.930820e-316  1.634369e-320
     2368000   2.367999e-05   2.880596e+00   1.428426e+01   3.532503e+00   1.174238e+05   3.589018e+04  -8.160429e+04   0.000000e+00   0.000000e+00   0.000000e+00   1.474304e+05   0.000000e+00  9.930820e-316  1.634369e-320
     2376000   2.375999e-05   2.889990e+00   1.428713e+01   3.525975e+00   1.174238e+05   3.589018e+04  -8.160429e+04   0.000000e+00   0.000000e+00   0.000000e+00   1.474304e+05   0.000000e+00  9.930820e-316  1.634369e-320
     2384000   2.383999e-05   2.899383e+00   1.429000e+01   3.519447e+00   1.174238e+05   3.589018e+04  -8.160429e+04   0.000000e+00   0.000000e+00   0.000000e+00   1.474304e+05   0.000000e+00  9.930820e-316  1.634369e-320
     2392000   2.391999e-05   2.908777e+00   1.429287e+01   3.512918e+00   1.174238e+05   3.589018e+04  -8.160429e+04   0.000000e+00   0.000000e+00   0.000000e+00   1.474304e+05   0.000000e+00  9.930820e-316  1.634369e-320
     2400000   2.399999e-05   2.918171e+00   1.429575e+01   3.506390e+00   1.174238e+05   3.589018e+04  -8.160429e+04   0.000000e+00   0.000000e+00   0.000000e+00   1.474304e+05   0.000000e+00  9.930820e-316  1.634369e-320
     2408000   2.407999e-05   2.927565e+00   1.429862e+01   3.499862e+00   1.174238e+05   3.589018e+04  -8.160429e+04   0.000000e+00   0.000000e+00   0.000000e+00   1.474304e+05   0.000000e+00  9.930820e-316  1.634369e-320
     2416000   2.415999e-05   2.936959e+00   1.430149e+01   3.493333e+00   1.174238e+05   3.589018e+04  -8.160429e+04   0.000000e+00   0.000000e+00   0.000000e+00   1.474304e+05   0.000000e+00  9.930820e-316  1.634369e-320
     2424000   2.423999e-05   2.946353e+00   1.430436e+01   3.486805e+00   1.174238e+05   3.589018e+04  -8.160429e+04   0.000000e+00   0.000000e+00   0.000000e+00   1.474304e+05   0.000000e+00  9.930820e-316  1.634369e-320
     2432000   2.431999e-05   2.955747e+00   1.430723e+01   3.480277e+00   1.174238e+05   3.589018e+04  -8.160429e+04   0.000000e+00   0.000000e+00   0.000000e+00   1.474304e+05   0.000000e+00  9.930820e-316  1.634369e-320
     2440000   2.439999e-05   2.965141e+00   1.431010e+01   3.473748e+00   1.174238e+05   3.589018e+04  -8.160429e+04   0.000000e+00   0.000000e+00   0.000000e+00   1.474304e+05   0.000000e+00  9.930820e-316  1.634369e-320
     2448000   2.447999e-05   2.974535e+00   1.431297e+01   3.467220e+00   1.174238e+05   3.589018e+04  -8.160429e+04   0.000000e+00   0.000000e+00   0.000000e+00   1.474304e+05   0.000000e+00  9.930820e-316  1.634369e-320
     2456000   2.455999e-05   2.983929e+00   1.431584e+01   3.460692e+00   1.174238e+05   3.589018e+04  -8.160429e+04   0.000000e+00   0.000000e+00   0.000000e+00   1.474304e+05   0.000000e+00  9.930820e-316  1.634369e-320
     2464000   2.463999e-05   2.993323e+00   1.431871e+01   3.454163e+00   1.174238e+05   3.589018e+04  -8.160429e+04   0.000000e+00   0.000000e+00   0.000000e+00   1.474304e+05   0.000000e+00  9.930820e-316  1.634369e-320
     2472000   2.471999e-05   3.002716e+00   1.432159e+01   3.447635e+00   1.174238e+05   3.589018e+04  -8.160429e+04   0.000000e+00   0.000000e+00   0.000000e+00   1.474304e+05   0.000000e+00  9.930820e-316  1.634369e-320
     2480000   2.479999e-05   3.012110e+00   1.432446e+01   3.441107e+00   1.174238e+05   3.589018e+04  -8.160429e+04   0.000000e+00   0.000000e+00   0.000000e+00   1.474304e+05   0.000000e+00  9.930820e-316  1.634369e-320
     2488000   2.487999e-05   3.021504e+00   1.432733e+01   3.434578e+00   1.174238e+05   3.589018e+04  -8.160429e+04   0.000000e+00   0.000000e+00   0.000000e+00   1.474304e+05   0.000000e+00  9.930820e-316  1.634369e-320
     2496000   2.495999e-05   3.030898e+00   1.433020e+01   3.428050e+00   1.174238e+05   3.589018e+04  -8.160429e+04   0.000000e+00   0.000000e+00   0.000000e+00   1.474304e+05   0.000000e+00  9.930820e-316  1.634369e-320
     2504000   2.503999e-05   3.040292e+00   1.433307e+01   3.421522e+00   1.174238e+05   3.589018e+04  -8.160429e+04   0.000000e+00   0.000000e+00   0.000000e+00   1.474304e+05   0.000000e+00  9.930820e-316  1.634369e-320
     2512000   2.511999e-05   3.049686e+00   1.433594e+01   3.414993e+00   1.174238e+05   3.589018e+04  -8.160429e+04   0.000000e+00   0.000000e+00   0.000000e+00   1.474304e+05   0.000000e+00  9.930820e-316  1.634369e-320
     2520000   2.519999e-05   3.059080e+00   1.433881e+01   3.408465e+00   1.174238e+05   3.589018e+04  -8.160429e+04   0.000000e+00   0.000000e+00   0.000000e+00   1.474304e+05   0.000000e+00  9.930820e-316  1.634369e-320
     2528000   2.527999e-05   3.068474e+00   1.434168e+01   3.401937e+00   1.174238e+05   3.589018e+04  -8.160429e+04   0.000000e+00   0.000000e+00   0.000000e+00   1.474304e+05   0.000000e+00  9.930820e-316  1.634369e-320
     2536000   2.535999e-05   3.077868e+00   1.434456e+01   3.395408e+00   1.174238e+05   3.589018e+04  -8.160429e+04   0.000000e+00   0.000000e+00   0.000000e+00   1.474304e+05   0.000000e+00  9.930820e-316  1.634369e-320
     2544000   2.543999e-05   3.087262e+00   1.434743e+01   3.388880e+00   1.174238e+05   3.589018e+04  -8.160429e+04   0.000000e+00   0.000000e+00   0.000000e+00   1.474304e+05   0.000000e+00  9.930820e-316  1.634369e-320
     2552000   2.551999e-05   3.096655e+00   1.435030e+01   3.382352e+00   1.174238e+05   3.589018e+04  -8.160429e+04   0.000000e+00   0.000000e+00   0.000000e+00   1.474304e+05   0.000000e+00  9.930820e-316  1.634369e-320
     2560000   2.559999e-05   3.106049e+00   1.435317e+01   3.375823e+00   1.174238e+05   3.589018e+04  -8.160429e+04   0.000000e+00   0.000000e+00   0.000000e+00   1.474304e+05   0.000000e+00  9.930820e-316  1.634369e-320
     2568000   2.567999e-05   3.115443e+00   1.435604e+01   3.369295e+00   1.174238e+05   3.589018e+04  -8.160429e+04   0.000000e+00   0.000000e+00   0.000000e+00   1.474304e+05   0.000000e+00  9.930820e-316  1.634369e-320
     2576000   2.575999e-05   3.124837e+00   1.435891e+01   3.362767e+00   1.174238e+05   3.589018e+04  -8.160429e+04   0.000000e+00   0.000000e+00   0.000000e+00   1.474304e+05   0.000000e+00  9.930820e-316  1.634369e-320
     2584000   2.583999e-05   3.134231e+00   1.436178e+01   3.356238e+00   1.174238e+05   3.589018e+04  -8.160429e+04   0.000000e+00   0.000000e+00   0.000000e+00   1.474304e+05   0.000000e+00  9.930820e-316  1.634369e-320
     2592000   2.591999e-05   3.143625e+00   1.436465e+01   3.349710e+00   1.174238e+05   3.589018e+04  -8.160429e+04   0.000000e+00   0.000000e+00   0.000000e+00   1.474304e+05   0.000000e+00  9.930820e-316  1.634369e-320
     2600000   2.599999e-05   3.153019e+00   1.436753e+01   3.343181e+00   1.174238e+05   3.589018e+04  -8.160429e+04   0.000000e+00   0.000000e+00   0.000000e+00   1.474304e+05   0.000000e+00  9.930820e-316  1.634369e-320
     2608000   2.607999e-05   3.162413e+00   1.437040e+01   3.336653e+00   1.174238e+05   3.589018e+04  -8.160429e+04   0.000000e+00   0.000000e+00   0.000000e+00   1.474304e+05   0.000000e+00  9.930820e-316  1.634369e-320
     2616000   2.615999e-05   3.171807e+00   1.437327e+01   3.330125e+00   1.174238e+05   3.589018e+04  -8.160429e+04   0.000000e+00   0.000000e+00   0.000000e+00   1.474304e+05   0.000000e+00  9.930820e-316  1.634369e-320
     2624000   2.623999e-05   3.181201e+00   1.437614e+01   3.323596e+00   1.174238e+05   3.589018e+04  -8.160429e+04   0.000000e+00   0.000000e+00   0.000000e+00   1.474304e+05   0.000000e+00  9.930820e-316  1.634369e-320
     2632000   2.631999e-05   3.190594e+00   1.437901e+01   3.317068e+00   1.174238e+05   3.589018e+04  -8.160429e+04   0.000000e+00   0.000000e+00   0.000000e+00   1.474304e+05   0.000000e+00  9.930820e-316  1.634369e-320
     2640000   2.639999e-05   3.199988e+00   1.438188e+01   3.310540e+00   1.174238e+05   3.589018e+04  -8.160429e+04   0.000000e+00   0.000000e+00   0.000000e+00   1.474304e+05   0.000000e+00  9.930820e-316  1.634369e-320
     2648000   2.647999e-05   3.209382e+00   1.438475e+01   3.304011e+00   1.174238e+05   3.589018e+04  -8.160429e+04   0.000000e+00   0.000000e+00   0.000000e+00   1.474304e+05   0.000000e+00  9.930820e-316  1.634369e-320
     2656000   2.655999e-05   3.218776e+00   1.438762e+01   3.297483e+00   1.174238e+05   3.589018e+04  -8.160429e+04   0.000000e+00   0.000000e+00   0.000000e+00   1.474304e+05   0.000000e+00  9.930820e-316  1.634369e-320
     2664000   2.663999e-05   3.228170e+00   1.439050e+01   3.290955e+00   1.174238e+05   3.589018e+04  -8.160429e+04   0.000000e+00   0.000000e+00   0.000000e+00   1.474304e+05   0.000000e+00  9.930820e-316  1.634369e-320
     2672000   2.671999e-05   3.237564e+00   1.439337e+01   3.284426e+00   1.174238e+05   3.589018e+04  -8.160429e+04   0.000000e+00   0.000000e+00   0.000000e+00   1.474304e+05   0.000000e+00  9.930820e-316  1.634369e-320
     2680000   2.679999e-05   3.246958e+00   1.439624e+01   3.277898e+00   1.174238e+05   3.589018e+04  -8.160429e+04   0.000000e+00   0.000000e+00   0.000000e+00   1.474304e+05   0.000000e+00  9.930820e-316  1.634369e-320
     2688000   2.687999e-05   3.256352e+00   1.439911e+01   3.271370e+00   1.174238e+05   3.589018e+04  -8.160429e+04   0.000000e+00   0.000000e+00   0.000000e+00   1.474304e+05   0.000000e+00  9.930820e-316  1.634369e-320
     2696000   2.695999e-05   3.265746e+00   1.440198e+01   3.264841e+00   1.174238e+05   3.589018e+04  -8.160429e+04   0.000000e+00   0.000000e+00   0.000000e+00   1.474304e+05   0.000000e+00  9.930820e-316  1.634369e-320
     2704000   2.703999e-05   3.275140e+00   1.440485e+01   3.258313e+00   1.174238e+05   3.589018e+04  -8.160429e+04   0.000000e+00   0.000000e+00   0.000000e+00   1.474304e+05   0.000000e+00  9.930820e-316  1.634369e-320
     2712000   2.711999e-05   3.284534e+00   1.440772e+01   3.251785e+00   1.174238e+05   3.589018e+04  -8.160429e+04   0.000000e+00   0.000000e+00   0.000000e+00   1.474304e+05   0.000000e+00  9.930820e-316  1.634369e-320
     2720000   2.719999e-05   3.293927e+00   1.441059e+01   3.245256e+00   1.174238e+05   3.589018e+04  -8.160429e+04   0.000000e+00   0.000000e+00   0.000000e+00   1.474304e+05   0.000000e+00  9.930820e-316  1.634369e-320
     2728000   2.727999e-05   3.303321e+00   1.441346e+01   3.238728e+00   1.174238e+05   3.589018e+04  -8.160429e+04   0.000000e+00   0.000000e+00   0.000000e+00   1.474304e+05   0.000000e+00  9.930820e-316  1.634369e-320
     2736000   2.735999e-05   3.312715e+00   1.441634e+01   3.232200e+00   1.174238e+05   3.589018e+04  -8.160429e+04   0.000000e+00   0.000000e+00   0.000000e+00   1.474304e+05   0.000000e+00  9.930820e-316  1.634369e-320
     2744000   2.743999e-05   3.322109e+00   1.441921e+01   3.225671e+00   1.174238e+05   3.589018e+04  -8.160429e+04   0.000000e+00   0.000000e+00   0.000000e+00   1.474304e+05   0.000000e+00  9.930820e-316  1.634369e-320
     2752000   2.751999e-05   3.331503e+00   1.442208e+01   3.219143e+00   1.174238e+05   3.589018e+04  -8.160429e+04   0.000000e+00   0.000000e+00   0.000000e+00   1.474304e+05   0.000000e+00  9.930820e-316  1.634369e-320
     2760000   2.759999e-05   3.340897e+00   1.442495e+01   3.212615e+00   1.174238e+05   3.589018e+04  -8.160429e+04   0.000000e+00   0.000000e+00   0.000000e+00   1.474304e+05   0.000000e+00  9.930820e-316  1.634369e-320
     2768000   2.767999e-05   3.350291e+00   1.442782e+01   3.206086e+00   1.174238e+05   3.589018e+04  -8.160429e+04   0.000000e+00   0.000000e+00   0.000000e+00   1.474304e+05   0.000000e+00  9.930820e-316  1.634369e-320
     2776000   2.775999e-05   3.359685e+00   1.443069e+01   3.199558e+00   1.174238e+05   3.589018e+04  -8.160429e+04   0.000000e+00   0.000000e+00   0.000000e+00   1.474304e+05   0.000000e+00  9.930820e-316  1.634369e-320
     2784000   2.783999e-05   3.369079e+00   1.443356e+01   3.193030e+00   1.174238e+05   3.589018e+04  -8.160429e+04   0.000000e+00   0.000000e+00   0.000000e+00   1.474304e+05   0.000000e+00  9.930820e-316  1.634369e-320
     2792000   2.791999e-05   3.378473e+00   1.443643e+01   3.186501e+00   1.174238e+05   3.589018e+04  -8.160429e+04   0.000000e+00   0.000000e+00   0.000000e+00   1.474304e+05   0.000000e+00  9.930820e-316  1.634369e-320
     2800000   2.799999e-05   3.387866e+00   1.443931e+01   3.179973e+00   1.174238e+05   3.589018e+04  -8.160429e+04   0.000000e+00   0.000000e+00   0.000000e+00   1.474304e+05   0.000000e+00  9.930820e-316  1.634369e-320
     2808000   2.807999e-05   3.397260e+00   1.444218e+01   3.173445e+00   1.174238e+05   3.589018e+04  -8.160429e+04   0.000000e+00   0.000000e+00   0.000000e+00   1.474304e+05   0.000000e+00  9.930820e-316  1.634369e-320
     2816000   2.815999e-05   3.406654e+00   1.444505e+01   3.166916e+00   1.174238e+05   3.589018e+04  -8.160429e+04   0.000000e+00   0.000000e+00   0.000000e+00   1.474304e+05   0.000000e+00  9.930820e-316  1.634369e-320
     2824000   2.823999e-05   3.416048e+00   1.444792e+01   3.160388e+00   1.174238e+05   3.589018e+04  -8.160429e+04   0.000000e+00   0.000000e+00   0.000000e+00   1.474304e+05   0.000000e+00  9.930820e-316  1.634369e-320
     2832000   2.831999e-05   3.425442e+00   1.445079e+01   3.153860e+00   1.174238e+05   3.589018e+04  -8.160429e+04   0.000000e+00   0.000000e+00   0.000000e+00   1.474304e+05   0.000000e+00  9.930820e-316  1.634369e-320
     2840000   2.839999e-05   3.434836e+00   1.445366e+01   3.147331e+00   1.174238e+05   3.589018e+04  -8.160429e+04   0.000000e+00   0.000000e+00   0.000000e+00   1.474304e+05   0.000000e+00  9.930820e-316  1.634369e-320
     2848000   2.847999e-05   3.444230e+00   1.445653e+01   3.140803e+00   1.174238e+05   3.589018e+04  -8.160429e+04   0.000000e+00   0.000000e+00   0.000000e+00   1.474304e+05   0.000000e+00  9.930820e-316  1.634369e-320
     2856000   2.855999e-05   3.453624e+00   1.445940e+01   3.134275e+00   1.174238e+05   3.589018e+04  -8.160429e+04   0.000000e+00   0.000000e+00   0.000000e+00   1.474304e+05   0.000000e+00  9.930820e-316  1.634369e-320
     2864000   2.863999e-05   3.463018e+00   1.446228e+01   3.127746e+00   1.174238e+05   3.589018e+04  -8.160429e+04   0.000000e+00   0.000000e+00   0.000000e+00   1.474304e+05   0.000000e+00  9.930820e-316  1.634369e-320
     2872000   2.871999e-05   3.472412e+00   1.446515e+01   3.121218e+00   1.174238e+05   3.589018e+04  -8.160429e+04   0.000000e+00   0.000000e+00   0.000000e+00   1.474304e+05   0.000000e+00  9.930820e-316  1.634369e-320
     2880000   2.879999e-05   3.481806e+00   1.446802e+01   3.114689e+00   1.174238e+05   3.589018e+04  -8.160429e+04   0.000000e+00   0.000000e+00   0.000000e+00   1.474304e+05   0.000000e+00  9.930820e-316  1.634369e-320
     2888000   2.887999e-05   3.491199e+00   1.447089e+01   3.108161e+00   1.174238e+05   3.589018e+04  -8.160429e+04   0.000000e+00   0.000000e+00   0.000000e+00   1.474304e+05   0.000000e+00  9.930820e-316  1.634369e-320
     2896000   2.895999e-05   3.500593e+00   1.447376e+01   3.101633e+00   1.174238e+05   3.589018e+04  -8.160429e+04   0.000000e+00   0.000000e+00   0.000000e+00   1.474304e+05   0.000000e+00  9.930820e-316  1.634369e-320
     2904000   2.903999e-05   3.509987e+00   1.447663e+01   3.095104e+00   1.174238e+05   3.589018e+04  -8.160429e+04   0.000000e+00   0.000000e+00   0.000000e+00   1.474304e+05   0.000000e+00  9.930820e-316  1.634369e-320
     2912000   2.911999e-05   3.519381e+00   1.447950e+01   3.088576e+00   1.174238e+05   3.589018e+04  -8.160429e+04   0.000000e+00   0.000000e+00   0.000000e+00   1.474304e+05   0.000000e+00  9.930820e-316  1.634369e-320
     2920000   2.919999e-05   3.528775e+00   1.448237e+01   3.082048e+00   1.174238e+05   3.589018e+04  -8.160429e+04   0.000000e+00   0.000000e+00   0.000000e+00   1.474304e+05   0.000000e+00  9.930820e-316  1.634369e-320
     2928000   2.927999e-05   3.538169e+00   1.448525e+01   3.075519e+00   1.174238e+05   3.589018e+04  -8.160429e+04   0.000000e+00   0.000000e+00   0.000000e+00   1.474304e+05   0.000000e+00  9.930820e-316  1.634369e-320
     2936000   2.935999e-05   3.547563e+00   1.448812e+01   3.068991e+00   1.174238e+05   3.589018e+04  -8.160429e+04   0.000000e+00   0.000000e+00   0.000000e+00   1.474304e+05   0.000000e+00  9.930820e-316  1.634369e-320
     2944000   2.943999e-05   3.556957e+00   1.449099e+01   3.062463e+00   1.174238e+05   3.589018e+04  -8.160429e+04   0.000000e+00   0.000000e+00   0.000000e+00   1.474304e+05   0.000000e+00  9.930820e-316  1.634369e-320
     2952000   2.951999e-05   3.566351e+00   1.449386e+01   3.055934e+00   1.174238e+05   3.589018e+04  -8.160429e+04   0.000000e+00   0.000000e+00   0.000000e+00   1.474304e+05   0.000000e+00  9.930820e-316  1.634369e-320
     2960000   2.959999e-05   3.575745e+00   1.449673e+01   3.049406e+00   1.174238e+05   3.589018e+04  -8.160429e+04   0.000000e+00   0.000000e+00   0.000000e+00   1.474304e+05   0.000000e+00  9.930820e-316  1.634369e-320
     2968000   2.967999e-05   3.585138e+00   1.449960e+01   3.042878e+00   1.174238e+05   3.589018e+04  -8.160429e+04   0.000000e+00   0.000000e+00   0.000000e+00   1.474304e+05   0.000000e+00  9.930820e-316  1.634369e-320
     2976000   2.975999e-05   3.594532e+00   1.450247e+01   3.036349e+00   1.174238e+05   3.589018e+04  -8.160429e+04   0.000000e+00   0.000000e+00   0.000000e+00   1.474304e+05   0.000000e+00  9.930820e-316  1.634369e-320
     2984000   2.983999e-05   3.603926e+00   1.450534e+01   3.029821e+00   1.174238e+05   3.589018e+04  -8.160429e+04   0.000000e+00   0.000000e+00   0.000000e+00   1.474304e+05   0.000000e+00  9.930820e-316  1.634369e-320
     2992000   2.991999e-05   3.613320e+00   1.450822e+01   3.023293e+00   1.174238e+05   3.589018e+04  -8.160429e+04   0.000000e+00   0.000000e+00   0.000000e+00   1.474304e+05   0.000000e+00  9.930820e-316  1.634369e-320
     3000000   2.999999e-05   3.622714e+00   1.451109e+01   3.016764e+00   1.174238e+05   3.589018e+04  -8.160429e+04   0.000000e+00   0.000000e+00   0.000000e+00   1.474304e+05   0.000000e+00  9.930820e-316  1.634369e-320
     3008000   3.007999e-05   3.632108e+00   1.451396e+01   3.010236e+00   1.174238e+05   3.589018e+04  -8.160429e+04   0.000000e+00   0.000000e+00   0.000000e+00   1.474304e+05   0.000000e+00  9.930820e-316  1.634369e-320
     3016000   3.015999e-05   3.641502e+00   1.451683e+01   3.003708e+00   1.174238e+05   3.589018e+04  -8.160429e+04   0.000000e+00   0.000000e+00   0.000000e+00   1.474304e+05   0.000000e+00  9.930820e-316  1.634369e-320
     3024000   3.023999e-05   3.650896e+00   1.451970e+01   2.997179e+00   1.174238e+05   3.589018e+04  -8.160429e+04   0.000000e+00   0.000000e+00   0.000000e+00   1.474304e+05   0.000000e+00  9.930820e-316  1.634369e-320
     3032000   3.031999e-05   3.660290e+00   1.452257e+01   2.990651e+00   1.174238e+05   3.589018e+04  -8.160429e+04   0.000000e+00   0.000000e+00   0.000000e+00   1.474304e+05   0.000000e+00  9.930820e-316  1.634369e-320
     3040000   3.039999e-05   3.669684e+00   1.452544e+01   2.984123e+00   1.174238e+05   3.589018e+04  -8.160429e+04   0.000000e+00   0.000000e+00   0.000000e+00   1.474304e+05   0.000000e+00  9.930820e-316  1.634369e-320
     3048000   3.047999e-05   3.679078e+00   1.452831e+01   2.977594e+00   1.174238e+05   3.589018e+04  -8.160429e+04   0.000000e+00   0.000000e+00   0.000000e+00   1.474304e+05   0.000000e+00  9.930820e-316  1.634369e-320
     3056000   3.055999e-05   3.688471e+00   1.453118e+01   2.971066e+00   1.174238e+05   3.589018e+04  -8.160429e+04   0.000000e+00   0.000000e+00   0.000000e+00   1.474304e+05   0.000000e+00  9.930820e-316  1.634369e-320
     3064000   3.063999e-05   3.697865e+00   1.453406e+01   2.964538e+00   1.174238e+05   3.589018e+04  -8.160429e+04   0.000000e+00   0.000000e+00   0.000000e+00   1.474304e+05   0.000000e+00  9.930820e-316  1.634369e-320
     3072000   3.071999e-05   3.707259e+00   1.453693e+01   2.958009e+00   1.174238e+05   3.589018e+04  -8.160429e+04   0.000000e+00   0.000000e+00   0.000000e+00   1.474304e+05   0.000000e+00  9.930820e-316  1.634369e-320
     3080000   3.079999e-05   3.716653e+00   1.453980e+01   2.951481e+00   1.174238e+05   3.589018e+04  -8.160429e+04   0.000000e+00   0.000000e+00   0.000000e+00   1.474304e+05   0.000000e+00  9.930820e-316  1.634369e-320
     3088000   3.087999e-05   3.726047e+00   1.454267e+01   2.944953e+00   1.174238e+05   3.589018e+04  -8.160429e+04   0.000000e+00   0.000000e+00   0.000000e+00   1.474304e+05   0.000000e+00  9.930820e-316  1.634369e-320
     3096000   3.095999e-05   3.735441e+00   1.454554e+01   2.938424e+00   1.174238e+05   3.589018e+04  -8.160429e+04   0.000000e+00   0.000000e+00   0.000000e+00   1.474304e+05   0.000000e+00  9.930820e-316  1.634369e-320
     3104000   3.103999e-05   3.744835e+00   1.454841e+01   2.931896e+00   1.174238e+05   3.589018e+04  -8.160429e+04   0.000000e+00   0.000000e+00   0.000000e+00   1.474304e+05   0.000000e+00  9.930820e-316  1.634369e-320
     3112000   3.111999e-05   3.754229e+00   1.455128e+01   2.925368e+00   1.174238e+05   3.589018e+04  -8.160429e+04   0.000000e+00   0.000000e+00   0.000000e+00   1.474304e+05   0.000000e+00  9.930820e-316  1.634369e-320
     3120000   3.119999e-05   3.763623e+00   1.455415e+01   2.918839e+00   1.174238e+05   3.589018e+04  -8.160429e+04   0.000000e+00   0.000000e+00   0.000000e+00   1.474304e+05   0.000000e+00  9.930820e-316  1.634369e-320
     3128000   3.127999e-05   3.773017e+00   1.455703e+01   2.912311e+00   1.174238e+05   3.589018e+04  -8.160429e+04   0.000000e+00   0.000000e+00   0.000000e+00   1.474304e+05   0.000000e+00  9.930820e-316  1.634369e-320
     3136000   3.135999e-05   3.782410e+00   1.455990e+01   2.905783e+00   1.174238e+05   3.589018e+04  -8.160429e+04   0.000000e+00   0.000000e+00   0.000000e+00   1.474304e+05   0.000000e+00  9.930820e-316  1.634369e-320
     3144000   3.143999e-05   3.791804e+00   1.456277e+01   2.899254e+00   1.174238e+05   3.589018e+04  -8.160429e+04   0.000000e+00   0.000000e+00   0.000000e+00   1.474304e+05   0.000000e+00  9.930820e-316  1.634369e-320
     3152000   3.151999e-05   3.801198e+00   1.456564e+01   2.892726e+00   1.174238e+05   3.589018e+04  -8.160429e+04   0.000000e+00   0.000000e+00   0.000000e+00   1.474304e+05   0.000000e+00  9.930820e-316  1.634369e-320
     3160000   3.159999e-05   3.810592e+00   1.456851e+01   2.886197e+00   1.174238e+05   3.589018e+04  -8.160429e+04   0.000000e+00   0.000000e+00   0.000000e+00   1.474304e+05   0.000000e+00  9.930820e-316  1.634369e-320
     3168000   3.167999e-05   3.819986e+00   1.457138e+01   2.879669e+00   1.174238e+05   3.589018e+04  -8.160429e+04   0.000000e+00   0.000000e+00   0.000000e+00   1.474304e+05   0.000000e+00  9.930820e-316  1.634369e-320
     3176000   3.175999e-05   3.829380e+00   1.457425e+01   2.873141e+00   1.174238e+05   3.589018e+04  -8.160429e+04   0.000000e+00   0.000000e+00   0.000000e+00   1.474304e+05   0.000000e+00  9.930820e-316  1.634369e-320
     3184000   3.183999e-05   3.838774e+00   1.457712e+01   2.866612e+00   1.174238e+05   3.589018e+04  -8.160429e+04   0.000000e+00   0.000000e+00   0.000000e+00   1.474304e+05   0.000000e+00  9.930820e-316  1.634369e-320
     3192000   3.191999e-05   3.848168e+00   1.458000e+01   2.860084e+00   1.174238e+05   3.589018e+04  -8.160429e+04   0.000000e+00   0.000000e+00   0.000000e+00   1.474304e+05   0.000000e+00  9.930820e-316  1.634369e-320
     3200000   3.199999e-05   3.857562e+00   1.458287e+01   2.853556e+00   1.174238e+05   3.589018e+04  -8.160429e+04   0.000000e+00   0.000000e+00   0.000000e+00   1.474304e+05   0.000000e+00  9.930820e-316  1.634369e-320
     3208000   3.207999e-05   3.866956e+00   1.458574e+01   2.847027e+00   1.174238e+05   3.589018e+04  -8.160429e+04   0.000000e+00   0.000000e+00   0.000000e+00   1.474304e+05   0.000000e+00  9.930820e-316  1.634369e-320
     3216000   3.215999e-05   3.876350e+00   1.458861e+01   2.840499e+00   1.174238e+05   3.589018e+04  -8.160429e+04   0.000000e+00   0.000000e+00   0.000000e+00   1.474304e+05   0.000000e+00  9.930820e-316  1.634369e-320
     3224000   3.223999e-05   3.885743e+00   1.459148e+01   2.833971e+00   1.174238e+05   3.589018e+04  -8.160429e+04   0.000000e+00   0.000000e+00   0.000000e+00   1.474304e+05   0.000000e+00  9.930820e-316  1.634369e-320
     3232000   3.231999e-05   3.895137e+00   1.459435e+01   2.827442e+00   1.174238e+05   3.589018e+04  -8.160429e+04   0.000000e+00   0.000000e+00   0.000000e+00   1.474304e+05   0.000000e+00  9.930820e-316  1.634369e-320
     3240000   3.239999e-05   3.904531e+00   1.459722e+01   2.820914e+00   1.174238e+05   3.589018e+04  -8.160429e+04   0.000000e+00   0.000000e+00   0.000000e+00   1.474304e+05   0.000000e+00  9.930820e-316  1.634369e-320
     3248000   3.247999e-05   3.913925e+00   1.460009e+01   2.814386e+00   1.174238e+05   3.589018e+04  -8.160429e+04   0.000000e+00   0.000000e+00   0.000000e+00   1.474304e+05   0.000000e+00  9.930820e-316  1.634369e-320
     3256000   3.255999e-05   3.923319e+00   1.460297e+01   2.807857e+00   1.174238e+05   3.589018e+04  -8.160429e+04   0.000000e+00   0.000000e+00   0.000000e+00   1.474304e+05   0.000000e+00  9.930820e-316  1.634369e-320
     3264000   3.263999e-05   3.932713e+00   1.460584e+01   2.801329e+00   1.174238e+05   3.589018e+04  -8.160429e+04   0.000000e+00   0.000000e+00   0.000000e+00   1.474304e+05   0.000000e+00  9.930820e-316  1.634369e-320
     3272000   3.271999e-05   3.942107e+00   1.460871e+01   2.794801e+00   1.174238e+05   3.589018e+04  -8.160429e+04   0.000000e+00   0.000000e+00   0.000000e+00   1.474304e+05   0.000000e+00  9.930820e-316  1.634369e-320
     3280000   3.279999e-05   3.951501e+00   1.461158e+01   2.788272e+00   1.174238e+05   3.589018e+04  -8.160429e+04   0.000000e+00   0.000000e+00   0.000000e+00   1.474304e+05   0.000000e+00  9.930820e-316  1.634369e-320
     3288000   3.287999e-05   3.960895e+00   1.461445e+01   2.781744e+00   1.174238e+05   3.589018e+04  -8.160429e+04   0.000000e+00   0.000000e+00   0.000000e+00   1.474304e+05   0.000000e+00  9.930820e-316  1.634369e-320
     3296000   3.295999e-05   3.970289e+00   1.461732e+01   2.775216e+00   1.174238e+05   3.589018e+04  -8.160429e+04   0.000000e+00   0.000000e+00   0.000000e+00   1.474304e+05   0.000000e+00  9.930820e-316  1.634369e-320
     3304000   3.303999e-05   3.979682e+00   1.462019e+01   2.768687e+00   1.174238e+05   3.589018e+04  -8.160429e+04   0.000000e+00   0.000000e+00   0.000000e+00   1.474304e+05   0.000000e+00  9.930820e-316  1.634369e-320
     3312000   3.311999e-05   3.989076e+00   1.462306e+01   2.762159e+00   1.174238e+05   3.589018e+04  -8.160429e+04   0.000000e+00   0.000000e+00   0.000000e+00   1.474304e+05   0.000000e+00  9.930820e-316  1.634369e-320
     3320000   3.319999e-05   3.998470e+00   1.462593e+01   2.755631e+00   1.174238e+05   3.589018e+04  -8.160429e+04   0.000000e+00   0.000000e+00   0.000000e+00   1.474304e+05   0.000000e+00  9.930820e-316  1.634369e-320
     3328000   3.327999e-05   4.007864e+00   1.462881e+01   2.749102e+00   1.174238e+05   3.589018e+04  -8.160429e+04   0.000000e+00   0.000000e+00   0.000000e+00   1.474304e+05   0.000000e+00  9.930820e-316  1.634369e-320
     3336000   3.335999e-05   4.017258e+00   1.463168e+01   2.742574e+00   1.174238e+05   3.589018e+04  -8.160429e+04   0.000000e+00   0.000000e+00   0.000000e+00   1.474304e+05   0.000000e+00  9.930820e-316  1.634369e-320
     3344000   3.343999e-05   4.026652e+00   1.463455e+01   2.736046e+00   1.174238e+05   3.589018e+04  -8.160429e+04   0.000000e+00   0.000000e+00   0.000000e+00   1.474304e+05   0.000000e+00  9.930820e-316  1.634369e-320
     3352000   3.351999e-05   4.036046e+00   1.463742e+01   2.729517e+00   1.174238e+05   3.589018e+04  -8.160429e+04   0.000000e+00   0.000000e+00   0.000000e+00   1.474304e+05   0.000000e+00  9.930820e-316  1.634369e-320
     3360000   3.359999e-05   4.045440e+00   1.464029e+01   2.722989e+00   1.174238e+05   3.589018e+04  -8.160429e+04   0.000000e+00   0.000000e+00   0.000000e+00   1.474304e+05   0.000000e+00  9.930820e-316  1.634369e-320
     3368000   3.367999e-05   4.054834e+00   1.464316e+01   2.716461e+00   1.174238e+05   3.589018e+04  -8.160429e+04   0.000000e+00   0.000000e+00   0.000000e+00   1.474304e+05   0.000000e+00  9.930820e-316  1.634369e-320
     3376000   3.375999e-05   4.064228e+00   1.464603e+01   2.709932e+00   1.174238e+05   3.589018e+04  -8.160429e+04   0.000000e+00   0.000000e+00   0.000000e+00   1.474304e+05   0.000000e+00  9.930820e-316  1.634369e-320
     3384000   3.383999e-05   4.073621e+00   1.464890e+01   2.703404e+00   1.174238e+05   3.589018e+04  -8.160429e+04   0.000000e+00   0.000000e+00   0.000000e+00   1.474304e+05   0.000000e+00  9.930820e-316  1.634369e-320
     3392000   3.391999e-05   4.083015e+00   1.465178e+01   2.696876e+00   1.174238e+05   3.589018e+04  -8.160429e+04   0.000000e+00   0.000000e+00   0.000000e+00   1.474304e+05   0.000000e+00  9.930820e-316  1.634369e-320
     3400000   3.399999e-05   4.092409e+00   1.465465e+01   2.690347e+00   1.174238e+05   3.589018e+04  -8.160429e+04   0.000000e+00   0.000000e+00   0.000000e+00   1.474304e+05   0.000000e+00  9.930820e-316  1.634369e-320
     3408000   3.407999e-05   4.101803e+00   1.465752e+01   2.683819e+00   1.174238e+05   3.589018e+04  -8.160429e+04   0.000000e+00   0.000000e+00   0.000000e+00   1.474304e+05   0.000000e+00  9.930820e-316  1.634369e-320
     3416000   3.415999e-05   4.111197e+00   1.466039e+01   2.677290e+00   1.174238e+05   3.589018e+04  -8.160429e+04   0.000000e+00   0.000000e+00   0.000000e+00   1.474304e+05   0.000000e+00  9.930820e-316  1.634369e-320
     3424000   3.423999e-05   4.120591e+00   1.466326e+01   2.670762e+00   1.174238e+05   3.589018e+04  -8.160429e+04   0.000000e+00   0.000000e+00   0.000000e+00   1.474304e+05   0.000000e+00  9.930820e-316  1.634369e-320
     3432000   3.431999e-05   4.129985e+00   1.466613e+01   2.664234e+00   1.174238e+05   3.589018e+04  -8.160429e+04   0.000000e+00   0.000000e+00   0.000000e+00   1.474304e+05   0.000000e+00  9.930820e-316  1.634369e-320
     3440000   3.439999e-05   4.139379e+00   1.466900e+01   2.657705e+00   1.174238e+05   3.589018e+04  -8.160429e+04   0.000000e+00   0.000000e+00   0.000000e+00   1.474304e+05   0.000000e+00  9.930820e-316  1.634369e-320
     3448000   3.447999e-05   4.148773e+00   1.467187e+01   2.651177e+00   1.174238e+05   3.589018e+04  -8.160429e+04   0.000000e+00   0.000000e+00   0.000000e+00   1.474304e+05   0.000000e+00  9.930820e-316  1.634369e-320
     3456000   3.455999e-05   4.158167e+00   1.467475e+01   2.644649e+00   1.174238e+05   3.589018e+04  -8.160429e+04   0.000000e+00   0.000000e+00   0.000000e+00   1.474304e+05   0.000000e+00  9.930820e-316  1.634369e-320
     3464000   3.463999e-05   4.167561e+00   1.467762e+01   2.638120e+00   1.174238e+05   3.589018e+04  -8.160429e+04   0.000000e+00   0.000000e+00   0.000000e+00   1.474304e+05   0.000000e+00  9.930820e-316  1.634369e-320
     3472000   3.471999e-05   4.176954e+00   1.468049e+01   2.631592e+00   1.174238e+05   3.589018e+04  -8.160429e+04   0.000000e+00   0.000000e+00   0.000000e+00   1.474304e+05   0.000000e+00  9.930820e-316  1.634369e-320
     3480000   3.479999e-05   4.186348e+00   1.468336e+01   2.625064e+00   1.174238e+05   3.589018e+04  -8.160429e+04   0.000000e+00   0.000000e+00   0.000000e+00   1.474304e+05   0.000000e+00  9.930820e-316  1.634369e-320
     3488000   3.487999e-05   4.195742e+00   1.468623e+01   2.618535e+00   1.174238e+05   3.589018e+04  -8.160429e+04   0.000000e+00   0.000000e+00   0.000000e+00   1.474304e+05   0.000000e+00  9.930820e-316  1.634369e-320
     3496000   3.495999e-05   4.205136e+00   1.468910e+01   2.612007e+00   1.174238e+05   3.589018e+04  -8.160429e+04   0.000000e+00   0.000000e+00   0.000000e+00   1.474304e+05   0.000000e+00  9.930820e-316  1.634369e-320
     3504000   3.503999e-05   4.214530e+00   1.469197e+01   2.605479e+00   1.174238e+05   3.589018e+04  -8.160429e+04   0.000000e+00   0.000000e+00   0.000000e+00   1.474304e+05   0.000000e+00  9.930820e-316  1.634369e-320
     3512000   3.511999e-05   4.223924e+00   1.469484e+01   2.598950e+00   1.174238e+05   3.589018e+04  -8.160429e+04   0.000000e+00   0.000000e+00   0.000000e+00   1.474304e+05   0.000000e+00  9.930820e-316  1.634369e-320
     3520000   3.519999e-05   4.233318e+00   1.469772e+01   2.592422e+00   1.174238e+05   3.589018e+04  -8.160429e+04   0.000000e+00   0.000000e+00   0.000000e+00   1.474304e+05   0.000000e+00  9.930820e-316  1.634369e-320
     3528000   3.527999e-05   4.242712e+00   1.470059e+01   2.585894e+00   1.174238e+05   3.589018e+04  -8.160429e+04   0.000000e+00   0.000000e+00   0.000000e+00   1.474304e+05   0.000000e+00  9.930820e-316  1.634369e-320
     3536000   3.535999e-05   4.252106e+00   1.470346e+01   2.579365e+00   1.174238e+05   3.589018e+04  -8.160429e+04   0.000000e+00   0.000000e+00   0.000000e+00   1.474304e+05   0.000000e+00  9.930820e-316  1.634369e-320
     3544000   3.543999e-05   4.261500e+00   1.470633e+01   2.572837e+00   1.174238e+05   3.589018e+04  -8.160429e+04   0.000000e+00   0.000000e+00   0.000000e+00   1.474304e+05   0.000000e+00  9.930820e-316  1.634369e-320
     3552000   3.551999e-05   4.270893e+00   1.470920e+01   2.566309e+00   1.174238e+05   3.589018e+04  -8.160429e+04   0.000000e+00   0.000000e+00   0.000000e+00   1.474304e+05   0.000000e+00  9.930820e-316  1.634369e-320
     3560000   3.559999e-05   4.280287e+00   1.471207e+01   2.559780e+00   1.174238e+05   3.589018e+04  -8.160429e+04   0.000000e+00   0.000000e+00   0.000000e+00   1.474304e+05   0.000000e+00  9.930820e-316  1.634369e-320
     3568000   3.567999e-05   4.289681e+00   1.471494e+01   2.553252e+00   1.174238e+05   3.589018e+04  -8.160429e+04   0.000000e+00   0.000000e+00   0.000000e+00   1.474304e+05   0.000000e+00  9.930820e-316  1.634369e-320
     3576000   3.575999e-05   4.299075e+00   1.471781e+01   2.546724e+00   1.174238e+05   3.589018e+04  -8.160429e+04   0.000000e+00   0.000000e+00   0.000000e+00   1.474304e+05   0.000000e+00  9.930820e-316  1.634369e-320
     3584000   3.583999e-05   4.308469e+00   1.472068e+01   2.540195e+00   1.174238e+05   3.589018e+04  -8.160429e+04   0.000000e+00   0.000000e+00   0.000000e+00   1.474304e+05   0.000000e+00  9.930820e-316  1.634369e-320
     3592000   3.591999e-05   4.317863e+00   1.472356e+01   2.533667e+00   1.174238e+05   3.589018e+04  -8.160429e+04   0.000000e+00   0.000000e+00   0.000000e+00   1.474304e+05   0.000000e+00  9.930820e-316  1.634369e-320
     3600000   3.599999e-05   4.327257e+00   1.472643e+01   2.527139e+00   1.174238e+05   3.589018e+04  -8.160429e+04   0.000000e+00   0.000000e+00   0.000000e+00   1.474304e+05   0.000000e+00  9.930820e-316  1.634369e-320
     3608000   3.607999e-05   4.336651e+00   1.472930e+01   2.520610e+00   1.174238e+05   3.589018e+04  -8.160429e+04   0.000000e+00   0.000000e+00   0.000000e+00   1.474304e+05   0.000000e+00  9.930820e-316  1.634369e-320
     3616000   3.615999e-05   4.346045e+00   1.473217e+01   2.514082e+00   1.174238e+05   3.589018e+04  -8.160429e+04   0.000000e+00   0.000000e+00   0.000000e+00   1.474304e+05   0.000000e+00  9.930820e-316  1.634369e-320
     3624000   3.623999e-05   4.355439e+00   1.473504e+01   2.507554e+00   1.174238e+05   3.589018e+04  -8.160429e+04   0.000000e+00   0.000000e+00   0.000000e+00   1.474304e+05   0.000000e+00  9.930820e-316  1.634369e-320
     3632000   3.631999e-05   4.364833e+00   1.473791e+01   2.501025e+00   1.174238e+05   3.589018e+04  -8.160429e+04   0.000000e+00   0.000000e+00   0.000000e+00   1.474304e+05   0.000000e+00  9.930820e-316  1.634369e-320
     3640000   3.639999e-05   4.374226e+00   1.474078e+01   2.494497e+00   1.174238e+05   3.589018e+04  -8.160429e+04   0.000000e+00   0.000000e+00   0.000000e+00   1.474304e+05   0.000000e+00  9.930820e-316  1.634369e-320
     3648000   3.647999e-05   4.383620e+00   1.474365e+01   2.487969e+00   1.174238e+05   3.589018e+04  -8.160429e+04   0.000000e+00   0.000000e+00   0.000000e+00   1.474304e+05   0.000000e+00  9.930820e-316  1.634369e-320
     3656000   3.655999e-05   4.393014e+00   1.474653e+01   2.481440e+00   1.174238e+05   3.589018e+04  -8.160429e+04   0.000000e+00   0.000000e+00   0.000000e+00   1.474304e+05   0.000000e+00  9.930820e-316  1.634369e-320
     3664000   3.663999e-05   4.402408e+00   1.474940e+01   2.474912e+00   1.174238e+05   3.589018e+04  -8.160429e+04   0.000000e+00   0.000000e+00   0.000000e+00   1.474304e+05   0.000000e+00  9.930820e-316  1.634369e-320
     3672000   3.671999e-05   4.411802e+00   1.475227e+01   2.468384e+00   1.174238e+05   3.589018e+04  -8.160429e+04   0.000000e+00   0.000000e+00   0.000000e+00   1.474304e+05   0.000000e+00  9.930820e-316  1.634369e-320
     3680000   3.679999e-05   4.421196e+00   1.475514e+01   2.461855e+00   1.174238e+05   3.589018e+04  -8.160429e+04   0.000000e+00   0.000000e+00   0.000000e+00   1.474304e+05   0.000000e+00  9.930820e-316  1.634369e-320
     3688000   3.687999e-05   4.430590e+00   1.475801e+01   2.455327e+00   1.174238e+05   3.589018e+04  -8.160429e+04   0.000000e+00   0.000000e+00   0.000000e+00   1.474304e+05   0.000000e+00  9.930820e-316  1.634369e-320
     3696000   3.695999e-05   4.439984e+00   1.476088e+01   2.448798e+00   1.174238e+05   3.589018e+04  -8.160429e+04   0.000000e+00   0.000000e+00   0.000000e+00   1.474304e+05   0.000000e+00  9.930820e-316  1.634369e-320
     3704000   3.703999e-05   4.449378e+00   1.476375e+01   2.442270e+00   1.174238e+05   3.589018e+04  -8.160429e+04   0.000000e+00   0.000000e+00   0.000000e+00   1.474304e+05   0.000000e+00  9.930820e-316  1.634369e-320
     3712000   3.711999e-05   4.458772e+00   1.476662e+01   2.435742e+00   1.174238e+05   3.589018e+04  -8.160429e+04   0.000000e+00   0.000000e+00   0.000000e+00   1.474304e+05   0.000000e+00  9.930820e-316  1.634369e-320
     3720000   3.719999e-05   4.468165e+00   1.476950e+01   2.429213e+00   1.174238e+05   3.589018e+04  -8.160429e+04   0.000000e+00   0.000000e+00   0.000000e+00   1.474304e+05   0.000000e+00  9.930820e-316  1.634369e-320
     3728000   3.727999e-05   4.477559e+00   1.477237e+01   2.422685e+00   1.174238e+05   3.589018e+04  -8.160429e+04   0.000000e+00   0.000000e+00   0.000000e+00   1.474304e+05   0.000000e+00  9.930820e-316  1.634369e-320
     3736000   3.735999e-05   4.486953e+00   1.477524e+01   2.416157e+00   1.174238e+05   3.589018e+04  -8.160429e+04   0.000000e+00   0.000000e+00   0.000000e+00   1.474304e+05   0.000000e+00  9.930820e-316  1.634369e-320
     3744000   3.743999e-05   4.496347e+00   1.477811e+01   2.409628e+00   1.174238e+05   3.589018e+04  -8.160429e+04   0.000000e+00   0.000000e+00   0.000000e+00   1.474304e+05   0.000000e+00  9.930820e-316  1.634369e-320
     3752000   3.751999e-05   4.505741e+00   1.478098e+01   2.403100e+00   1.174238e+05   3.589018e+04  -8.160429e+04   0.000000e+00   0.000000e+00   0.000000e+00   1.474304e+05   0.000000e+00  9.930820e-316  1.634369e-320
     3760000   3.759999e-05   4.515135e+00   1.478385e+01   2.396572e+00   1.174238e+05   3.589018e+04  -8.160429e+04   0.000000e+00   0.000000e+00   0.000000e+00   1.474304e+05   0.000000e+00  9.930820e-316  1.634369e-320
     3768000   3.767999e-05   4.524529e+00   1.478672e+01   2.390043e+00   1.174238e+05   3.589018e+04  -8.160429e+04   0.000000e+00   0.000000e+00   0.000000e+00   1.474304e+05   0.000000e+00  9.930820e-316  1.634369e-320
     3776000   3.775999e-05   4.533923e+00   1.478959e+01   2.383515e+00   1.174238e+05   3.589018e+04  -8.160429e+04   0.000000e+00   0.000000e+00   0.000000e+00   1.474304e+05   0.000000e+00  9.930820e-316  1.634369e-320
     3784000   3.783999e-05   4.543317e+00   1.479247e+01   2.376987e+00   1.174238e+05   3.589018e+04  -8.160429e+04   0.000000e+00   0.000000e+00   0.000000e+00   1.474304e+05   0.000000e+00  9.930820e-316  1.634369e-320
     3792000   3.791999e-05   4.552711e+00   1.479534e+01   2.370458e+00   1.174238e+05   3.589018e+04  -8.160429e+04   0.000000e+00   0.000000e+00   0.000000e+00   1.474304e+05   0.000000e+00  9.930820e-316  1.634369e-320
     3800000   3.799999e-05   4.562105e+00   1.479821e+01   2.363930e+00   1.174238e+05   3.589018e+04  -8.160429e+04   0.000000e+00   0.000000e+00   0.000000e+00   1.474304e+05   0.000000e+00  9.930820e-316  1.634369e-320
     3808000   3.807999e-05   4.571498e+00   1.480108e+01   2.357402e+00   1.174238e+05   3.589018e+04  -8.160429e+04   0.000000e+00   0.000000e+00   0.000000e+00   1.474304e+05   0.000000e+00  9.930820e-316  1.634369e-320
     3816000   3.815999e-05   4.580892e+00   1.480395e+01   2.350873e+00   1.174238e+05   3.589018e+04  -8.160429e+04   0.000000e+00   0.000000e+00   0.000000e+00   1.474304e+05   0.000000e+00  9.930820e-316  1.634369e-320
     3824000   3.823999e-05   4.590286e+00   1.480682e+01   2.344345e+00   1.174238e+05   3.589018e+04  -8.160429e+04   0.000000e+00   0.000000e+00   0.000000e+00   1.474304e+05   0.000000e+00  9.930820e-316  1.634369e-320
     3832000   3.831999e-05   4.599680e+00   1.480969e+01   2.337817e+00   1.174238e+05   3.589018e+04  -8.160429e+04   0.000000e+00   0.000000e+00   0.000000e+00   1.474304e+05   0.000000e+00  9.930820e-316  1.634369e-320
     3840000   3.839999e-05   4.609074e+00   1.481256e+01   2.331288e+00   1.174238e+05   3.589018e+04  -8.160429e+04   0.000000e+00   0.000000e+00   0.000000e+00   1.474304e+05   0.000000e+00  9.930820e-316  1.634369e-320
     3848000   3.847999e-05   4.618468e+00   1.481543e+01   2.324760e+00   1.174238e+05   3.589018e+04  -8.160429e+04   0.000000e+00   0.000000e+00   0.000000e+00   1.474304e+05   0.000000e+00  9.930820e-316  1.634369e-320
     3856000   3.855999e-05   4.627862e+00   1.481831e+01   2.318232e+00   1.174238e+05   3.589018e+04  -8.160429e+04   0.000000e+00   0.000000e+00   0.000000e+00   1.474304e+05   0.000000e+00  9.930820e-316  1.634369e-320
     3864000   3.863999e-05   4.637256e+00   1.482118e+01   2.311703e+00   1.174238e+05   3.589018e+04  -8.160429e+04   0.000000e+00   0.000000e+00   0.000000e+00   1.474304e+05   0.000000e+00  9.930820e-316  1.634369e-320
     3872000   3.871999e-05   4.646650e+00   1.482405e+01   2.305175e+00   1.174238e+05   3.589018e+04  -8.160429e+04   0.000000e+00   0.000000e+00   0.000000e+00   1.474304e+05   0.000000e+00  9.930820e-316  1.634369e-320
     3880000   3.879999e-05   4.656044e+00   1.482692e+01   2.298647e+00   1.174238e+05   3.589018e+04  -8.160429e+04   0.000000e+00   0.000000e+00   0.000000e+00   1.474304e+05   0.000000e+00  9.930820e-316  1.634369e-320
     3888000   3.887999e-05   4.665437e+00   1.482979e+01   2.292118e+00   1.174238e+05   3.589018e+04  -8.160429e+04   0.000000e+00   0.000000e+00   0.000000e+00   1.474304e+05   0.000000e+00  9.930820e-316  1.634369e-320
     3896000   3.895999e-05   4.674831e+00   1.483266e+01   2.285590e+00   1.174238e+05   3.589018e+04  -8.160429e+04   0.000000e+00   0.000000e+00   0.000000e+00   1.474304e+05   0.000000e+00  9.930820e-316  1.634369e-320
     3904000   3.903999e-05   4.684225e+00   1.483553e+01   2.279062e+00   1.174238e+05   3.589018e+04  -8.160429e+04   0.000000e+00   0.000000e+00   0.000000e+00   1.474304e+05   0.000000e+00  9.930820e-316  1.634369e-320
     3912000   3.911999e-05   4.693619e+00   1.483840e+01   2.272533e+00   1.174238e+05   3.589018e+04  -8.160429e+04   0.000000e+00   0.000000e+00   0.000000e+00   1.474304e+05   0.000000e+00  9.930820e-316  1.634369e-320
     3920000   3.919999e-05   4.703013e+00   1.484128e+01   2.266005e+00   1.174238e+05   3.589018e+04  -8.160429e+04   0.000000e+00   0.000000e+00   0.000000e+00   1.474304e+05   0.000000e+00  9.930820e-316  1.634369e-320
     3928000   3.927999e-05   4.712407e+00   1.484415e+01   2.259477e+00   1.174238e+05   3.589018e+04  -8.160429e+04   0.000000e+00   0.000000e+00   0.000000e+00   1.474304e+05   0.000000e+00  9.930820e-316  1.634369e-320
     3936000   3.935999e-05   4.721801e+00   1.484702e+01   2.252948e+00   1.174238e+05   3.589018e+04  -8.160429e+04   0.000000e+00   0.000000e+00   0.000000e+00   1.474304e+05   0.000000e+00  9.930820e-316  1.634369e-320
     3944000   3.943999e-05   4.731195e+00   1.484989e+01   2.246420e+00   1.174238e+05   3.589018e+04  -8.160429e+04   0.000000e+00   0.000000e+00   0.000000e+00   1.474304e+05   0.000000e+00  9.930820e-316  1.634369e-320
     3952000   3.951999e-05   4.740589e+00   1.485276e+01   2.239892e+00   1.174238e+05   3.589018e+04  -8.160429e+04   0.000000e+00   0.000000e+00   0.000000e+00   1.474304e+05   0.000000e+00  9.930820e-316  1.634369e-320
     3960000   3.959999e-05   4.749983e+00   1.485563e+01   2.233363e+00   1.174238e+05   3.589018e+04  -8.160429e+04   0.000000e+00   0.000000e+00   0.000000e+00   1.474304e+05   0.000000e+00  9.930820e-316  1.634369e-320
     3968000   3.967999e-05   4.759377e+00   1.485850e+01   2.226835e+00   1.174238e+05   3.589018e+04  -8.160429e+04   0.000000e+00   0.000000e+00   0.000000e+00   1.474304e+05   0.000000e+00  9.930820e-316  1.634369e-320
     3976000   3.975999e-05   4.768770e+00   1.486137e+01   2.220306e+00   1.174238e+05   3.589018e+04  -8.160429e+04   0.000000e+00   0.000000e+00   0.000000e+00   1.474304e+05   0.000000e+00  9.930820e-316  1.634369e-320
     3984000   3.983999e-05   4.778164e+00   1.486425e+01   2.213778e+00   1.174238e+05   3.589018e+04  -8.160429e+04   0.000000e+00   0.000000e+00   0.000000e+00   1.474304e+05   0.000000e+00  9.930820e-316  1.634369e-320
     3992000   3.991999e-05   4.787558e+00   1.486712e+01   2.207250e+00   1.174238e+05   3.589018e+04  -8.160429e+04   0.000000e+00   0.000000e+00   0.000000e+00   1.474304e+05   0.000000e+00  9.930820e-316  1.634369e-320
     4000000   3.999999e-05   4.796952e+00   1.486999e+01   2.200721e+00   1.174238e+05   3.589018e+04  -8.160429e+04   0.000000e+00   0.000000e+00   0.000000e+00   1.474304e+05   0.000000e+00  9.930820e-316  1.634369e-320
     4008000   4.007999e-05   4.806346e+00   1.487286e+01   2.194193e+00   1.174238e+05   3.589018e+04  -8.160429e+04   0.000000e+00   0.000000e+00   0.000000e+00   1.474304e+05   0.000000e+00  9.930820e-316  1.634369e-320
     4016000   4.015999e-05   4.815740e+00   1.487573e+01   2.187665e+00   1.174238e+05   3.589018e+04  -8.160429e+04   0.000000e+00   0.000000e+00   0.000000e+00   1.474304e+05   0.000000e+00  9.930820e-316  1.634369e-320
     4024000   4.023999e-05   4.825134e+00   1.487860e+01   2.181136e+00   1.174238e+05   3.589018e+04  -8.160429e+04   0.000000e+00   0.000000e+00   0.000000e+00   1.474304e+05   0.000000e+00  9.930820e-316  1.634369e-320
     4032000   4.031999e-05   4.834528e+00   1.488147e+01   2.174608e+00   1.174238e+05   3.589018e+04  -8.160429e+04   0.000000e+00   0.000000e+00   0.000000e+00   1.474304e+05   0.000000e+00  9.930820e-316  1.634369e-320
     4040000   4.039999e-05   4.843922e+00   1.488434e+01   2.168080e+00   1.174238e+05   3.589018e+04  -8.160429e+04   0.000000e+00   0.000000e+00   0.000000e+00   1.474304e+05   0.000000e+00  9.930820e-316  1.634369e-320
     4048000   4.047999e-05   4.853316e+00   1.488722e+01   2.161551e+00   1.174238e+05   3.589018e+04  -8.160429e+04   0.000000e+00   0.000000e+00   0.000000e+00   1.474304e+05   0.000000e+00  9.930820e-316  1.634369e-320
     4056000   4.055999e-05   4.862709e+00   1.489009e+01   2.155023e+00   1.174238e+05   3.589018e+04  -8.160429e+04   0.000000e+00   0.000000e+00   0.000000e+00   1.474304e+05   0.000000e+00  9.930820e-316  1.634369e-320
     4064000   4.063999e-05   4.872103e+00   1.489296e+01   2.148495e+00   1.174238e+05   3.589018e+04  -8.160429e+04   0.000000e+00   0.000000e+00   0.000000e+00   1.474304e+05   0.000000e+00  9.930820e-316  1.634369e-320
     4072000   4.071999e-05   4.881497e+00   1.489583e+01   2.141966e+00   1.174238e+05   3.589018e+04  -8.160429e+04   0.000000e+00   0.000000e+00   0.000000e+00   1.474304e+05   0.000000e+00  9.930820e-316  1.634369e-320
     4080000   4.079999e-05   4.890891e+00   1.489870e+01   2.135438e+00   1.174238e+05   3.589018e+04  -8.160429e+04   0.000000e+00   0.000000e+00   0.000000e+00   1.474304e+05   0.000000e+00  9.930820e-316  1.634369e-320
     4088000   4.087999e-05   4.900285e+00   1.490157e+01   2.128910e+00   1.174238e+05   3.589018e+04  -8.160429e+04   0.000000e+00   0.000000e+00   0.000000e+00   1.474304e+05   0.000000e+00  9.930820e-316  1.634369e-320
     4096000   4.095999e-05   4.909679e+00   1.490444e+01   2.122381e+00   1.174238e+05   3.589018e+04  -8.160429e+04   0.000000e+00   0.000000e+00   0.000000e+00   1.474304e+05   0.000000e+00  9.930820e-316  1.634369e-320
     4104000   4.103999e-05   4.919073e+00   1.490731e+01   2.115853e+00   1.174238e+05   3.589018e+04  -8.160429e+04   0.000000e+00   0.000000e+00   0.000000e+00   1.474304e+05   0.000000e+00  9.930820e-316  1.634369e-320
     4112000   4.111999e-05   4.928467e+00   1.491019e+01   2.109325e+00   1.174238e+05   3.589018e+04  -8.160429e+04   0.000000e+00   0.000000e+00   0.000000e+00   1.474304e+05   0.000000e+00  9.930820e-316  1.634369e-320
     4120000   4.119999e-05   4.937861e+00   1.491306e+01   2.102796e+00   1.174238e+05   3.589018e+04  -8.160429e+04   0.000000e+00   0.000000e+00   0.000000e+00   1.474304e+05   0.000000e+00  9.930820e-316  1.634369e-320
     4128000   4.127999e-05   4.947255e+00   1.491593e+01   2.096268e+00   1.174238e+05   3.589018e+04  -8.160429e+04   0.000000e+00   0.000000e+00   0.000000e+00   1.474304e+05   0.000000e+00  9.930820e-316  1.634369e-320
     4136000   4.135999e-05   4.956648e+00   1.491880e+01   2.089740e+00   1.174238e+05   3.589018e+04  -8.160429e+04   0.000000e+00   0.000000e+00   0.000000e+00   1.474304e+05   0.000000e+00  9.930820e-316  1.634369e-320
     4144000   4.143999e-05   4.966042e+00   1.492167e+01   2.083211e+00   1.174238e+05   3.589018e+04  -8.160429e+04   0.000000e+00   0.000000e+00   0.000000e+00   1.474304e+05   0.000000e+00  9.930820e-316  1.634369e-320
     4152000   4.151999e-05   4.975436e+00   1.492454e+01   2.076683e+00   1.174238e+05   3.589018e+04  -8.160429e+04   0.000000e+00   0.000000e+00   0.000000e+00   1.474304e+05   0.000000e+00  9.930820e-316  1.634369e-320
     4160000   4.159999e-05   4.984830e+00   1.492741e+01   2.070155e+00   1.174238e+05   3.589018e+04  -8.160429e+04   0.000000e+00   0.000000e+00   0.000000e+00   1.474304e+05   0.000000e+00  9.930820e-316  1.634369e-320
     4168000   4.167999e-05   4.994224e+00   1.493028e+01   2.063626e+00   1.174238e+05   3.589018e+04  -8.160429e+04   0.000000e+00   0.000000e+00   0.000000e+00   1.474304e+05   0.000000e+00  9.930820e-316  1.634369e-320
     4176000   4.175999e-05   5.003618e+00   1.493315e+01   2.057098e+00   1.174238e+05   3.589018e+04  -8.160429e+04   0.000000e+00   0.000000e+00   0.000000e+00   1.474304e+05   0.000000e+00  9.930820e-316  1.634369e-320
     4184000   4.183999e-05   5.013012e+00   1.493603e+01   2.050570e+00   1.174238e+05   3.589018e+04  -8.160429e+04   0.000000e+00   0.000000e+00   0.000000e+00   1.474304e+05   0.000000e+00  9.930820e-316  1.634369e-320
     4192000   4.191999e-05   5.022406e+00   1.493890e+01   2.044041e+00   1.174238e+05   3.589018e+04  -8.160429e+04   0.000000e+00   0.000000e+00   0.000000e+00   1.474304e+05   0.000000e+00  9.930820e-316  1.634369e-320
     4200000   4.199999e-05   5.031800e+00   1.494177e+01   2.037513e+00   1.174238e+05   3.589018e+04  -8.160429e+04   0.000000e+00   0.000000e+00   0.000000e+00   1.474304e+05   0.000000e+00  9.930820e-316  1.634369e-320
     4208000   4.207999e-05   5.041194e+00   1.494464e+01   2.030985e+00   1.174238e+05   3.589018e+04  -8.160429e+04   0.000000e+00   0.000000e+00   0.000000e+00   1.474304e+05   0.000000e+00  9.930820e-316  1.634369e-320
     4216000   4.215999e-05   5.050588e+00   1.494751e+01   2.024456e+00   1.174238e+05   3.589018e+04  -8.160429e+04   0.000000e+00   0.000000e+00   0.000000e+00   1.474304e+05   0.000000e+00  9.930820e-316  1.634369e-320
     4224000   4.223999e-05   5.059981e+00   1.495038e+01   2.017928e+00   1.174238e+05   3.589018e+04  -8.160429e+04   0.000000e+00   0.000000e+00   0.000000e+00   1.474304e+05   0.000000e+00  9.930820e-316  1.634369e-320
     4232000   4.231999e-05   5.069375e+00   1.495325e+01   2.011399e+00   1.174238e+05   3.589018e+04  -8.160429e+04   0.000000e+00   0.000000e+00   0.000000e+00   1.474304e+05   0.000000e+00  9.930820e-316  1.634369e-320
     4240000   4.239999e-05   5.078769e+00   1.495612e+01   2.004871e+00   1.174238e+05   3.589018e+04  -8.160429e+04   0.000000e+00   0.000000e+00   0.000000e+00   1.474304e+05   0.000000e+00  9.930820e-316  1.634369e-320
     4248000   4.247999e-05   5.088163e+00   1.495900e+01   1.998343e+00   1.174238e+05   3.589018e+04  -8.160429e+04   0.000000e+00   0.000000e+00   0.000000e+00   1.474304e+05   0.000000e+00  9.930820e-316  1.634369e-320
     4256000   4.255999e-05   5.097557e+00   1.496187e+01   1.991814e+00   1.174238e+05   3.589018e+04  -8.160429e+04   0.000000e+00   0.000000e+00   0.000000e+00   1.474304e+05   0.000000e+00  9.930820e-316  1.634369e-320
     4264000   4.263999e-05   5.106951e+00   1.496474e+01   1.985286e+00   1.174238e+05   3.589018e+04  -8.160429e+04   0.000000e+00   0.000000e+00   0.000000e+00   1.474304e+05   0.000000e+00  9.930820e-316  1.634369e-320
     4272000   4.271999e-05   5.116345e+00   1.496761e+01   1.978758e+00   1.174238e+05   3.589018e+04  -8.160429e+04   0.000000e+00   0.000000e+00   0.000000e+00   1.474304e+05   0.000000e+00  9.930820e-316  1.634369e-320
     4280000   4.279999e-05   5.125739e+00   1.497048e+01   1.972229e+00   1.174238e+05   3.589018e+04  -8.160429e+04   0.000000e+00   0.000000e+00   0.000000e+00   1.474304e+05   0.000000e+00  9.930820e-316  1.634369e-320
     4288000   4.287999e-05   5.135133e+00   1.497335e+01   1.965701e+00   1.174238e+05   3.589018e+04  -8.160429e+04   0.000000e+00   0.000000e+00   0.000000e+00   1.474304e+05   0.000000e+00  9.930820e-316  1.634369e-320
     4296000   4.295999e-05   5.144527e+00   1.497622e+01   1.959173e+00   1.174238e+05   3.589018e+04  -8.160429e+04   0.000000e+00   0.000000e+00   0.000000e+00   1.474304e+05   0.000000e+00  9.930820e-316  1.634369e-320
     4304000   4.303999e-05   5.153920e+00   1.497909e+01   1.952644e+00   1.174238e+05   3.589018e+04  -8.160429e+04   0.000000e+00   0.000000e+00   0.000000e+00   1.474304e+05   0.000000e+00  9.930820e-316  1.634369e-320
     4312000   4.311999e-05   5.163314e+00   1.498197e+01   1.946116e+00   1.174238e+05   3.589018e+04  -8.160429e+04   0.000000e+00   0.000000e+00   0.000000e+00   1.474304e+05   0.000000e+00  9.930820e-316  1.634369e-320
     4320000   4.319999e-05   5.172708e+00   1.498484e+01   1.939588e+00   1.174238e+05   3.589018e+04  -8.160429e+04   0.000000e+00   0.000000e+00   0.000000e+00   1.474304e+05   0.000000e+00  9.930820e-316  1.634369e-320
     4328000   4.327999e-05   5.182102e+00   1.498771e+01   1.933059e+00   1.174238e+05   3.589018e+04  -8.160429e+04   0.000000e+00   0.000000e+00   0.000000e+00   1.474304e+05   0.000000e+00  9.930820e-316  1.634369e-320
     4336000   4.335999e-05   5.191496e+00   1.499058e+01   1.926531e+00   1.174238e+05   3.589018e+04  -8.160429e+04   0.000000e+00   0.000000e+00   0.000000e+00   1.474304e+05   0.000000e+00  9.930820e-316  1.634369e-320
     4344000   4.343999e-05   5.200890e+00   1.499345e+01   1.920003e+00   1.174238e+05   3.589018e+04  -8.160429e+04   0.000000e+00   0.000000e+00   0.000000e+00   1.474304e+05   0.000000e+00  9.930820e-316  1.634369e-320
     4352000   4.351999e-05   5.210284e+00   1.499632e+01   1.913474e+00   1.174238e+05   3.589018e+04  -8.160429e+04   0.000000e+00   0.000000e+00   0.000000e+00   1.474304e+05   0.000000e+00  9.930820e-316  1.634369e-320
     4360000   4.359999e-05   5.219678e+00   1.499919e+01   1.906946e+00   1.174238e+05   3.589018e+04  -8.160429e+04   0.000000e+00   0.000000e+00   0.000000e+00   1.474304e+05   0.000000e+00  9.930820e-316  1.634369e-320
     4368000   4.367999e-05   5.229072e+00   1.500206e+01   1.900418e+00   1.174238e+05   3.589018e+04  -8.160429e+04   0.000000e+00   0.000000e+00   0.000000e+00   1.474304e+05   0.000000e+00  9.930820e-316  1.634369e-320
     4376000   4.375999e-05   5.238466e+00   1.500494e+01   1.893889e+00   1.174238e+05   3.589018e+04  -8.160429e+04   0.000000e+00   0.000000e+00   0.000000e+00   1.474304e+05   0.000000e+00  9.930820e-316  1.634369e-320
     4384000   4.383999e-05   5.247860e+00   1.500781e+01   1.887361e+00   1.174238e+05   3.589018e+04  -8.160429e+04   0.000000e+00   0.000000e+00   0.000000e+00   1.474304e+05   0.000000e+00  9.930820e-316  1.634369e-320
     4392000   4.391999e-05   5.257253e+00   1.501068e+01   1.880833e+00   1.174238e+05   3.589018e+04  -8.160429e+04   0.000000e+00   0.000000e+00   0.000000e+00   1.474304e+05   0.000000e+00  9.930820e-316  1.634369e-320
     4400000   4.399999e-05   5.266647e+00   1.501355e+01   1.874304e+00   1.174238e+05   3.589018e+04  -8.160429e+04   0.000000e+00   0.000000e+00   0.000000e+00   1.474304e+05   0.000000e+00  9.930820e-316  1.634369e-320
     4408000   4.407999e-05   5.276041e+00   1.501642e+01   1.867776e+00   1.174238e+05   3.589018e+04  -8.160429e+04   0.000000e+00   0.000000e+00   0.000000e+00   1.474304e+05   0.000000e+00  9.930820e-316  1.634369e-320
     4416000   4.415999e-05   5.285435e+00   1.501929e+01   1.861248e+00   1.174238e+05   3.589018e+04  -8.160429e+04   0.000000e+00   0.000000e+00   0.000000e+00   1.474304e+05   0.000000e+00  9.930820e-316  1.634369e-320
     4424000   4.423999e-05   5.294829e+00   1.502216e+01   1.854719e+00   1.174238e+05   3.589018e+04  -8.160429e+04   0.000000e+00   0.000000e+00   0.000000e+00   1.474304e+05   0.000000e+00  9.930820e-316  1.634369e-320
     4432000   4.431999e-05   5.304223e+00   1.502503e+01   1.848191e+00   1.174238e+05   3.589018e+04  -8.160429e+04   0.000000e+00   0.000000e+00   0.000000e+00   1.474304e+05   0.000000e+00  9.930820e-316  1.634369e-320
     4440000   4.439999e-05   5.313617e+00   1.502790e+01   1.841663e+00   1.174238e+05   3.589018e+04  -8.160429e+04   0.000000e+00   0.000000e+00   0.000000e+00   1.474304e+05   0.000000e+00  9.930820e-316  1.634369e-320
     4448000   4.447999e-05   5.323011e+00   1.503078e+01   1.835134e+00   1.174238e+05   3.589018e+04  -8.160429e+04   0.000000e+00   0.000000e+00   0.000000e+00   1.474304e+05   0.000000e+00  9.930820e-316  1.634369e-320
     4456000   4.455999e-05   5.332405e+00   1.503365e+01   1.828606e+00   1.174238e+05   3.589018e+04  -8.160429e+04   0.000000e+00   0.000000e+00   0.000000e+00   1.474304e+05   0.000000e+00  9.930820e-316  1.634369e-320
     4464000   4.463999e-05   5.341799e+00   1.503652e+01   1.822078e+00   1.174238e+05   3.589018e+04  -8.160429e+04   0.000000e+00   0.000000e+00   0.000000e+00   1.474304e+05   0.000000e+00  9.930820e-316  1.634369e-320
     4472000   4.471999e-05   5.351192e+00   1.503939e+01   1.815549e+00   1.174238e+05   3.589018e+04  -8.160429e+04   0.000000e+00   0.000000e+00   0.000000e+00   1.474304e+05   0.000000e+00  9.930820e-316  1.634369e-320
     4480000   4.479999e-05   5.360586e+00   1.504226e+01   1.809021e+00   1.174238e+05   3.589018e+04  -8.160429e+04   0.000000e+00   0.000000e+00   0.000000e+00   1.474304e+05   0.000000e+00  9.930820e-316  1.634369e-320
     4488000   4.487999e-05   5.369980e+00   1.504513e+01   1.802493e+00   1.174238e+05   3.589018e+04  -8.160429e+04   0.000000e+00   0.000000e+00   0.000000e+00   1.474304e+05   0.000000e+00  9.930820e-316  1.634369e-320
     4496000   4.495999e-05   5.379374e+00   1.504800e+01   1.795964e+00   1.174238e+05   3.589018e+04  -8.160429e+04   0.000000e+00   0.000000e+00   0.000000e+00   1.474304e+05   0.000000e+00  9.930820e-316  1.634369e-320
     4504000   4.503999e-05   5.388768e+00   1.505087e+01   1.789436e+00   1.174238e+05   3.589018e+04  -8.160429e+04   0.000000e+00   0.000000e+00   0.000000e+00   1.474304e+05   0.000000e+00  9.930820e-316  1.634369e-320
     4512000   4.511999e-05   5.398162e+00   1.505375e+01   1.782907e+00   1.174238e+05   3.589018e+04  -8.160429e+04   0.000000e+00   0.000000e+00   0.000000e+00   1.474304e+05   0.000000e+00  9.930820e-316  1.634369e-320
     4520000   4.519999e-05   5.407556e+00   1.505662e+01   1.776379e+00   1.174238e+05   3.589018e+04  -8.160429e+04   0.000000e+00   0.000000e+00   0.000000e+00   1.474304e+05   0.000000e+00  9.930820e-316  1.634369e-320
     4528000   4.527999e-05   5.416950e+00   1.505949e+01   1.769851e+00   1.174238e+05   3.589018e+04  -8.160429e+04   0.000000e+00   0.000000e+00   0.000000e+00   1.474304e+05   0.000000e+00  9.930820e-316  1.634369e-320
     4536000   4.535999e-05   5.426344e+00   1.506236e+01   1.763322e+00   1.174238e+05   3.589018e+04  -8.160429e+04   0.000000e+00   0.000000e+00   0.000000e+00   1.474304e+05   0.000000e+00  9.930820e-316  1.634369e-320
     4544000   4.543999e-05   5.435738e+00   1.506523e+01   1.756794e+00   1.174238e+05   3.589018e+04  -8.160429e+04   0.000000e+00   0.000000e+00   0.000000e+00   1.474304e+05   0.000000e+00  9.930820e-316  1.634369e-320
     4552000   4.551999e-05   5.445132e+00   1.506810e+01   1.750266e+00   1.174238e+05   3.589018e+04  -8.160429e+04   0.000000e+00   0.000000e+00   0.000000e+00   1.474304e+05   0.000000e+00  9.930820e-316  1.634369e-320
     4560000   4.559999e-05   5.454525e+00   1.507097e+01   1.743737e+00   1.174238e+05   3.589018e+04  -8.160429e+04   0.000000e+00   0.000000e+00   0.000000e+00   1.474304e+05   0.000000e+00  9.930820e-316  1.634369e-320
     4568000   4.567999e-05   5.463919e+00   1.507384e+01   1.737209e+00   1.174238e+05   3.589018e+04  -8.160429e+04   0.000000e+00   0.000000e+00   0.000000e+00   1.474304e+05   0.000000e+00  9.930820e-316  1.634369e-320
     4576000   4.575999e-05   5.473313e+00   1.507672e+01   1.730681e+00   1.174238e+05   3.589018e+04  -8.160429e+04   0.000000e+00   0.000000e+00   0.000000e+00   1.474304e+05   0.000000e+00  9.930820e-316  1.634369e-320
     4584000   4.583999e-05   5.482707e+00   1.507959e+01   1.724152e+00   1.174238e+05   3.589018e+04  -8.160429e+04   0.000000e+00   0.000000e+00   0.000000e+00   1.474304e+05   0.000000e+00  9.930820e-316  1.634369e-320
     4592000   4.591999e-05   5.492101e+00   1.508246e+01   1.717624e+00   1.174238e+05   3.589018e+04  -8.160429e+04   0.000000e+00   0.000000e+00   0.000000e+00   1.474304e+05   0.000000e+00  9.930820e-316  1.634369e-320
     4600000   4.599999e-05   5.501495e+00   1.508533e+01   1.711096e+00   1.174238e+05   3.589018e+04  -8.160429e+04   0.000000e+00   0.000000e+00   0.000000e+00   1.474304e+05   0.000000e+00  9.930820e-316  1.634369e-320
     4608000   4.607999e-05   5.510889e+00   1.508820e+01   1.704567e+00   1.174238e+05   3.589018e+04  -8.160429e+04   0.000000e+00   0.000000e+00   0.000000e+00   1.474304e+05   0.000000e+00  9.930820e-316  1.634369e-320
     4616000   4.615999e-05   5.520283e+00   1.509107e+01   1.698039e+00   1.174238e+05   3.589018e+04  -8.160429e+04   0.000000e+00   0.000000e+00   0.000000e+00   1.474304e+05   0.000000e+00  9.930820e-316  1.634369e-320
     4624000   4.623999e-05   5.529677e+00   1.509394e+01   1.691511e+00   1.174238e+05   3.589018e+04  -8.160429e+04   0.000000e+00   0.000000e+00   0.000000e+00   1.474304e+05   0.000000e+00  9.930820e-316  1.634369e-320
     4632000   4.631999e-05   5.539071e+00   1.509681e+01   1.684982e+00   1.174238e+05   3.589018e+04  -8.160429e+04   0.000000e+00   0.000000e+00   0.000000e+00   1.474304e+05   0.000000e+00  9.930820e-316  1.634369e-320
     4640000   4.639999e-05   5.548464e+00   1.509969e+01   1.678454e+00   1.174238e+05   3.589018e+04  -8.160429e+04   0.000000e+00   0.000000e+00   0.000000e+00   1.474304e+05   0.000000e+00  9.930820e-316  1.634369e-320
     4648000   4.647999e-05   5.557858e+00   1.510256e+01   1.671926e+00   1.174238e+05   3.589018e+04  -8.160429e+04   0.000000e+00   0.000000e+00   0.000000e+00   1.474304e+05   0.000000e+00  9.930820e-316  1.634369e-320
     4656000   4.655999e-05   5.567252e+00   1.510543e+01   1.665397e+00   1.174238e+05   3.589018e+04  -8.160429e+04   0.000000e+00   0.000000e+00   0.000000e+00   1.474304e+05   0.000000e+00  9.930820e-316  1.634369e-320
     4664000   4.663999e-05   5.576646e+00   1.510830e+01   1.658869e+00   1.174238e+05   3.589018e+04  -8.160429e+04   0.000000e+00   0.000000e+00   0.000000e+00   1.474304e+05   0.000000e+00  9.930820e-316  1.634369e-320
     4672000   4.671999e-05   5.586040e+00   1.511117e+01   1.652341e+00   1.174238e+05   3.589018e+04  -8.160429e+04   0.000000e+00   0.000000e+00   0.000000e+00   1.474304e+05   0.000000e+00  9.930820e-316  1.634369e-320
     4680000   4.679999e-05   5.595434e+00   1.511404e+01   1.645812e+00   1.174238e+05   3.589018e+04  -8.160429e+04   0.000000e+00   0.000000e+00   0.000000e+00   1.474304e+05   0.000000e+00  9.930820e-316  1.634369e-320
     4688000   4.687999e-05   5.604828e+00   1.511691e+01   1.639284e+00   1.174238e+05   3.589018e+04  -8.160429e+04   0.000000e+00   0.000000e+00   0.000000e+00   1.474304e+05   0.000000e+00  9.930820e-316  1.634369e-320
     4696000   4.695999e-05   5.614222e+00   1.511978e+01   1.632756e+00   1.174238e+05   3.589018e+04  -8.160429e+04   0.000000e+00   0.000000e+00   0.000000e+00   1.474304e+05   0.000000e+00  9.930820e-316  1.634369e-320
     4704000   4.703999e-05   5.623616e+00   1.512265e+01   1.626227e+00   1.174238e+05   3.589018e+04  -8.160429e+04   0.000000e+00   0.000000e+00   0.000000e+00   1.474304e+05   0.000000e+00  9.930820e-316  1.634369e-320
     4712000   4.711999e-05   5.633010e+00   1.512553e+01   1.619699e+00   1.174238e+05   3.589018e+04  -8.160429e+04   0.000000e+00   0.000000e+00   0.000000e+00   1.474304e+05   0.000000e+00  9.930820e-316  1.634369e-320
     4720000   4.719999e-05   5.642404e+00   1.512840e+01   1.613171e+00   1.174238e+05   3.589018e+04  -8.160429e+04   0.000000e+00   0.000000e+00   0.000000e+00   1.474304e+05   0.000000e+00  9.930820e-316  1.634369e-320
     4728000   4.727999e-05   5.651797e+00   1.513127e+01   1.606642e+00   1.174238e+05   3.589018e+04  -8.160429e+04   0.000000e+00   0.000000e+00   0.000000e+00   1.474304e+05   0.000000e+00  9.930820e-316  1.634369e-320
     4736000   4.735999e-05   5.661191e+00   1.513414e+01   1.600114e+00   1.174238e+05   3.589018e+04  -8.160429e+04   0.000000e+00   0.000000e+00   0.000000e+00   1.474304e+05   0.000000e+00  9.930820e-316  1.634369e-320
     4744000   4.743999e-05   5.670585e+00   1.513701e+01   1.593586e+00   1.174238e+05   3.589018e+04  -8.160429e+04   0.000000e+00   0.000000e+00   0.000000e+00   1.474304e+05   0.000000e+00  9.930820e-316  1.634369e-320
     4752000   4.751999e-05   5.679979e+00   1.513988e+01   1.587057e+00   1.174238e+05   3.589018e+04  -8.160429e+04   0.000000e+00   0.000000e+00   0.000000e+00   1.474304e+05   0.000000e+00  9.930820e-316  1.634369e-320
     4760000   4.759999e-05   5.689373e+00   1.514275e+01   1.580529e+00   1.174238e+05   3.589018e+04  -8.160429e+04   0.000000e+00   0.000000e+00   0.000000e+00   1.474304e+05   0.000000e+00  9.930820e-316  1.634369e-320
     4768000   4.767999e-05   5.698767e+00   1.514562e+01   1.574001e+00   1.174238e+05   3.589018e+04  -8.160429e+04   0.000000e+00   0.000000e+00   0.000000e+00   1.474304e+05   0.000000e+00  9.930820e-316  1.634369e-320
     4776000   4.775999e-05   5.708161e+00   1.514850e+01   1.567472e+00   1.174238e+05   3.589018e+04  -8.160429e+04   0.000000e+00   0.000000e+00   0.000000e+00   1.474304e+05   0.000000e+00  9.930820e-316  1.634369e-320
     4784000   4.783999e-05   5.717555e+00   1.515137e+01   1.560944e+00   1.174238e+05   3.589018e+04  -8.160429e+04   0.000000e+00   0.000000e+00   0.000000e+00   1.474304e+05   0.000000e+00  9.930820e-316  1.634369e-320
     4792000   4.791999e-05   5.726949e+00   1.515424e+01   1.554415e+00   1.174238e+05   3.589018e+04  -8.160429e+04   0.000000e+00   0.000000e+00   0.000000e+00   1.474304e+05   0.000000e+00  9.930820e-316  1.634369e-320
     4800000   4.799999e-05   5.736343e+00   1.515711e+01   1.547887e+00   1.174238e+05   3.589018e+04  -8.160429e+04   0.000000e+00   0.000000e+00   0.000000e+00   1.474304e+05   0.000000e+00  9.930820e-316  1.634369e-320
     4808000   4.807999e-05   5.745736e+00   1.515998e+01   1.541359e+00   1.174238e+05   3.589018e+04  -8.160429e+04   0.000000e+00   0.000000e+00   0.000000e+00   1.474304e+05   0.000000e+00  9.930820e-316  1.634369e-320
     4816000   4.815999e-05   5.755130e+00   1.516285e+01   1.534830e+00   1.174238e+05   3.589018e+04  -8.160429e+04   0.000000e+00   0.000000e+00   0.000000e+00   1.474304e+05   0.000000e+00  9.930820e-316  1.634369e-320
     4824000   4.823999e-05   5.764524e+00   1.516572e+01   1.528302e+00   1.174238e+05   3.589018e+04  -8.160429e+04   0.000000e+00   0.000000e+00   0.000000e+00   1.474304e+05   0.000000e+00  9.930820e-316  1.634369e-320
     4832000   4.831999e-05   5.773918e+00   1.516859e+01   1.521774e+00   1.174238e+05   3.589018e+04  -8.160429e+04   0.000000e+00   0.000000e+00   0.000000e+00   1.474304e+05   0.000000e+00  9.930820e-316  1.634369e-320
     4840000   4.839999e-05   5.783312e+00   1.517147e+01   1.515245e+00   1.174238e+05   3.589018e+04  -8.160429e+04   0.000000e+00   0.000000e+00   0.000000e+00   1.474304e+05   0.000000e+00  9.930820e-316  1.634369e-320
     4848000   4.847999e-05   5.792706e+00   1.517434e+01   1.508717e+00   1.174238e+05   3.589018e+04  -8.160429e+04   0.000000e+00   0.000000e+00   0.000000e+00   1.474304e+05   0.000000e+00  9.930820e-316  1.634369e-320
     4856000   4.855999e-05   5.802100e+00   1.517721e+01   1.502189e+00   1.174238e+05   3.589018e+04  -8.160429e+04   0.000000e+00   0.000000e+00   0.000000e+00   1.474304e+05   0.000000e+00  9.930820e-316  1.634369e-320
     4864000   4.863999e-05   5.811494e+00   1.518008e+01   1.495660e+00   1.174238e+05   3.589018e+04  -8.160429e+04   0.000000e+00   0.000000e+00   0.000000e+00   1.474304e+05   0.000000e+00  9.930820e-316  1.634369e-320
     4872000   4.871999e-05   5.820888e+00   1.518295e+01   1.489132e+00   1.174238e+05   3.589018e+04  -8.160429e+04   0.000000e+00   0.000000e+00   0.000000e+00   1.474304e+05   0.000000e+00  9.930820e-316  1.634369e-320
     4880000   4.879999e-05   5.830282e+00   1.518582e+01   1.482604e+00   1.174238e+05   3.589018e+04  -8.160429e+04   0.000000e+00   0.000000e+00   0.000000e+00   1.474304e+05   0.000000e+00  9.930820e-316  1.634369e-320
     4888000   4.887999e-05   5.839675e+00   1.518869e+01   1.476075e+00   1.174238e+05   3.589018e+04  -8.160429e+04   0.000000e+00   0.000000e+00   0.000000e+00   1.474304e+05   0.000000e+00  9.930820e-316  1.634369e-320
     4896000   4.895999e-05   5.849069e+00   1.519156e+01   1.469547e+00   1.174238e+05   3.589018e+04  -8.160429e+04   0.000000e+00   0.000000e+00   0.000000e+00   1.474304e+05   0.000000e+00  9.930820e-316  1.634369e-320
     4904000   4.903999e-05   5.858463e+00   1.519444e+01   1.463019e+00   1.174238e+05   3.589018e+04  -8.160429e+04   0.000000e+00   0.000000e+00   0.000000e+00   1.474304e+05   0.000000e+00  9.930820e-316  1.634369e-320
     4912000   4.911999e-05   5.867857e+00   1.519731e+01   1.456490e+00   1.174238e+05   3.589018e+04  -8.160429e+04   0.000000e+00   0.000000e+00   0.000000e+00   1.474304e+05   0.000000e+00  9.930820e-316  1.634369e-320
     4920000   4.919999e-05   5.877251e+00   1.520018e+01   1.449962e+00   1.174238e+05   3.589018e+04  -8.160429e+04   0.000000e+00   0.000000e+00   0.000000e+00   1.474304e+05   0.000000e+00  9.930820e-316  1.634369e-320
     4928000   4.927999e-05   5.886645e+00   1.520305e+01   1.443434e+00   1.174238e+05   3.589018e+04  -8.160429e+04   0.000000e+00   0.000000e+00   0.000000e+00   1.474304e+05   0.000000e+00  9.930820e-316  1.634369e-320
     4936000   4.935999e-05   5.896039e+00   1.520592e+01   1.436905e+00   1.174238e+05   3.589018e+04  -8.160429e+04   0.000000e+00   0.000000e+00   0.000000e+00   1.474304e+05   0.000000e+00  9.930820e-316  1.634369e-320
     4944000   4.943999e-05   5.905433e+00   1.520879e+01   1.430377e+00   1.174238e+05   3.589018e+04  -8.160429e+04   0.000000e+00   0.000000e+00   0.000000e+00   1.474304e+05   0.000000e+00  9.930820e-316  1.634369e-320
     4952000   4.951999e-05   5.914827e+00   1.521166e+01   1.423849e+00   1.174238e+05   3.589018e+04  -8.160429e+04   0.000000e+00   0.000000e+00   0.000000e+00   1.474304e+05   0.000000e+00  9.930820e-316  1.634369e-320
     4960000   4.959999e-05   5.924221e+00   1.521453e+01   1.417320e+00   1.174238e+05   3.589018e+04  -8.160429e+04   0.000000e+00   0.000000e+00   0.000000e+00   1.474304e+05   0.000000e+00  9.930820e-316  1.634369e-320
     4968000   4.967999e-05   5.933615e+00   1.521740e+01   1.410792e+00   1.174238e+05   3.589018e+04  -8.160429e+04   0.000000e+00   0.000000e+00   0.000000e+00   1.474304e+05   0.000000e+00  9.930820e-316  1.634369e-320
     4976000   4.975999e-05   5.943008e+00   1.522028e+01   1.404264e+00   1.174238e+05   3.589018e+04  -8.160429e+04   0.000000e+00   0.000000e+00   0.000000e+00   1.474304e+05   0.000000e+00  9.930820e-316  1.634369e-320
     4984000   4.983999e-05   5.952402e+00   1.522315e+01   1.397735e+00   1.174238e+05   3.589018e+04  -8.160429e+04   0.000000e+00   0.000000e+00   0.000000e+00   1.474304e+05   0.000000e+00  9.930820e-316  1.634369e-320
     4992000   4.991999e-05   5.961796e+00   1.522602e+01   1.391207e+00   1.174238e+05   3.589018e+04  -8.160429e+04   0.000000e+00   0.000000e+00   0.000000e+00   1.474304e+05   0.000000e+00  9.930820e-316  1.634369e-320
     5000000   4.999999e-05   5.971190e+00   1.522889e+01   1.384679e+00   1.174238e+05   3.589018e+04  -8.160429e+04   0.000000e+00   0.000000e+00   0.000000e+00   1.474304e+05   0.000000e+00  9.930820e-316  1.634369e-320
     5008000   5.007999e-05   5.980584e+00   1.523176e+01   1.378150e+00   1.174238e+05   3.589018e+04  -8.160429e+04   0.000000e+00   0.000000e+00   0.000000e+00   1.474304e+05   0.000000e+00  9.930820e-316  1.634369e-320
     5016000   5.015999e-05   5.989978e+00   1.523463e+01   1.371622e+00   1.174238e+05   3.589018e+04  -8.160429e+04   0.000000e+00   0.000000e+00   0.000000e+00   1.474304e+05   0.000000e+00  9.930820e-316  1.634369e-320
     5024000   5.023999e-05   5.999372e+00   1.523750e+01   1.365094e+00   1.174238e+05   3.589018e+04  -8.160429e+04   0.000000e+00   0.000000e+00   0.000000e+00   1.474304e+05   0.000000e+00  9.930820e-316  1.634369e-320
     5032000   5.031999e-05   6.008766e+00   1.524037e+01   1.358565e+00   1.174238e+05   3.589018e+04  -8.160429e+04   0.000000e+00   0.000000e+00   0.000000e+00   1.474304e+05   0.000000e+00  9.930820e-316  1.634369e-320
     5040000   5.039999e-05   6.018160e+00   1.524325e+01   1.352037e+00   1.174238e+05   3.589018e+04  -8.160429e+04   0.000000e+00   0.000000e+00   0.000000e+00   1.474304e+05   0.000000e+00  9.930820e-316  1.634369e-320
     5048000   5.047999e-05   6.027554e+00   1.524612e+01   1.345508e+00   1.174238e+05   3.589018e+04  -8.160429e+04   0.000000e+00   0.000000e+00   0.000000e+00   1.474304e+05   0.000000e+00  9.930820e-316  1.634369e-320
     5056000   5.055999e-05   6.036947e+00   1.524899e+01   1.338980e+00   1.174238e+05   3.589018e+04  -8.160429e+04   0.000000e+00   0.000000e+00   0.000000e+00   1.474304e+05   0.000000e+00  9.930820e-316  1.634369e-320
     5064000   5.063999e-05   6.046341e+00   1.525186e+01   1.332452e+00   1.174238e+05   3.589018e+04  -8.160429e+04   0.000000e+00   0.000000e+00   0.000000e+00   1.474304e+05   0.000000e+00  9.930820e-316  1.634369e-320
     5072000   5.071999e-05   6.055735e+00   1.525473e+01   1.325923e+00   1.174238e+05   3.589018e+04  -8.160429e+04   0.000000e+00   0.000000e+00   0.000000e+00   1.474304e+05   0.000000e+00  9.930820e-316  1.634369e-320
     5080000   5.079999e-05   6.065129e+00   1.525760e+01   1.319395e+00   1.174238e+05   3.589018e+04  -8.160429e+04   0.000000e+00   0.000000e+00   0.000000e+00   1.474304e+05   0.000000e+00  9.930820e-316  1.634369e-320
     5088000   5.087999e-05   6.074523e+00   1.526047e+01   1.312867e+00   1.174238e+05   3.589018e+04  -8.160429e+04   0.000000e+00   0.000000e+00   0.000000e+00   1.474304e+05   0.000000e+00  9.930820e-316  1.634369e-320
     5096000   5.095999e-05   6.083917e+00   1.526334e+01   1.306338e+00   1.174238e+05   3.589018e+04  -8.160429e+04   0.000000e+00   0.000000e+00   0.000000e+00   1.474304e+05   0.000000e+00  9.930820e-316  1.634369e-320
     5104000   5.103999e-05   6.093311e+00   1.526622e+01   1.299810e+00   1.174238e+05   3.589018e+04  -8.160429e+04   0.000000e+00   0.000000e+00   0.000000e+00   1.474304e+05   0.000000e+00  9.930820e-316  1.634369e-320
     5112000   5.111999e-05   6.102705e+00   1.526909e+01   1.293282e+00   1.174238e+05   3.589018e+04  -8.160429e+04   0.000000e+00   0.000000e+00   0.000000e+00   1.474304e+05   0.000000e+00  9.930820e-316  1.634369e-320
     5120000   5.119999e-05   6.112099e+00   1.527196e+01   1.286753e+00   1.174238e+05   3.589018e+04  -8.160429e+04   0.000000e+00   0.000000e+00   0.000000e+00   1.474304e+05   0.000000e+00  9.930820e-316  1.634369e-320
     5128000   5.127999e-05   6.121493e+00   1.527483e+01   1.280225e+00   1.174238e+05   3.589018e+04  -8.160429e+04   0.000000e+00   0.000000e+00   0.000000e+00   1.474304e+05   0.000000e+00  9.930820e-316  1.634369e-320
     5136000   5.135999e-05   6.130887e+00   1.527770e+01   1.273697e+00   1.174238e+05   3.589018e+04  -8.160429e+04   0.000000e+00   0.000000e+00   0.000000e+00   1.474304e+05   0.000000e+00  9.930820e-316  1.634369e-320
     5144000   5.143999e-05   6.140280e+00   1.528057e+01   1.267168e+00   1.174238e+05   3.589018e+04  -8.160429e+04   0.000000e+00   0.000000e+00   0.000000e+00   1.474304e+05   0.000000e+00  9.930820e-316  1.634369e-320
     5152000   5.151999e-05   6.149674e+00   1.528344e+01   1.260640e+00   1.174238e+05   3.589018e+04  -8.160429e+04   0.000000e+00   0.000000e+00   0.000000e+00   1.474304e+05   0.000000e+00  9.930820e-316  1.634369e-320
     5160000   5.159999e-05   6.159068e+00   1.528631e+01   1.254112e+00   1.174238e+05   3.589018e+04  -8.160429e+04   0.000000e+00   0.000000e+00   0.000000e+00   1.474304e+05   0.000000e+00  9.930820e-316  1.634369e-320
     5168000   5.167999e-05   6.168462e+00   1.528919e+01   1.247583e+00   1.174238e+05   3.589018e+04  -8.160429e+04   0.000000e+00   0.000000e+00   0.000000e+00   1.474304e+05   0.000000e+00  9.930820e-316  1.634369e-320
     5176000   5.175999e-05   6.177856e+00   1.529206e+01   1.241055e+00   1.174238e+05   3.589018e+04  -8.160429e+04   0.000000e+00   0.000000e+00   0.000000e+00   1.474304e+05   0.000000e+00  9.930820e-316  1.634369e-320
     5184000   5.183999e-05   6.187250e+00   1.529493e+01   1.234527e+00   1.174238e+05   3.589018e+04  -8.160429e+04   0.000000e+00   0.000000e+00   0.000000e+00   1.474304e+05   0.000000e+00  9.930820e-316  1.634369e-320
     5192000   5.191999e-05   6.196644e+00   1.529780e+01   1.227998e+00   1.174238e+05   3.589018e+04  -8.160429e+04   0.000000e+00   0.000000e+00   0.000000e+00   1.474304e+05   0.000000e+00  9.930820e-316  1.634369e-320
     5200000   5.199999e-05   6.206038e+00   1.530067e+01   1.221470e+00   1.174238e+05   3.589018e+04  -8.160429e+04   0.000000e+00   0.000000e+00   0.000000e+00   1.474304e+05   0.000000e+00  9.930820e-316  1.634369e-320
     5208000   5.207999e-05   6.215432e+00   1.530354e+01   1.214942e+00   1.174238e+05   3.589018e+04  -8.160429e+04   0.000000e+00   0.000000e+00   0.000000e+00   1.474304e+05   0.000000e+00  9.930820e-316  1.634369e-320
     5216000   5.215999e-05   6.224826e+00   1.530641e+01   1.208413e+00   1.174238e+05   3.589018e+04  -8.160429e+04   0.000000e+00   0.000000e+00   0.000000e+00   1.474304e+05   0.000000e+00  9.930820e-316  1.634369e-320
     5224000   5.223999e-05   6.234219e+00   1.530928e+01   1.201885e+00   1.174238e+05   3.589018e+04  -8.160429e+04   0.000000e+00   0.000000e+00   0.000000e+00   1.474304e+05   0.000000e+00  9.930820e-316  1.634369e-320
     5232000   5.231999e-05   6.243613e+00   1.531215e+01   1.195357e+00   1.174238e+05   3.589018e+04  -8.160429e+04   0.000000e+00   0.000000e+00   0.000000e+00   1.474304e+05   0.000000e+00  9.930820e-316  1.634369e-320
     5240000   5.239999e-05   6.253007e+00   1.531503e+01   1.188828e+00   1.174238e+05   3.589018e+04  -8.160429e+04   0.000000e+00   0.000000e+00   0.000000e+00   1.474304e+05   0.000000e+00  9.930820e-316  1.634369e-320
     5248000   5.247999e-05   6.262401e+00   1.531790e+01   1.182300e+00   1.174238e+05   3.589018e+04  -8.160429e+04   0.000000e+00   0.000000e+00   0.000000e+00   1.474304e+05   0.000000e+00  9.930820e-316  1.634369e-320
     5256000   5.255999e-05   6.271795e+00   1.532077e+01   1.175772e+00   1.174238e+05   3.589018e+04  -8.160429e+04   0.000000e+00   0.000000e+00   0.000000e+00   1.474304e+05   0.000000e+00  9.930820e-316  1.634369e-320
     5264000   5.263999e-05   6.281189e+00   1.532364e+01   1.169243e+00   1.174238e+05   3.589018e+04  -8.160429e+04   0.000000e+00   0.000000e+00   0.000000e+00   1.474304e+05   0.000000e+00  9.930820e-316  1.634369e-320
     5272000   5.271999e-05   6.290583e+00   1.532651e+01   1.162715e+00   1.174238e+05   3.589018e+04  -8.160429e+04   0.000000e+00   0.000000e+00   0.000000e+00   1.474304e+05   0.000000e+00  9.930820e-316  1.634369e-320
     5280000   5.279999e-05   6.299977e+00   1.532938e+01   1.156187e+00   1.174238e+05   3.589018e+04  -8.160429e+04   0.000000e+00   0.000000e+00   0.000000e+00   1.474304e+05   0.000000e+00  9.930820e-316  1.634369e-320
     5288000   5.287999e-05   6.309371e+00   1.533225e+01   1.149658e+00   1.174238e+05   3.589018e+04  -8.160429e+04   0.000000e+00   0.000000e+00   0.000000e+00   1.474304e+05   0.000000e+00  9.930820e-316  1.634369e-320
     5296000   5.295999e-05   6.318765e+00   1.533512e+01   1.143130e+00   1.174238e+05   3.589018e+04  -8.160429e+04   0.000000e+00   0.000000e+00   0.000000e+00   1.474304e+05   0.000000e+00  9.930820e-316  1.634369e-320
     5304000   5.303999e-05   6.328159e+00   1.533800e+01   1.136602e+00   1.174238e+05   3.589018e+04  -8.160429e+04   0.000000e+00   0.000000e+00   0.000000e+00   1.474304e+05   0.000000e+00  9.930820e-316  1.634369e-320
     5312000   5.311999e-05   6.337552e+00   1.534087e+01   1.130073e+00   1.174238e+05   3.589018e+04  -8.160429e+04   0.000000e+00   0.000000e+00   0.000000e+00   1.474304e+05   0.000000e+00  9.930820e-316  1.634369e-320
     5320000   5.319999e-05   6.346946e+00   1.534374e+01   1.123545e+00   1.174238e+05   3.589018e+04  -8.160429e+04   0.000000e+00   0.000000e+00   0.000000e+00   1.474304e+05   0.000000e+00  9.930820e-316  1.634369e-320
     5328000   5.327999e-05   6.356340e+00   1.534661e+01   1.117016e+00   1.174238e+05   3.589018e+04  -8.160429e+04   0.000000e+00   0.000000e+00   0.000000e+00   1.474304e+05   0.000000e+00  9.930820e-316  1.634369e-320
     5336000   5.335999e-05   6.365734e+00   1.534948e+01   1.110488e+00   1.174238e+05   3.589018e+04  -8.160429e+04   0.000000e+00   0.000000e+00   0.000000e+00   1.474304e+05   0.000000e+00  9.930820e-316  1.634369e-320
     5344000   5.343999e-05   6.375128e+00   1.535235e+01   1.103960e+00   1.174238e+05   3.589018e+04  -8.160429e+04   0.000000e+00   0.000000e+00   0.000000e+00   1.474304e+05   0.000000e+00  9.930820e-316  1.634369e-320
     5352000   5.351999e-05   6.384522e+00   1.535522e+01   1.097431e+00   1.174238e+05   3.589018e+04  -8.160429e+04   0.000000e+00   0.000000e+00   0.000000e+00   1.474304e+05   0.000000e+00  9.930820e-316  1.634369e-320
     5360000   5.359999e-05   6.393916e+00   1.535809e+01   1.090903e+00   1.174238e+05   3.589018e+04  -8.160429e+04   0.000000e+00   0.000000e+00   0.000000e+00   1.474304e+05   0.000000e+00  9.930820e-316  1.634369e-320
     5368000   5.367999e-05   6.403310e+00   1.536097e+01   1.084375e+00   1.174238e+05   3.589018e+04  -8.160429e+04   0.000000e+00   0.000000e+00   0.000000e+00   1.474304e+05   0.000000e+00  9.930820e-316  1.634369e-320
     5376000   5.375999e-05   6.412704e+00   1.536384e+01   1.077846e+00   1.174238e+05   3.589018e+04  -8.160429e+04   0.000000e+00   0.000000e+00   0.000000e+00   1.474304e+05   0.000000e+00  9.930820e-316  1.634369e-320
     5384000   5.383999e-05   6.422098e+00   1.536671e+01   1.071318e+00   1.174238e+05   3.589018e+04  -8.160429e+04   0.000000e+00   0.000000e+00   0.000000e+00   1.474304e+05   0.000000e+00  9.930820e-316  1.634369e-320
     5392000   5.391999e-05   6.431491e+00   1.536958e+01   1.064790e+00   1.174238e+05   3.589018e+04  -8.160429e+04   0.000000e+00   0.000000e+00   0.000000e+00   1.474304e+05   0.000000e+00  9.930820e-316  1.634369e-320
     5400000   5.399999e-05   6.440885e+00   1.537245e+01   1.058261e+00   1.174238e+05   3.589018e+04  -8.160429e+04   0.000000e+00   0.000000e+00   0.000000e+00   1.474304e+05   0.000000e+00  9.930820e-316  1.634369e-320
     5408000   5.407999e-05   6.450279e+00   1.537532e+01   1.051733e+00   1.174238e+05   3.589018e+04  -8.160429e+04   0.000000e+00   0.000000e+00   0.000000e+00   1.474304e+05   0.000000e+00  9.930820e-316  1.634369e-320
     5416000   5.415999e-05   6.459673e+00   1.537819e+01   1.045205e+00   1.174238e+05   3.589018e+04  -8.160429e+04   0.000000e+00   0.000000e+00   0.000000e+00   1.474304e+05   0.000000e+00  9.930820e-316  1.634369e-320
     5424000   5.423999e-05   6.469067e+00   1.538106e+01   1.038676e+00   1.174238e+05   3.589018e+04  -8.160429e+04   0.000000e+00   0.000000e+00   0.000000e+00   1.474304e+05   0.000000e+00  9.930820e-316  1.634369e-320
     5432000   5.431999e-05   6.478461e+00   1.538394e+01   1.032148e+00   1.174238e+05   3.589018e+04  -8.160429e+04   0.000000e+00   0.000000e+00   0.000000e+00   1.474304e+05   0.000000e+00  9.930820e-316  1.634369e-320
     5440000   5.439999e-05   6.487855e+00   1.538681e+01   1.025620e+00   1.174238e+05   3.589018e+04  -8.160429e+04   0.000000e+00   0.000000e+00   0.000000e+00   1.474304e+05   0.000000e+00  9.930820e-316  1.634369e-320
     5448000   5.447999e-05   6.497249e+00   1.538968e+01   1.019091e+00   1.174238e+05   3.589018e+04  -8.160429e+04   0.000000e+00   0.000000e+00   0.000000e+00   1.474304e+05   0.000000e+00  9.930820e-316  1.634369e-320
     5456000   5.455999e-05   6.506643e+00   1.539255e+01   1.012563e+00   1.174238e+05   3.589018e+04  -8.160429e+04   0.000000e+00   0.000000e+00   0.000000e+00   1.474304e+05   0.000000e+00  9.930820e-316  1.634369e-320
     5464000   5.463999e-05   6.516037e+00   1.539542e+01   1.006035e+00   1.174238e+05   3.589018e+04  -8.160429e+04   0.000000e+00   0.000000e+00   0.000000e+00   1.474304e+05   0.000000e+00  9.930820e-316  1.634369e-320
     5472000   5.471999e-05   6.525431e+00   1.539829e+01   9.995063e-01   1.174238e+05   3.589018e+04  -8.160429e+04   0.000000e+00   0.000000e+00   0.000000e+00   1.474304e+05   0.000000e+00  9.930820e-316  1.634369e-320
     5480000   5.479999e-05   6.534824e+00   1.540116e+01   9.929780e-01   1.174238e+05   3.589018e+04  -8.160429e+04   0.000000e+00   0.000000e+00   0.000000e+00   1.474304e+05   0.000000e+00  9.930820e-316  1.634369e-320
     5488000   5.487999e-05   6.544218e+00   1.540403e+01   9.864496e-01   1.174238e+05   3.589018e+04  -8.160429e+04   0.000000e+00   0.000000e+00   0.000000e+00   1.474304e+05   0.000000e+00  9.930820e-316  1.634369e-320
     5496000   5.495999e-05   6.553612e+00   1.540691e+01   9.799213e-01   1.174238e+05   3.589018e+04  -8.160429e+04   0.000000e+00   0.000000e+00   0.000000e+00   1.474304e+05   0.000000e+00  9.930820e-316  1.634369e-320
     5504000   5.503999e-05   6.563006e+00   1.540978e+01   9.733929e-01   1.174238e+05   3.589018e+04  -8.160429e+04   0.000000e+00   0.000000e+00   0.000000e+00   1.474304e+05   0.000000e+00  9.930820e-316  1.634369e-320
     5512000   5.511999e-05   6.572400e+00   1.541265e+01   9.668646e-01   1.174238e+05   3.589018e+04  -8.160429e+04   0.000000e+00   0.000000e+00   0.000000e+00   1.474304e+05   0.000000e+00  9.930820e-316  1.634369e-320
     5520000   5.519999e-05   6.581794e+00   1.541552e+01   9.603363e-01   1.174238e+05   3.589018e+04  -8.160429e+04   0.000000e+00   0.000000e+00   0.000000e+00   1.474304e+05   0.000000e+00  9.930820e-316  1.634369e-320
     5528000   5.527999e-05   6.591188e+00   1.541839e+01   9.538079e-01   1.174238e+05   3.589018e+04  -8.160429e+04   0.000000e+00   0.000000e+00   0.000000e+00   1.474304e+05   0.000000e+00  9.930820e-316  1.634369e-320
     5536000   5.535999e-05   6.600582e+00   1.542126e+01   9.472796e-01   1.174238e+05   3.589018e+04  -8.160429e+04   0.000000e+00   0.000000e+00   0.000000e+00   1.474304e+05   0.000000e+00  9.930820e-316  1.634369e-320
     5544000   5.543999e-05   6.609976e+00   1.542413e+01   9.407512e-01   1.174238e+05   3.589018e+04  -8.160429e+04   0.000000e+00   0.000000e+00   0.000000e+00   1.474304e+05   0.000000e+00  9.930820e-316  1.634369e-320
     5552000   5.551999e-05   6.619370e+00   1.542700e+01   9.342229e-01   1.174238e+05   3.589018e+04  -8.160429e+04   0.000000e+00   0.000000e+00   0.000000e+00   1.474304e+05   0.000000e+00  9.930820e-316  1.634369e-320
     5560000   5.559999e-05   6.628763e+00   1.542987e+01   9.276945e-01   1.174238e+05   3.589018e+04  -8.160429e+04   0.000000e+00   0.000000e+00   0.000000e+00   1.474304e+05   0.000000e+00  9.930820e-316  1.634369e-320
     5568000   5.567999e-05   6.638157e+00   1.543275e+01   9.211662e-01   1.174238e+05   3.589018e+04  -8.160429e+04   0.000000e+00   0.000000e+00   0.000000e+00   1.474304e+05   0.000000e+00  9.930820e-316  1.634369e-320
     5576000   5.575999e-05   6.647551e+00   1.543562e+01   9.146379e-01   1.174238e+05   3.589018e+04  -8.160429e+04   0.000000e+00   0.000000e+00   0.000000e+00   1.474304e+05   0.000000e+00  9.930820e-316  1.634369e-320
     5584000   5.583999e-05   6.656945e+00   1.543849e+01   9.081095e-01   1.174238e+05   3.589018e+04  -8.160429e+04   0.000000e+00   0.000000e+00   0.000000e+00   1.474304e+05   0.000000e+00  9.930820e-316  1.634369e-320
     5592000   5.591999e-05   6.666339e+00   1.544136e+01   9.015812e-01   1.174238e+05   3.589018e+04  -8.160429e+04   0.000000e+00   0.000000e+00   0.000000e+00   1.474304e+05   0.000000e+00  9.930820e-316  1.634369e-320
     5600000   5.599999e-05   6.675733e+00   1.544423e+01   8.950528e-01   1.174238e+05   3.589018e+04  -8.160429e+04   0.000000e+00   0.000000e+00   0.000000e+00   1.474304e+05   0.000000e+00  9.930820e-316  1.634369e-320
     5608000   5.607999e-05   6.685127e+00   1.544710e+01   8.885245e-01   1.174238e+05   3.589018e+04  -8.160429e+04   0.000000e+00   0.000000e+00   0.000000e+00   1.474304e+05   0.000000e+00  9.930820e-316  1.634369e-320
     5616000   5.615999e-05   6.694521e+00   1.544997e+01   8.819961e-01   1.174238e+05   3.589018e+04  -8.160429e+04   0.000000e+00   0.000000e+00   0.000000e+00   1.474304e+05   0.000000e+00  9.930820e-316  1.634369e-320
     5624000   5.623999e-05   6.703915e+00   1.545284e+01   8.754678e-01   1.174238e+05   3.589018e+04  -8.160429e+04   0.000000e+00   0.000000e+00   0.000000e+00   1.474304e+05   0.000000e+00  9.930820e-316  1.634369e-320
     5632000   5.631999e-05   6.713309e+00   1.545572e+01   8.689395e-01   1.174238e+05   3.589018e+04  -8.160429e+04   0.000000e+00   0.000000e+00   0.000000e+00   1.474304e+05   0.000000e+00  9.930820e-316  1.634369e-320
     5640000   5.639999e-05   6.722702e+00   1.545859e+01   8.624111e-01   1.174238e+05   3.589018e+04  -8.160429e+04   0.000000e+00   0.000000e+00   0.000000e+00   1.474304e+05   0.000000e+00  9.930820e-316  1.634369e-320
     5648000   5.647999e-05   6.732096e+00   1.546146e+01   8.558828e-01   1.174238e+05   3.589018e+04  -8.160429e+04   0.000000e+00   0.000000e+00   0.000000e+00   1.474304e+05   0.000000e+00  9.930820e-316  1.634369e-320
     5656000   5.655999e-05   6.741490e+00   1.546433e+01   8.493544e-01   1.174238e+05   3.589018e+04  -8.160429e+04   0.000000e+00   0.000000e+00   0.000000e+00   1.474304e+05   0.000000e+00  9.930820e-316  1.634369e-320
     5664000   5.663999e-05   6.750884e+00   1.546720e+01   8.428261e-01   1.174238e+05   3.589018e+04  -8.160429e+04   0.000000e+00   0.000000e+00   0.000000e+00   1.474304e+05   0.000000e+00  9.930820e-316  1.634369e-320
     5672000   5.671999e-05   6.760278e+00   1.547007e+01   8.362977e-01   1.174238e+05   3.589018e+04  -8.160429e+04   0.000000e+00   0.000000e+00   0.000000e+00   1.474304e+05   0.000000e+00  9.930820e-316  1.634369e-320
     5680000   5.679999e-05   6.769672e+00   1.547294e+01   8.297694e-01   1.174238e+05   3.589018e+04  -8.160429e+04   0.000000e+00   0.000000e+00   0.000000e+00   1.474304e+05   0.000000e+00  9.930820e-316  1.634369e-320
     5688000   5.687999e-05   6.779066e+00   1.547581e+01   8.232411e-01   1.174238e+05   3.589018e+04  -8.160429e+04   0.000000e+00   0.000000e+00   0.000000e+00   1.474304e+05   0.000000e+00  9.930820e-316  1.634369e-320
     5696000   5.695999e-05   6.788460e+00   1.547869e+01   8.167127e-01   1.174238e+05   3.589018e+04  -8.160429e+04   0.000000e+00   0.000000e+00   0.000000e+00   1.474304e+05   0.000000e+00  9.930820e-316  1.634369e-320
     5704000   5.703999e-05   6.797854e+00   1.548156e+01   8.101844e-01   1.174238e+05   3.589018e+04  -8.160429e+04   0.000000e+00   0.000000e+00   0.000000e+00   1.474304e+05   0.000000e+00  9.930820e-316  1.634369e-320
     5712000   5.711999e-05   6.807248e+00   1.548443e+01   8.036560e-01   1.174238e+05   3.589018e+04  -8.160429e+04   0.000000e+00   0.000000e+00   0.000000e+00   1.474304e+05   0.000000e+00  9.930820e-316  1.634369e-320
     5720000   5.719999e-05   6.816642e+00   1.548730e+01   7.971277e-01   1.174238e+05   3.589018e+04  -8.160429e+04   0.000000e+00   0.000000e+00   0.000000e+00   1.474304e+05   0.000000e+00  9.930820e-316  1.634369e-320
     5728000   5.727999e-05   6.826035e+00   1.549017e+01   7.905993e-01   1.174238e+05   3.589018e+04  -8.160429e+04   0.000000e+00   0.000000e+00   0.000000e+00   1.474304e+05   0.000000e+00  9.930820e-316  1.634369e-320
     5736000   5.735999e-05   6.835429e+00   1.549304e+01   7.840710e-01   1.174238e+05   3.589018e+04  -8.160429e+04   0.000000e+00   0.000000e+00   0.000000e+00   1.474304e+05   0.000000e+00  9.930820e-316  1.634369e-320
     5744000   5.743999e-05   6.844823e+00   1.549591e+01   7.775426e-01   1.174238e+05   3.589018e+04  -8.160429e+04   0.000000e+00   0.000000e+00   0.000000e+00   1.474304e+05   0.000000e+00  9.930820e-316  1.634369e-320
     5752000   5.751999e-05   6.854217e+00   1.549878e+01   7.710143e-01   1.174238e+05   3.589018e+04  -8.160429e+04   0.000000e+00   0.000000e+00   0.000000e+00   1.474304e+05   0.000000e+00  9.930820e-316  1.634369e-320
     5760000   5.759999e-05   6.863611e+00   1.550166e+01   7.644860e-01   1.174238e+05   3.589018e+04  -8.160429e+04   0.000000e+00   0.000000e+00   0.000000e+00   1.474304e+05   0.000000e+00  9.930820e-316  1.634369e-320
     5768000   5.767999e-05   6.873005e+00   1.550453e+01   7.579576e-01   1.174238e+05   3.589018e+04  -8.160429e+04   0.000000e+00   0.000000e+00   0.000000e+00   1.474304e+05   0.000000e+00  9.930820e-316  1.634369e-320
     5776000   5.775999e-05   6.882399e+00   1.550740e+01   7.514293e-01   1.174238e+05   3.589018e+04  -8.160429e+04   0.000000e+00   0.000000e+00   0.000000e+00   1.474304e+05   0.000000e+00  9.930820e-316  1.634369e-320
     5784000   5.783999e-05   6.891793e+00   1.551027e+01   7.449009e-01   1.174238e+05   3.589018e+04  -8.160429e+04   0.000000e+00   0.000000e+00   0.000000e+00   1.474304e+05   0.000000e+00  9.930820e-316  1.634369e-320
     5792000   5.791999e-05   6.901187e+00   1.551314e+01   7.383726e-01   1.174238e+05   3.589018e+04  -8.160429e+04   0.000000e+00   0.000000e+00   0.000000e+00   1.474304e+05   0.000000e+00  9.930820e-316  1.634369e-320
     5800000   5.799999e-05   6.910581e+00   1.551601e+01   7.318442e-01   1.174238e+05   3.589018e+04  -8.160429e+04   0.000000e+00   0.000000e+00   0.000000e+00   1.474304e+05   0.000000e+00  9.930820e-316  1.634369e-320
     5808000   5.807999e-05   6.919974e+00   1.551888e+01   7.253159e-01   1.174238e+05   3.589018e+04  -8.160429e+04   0.000000e+00   0.000000e+00   0.000000e+00   1.474304e+05   0.000000e+00  9.930820e-316  1.634369e-320
     5816000   5.815999e-05   6.929368e+00   1.552175e+01   7.187876e-01   1.174238e+05   3.589018e+04  -8.160429e+04   0.000000e+00   0.000000e+00   0.000000e+00   1.474304e+05   0.000000e+00  9.930820e-316  1.634369e-320
     5824000   5.823999e-05   6.938762e+00   1.552462e+01   7.122592e-01   1.174238e+05   3.589018e+04  -8.160429e+04   0.000000e+00   0.000000e+00   0.000000e+00   1.474304e+05   0.000000e+00  9.930820e-316  1.634369e-320
     5832000   5.831999e-05   6.948156e+00   1.552750e+01   7.057309e-01   1.174238e+05   3.589018e+04  -8.160429e+04   0.000000e+00   0.000000e+00   0.000000e+00   1.474304e+05   0.000000e+00  9.930820e-316  1.634369e-320
     5840000   5.839999e-05   6.957550e+00   1.553037e+01   6.992025e-01   1.174238e+05   3.589018e+04  -8.160429e+04   0.000000e+00   0.000000e+00   0.000000e+00   1.474304e+05   0.000000e+00  9.930820e-316  1.634369e-320
     5848000   5.847999e-05   6.966944e+00   1.553324e+01   6.926742e-01   1.174238e+05   3.589018e+04  -8.160429e+04   0.000000e+00   0.000000e+00   0.000000e+00   1.474304e+05   0.000000e+00  9.930820e-316  1.634369e-320
     5856000   5.855999e-05   6.976338e+00   1.553611e+01   6.861458e-01   1.174238e+05   3.589018e+04  -8.160429e+04   0.000000e+00   0.000000e+00   0.000000e+00   1.474304e+05   0.000000e+00  9.930820e-316  1.634369e-320
     5864000   5.863999e-05   6.985732e+00   1.553898e+01   6.796175e-01   1.174238e+05   3.589018e+04  -8.160429e+04   0.000000e+00   0.000000e+00   0.000000e+00   1.474304e+05   0.000000e+00  9.930820e-316  1.634369e-320
     5872000   5.871999e-05   6.995126e+00   1.554185e+01   6.730892e-01   1.174238e+05   3.589018e+04  -8.160429e+04   0.000000e+00   0.000000e+00   0.000000e+00   1.474304e+05   0.000000e+00  9.930820e-316  1.634369e-320
     5880000   5.879999e-05   7.004520e+00   1.554472e+01   6.665608e-01   1.174238e+05   3.589018e+04  -8.160429e+04   0.000000e+00   0.000000e+00   0.000000e+00   1.474304e+05   0.000000e+00  9.930820e-316  1.634369e-320
     5888000   5.887999e-05   7.013914e+00   1.554759e+01   6.600325e-01   1.174238e+05   3.589018e+04  -8.160429e+04   0.000000e+00   0.000000e+00   0.000000e+00   1.474304e+05   0.000000e+00  9.930820e-316  1.634369e-320
     5896000   5.895999e-05   7.023307e+00   1.555047e+01   6.535041e-01   1.174238e+05   3.589018e+04  -8.160429e+04   0.000000e+00   0.000000e+00   0.000000e+00   1.474304e+05   0.000000e+00  9.930820e-316  1.634369e-320
     5904000   5.903999e-05   7.032701e+00   1.555334e+01   6.469758e-01   1.174238e+05   3.589018e+04  -8.160429e+04   0.000000e+00   0.000000e+00   0.000000e+00   1.474304e+05   0.000000e+00  9.930820e-316  1.634369e-320
     5912000   5.911999e-05   7.042095e+00   1.555621e+01   6.404474e-01   1.174238e+05   3.589018e+04  -8.160429e+04   0.000000e+00   0.000000e+00   0.000000e+00   1.474304e+05   0.000000e+00  9.930820e-316  1.634369e-320
     5920000   5.919999e-05   7.051489e+00   1.555908e+01   6.339191e-01   1.174238e+05   3.589018e+04  -8.160429e+04   0.000000e+00   0.000000e+00   0.000000e+00   1.474304e+05   0.000000e+00  9.930820e-316  1.634369e-320
     5928000   5.927999e-05   7.060883e+00   1.556195e+01   6.273908e-01   1.174238e+05   3.589018e+04  -8.160429e+04   0.000000e+00   0.000000e+00   0.000000e+00   1.474304e+05   0.000000e+00  9.930820e-316  1.634369e-320
     5936000   5.935999e-05   7.070277e+00   1.556482e+01   6.208624e-01   1.174238e+05   3.589018e+04  -8.160429e+04   0.000000e+00   0.000000e+00   0.000000e+00   1.474304e+05   0.000000e+00  9.930820e-316  1.634369e-320
     5944000   5.943999e-05   7.079671e+00   1.556769e+01   6.143341e-01   1.174238e+05   3.589018e+04  -8.160429e+04   0.000000e+00   0.000000e+00   0.000000e+00   1.474304e+05   0.000000e+00  9.930820e-316  1.634369e-320
     5952000   5.951999e-05   7.089065e+00   1.557056e+01   6.078057e-01   1.174238e+05   3.589018e+04  -8.160429e+04   0.000000e+00   0.000000e+00   0.000000e+00   1.474304e+05   0.000000e+00  9.930820e-316  1.634369e-320
     5960000   5.959999e-05   7.098459e+00   1.557344e+01   6.012774e-01   1.174238e+05   3.589018e+04  -8.160429e+04   0.000000e+00   0.000000e+00   0.000000e+00   1.474304e+05   0.000000e+00  9.930820e-316  1.634369e-320
     5968000   5.967999e-05   7.107853e+00   1.557631e+01   5.947490e-01   1.174238e+05   3.589018e+04  -8.160429e+04   0.000000e+00   0.000000e+00   0.000000e+00   1.474304e+05   0.000000e+00  9.930820e-316  1.634369e-320
     5976000   5.975999e-05   7.117246e+00   1.557918e+01   5.882207e-01   1.174238e+05   3.589018e+04  -8.160429e+04   0.000000e+00   0.000000e+00   0.000000e+00   1.474304e+05   0.000000e+00  9.930820e-316  1.634369e-320
     5984000   5.983999e-05   7.126640e+00   1.558205e+01   5.816924e-01   1.174238e+05   3.589018e+04  -8.160429e+04   0.000000e+00   0.000000e+00   0.000000e+00   1.474304e+05   0.000000e+00  9.930820e-316  1.634369e-320
     5992000   5.991999e-05   7.136034e+00   1.558492e+01   5.751640e-01   1.174238e+05   3.589018e+04  -8.160429e+04   0.000000e+00   0.000000e+00   0.000000e+00   1.474304e+05   0.000000e+00  9.930820e-316  1.634369e-320
     6000000   5.999999e-05   7.145428e+00   1.558779e+01   5.686357e-01   1.174238e+05   3.589018e+04  -8.160429e+04   0.000000e+00   0.000000e+00   0.000000e+00   1.474304e+05   0.000000e+00  9.930820e-316  1.634369e-320
     6008000   6.007999e-05   7.154822e+00   1.559066e+01   5.621073e-01   1.174238e+05   3.589018e+04  -8.160429e+04   0.000000e+00   0.000000e+00   0.000000e+00   1.474304e+05   0.000000e+00  9.930820e-316  1.634369e-320
     6016000   6.015999e-05   7.164216e+00   1.559353e+01   5.555790e-01   1.174238e+05   3.589018e+04  -8.160429e+04   0.000000e+00   0.000000e+00   0.000000e+00   1.474304e+05   0.000000e+00  9.930820e-316  1.634369e-320
     6024000   6.023999e-05   7.173610e+00   1.559641e+01   5.490506e-01   1.174238e+05   3.589018e+04  -8.160429e+04   0.000000e+00   0.000000e+00   0.000000e+00   1.474304e+05   0.000000e+00  9.930820e-316  1.634369e-320
     6032000   6.031999e-05   7.183004e+00   1.559928e+01   5.425223e-01   1.174238e+05   3.589018e+04  -8.160429e+04   0.000000e+00   0.000000e+00   0.000000e+00   1.474304e+05   0.000000e+00  9.930820e-316  1.634369e-320
     6040000   6.039999e-05   7.192398e+00   1.560215e+01   5.359940e-01   1.174238e+05   3.589018e+04  -8.160429e+04   0.000000e+00   0.000000e+00   0.000000e+00   1.474304e+05   0.000000e+00  9.930820e-316  1.634369e-320
     6048000   6.047999e-05   7.201792e+00   1.560502e+01   5.294656e-01   1.174238e+05   3.589018e+04  -8.160429e+04   0.000000e+00   0.000000e+00   0.000000e+00   1.474304e+05   0.000000e+00  9.930820e-316  1.634369e-320
     6056000   6.055999e-05   7.211186e+00   1.560789e+01   5.229373e-01   1.174238e+05   3.589018e+04  -8.160429e+04   0.000000e+00   0.000000e+00   0.000000e+00   1.474304e+05   0.000000e+00  9.930820e-316  1.634369e-320
     6064000   6.063999e-05   7.220579e+00   1.561076e+01   5.164089e-01   1.174238e+05   3.589018e+04  -8.160429e+04   0.000000e+00   0.000000e+00   0.000000e+00   1.474304e+05   0.000000e+00  9.930820e-316  1.634369e-320
     6072000   6.071999e-05   7.229973e+00   1.561363e+01   5.098806e-01   1.174238e+05   3.589018e+04  -8.160429e+04   0.000000e+00   0.000000e+00   0.000000e+00   1.474304e+05   0.000000e+00  9.930820e-316  1.634369e-320
     6080000   6.079999e-05   7.239367e+00   1.561650e+01   5.033522e-01   1.174238e+05   3.589018e+04  -8.160429e+04   0.000000e+00   0.000000e+00   0.000000e+00   1.474304e+05   0.000000e+00  9.930820e-316  1.634369e-320
     6088000   6.087999e-05   7.248761e+00   1.561937e+01   4.968239e-01   1.174238e+05   3.589018e+04  -8.160429e+04   0.000000e+00   0.000000e+00   0.000000e+00   1.474304e+05   0.000000e+00  9.930820e-316  1.634369e-320
     6096000   6.095999e-05   7.258155e+00   1.562225e+01   4.902956e-01   1.174238e+05   3.589018e+04  -8.160429e+04   0.000000e+00   0.000000e+00   0.000000e+00   1.474304e+05   0.000000e+00  9.930820e-316  1.634369e-320
     6104000   6.103999e-05   7.267549e+00   1.562512e+01   4.837672e-01   1.174238e+05   3.589018e+04  -8.160429e+04   0.000000e+00   0.000000e+00   0.000000e+00   1.474304e+05   0.000000e+00  9.930820e-316  1.634369e-320
     6112000   6.111999e-05   7.276943e+00   1.562799e+01   4.772389e-01   1.174238e+05   3.589018e+04  -8.160429e+04   0.000000e+00   0.000000e+00   0.000000e+00   1.474304e+05   0.000000e+00  9.930820e-316  1.634369e-320
     6120000   6.119999e-05   7.286337e+00   1.563086e+01   4.707105e-01   1.174238e+05   3.589018e+04  -8.160429e+04   0.000000e+00   0.000000e+00   0.000000e+00   1.474304e+05   0.000000e+00  9.930820e-316  1.634369e-320
     6128000   6.127999e-05   7.295731e+00   1.563373e+01   4.641822e-01   1.174238e+05   3.589018e+04  -8.160429e+04   0.000000e+00   0.000000e+00   0.000000e+00   1.474304e+05   0.000000e+00  9.930820e-316  1.634369e-320
     6136000   6.135999e-05   7.305125e+00   1.563660e+01   4.576538e-01   1.174238e+05   3.589018e+04  -8.160429e+04   0.000000e+00   0.000000e+00   0.000000e+00   1.474304e+05   0.000000e+00  9.930820e-316  1.634369e-320
     6144000   6.143999e-05   7.314518e+00   1.563947e+01   4.511255e-01   1.174238e+05   3.589018e+04  -8.160429e+04   0.000000e+00   0.000000e+00   0.000000e+00   1.474304e+05   0.000000e+00  9.930820e-316  1.634369e-320
     6152000   6.151999e-05   7.323912e+00   1.564234e+01   4.445972e-01   1.174238e+05   3.589018e+04  -8.160429e+04   0.000000e+00   0.000000e+00   0.000000e+00   1.474304e+05   0.000000e+00  9.930820e-316  1.634369e-320
     6160000   6.159999e-05   7.333306e+00   1.564522e+01   4.380688e-01   1.174238e+05   3.589018e+04  -8.160429e+04   0.000000e+00   0.000000e+00   0.000000e+00   1.474304e+05   0.000000e+00  9.930820e-316  1.634369e-320
     6168000   6.167999e-05   7.342700e+00   1.564809e+01   4.315405e-01   1.174238e+05   3.589018e+04  -8.160429e+04   0.000000e+00   0.000000e+00   0.000000e+00   1.474304e+05   0.000000e+00  9.930820e-316  1.634369e-320
     6176000   6.175999e-05   7.352094e+00   1.565096e+01   4.250121e-01   1.174238e+05   3.589018e+04  -8.160429e+04   0.000000e+00   0.000000e+00   0.000000e+00   1.474304e+05   0.000000e+00  9.930820e-316  1.634369e-320
     6184000   6.183999e-05   7.361488e+00   1.565383e+01   4.184838e-01   1.174238e+05   3.589018e+04  -8.160429e+04   0.000000e+00   0.000000e+00   0.000000e+00   1.474304e+05   0.000000e+00  9.930820e-316  1.634369e-320
     6192000   6.191999e-05   7.370882e+00   1.565670e+01   4.119554e-01   1.174238e+05   3.589018e+04  -8.160429e+04   0.000000e+00   0.000000e+00   0.000000e+00   1.474304e+05   0.000000e+00  9.930820e-316  1.634369e-320
     6200000   6.199999e-05   7.380276e+00   1.565957e+01   4.054271e-01   1.174238e+05   3.589018e+04  -8.160429e+04   0.000000e+00   0.000000e+00   0.000000e+00   1.474304e+05   0.000000e+00  9.930820e-316  1.634369e-320
     6208000   6.207999e-05   7.389670e+00   1.566244e+01   3.988987e-01   1.174238e+05   3.589018e+04  -8.160429e+04   0.000000e+00   0.000000e+00   0.000000e+00   1.474304e+05   0.000000e+00  9.930820e-316  1.634369e-320
     6216000   6.215999e-05   7.399064e+00   1.566531e+01   3.923704e-01   1.174238e+05   3.589018e+04  -8.160429e+04   0.000000e+00   0.000000e+00   0.000000e+00   1.474304e+05   0.000000e+00  9.930820e-316  1.634369e-320
     6224000   6.223999e-05   7.408458e+00   1.566819e+01   3.858421e-01   1.174238e+05   3.589018e+04  -8.160429e+04   0.000000e+00   0.000000e+00   0.000000e+00   1.474304e+05   0.000000e+00  9.930820e-316  1.634369e-320
     6232000   6.231999e-05   7.417851e+00   1.567106e+01   3.793137e-01   1.174238e+05   3.589018e+04  -8.160429e+04   0.000000e+00   0.000000e+00   0.000000e+00   1.474304e+05   0.000000e+00  9.930820e-316  1.634369e-320
     6240000   6.239999e-05   7.427245e+00   1.567393e+01   3.727854e-01   1.174238e+05   3.589018e+04  -8.160429e+04   0.000000e+00   0.000000e+00   0.000000e+00   1.474304e+05   0.000000e+00  9.930820e-316  1.634369e-320
     6248000   6.247999e-05   7.436639e+00   1.567680e+01   3.662570e-01   1.174238e+05   3.589018e+04  -8.160429e+04   0.000000e+00   0.000000e+00   0.000000e+00   1.474304e+05   0.000000e+00  9.930820e-316  1.634369e-320
     6256000   6.255999e-05   7.446033e+00   1.567967e+01   3.597287e-01   1.174238e+05   3.589018e+04  -8.160429e+04   0.000000e+00   0.000000e+00   0.000000e+00   1.474304e+05   0.000000e+00  9.930820e-316  1.634369e-320
     6264000   6.263999e-05   7.455427e+00   1.568254e+01   3.532003e-01   1.174238e+05   3.589018e+04  -8.160429e+04   0.000000e+00   0.000000e+00   0.000000e+00   1.474304e+05   0.000000e+00  9.930820e-316  1.634369e-320
     6272000   6.271999e-05   7.464821e+00   1.568541e+01   3.466720e-01   1.174238e+05   3.589018e+04  -8.160429e+04   0.000000e+00   0.000000e+00   0.000000e+00   1.474304e+05   0.000000e+00  9.930820e-316  1.634369e-320
     6280000   6.279999e-05   7.474215e+00   1.568828e+01   3.401437e-01   1.174238e+05   3.589018e+04  -8.160429e+04   0.000000e+00   0.000000e+00   0.000000e+00   1.474304e+05   0.000000e+00  9.930820e-316  1.634369e-320
     6288000   6.287999e-05   7.483609e+00   1.569116e+01   3.336153e-01   1.174238e+05   3.589018e+04  -8.160429e+04   0.000000e+00   0.000000e+00   0.000000e+00   1.474304e+05   0.000000e+00  9.930820e-316  1.634369e-320
     6296000   6.295999e-05   7.493003e+00   1.569403e+01   3.270870e-01   1.174238e+05   3.589018e+04  -8.160429e+04   0.000000e+00   0.000000e+00   0.000000e+00   1.474304e+05   0.000000e+00  9.930820e-316  1.634369e-320
     6304000   6.303999e-05   7.502397e+00   1.569690e+01   3.205586e-01   1.174238e+05   3.589018e+04  -8.160429e+04   0.000000e+00   0.000000e+00   0.000000e+00   1.474304e+05   0.000000e+00  9.930820e-316  1.634369e-320
     6312000   6.311999e-05   7.511790e+00   1.569977e+01   3.140303e-01   1.174238e+05   3.589018e+04  -8.160429e+04   0.000000e+00   0.000000e+00   0.000000e+00   1.474304e+05   0.000000e+00  9.930820e-316  1.634369e-320
     6320000   6.319999e-05   7.521184e+00   1.570264e+01   3.075019e-01   1.174238e+05   3.589018e+04  -8.160429e+04   0.000000e+00   0.000000e+00   0.000000e+00   1.474304e+05   0.000000e+00  9.930820e-316  1.634369e-320
     6328000   6.327999e-05   7.530578e+00   1.570551e+01   3.009736e-01   1.174238e+05   3.589018e+04  -8.160429e+04   0.000000e+00   0.000000e+00   0.000000e+00   1.474304e+05   0.000000e+00  9.930820e-316  1.634369e-320
     6336000   6.335999e-05   7.539972e+00   1.570838e+01   2.944453e-01   1.174238e+05   3.589018e+04  -8.160429e+04   0.000000e+00   0.000000e+00   0.000000e+00   1.474304e+05   0.000000e+00  9.930820e-316  1.634369e-320
     6344000   6.343999e-05   7.549366e+00   1.571125e+01   2.879169e-01   1.174238e+05   3.589018e+04  -8.160429e+04   0.000000e+00   0.000000e+00   0.000000e+00   1.474304e+05   0.000000e+00  9.930820e-316  1.634369e-320
     6352000   6.351999e-05   7.558760e+00   1.571412e+01   2.813886e-01   1.174238e+05   3.589018e+04  -8.160429e+04   0.000000e+00   0.000000e+00   0.000000e+00   1.474304e+05   0.000000e+00  9.930820e-316  1.634369e-320
     6360000   6.359999e-05   7.568154e+00   1.571700e+01   2.748602e-01   1.174238e+05   3.589018e+04  -8.160429e+04   0.000000e+00   0.000000e+00   0.000000e+00   1.474304e+05   0.000000e+00  9.930820e-316  1.634369e-320
     6368000   6.367999e-05   7.577548e+00   1.571987e+01   2.683319e-01   1.174238e+05   3.589018e+04  -8.160429e+04   0.000000e+00   0.000000e+00   0.000000e+00   1.474304e+05   0.000000e+00  9.930820e-316  1.634369e-320
     6376000   6.375999e-05   7.586942e+00   1.572274e+01   2.618035e-01   1.174238e+05   3.589018e+04  -8.160429e+04   0.000000e+00   0.000000e+00   0.000000e+00   1.474304e+05   0.000000e+00  9.930820e-316  1.634369e-320
     6384000   6.383999e-05   7.596336e+00   1.572561e+01   2.552752e-01   1.174238e+05   3.589018e+04  -8.160429e+04   0.000000e+00   0.000000e+00   0.000000e+00   1.474304e+05   0.000000e+00  9.930820e-316  1.634369e-320
     6392000   6.391999e-05   7.605729e+00   1.572848e+01   2.487469e-01   1.174238e+05   3.589018e+04  -8.160429e+04   0.000000e+00   0.000000e+00   0.000000e+00   1.474304e+05   0.000000e+00  9.930820e-316  1.634369e-320
     6400000   6.399999e-05   7.615123e+00   1.573135e+01   2.422185e-01   1.174238e+05   3.589018e+04  -8.160429e+04   0.000000e+00   0.000000e+00   0.000000e+00   1.474304e+05   0.000000e+00  9.930820e-316  1.634369e-320
     6408000   6.407999e-05   7.624517e+00   1.573422e+01   2.356902e-01   1.174238e+05   3.589018e+04  -8.160429e+04   0.000000e+00   0.000000e+00   0.000000e+00   1.474304e+05   0.000000e+00  9.930820e-316  1.634369e-320
     6416000   6.415999e-05   7.633911e+00   1.573709e+01   2.291618e-01   1.174238e+05   3.589018e+04  -8.160429e+04   0.000000e+00   0.000000e+00   0.000000e+00   1.474304e+05   0.000000e+00  9.930820e-316  1.634369e-320
     6424000   6.423999e-05   7.643305e+00   1.573997e+01   2.226335e-01   1.174238e+05   3.589018e+04  -8.160429e+04   0.000000e+00   0.000000e+00   0.000000e+00   1.474304e+05   0.000000e+00  9.930820e-316  1.634369e-320
     6432000   6.431999e-05   7.652699e+00   1.574284e+01   2.161051e-01   1.174238e+05   3.589018e+04  -8.160429e+04   0.000000e+00   0.000000e+00   0.000000e+00   1.474304e+05   0.000000e+00  9.930820e-316  1.634369e-320
     6440000   6.439999e-05   7.662093e+00   1.574571e+01   2.095768e-01   1.174238e+05   3.589018e+04  -8.160429e+04   0.000000e+00   0.000000e+00   0.000000e+00   1.474304e+05   0.000000e+00  9.930820e-316  1.634369e-320
     6448000   6.447999e-05   7.671487e+00   1.574858e+01   2.030485e-01   1.174238e+05   3.589018e+04  -8.160429e+04   0.000000e+00   0.000000e+00   0.000000e+00   1.474304e+05   0.000000e+00  9.930820e-316  1.634369e-320
     6456000   6.455999e-05   7.680881e+00   1.575145e+01   1.965201e-01   1.174238e+05   3.589018e+04  -8.160429e+04   0.000000e+00   0.000000e+00   0.000000e+00   1.474304e+05   0.000000e+00  9.930820e-316  1.634369e-320
     6464000   6.463999e-05   7.690275e+00   1.575432e+01   1.899918e-01   1.174238e+05   3.589018e+04  -8.160429e+04   0.000000e+00   0.000000e+00   0.000000e+00   1.474304e+05   0.000000e+00  9.930820e-316  1.634369e-320
     6472000   6.471999e-05   7.699669e+00   1.575719e+01   1.834634e-01   1.174238e+05   3.589018e+04  -8.160429e+04   0.000000e+00   0.000000e+00   0.000000e+00   1.474304e+05   0.000000e+00  9.930820e-316  1.634369e-320
     6480000   6.479999e-05   7.709062e+00   1.576006e+01   1.769351e-01   1.174238e+05   3.589018e+04  -8.160429e+04   0.000000e+00   0.000000e+00   0.000000e+00   1.474304e+05   0.000000e+00  9.930820e-316  1.634369e-320
     6488000   6.487999e-05   7.718456e+00   1.576294e+01   1.704067e-01   1.174238e+05   3.589018e+04  -8.160429e+04   0.000000e+00   0.000000e+00   0.000000e+00   1.474304e+05   0.000000e+00  9.930820e-316  1.634369e-320
     6496000   6.495999e-05   7.727850e+00   1.576581e+01   1.638784e-01   1.174238e+05   3.589018e+04  -8.160429e+04   0.000000e+00   0.000000e+00   0.000000e+00   1.474304e+05   0.000000e+00  9.930820e-316  1.634369e-320
     6504000   6.503999e-05   7.737244e+00   1.576868e+01   1.573501e-01   1.174238e+05   3.589018e+04  -8.160429e+04   0.000000e+00   0.000000e+00   0.000000e+00   1.474304e+05   0.000000e+00  9.930820e-316  1.634369e-320
     6512000   6.511999e-05   7.746638e+00   1.577155e+01   1.508217e-01   1.174238e+05   3.589018e+04  -8.160429e+04   0.000000e+00   0.000000e+00   0.000000e+00   1.474304e+05   0.000000e+00  9.930820e-316  1.634369e-320
     6520000   6.519999e-05   7.756032e+00   1.577442e+01   1.442934e-01   1.174238e+05   3.589018e+04  -8.160429e+04   0.000000e+00   0.000000e+00   0.000000e+00   1.474304e+05   0.000000e+00  9.930820e-316  1.634369e-320
     6528000   6.527999e-05   7.765426e+00   1.577729e+01   1.377650e-01   1.174238e+05   3.589018e+04  -8.160429e+04   0.000000e+00   0.000000e+00   0.000000e+00   1.474304e+05   0.000000e+00  9.930820e-316  1.634369e-320
     6536000   6.535999e-05   7.774820e+00   1.578016e+01   1.312367e-01   1.174238e+05   3.589018e+04  -8.160429e+04   0.000000e+00   0.000000e+00   0.000000e+00   1.474304e+05   0.000000e+00  9.930820e-316  1.634369e-320
     6544000   6.543999e-05   7.784214e+00   1.578303e+01   1.247083e-01   1.174238e+05   3.589018e+04  -8.160429e+04   0.000000e+00   0.000000e+00   0.000000e+00   1.474304e+05   0.000000e+00  9.930820e-316  1.634369e-320
     6552000   6.551999e-05   7.793608e+00   1.578591e+01   1.181800e-01   1.174238e+05   3.589018e+04  -8.160429e+04   0.000000e+00   0.000000e+00   0.000000e+00   1.474304e+05   0.000000e+00  9.930820e-316  1.634369e-320
     6560000   6.559999e-05   7.803001e+00   1.578878e+01   1.116517e-01   1.174238e+05   3.589018e+04  -8.160429e+04   0.000000e+00   0.000000e+00   0.000000e+00   1.474304e+05   0.000000e+00  9.930820e-316  1.634369e-320
     6568000   6.567999e-05   7.812395e+00   1.579165e+01   1.051233e-01   1.174238e+05   3.589018e+04  -8.160429e+04   0.000000e+00   0.000000e+00   0.000000e+00   1.474304e+05   0.000000e+00  9.930820e-316  1.634369e-320
     6576000   6.575999e-05   7.821789e+00   1.579452e+01   9.859497e-02   1.174238e+05   3.589018e+04  -8.160429e+04   0.000000e+00   0.000000e+00   0.000000e+00   1.474304e+05   0.000000e+00  9.930820e-316  1.634369e-320
     6584000   6.583999e-05   7.831183e+00   1.579739e+01   9.206662e-02   1.174238e+05   3.589018e+04  -8.160429e+04   0.000000e+00   0.000000e+00   0.000000e+00   1.474304e+05   0.000000e+00  9.930820e-316  1.634369e-320
     6592000   6.591999e-05   7.840577e+00   1.580026e+01   8.553828e-02   1.174238e+05   3.589018e+04  -8.160429e+04   0.000000e+00   0.000000e+00   0.000000e+00   1.474304e+05   0.000000e+00  9.930820e-316  1.634369e-320
     6600000   6.599999e-05   7.849971e+00   1.580313e+01   7.900994e-02   1.174238e+05   3.589018e+04  -8.160429e+04   0.000000e+00   0.000000e+00   0.000000e+00   1.474304e+05   0.000000e+00  9.930820e-316  1.634369e-320
     6608000   6.607999e-05   7.859365e+00   1.580600e+01   7.248159e-02   1.174238e+05   3.589018e+04  -8.160429e+04   0.000000e+00   0.000000e+00   0.000000e+00   1.474304e+05   0.000000e+00  9.930820e-316  1.634369e-320
     6616000   6.615999e-05   7.868759e+00   1.580887e+01   6.595325e-02   1.174238e+05   3.589018e+04  -8.160429e+04   0.000000e+00   0.000000e+00   0.000000e+00   1.474304e+05   0.000000e+00  9.930820e-316  1.634369e-320
     6624000   6.623999e-05   7.878153e+00   1.581175e+01   5.942491e-02   1.174238e+05   3.589018e+04  -8.160429e+04   0.000000e+00   0.000000e+00   0.000000e+00   1.474304e+05   0.000000e+00  9.930820e-316  1.634369e-320
     6632000   6.631999e-05   7.887547e+00   1.581462e+01   5.289656e-02   1.174238e+05   3.589018e+04  -8.160429e+04   0.000000e+00   0.000000e+00   0.000000e+00   1.474304e+05   0.000000e+00  9.930820e-316  1.634369e-320
     6640000   6.639999e-05   7.896941e+00   1.581749e+01   4.636822e-02   1.174238e+05   3.589018e+04  -8.160429e+04   0.000000e+00   0.000000e+00   0.000000e+00   1.474304e+05   0.000000e+00  9.930820e-316  1.634369e-320
     6648000   6.647999e-05   7.906334e+00   1.582036e+01   3.983988e-02   1.174238e+05   3.589018e+04  -8.160429e+04   0.000000e+00   0.000000e+00   0.000000e+00   1.474304e+05   0.000000e+00  9.930820e-316  1.634369e-320
     6656000   6.655999e-05   7.915728e+00   1.582323e+01   3.331153e-02   1.174238e+05   3.589018e+04  -8.160429e+04   0.000000e+00   0.000000e+00   0.000000e+00   1.474304e+05   0.000000e+00  9.930820e-316  1.634369e-320
     6664000   6.663999e-05   7.925122e+00   1.582610e+01   2.678319e-02   1.174238e+05   3.589018e+04  -8.160429e+04   0.000000e+00   0.000000e+00   0.000000e+00   1.474304e+05   0.000000e+00  9.930820e-316  1.634369e-320
     6672000   6.671999e-05   7.934516e+00   1.582897e+01   2.025485e-02   1.174238e+05   3.589018e+04  -8.160429e+04   0.000000e+00   0.000000e+00   0.000000e+00   1.474304e+05   0.000000e+00  9.930820e-316  1.634369e-320
     6680000   6.679999e-05   7.943910e+00   1.583184e+01   1.372651e-02   1.174238e+05   3.589018e+04  -8.160429e+04   0.000000e+00   0.000000e+00   0.000000e+00   1.474304e+05   0.000000e+00  9.930820e-316  1.634369e-320
     6688000   6.687999e-05   7.953304e+00   1.583472e+01   7.198162e-03   1.174238e+05   3.589018e+04  -8.160429e+04   0.000000e+00   0.000000e+00   0.000000e+00   1.474304e+05   0.000000e+00  9.930820e-316  1.634369e-320
     6696000   6.695999e-05   7.962698e+00   1.583759e+01   6.698193e-04   1.174238e+05   3.589018e+04  -8.160429e+04   0.000000e+00   0.000000e+00   0.000000e+00   1.474304e+05   0.000000e+00  9.930820e-316  1.634369e-320
