       time             b_x              b_y              b_z              F_x              F_y              F_z
  0.00000000e+00   0.00000000e+00   0.00000000e+00  -3.39512285e-06  -2.82445276e-20   9.51083871e-21   0.00000000e+00
  8.00000000e-08   0.00000000e+00   0.00000000e+00  -3.66523191e-06  -3.04918824e-20   1.02666768e-20  -2.89085799e-45
  1.60000000e-07   0.00000000e+00   0.00000000e+00  -2.52055174e-06  -2.09692025e-20   7.05980963e-21  -1.36721632e-45
  2.40000000e-07   0.00000000e+00   0.00000000e+00  -2.19184593e-06  -1.82347142e-20   6.13880878e-21  -1.03387533e-45
  3.20000000e-07   0.00000000e+00   0.00000000e+00  -1.86314197e-06  -1.55001949e-20   5.21795091e-21  -7.47038351e-46
  4.00000000e-07   0.00000000e+00   0.00000000e+00  -1.53443959e-06  -1.27656493e-20   4.29721458e-21  -5.06704421e-46
  4.80000000e-07   0.00000000e+00   0.00000000e+00  -1.20573851e-06  -1.00310820e-20   3.37657834e-21  -3.12872726e-46
  5.60000000e-07   0.00000000e+00   0.00000000e+00  -8.77038449e-07  -7.29649766e-21   2.45602077e-21  -1.65542611e-46
  6.40000000e-07   0.00000000e+00   0.00000000e+00  -5.48339127e-07  -4.56190093e-21   1.53552040e-21  -6.47135757e-47
  7.20000000e-07   0.00000000e+00   0.00000000e+00  -2.19640269e-07  -1.82729645e-21   6.15055811e-22  -1.03852809e-47
  8.00000000e-07   0.00000000e+00   0.00000000e+00   1.09058403e-07   9.07311130e-22  -3.05394453e-22  -2.55754221e-48
  8.80000000e-07   0.00000000e+00   0.00000000e+00  -2.61989682e-06  -2.17962747e-20   7.33630787e-21  -1.47702901e-45
  9.60000000e-07   0.00000000e+00   0.00000000e+00  -2.89001432e-06  -2.40436925e-20   8.09219079e-21  -1.79730459e-45
  1.04000000e-06   0.00000000e+00   0.00000000e+00  -3.16013326e-06  -2.62911726e-20   8.84792847e-21  -2.14898487e-45
  1.12000000e-06   0.00000000e+00   0.00000000e+00  -3.43025380e-06  -2.85387208e-20   9.60350732e-21  -2.53207054e-45
  1.20000000e-06   0.00000000e+00   0.00000000e+00  -3.70037605e-06  -3.07863430e-20   1.03589138e-20  -2.94656239e-45
  1.28000000e-06   0.00000000e+00   0.00000000e+00  -3.97050017e-06  -3.30340450e-20   1.11141342e-20  -3.39246124e-45
  1.36000000e-06   0.00000000e+00   0.00000000e+00  -4.24062628e-06  -3.52818325e-20   1.18691551e-20  -3.86976798e-45
  1.44000000e-06   0.00000000e+00   0.00000000e+00  -4.51075451e-06  -3.75297114e-20   1.26239629e-20  -4.37848359e-45
  1.52000000e-06   0.00000000e+00   0.00000000e+00  -6.77141728e-07  -5.63390955e-21   1.89490933e-21  -9.86833413e-47
  1.60000000e-06   0.00000000e+00   0.00000000e+00  -1.29888137e-06  -1.08068869e-20   3.63472071e-21  -3.63034732e-46
  1.68000000e-06   0.00000000e+00   0.00000000e+00  -1.56977834e-06  -1.30608384e-20   4.39264085e-21  -5.30261103e-46
  1.76000000e-06   0.00000000e+00   0.00000000e+00  -1.84067609e-06  -1.53148238e-20   5.15048185e-21  -7.29072316e-46
  1.84000000e-06   0.00000000e+00   0.00000000e+00  -2.11157478e-06  -1.75688490e-20   5.90823008e-21  -9.59468773e-46
  1.92000000e-06   0.00000000e+00   0.00000000e+00  -2.38247452e-06  -1.98229198e-20   6.66587186e-21  -1.22145094e-45
  2.00000000e-06   0.00000000e+00   0.00000000e+00  -2.65337547e-06  -2.20770421e-20   7.42339355e-21  -1.51501934e-45
  2.08000000e-06   0.00000000e+00   0.00000000e+00  -2.92427775e-06  -2.43312218e-20   8.18078148e-21  -1.84017457e-45
  2.16000000e-06   0.00000000e+00   0.00000000e+00  -3.19518150e-06  -2.65854646e-20   8.93802199e-21  -2.19691727e-45
  2.24000000e-06   0.00000000e+00   0.00000000e+00  -3.46608686e-06  -2.88397765e-20   9.69510143e-21  -2.58524818e-45
  2.32000000e-06   0.00000000e+00   0.00000000e+00  -1.13826217e-06  -9.47105634e-21   3.18363109e-21  -2.78835384e-46
  2.40000000e-06   0.00000000e+00   0.00000000e+00  -8.08673814e-07  -6.72869104e-21   2.26174780e-21  -1.40741720e-46
  2.48000000e-06   0.00000000e+00   0.00000000e+00  -4.79086145e-07  -3.98631431e-21   1.33991742e-21  -4.94007742e-47
  2.56000000e-06   0.00000000e+00   0.00000000e+00  -1.49498882e-07  -1.24393081e-21   4.18118375e-22  -4.81223760e-48
  2.64000000e-06   0.00000000e+00   0.00000000e+00   1.80088254e-07   1.49845481e-21  -5.03670886e-22  -6.97595853e-48
  2.72000000e-06   0.00000000e+00   0.00000000e+00   5.09675543e-07   4.24083788e-21  -1.42547193e-21  -5.58919443e-47
  2.80000000e-06   0.00000000e+00   0.00000000e+00   8.39263264e-07   6.98321374e-21  -2.34730631e-21  -1.51560361e-46
  2.88000000e-06   0.00000000e+00   0.00000000e+00   1.16885170e-06   9.72557775e-21  -3.26919559e-21  -2.93981533e-46
  2.96000000e-06   0.00000000e+00   0.00000000e+00   1.49844112e-06   1.24679252e-20  -4.19116134e-21  -4.83155944e-46
  3.04000000e-06   0.00000000e+00   0.00000000e+00   1.82803182e-06   1.52102515e-20  -5.11322511e-21  -7.19084235e-46
  3.12000000e-06   0.00000000e+00   0.00000000e+00  -2.68894902e-06  -2.23737116e-20   7.52088177e-21  -1.55591562e-45
  3.20000000e-06   0.00000000e+00   0.00000000e+00  -2.95985729e-06  -2.46280144e-20   8.27806822e-21  -1.88522613e-45
  3.28000000e-06   0.00000000e+00   0.00000000e+00  -3.23076705e-06  -2.68823812e-20   9.03510546e-21  -2.24612556e-45
  3.36000000e-06   0.00000000e+00   0.00000000e+00  -3.50167844e-06  -2.91368177e-20   9.79197981e-21  -2.63861464e-45
  3.44000000e-06   0.00000000e+00   0.00000000e+00  -2.77962362e-07  -2.31289215e-21   7.77228907e-22  -1.66315574e-47
  3.52000000e-06   0.00000000e+00   0.00000000e+00   5.25471106e-08   4.37238459e-22  -1.46930067e-22  -5.93261754e-49
  3.60000000e-06   0.00000000e+00   0.00000000e+00   3.83056628e-07   3.18736832e-21  -1.07109249e-21  -3.15692395e-47
  3.68000000e-06   0.00000000e+00   0.00000000e+00   7.13566470e-07   5.93749276e-21  -1.99528003e-21  -1.09559596e-46
  3.76000000e-06   0.00000000e+00   0.00000000e+00   1.04407692e-06   8.68760709e-21  -2.91951439e-21  -2.34564597e-46
  3.84000000e-06   0.00000000e+00   0.00000000e+00  -1.36457029e-06  -1.13544112e-20   3.81561800e-21  -4.00684044e-46
  3.92000000e-06   0.00000000e+00   0.00000000e+00  -1.63624598e-06  -1.36150418e-20   4.57512234e-21  -5.76117413e-46
  4.00000000e-06   0.00000000e+00   0.00000000e+00  -1.90792250e-06  -1.58757078e-20   5.33454396e-21  -7.83317525e-46
  4.08000000e-06   0.00000000e+00   0.00000000e+00  -2.17959999e-06  -1.81364152e-20   6.09386911e-21  -1.02228480e-45
  4.16000000e-06   0.00000000e+00   0.00000000e+00  -2.45127857e-06  -2.03971698e-20   6.85308407e-21  -1.29301971e-45
  4.24000000e-06   0.00000000e+00   0.00000000e+00  -2.72295839e-06  -2.26579774e-20   7.61217509e-21  -1.59552282e-45
  4.32000000e-06   0.00000000e+00   0.00000000e+00  -2.99463959e-06  -2.49188441e-20   8.37112843e-21  -1.92979473e-45
  4.40000000e-06   0.00000000e+00   0.00000000e+00  -3.26632229e-06  -2.71797755e-20   9.12993036e-21  -2.29583611e-45
  4.48000000e-06   0.00000000e+00   0.00000000e+00  -3.53800665e-06  -2.94407778e-20   9.88856713e-21  -2.69364770e-45
  4.56000000e-06   0.00000000e+00   0.00000000e+00   5.81378012e-07   4.83782274e-21  -1.62490132e-21  -7.27256022e-47
  4.64000000e-06   0.00000000e+00   0.00000000e+00   9.11871140e-07   7.58794169e-21  -2.54864447e-21  -1.78920224e-46
  4.72000000e-06   0.00000000e+00   0.00000000e+00   1.24236504e-06   1.03380477e-20  -3.47244744e-21  -3.32124877e-46
  4.80000000e-06   0.00000000e+00   0.00000000e+00   1.57286000e-06   1.30881362e-20  -4.39633191e-21  -5.32340082e-46
  4.88000000e-06   0.00000000e+00   0.00000000e+00   1.90335630e-06   1.58382024e-20  -5.32031957e-21  -7.79566521e-46
  4.96000000e-06   0.00000000e+00   0.00000000e+00   2.23385422e-06   1.85882416e-20  -6.24443208e-21  -1.07380503e-45
  5.04000000e-06   0.00000000e+00   0.00000000e+00   2.56435404e-06   2.13382492e-20  -7.16869113e-21  -1.41505663e-45
  5.12000000e-06   0.00000000e+00   0.00000000e+00   2.89485604e-06   2.40882205e-20  -8.09311841e-21  -1.80332245e-45
  5.20000000e-06   0.00000000e+00   0.00000000e+00   3.22536050e-06   2.68381508e-20  -9.01773559e-21  -2.23860384e-45
  5.28000000e-06   0.00000000e+00   0.00000000e+00  -2.48710468e-06  -2.06951461e-20   6.95364216e-21  -1.33109212e-45
  5.36000000e-06   0.00000000e+00   0.00000000e+00   1.22955302e-07   1.02311489e-21  -3.43749075e-22  -3.25112489e-48
  5.44000000e-06   0.00000000e+00   0.00000000e+00   4.54386114e-07   3.78095815e-21  -1.27034647e-21  -4.44224745e-47
  5.52000000e-06   0.00000000e+00   0.00000000e+00   7.85817313e-07   6.53879496e-21  -2.19697376e-21  -1.32870704e-46
  5.60000000e-06   0.00000000e+00   0.00000000e+00   1.11724918e-06   9.29662060e-21  -3.12365275e-21  -2.68596114e-46
  5.68000000e-06   0.00000000e+00   0.00000000e+00   1.44868200e-06   1.20544304e-20  -4.05040523e-21  -4.51599169e-46
  5.76000000e-06   0.00000000e+00   0.00000000e+00  -4.40179002e-07  -3.66270647e-21   1.23072808e-21  -4.16939366e-47
  5.84000000e-06   0.00000000e+00   0.00000000e+00  -5.11467761e-07  -4.25590173e-21   1.43003392e-21  -5.62928503e-47
  5.92000000e-06   0.00000000e+00   0.00000000e+00  -5.82756547e-07  -4.84909955e-21   1.62933286e-21  -7.30790484e-47
  6.00000000e-06   0.00000000e+00   0.00000000e+00  -2.67180787e-07  -2.22320583e-21   7.47004758e-22  -1.53629251e-47
  6.08000000e-06   0.00000000e+00   0.00000000e+00  -1.89362460e-07  -1.57568206e-21   5.29431489e-22  -7.71727954e-48
  6.16000000e-06   0.00000000e+00   0.00000000e+00  -1.11544151e-07  -9.28157492e-22   3.11861092e-22  -2.67794215e-48
  6.24000000e-06   0.00000000e+00   0.00000000e+00  -3.37258539e-08  -2.80632462e-22   9.42923864e-23  -2.44910969e-49
  6.32000000e-06   0.00000000e+00   0.00000000e+00   4.40924400e-08   3.66892708e-22  -1.23275808e-22  -4.18185015e-49
  6.40000000e-06   0.00000000e+00   0.00000000e+00   1.21910738e-07   1.01441769e-21  -3.40844670e-22  -3.19776436e-48
  6.48000000e-06   0.00000000e+00   0.00000000e+00   1.99729049e-07   1.66194217e-21  -5.58415382e-22  -8.58365012e-48
  6.56000000e-06   0.00000000e+00   0.00000000e+00   2.77547379e-07   2.30946582e-21  -7.75989122e-22  -1.65758444e-47
  6.64000000e-06   0.00000000e+00   0.00000000e+00   3.55365737e-07   2.95698830e-21  -9.93567071e-22  -2.71743505e-47
  6.72000000e-06   0.00000000e+00   0.00000000e+00  -3.52427763e-07  -2.93254042e-21   9.85356014e-22  -2.67269935e-47
  6.80000000e-06   0.00000000e+00   0.00000000e+00  -4.23716570e-07  -3.52573588e-21   1.18466256e-21  -3.86335371e-47
  6.88000000e-06   0.00000000e+00   0.00000000e+00  -4.95005398e-07  -4.11893346e-21   1.38396338e-21  -5.27273660e-47
  6.96000000e-06   0.00000000e+00   0.00000000e+00  -5.66294252e-07  -4.71213352e-21   1.58325753e-21  -6.90084832e-47
  7.04000000e-06   0.00000000e+00   0.00000000e+00  -6.37583134e-07  -5.30533641e-21   1.78254403e-21  -8.74768917e-47
  7.12000000e-06   0.00000000e+00   0.00000000e+00  -7.08872048e-07  -5.89854248e-21   1.98182193e-21  -1.08132596e-46
  7.20000000e-06   0.00000000e+00   0.00000000e+00  -7.80160998e-07  -6.49175211e-21   2.18109026e-21  -1.30975599e-46
  7.28000000e-06   0.00000000e+00   0.00000000e+00   3.47908015e-08   2.89496313e-22  -9.72625771e-23  -2.60325765e-49
  7.36000000e-06   0.00000000e+00   0.00000000e+00   1.12824472e-07   9.38818911e-22  -3.15417204e-22  -2.73881920e-48
  7.44000000e-06   0.00000000e+00   0.00000000e+00  -4.96404308e-08  -4.13060762e-22   1.38777377e-22  -5.30086273e-49
  7.52000000e-06   0.00000000e+00   0.00000000e+00  -1.21126635e-07  -1.00790163e-21   3.38627277e-22  -3.15679999e-48
  7.60000000e-06   0.00000000e+00   0.00000000e+00  -1.92612845e-07  -1.60274310e-21   5.38475538e-22  -7.98292479e-48
  7.68000000e-06   0.00000000e+00   0.00000000e+00  -2.64099065e-07  -2.19758554e-21   7.38321192e-22  -1.50084617e-47
  7.76000000e-06   0.00000000e+00   0.00000000e+00  -3.35585298e-07  -2.79242931e-21   9.38163273e-22  -2.42334120e-47
  7.84000000e-06   0.00000000e+00   0.00000000e+00  -4.07071548e-07  -3.38727476e-21   1.13800081e-21  -3.56577778e-47
  7.92000000e-06   0.00000000e+00   0.00000000e+00  -4.78557819e-07  -3.98212225e-21   1.33783284e-21  -4.92815612e-47
  8.00000000e-06   0.00000000e+00   0.00000000e+00  -5.50044114e-07  -4.57697214e-21   1.53765840e-21  -6.51047651e-47
  8.08000000e-06   0.00000000e+00   0.00000000e+00  -6.21530437e-07  -5.17182479e-21   1.73747650e-21  -8.31273926e-47
  8.16000000e-06   0.00000000e+00   0.00000000e+00  -5.26710346e-08  -4.38282308e-22   1.47238804e-22  -5.97222801e-49
  8.24000000e-06   0.00000000e+00   0.00000000e+00   2.53623193e-08   2.11043059e-22  -7.08988617e-23  -1.38317031e-49
  8.32000000e-06   0.00000000e+00   0.00000000e+00   1.03395676e-07   8.60368319e-22  -2.89036913e-22  -2.30014201e-48
  8.40000000e-06   0.00000000e+00   0.00000000e+00   1.81429042e-07   1.50969315e-21  -5.07176537e-22  -7.08269860e-48
  8.48000000e-06   0.00000000e+00   0.00000000e+00   2.59462427e-07   2.15901722e-21  -7.25318919e-22  -1.44859887e-47
  8.56000000e-06   0.00000000e+00   0.00000000e+00   3.37495838e-07   2.80834020e-21  -9.43465248e-22  -2.45100153e-47
  8.64000000e-06   0.00000000e+00   0.00000000e+00   4.15529283e-07   3.45766177e-21  -1.16161671e-21  -3.71547824e-47
  8.72000000e-06   0.00000000e+00   0.00000000e+00   4.93562769e-07   4.10698161e-21  -1.37977449e-21  -5.24202951e-47
  8.80000000e-06   0.00000000e+00   0.00000000e+00   5.71596304e-07   4.75629938e-21  -1.59793977e-21  -7.03065594e-47
  8.88000000e-06   0.00000000e+00   0.00000000e+00   6.49629897e-07   5.40561476e-21  -1.81611375e-21  -9.08135825e-47
  8.96000000e-06   0.00000000e+00   0.00000000e+00  -4.62048700e-07  -3.84474231e-21   1.29169887e-21  -4.59399533e-47
  9.04000000e-06   0.00000000e+00   0.00000000e+00  -5.33534963e-07  -4.43959063e-21   1.49152824e-21  -6.12552145e-47
  9.12000000e-06   0.00000000e+00   0.00000000e+00  -6.05021254e-07  -5.03444162e-21   1.69135039e-21  -7.87698969e-47
  9.20000000e-06   0.00000000e+00   0.00000000e+00  -6.76507575e-07  -5.62929565e-21   1.89116436e-21  -9.84840042e-47
  9.28000000e-06   0.00000000e+00   0.00000000e+00   9.42243916e-08   7.84051745e-22  -2.63402589e-22  -1.91015389e-48
  9.36000000e-06   0.00000000e+00   0.00000000e+00   1.72472549e-07   1.43516296e-21  -4.82145371e-22  -6.40062744e-48
  9.44000000e-06   0.00000000e+00   0.00000000e+00   2.50720725e-07   2.08627346e-21  -7.00890784e-22  -1.35262816e-47
  9.52000000e-06   0.00000000e+00   0.00000000e+00   3.28968925e-07   2.73738290e-21  -9.19640019e-22  -2.32871193e-47
  9.60000000e-06   0.00000000e+00   0.00000000e+00   4.07217158e-07   3.38849096e-21  -1.13839427e-21  -3.56831444e-47
  9.68000000e-06   0.00000000e+00   0.00000000e+00  -1.58726051e-07  -1.32077396e-21   4.43725760e-22  -5.42099783e-48
  9.76000000e-06   0.00000000e+00   0.00000000e+00  -2.30408725e-07  -1.91725299e-21   6.44115015e-22  -1.14234137e-47
  9.84000000e-06   0.00000000e+00   0.00000000e+00  -3.02091411e-07  -2.51373318e-21   8.44501143e-22  -1.96373479e-47
  9.92000000e-06   0.00000000e+00   0.00000000e+00  -3.73774112e-07  -3.11021489e-21   1.04488317e-21  -3.00628020e-47
  1.00000000e-05   0.00000000e+00   0.00000000e+00  -4.45456832e-07  -3.70669848e-21   1.24526013e-21  -4.26997781e-47
  1.00800000e-05   0.00000000e+00   0.00000000e+00  -5.17139574e-07  -4.30318431e-21   1.44563104e-21  -5.75482789e-47
  1.01600000e-05   0.00000000e+00   0.00000000e+00  -5.88822343e-07  -4.89967275e-21   1.64599493e-21  -7.46083074e-47
  1.02400000e-05   0.00000000e+00   0.00000000e+00  -6.60505142e-07  -5.49616414e-21   1.84635084e-21  -9.38798669e-47
  1.03200000e-05   0.00000000e+00   0.00000000e+00  -7.32187974e-07  -6.09265886e-21   2.04669778e-21  -1.15362962e-46
  1.04000000e-05   0.00000000e+00   0.00000000e+00   2.41263745e-07   2.00759660e-21  -6.74407128e-22  -1.25250872e-47
  1.04800000e-05   0.00000000e+00   0.00000000e+00   3.19511641e-07   2.65870871e-21  -8.93140022e-22  -2.19673983e-47
  1.05600000e-05   0.00000000e+00   0.00000000e+00   3.97759569e-07   3.30981949e-21  -1.11187779e-21  -3.40448759e-47
  1.06400000e-05   0.00000000e+00   0.00000000e+00   4.76007536e-07   3.96092859e-21  -1.33062162e-21  -4.87575251e-47
  1.07200000e-05   0.00000000e+00   0.00000000e+00   5.54255552e-07   4.61203570e-21  -1.54937271e-21  -6.61053515e-47
  1.08000000e-05   0.00000000e+00   0.00000000e+00   6.32503623e-07   5.26314049e-21  -1.76813225e-21  -8.60883623e-47
  1.08800000e-05   0.00000000e+00   0.00000000e+00   7.10751758e-07   5.91424262e-21  -1.98690143e-21  -1.08706565e-46
  1.09600000e-05   0.00000000e+00   0.00000000e+00   7.88999963e-07   6.56534177e-21  -2.20568146e-21  -1.33959970e-46
  1.10400000e-05   0.00000000e+00   0.00000000e+00   8.67248248e-07   7.21643761e-21  -2.42447351e-21  -1.61848586e-46
  1.11200000e-05   0.00000000e+00   0.00000000e+00  -5.00581138e-07  -4.16537146e-21   1.39942632e-21  -5.39219089e-47
  1.12000000e-05   0.00000000e+00   0.00000000e+00   7.55174294e-08   6.28385983e-22  -2.11116627e-22  -1.22691203e-48
  1.12800000e-05   0.00000000e+00   0.00000000e+00   1.53979654e-07   1.28127544e-21  -4.30466856e-22  -5.10156233e-48
  1.13600000e-05   0.00000000e+00   0.00000000e+00   2.32441895e-07   1.93416426e-21  -6.49819438e-22  -1.16258310e-47
  1.14400000e-05   0.00000000e+00   0.00000000e+00   3.10904159e-07   2.58705209e-21  -8.69175575e-22  -2.07997207e-47
  1.15200000e-05   0.00000000e+00   0.00000000e+00   3.77679296e-14   3.14269140e-28  -1.05585649e-28  -3.07088318e-61
  1.16000000e-05   0.00000000e+00   0.00000000e+00  -2.66263755e-14  -2.21559621e-28   7.44378412e-29  -1.52473135e-61
  1.16800000e-05   0.00000000e+00   0.00000000e+00  -9.10206806e-14  -7.57388382e-28   2.54461332e-28  -1.78252317e-60
  1.17600000e-05   0.00000000e+00   0.00000000e+00  -1.55414986e-13  -1.29321714e-27   4.34484822e-28  -5.19723843e-60
  1.18400000e-05   0.00000000e+00   0.00000000e+00  -1.65243160e-13  -1.37499795e-27   4.61960888e-28  -5.87594660e-60
  1.19200000e-05   0.00000000e+00   0.00000000e+00  -1.66740642e-13  -1.38745859e-27   4.66147315e-28  -5.98292845e-60
  1.20000000e-05   0.00000000e+00   0.00000000e+00  -1.68238125e-13  -1.39991923e-27   4.70333742e-28  -6.09087542e-60
  1.20800000e-05   0.00000000e+00   0.00000000e+00  -1.69735608e-13  -1.41237987e-27   4.74520170e-28  -6.19978752e-60
  1.21600000e-05   0.00000000e+00   0.00000000e+00  -1.71233091e-13  -1.42484052e-27   4.78706597e-28  -6.30966475e-60
  1.22400000e-05   0.00000000e+00   0.00000000e+00  -1.72730573e-13  -1.43730116e-27   4.82893024e-28  -6.42050711e-60
  1.23200000e-05   0.00000000e+00   0.00000000e+00  -1.74228056e-13  -1.44976180e-27   4.87079451e-28  -6.53231460e-60
  1.24000000e-05   0.00000000e+00   0.00000000e+00  -1.75725539e-13  -1.46222244e-27   4.91265879e-28  -6.64508722e-60
  1.24800000e-05   0.00000000e+00   0.00000000e+00  -1.77223022e-13  -1.47468308e-27   4.95452306e-28  -6.75882497e-60
  1.25600000e-05   0.00000000e+00   0.00000000e+00  -2.47633042e-13  -2.06056896e-27   6.92293588e-28  -1.31953464e-59
  1.26400000e-05   0.00000000e+00   0.00000000e+00  -3.12027347e-13  -2.59639772e-27   8.72317078e-28  -2.09505174e-59
  1.27200000e-05   0.00000000e+00   0.00000000e+00  -3.76421652e-13  -3.13222648e-27   1.05234057e-27  -3.04903537e-59
  1.28000000e-05   0.00000000e+00   0.00000000e+00  -4.40815957e-13  -3.66805524e-27   1.23236406e-27  -4.18148552e-59
  1.28800000e-05   0.00000000e+00   0.00000000e+00  -5.05210262e-13  -4.20388400e-27   1.41238755e-27  -5.49240219e-59
  1.29600000e-05   0.00000000e+00   0.00000000e+00  -5.69604567e-13  -4.73971276e-27   1.59241104e-27  -6.98178538e-59
  1.30400000e-05   0.00000000e+00   0.00000000e+00  -6.33998872e-13  -5.27554152e-27   1.77243453e-27  -8.64963510e-59
  1.31200000e-05   0.00000000e+00   0.00000000e+00  -3.71128410e-13  -3.08818111e-27   1.03754255e-27  -2.96407921e-59
  1.32000000e-05   0.00000000e+00   0.00000000e+00  -3.38454574e-13  -2.81630021e-27   9.46198171e-28  -2.46514858e-59
  1.32800000e-05   0.00000000e+00   0.00000000e+00  -3.15767790e-13  -2.62752217e-27   8.82774023e-28  -2.14578714e-59
  1.33600000e-05   0.00000000e+00   0.00000000e+00  -2.60103546e-13  -2.16433675e-27   7.27156666e-28  -1.45595390e-59
  1.34400000e-05   0.00000000e+00   0.00000000e+00  -2.04439301e-13  -1.70115133e-27   5.71539308e-28  -8.99477246e-60
  1.35200000e-05   0.00000000e+00   0.00000000e+00  -1.48775057e-13  -1.23796591e-27   4.15921951e-28  -4.76357180e-60
  1.36000000e-05   0.00000000e+00   0.00000000e+00  -9.31108124e-14  -7.74780490e-28   2.60304594e-28  -1.86593702e-60
  1.36800000e-05   0.00000000e+00   0.00000000e+00  -3.74465679e-14  -3.11595071e-28   1.04687237e-28  -3.01868128e-61
  1.37600000e-05   0.00000000e+00   0.00000000e+00   1.82176766e-14   1.51590348e-28  -5.09301207e-29  -7.13651214e-62
  1.38400000e-05   0.00000000e+00   0.00000000e+00   7.38819211e-14   6.14775766e-28  -2.06547478e-28  -1.17442800e-60
  1.39200000e-05   0.00000000e+00   0.00000000e+00   1.29546166e-13   1.07796119e-27  -3.62164835e-28  -3.61105676e-60
  1.40000000e-05   0.00000000e+00   0.00000000e+00   3.22857514e-13   2.68651616e-27  -9.02594358e-28  -2.24306909e-59
  1.40800000e-05   0.00000000e+00   0.00000000e+00   3.55531350e-13   2.95839706e-27  -9.93938742e-28  -2.72005490e-59
  1.41600000e-05   0.00000000e+00   0.00000000e+00   3.88205187e-13   3.23027796e-27  -1.08528313e-27  -3.24298823e-59
  1.42400000e-05   0.00000000e+00   0.00000000e+00   4.20879023e-13   3.50215885e-27  -1.17662751e-27  -3.81186908e-59
  1.43200000e-05   0.00000000e+00   0.00000000e+00   4.53552860e-13   3.77403975e-27  -1.26797189e-27  -4.42669746e-59
  1.44000000e-05   0.00000000e+00   0.00000000e+00   4.86226697e-13   4.04592065e-27  -1.35931628e-27  -5.08747336e-59
  1.44800000e-05   0.00000000e+00   0.00000000e+00   5.18900533e-13   4.31780154e-27  -1.45066066e-27  -5.79419678e-59
  1.45600000e-05   0.00000000e+00   0.00000000e+00   5.51574370e-13   4.58968244e-27  -1.54200504e-27  -6.54686772e-59
  1.46400000e-05   0.00000000e+00   0.00000000e+00   5.84248206e-13   4.86156334e-27  -1.63334943e-27  -7.34548619e-59
  1.47200000e-05   0.00000000e+00   0.00000000e+00   6.16922043e-13   5.13344423e-27  -1.72469381e-27  -8.19005218e-59
  1.48000000e-05   0.00000000e+00   0.00000000e+00   4.07279134e-13   3.38899338e-27  -1.13860707e-27  -3.56945018e-59
  1.48800000e-05   0.00000000e+00   0.00000000e+00   4.62943378e-13   3.85217880e-27  -1.29422443e-27  -4.61184329e-59
  1.49600000e-05   0.00000000e+00   0.00000000e+00   5.18607623e-13   4.31536422e-27  -1.44984179e-27  -5.78759298e-59
  1.50400000e-05   0.00000000e+00   0.00000000e+00   3.70163726e-13   3.08015391e-27  -1.03484564e-27  -2.94854192e-59
  1.51200000e-05   0.00000000e+00   0.00000000e+00   4.11936127e-13   3.42774449e-27  -1.15162636e-27  -3.65157812e-59
  1.52000000e-05   0.00000000e+00   0.00000000e+00   4.53708529e-13   3.77533508e-27  -1.26840709e-27  -4.42971446e-59
  1.52800000e-05   0.00000000e+00   0.00000000e+00   4.95480930e-13   4.12292566e-27  -1.38518781e-27  -5.28295094e-59
  1.53600000e-05   0.00000000e+00   0.00000000e+00   5.37253331e-13   4.47051625e-27  -1.50196853e-27  -6.21128755e-59
  1.54400000e-05   0.00000000e+00   0.00000000e+00   5.79025733e-13   4.81810683e-27  -1.61874926e-27  -7.21472430e-59
  1.55200000e-05   0.00000000e+00   0.00000000e+00  -3.92916061e-14  -3.26947741e-28   1.09845305e-28  -3.31983530e-61
  1.56000000e-05   0.00000000e+00   0.00000000e+00  -1.53218032e-13  -1.27493616e-27   4.28342924e-28  -5.05092440e-60
  1.56800000e-05   0.00000000e+00   0.00000000e+00  -2.67144458e-13  -2.22292458e-27   7.46840542e-28  -1.53559920e-59
  1.57600000e-05   0.00000000e+00   0.00000000e+00  -3.81070884e-13  -3.17091301e-27   1.06533816e-27  -3.12471863e-59
  1.58400000e-05   0.00000000e+00   0.00000000e+00  -4.94997310e-13  -4.11890143e-27   1.38383578e-27  -5.27245074e-59
  1.59200000e-05   0.00000000e+00   0.00000000e+00  -6.08923736e-13  -5.06688985e-27   1.70233340e-27  -7.97879552e-59
  1.60000000e-05   0.00000000e+00   0.00000000e+00  -7.22850162e-13  -6.01487827e-27   2.02083102e-27  -1.12437530e-58
  1.60800000e-05   0.00000000e+00   0.00000000e+00  -8.36776587e-13  -6.96286669e-27   2.33932864e-27  -1.50673231e-58
  1.61600000e-05   0.00000000e+00   0.00000000e+00  -9.50703013e-13  -7.91085512e-27   2.65782625e-27  -1.94495059e-58
  1.62400000e-05   0.00000000e+00   0.00000000e+00  -5.05613241e-14  -4.20723721e-28   1.41351413e-28  -5.50247928e-61
  1.63200000e-05   0.00000000e+00   0.00000000e+00  -8.78892268e-15  -7.31331373e-29   2.45706905e-29  -1.66425171e-62
  1.64000000e-05   0.00000000e+00   0.00000000e+00   3.29834787e-14   2.74457446e-28  -9.22100324e-29  -2.34038466e-61
  1.64800000e-05   0.00000000e+00   0.00000000e+00   7.47558801e-14   6.22048030e-28  -2.08990755e-28  -1.20243578e-60
  1.65600000e-05   0.00000000e+00   0.00000000e+00   1.16528281e-13   9.69638613e-28  -3.25771478e-28  -2.92183444e-60
  1.66400000e-05   0.00000000e+00   0.00000000e+00   1.58300683e-13   1.31722920e-27  -4.42552201e-28  -5.39223447e-60
  1.67200000e-05   0.00000000e+00   0.00000000e+00   2.00073084e-13   1.66481978e-27  -5.59332924e-28  -8.61363586e-60
  1.68000000e-05   0.00000000e+00   0.00000000e+00   2.41845486e-13   2.01241036e-27  -6.76113647e-28  -1.25860386e-59
  1.68800000e-05   0.00000000e+00   0.00000000e+00   2.83617887e-13   2.36000095e-27  -7.92894370e-28  -1.73094427e-59
  1.69600000e-05   0.00000000e+00   0.00000000e+00   2.20242195e-14   1.83264813e-28  -6.15718558e-29  -1.04280608e-61
  1.70400000e-05   0.00000000e+00   0.00000000e+00   1.09095192e-13   9.07787439e-28  -3.04991212e-28  -2.56068644e-60
  1.71200000e-05   0.00000000e+00   0.00000000e+00   1.96166164e-13   1.63231007e-27  -5.48410568e-28  -8.28002880e-60
  1.72000000e-05   0.00000000e+00   0.00000000e+00  -3.00386139e-14  -2.49953054e-28   8.39772415e-29  -1.94159588e-61
  1.72800000e-05   0.00000000e+00   0.00000000e+00  -3.91068893e-14  -3.25410702e-28   1.09328903e-28  -3.29088882e-61
  1.73600000e-05   0.00000000e+00   0.00000000e+00  -4.81751648e-14  -4.00868350e-28   1.34680564e-28  -4.99410677e-61
  1.74400000e-05   0.00000000e+00   0.00000000e+00  -5.72434402e-14  -4.76325998e-28   1.60032225e-28  -7.05124972e-61
  1.75200000e-05   0.00000000e+00   0.00000000e+00  -6.63117157e-14  -5.51783646e-28   1.85383886e-28  -9.46231768e-61
  1.76000000e-05   0.00000000e+00   0.00000000e+00  -7.53799911e-14  -6.27241294e-28   2.10735547e-28  -1.22273106e-60
  1.76800000e-05   0.00000000e+00   0.00000000e+00   5.67866620e-14   4.72525120e-28  -1.58755236e-28  -6.93802679e-61
  1.77600000e-05   0.00000000e+00   0.00000000e+00   1.03099387e-13   8.57896001e-28  -2.88229083e-28  -2.28715310e-60
  1.78400000e-05   0.00000000e+00   0.00000000e+00   1.49412112e-13   1.24326688e-27  -4.17702930e-28  -4.80363276e-60
  1.79200000e-05   0.00000000e+00   0.00000000e+00   1.95724837e-13   1.62863776e-27  -5.47176777e-28  -8.24324166e-60
  1.80000000e-05   0.00000000e+00   0.00000000e+00   2.42037562e-13   2.01400864e-27  -6.76650624e-28  -1.26059798e-59
  1.80800000e-05   0.00000000e+00   0.00000000e+00   2.88350287e-13   2.39937952e-27  -8.06124471e-28  -1.78918472e-59
  1.81600000e-05   0.00000000e+00   0.00000000e+00   3.34663012e-13   2.78475040e-27  -9.35598318e-28  -2.41008439e-59
  1.82400000e-05   0.00000000e+00   0.00000000e+00   3.80975737e-13   3.17012129e-27  -1.06507216e-27  -3.12329697e-59
  1.83200000e-05   0.00000000e+00   0.00000000e+00   4.27288462e-13   3.55549217e-27  -1.19454601e-27  -3.92882249e-59
  1.84000000e-05   0.00000000e+00   0.00000000e+00   2.01152082e-13   1.67379818e-27  -5.62349417e-28  -8.70734601e-60
  1.84800000e-05   0.00000000e+00   0.00000000e+00   1.92083807e-13   1.59834054e-27  -5.36997756e-28  -7.93996296e-60
  1.85600000e-05   0.00000000e+00   0.00000000e+00   1.83015531e-13   1.52288289e-27  -5.11646095e-28  -7.20797242e-60
  1.86400000e-05   0.00000000e+00   0.00000000e+00   1.73947256e-13   1.44742524e-27  -4.86294434e-28  -6.51137438e-60
  1.87200000e-05   0.00000000e+00   0.00000000e+00   1.64878980e-13   1.37196759e-27  -4.60942773e-28  -5.85016884e-60
  1.88000000e-05   0.00000000e+00   0.00000000e+00   1.55810705e-13   1.29650995e-27  -4.35591111e-28  -5.22435580e-60
  1.88800000e-05   0.00000000e+00   0.00000000e+00   6.75843752e-14   5.62373520e-28  -1.88941788e-28  -9.83028652e-61
  1.89600000e-05   0.00000000e+00   0.00000000e+00   4.16100811e-14   3.46239907e-28  -1.16326933e-28  -3.72646236e-61
  1.90400000e-05   0.00000000e+00   0.00000000e+00   1.56357869e-14   1.30106293e-28  -4.37120788e-29  -5.26322184e-62
  1.91200000e-05   0.00000000e+00   0.00000000e+00   3.89743846e-14   3.24308123e-28  -1.08958467e-28  -3.26969969e-61
  1.92000000e-05   0.00000000e+00   0.00000000e+00  -3.20354973e-15  -2.66569238e-29   8.95598149e-30  -2.20122343e-63
  1.92800000e-05   0.00000000e+00   0.00000000e+00  -4.53814841e-14  -3.77621971e-28   1.26870430e-28  -4.43086294e-61
  1.93600000e-05   0.00000000e+00   0.00000000e+00  -8.75594184e-14  -7.28587018e-28   2.44784878e-28  -1.64962518e-60
  1.94400000e-05   0.00000000e+00   0.00000000e+00  -1.29737353e-13  -1.07955206e-27   3.62699326e-28  -3.62181789e-60
  1.95200000e-05   0.00000000e+00   0.00000000e+00  -1.71915287e-13  -1.43051711e-27   4.80613775e-28  -6.35966441e-60
  1.96000000e-05   0.00000000e+00   0.00000000e+00  -2.14093221e-13  -1.78148216e-27   5.98528223e-28  -9.86316474e-60
  1.96800000e-05   0.00000000e+00   0.00000000e+00  -2.56271156e-13  -2.13244721e-27   7.16442671e-28  -1.41323189e-59
  1.97600000e-05   0.00000000e+00   0.00000000e+00  -2.98449090e-13  -2.48341225e-27   8.34357120e-28  -1.91671269e-59
  1.98400000e-05   0.00000000e+00   0.00000000e+00  -3.40627025e-13  -2.83437730e-27   9.52271568e-28  -2.49675887e-59
  1.99200000e-05   0.00000000e+00   0.00000000e+00  -3.73780388e-13  -3.11024837e-27   1.04495654e-27  -3.00647308e-59
  2.00000000e-05   0.00000000e+00   0.00000000e+00  -3.99754682e-13  -3.32638198e-27   1.11757139e-27  -3.43883950e-59
  2.00800000e-05   0.00000000e+00   0.00000000e+00  -4.25728977e-13  -3.54251560e-27   1.19018625e-27  -3.90024277e-59
  2.01600000e-05   0.00000000e+00   0.00000000e+00  -4.51703271e-13  -3.75864921e-27   1.26280110e-27  -4.39068287e-59
  2.02400000e-05   0.00000000e+00   0.00000000e+00  -4.77677565e-13  -3.97478282e-27   1.33541596e-27  -4.91015981e-59
  2.03200000e-05   0.00000000e+00   0.00000000e+00  -5.03651859e-13  -4.19091644e-27   1.40803081e-27  -5.45867360e-59
  2.04000000e-05   0.00000000e+00   0.00000000e+00  -5.29626153e-13  -4.40705005e-27   1.48064566e-27  -6.03622422e-59
  2.04800000e-05   0.00000000e+00   0.00000000e+00  -5.55600447e-13  -4.62318366e-27   1.55326052e-27  -6.64281168e-59
  2.05600000e-05   0.00000000e+00   0.00000000e+00  -5.81574741e-13  -4.83931728e-27   1.62587537e-27  -7.27843598e-59
  2.06400000e-05   0.00000000e+00   0.00000000e+00  -6.58707428e-13  -5.48114286e-27   1.84151083e-27  -9.33705707e-59
  2.07200000e-05   0.00000000e+00   0.00000000e+00  -7.00885363e-13  -5.83210790e-27   1.95942528e-27  -1.05710783e-58
  2.08000000e-05   0.00000000e+00   0.00000000e+00  -1.64920149e-13  -1.37231016e-27   4.61057866e-28  -5.85342677e-60
  2.08800000e-05   0.00000000e+00   0.00000000e+00  -1.17971329e-13  -9.81646296e-28   3.29805724e-28  -2.99521495e-60
  2.09600000e-05   0.00000000e+00   0.00000000e+00  -7.10225087e-14  -5.90982429e-28   1.98553582e-28  -1.08566448e-60
  2.10400000e-05   0.00000000e+00   0.00000000e+00  -2.40736884e-14  -2.00318562e-28   6.73014392e-29  -1.24775359e-61
  2.11200000e-05   0.00000000e+00   0.00000000e+00   2.28751319e-14   1.90345304e-28  -6.39507032e-29  -1.12547588e-61
  2.12000000e-05   0.00000000e+00   0.00000000e+00   6.98239522e-14   5.81009171e-28  -1.95202845e-28  -1.04898117e-60
  2.12800000e-05   0.00000000e+00   0.00000000e+00   1.16772773e-13   9.71673038e-28  -3.26454988e-28  -2.93407610e-60
  2.13600000e-05   0.00000000e+00   0.00000000e+00   2.30249271e-13   1.91591759e-27  -6.43694771e-28  -1.14083664e-59
  2.14400000e-05   0.00000000e+00   0.00000000e+00   2.40663018e-13   2.00257099e-27  -6.72807891e-28  -1.24636678e-59
  2.15200000e-05   0.00000000e+00   0.00000000e+00   2.51076766e-13   2.08922438e-27  -7.01921010e-28  -1.35656432e-59
  2.16000000e-05   0.00000000e+00   0.00000000e+00   2.61490513e-13   2.17587778e-27  -7.31034130e-28  -1.47142928e-59
  2.16800000e-05   0.00000000e+00   0.00000000e+00   2.71904260e-13   2.26253117e-27  -7.60147250e-28  -1.59096164e-59
  2.17600000e-05   0.00000000e+00   0.00000000e+00   2.82318007e-13   2.34918457e-27  -7.89260369e-28  -1.71516141e-59
  2.18400000e-05   0.00000000e+00   0.00000000e+00   2.92731754e-13   2.43583797e-27  -8.18373489e-28  -1.84402859e-59
  2.19200000e-05   0.00000000e+00   0.00000000e+00   3.03145501e-13   2.52249136e-27  -8.47486609e-28  -1.97756319e-59
  2.20000000e-05   0.00000000e+00   0.00000000e+00   3.13559249e-13   2.60914476e-27  -8.76599728e-28  -2.11576519e-59
  2.20800000e-05   0.00000000e+00   0.00000000e+00   2.98144009e-13   2.48087365e-27  -8.33504221e-28  -1.91278835e-59
  2.21600000e-05   0.00000000e+00   0.00000000e+00   3.45092829e-13   2.87153752e-27  -9.64756363e-28  -2.56264791e-59
  2.22400000e-05   0.00000000e+00   0.00000000e+00   3.92041649e-13   3.26220139e-27  -1.09600851e-27  -3.30737360e-59
  2.23200000e-05   0.00000000e+00   0.00000000e+00   4.38990470e-13   3.65286525e-27  -1.22726065e-27  -4.14696543e-59
  2.24000000e-05   0.00000000e+00   0.00000000e+00   4.85939290e-13   4.04352912e-27  -1.35851279e-27  -5.08142340e-59
  2.24800000e-05   0.00000000e+00   0.00000000e+00   5.32888110e-13   4.43419299e-27  -1.48976493e-27  -6.11074749e-59
  2.25600000e-05   0.00000000e+00   0.00000000e+00   5.79836931e-13   4.82485685e-27  -1.62101707e-27  -7.23493773e-59
  2.26400000e-05   0.00000000e+00   0.00000000e+00   6.26785751e-13   5.21552072e-27  -1.75226922e-27  -8.45399409e-59
  2.27200000e-05   0.00000000e+00   0.00000000e+00   3.96498465e-13   3.29928681e-27  -1.10846817e-27  -3.38309496e-59
  2.28000000e-05   0.00000000e+00   0.00000000e+00   3.86588234e-14   3.21682320e-28  -1.08076270e-28  -3.21638160e-61
  2.28800000e-05   0.00000000e+00   0.00000000e+00   2.49636470e-14   2.07723960e-28  -6.97894458e-29  -1.34124301e-61
  2.29600000e-05   0.00000000e+00   0.00000000e+00   5.59101623e-14   4.65231715e-28  -1.56304856e-28  -6.72686123e-61
  2.30400000e-05   0.00000000e+00   0.00000000e+00   5.63634306e-14   4.69003387e-28  -1.57572032e-28  -6.83637389e-61
  2.31200000e-05   0.00000000e+00   0.00000000e+00   5.68166988e-14   4.72775058e-28  -1.58839208e-28  -6.94677080e-61
  2.32000000e-05   0.00000000e+00   0.00000000e+00   5.72699671e-14   4.76546730e-28  -1.60106384e-28  -7.05805195e-61
  2.32800000e-05   0.00000000e+00   0.00000000e+00   5.77232354e-14   4.80318402e-28  -1.61373561e-28  -7.17021735e-61
  2.33600000e-05   0.00000000e+00   0.00000000e+00   5.81765036e-14   4.84090073e-28  -1.62640737e-28  -7.28326699e-61
  2.34400000e-05   0.00000000e+00   0.00000000e+00   5.86297719e-14   4.87861745e-28  -1.63907913e-28  -7.39720088e-61
  2.35200000e-05   0.00000000e+00   0.00000000e+00   1.63275928e-13   1.35862850e-27  -4.56461211e-28  -5.73751788e-60
  2.36000000e-05   0.00000000e+00   0.00000000e+00   9.12613526e-14   7.59391027e-28  -2.55134164e-28  -1.79263271e-60
  2.36800000e-05   0.00000000e+00   0.00000000e+00   1.92467770e-14   1.60153552e-28  -5.38071181e-29  -7.97910209e-62
  2.37600000e-05   0.00000000e+00   0.00000000e+00  -5.27677985e-14  -4.39083923e-28   1.47519928e-28  -5.98992807e-61
  2.38400000e-05   0.00000000e+00   0.00000000e+00  -1.24782374e-13  -1.03832140e-27   3.48846975e-28  -3.35023807e-60
  2.39200000e-05   0.00000000e+00   0.00000000e+00  -1.96796950e-13  -1.63755887e-27   5.50174021e-28  -8.33352681e-60
  2.40000000e-05   0.00000000e+00   0.00000000e+00  -2.68811525e-13  -2.23679635e-27   7.51501068e-28  -1.55488590e-59
  2.40800000e-05   0.00000000e+00   0.00000000e+00  -3.40826101e-13  -2.83603382e-27   9.52828114e-28  -2.49962347e-59
  2.41600000e-05   0.00000000e+00   0.00000000e+00  -4.12840676e-13  -3.43527130e-27   1.15415516e-27  -3.66756539e-59
  2.42400000e-05   0.00000000e+00   0.00000000e+00  -7.05842525e-13  -5.87335674e-27   1.97328374e-27  -1.07213026e-58
  2.43200000e-05   0.00000000e+00   0.00000000e+00  -7.05389257e-13  -5.86958507e-27   1.97201656e-27  -1.07075373e-58
  2.44000000e-05   0.00000000e+00   0.00000000e+00  -7.04935989e-13  -5.86581340e-27   1.97074938e-27  -1.06937808e-58
  2.44800000e-05   0.00000000e+00   0.00000000e+00  -7.04482720e-13  -5.86204172e-27   1.96948221e-27  -1.06800332e-58
  2.45600000e-05   0.00000000e+00   0.00000000e+00  -7.04029452e-13  -5.85827005e-27   1.96821503e-27  -1.06662944e-58
  2.46400000e-05   0.00000000e+00   0.00000000e+00  -1.74216088e-13  -1.44966221e-27   4.87045994e-28  -6.53230557e-60
  2.47200000e-05   0.00000000e+00   0.00000000e+00  -8.09357122e-14  -6.73470772e-28   2.26267360e-28  -1.41005922e-60
  2.48000000e-05   0.00000000e+00   0.00000000e+00   1.23446641e-14   1.02720669e-28  -3.45112743e-29  -3.27317778e-62
  2.48800000e-05   0.00000000e+00   0.00000000e+00   1.05625040e-13   8.78912110e-28  -2.95289908e-28  -2.40032324e-60
  2.49600000e-05   0.00000000e+00   0.00000000e+00  -3.93985218e-13  -3.27837393e-27   1.10144203e-27  -3.34007858e-59
  2.50400000e-05   0.00000000e+00   0.00000000e+00  -5.21036447e-13  -4.33557460e-27   1.45663191e-27  -5.84173127e-59
  2.51200000e-05   0.00000000e+00   0.00000000e+00  -6.48087676e-13  -5.39277528e-27   1.81182180e-27  -9.03811961e-59
  2.52000000e-05   0.00000000e+00   0.00000000e+00  -7.75138906e-13  -6.44997595e-27   2.16701168e-27  -1.29292436e-58
  2.52800000e-05   0.00000000e+00   0.00000000e+00  -9.02190135e-13  -7.50717663e-27   2.52220156e-27  -1.75151032e-58
  2.53600000e-05   0.00000000e+00   0.00000000e+00  -1.02924136e-12  -8.56437730e-27   2.87739145e-27  -2.27956985e-58
  2.54400000e-05   0.00000000e+00   0.00000000e+00  -1.15629259e-12  -9.62157798e-27   3.23258133e-27  -2.87710294e-58
  2.55200000e-05   0.00000000e+00   0.00000000e+00  -1.28334382e-12  -1.06787787e-26   3.58777122e-27  -3.54410960e-58
  2.56000000e-05   0.00000000e+00   0.00000000e+00  -1.41039505e-12  -1.17359793e-26   3.94296110e-27  -4.28058982e-58
  2.56800000e-05   0.00000000e+00   0.00000000e+00  -1.53744628e-12  -1.27931800e-26   4.29815098e-27  -5.08654360e-58
  2.57600000e-05   0.00000000e+00   0.00000000e+00  -2.82875019e-13  -2.35381950e-27   7.90817576e-28  -1.72209394e-59
  2.58400000e-05   0.00000000e+00   0.00000000e+00  -1.89594643e-13  -1.57762806e-27   5.30038942e-28  -7.73637269e-60
  2.59200000e-05   0.00000000e+00   0.00000000e+00  -9.63142666e-14  -8.01436619e-28   2.69260308e-28  -1.99672490e-60
  2.60000000e-05   0.00000000e+00   0.00000000e+00  -3.03389027e-15  -2.52451775e-29   8.48167419e-30  -1.99601316e-63
  2.60800000e-05   0.00000000e+00   0.00000000e+00   9.02464860e-14   7.50946264e-28  -2.52296960e-28  -1.75218603e-60
  2.61600000e-05   0.00000000e+00   0.00000000e+00   1.83526862e-13   1.52713770e-27  -5.13075594e-28  -7.24729495e-60
  2.62400000e-05   0.00000000e+00   0.00000000e+00   2.76807239e-13   2.30332915e-27  -7.73854228e-28  -1.64873228e-59
  2.63200000e-05   0.00000000e+00   0.00000000e+00   3.70087615e-13   3.07952059e-27  -1.03463286e-27  -2.94722695e-59
  2.64000000e-05   0.00000000e+00   0.00000000e+00   4.63367991e-13   3.85571203e-27  -1.29541150e-27  -4.62021351e-59
  2.64800000e-05   0.00000000e+00   0.00000000e+00  -1.39337438e-12  -1.15943493e-26   3.89537736e-27  -4.17789559e-58
  2.65600000e-05   0.00000000e+00   0.00000000e+00  -8.51630990e-14  -7.08647104e-28   2.38085624e-28  -1.56124850e-60
  2.66400000e-05   0.00000000e+00   0.00000000e+00   2.25246581e-14   1.87428991e-28  -6.29709034e-29  -1.09050842e-61
  2.67200000e-05   0.00000000e+00   0.00000000e+00   1.30212415e-13   1.08350509e-27  -3.64027431e-28  -3.64793284e-60
  2.68000000e-05   0.00000000e+00   0.00000000e+00   2.37900172e-13   1.97958118e-27  -6.65083958e-28  -1.21778945e-59
  2.68800000e-05   0.00000000e+00   0.00000000e+00   3.45587929e-13   2.87565728e-27  -9.66140486e-28  -2.56989358e-59
  2.69600000e-05   0.00000000e+00   0.00000000e+00   4.53275686e-13   3.77173337e-27  -1.26719701e-27  -4.42110568e-59
  2.70400000e-05   0.00000000e+00   0.00000000e+00   5.60963443e-13   4.66780947e-27  -1.56825354e-27  -6.77142574e-59
  2.71200000e-05   0.00000000e+00   0.00000000e+00   6.68651200e-13   5.56388556e-27  -1.86931007e-27  -9.62085377e-59
  2.72000000e-05   0.00000000e+00   0.00000000e+00  -1.98509918e-13  -1.65181258e-27   5.54962868e-28  -8.47946745e-60
  2.72800000e-05   0.00000000e+00   0.00000000e+00  -2.49125864e-13  -2.07299081e-27   6.96466985e-28  -1.33551084e-59
  2.73600000e-05   0.00000000e+00   0.00000000e+00  -2.99741810e-13  -2.49416905e-27   8.37971102e-28  -1.93333966e-59
  2.74400000e-05   0.00000000e+00   0.00000000e+00  -3.50357756e-13  -2.91534728e-27   9.79475219e-28  -2.64143318e-59
  2.75200000e-05   0.00000000e+00   0.00000000e+00  -4.00973702e-13  -3.33652551e-27   1.12097934e-27  -3.45979142e-59
  2.76000000e-05   0.00000000e+00   0.00000000e+00  -4.51589648e-13  -3.75770375e-27   1.26248345e-27  -4.38841438e-59
  2.76800000e-05   0.00000000e+00   0.00000000e+00  -5.02205594e-13  -4.17888198e-27   1.40398757e-27  -5.42730204e-59
  2.77600000e-05   0.00000000e+00   0.00000000e+00  -5.52821540e-13  -4.60006021e-27   1.54549169e-27  -6.57645442e-59
  2.78400000e-05   0.00000000e+00   0.00000000e+00  -6.03437486e-13  -5.02123845e-27   1.68699580e-27  -7.83587152e-59
  2.79200000e-05   0.00000000e+00   0.00000000e+00   7.02472814e-13   5.84531718e-27  -1.96386323e-27  -1.06187707e-58
  2.80000000e-05   0.00000000e+00   0.00000000e+00   8.10160571e-13   6.74139327e-27  -2.26491975e-27  -1.41240621e-58
  2.80800000e-05   0.00000000e+00   0.00000000e+00   9.17848328e-13   7.63746937e-27  -2.56597628e-27  -1.81284614e-58
  2.81600000e-05   0.00000000e+00   0.00000000e+00   1.02553608e-12   8.53354546e-27  -2.86703281e-27  -2.26319687e-58
  2.82400000e-05   0.00000000e+00   0.00000000e+00   1.13322384e-12   9.42962156e-27  -3.16808934e-27  -2.76345840e-58
  2.83200000e-05   0.00000000e+00   0.00000000e+00   1.24091160e-12   1.03256977e-26  -3.46914586e-27  -3.31363073e-58
  2.84000000e-05   0.00000000e+00   0.00000000e+00   1.34859936e-12   1.12217737e-26  -3.77020239e-27  -3.91371385e-58
  2.84800000e-05   0.00000000e+00   0.00000000e+00  -2.84221591e-13  -2.36502441e-27   7.94582112e-28  -1.73831852e-59
  2.85600000e-05   0.00000000e+00   0.00000000e+00  -3.27727195e-13  -2.72703706e-27   9.16208248e-28  -2.31122587e-59
  2.86400000e-05   0.00000000e+00   0.00000000e+00  -1.45503686e-13  -1.21074464e-27   4.06776365e-28  -4.55628098e-60
  2.87200000e-05   0.00000000e+00   0.00000000e+00  -1.58049993e-13  -1.31514319e-27   4.41851362e-28  -5.37564936e-60
  2.88000000e-05   0.00000000e+00   0.00000000e+00  -1.43307033e-13  -1.19246616e-27   4.00635308e-28  -4.41954970e-60
  2.88800000e-05   0.00000000e+00   0.00000000e+00  -1.28564073e-13  -1.06978913e-27   3.59419255e-28  -3.55699732e-60
  2.89600000e-05   0.00000000e+00   0.00000000e+00  -1.13821113e-13  -9.47112106e-28   3.18203201e-28  -2.78799224e-60
  2.90400000e-05   0.00000000e+00   0.00000000e+00  -9.90781528e-14  -8.24435077e-28   2.76987147e-28  -2.11253445e-60
  2.91200000e-05   0.00000000e+00   0.00000000e+00  -8.43351927e-14  -7.01758048e-28   2.35771094e-28  -1.53062396e-60
  2.92000000e-05   0.00000000e+00   0.00000000e+00  -6.95922326e-14  -5.79081019e-28   1.94555040e-28  -1.04226075e-60
  2.92800000e-05   0.00000000e+00   0.00000000e+00  -5.48492725e-14  -4.56403990e-28   1.53338987e-28  -6.47444834e-61
  2.93600000e-05   0.00000000e+00   0.00000000e+00  -2.60132548e-13  -2.16457808e-27   7.27237746e-28  -1.45616019e-59
  2.94400000e-05   0.00000000e+00   0.00000000e+00  -2.89071605e-13  -2.40538166e-27   8.08141019e-28  -1.79817453e-59
  2.95200000e-05   0.00000000e+00   0.00000000e+00  -3.18010663e-13  -2.64618523e-27   8.89044293e-28  -2.17623267e-59
  2.96000000e-05   0.00000000e+00   0.00000000e+00  -3.46949720e-13  -2.88698881e-27   9.69947566e-28  -2.59033461e-59
  2.96800000e-05   0.00000000e+00   0.00000000e+00  -3.75888777e-13  -3.12779239e-27   1.05085084e-27  -3.04048036e-59
  2.97600000e-05   0.00000000e+00   0.00000000e+00  -4.04827834e-13  -3.36859597e-27   1.13175411e-27  -3.52666990e-59
  2.98400000e-05   0.00000000e+00   0.00000000e+00  -4.33766891e-13  -3.60939955e-27   1.21265739e-27  -4.04890325e-59
  2.99200000e-05   0.00000000e+00   0.00000000e+00  -4.62705948e-13  -3.85020313e-27   1.29356066e-27  -4.60718040e-59
  3.00000000e-05   0.00000000e+00   0.00000000e+00  -4.91645006e-13  -4.09100671e-27   1.37446393e-27  -5.20150135e-59
  3.00800000e-05   0.00000000e+00   0.00000000e+00  -1.22924569e-13  -1.02286249e-27   3.43653215e-28  -3.25178822e-60
  3.01600000e-05   0.00000000e+00   0.00000000e+00  -1.08181609e-13  -9.00185466e-28   3.02437161e-28  -2.51856702e-60
  3.02400000e-05   0.00000000e+00   0.00000000e+00  -9.34386489e-14  -7.77508437e-28   2.61221108e-28  -1.87889311e-60
  3.03200000e-05   0.00000000e+00   0.00000000e+00  -7.86956889e-14  -6.54831408e-28   2.20005054e-28  -1.33276649e-60
  3.04000000e-05   0.00000000e+00   0.00000000e+00  -2.55291005e-13  -2.12429132e-27   7.13702520e-28  -1.40245139e-59
  3.04800000e-05   0.00000000e+00   0.00000000e+00  -2.90688886e-13  -2.41883914e-27   8.12662359e-28  -1.81834161e-59
  3.05600000e-05   0.00000000e+00   0.00000000e+00  -3.26086767e-13  -2.71338697e-27   9.11622197e-28  -2.28816009e-59
  3.06400000e-05   0.00000000e+00   0.00000000e+00  -3.61484647e-13  -3.00793479e-27   1.01058203e-27  -2.81190682e-59
  3.07200000e-05   0.00000000e+00   0.00000000e+00  -3.96882528e-13  -3.30248262e-27   1.10954187e-27  -3.38958180e-59
  3.08000000e-05   0.00000000e+00   0.00000000e+00  -4.32280408e-13  -3.59703044e-27   1.20850171e-27  -4.02118504e-59
  3.08800000e-05   0.00000000e+00   0.00000000e+00  -2.34617567e-13  -1.95226643e-27   6.55906966e-28  -1.18460133e-59
  3.09600000e-05   0.00000000e+00   0.00000000e+00  -1.92867635e-13  -1.60486282e-27   5.39189061e-28  -8.00523448e-60
  3.10400000e-05   0.00000000e+00   0.00000000e+00  -1.51117704e-13  -1.25745921e-27   4.22471156e-28  -4.91464928e-60
  3.11200000e-05   0.00000000e+00   0.00000000e+00  -1.09367772e-13  -9.10055601e-28   3.05753251e-28  -2.57425771e-60
  3.12000000e-05   0.00000000e+00   0.00000000e+00  -6.76178409e-14  -5.62651991e-28   1.89035346e-28  -9.84059769e-61
  3.12800000e-05   0.00000000e+00   0.00000000e+00  -2.58679094e-14  -2.15248380e-28   7.23174408e-29  -1.44055460e-61
  3.13600000e-05   0.00000000e+00   0.00000000e+00   1.58820220e-14   1.32155230e-28  -4.44004642e-29  -5.42447824e-62
  3.14400000e-05   0.00000000e+00   0.00000000e+00   5.76319535e-14   4.79558840e-28  -1.61118369e-28  -7.14627736e-61
  3.15200000e-05   0.00000000e+00   0.00000000e+00   9.93818850e-14   8.26962450e-28  -2.77836274e-28  -2.12520432e-60
  3.16000000e-05   0.00000000e+00   0.00000000e+00  -2.58557123e-13  -2.15146887e-27   7.22833418e-28  -1.43856666e-59
  3.16800000e-05   0.00000000e+00   0.00000000e+00  -2.93955003e-13  -2.44601669e-27   8.21793256e-28  -1.85943277e-59
  3.17600000e-05   0.00000000e+00   0.00000000e+00  -3.29352884e-13  -2.74056452e-27   9.20753095e-28  -2.33422714e-59
  3.18400000e-05   0.00000000e+00   0.00000000e+00  -3.64750764e-13  -3.03511234e-27   1.01971293e-27  -2.86294977e-59
  3.19200000e-05   0.00000000e+00   0.00000000e+00  -4.00148645e-13  -3.32966017e-27   1.11867277e-27  -3.44560064e-59
  3.20000000e-05   0.00000000e+00   0.00000000e+00  -4.35546526e-13  -3.62420799e-27   1.21763261e-27  -4.08217977e-59
  3.20800000e-05   0.00000000e+00   0.00000000e+00  -4.70944406e-13  -3.91875582e-27   1.31659245e-27  -4.77268715e-59
  3.21600000e-05   0.00000000e+00   0.00000000e+00  -5.06342287e-13  -4.21330364e-27   1.41555229e-27  -5.51712279e-59
  3.22400000e-05   0.00000000e+00   0.00000000e+00  -5.41740167e-13  -4.50785147e-27   1.51451212e-27  -6.31548668e-59
  3.23200000e-05   0.00000000e+00   0.00000000e+00  -3.37855970e-13  -2.81131919e-27   9.44524688e-28  -2.45629688e-59
  3.24000000e-05   0.00000000e+00   0.00000000e+00  -3.81984444e-13  -3.17851479e-27   1.06789215e-27  -3.13986267e-59
  3.24800000e-05   0.00000000e+00   0.00000000e+00  -4.26112917e-13  -3.54571039e-27   1.19125961e-27  -3.90723919e-59
  3.25600000e-05   0.00000000e+00   0.00000000e+00  -4.70241391e-13  -3.91290598e-27   1.31462707e-27  -4.75842644e-59
  3.26400000e-05   0.00000000e+00   0.00000000e+00  -5.14369864e-13  -4.28010158e-27   1.43799453e-27  -5.69342443e-59
  3.27200000e-05   0.00000000e+00   0.00000000e+00  -5.58498337e-13  -4.64729718e-27   1.56136198e-27  -6.71223315e-59
  3.28000000e-05   0.00000000e+00   0.00000000e+00  -6.02626811e-13  -5.01449277e-27   1.68472944e-27  -7.81485261e-59
  3.28800000e-05   0.00000000e+00   0.00000000e+00  -6.46755284e-13  -5.38168837e-27   1.80809690e-27  -9.00128280e-59
  3.29600000e-05   0.00000000e+00   0.00000000e+00  -6.90883758e-13  -5.74888397e-27   1.93146436e-27  -1.02715237e-58
  3.30400000e-05   0.00000000e+00   0.00000000e+00   8.38932717e-14   6.98080798e-28  -2.34535640e-28  -1.51444748e-60
  3.31200000e-05   0.00000000e+00   0.00000000e+00   1.08533478e-13   9.03113388e-28  -3.03420861e-28  -2.53474709e-60
  3.32000000e-05   0.00000000e+00   0.00000000e+00   1.33173684e-13   1.10814598e-27  -3.72306082e-28  -3.81635339e-60
  3.32800000e-05   0.00000000e+00   0.00000000e+00   1.57813890e-13   1.31317857e-27  -4.41191303e-28  -5.35926636e-60
  3.33600000e-05   0.00000000e+00   0.00000000e+00   1.82454097e-13   1.51821116e-27  -5.10076523e-28  -7.16348602e-60
  3.34400000e-05   0.00000000e+00   0.00000000e+00   2.07094303e-13   1.72324375e-27  -5.78961744e-28  -9.22901236e-60
  3.35200000e-05   0.00000000e+00   0.00000000e+00   2.31734509e-13   1.92827634e-27  -6.47846965e-28  -1.15558454e-59
  3.36000000e-05   0.00000000e+00   0.00000000e+00   2.56374715e-13   2.13330893e-27  -7.16732186e-28  -1.41439851e-59
  3.36800000e-05   0.00000000e+00   0.00000000e+00   2.81014921e-13   2.33834152e-27  -7.85617406e-28  -1.69934315e-59
  3.37600000e-05   0.00000000e+00   0.00000000e+00  -8.57022253e-13  -7.13133206e-27   2.39592829e-27  -1.58055805e-58
  3.38400000e-05   0.00000000e+00   0.00000000e+00  -9.01150726e-13  -7.49852765e-27   2.51929575e-27  -1.74751696e-58
  3.39200000e-05   0.00000000e+00   0.00000000e+00  -9.45279200e-13  -7.86572325e-27   2.64266321e-27  -1.92285696e-58
  3.40000000e-05   0.00000000e+00   0.00000000e+00  -9.89407673e-13  -8.23291884e-27   2.76603067e-27  -2.10657802e-58
  3.40800000e-05   0.00000000e+00   0.00000000e+00  -1.03353615e-12  -8.60011444e-27   2.88939813e-27  -2.29868016e-58
  3.41600000e-05   0.00000000e+00   0.00000000e+00  -1.07766462e-12  -8.96731004e-27   3.01276558e-27  -2.49916337e-58
  3.42400000e-05   0.00000000e+00   0.00000000e+00   6.76928934e-13   5.63276506e-27  -1.89245166e-27  -9.86053475e-59
  3.43200000e-05   0.00000000e+00   0.00000000e+00   7.86221679e-13   6.54219636e-27  -2.19799516e-27  -1.33016887e-58
  3.44000000e-05   0.00000000e+00   0.00000000e+00  -3.27723190e-13  -2.72700374e-27   9.16197051e-28  -2.31107264e-59
  3.44800000e-05   0.00000000e+00   0.00000000e+00  -2.82955960e-13  -2.35449302e-27   7.91043858e-28  -1.72305510e-59
  3.45600000e-05   0.00000000e+00   0.00000000e+00  -2.05734778e-13  -1.71193107e-27   5.75160999e-28  -9.10936324e-60
  3.46400000e-05   0.00000000e+00   0.00000000e+00  -1.28513596e-13  -1.06936912e-27   3.59278140e-28  -3.55463681e-60
  3.47200000e-05   0.00000000e+00   0.00000000e+00  -5.12924142e-14  -4.26807164e-28   1.43395280e-28  -5.66371729e-61
  3.48000000e-05   0.00000000e+00   0.00000000e+00   2.59287679e-14   2.15754787e-28  -7.24875792e-29  -1.44568005e-61
  3.48800000e-05   0.00000000e+00   0.00000000e+00   1.03149950e-13   8.58316738e-28  -2.88370439e-28  -2.28922564e-60
  3.49600000e-05   0.00000000e+00   0.00000000e+00   1.80371132e-13   1.50087869e-27  -5.04253298e-28  -7.00034462e-60
  3.50400000e-05   0.00000000e+00   0.00000000e+00   2.57592314e-13   2.14344064e-27  -7.20136157e-28  -1.42779250e-59
  3.51200000e-05   0.00000000e+00   0.00000000e+00   3.34813496e-13   2.78600259e-27  -9.36019017e-28  -2.41219667e-59
  3.52000000e-05   0.00000000e+00   0.00000000e+00  -3.42337153e-14  -2.84860737e-28   9.57052475e-29  -2.52015841e-61
  3.52800000e-05   0.00000000e+00   0.00000000e+00  -1.32613347e-13  -1.10348338e-27   3.70739580e-28  -3.78377906e-60
  3.53600000e-05   0.00000000e+00   0.00000000e+00  -2.30992980e-13  -1.92210603e-27   6.45773913e-28  -1.14810911e-59
  3.54400000e-05   0.00000000e+00   0.00000000e+00  -3.29372612e-13  -2.74072868e-27   9.20808246e-28  -2.33439519e-59
  3.55200000e-05   0.00000000e+00   0.00000000e+00  -4.27752244e-13  -3.55935132e-27   1.19584258e-27  -3.93723616e-59
  3.56000000e-05   0.00000000e+00   0.00000000e+00  -5.26131876e-13  -4.37797397e-27   1.47087691e-27  -5.95663200e-59
  3.56800000e-05   0.00000000e+00   0.00000000e+00  -6.24511508e-13  -5.19659661e-27   1.74591125e-27  -8.39258273e-59
  3.57600000e-05   0.00000000e+00   0.00000000e+00  -7.22891140e-13  -6.01521926e-27   2.02094558e-27  -1.12450883e-58
  3.58400000e-05   0.00000000e+00   0.00000000e+00  -8.21270773e-13  -6.83384191e-27   2.29597991e-27  -1.45141488e-58
  3.59200000e-05   0.00000000e+00   0.00000000e+00  -1.70260479e-13  -1.41674736e-27   4.75987523e-28  -6.23891098e-60
  3.60000000e-05   0.00000000e+00   0.00000000e+00  -9.30392974e-14  -7.74185410e-28   2.60104663e-28  -1.86317993e-60
  3.60800000e-05   0.00000000e+00   0.00000000e+00  -1.58181154e-14  -1.31623459e-28   4.42218041e-29  -5.39102316e-62
  3.61600000e-05   0.00000000e+00   0.00000000e+00   6.14030666e-14   5.10938492e-28  -1.71661055e-28  -8.11101888e-61
  3.62400000e-05   0.00000000e+00   0.00000000e+00  -2.92953374e-13  -2.43768208e-27   8.18993059e-28  -1.84676550e-59
  3.63200000e-05   0.00000000e+00   0.00000000e+00  -3.39093929e-13  -2.82162033e-27   9.47985580e-28  -2.47432703e-59
  3.64000000e-05   0.00000000e+00   0.00000000e+00  -3.85234484e-13  -3.20555857e-27   1.07697810e-27  -3.19351640e-59
  3.64800000e-05   0.00000000e+00   0.00000000e+00  -4.31375039e-13  -3.58949681e-27   1.20597062e-27  -4.00433362e-59
  3.65600000e-05   0.00000000e+00   0.00000000e+00  -4.77515595e-13  -3.97343506e-27   1.33496314e-27  -4.90677869e-59
  3.66400000e-05   0.00000000e+00   0.00000000e+00  -5.23656150e-13  -4.35737330e-27   1.46395566e-27  -5.90085160e-59
  3.67200000e-05   0.00000000e+00   0.00000000e+00  -6.22395144e-13  -5.17898623e-27   1.73999465e-27  -8.33608784e-59
  3.68000000e-05   0.00000000e+00   0.00000000e+00  -6.33585731e-13  -5.27210375e-27   1.77127953e-27  -8.63854702e-59
  3.68800000e-05   0.00000000e+00   0.00000000e+00  -6.44776318e-13  -5.36522128e-27   1.80256442e-27  -8.94639594e-59
  3.69600000e-05   0.00000000e+00   0.00000000e+00  -6.55966905e-13  -5.45833880e-27   1.83384931e-27  -9.25963459e-59
  3.70400000e-05   0.00000000e+00   0.00000000e+00  -6.67157492e-13  -5.55145633e-27   1.86513419e-27  -9.57826299e-59
  3.71200000e-05   0.00000000e+00   0.00000000e+00  -6.78348079e-13  -5.64457386e-27   1.89641908e-27  -9.90228112e-59
  3.72000000e-05   0.00000000e+00   0.00000000e+00  -6.89538666e-13  -5.73769138e-27   1.92770397e-27  -1.02316890e-58
  3.72800000e-05   0.00000000e+00   0.00000000e+00  -7.00729253e-13  -5.83080891e-27   1.95898885e-27  -1.05664866e-58
  3.73600000e-05   0.00000000e+00   0.00000000e+00  -7.11919840e-13  -5.92392643e-27   1.99027374e-27  -1.09066739e-58
  3.74400000e-05   0.00000000e+00   0.00000000e+00  -7.08206992e-13  -5.89303160e-27   1.97989394e-27  -1.07930749e-58
  3.75200000e-05   0.00000000e+00   0.00000000e+00  -7.54347547e-13  -6.27696985e-27   2.10888646e-27  -1.22452644e-58
  3.76000000e-05   0.00000000e+00   0.00000000e+00  -8.00488102e-13  -6.66090809e-27   2.23787898e-27  -1.37890818e-58
  3.76800000e-05   0.00000000e+00   0.00000000e+00  -8.46628657e-13  -7.04484634e-27   2.36687150e-27  -1.54245270e-58
  3.77600000e-05   0.00000000e+00   0.00000000e+00  -8.92769212e-13  -7.42878458e-27   2.49586402e-27  -1.71516000e-58
  3.78400000e-05   0.00000000e+00   0.00000000e+00  -9.38909767e-13  -7.81272283e-27   2.62485654e-27  -1.89703010e-58
  3.79200000e-05   0.00000000e+00   0.00000000e+00  -9.85050322e-13  -8.19666107e-27   2.75384907e-27  -2.08806297e-58
  3.80000000e-05   0.00000000e+00   0.00000000e+00  -1.03119088e-12  -8.58059931e-27   2.88284159e-27  -2.28825863e-58
  3.80800000e-05   0.00000000e+00   0.00000000e+00  -1.07733143e-12  -8.96453756e-27   3.01183411e-27  -2.49761707e-58
  3.81600000e-05   0.00000000e+00   0.00000000e+00  -2.04217913e-13  -1.69930914e-27   5.70920386e-28  -8.97498829e-60
  3.82400000e-05   0.00000000e+00   0.00000000e+00  -1.77171654e-13  -1.47425564e-27   4.95308699e-28  -6.75517952e-60
  3.83200000e-05   0.00000000e+00   0.00000000e+00  -1.50125394e-13  -1.24920214e-27   4.19697012e-28  -4.85020086e-60
  3.84000000e-05   0.00000000e+00   0.00000000e+00  -1.23079135e-13  -1.02414864e-27   3.44085325e-28  -3.26005231e-60
  3.84800000e-05   0.00000000e+00   0.00000000e+00  -9.60328750e-14  -7.99095143e-28   2.68473638e-28  -1.98473388e-60
  3.85600000e-05   0.00000000e+00   0.00000000e+00  -6.89866154e-14  -5.74041643e-28   1.92861950e-28  -1.02424555e-60
  3.86400000e-05   0.00000000e+00   0.00000000e+00  -4.19403558e-14  -3.48988142e-28   1.17250263e-28  -3.78587332e-61
  3.87200000e-05   0.00000000e+00   0.00000000e+00  -1.48940963e-14  -1.23934642e-28   4.16385764e-29  -4.77592273e-62
  3.88000000e-05   0.00000000e+00   0.00000000e+00   1.21521633e-14   1.01118858e-28  -3.39731107e-29  -3.17612335e-62
  3.88800000e-05   0.00000000e+00   0.00000000e+00  -1.70788832e-13  -1.42114381e-27   4.77464607e-28  -6.27738578e-60
  3.89600000e-05   0.00000000e+00   0.00000000e+00  -1.26678678e-13  -1.05410065e-27   3.54148363e-28  -3.45363704e-60
  3.90400000e-05   0.00000000e+00   0.00000000e+00  -8.25685246e-14  -6.87057500e-28   2.30832120e-28  -1.46729992e-60
  3.91200000e-05   0.00000000e+00   0.00000000e+00  -3.84583712e-14  -3.20014345e-28   1.07515877e-28  -3.18374398e-61
  3.92000000e-05   0.00000000e+00   0.00000000e+00   5.65178232e-15   4.70288097e-29  -1.58003659e-29  -6.86048635e-63
  3.92800000e-05   0.00000000e+00   0.00000000e+00   4.97619358e-14   4.14071965e-28  -1.39116609e-28  -5.32758183e-61
  3.93600000e-05   0.00000000e+00   0.00000000e+00   9.38720893e-14   7.81115119e-28  -2.62432852e-28  -1.89606749e-60
  3.94400000e-05   0.00000000e+00   0.00000000e+00   1.37982243e-13   1.14815827e-27  -3.85749095e-28  -4.09678840e-60
  3.95200000e-05   0.00000000e+00   0.00000000e+00   1.82092396e-13   1.51520143e-27  -5.09065338e-28  -7.13492092e-60
  3.96000000e-05   0.00000000e+00   0.00000000e+00   4.71268303e-13   3.92145098e-27  -1.31749795e-27  -4.77927557e-59
  3.96800000e-05   0.00000000e+00   0.00000000e+00   4.98314562e-13   4.14650448e-27  -1.39310963e-27  -5.34358975e-59
  3.97600000e-05   0.00000000e+00   0.00000000e+00   5.25360822e-13   4.37155798e-27  -1.46872132e-27  -5.93938693e-59
  3.98400000e-05   0.00000000e+00   0.00000000e+00   5.52407081e-13   4.59661148e-27  -1.54433301e-27  -6.56666713e-59
  3.99200000e-05   0.00000000e+00   0.00000000e+00   5.79453341e-13   4.82166498e-27  -1.61994469e-27  -7.22543033e-59
  4.00000000e-05   0.00000000e+00   0.00000000e+00   6.06499601e-13   5.04671848e-27  -1.69555638e-27  -7.91567655e-59
  4.00800000e-05   0.00000000e+00   0.00000000e+00   6.61321611e-14   5.50289562e-28  -1.84881915e-28  -9.41259192e-61
  4.01600000e-05   0.00000000e+00   0.00000000e+00  -1.19866781e-13  -9.97418464e-28   3.35104731e-28  -3.09153255e-60
  4.02400000e-05   0.00000000e+00   0.00000000e+00  -1.81366038e-13  -1.50915736e-27   5.07034701e-28  -7.07794135e-60
  4.03200000e-05   0.00000000e+00   0.00000000e+00  -2.06573475e-13  -1.71890991e-27   5.77505696e-28  -9.18298409e-60
  4.04000000e-05   0.00000000e+00   0.00000000e+00  -2.01100426e-13  -1.67336835e-27   5.62205004e-28  -8.70283558e-60
  4.04800000e-05   0.00000000e+00   0.00000000e+00  -1.95627376e-13  -1.62782679e-27   5.46904311e-28  -8.23557908e-60
  4.05600000e-05   0.00000000e+00   0.00000000e+00  -1.90154327e-13  -1.58228522e-27   5.31603619e-28  -7.78121459e-60
  4.06400000e-05   0.00000000e+00   0.00000000e+00  -1.84681277e-13  -1.53674366e-27   5.16302926e-28  -7.33974211e-60
  4.07200000e-05   0.00000000e+00   0.00000000e+00  -1.79208228e-13  -1.49120210e-27   5.01002233e-28  -6.91116163e-60
  4.08000000e-05   0.00000000e+00   0.00000000e+00  -1.73735179e-13  -1.44566053e-27   4.85701541e-28  -6.49547317e-60
  4.08800000e-05   0.00000000e+00   0.00000000e+00  -1.68262129e-13  -1.40011897e-27   4.70400848e-28  -6.09267671e-60
  4.09600000e-05   0.00000000e+00   0.00000000e+00  -1.62789080e-13  -1.35457741e-27   4.55100156e-28  -5.70277227e-60
  4.10400000e-05   0.00000000e+00   0.00000000e+00  -2.50227516e-13  -2.08215773e-27   6.99546811e-28  -1.34733406e-59
  4.11200000e-05   0.00000000e+00   0.00000000e+00  -3.11726773e-13  -2.59389663e-27   8.71476781e-28  -2.09102214e-59
  4.12000000e-05   0.00000000e+00   0.00000000e+00  -3.73226030e-13  -3.10563553e-27   1.04340675e-27  -2.99749042e-59
  4.12800000e-05   0.00000000e+00   0.00000000e+00  -4.34725288e-13  -3.61737442e-27   1.21533672e-27  -4.06673890e-59
  4.13600000e-05   0.00000000e+00   0.00000000e+00  -4.96224545e-13  -4.12911332e-27   1.38726669e-27  -5.29876758e-59
  4.14400000e-05   0.00000000e+00   0.00000000e+00  -5.57723802e-13  -4.64085222e-27   1.55919666e-27  -6.69357647e-59
  4.15200000e-05   0.00000000e+00   0.00000000e+00  -6.19223059e-13  -5.15259112e-27   1.73112663e-27  -8.25116555e-59
  4.16000000e-05   0.00000000e+00   0.00000000e+00  -6.80722316e-13  -5.66433002e-27   1.90305660e-27  -9.97153483e-59
  4.16800000e-05   0.00000000e+00   0.00000000e+00  -7.42221573e-13  -6.17606892e-27   2.07498657e-27  -1.18546843e-58
  4.17600000e-05   0.00000000e+00   0.00000000e+00  -8.03720830e-13  -6.68780782e-27   2.24691654e-27  -1.39006140e-58
  4.18400000e-05   0.00000000e+00   0.00000000e+00  -6.48716629e-13  -5.39800883e-27   1.81358012e-27  -9.05613359e-59
  4.19200000e-05   0.00000000e+00   0.00000000e+00  -6.43243579e-13  -5.35246727e-27   1.79827943e-27  -8.90396997e-59
  4.20000000e-05   0.00000000e+00   0.00000000e+00  -3.86359530e-13  -3.21492014e-27   1.08012333e-27  -3.21234026e-59
  4.20800000e-05   0.00000000e+00   0.00000000e+00  -3.63442964e-13  -3.02423006e-27   1.01605679e-27  -2.84257034e-59
  4.21600000e-05   0.00000000e+00   0.00000000e+00  -3.40526398e-13  -2.83353998e-27   9.51990250e-28  -2.49540314e-59
  4.22400000e-05   0.00000000e+00   0.00000000e+00  -3.17609832e-13  -2.64284990e-27   8.87923712e-28  -2.17083868e-59
  4.23200000e-05   0.00000000e+00   0.00000000e+00  -2.94693266e-13  -2.45215982e-27   8.23857174e-28  -1.86887696e-59
  4.24000000e-05   0.00000000e+00   0.00000000e+00  -2.71776700e-13  -2.26146974e-27   7.59790636e-28  -1.58951796e-59
  4.24800000e-05   0.00000000e+00   0.00000000e+00  -2.48860134e-13  -2.07077966e-27   6.95724097e-28  -1.33276169e-59
  4.25600000e-05   0.00000000e+00   0.00000000e+00  -2.46315892e-13  -2.04960887e-27   6.88611305e-28  -1.30559346e-59
  4.26400000e-05   0.00000000e+00   0.00000000e+00  -2.66145430e-13  -2.21461161e-27   7.44047615e-28  -1.52426957e-59
  4.27200000e-05   0.00000000e+00   0.00000000e+00  -2.85974967e-13  -2.37961435e-27   7.99483924e-28  -1.75986905e-59
  4.28000000e-05   0.00000000e+00   0.00000000e+00  -3.05804505e-13  -2.54461709e-27   8.54920234e-28  -2.01239191e-59
  4.28800000e-05   0.00000000e+00   0.00000000e+00  -3.25634043e-13  -2.70961983e-27   9.10356543e-28  -2.28183814e-59
  4.29600000e-05   0.00000000e+00   0.00000000e+00  -3.45463581e-13  -2.87462257e-27   9.65792852e-28  -2.56820775e-59
  4.30400000e-05   0.00000000e+00   0.00000000e+00  -3.65293119e-13  -3.03962531e-27   1.02122916e-27  -2.87150074e-59
  4.31200000e-05   0.00000000e+00   0.00000000e+00  -3.85122657e-13  -3.20462805e-27   1.07666547e-27  -3.19171710e-59
  4.32000000e-05   0.00000000e+00   0.00000000e+00  -4.04952195e-13  -3.36963079e-27   1.13210178e-27  -3.52885685e-59
  4.32800000e-05   0.00000000e+00   0.00000000e+00  -4.09368577e-13  -3.40637976e-27   1.14444841e-27  -3.60634215e-59
  4.33600000e-05   0.00000000e+00   0.00000000e+00  -3.86452011e-13  -3.21568968e-27   1.08038187e-27  -3.21387828e-59
  4.34400000e-05   0.00000000e+00   0.00000000e+00  -3.63535445e-13  -3.02499960e-27   1.01631533e-27  -2.84401714e-59
  4.35200000e-05   0.00000000e+00   0.00000000e+00  -3.40618879e-13  -2.83430952e-27   9.52248794e-28  -2.49675874e-59
  4.36000000e-05   0.00000000e+00   0.00000000e+00  -3.17702313e-13  -2.64361944e-27   8.88182256e-28  -2.17210306e-59
  4.36800000e-05   0.00000000e+00   0.00000000e+00  -2.94785747e-13  -2.45292936e-27   8.24115718e-28  -1.87005012e-59
  4.37600000e-05   0.00000000e+00   0.00000000e+00  -2.71869181e-13  -2.26223928e-27   7.60049180e-28  -1.59059990e-59
  4.38400000e-05   0.00000000e+00   0.00000000e+00  -2.48952615e-13  -2.07154920e-27   6.95982642e-28  -1.33375242e-59
  4.39200000e-05   0.00000000e+00   0.00000000e+00  -1.22429353e-13  -1.01874178e-27   3.42268769e-28  -3.22582199e-60
  4.40000000e-05   0.00000000e+00   0.00000000e+00  -2.60328568e-13  -2.16620917e-27   7.27785745e-28  -1.45839213e-59
  4.40800000e-05   0.00000000e+00   0.00000000e+00  -2.63179688e-13  -2.18993351e-27   7.35756461e-28  -1.49051175e-59
  4.41600000e-05   0.00000000e+00   0.00000000e+00  -2.66030809e-13  -2.21365785e-27   7.43727177e-28  -1.52298123e-59
  4.42400000e-05   0.00000000e+00   0.00000000e+00  -2.68881930e-13  -2.23738219e-27   7.51697893e-28  -1.55580057e-59
  4.43200000e-05   0.00000000e+00   0.00000000e+00  -2.71733051e-13  -2.26110653e-27   7.59668609e-28  -1.58896976e-59
  4.44000000e-05   0.00000000e+00   0.00000000e+00  -2.74584171e-13  -2.28483087e-27   7.67639325e-28  -1.62248882e-59
  4.44800000e-05   0.00000000e+00   0.00000000e+00  -2.77435292e-13  -2.30855522e-27   7.75610040e-28  -1.65635773e-59
  4.45600000e-05   0.00000000e+00   0.00000000e+00  -2.80286413e-13  -2.33227956e-27   7.83580756e-28  -1.69057651e-59
  4.46400000e-05   0.00000000e+00   0.00000000e+00  -2.83137534e-13  -2.35600390e-27   7.91551472e-28  -1.72514514e-59
  4.47200000e-05   0.00000000e+00   0.00000000e+00  -5.30535968e-14  -4.41462068e-28   1.48318918e-28  -6.05826004e-61
  4.48000000e-05   0.00000000e+00   0.00000000e+00  -1.08318025e-14  -9.01320594e-29   3.02818532e-29  -2.52729781e-62
  4.48800000e-05   0.00000000e+00   0.00000000e+00   3.13899918e-14   2.61197949e-28  -8.77552117e-29  -2.11966972e-61
  4.49600000e-05   0.00000000e+00   0.00000000e+00   7.36117861e-14   6.12527957e-28  -2.05792277e-28  -1.16590799e-60
  4.50400000e-05   0.00000000e+00   0.00000000e+00   1.15833580e-13   9.63857966e-28  -3.23829342e-28  -2.88709602e-60
  4.51200000e-05   0.00000000e+00   0.00000000e+00   1.58055375e-13   1.31518797e-27  -4.41866406e-28  -5.37553107e-60
  4.52000000e-05   0.00000000e+00   0.00000000e+00   2.00277169e-13   1.66651798e-27  -5.59903471e-28  -8.63121314e-60
  4.52800000e-05   0.00000000e+00   0.00000000e+00   2.42498963e-13   2.01784799e-27  -6.77940536e-28  -1.26541422e-59
  4.53600000e-05   0.00000000e+00   0.00000000e+00   2.84720758e-13   2.36917800e-27  -7.95977601e-28  -1.74443183e-59
  4.54400000e-05   0.00000000e+00   0.00000000e+00   4.11934452e-14   3.42773056e-28  -1.15162168e-28  -3.65170418e-61
  4.55200000e-05   0.00000000e+00   0.00000000e+00   3.83423245e-14   3.19048714e-28  -1.07191452e-28  -3.16371091e-61
  4.56000000e-05   0.00000000e+00   0.00000000e+00   3.54912037e-14   2.95324372e-28  -9.92207362e-29  -2.71070354e-61
  4.56800000e-05   0.00000000e+00   0.00000000e+00   3.26400829e-14   2.71600030e-28  -9.12500203e-29  -2.29268207e-61
  4.57600000e-05   0.00000000e+00   0.00000000e+00   2.97889622e-14   2.47875688e-28  -8.32793045e-29  -1.90964650e-61
  4.58400000e-05   0.00000000e+00   0.00000000e+00  -3.67350067e-13  -3.05674130e-27   1.02697965e-27  -2.90394039e-59
  4.59200000e-05   0.00000000e+00   0.00000000e+00  -3.09375432e-13  -2.57433098e-27   8.64903268e-28  -2.05970365e-59
  4.60000000e-05   0.00000000e+00   0.00000000e+00  -3.05807191e-13  -2.54463944e-27   8.54927743e-28  -2.01246575e-59
  4.60800000e-05   0.00000000e+00   0.00000000e+00  -3.02238951e-13  -2.51494791e-27   8.44952217e-28  -1.96577583e-59
  4.61600000e-05   0.00000000e+00   0.00000000e+00  -2.94499402e-13  -2.45054666e-27   8.23315199e-28  -1.86639333e-59
  4.62400000e-05   0.00000000e+00   0.00000000e+00  -2.87723377e-13  -2.39416297e-27   8.04371852e-28  -1.78149537e-59
  4.63200000e-05   0.00000000e+00   0.00000000e+00  -2.80947352e-13  -2.33777927e-27   7.85428505e-28  -1.69857351e-59
  4.64000000e-05   0.00000000e+00   0.00000000e+00  -2.74171327e-13  -2.28139557e-27   7.66485158e-28  -1.61762777e-59
  4.64800000e-05   0.00000000e+00   0.00000000e+00  -2.67395302e-13  -2.22501187e-27   7.47541811e-28  -1.53865814e-59
  4.65600000e-05   0.00000000e+00   0.00000000e+00  -2.60619277e-13  -2.16862817e-27   7.28598464e-28  -1.46166463e-59
  4.66400000e-05   0.00000000e+00   0.00000000e+00  -2.53843252e-13  -2.11224447e-27   7.09655117e-28  -1.38664722e-59
  4.67200000e-05   0.00000000e+00   0.00000000e+00  -2.47067227e-13  -2.05586078e-27   6.90711770e-28  -1.31360593e-59
  4.68000000e-05   0.00000000e+00   0.00000000e+00  -2.40291202e-13  -1.99947708e-27   6.71768423e-28  -1.24254076e-59
  4.68800000e-05   0.00000000e+00   0.00000000e+00  -2.35655933e-13  -1.96090673e-27   6.58809865e-28  -1.19506146e-59
  4.69600000e-05   0.00000000e+00   0.00000000e+00  -2.32087692e-13  -1.93121520e-27   6.48834339e-28  -1.15914491e-59
  4.70400000e-05   0.00000000e+00   0.00000000e+00  -2.28519452e-13  -1.90152366e-27   6.38858813e-28  -1.12377635e-59
  4.71200000e-05   0.00000000e+00   0.00000000e+00  -2.24951212e-13  -1.87183213e-27   6.28883288e-28  -1.08895577e-59
  4.72000000e-05   0.00000000e+00   0.00000000e+00  -2.21382972e-13  -1.84214060e-27   6.18907762e-28  -1.05468318e-59
  4.72800000e-05   0.00000000e+00   0.00000000e+00  -2.17814732e-13  -1.81244906e-27   6.08932236e-28  -1.02095857e-59
  4.73600000e-05   0.00000000e+00   0.00000000e+00  -2.14246492e-13  -1.78275753e-27   5.98956710e-28  -9.87781957e-60
  4.74400000e-05   0.00000000e+00   0.00000000e+00  -2.10678251e-13  -1.75306599e-27   5.88981185e-28  -9.55153326e-60
  4.75200000e-05   0.00000000e+00   0.00000000e+00  -2.07110011e-13  -1.72337446e-27   5.79005659e-28  -9.23072681e-60
  4.76000000e-05   0.00000000e+00   0.00000000e+00  -2.03541771e-13  -1.69368293e-27   5.69030133e-28  -8.91540024e-60
  4.76800000e-05   0.00000000e+00   0.00000000e+00  -1.96655544e-13  -1.63638223e-27   5.49778701e-28  -8.32238828e-60
  4.77600000e-05   0.00000000e+00   0.00000000e+00  -1.07153712e-13  -8.91632272e-28   2.99563527e-28  -2.47065581e-60
  4.78400000e-05   0.00000000e+00   0.00000000e+00  -1.40740704e-13  -1.17111159e-27   3.93460767e-28  -4.26231329e-60
  4.79200000e-05   0.00000000e+00   0.00000000e+00  -1.74327696e-13  -1.45059090e-27   4.87358007e-28  -6.53948733e-60
  4.80000000e-05   0.00000000e+00   0.00000000e+00  -2.07914688e-13  -1.73007022e-27   5.81255247e-28  -9.30217796e-60
  4.80800000e-05   0.00000000e+00   0.00000000e+00  -2.41501680e-13  -2.00954953e-27   6.75152487e-28  -1.25503852e-59
  4.81600000e-05   0.00000000e+00   0.00000000e+00  -2.75088672e-13  -2.28902885e-27   7.69049727e-28  -1.62841089e-59
  4.82400000e-05   0.00000000e+00   0.00000000e+00  -3.08675664e-13  -2.56850817e-27   8.62946967e-28  -2.05033493e-59
  4.83200000e-05   0.00000000e+00   0.00000000e+00  -3.42262656e-13  -2.84798748e-27   9.56844207e-28  -2.52081062e-59
  4.84000000e-05   0.00000000e+00   0.00000000e+00  -4.27984260e-13  -3.56128194e-27   1.19649121e-27  -3.94169465e-59
  4.84800000e-05   0.00000000e+00   0.00000000e+00  -4.45559682e-13  -3.70752805e-27   1.24562582e-27  -4.27207955e-59
  4.85600000e-05   0.00000000e+00   0.00000000e+00  -4.63135105e-13  -3.85377417e-27   1.29476043e-27  -4.61575899e-59
  4.86400000e-05   0.00000000e+00   0.00000000e+00  -4.80710527e-13  -4.00002028e-27   1.34389503e-27  -4.97273297e-59
  4.87200000e-05   0.00000000e+00   0.00000000e+00  -4.98285949e-13  -4.14626639e-27   1.39302964e-27  -5.34300150e-59
  4.88000000e-05   0.00000000e+00   0.00000000e+00  -5.15861372e-13  -4.29251250e-27   1.44216425e-27  -5.72656456e-59
  4.88800000e-05   0.00000000e+00   0.00000000e+00  -5.33436794e-13  -4.43875862e-27   1.49129885e-27  -6.12342217e-59
  4.89600000e-05   0.00000000e+00   0.00000000e+00  -5.51012217e-13  -4.58500473e-27   1.54043346e-27  -6.53357432e-59
  4.90400000e-05   0.00000000e+00   0.00000000e+00  -5.68587639e-13  -4.73125084e-27   1.58956807e-27  -6.95702101e-59
  4.91200000e-05   0.00000000e+00   0.00000000e+00  -4.11318426e-13  -3.42260456e-27   1.14989949e-27  -3.64065316e-59
  4.92000000e-05   0.00000000e+00   0.00000000e+00  -4.44905417e-13  -3.70208388e-27   1.24379673e-27  -4.25950404e-59
  4.92800000e-05   0.00000000e+00   0.00000000e+00  -4.78492409e-13  -3.98156319e-27   1.33769397e-27  -4.92690658e-59
  4.93600000e-05   0.00000000e+00   0.00000000e+00  -5.12079401e-13  -4.26104251e-27   1.43159121e-27  -5.64286077e-59
  4.94400000e-05   0.00000000e+00   0.00000000e+00  -5.45666393e-13  -4.54052182e-27   1.52548845e-27  -6.40736662e-59
  4.95200000e-05   0.00000000e+00   0.00000000e+00  -5.79253385e-13  -4.82000114e-27   1.61938569e-27  -7.22042413e-59
  4.96000000e-05   0.00000000e+00   0.00000000e+00  -6.12840377e-13  -5.09948046e-27   1.71328293e-27  -8.08203330e-59
  4.96800000e-05   0.00000000e+00   0.00000000e+00  -9.41132215e-13  -7.83121595e-27   2.63106971e-27  -1.90601469e-58
  4.97600000e-05   0.00000000e+00   0.00000000e+00  -1.00076278e-12  -8.32740535e-27   2.79777549e-27  -2.15520042e-58
  4.98400000e-05   0.00000000e+00   0.00000000e+00  -4.81876265e-13  -4.00972046e-27   1.34715402e-27  -4.99712974e-59
  4.99200000e-05   0.00000000e+00   0.00000000e+00  -4.03271545e-13  -3.35564600e-27   1.12740328e-27  -3.49983978e-59
  5.00000000e-05   0.00000000e+00   0.00000000e+00  -3.24666824e-13  -2.70157154e-27   9.07652543e-28  -2.26847478e-59
  5.00800000e-05   0.00000000e+00   0.00000000e+00  -2.46062103e-13  -2.04749709e-27   6.87901803e-28  -1.30303473e-59
  5.01600000e-05   0.00000000e+00   0.00000000e+00  -1.67457383e-13  -1.39342263e-27   4.68151064e-28  -6.03519635e-60
  5.02400000e-05   0.00000000e+00   0.00000000e+00  -8.88526620e-14  -7.39348173e-28   2.48400325e-28  -1.69929499e-60
  5.03200000e-05   0.00000000e+00   0.00000000e+00  -1.02479413e-14  -8.52737165e-29   2.86495858e-29  -2.26431841e-62
  5.04000000e-05   0.00000000e+00   0.00000000e+00   6.83567793e-14   5.68800740e-28  -1.91101153e-28  -1.00524094e-60
  5.04800000e-05   0.00000000e+00   0.00000000e+00   1.46961500e-13   1.22287520e-27  -4.10851893e-28  -4.64708826e-60
  5.05600000e-05   0.00000000e+00   0.00000000e+00  -6.15253169e-13  -5.11955744e-27   1.72002823e-27  -8.14571178e-59
  5.06400000e-05   0.00000000e+00   0.00000000e+00  -6.74883734e-13  -5.61574684e-27   1.88673400e-27  -9.80122077e-59
  5.07200000e-05   0.00000000e+00   0.00000000e+00  -7.34514298e-13  -6.11193624e-27   2.05343978e-27  -1.16097679e-58
  5.08000000e-05   0.00000000e+00   0.00000000e+00  -7.94144863e-13  -6.60812563e-27   2.22014555e-27  -1.35713532e-58
  5.08800000e-05   0.00000000e+00   0.00000000e+00  -8.53775427e-13  -7.10431503e-27   2.38685132e-27  -1.56859766e-58
  5.09600000e-05   0.00000000e+00   0.00000000e+00  -9.13405992e-13  -7.60050443e-27   2.55355709e-27  -1.79536381e-58
  5.10400000e-05   0.00000000e+00   0.00000000e+00  -9.73036556e-13  -8.09669383e-27   2.72026286e-27  -2.03743378e-58
  5.11200000e-05   0.00000000e+00   0.00000000e+00  -1.03266712e-12  -8.59288323e-27   2.88696864e-27  -2.29480757e-58
  5.12000000e-05   0.00000000e+00   0.00000000e+00  -1.09229769e-12  -9.08907263e-27   3.05367441e-27  -2.56748516e-58
  5.12800000e-05   0.00000000e+00   0.00000000e+00  -4.88065484e-14  -4.06122130e-28   1.36445687e-28  -5.12817548e-61
  5.13600000e-05   0.00000000e+00   0.00000000e+00   2.97981723e-14   2.47952326e-28  -8.33050526e-29  -1.90952190e-61
  5.14400000e-05   0.00000000e+00   0.00000000e+00   1.08402893e-13   9.02026783e-28  -3.03055792e-28  -2.52833639e-60
  5.15200000e-05   0.00000000e+00   0.00000000e+00   1.87007614e-13   1.55610124e-27  -5.22806531e-28  -7.52497016e-60
  5.16000000e-05   0.00000000e+00   0.00000000e+00  -4.63829076e-13  -3.85954874e-27   1.29670052e-27  -4.62968241e-59
  5.16800000e-05   0.00000000e+00   0.00000000e+00  -4.49229154e-13  -3.73806194e-27   1.25588435e-27  -4.34281408e-59
  5.17600000e-05   0.00000000e+00   0.00000000e+00  -4.34629231e-13  -3.61657513e-27   1.21506818e-27  -4.06511984e-59
  5.18400000e-05   0.00000000e+00   0.00000000e+00  -4.20029309e-13  -3.49508833e-27   1.17425201e-27  -3.79659970e-59
  5.19200000e-05   0.00000000e+00   0.00000000e+00  -4.05429387e-13  -3.37360153e-27   1.13343584e-27  -3.53725364e-59
  5.20000000e-05   0.00000000e+00   0.00000000e+00  -4.20688881e-13  -3.50057667e-27   1.17609594e-27  -3.80848596e-59
  5.20800000e-05   0.00000000e+00   0.00000000e+00  -4.26700772e-13  -3.55060196e-27   1.19290304e-27  -3.91811492e-59
  5.21600000e-05   0.00000000e+00   0.00000000e+00  -4.32712662e-13  -3.60062725e-27   1.20971014e-27  -4.02929943e-59
  5.22400000e-05   0.00000000e+00   0.00000000e+00  -4.38724552e-13  -3.65065254e-27   1.22651724e-27  -4.14203948e-59
  5.23200000e-05   0.00000000e+00   0.00000000e+00  -4.44736443e-13  -3.70067783e-27   1.24332433e-27  -4.25633509e-59
  5.24000000e-05   0.00000000e+00   0.00000000e+00  -4.50748333e-13  -3.75070312e-27   1.26013143e-27  -4.37218624e-59
  5.24800000e-05   0.00000000e+00   0.00000000e+00  -4.56760223e-13  -3.80072841e-27   1.27693853e-27  -4.48959295e-59
  5.25600000e-05   0.00000000e+00   0.00000000e+00  -4.62772114e-13  -3.85075370e-27   1.29374563e-27  -4.60855520e-59
  5.26400000e-05   0.00000000e+00   0.00000000e+00  -4.68784004e-13  -3.90077899e-27   1.31055273e-27  -4.72907301e-59
  5.27200000e-05   0.00000000e+00   0.00000000e+00  -4.74795894e-13  -3.95080427e-27   1.32735983e-27  -4.85114636e-59
  5.28000000e-05   0.00000000e+00   0.00000000e+00  -3.85582707e-13  -3.20845615e-27   1.07795161e-27  -3.19941849e-59
  5.28800000e-05   0.00000000e+00   0.00000000e+00  -3.70982785e-13  -3.08696935e-27   1.03713543e-27  -2.96171749e-59
  5.29600000e-05   0.00000000e+00   0.00000000e+00  -3.56382862e-13  -2.96548255e-27   9.96319264e-28  -2.73319058e-59
  5.30400000e-05   0.00000000e+00   0.00000000e+00  -3.41782940e-13  -2.84399574e-27   9.55503093e-28  -2.51383775e-59
  5.31200000e-05   0.00000000e+00   0.00000000e+00  -3.27183018e-13  -2.72250894e-27   9.14686922e-28  -2.30365902e-59
  5.32000000e-05   0.00000000e+00   0.00000000e+00  -3.12583096e-13  -2.60102214e-27   8.73870752e-28  -2.10265437e-59
  5.32800000e-05   0.00000000e+00   0.00000000e+00  -2.97983173e-13  -2.47953533e-27   8.33054581e-28  -1.91082381e-59
  5.33600000e-05   0.00000000e+00   0.00000000e+00  -2.83383251e-13  -2.35804853e-27   7.92238410e-28  -1.72816734e-59
  5.34400000e-05   0.00000000e+00   0.00000000e+00  -2.68783329e-13  -2.23656173e-27   7.51422239e-28  -1.55468496e-59
  5.35200000e-05   0.00000000e+00   0.00000000e+00  -5.89799585e-13  -4.90775668e-27   1.64886910e-27  -7.48581785e-59
  5.36000000e-05   0.00000000e+00   0.00000000e+00  -5.98021155e-13  -4.97616884e-27   1.67185367e-27  -7.69597139e-59
  5.36800000e-05   0.00000000e+00   0.00000000e+00  -6.06242724e-13  -5.04458100e-27   1.69483824e-27  -7.90903412e-59
  5.37600000e-05   0.00000000e+00   0.00000000e+00  -6.14464293e-13  -5.11299315e-27   1.71782282e-27  -8.12500603e-59
  5.38400000e-05   0.00000000e+00   0.00000000e+00  -6.22685863e-13  -5.18140531e-27   1.74080739e-27  -8.34388713e-59
  5.39200000e-05   0.00000000e+00   0.00000000e+00  -6.30907432e-13  -5.24981747e-27   1.76379196e-27  -8.56567741e-59
  5.40000000e-05   0.00000000e+00   0.00000000e+00  -6.39129001e-13  -5.31822962e-27   1.78677653e-27  -8.79037688e-59
  5.40800000e-05   0.00000000e+00   0.00000000e+00  -6.47350570e-13  -5.38664178e-27   1.80976111e-27  -9.01798553e-59
  5.41600000e-05   0.00000000e+00   0.00000000e+00  -6.55572140e-13  -5.45505394e-27   1.83274568e-27  -9.24850337e-59
  5.42400000e-05   0.00000000e+00   0.00000000e+00  -5.22515497e-13  -4.34788187e-27   1.46076680e-27  -5.87526666e-59
  5.43200000e-05   0.00000000e+00   0.00000000e+00  -5.35082320e-13  -4.45245113e-27   1.49589916e-27  -6.16127361e-59
  5.44000000e-05   0.00000000e+00   0.00000000e+00  -5.47649143e-13  -4.55702040e-27   1.53103151e-27  -6.45407750e-59
  5.44800000e-05   0.00000000e+00   0.00000000e+00  -5.60215966e-13  -4.66158966e-27   1.56616386e-27  -6.75367831e-59
  5.45600000e-05   0.00000000e+00   0.00000000e+00  -5.72782788e-13  -4.76615893e-27   1.60129621e-27  -7.06007606e-59
  5.46400000e-05   0.00000000e+00   0.00000000e+00  -5.85349611e-13  -4.87072819e-27   1.63642856e-27  -7.37327073e-59
  5.47200000e-05   0.00000000e+00   0.00000000e+00  -5.97916434e-13  -4.97529746e-27   1.67156091e-27  -7.69326234e-59
  5.48000000e-05   0.00000000e+00   0.00000000e+00  -6.10483257e-13  -5.07986672e-27   1.70669326e-27  -8.02005088e-59
  5.48800000e-05   0.00000000e+00   0.00000000e+00  -6.23050080e-13  -5.18443599e-27   1.74182561e-27  -8.35363635e-59
  5.49600000e-05   0.00000000e+00   0.00000000e+00  -8.30103431e-13  -6.90733898e-27   2.32067287e-27  -1.48284305e-58
  5.50400000e-05   0.00000000e+00   0.00000000e+00  -8.38325001e-13  -6.97575113e-27   2.34365744e-27  -1.51236150e-58
  5.51200000e-05   0.00000000e+00   0.00000000e+00  -8.46546570e-13  -7.04416329e-27   2.36664201e-27  -1.54217088e-58
  5.52000000e-05   0.00000000e+00   0.00000000e+00  -8.54768139e-13  -7.11257545e-27   2.38962659e-27  -1.57227117e-58
  5.52800000e-05   0.00000000e+00   0.00000000e+00  -8.62989709e-13  -7.18098760e-27   2.41261116e-27  -1.60266238e-58
  5.53600000e-05   0.00000000e+00   0.00000000e+00  -8.71211278e-13  -7.24939976e-27   2.43559573e-27  -1.63334451e-58
  5.54400000e-05   0.00000000e+00   0.00000000e+00  -3.17780432e-13  -2.64426948e-27   8.88400649e-28  -2.17313651e-59
  5.55200000e-05   0.00000000e+00   0.00000000e+00  -3.15253066e-13  -2.62323912e-27   8.81335036e-28  -2.13870730e-59
  5.56000000e-05   0.00000000e+00   0.00000000e+00  -3.12725700e-13  -2.60220876e-27   8.74269423e-28  -2.10455300e-59
  5.56800000e-05   0.00000000e+00   0.00000000e+00  -3.64191271e-13  -3.03045676e-27   1.01814879e-27  -2.85423777e-59
  5.57600000e-05   0.00000000e+00   0.00000000e+00  -3.66734855e-13  -3.05162208e-27   1.02525974e-27  -2.89424616e-59
  5.58400000e-05   0.00000000e+00   0.00000000e+00  -3.69278440e-13  -3.07278739e-27   1.03237069e-27  -2.93453301e-59
  5.59200000e-05   0.00000000e+00   0.00000000e+00  -3.71822024e-13  -3.09395271e-27   1.03948165e-27  -2.97509832e-59
  5.60000000e-05   0.00000000e+00   0.00000000e+00  -3.74365609e-13  -3.11511802e-27   1.04659260e-27  -3.01594207e-59
  5.60800000e-05   0.00000000e+00   0.00000000e+00  -3.76909193e-13  -3.13628334e-27   1.05370356e-27  -3.05706429e-59
  5.61600000e-05   0.00000000e+00   0.00000000e+00  -3.79452778e-13  -3.15744865e-27   1.06081451e-27  -3.09846495e-59
  5.62400000e-05   0.00000000e+00   0.00000000e+00  -3.81996362e-13  -3.17861397e-27   1.06792547e-27  -3.14014408e-59
  5.63200000e-05   0.00000000e+00   0.00000000e+00  -3.84539947e-13  -3.19977928e-27   1.07503642e-27  -3.18210165e-59
  5.64000000e-05   0.00000000e+00   0.00000000e+00  -4.67260542e-13  -3.88810217e-27   1.30629368e-27  -4.69840714e-59
  5.64800000e-05   0.00000000e+00   0.00000000e+00  -4.64733176e-13  -3.86707181e-27   1.29922806e-27  -4.64771819e-59
  5.65600000e-05   0.00000000e+00   0.00000000e+00  -4.62205810e-13  -3.84604145e-27   1.29216245e-27  -4.59730416e-59
  5.66400000e-05   0.00000000e+00   0.00000000e+00  -4.59678444e-13  -3.82501110e-27   1.28509684e-27  -4.54716505e-59
  5.67200000e-05   0.00000000e+00   0.00000000e+00  -4.57151078e-13  -3.80398074e-27   1.27803122e-27  -4.49730085e-59
  5.68000000e-05   0.00000000e+00   0.00000000e+00  -4.54623713e-13  -3.78295038e-27   1.27096561e-27  -4.44771156e-59
  5.68800000e-05   0.00000000e+00   0.00000000e+00  -4.52096347e-13  -3.76192002e-27   1.26390000e-27  -4.39839719e-59
  5.69600000e-05   0.00000000e+00   0.00000000e+00  -4.49568981e-13  -3.74088966e-27   1.25683438e-27  -4.34935773e-59
  5.70400000e-05   0.00000000e+00   0.00000000e+00  -4.47041615e-13  -3.71985930e-27   1.24976877e-27  -4.30059319e-59
  5.71200000e-05   0.00000000e+00   0.00000000e+00  -2.30167291e-13  -1.91523542e-27   6.43465581e-28  -1.14003413e-59
  5.72000000e-05   0.00000000e+00   0.00000000e+00  -2.32710875e-13  -1.93640074e-27   6.50576535e-28  -1.16537049e-59
  5.72800000e-05   0.00000000e+00   0.00000000e+00  -2.35254460e-13  -1.95756606e-27   6.57687489e-28  -1.19098530e-59
  5.73600000e-05   0.00000000e+00   0.00000000e+00  -7.38575071e-13  -6.14572616e-27   2.06479225e-27  -1.17388123e-58
  5.74400000e-05   0.00000000e+00   0.00000000e+00  -7.17991504e-13  -5.97444910e-27   2.00724794e-27  -1.10936272e-58
  5.75200000e-05   0.00000000e+00   0.00000000e+00  -6.97407937e-13  -5.80317204e-27   1.94970363e-27  -1.04666769e-58
  5.76000000e-05   0.00000000e+00   0.00000000e+00  -6.76824370e-13  -5.63189498e-27   1.89215933e-27  -9.85796156e-59
  5.76800000e-05   0.00000000e+00   0.00000000e+00  -6.56240803e-13  -5.46061792e-27   1.83461502e-27  -9.26748109e-59
  5.77600000e-05   0.00000000e+00   0.00000000e+00  -6.35657236e-13  -5.28934086e-27   1.77707072e-27  -8.69523551e-59
  5.78400000e-05   0.00000000e+00   0.00000000e+00  -5.41313462e-13  -4.50430083e-27   1.51331920e-27  -6.30566218e-59
  5.79200000e-05   0.00000000e+00   0.00000000e+00  -5.35321715e-13  -4.45444315e-27   1.49656842e-27  -6.16684140e-59
  5.80000000e-05   0.00000000e+00   0.00000000e+00  -5.29329968e-13  -4.40458547e-27   1.47981763e-27  -6.02956576e-59
  5.80800000e-05   0.00000000e+00   0.00000000e+00  -5.23338220e-13  -4.35472780e-27   1.46306685e-27  -5.89383526e-59
  5.81600000e-05   0.00000000e+00   0.00000000e+00  -5.17346473e-13  -4.30487012e-27   1.44631606e-27  -5.75964991e-59
  5.82400000e-05   0.00000000e+00   0.00000000e+00  -5.11354726e-13  -4.25501244e-27   1.42956527e-27  -5.62700970e-59
  5.83200000e-05   0.00000000e+00   0.00000000e+00  -5.05362979e-13  -4.20515477e-27   1.41281449e-27  -5.49591463e-59
  5.84000000e-05   0.00000000e+00   0.00000000e+00  -4.99371232e-13  -4.15529709e-27   1.39606370e-27  -5.36636471e-59
  5.84800000e-05   0.00000000e+00   0.00000000e+00  -4.93379485e-13  -4.10543942e-27   1.37931291e-27  -5.23835993e-59
  5.85600000e-05   0.00000000e+00   0.00000000e+00  -4.87387738e-13  -4.05558174e-27   1.36256213e-27  -5.11190030e-59
  5.86400000e-05   0.00000000e+00   0.00000000e+00  -6.50549768e-13  -5.41326249e-27   1.81870492e-27  -9.10744027e-59
  5.87200000e-05   0.00000000e+00   0.00000000e+00  -6.29966201e-13  -5.24198544e-27   1.76116062e-27  -8.54023635e-59
  5.88000000e-05   0.00000000e+00   0.00000000e+00  -6.09382634e-13  -5.07070838e-27   1.70361631e-27  -7.99126731e-59
  5.88800000e-05   0.00000000e+00   0.00000000e+00  -5.88799067e-13  -4.89943132e-27   1.64607201e-27  -7.46053317e-59
  5.89600000e-05   0.00000000e+00   0.00000000e+00  -5.68215500e-13  -4.72815426e-27   1.58852770e-27  -6.94803391e-59
  5.90400000e-05   0.00000000e+00   0.00000000e+00  -5.47631933e-13  -4.55687720e-27   1.53098339e-27  -6.45376954e-59
  5.91200000e-05   0.00000000e+00   0.00000000e+00  -5.27048366e-13  -4.38560014e-27   1.47343909e-27  -5.97774007e-59
  5.92000000e-05   0.00000000e+00   0.00000000e+00  -5.06464799e-13  -4.21432308e-27   1.41589478e-27  -5.51994548e-59
  5.92800000e-05   0.00000000e+00   0.00000000e+00  -8.42350256e-14  -7.00924551e-28   2.35491062e-28  -1.52717840e-60
  5.93600000e-05   0.00000000e+00   0.00000000e+00  -4.16138799e-13  -3.46271517e-27   1.16337553e-27  -3.72645369e-59
  5.94400000e-05   0.00000000e+00   0.00000000e+00  -4.64175285e-13  -3.86242957e-27   1.29766840e-27  -4.63643988e-59
  5.95200000e-05   0.00000000e+00   0.00000000e+00  -5.12211771e-13  -4.26214396e-27   1.43196126e-27  -5.64573865e-59
  5.96000000e-05   0.00000000e+00   0.00000000e+00  -5.60248257e-13  -4.66185836e-27   1.56625413e-27  -6.75435001e-59
  5.96800000e-05   0.00000000e+00   0.00000000e+00  -6.08284743e-13  -5.06157276e-27   1.70054700e-27  -7.96227395e-59
  5.97600000e-05   0.00000000e+00   0.00000000e+00  -6.56321229e-13  -5.46128715e-27   1.83483986e-27  -9.26951049e-59
  5.98400000e-05   0.00000000e+00   0.00000000e+00  -7.04357715e-13  -5.86100155e-27   1.96913273e-27  -1.06760596e-58
  5.99200000e-05   0.00000000e+00   0.00000000e+00  -7.52394201e-13  -6.26071595e-27   2.10342560e-27  -1.21819213e-58
  6.00000000e-05   0.00000000e+00   0.00000000e+00  -8.00430687e-13  -6.66043034e-27   2.23771847e-27  -1.37870956e-58
  6.00800000e-05   0.00000000e+00   0.00000000e+00  -1.96866264e-13  -1.63813564e-27   5.50367797e-28  -8.34075696e-60
  6.01600000e-05   0.00000000e+00   0.00000000e+00  -1.40610520e-13  -1.17002832e-27   3.93096818e-28  -4.25511113e-60
  6.02400000e-05   0.00000000e+00   0.00000000e+00  -8.43547756e-14  -7.01920998e-28   2.35825840e-28  -1.53152326e-60
  6.03200000e-05   0.00000000e+00   0.00000000e+00  -2.80990315e-14  -2.33813677e-28   7.85548613e-29  -1.69993333e-61
  6.04000000e-05   0.00000000e+00   0.00000000e+00   2.81567126e-14   2.34293645e-28  -7.87161172e-29  -1.70521360e-61
  6.04800000e-05   0.00000000e+00   0.00000000e+00   8.44124567e-14   7.02400966e-28  -2.35987096e-28  -1.53310734e-60
  6.05600000e-05   0.00000000e+00   0.00000000e+00   1.40668201e-13   1.17050829e-27  -3.93258074e-28  -4.25775127e-60
  6.06400000e-05   0.00000000e+00   0.00000000e+00   1.96923945e-13   1.63861561e-27  -5.50529053e-28  -8.34445315e-60
  6.07200000e-05   0.00000000e+00   0.00000000e+00   2.53179689e-13   2.10672293e-27  -7.07800031e-28  -1.37932130e-59
  6.08000000e-05   0.00000000e+00   0.00000000e+00  -6.05606867e-13  -5.03929000e-27   1.69306061e-27  -7.89232232e-59
  6.08800000e-05   0.00000000e+00   0.00000000e+00  -6.53643353e-13  -5.43900439e-27   1.82735348e-27  -9.19402251e-59
  6.09600000e-05   0.00000000e+00   0.00000000e+00  -7.01679839e-13  -5.83871879e-27   1.96164635e-27  -1.05950353e-58
  6.10400000e-05   0.00000000e+00   0.00000000e+00  -7.49716325e-13  -6.23843319e-27   2.09593921e-27  -1.20953606e-58
  6.11200000e-05   0.00000000e+00   0.00000000e+00  -7.97752811e-13  -6.63814758e-27   2.23023208e-27  -1.36949986e-58
  6.12000000e-05   0.00000000e+00   0.00000000e+00  -2.60122772e-13  -2.16449673e-27   7.27210413e-28  -1.45612260e-59
  6.12800000e-05   0.00000000e+00   0.00000000e+00  -2.37720034e-13  -1.97808224e-27   6.64580354e-28  -1.21611219e-59
  6.13600000e-05   0.00000000e+00   0.00000000e+00  -2.15317296e-13  -1.79166775e-27   6.01950295e-28  -9.97702298e-60
  6.14400000e-05   0.00000000e+00   0.00000000e+00  -1.92914557e-13  -1.60525326e-27   5.39320236e-28  -8.00892917e-60
  6.15200000e-05   0.00000000e+00   0.00000000e+00  -6.52802389e-13  -5.43200668e-27   1.82500244e-27  -9.17045113e-59
  6.16000000e-05   0.00000000e+00   0.00000000e+00  -6.80532814e-13  -5.66275316e-27   1.90252681e-27  -9.96610734e-59
  6.16800000e-05   0.00000000e+00   0.00000000e+00  -7.08263239e-13  -5.89349964e-27   1.98005118e-27  -1.07948595e-58
  6.17600000e-05   0.00000000e+00   0.00000000e+00  -7.35993664e-13  -6.12424612e-27   2.05757555e-27  -1.16567076e-58
  6.18400000e-05   0.00000000e+00   0.00000000e+00  -7.63724089e-13  -6.35499260e-27   2.13509992e-27  -1.25516517e-58
  6.19200000e-05   0.00000000e+00   0.00000000e+00  -7.91454514e-13  -6.58573908e-27   2.21262429e-27  -1.34796917e-58
  6.20000000e-05   0.00000000e+00   0.00000000e+00  -8.19184939e-13  -6.81648557e-27   2.29014866e-27  -1.44408277e-58
  6.20800000e-05   0.00000000e+00   0.00000000e+00  -8.46915364e-13  -7.04723205e-27   2.36767303e-27  -1.54350596e-58
  6.21600000e-05   0.00000000e+00   0.00000000e+00  -8.74645789e-13  -7.27797853e-27   2.44519740e-27  -1.64623875e-58
  6.22400000e-05   0.00000000e+00   0.00000000e+00  -1.75404111e-13  -1.45954782e-27   4.90367279e-28  -6.62102527e-60
  6.23200000e-05   0.00000000e+00   0.00000000e+00  -1.53001373e-13  -1.27313333e-27   4.27737220e-28  -5.03777068e-60
  6.24000000e-05   0.00000000e+00   0.00000000e+00  -1.30598634e-13  -1.08671884e-27   3.65107161e-28  -3.67052122e-60
  6.24800000e-05   0.00000000e+00   0.00000000e+00  -1.08195896e-13  -9.00304350e-28   3.02477102e-28  -2.51927687e-60
  6.25600000e-05   0.00000000e+00   0.00000000e+00  -8.57931578e-14  -7.13889861e-28   2.39847043e-28  -1.58403765e-60
  6.26400000e-05   0.00000000e+00   0.00000000e+00  -6.33904195e-14  -5.27475371e-28   1.77216984e-28  -8.64803552e-61
  6.27200000e-05   0.00000000e+00   0.00000000e+00  -4.09876812e-14  -3.41060882e-28   1.14586925e-28  -3.61574575e-61
  6.28000000e-05   0.00000000e+00   0.00000000e+00  -1.85849429e-14  -1.54646392e-28   5.19568660e-29  -7.43507193e-62
  6.28800000e-05   0.00000000e+00   0.00000000e+00   3.81779536e-15   3.17680974e-29  -1.06731930e-29  -3.13198586e-63
  6.29600000e-05   0.00000000e+00   0.00000000e+00  -9.45433103e-13  -7.86700389e-27   2.64309346e-27  -1.92349148e-58
  6.30400000e-05   0.00000000e+00   0.00000000e+00  -4.01749182e-13  -3.34297833e-27   1.12314730e-27  -3.47340908e-59
  6.31200000e-05   0.00000000e+00   0.00000000e+00  -4.95188254e-13  -4.12049029e-27   1.38436959e-27  -5.27670725e-59
  6.32000000e-05   0.00000000e+00   0.00000000e+00  -5.38569116e-13  -4.48146497e-27   1.50564699e-27  -6.24174452e-59
  6.32800000e-05   0.00000000e+00   0.00000000e+00  -5.81949979e-13  -4.84243965e-27   1.62692440e-27  -7.28777679e-59
  6.33600000e-05   0.00000000e+00   0.00000000e+00  -6.25330841e-13  -5.20341433e-27   1.74820180e-27  -8.41480405e-59
  6.34400000e-05   0.00000000e+00   0.00000000e+00  -6.68711703e-13  -5.56438901e-27   1.86947921e-27  -9.62282632e-59
  6.35200000e-05   0.00000000e+00   0.00000000e+00  -7.12092565e-13  -5.92536369e-27   1.99075661e-27  -1.09118436e-58
  6.36000000e-05   0.00000000e+00   0.00000000e+00  -7.55473428e-13  -6.28633837e-27   2.11203402e-27  -1.22818558e-58
  6.36800000e-05   0.00000000e+00   0.00000000e+00  -7.98854290e-13  -6.64731305e-27   2.23331142e-27  -1.37328631e-58
  6.37600000e-05   0.00000000e+00   0.00000000e+00  -6.99681423e-13  -5.82208986e-27   1.95605949e-27  -1.05350093e-58
  6.38400000e-05   0.00000000e+00   0.00000000e+00  -6.84253507e-13  -5.69371326e-27   1.91292854e-27  -1.00755405e-58
  6.39200000e-05   0.00000000e+00   0.00000000e+00  -6.68825590e-13  -5.56533667e-27   1.86979759e-27  -9.62631592e-59
  6.40000000e-05   0.00000000e+00   0.00000000e+00  -6.53397674e-13  -5.43696008e-27   1.82666665e-27  -9.18733546e-59
  6.40800000e-05   0.00000000e+00   0.00000000e+00  -6.37969757e-13  -5.30858349e-27   1.78353570e-27  -8.75859917e-59
  6.41600000e-05   0.00000000e+00   0.00000000e+00  -6.22541840e-13  -5.18020690e-27   1.74040475e-27  -8.34010703e-59
  6.42400000e-05   0.00000000e+00   0.00000000e+00  -6.07113924e-13  -5.05183030e-27   1.69727380e-27  -7.93185906e-59
  6.43200000e-05   0.00000000e+00   0.00000000e+00  -5.91686007e-13  -4.92345371e-27   1.65414286e-27  -7.53385525e-59
  6.44000000e-05   0.00000000e+00   0.00000000e+00  -5.76258091e-13  -4.79507712e-27   1.61101191e-27  -7.14609559e-59
  6.44800000e-05   0.00000000e+00   0.00000000e+00  -8.06665608e-13  -6.71231149e-27   2.25514908e-27  -1.40027420e-58
  6.45600000e-05   0.00000000e+00   0.00000000e+00  -8.50046471e-13  -7.07328617e-27   2.37642648e-27  -1.55493285e-58
  6.46400000e-05   0.00000000e+00   0.00000000e+00  -8.93427333e-13  -7.43426085e-27   2.49770389e-27  -1.71769100e-58
  6.47200000e-05   0.00000000e+00   0.00000000e+00  -9.36808195e-13  -7.79523553e-27   2.61898129e-27  -1.88854865e-58
  6.48000000e-05   0.00000000e+00   0.00000000e+00  -9.80189057e-13  -8.15621021e-27   2.74025870e-27  -2.06750580e-58
  6.48800000e-05   0.00000000e+00   0.00000000e+00  -1.02356992e-12  -8.51718489e-27   2.86153610e-27  -2.25456245e-58
  6.49600000e-05   0.00000000e+00   0.00000000e+00  -1.06695078e-12  -8.87815957e-27   2.98281351e-27  -2.44971861e-58
  6.50400000e-05   0.00000000e+00   0.00000000e+00  -1.11033164e-12  -9.23913425e-27   3.10409091e-27  -2.65297426e-58
  6.51200000e-05   0.00000000e+00   0.00000000e+00  -6.77914715e-13  -5.64096781e-27   1.89520754e-27  -9.88980043e-59
  6.52000000e-05   0.00000000e+00   0.00000000e+00  -7.13658987e-13  -5.93839797e-27   1.99513577e-27  -1.09600848e-58
  6.52800000e-05   0.00000000e+00   0.00000000e+00  -7.09754173e-13  -5.90590580e-27   1.98421930e-27  -1.08404759e-58
  6.53600000e-05   0.00000000e+00   0.00000000e+00  -7.05849360e-13  -5.87341362e-27   1.97330284e-27  -1.07215233e-58
  6.54400000e-05   0.00000000e+00   0.00000000e+00  -7.01944547e-13  -5.84092144e-27   1.96238637e-27  -1.06032269e-58
  6.55200000e-05   0.00000000e+00   0.00000000e+00  -6.98039733e-13  -5.80842926e-27   1.95146991e-27  -1.04855868e-58
  6.56000000e-05   0.00000000e+00   0.00000000e+00  -6.94134920e-13  -5.77593708e-27   1.94055344e-27  -1.03686029e-58
  6.56800000e-05   0.00000000e+00   0.00000000e+00  -6.90230107e-13  -5.74344490e-27   1.92963698e-27  -1.02522752e-58
  6.57600000e-05   0.00000000e+00   0.00000000e+00  -6.86325293e-13  -5.71095272e-27   1.91872052e-27  -1.01366037e-58
  6.58400000e-05   0.00000000e+00   0.00000000e+00  -6.82420480e-13  -5.67846054e-27   1.90780405e-27  -1.00215885e-58
  6.59200000e-05   0.00000000e+00   0.00000000e+00  -5.37808670e-13  -4.47513725e-27   1.50352106e-27  -6.22435642e-59
  6.60000000e-05   0.00000000e+00   0.00000000e+00  -5.03077289e-13  -4.18613541e-27   1.40642451e-27  -5.44639033e-59
  6.60800000e-05   0.00000000e+00   0.00000000e+00  -4.68345909e-13  -3.89713357e-27   1.30932797e-27  -4.72034081e-59
  6.61600000e-05   0.00000000e+00   0.00000000e+00  -4.33614528e-13  -3.60813173e-27   1.21223143e-27  -4.04620785e-59
  6.62400000e-05   0.00000000e+00   0.00000000e+00  -3.98883147e-13  -3.31912989e-27   1.11513489e-27  -3.42399146e-59
  6.63200000e-05   0.00000000e+00   0.00000000e+00  -3.64151767e-13  -3.03012805e-27   1.01803835e-27  -2.85369163e-59
  6.64000000e-05   0.00000000e+00   0.00000000e+00  -3.29420386e-13  -2.74112621e-27   9.20941803e-28  -2.33530836e-59
  6.64800000e-05   0.00000000e+00   0.00000000e+00  -2.94689005e-13  -2.45212437e-27   8.23845261e-28  -1.86884165e-59
  6.65600000e-05   0.00000000e+00   0.00000000e+00  -2.59957625e-13  -2.16312253e-27   7.26748719e-28  -1.45429151e-59
  6.66400000e-05   0.00000000e+00   0.00000000e+00  -4.36164585e-13  -3.62935091e-27   1.21936048e-27  -4.09386592e-59
  6.67200000e-05   0.00000000e+00   0.00000000e+00  -4.32259772e-13  -3.59685873e-27   1.20844401e-27  -4.02089252e-59
  6.68000000e-05   0.00000000e+00   0.00000000e+00  -4.28354959e-13  -3.56436655e-27   1.19752755e-27  -3.94857535e-59
  6.68800000e-05   0.00000000e+00   0.00000000e+00  -4.24450145e-13  -3.53187437e-27   1.18661109e-27  -3.87691443e-59
  6.69600000e-05   0.00000000e+00   0.00000000e+00  -4.20545332e-13  -3.49938219e-27   1.17569462e-27  -3.80590974e-59
  6.70400000e-05   0.00000000e+00   0.00000000e+00  -6.65771679e-13  -5.53992490e-27   1.86125995e-27  -9.53859385e-59
  6.71200000e-05   0.00000000e+00   0.00000000e+00  -6.54242060e-13  -5.44398627e-27   1.82902725e-27  -9.21108262e-59
  6.72000000e-05   0.00000000e+00   0.00000000e+00  -6.42712441e-13  -5.34804764e-27   1.79679455e-27  -8.88929265e-59
  6.72800000e-05   0.00000000e+00   0.00000000e+00  -6.31182822e-13  -5.25210901e-27   1.76456185e-27  -8.57322395e-59
  6.73600000e-05   0.00000000e+00   0.00000000e+00  -7.14661414e-13  -5.94673923e-27   1.99793819e-27  -1.09908031e-58
  6.74400000e-05   0.00000000e+00   0.00000000e+00  -7.34949346e-13  -6.11555630e-27   2.05465601e-27  -1.16236804e-58
  6.75200000e-05   0.00000000e+00   0.00000000e+00  -7.55237279e-13  -6.28437336e-27   2.11137383e-27  -1.22742726e-58
  6.76000000e-05   0.00000000e+00   0.00000000e+00  -7.75525211e-13  -6.45319043e-27   2.16809164e-27  -1.29425796e-58
  6.76800000e-05   0.00000000e+00   0.00000000e+00  -7.95813144e-13  -6.62200750e-27   2.22480946e-27  -1.36286014e-58
  6.77600000e-05   0.00000000e+00   0.00000000e+00  -8.16101076e-13  -6.79082456e-27   2.28152728e-27  -1.43323381e-58
