       time             b_x              b_y              b_z              F_x              F_y              F_z
  0.00000000e+00   0.00000000e+00   0.00000000e+00  -2.48309659e-06   1.91961340e-20   2.41921820e-20   0.00000000e+00
  8.00000000e-08   0.00000000e+00   0.00000000e+00  -2.66064325e-06   2.05681873e-20   2.59223796e-20  -4.95270858e-45
  1.60000000e-07   0.00000000e+00   0.00000000e+00  -2.83819084e-06   2.19401421e-20   2.76526702e-20  -5.63576824e-45
  2.40000000e-07   0.00000000e+00   0.00000000e+00  -3.01573944e-06   2.33119916e-20   2.93830601e-20  -6.36294204e-45
  3.20000000e-07   0.00000000e+00   0.00000000e+00  -1.59214657e-06   1.23071842e-20   1.55128820e-20  -1.77364474e-45
  4.00000000e-07   0.00000000e+00   0.00000000e+00  -1.24286058e-06   9.60709583e-21   1.21097618e-20  -1.08081676e-45
  4.80000000e-07   0.00000000e+00   0.00000000e+00  -8.93572873e-07   6.90709140e-21   8.70654771e-21  -5.58700577e-46
  5.60000000e-07   0.00000000e+00   0.00000000e+00  -5.44283924e-07   4.20714730e-21   5.30326603e-21  -2.07299100e-46
  6.40000000e-07   0.00000000e+00   0.00000000e+00  -1.94994220e-07   1.50723995e-21   1.89994321e-21  -2.66142767e-47
  7.20000000e-07   0.00000000e+00   0.00000000e+00   1.54295755e-07  -1.19265423e-21  -1.50339435e-21  -1.66471106e-47
  8.00000000e-07   0.00000000e+00   0.00000000e+00  -1.14257756e-06   8.83166304e-21   1.11328666e-20  -9.13337396e-46
  8.80000000e-07   0.00000000e+00   0.00000000e+00  -1.32012931e-06   1.02039449e-20   1.28629634e-20  -1.21925647e-45
  9.60000000e-07   0.00000000e+00   0.00000000e+00   1.19352507e-06  -9.22527275e-21  -1.16294347e-20  -9.96570808e-46
  1.04000000e-06   0.00000000e+00   0.00000000e+00   1.54154775e-06  -1.19154483e-20  -1.50203630e-20  -1.66251732e-45
  1.12000000e-06   0.00000000e+00   0.00000000e+00   1.88956829e-06  -1.46057276e-20  -1.84111752e-20  -2.49793951e-45
  1.20000000e-06   0.00000000e+00   0.00000000e+00  -2.03288478e-06   1.57136834e-20   1.98074591e-20  -2.89129768e-45
  1.28000000e-06   0.00000000e+00   0.00000000e+00  -2.20978815e-06   1.70807516e-20   2.15313988e-20  -3.41640477e-45
  1.36000000e-06   0.00000000e+00   0.00000000e+00  -2.38669231e-06   1.84477382e-20   2.32554156e-20  -3.98530485e-45
  1.44000000e-06   0.00000000e+00   0.00000000e+00  -2.56359730e-06   1.98146367e-20   2.49795155e-20  -4.59799873e-45
  1.52000000e-06   0.00000000e+00   0.00000000e+00  -2.74050319e-06   2.11814406e-20   2.67037048e-20  -5.25448726e-45
  1.60000000e-06   0.00000000e+00   0.00000000e+00  -2.91741004e-06   2.25481433e-20   2.84279896e-20  -5.95477137e-45
  1.68000000e-06   0.00000000e+00   0.00000000e+00  -2.91866085e-07   2.25575514e-21   2.84403834e-21  -5.95969454e-47
  1.76000000e-06   0.00000000e+00   0.00000000e+00  -3.45612976e-07   2.67114230e-21   3.36777210e-21  -8.35679837e-47
  1.84000000e-06   0.00000000e+00   0.00000000e+00  -3.99359917e-07   3.08652569e-21   3.89150966e-21  -1.11581209e-46
  1.92000000e-06   0.00000000e+00   0.00000000e+00  -4.53106917e-07   3.50190472e-21   4.41525159e-21  -1.43636639e-46
  2.00000000e-06   0.00000000e+00   0.00000000e+00  -5.06853982e-07   3.91727880e-21   4.93899849e-21  -1.79734290e-46
  2.08000000e-06   0.00000000e+00   0.00000000e+00  -5.60601120e-07   4.33264734e-21   5.46275094e-21  -2.19874184e-46
  2.16000000e-06   0.00000000e+00   0.00000000e+00  -4.01520585e-08   3.10317866e-22   3.91260059e-22  -1.12846693e-48
  2.24000000e-06   0.00000000e+00   0.00000000e+00   3.25166277e-08  -2.51306920e-22  -3.16856930e-22  -7.39341443e-49
  2.32000000e-06   0.00000000e+00   0.00000000e+00   1.05185306e-07  -8.12932170e-22  -1.02497342e-21  -7.73948141e-48
  2.40000000e-06   0.00000000e+00   0.00000000e+00   1.77853956e-07  -1.37455892e-21  -1.73308828e-21  -2.21288796e-47
  2.48000000e-06   0.00000000e+00   0.00000000e+00   2.50522560e-07  -1.93618821e-21  -2.44120040e-21  -4.39075210e-47
  2.56000000e-06   0.00000000e+00   0.00000000e+00  -1.07557670e-07   8.31271296e-22   1.04808754e-21  -8.09292000e-48
  2.64000000e-06   0.00000000e+00   0.00000000e+00  -1.61304788e-07   1.24666019e-21   1.57182352e-21  -1.82026688e-47
  2.72000000e-06   0.00000000e+00   0.00000000e+00  -2.15051928e-07   1.66204732e-21   2.09556127e-21  -3.23546179e-47
  2.80000000e-06   0.00000000e+00   0.00000000e+00  -2.68799100e-07   2.07743210e-21   2.61930138e-21  -5.05487755e-47
  2.88000000e-06   0.00000000e+00   0.00000000e+00  -3.22546311e-07   2.49281395e-21   3.14304443e-21  -7.27851521e-47
  2.96000000e-06   0.00000000e+00   0.00000000e+00  -3.76293568e-07   2.90819228e-21   3.66679102e-21  -9.90637608e-47
  3.04000000e-06   0.00000000e+00   0.00000000e+00  -4.29885655e-07   3.32237149e-21   4.18902544e-21  -1.29291243e-46
  3.12000000e-06   0.00000000e+00   0.00000000e+00  -4.83437043e-07   3.73622694e-21   4.71087060e-21  -1.63510088e-46
  3.20000000e-06   0.00000000e+00   0.00000000e+00  -5.36988502e-07   4.15007712e-21   5.23272104e-21  -2.01741792e-46
  3.28000000e-06   0.00000000e+00   0.00000000e+00  -5.90540037e-07   4.56392146e-21   5.75457735e-21  -2.43986377e-46
  3.36000000e-06   0.00000000e+00   0.00000000e+00   2.33327970e-13  -1.80324755e-27  -2.27368896e-27  -3.80889635e-59
  3.44000000e-06   0.00000000e+00   0.00000000e+00  -3.80803453e-13   2.94299434e-27   3.71077933e-27  -1.01456684e-58
  3.52000000e-06   0.00000000e+00   0.00000000e+00  -3.73162114e-13   2.88393916e-27   3.63631750e-27  -9.74258135e-59
  3.60000000e-06   0.00000000e+00   0.00000000e+00  -3.65520775e-13   2.82488398e-27   3.56185567e-27  -9.34766479e-59
  3.68000000e-06   0.00000000e+00   0.00000000e+00  -3.57879436e-13   2.76582880e-27   3.48739384e-27  -8.96091868e-59
  3.76000000e-06   0.00000000e+00   0.00000000e+00  -3.50238097e-13   2.70677362e-27   3.41293201e-27  -8.58234300e-59
  3.84000000e-06   0.00000000e+00   0.00000000e+00  -3.42596759e-13   2.64771844e-27   3.33847018e-27  -8.21193777e-59
  3.92000000e-06   0.00000000e+00   0.00000000e+00   1.22040155e-13  -9.43172872e-28  -1.18923314e-27  -1.04198355e-59
  4.00000000e-06   0.00000000e+00   0.00000000e+00   1.46061166e-13  -1.12881641e-27  -1.42330841e-27  -1.49254832e-59
  4.08000000e-06   0.00000000e+00   0.00000000e+00   1.70082177e-13  -1.31445994e-27  -1.65738368e-27  -2.02385318e-59
  4.16000000e-06   0.00000000e+00   0.00000000e+00   1.94103187e-13  -1.50010347e-27  -1.89145894e-27  -2.63589815e-59
  4.24000000e-06   0.00000000e+00   0.00000000e+00   2.18124198e-13  -1.68574701e-27  -2.12553421e-27  -3.32868322e-59
  4.32000000e-06   0.00000000e+00   0.00000000e+00   2.42145209e-13  -1.87139054e-27  -2.35960948e-27  -4.10220839e-59
  4.40000000e-06   0.00000000e+00   0.00000000e+00  -9.67249803e-15   7.47527543e-29   9.42546753e-29  -6.54696166e-62
  4.48000000e-06   0.00000000e+00   0.00000000e+00  -2.03115926e-15   1.56975735e-29   1.97928452e-29  -2.88916966e-63
  4.56000000e-06   0.00000000e+00   0.00000000e+00   5.61017952e-15  -4.33576073e-29  -5.46689849e-29  -2.20131579e-62
  4.64000000e-06   0.00000000e+00   0.00000000e+00   1.32515183e-14  -1.02412788e-28  -1.29130815e-28  -1.22841582e-61
  4.72000000e-06   0.00000000e+00   0.00000000e+00   2.08928571e-14  -1.61467969e-28  -2.03592645e-28  -3.05374440e-61
  4.80000000e-06   0.00000000e+00   0.00000000e+00   1.06836384e-13  -8.25672325e-28  -1.04107839e-27  -7.98528965e-60
  4.88000000e-06   0.00000000e+00   0.00000000e+00   1.30857394e-13  -1.01131586e-27  -1.27515365e-27  -1.19799039e-59
  4.96000000e-06   0.00000000e+00   0.00000000e+00   2.48535271e-13  -1.92077538e-27  -2.42187811e-27  -4.32159413e-59
  5.04000000e-06   0.00000000e+00   0.00000000e+00   2.68707482e-13  -2.07667392e-27  -2.61844835e-27  -5.05159003e-59
  5.12000000e-06   0.00000000e+00   0.00000000e+00  -8.41505809e-14   6.50347788e-28   8.20014194e-28  -4.95380803e-60
  5.20000000e-06   0.00000000e+00   0.00000000e+00  -1.24290988e-13   9.60568168e-28   1.21116662e-27  -1.08073930e-59
  5.28000000e-06   0.00000000e+00   0.00000000e+00   3.79288476e-13  -2.93128602e-27  -3.69601649e-27  -1.00646726e-58
  5.36000000e-06   0.00000000e+00   0.00000000e+00   4.36479869e-13  -3.37328292e-27  -4.25332404e-27  -1.33287966e-58
  5.44000000e-06   0.00000000e+00   0.00000000e+00   4.93671262e-13  -3.81527982e-27  -4.81063158e-27  -1.70506070e-58
  5.52000000e-06   0.00000000e+00   0.00000000e+00   5.50862655e-13  -4.25727672e-27  -5.36793913e-27  -2.12301038e-58
  5.60000000e-06   0.00000000e+00   0.00000000e+00   6.08054048e-13  -4.69927362e-27  -5.92524668e-27  -2.58672872e-58
  5.68000000e-06   0.00000000e+00   0.00000000e+00   6.65245441e-13  -5.14127052e-27  -6.48255423e-27  -3.09621570e-58
  5.76000000e-06   0.00000000e+00   0.00000000e+00   1.19348668e-13  -9.22372029e-28  -1.16300566e-27  -9.96663133e-60
  5.84000000e-06   0.00000000e+00   0.00000000e+00   7.92082602e-14  -6.12151649e-28  -7.71853230e-28  -4.39008266e-60
  5.92000000e-06   0.00000000e+00   0.00000000e+00   3.90678529e-14  -3.01931269e-28  -3.80700805e-28  -1.06813799e-60
  6.00000000e-06   0.00000000e+00   0.00000000e+00  -1.07255447e-15   8.28911006e-30   1.04516199e-29  -7.97338132e-64
  6.08000000e-06   0.00000000e+00   0.00000000e+00  -4.12129618e-14   3.18509490e-28   4.01604045e-28  -1.18806069e-60
  6.16000000e-06   0.00000000e+00   0.00000000e+00   4.83771291e-13  -3.73876907e-27  -4.71416027e-27  -1.63735962e-58
  6.24000000e-06   0.00000000e+00   0.00000000e+00   5.40962684e-13  -4.18076597e-27  -5.27146782e-27  -2.04738664e-58
  6.32000000e-06   0.00000000e+00   0.00000000e+00   5.98154077e-13  -4.62276287e-27  -5.82877537e-27  -2.50318231e-58
  6.40000000e-06   0.00000000e+00   0.00000000e+00   6.55345470e-13  -5.06475977e-27  -6.38608292e-27  -3.00474663e-58
  6.48000000e-06   0.00000000e+00   0.00000000e+00   7.12536862e-13  -5.50675667e-27  -6.94339047e-27  -3.55207959e-58
  6.56000000e-06   0.00000000e+00   0.00000000e+00   7.69728255e-13  -5.94875357e-27  -7.50069802e-27  -4.14518120e-58
  6.64000000e-06   0.00000000e+00   0.00000000e+00   3.97930757e-13  -3.07536068e-27  -3.87767815e-27  -1.10785612e-58
  6.72000000e-06   0.00000000e+00   0.00000000e+00   4.28660335e-13  -3.31285059e-27  -4.17712577e-27  -1.28556945e-58
  6.80000000e-06   0.00000000e+00   0.00000000e+00   4.59389914e-13  -3.55034049e-27  -4.47657338e-27  -1.47649635e-58
  6.88000000e-06   0.00000000e+00   0.00000000e+00   4.90119493e-13  -3.78783040e-27  -4.77602100e-27  -1.68063681e-58
  6.96000000e-06   0.00000000e+00   0.00000000e+00   5.20849071e-13  -4.02532030e-27  -5.07546861e-27  -1.89799084e-58
  7.04000000e-06   0.00000000e+00   0.00000000e+00   5.51578650e-13  -4.26281021e-27  -5.37491622e-27  -2.12855842e-58
  7.12000000e-06   0.00000000e+00   0.00000000e+00   4.99223526e-13  -3.85818984e-27  -4.86473621e-27  -1.74371794e-58
  7.20000000e-06   0.00000000e+00   0.00000000e+00   6.48653540e-13  -5.01304198e-27  -6.32087270e-27  -2.94378785e-58
  7.28000000e-06   0.00000000e+00   0.00000000e+00   6.23585157e-13  -4.81930396e-27  -6.07659121e-27  -2.72064973e-58
  7.36000000e-06   0.00000000e+00   0.00000000e+00   5.98516774e-13  -4.62556593e-27  -5.83230971e-27  -2.50630505e-58
  7.44000000e-06   0.00000000e+00   0.00000000e+00   5.73448391e-13  -4.43182791e-27  -5.58802822e-27  -2.30075382e-58
  7.52000000e-06   0.00000000e+00   0.00000000e+00   5.61147223e-13  -4.33675979e-27  -5.46815819e-27  -2.20304650e-58
  7.60000000e-06   0.00000000e+00   0.00000000e+00   5.95774180e-13  -4.60437013e-27  -5.80558422e-27  -2.48332622e-58
  7.68000000e-06   0.00000000e+00   0.00000000e+00   6.30401138e-13  -4.87198046e-27  -6.14301025e-27  -2.78038375e-58
  7.76000000e-06   0.00000000e+00   0.00000000e+00   6.65028096e-13  -5.13959080e-27  -6.48043629e-27  -3.09421910e-58
  7.84000000e-06   0.00000000e+00   0.00000000e+00   6.99655053e-13  -5.40720114e-27  -6.81786232e-27  -3.42483226e-58
  7.92000000e-06   0.00000000e+00   0.00000000e+00   7.34282011e-13  -5.67481147e-27  -7.15528836e-27  -3.77222323e-58
  8.00000000e-06   0.00000000e+00   0.00000000e+00   7.26857805e-13  -5.61743438e-27  -7.08294240e-27  -3.69640365e-58
  8.08000000e-06   0.00000000e+00   0.00000000e+00   7.01789422e-13  -5.42369636e-27  -6.83866091e-27  -3.44583314e-58
  8.16000000e-06   0.00000000e+00   0.00000000e+00   6.76721040e-13  -5.22995833e-27  -6.59437941e-27  -3.20405608e-58
  8.24000000e-06   0.00000000e+00   0.00000000e+00   4.10030523e-13  -3.16887229e-27  -3.99558560e-27  -1.17630388e-58
  8.32000000e-06   0.00000000e+00   0.00000000e+00   3.70647512e-13  -2.86450535e-27  -3.61181370e-27  -9.61192653e-59
  8.40000000e-06   0.00000000e+00   0.00000000e+00   3.84808986e-13  -2.97395063e-27  -3.74981168e-27  -1.03600038e-58
  8.48000000e-06   0.00000000e+00   0.00000000e+00   4.10420970e-13  -3.17188981e-27  -3.99939035e-27  -1.17849851e-58
  8.56000000e-06   0.00000000e+00   0.00000000e+00   4.36032954e-13  -3.36982899e-27  -4.24896902e-27  -1.33017560e-58
  8.64000000e-06   0.00000000e+00   0.00000000e+00   4.61644937e-13  -3.56776817e-27  -4.49854769e-27  -1.49103164e-58
  8.72000000e-06   0.00000000e+00   0.00000000e+00   4.87256921e-13  -3.76570735e-27  -4.74812636e-27  -1.66106664e-58
  8.80000000e-06   0.00000000e+00   0.00000000e+00   5.12868905e-13  -3.96364653e-27  -4.99770504e-27  -1.84028058e-58
  8.88000000e-06   0.00000000e+00   0.00000000e+00   3.92110501e-13  -3.03037952e-27  -3.82096206e-27  -1.07573322e-58
  8.96000000e-06   0.00000000e+00   0.00000000e+00   3.52727490e-13  -2.72601259e-27  -3.43719016e-27  -8.70497376e-59
  9.04000000e-06   0.00000000e+00   0.00000000e+00   3.13344479e-13  -2.42164566e-27  -3.05341826e-27  -6.86964773e-59
  9.12000000e-06   0.00000000e+00   0.00000000e+00   2.73961467e-13  -2.11727872e-27  -2.66964636e-27  -5.25135410e-59
  9.20000000e-06   0.00000000e+00   0.00000000e+00   2.34578456e-13  -1.81291179e-27  -2.28587446e-27  -3.85009286e-59
  9.28000000e-06   0.00000000e+00   0.00000000e+00   1.04597611e-12  -8.08370234e-27  -1.01926243e-26  -7.65449114e-58
  9.36000000e-06   0.00000000e+00   0.00000000e+00   5.75826316e-13  -4.45020542e-27  -5.61120016e-27  -2.31986168e-58
  9.44000000e-06   0.00000000e+00   0.00000000e+00   5.63388489e-13  -4.35408115e-27  -5.48999844e-27  -2.22072644e-58
  9.52000000e-06   0.00000000e+00   0.00000000e+00   5.50950661e-13  -4.25795687e-27  -5.36879672e-27  -2.12375589e-58
  9.60000000e-06   0.00000000e+00   0.00000000e+00   5.38512834e-13  -4.16183260e-27  -5.24759500e-27  -2.02895003e-58
  9.68000000e-06   0.00000000e+00   0.00000000e+00   5.26075006e-13  -4.06570832e-27  -5.12639328e-27  -1.93630886e-58
  9.76000000e-06   0.00000000e+00   0.00000000e+00   1.01282731e-12  -7.82751580e-27  -9.86960235e-27  -7.17700873e-58
  9.84000000e-06   0.00000000e+00   0.00000000e+00   1.05070775e-12  -8.12027027e-27  -1.02387323e-26  -7.72390074e-58
  9.92000000e-06   0.00000000e+00   0.00000000e+00   3.17766040e-13  -2.45581717e-27  -3.09650463e-27  -7.06486927e-59
  1.00000000e-05   0.00000000e+00   0.00000000e+00   2.81362035e-13  -2.17447313e-27  -2.74176197e-27  -5.53887762e-59
  1.00800000e-05   0.00000000e+00   0.00000000e+00   2.44958030e-13  -1.89312910e-27  -2.38701932e-27  -4.19832666e-59
  1.01600000e-05   0.00000000e+00   0.00000000e+00   2.08554026e-13  -1.61178506e-27  -2.03227666e-27  -3.04321640e-59
  1.02400000e-05   0.00000000e+00   0.00000000e+00   4.18122875e-13  -3.23141308e-27  -4.07444238e-27  -1.22314573e-58
  1.03200000e-05   0.00000000e+00   0.00000000e+00   4.42706228e-13  -3.42140260e-27  -4.31399745e-27  -1.37120366e-58
  1.04000000e-05   0.00000000e+00   0.00000000e+00   4.67289581e-13  -3.61139213e-27  -4.55355252e-27  -1.52771806e-58
  1.04800000e-05   0.00000000e+00   0.00000000e+00   4.91872934e-13  -3.80138166e-27  -4.79310758e-27  -1.69268892e-58
  1.05600000e-05   0.00000000e+00   0.00000000e+00   5.16456286e-13  -3.99137119e-27  -5.03266265e-27  -1.86611626e-58
  1.06400000e-05   0.00000000e+00   0.00000000e+00   5.41039639e-13  -4.18136071e-27  -5.27221772e-27  -2.04800006e-58
  1.07200000e-05   0.00000000e+00   0.00000000e+00   3.05412300e-13  -2.36034275e-27  -2.97612231e-27  -6.52623513e-59
  1.08000000e-05   0.00000000e+00   0.00000000e+00   2.69008295e-13  -2.07899872e-27  -2.62137965e-27  -5.06317298e-59
  1.08800000e-05   0.00000000e+00   0.00000000e+00   2.32604290e-13  -1.79765468e-27  -2.26663700e-27  -3.78555154e-59
  1.09600000e-05   0.00000000e+00   0.00000000e+00   1.96200286e-13  -1.51631065e-27  -1.91189434e-27  -2.69337079e-59
  1.10400000e-05   0.00000000e+00   0.00000000e+00   1.59796281e-13  -1.23496662e-27  -1.55715168e-27  -1.78663073e-59
  1.11200000e-05   0.00000000e+00   0.00000000e+00   3.36853449e-13  -2.60333195e-27  -3.28250390e-27  -7.93872581e-59
  1.12000000e-05   0.00000000e+00   0.00000000e+00   3.61436802e-13  -2.79332148e-27  -3.52205897e-27  -9.13974514e-59
  1.12800000e-05   0.00000000e+00   0.00000000e+00   3.86020155e-13  -2.98331100e-27  -3.76161404e-27  -1.04253291e-58
  1.13600000e-05   0.00000000e+00   0.00000000e+00   1.63075707e-12  -1.26031127e-26  -1.58910839e-26  -1.86059852e-57
  1.14400000e-05   0.00000000e+00   0.00000000e+00   1.66975204e-12  -1.29044807e-26  -1.62710745e-26  -1.95064463e-57
  1.15200000e-05   0.00000000e+00   0.00000000e+00   3.11006664e-13  -2.40357814e-27  -3.03063718e-27  -6.76735075e-59
  1.16000000e-05   0.00000000e+00   0.00000000e+00   2.73704247e-13  -2.11529083e-27  -2.66713985e-27  -5.24129603e-59
  1.16800000e-05   0.00000000e+00   0.00000000e+00   2.76508634e-13  -2.13696420e-27  -2.69446750e-27  -5.34925156e-59
  1.17600000e-05   0.00000000e+00   0.00000000e+00   2.79313022e-13  -2.15863758e-27  -2.72179514e-27  -5.45830758e-59
  1.18400000e-05   0.00000000e+00   0.00000000e+00   2.82117409e-13  -2.18031095e-27  -2.74912279e-27  -5.56846407e-59
  1.19200000e-05   0.00000000e+00   0.00000000e+00   2.84921796e-13  -2.20198432e-27  -2.77645044e-27  -5.67972105e-59
  1.20000000e-05   0.00000000e+00   0.00000000e+00   2.87726183e-13  -2.22365770e-27  -2.80377808e-27  -5.79207851e-59
  1.20800000e-05   0.00000000e+00   0.00000000e+00   2.72807144e-13  -2.10835768e-27  -2.65839794e-27  -5.20704264e-59
  1.21600000e-05   0.00000000e+00   0.00000000e+00   2.65454272e-13  -2.05153187e-27  -2.58674710e-27  -4.93013910e-59
  1.22400000e-05   0.00000000e+00   0.00000000e+00   2.58101399e-13  -1.99470606e-27  -2.51509625e-27  -4.66080076e-59
  1.23200000e-05   0.00000000e+00   0.00000000e+00   2.50748526e-13  -1.93788026e-27  -2.44344541e-27  -4.39902763e-59
  1.24000000e-05   0.00000000e+00   0.00000000e+00   2.43395653e-13  -1.88105445e-27  -2.37179457e-27  -4.14481971e-59
  1.24800000e-05   0.00000000e+00   0.00000000e+00   2.91281916e-13  -2.25113776e-27  -2.83842730e-27  -5.93612079e-59
  1.25600000e-05   0.00000000e+00   0.00000000e+00   2.94086304e-13  -2.27281113e-27  -2.86575494e-27  -6.05097405e-59
  1.26400000e-05   0.00000000e+00   0.00000000e+00   2.96890691e-13  -2.29448451e-27  -2.89308259e-27  -6.16692779e-59
  1.27200000e-05   0.00000000e+00   0.00000000e+00   2.99695078e-13  -2.31615788e-27  -2.92041024e-27  -6.28398201e-59
  1.28000000e-05   0.00000000e+00   0.00000000e+00   3.02499465e-13  -2.33783126e-27  -2.94773788e-27  -6.40213671e-59
  1.28800000e-05   0.00000000e+00   0.00000000e+00   3.05303852e-13  -2.35950463e-27  -2.97506553e-27  -6.52139190e-59
  1.29600000e-05   0.00000000e+00   0.00000000e+00   2.05196133e-13  -1.58583399e-27  -1.99955532e-27  -2.94590654e-59
  1.30400000e-05   0.00000000e+00   0.00000000e+00   1.97843260e-13  -1.52900819e-27  -1.92790448e-27  -2.73856646e-59
  1.31200000e-05   0.00000000e+00   0.00000000e+00   1.90490388e-13  -1.47218238e-27  -1.85625364e-27  -2.53879159e-59
  1.32000000e-05   0.00000000e+00   0.00000000e+00   4.08496179e-13  -3.15701429e-27  -3.98063402e-27  -1.16747729e-58
  1.32800000e-05   0.00000000e+00   0.00000000e+00   4.24610680e-13  -3.28155331e-27  -4.13766347e-27  -1.26140467e-58
  1.33600000e-05   0.00000000e+00   0.00000000e+00   4.40725182e-13  -3.40609232e-27  -4.29469293e-27  -1.35896568e-58
  1.34400000e-05   0.00000000e+00   0.00000000e+00   3.11211784e-13  -2.40516338e-27  -3.03263600e-27  -6.77632992e-59
  1.35200000e-05   0.00000000e+00   0.00000000e+00   2.94741357e-13  -2.27787363e-27  -2.87213818e-27  -6.07805957e-59
  1.36000000e-05   0.00000000e+00   0.00000000e+00   2.78270929e-13  -2.15058389e-27  -2.71164036e-27  -5.41774837e-59
  1.36800000e-05   0.00000000e+00   0.00000000e+00   2.61800501e-13  -2.02329414e-27  -2.55114254e-27  -4.79539632e-59
  1.37600000e-05   0.00000000e+00   0.00000000e+00   2.45330073e-13  -1.89600439e-27  -2.39064472e-27  -4.21100342e-59
  1.38400000e-05   0.00000000e+00   0.00000000e+00   3.59321143e-14  -2.77697086e-28  -3.50144270e-28  -9.03404843e-61
  1.39200000e-05   0.00000000e+00   0.00000000e+00   2.26471806e-14  -1.75026051e-28  -2.20687836e-28  -3.58896071e-61
  1.40000000e-05   0.00000000e+00   0.00000000e+00   9.36224698e-15  -7.23550159e-29  -9.12314013e-29  -6.13466663e-62
  1.40800000e-05   0.00000000e+00   0.00000000e+00  -3.92268667e-15   3.03160189e-29   3.82250332e-29  -1.07566289e-62
  1.41600000e-05   0.00000000e+00   0.00000000e+00  -1.72076203e-14   1.32987054e-28   1.67681468e-28  -2.07125959e-61
  1.42400000e-05   0.00000000e+00   0.00000000e+00  -3.04925540e-14   2.35658089e-28   2.97137902e-28  -6.50454656e-61
  1.43200000e-05   0.00000000e+00   0.00000000e+00   2.27617274e-13  -1.75911312e-27  -2.21804049e-27  -3.62489156e-59
  1.44000000e-05   0.00000000e+00   0.00000000e+00   2.11146846e-13  -1.63182337e-27  -2.05754267e-27  -3.11928024e-59
  1.44800000e-05   0.00000000e+00   0.00000000e+00   1.94676418e-13  -1.50453362e-27  -1.89704485e-27  -2.65162807e-59
  1.45600000e-05   0.00000000e+00   0.00000000e+00   1.78205990e-13  -1.37724387e-27  -1.73654703e-27  -2.22193505e-59
  1.46400000e-05   0.00000000e+00   0.00000000e+00   1.61735562e-13  -1.24995412e-27  -1.57604921e-27  -1.83020118e-59
  1.47200000e-05   0.00000000e+00   0.00000000e+00  -2.07782351e-13   1.60582127e-27   2.02475699e-27  -3.02055744e-59
  1.48000000e-05   0.00000000e+00   0.00000000e+00   2.14239736e-13  -1.65572640e-27  -2.08768166e-27  -3.21101097e-59
  1.48800000e-05   0.00000000e+00   0.00000000e+00   2.83279387e-13  -2.18929116e-27  -2.76044581e-27  -5.61410093e-59
  1.49600000e-05   0.00000000e+00   0.00000000e+00   3.52319039e-13  -2.72285593e-27  -3.43320996e-27  -8.68415722e-59
  1.50400000e-05   0.00000000e+00   0.00000000e+00   4.21358690e-13  -3.25642069e-27  -4.10597411e-27  -1.24211798e-58
  1.51200000e-05   0.00000000e+00   0.00000000e+00   4.90398342e-13  -3.78998545e-27  -4.77873827e-27  -1.68251688e-58
  1.52000000e-05   0.00000000e+00   0.00000000e+00   4.33170919e-13  -3.34771010e-27  -4.22107962e-27  -1.31282019e-58
  1.52800000e-05   0.00000000e+00   0.00000000e+00   3.93537744e-13  -3.04140981e-27  -3.83486998e-27  -1.08357867e-58
  1.53600000e-05   0.00000000e+00   0.00000000e+00   3.53904570e-13  -2.73510951e-27  -3.44866034e-27  -8.76316983e-59
  1.54400000e-05   0.00000000e+00   0.00000000e+00   3.14271395e-13  -2.42880922e-27  -3.06245070e-27  -6.91035134e-59
  1.55200000e-05   0.00000000e+00   0.00000000e+00   6.25613365e-13  -4.83497873e-27  -6.09635530e-27  -2.73829184e-58
  1.56000000e-05   0.00000000e+00   0.00000000e+00   6.77663860e-13  -5.23724481e-27  -6.60356682e-27  -3.21289875e-58
  1.56800000e-05   0.00000000e+00   0.00000000e+00   8.60240678e-14  -6.64826810e-28  -8.38270585e-28  -5.17768157e-60
  1.57600000e-05   0.00000000e+00   0.00000000e+00   7.12404255e-14  -5.50573183e-28  -6.94209826e-28  -3.55101305e-60
  1.58400000e-05   0.00000000e+00   0.00000000e+00   5.64567831e-14  -4.36319556e-28  -5.50149067e-28  -2.23016716e-60
  1.59200000e-05   0.00000000e+00   0.00000000e+00   4.16731408e-14  -3.22065928e-28  -4.06088307e-28  -1.21514390e-60
  1.60000000e-05   0.00000000e+00   0.00000000e+00   2.68894984e-14  -2.07812301e-28  -2.62027548e-28  -5.05943269e-61
  1.60800000e-05   0.00000000e+00   0.00000000e+00   4.60286987e-13  -3.55727341e-27  -4.48531500e-27  -1.48225132e-58
  1.61600000e-05   0.00000000e+00   0.00000000e+00   5.12337482e-13  -3.95953949e-27  -4.99252653e-27  -1.83644513e-58
  1.62400000e-05   0.00000000e+00   0.00000000e+00   5.64387976e-13  -4.36180557e-27  -5.49973805e-27  -2.22854917e-58
  1.63200000e-05   0.00000000e+00   0.00000000e+00   6.16438471e-13  -4.76407165e-27  -6.00694957e-27  -2.65856345e-58
  1.64000000e-05   0.00000000e+00   0.00000000e+00   6.68488966e-13  -5.16633772e-27  -6.51416110e-27  -3.12648796e-58
  1.64800000e-05   0.00000000e+00   0.00000000e+00   9.36701769e-13  -7.23918858e-27  -9.12778900e-27  -6.13866903e-58
  1.65600000e-05   0.00000000e+00   0.00000000e+00   5.29431762e-13  -4.09165061e-27  -5.15910354e-27  -1.96113740e-58
  1.66400000e-05   0.00000000e+00   0.00000000e+00   4.74284687e-13  -3.66545298e-27  -4.62171706e-27  -1.57386529e-58
  1.67200000e-05   0.00000000e+00   0.00000000e+00   4.19137611e-13  -3.23925534e-27  -4.08433058e-27  -1.22914829e-58
  1.68000000e-05   0.00000000e+00   0.00000000e+00   3.63990536e-13  -2.81305771e-27  -3.54694409e-27  -9.26986396e-59
  1.68800000e-05   0.00000000e+00   0.00000000e+00   3.08843460e-13  -2.38686007e-27  -3.00955761e-27  -6.67379610e-59
  1.69600000e-05   0.00000000e+00   0.00000000e+00   2.53696385e-13  -1.96066243e-27  -2.47217113e-27  -4.50327932e-59
  1.70400000e-05   0.00000000e+00   0.00000000e+00   6.52236044e-13  -5.04072895e-27  -6.35578280e-27  -2.97631481e-58
  1.71200000e-05   0.00000000e+00   0.00000000e+00   6.97016418e-13  -5.38680876e-27  -6.79214986e-27  -3.39903603e-58
  1.72000000e-05   0.00000000e+00   0.00000000e+00   7.41796791e-13  -5.73288856e-27  -7.22851692e-27  -3.84981690e-58
  1.72800000e-05   0.00000000e+00   0.00000000e+00   7.86577164e-13  -6.07896837e-27  -7.66488398e-27  -4.32865741e-58
  1.73600000e-05   0.00000000e+00   0.00000000e+00   8.31357537e-13  -6.42504817e-27  -8.10125104e-27  -4.83555756e-58
  1.74400000e-05   0.00000000e+00   0.00000000e+00   5.20742269e-13  -4.02449489e-27  -5.07442786e-27  -1.89729075e-58
  1.75200000e-05   0.00000000e+00   0.00000000e+00   4.65595193e-13  -3.59829726e-27  -4.53704137e-27  -1.51672402e-58
  1.76000000e-05   0.00000000e+00   0.00000000e+00   5.19331302e-13  -4.01359040e-27  -5.06067854e-27  -1.88696808e-58
  1.76800000e-05   0.00000000e+00   0.00000000e+00   5.24946462e-13  -4.05698650e-27  -5.11539606e-27  -1.92799362e-58
  1.77600000e-05   0.00000000e+00   0.00000000e+00   5.30561623e-13  -4.10038261e-27  -5.17011359e-27  -1.96946036e-58
  1.78400000e-05   0.00000000e+00   0.00000000e+00   5.36176783e-13  -4.14377871e-27  -5.22483111e-27  -2.01136830e-58
  1.79200000e-05   0.00000000e+00   0.00000000e+00   6.11607430e-14  -4.72673552e-28  -5.95987299e-28  -2.61747593e-60
  1.80000000e-05   0.00000000e+00   0.00000000e+00   2.71006441e-14  -2.09444115e-28  -2.64085079e-28  -5.14010983e-61
  1.80800000e-05   0.00000000e+00   0.00000000e+00  -6.95945478e-15   5.37853213e-29   6.78171398e-29  -3.38450869e-62
  1.81600000e-05   0.00000000e+00   0.00000000e+00   5.15345258e-13  -3.98278473e-27  -5.02183611e-27  -1.85812595e-58
  1.82400000e-05   0.00000000e+00   0.00000000e+00   5.06554976e-13  -3.91485009e-27  -4.93617829e-27  -1.79527832e-58
  1.83200000e-05   0.00000000e+00   0.00000000e+00   4.97764695e-13  -3.84691544e-27  -4.85052047e-27  -1.73351190e-58
  1.84000000e-05   0.00000000e+00   0.00000000e+00   4.54916943e-13  -3.51577167e-27  -4.43298604e-27  -1.44789028e-58
  1.84800000e-05   0.00000000e+00   0.00000000e+00   4.77126355e-13  -3.68741447e-27  -4.64940800e-27  -1.59271653e-58
  1.85600000e-05   0.00000000e+00   0.00000000e+00   4.99335767e-13  -3.85905728e-27  -4.86582995e-27  -1.74444488e-58
  1.86400000e-05   0.00000000e+00   0.00000000e+00   5.21545179e-13  -4.03070009e-27  -5.08225191e-27  -1.90307532e-58
  1.87200000e-05   0.00000000e+00   0.00000000e+00   5.43754592e-13  -4.20234290e-27  -5.29867386e-27  -2.06860785e-58
  1.88000000e-05   0.00000000e+00   0.00000000e+00   5.43763367e-13  -4.20241072e-27  -5.29875937e-27  -2.06870410e-58
  1.88800000e-05   0.00000000e+00   0.00000000e+00   5.34973085e-13  -4.13447607e-27  -5.21310155e-27  -2.00236101e-58
  1.89600000e-05   0.00000000e+00   0.00000000e+00   5.26182804e-13  -4.06654143e-27  -5.12744373e-27  -1.93709912e-58
  1.90400000e-05   0.00000000e+00   0.00000000e+00   5.17392523e-13  -3.99860678e-27  -5.04178591e-27  -1.87291846e-58
  1.91200000e-05   0.00000000e+00   0.00000000e+00   5.08602242e-13  -3.93067214e-27  -4.95612809e-27  -1.80981901e-58
  1.92000000e-05   0.00000000e+00   0.00000000e+00   4.99811961e-13  -3.86273749e-27  -4.87047027e-27  -1.74780078e-58
  1.92800000e-05   0.00000000e+00   0.00000000e+00   6.00480119e-13  -4.64073942e-27  -5.85144173e-27  -2.52272540e-58
  1.93600000e-05   0.00000000e+00   0.00000000e+00   6.22689531e-13  -4.81238223e-27  -6.06786369e-27  -2.71278881e-58
  1.94400000e-05   0.00000000e+00   0.00000000e+00   6.44898943e-13  -4.98402503e-27  -6.28428564e-27  -2.90975431e-58
  1.95200000e-05   0.00000000e+00   0.00000000e+00   6.67108355e-13  -5.15566784e-27  -6.50070760e-27  -3.11362191e-58
  1.96000000e-05   0.00000000e+00   0.00000000e+00   6.89317768e-13  -5.32731065e-27  -6.71712955e-27  -3.32439160e-58
  1.96800000e-05   0.00000000e+00   0.00000000e+00   2.25942820e-13  -1.74617230e-27  -2.20172360e-27  -3.57158277e-59
  1.97600000e-05   0.00000000e+00   0.00000000e+00   6.00700265e-13  -4.64244079e-27  -5.85358697e-27  -2.52455009e-58
  1.98400000e-05   0.00000000e+00   0.00000000e+00   6.47081780e-13  -5.00089483e-27  -6.30555652e-27  -2.92945809e-58
  1.99200000e-05   0.00000000e+00   0.00000000e+00   6.93463294e-13  -5.35934886e-27  -6.75752607e-27  -3.36446817e-58
  2.00000000e-05   0.00000000e+00   0.00000000e+00   7.39844809e-13  -5.71780290e-27  -7.20949563e-27  -3.82958033e-58
  2.00800000e-05   0.00000000e+00   0.00000000e+00   7.86226324e-13  -6.07625694e-27  -7.66146518e-27  -4.32479458e-58
  2.01600000e-05   0.00000000e+00   0.00000000e+00   7.42644138e-13  -5.73943719e-27  -7.23677398e-27  -3.85869081e-58
  2.02400000e-05   0.00000000e+00   0.00000000e+00   7.30760440e-13  -5.64759544e-27  -7.12097204e-27  -3.73618654e-58
  2.03200000e-05   0.00000000e+00   0.00000000e+00   7.18876742e-13  -5.55575368e-27  -7.00517009e-27  -3.61565838e-58
  2.04000000e-05   0.00000000e+00   0.00000000e+00   7.06993044e-13  -5.46391193e-27  -6.88936815e-27  -3.49710632e-58
  2.04800000e-05   0.00000000e+00   0.00000000e+00   6.95109346e-13  -5.37207018e-27  -6.77356620e-27  -3.38053036e-58
  2.05600000e-05   0.00000000e+00   0.00000000e+00   6.83225649e-13  -5.28022843e-27  -6.65776426e-27  -3.26593051e-58
  2.06400000e-05   0.00000000e+00   0.00000000e+00   8.33968316e-13  -6.44522527e-27  -8.12669205e-27  -4.86597410e-58
  2.07200000e-05   0.00000000e+00   0.00000000e+00   8.80349831e-13  -6.80367931e-27  -8.57866160e-27  -5.42227548e-58
  2.08000000e-05   0.00000000e+00   0.00000000e+00   9.26731345e-13  -7.16213335e-27  -9.03063115e-27  -6.00867895e-58
  2.08800000e-05   0.00000000e+00   0.00000000e+00   9.73112860e-13  -7.52058738e-27  -9.48260071e-27  -6.62518451e-58
  2.09600000e-05   0.00000000e+00   0.00000000e+00   1.01949437e-12  -7.87904142e-27  -9.93457026e-27  -7.27179215e-58
  2.10400000e-05   0.00000000e+00   0.00000000e+00   8.88852071e-13  -6.86938787e-27  -8.66151258e-27  -5.52760700e-58
  2.11200000e-05   0.00000000e+00   0.00000000e+00   8.76968373e-13  -6.77754612e-27  -8.54571063e-27  -5.38079025e-58
  2.12000000e-05   0.00000000e+00   0.00000000e+00   8.65084676e-13  -6.68570437e-27  -8.42990869e-27  -5.23594960e-58
  2.12800000e-05   0.00000000e+00   0.00000000e+00   8.53200978e-13  -6.59386262e-27  -8.31410674e-27  -5.09308506e-58
  2.13600000e-05   0.00000000e+00   0.00000000e+00   8.41317280e-13  -6.50202086e-27  -8.19830480e-27  -4.95219663e-58
  2.14400000e-05   0.00000000e+00   0.00000000e+00   9.26817100e-13  -7.16279609e-27  -9.03146680e-27  -6.00992145e-58
  2.15200000e-05   0.00000000e+00   0.00000000e+00   9.60368754e-13  -7.42209607e-27  -9.35841443e-27  -6.45291945e-58
  2.16000000e-05   0.00000000e+00   0.00000000e+00   9.29661636e-13  -7.18477975e-27  -9.05918567e-27  -6.04686306e-58
  2.16800000e-05   0.00000000e+00   0.00000000e+00   1.32428189e-12  -1.02345556e-26  -1.29046043e-26  -1.22695546e-57
  2.17600000e-05   0.00000000e+00   0.00000000e+00   1.43173250e-12  -1.10649749e-26  -1.39516680e-26  -1.43414263e-57
  2.18400000e-05   0.00000000e+00   0.00000000e+00   1.53918311e-12  -1.18953942e-26  -1.49987318e-26  -1.65748545e-57
  2.19200000e-05   0.00000000e+00   0.00000000e+00   1.64663372e-12  -1.27258135e-26  -1.60457956e-26  -1.89698393e-57
  2.20000000e-05   0.00000000e+00   0.00000000e+00   7.79284614e-13  -6.02260876e-27  -7.59382095e-27  -4.24898243e-58
  2.20800000e-05   0.00000000e+00   0.00000000e+00   6.64418045e-13  -5.13487610e-27  -6.47449158e-27  -3.08871855e-58
  2.21600000e-05   0.00000000e+00   0.00000000e+00   5.49551476e-13  -4.24714344e-27  -5.35516221e-27  -2.11308117e-58
  2.22400000e-05   0.00000000e+00   0.00000000e+00   4.34684907e-13  -3.35941078e-27  -4.23583284e-27  -1.32207028e-58
  2.23200000e-05   0.00000000e+00   0.00000000e+00   3.19818338e-13  -2.47167812e-27  -3.11650346e-27  -7.15685878e-59
  2.24000000e-05   0.00000000e+00   0.00000000e+00   1.02649967e-12  -7.93318102e-27  -1.00028341e-26  -7.37196037e-58
  2.24800000e-05   0.00000000e+00   0.00000000e+00   1.13395028e-12  -8.76360032e-27  -1.10498979e-26  -8.99610396e-58
  2.25600000e-05   0.00000000e+00   0.00000000e+00   1.24140089e-12  -9.59401962e-27  -1.20969617e-26  -1.07818041e-57
  2.26400000e-05   0.00000000e+00   0.00000000e+00   1.34885150e-12  -1.04244389e-26  -1.31440254e-26  -1.27290607e-57
  2.27200000e-05   0.00000000e+00   0.00000000e+00   1.45630211e-12  -1.12548582e-26  -1.41910892e-26  -1.48378738e-57
  2.28000000e-05   0.00000000e+00   0.00000000e+00   1.56375272e-12  -1.20852775e-26  -1.52381530e-26  -1.71082435e-57
  2.28800000e-05   0.00000000e+00   0.00000000e+00   7.80590059e-13  -6.03269774e-27  -7.60654200e-27  -4.26322975e-58
  2.29600000e-05   0.00000000e+00   0.00000000e+00   6.65723490e-13  -5.14496508e-27  -6.48721263e-27  -3.10086761e-58
  2.30400000e-05   0.00000000e+00   0.00000000e+00   4.93820870e-13  -3.81643606e-27  -4.81208946e-27  -1.70614020e-58
  2.31200000e-05   0.00000000e+00   0.00000000e+00   4.97889754e-13  -3.84788194e-27  -4.85173912e-27  -1.73437186e-58
  2.32000000e-05   0.00000000e+00   0.00000000e+00   5.01958637e-13  -3.87932782e-27  -4.89138878e-27  -1.76283519e-58
  2.32800000e-05   0.00000000e+00   0.00000000e+00   5.06027520e-13  -3.91077371e-27  -4.93103844e-27  -1.79153018e-58
  2.33600000e-05   0.00000000e+00   0.00000000e+00   7.23192121e-13  -5.58910458e-27  -7.04722175e-27  -3.65916789e-58
  2.34400000e-05   0.00000000e+00   0.00000000e+00   7.34942266e-13  -5.67991418e-27  -7.16172228e-27  -3.77903958e-58
  2.35200000e-05   0.00000000e+00   0.00000000e+00   7.46692411e-13  -5.77072379e-27  -7.27622280e-27  -3.90084321e-58
  2.36000000e-05   0.00000000e+00   0.00000000e+00   7.58442556e-13  -5.86153339e-27  -7.39072333e-27  -4.02457878e-58
  2.36800000e-05   0.00000000e+00   0.00000000e+00   7.70192701e-13  -5.95234299e-27  -7.50522386e-27  -4.15024629e-58
  2.37600000e-05   0.00000000e+00   0.00000000e+00   1.12290525e-12  -8.67824015e-27  -1.09422685e-26  -8.82192578e-58
  2.38400000e-05   0.00000000e+00   0.00000000e+00   1.11832242e-12  -8.64282229e-27  -1.08976106e-26  -8.75006421e-58
  2.39200000e-05   0.00000000e+00   0.00000000e+00   1.11373959e-12  -8.60740442e-27  -1.08529527e-26  -8.67849651e-58
  2.40000000e-05   0.00000000e+00   0.00000000e+00   1.10915676e-12  -8.57198656e-27  -1.08082948e-26  -8.60722270e-58
  2.40800000e-05   0.00000000e+00   0.00000000e+00   1.10457393e-12  -8.53656870e-27  -1.07636370e-26  -8.53624277e-58
  2.41600000e-05   0.00000000e+00   0.00000000e+00   1.09999110e-12  -8.50115083e-27  -1.07189791e-26  -8.46555673e-58
  2.42400000e-05   0.00000000e+00   0.00000000e+00   1.07463840e-12  -8.30521552e-27  -1.04719271e-26  -8.07982528e-58
  2.43200000e-05   0.00000000e+00   0.00000000e+00   1.06942332e-12  -8.26491137e-27  -1.04211081e-26  -8.00159487e-58
  2.44000000e-05   0.00000000e+00   0.00000000e+00   1.06420824e-12  -8.22460721e-27  -1.03702892e-26  -7.92374503e-58
  2.44800000e-05   0.00000000e+00   0.00000000e+00   1.05899315e-12  -8.18430305e-27  -1.03194703e-26  -7.84627576e-58
  2.45600000e-05   0.00000000e+00   0.00000000e+00   1.05377807e-12  -8.14399889e-27  -1.02686513e-26  -7.76918705e-58
  2.46400000e-05   0.00000000e+00   0.00000000e+00   9.95075705e-13  -7.69032463e-27  -9.69661996e-27  -6.92770641e-58
  2.47200000e-05   0.00000000e+00   0.00000000e+00   5.87581270e-13  -4.54105220e-27  -5.72574754e-27  -2.41548661e-58
  2.48000000e-05   0.00000000e+00   0.00000000e+00   6.30774774e-13  -4.87486807e-27  -6.14665119e-27  -2.78367114e-58
  2.48800000e-05   0.00000000e+00   0.00000000e+00   6.73968278e-13  -5.20868394e-27  -6.56755483e-27  -3.17796186e-58
  2.49600000e-05   0.00000000e+00   0.00000000e+00   7.17161781e-13  -5.54249981e-27  -6.98845847e-27  -3.59835878e-58
  2.50400000e-05   0.00000000e+00   0.00000000e+00   7.60355285e-13  -5.87631569e-27  -7.40936211e-27  -4.04486190e-58
  2.51200000e-05   0.00000000e+00   0.00000000e+00   5.66335728e-13  -4.37685854e-27  -5.51871812e-27  -2.24404052e-58
  2.52000000e-05   0.00000000e+00   0.00000000e+00   5.34805132e-13  -4.13317807e-27  -5.21146490e-27  -2.00112520e-58
  2.52800000e-05   0.00000000e+00   0.00000000e+00   5.03274536e-13  -3.88949759e-27  -4.90421169e-27  -1.77212130e-58
  2.53600000e-05   0.00000000e+00   0.00000000e+00   4.71743940e-13  -3.64581712e-27  -4.59695848e-27  -1.55702880e-58
  2.54400000e-05   0.00000000e+00   0.00000000e+00   4.40213344e-13  -3.40213665e-27  -4.28970527e-27  -1.35584771e-58
  2.55200000e-05   0.00000000e+00   0.00000000e+00   4.08682748e-13  -3.15845617e-27  -3.98245206e-27  -1.16857802e-58
  2.56000000e-05   0.00000000e+00   0.00000000e+00   6.95404135e-13  -5.37434843e-27  -6.77643880e-27  -3.38333127e-58
  2.56800000e-05   0.00000000e+00   0.00000000e+00   7.38597639e-13  -5.70816430e-27  -7.19734244e-27  -3.81668404e-58
  2.57600000e-05   0.00000000e+00   0.00000000e+00   7.81791143e-13  -6.04198017e-27  -7.61824609e-27  -4.27614301e-58
  2.58400000e-05   0.00000000e+00   0.00000000e+00   9.99379869e-14  -7.72358886e-28  -9.73856234e-28  -6.98877974e-60
  2.59200000e-05   0.00000000e+00   0.00000000e+00   4.15507738e-14  -3.21120230e-28  -4.04895889e-28  -1.20833544e-60
  2.60000000e-05   0.00000000e+00   0.00000000e+00   6.67882299e-13  -5.16164918e-27  -6.50824937e-27  -3.12083649e-58
  2.60800000e-05   0.00000000e+00   0.00000000e+00   7.02212563e-13  -5.42696655e-27  -6.84278424e-27  -3.44991671e-58
  2.61600000e-05   0.00000000e+00   0.00000000e+00   7.36542826e-13  -5.69228392e-27  -7.17731910e-27  -3.79548846e-58
  2.62400000e-05   0.00000000e+00   0.00000000e+00   7.70873090e-13  -5.95760129e-27  -7.51185397e-27  -4.15755175e-58
  2.63200000e-05   0.00000000e+00   0.00000000e+00   4.56884758e-13  -3.53097970e-27  -4.45216162e-27  -1.46047018e-58
  2.64000000e-05   0.00000000e+00   0.00000000e+00   4.45838396e-13  -3.44560920e-27  -4.34451919e-27  -1.39070288e-58
  2.64800000e-05   0.00000000e+00   0.00000000e+00   5.74892014e-13  -4.44298478e-27  -5.60209575e-27  -2.31236249e-58
  2.65600000e-05   0.00000000e+00   0.00000000e+00   5.39755724e-13  -4.17143813e-27  -5.25970647e-27  -2.03834789e-58
  2.66400000e-05   0.00000000e+00   0.00000000e+00   5.04619433e-13  -3.89989147e-27  -4.91731719e-27  -1.78160832e-58
  2.67200000e-05   0.00000000e+00   0.00000000e+00   4.69483143e-13  -3.62834482e-27  -4.57492791e-27  -1.54214376e-58
  2.68000000e-05   0.00000000e+00   0.00000000e+00   4.34346852e-13  -3.35679816e-27  -4.23253863e-27  -1.31995422e-58
  2.68800000e-05   0.00000000e+00   0.00000000e+00   3.99210562e-13  -3.08525151e-27  -3.89014935e-27  -1.11503970e-58
  2.69600000e-05   0.00000000e+00   0.00000000e+00   4.90846013e-13  -3.79344523e-27  -4.78310064e-27  -1.68565894e-58
  2.70400000e-05   0.00000000e+00   0.00000000e+00   4.79799651e-13  -3.70807473e-27  -4.67545821e-27  -1.61064224e-58
  2.71200000e-05   0.00000000e+00   0.00000000e+00   4.68753289e-13  -3.62270423e-27  -4.56781577e-27  -1.53733298e-58
  2.72000000e-05   0.00000000e+00   0.00000000e+00   4.57706927e-13  -3.53733373e-27  -4.46017333e-27  -1.46573116e-58
  2.72800000e-05   0.00000000e+00   0.00000000e+00   4.46660565e-13  -3.45196323e-27  -4.35253090e-27  -1.39583677e-58
  2.73600000e-05   0.00000000e+00   0.00000000e+00   6.60606696e-14  -5.10542054e-28  -6.43735149e-28  -3.05365815e-60
  2.74400000e-05   0.00000000e+00   0.00000000e+00   3.09243792e-14  -2.38995399e-28  -3.01345868e-28  -6.69271081e-61
  2.75200000e-05   0.00000000e+00   0.00000000e+00  -4.21191126e-15   3.25512569e-29   4.10434127e-29  -1.23859393e-62
  2.76000000e-05   0.00000000e+00   0.00000000e+00  -3.93482017e-14   3.04097912e-28   3.83432693e-28  -1.08300272e-60
  2.76800000e-05   0.00000000e+00   0.00000000e+00  -7.44844921e-14   5.75644568e-28   7.25821974e-28  -3.88112143e-60
  2.77600000e-05   0.00000000e+00   0.00000000e+00  -1.09620783e-13   8.47191223e-28   1.06821125e-27  -8.40674207e-60
  2.78400000e-05   0.00000000e+00   0.00000000e+00   4.91668182e-13  -3.79979926e-27  -4.79111235e-27  -1.69131062e-58
  2.79200000e-05   0.00000000e+00   0.00000000e+00   2.09067743e-13  -1.61575527e-27  -2.03728263e-27  -3.05788717e-59
  2.80000000e-05   0.00000000e+00   0.00000000e+00   6.17599690e-13  -4.77304600e-27  -6.01826520e-27  -2.66858053e-58
  2.80800000e-05   0.00000000e+00   0.00000000e+00   6.77635654e-13  -5.23702683e-27  -6.60329197e-27  -3.21262183e-58
  2.81600000e-05   0.00000000e+00   0.00000000e+00   7.37671618e-13  -5.70100766e-27  -7.18831873e-27  -3.80709786e-58
  2.82400000e-05   0.00000000e+00   0.00000000e+00   7.97707582e-13  -6.16498849e-27  -7.77334550e-27  -4.45200862e-58
  2.83200000e-05   0.00000000e+00   0.00000000e+00  -1.04765233e-13   8.09665686e-28   1.02089584e-27  -7.67901913e-60
  2.84000000e-05   0.00000000e+00   0.00000000e+00  -1.09924490e-13   8.49538390e-28   1.07117076e-27  -8.45396705e-60
  2.84800000e-05   0.00000000e+00   0.00000000e+00  -1.15083747e-13   8.89411095e-28   1.12144568e-27  -9.26616110e-60
  2.85600000e-05   0.00000000e+00   0.00000000e+00  -1.20243004e-13   9.29283800e-28   1.17172061e-27  -1.01156013e-59
  2.86400000e-05   0.00000000e+00   0.00000000e+00  -1.25402260e-13   9.69156505e-28   1.22199553e-27  -1.10022875e-59
  2.87200000e-05   0.00000000e+00   0.00000000e+00   6.79013177e-13  -5.24767285e-27  -6.61671538e-27  -3.22569673e-58
  2.88000000e-05   0.00000000e+00   0.00000000e+00   7.39049141e-13  -5.71165368e-27  -7.20174215e-27  -3.82132998e-58
  2.88800000e-05   0.00000000e+00   0.00000000e+00   7.99085104e-13  -6.17563451e-27  -7.78676892e-27  -4.46739796e-58
  2.89600000e-05   0.00000000e+00   0.00000000e+00   8.59121068e-13  -6.63961534e-27  -8.37179569e-27  -5.16390067e-58
  2.90400000e-05   0.00000000e+00   0.00000000e+00   9.19157032e-13  -7.10359617e-27  -8.95682245e-27  -5.91083811e-58
  2.91200000e-05   0.00000000e+00   0.00000000e+00   9.79192995e-13  -7.56757700e-27  -9.54184922e-27  -6.70821028e-58
  2.92000000e-05   0.00000000e+00   0.00000000e+00   3.17393129e-13  -2.45293517e-27  -3.09287075e-27  -7.04812397e-59
  2.92800000e-05   0.00000000e+00   0.00000000e+00   3.12233872e-13  -2.41306247e-27  -3.04259583e-27  -6.82085083e-59
  2.93600000e-05   0.00000000e+00   0.00000000e+00   3.07074615e-13  -2.37318976e-27  -2.99232091e-27  -6.59730231e-59
  2.94400000e-05   0.00000000e+00   0.00000000e+00   3.01915358e-13  -2.33331706e-27  -2.94204599e-27  -6.37747839e-59
  2.95200000e-05   0.00000000e+00   0.00000000e+00   2.96756101e-13  -2.29344435e-27  -2.89177107e-27  -6.16137909e-59
  2.96000000e-05   0.00000000e+00   0.00000000e+00   7.96910262e-13  -6.15882649e-27  -7.76557593e-27  -4.44314427e-58
  2.96800000e-05   0.00000000e+00   0.00000000e+00   8.02306949e-13  -6.20053415e-27  -7.81816452e-27  -4.50359472e-58
  2.97600000e-05   0.00000000e+00   0.00000000e+00   7.91482076e-13  -6.11687540e-27  -7.71268041e-27  -4.38288809e-58
  2.98400000e-05   0.00000000e+00   0.00000000e+00   7.80657203e-13  -6.03321666e-27  -7.60719629e-27  -4.26382112e-58
  2.99200000e-05   0.00000000e+00   0.00000000e+00   7.69832330e-13  -5.94955791e-27  -7.50171218e-27  -4.14639380e-58
  3.00000000e-05   0.00000000e+00   0.00000000e+00   1.55149939e-12  -1.19905791e-26  -1.51187491e-26  -1.68411608e-57
  3.00800000e-05   0.00000000e+00   0.00000000e+00   7.21415755e-13  -5.57537614e-27  -7.02991176e-27  -3.64135792e-58
  3.01600000e-05   0.00000000e+00   0.00000000e+00   6.19120952e-13  -4.78480289e-27  -6.03308929e-27  -2.68191909e-58
  3.02400000e-05   0.00000000e+00   0.00000000e+00   5.16826150e-13  -3.99422964e-27  -5.03626683e-27  -1.86890479e-58
  3.03200000e-05   0.00000000e+00   0.00000000e+00   4.14531348e-13  -3.20365639e-27  -4.03944436e-27  -1.20231504e-58
  3.04000000e-05   0.00000000e+00   0.00000000e+00   3.12236546e-13  -2.41308314e-27  -3.04262189e-27  -6.82149819e-59
  3.04800000e-05   0.00000000e+00   0.00000000e+00   2.09941744e-13  -1.62250989e-27  -2.04579943e-27  -3.08409134e-59
  3.05600000e-05   0.00000000e+00   0.00000000e+00   1.06875522e-12  -8.25974806e-27  -1.04145978e-26  -7.99137895e-58
  3.06400000e-05   0.00000000e+00   0.00000000e+00   1.18199792e-12  -9.13493081e-27  -1.15181032e-26  -9.77461703e-58
  3.07200000e-05   0.00000000e+00   0.00000000e+00   1.29524062e-12  -1.00101136e-26  -1.26216085e-26  -1.17372984e-57
  3.08000000e-05   0.00000000e+00   0.00000000e+00   1.40848331e-12  -1.08852963e-26  -1.37251139e-26  -1.38794229e-57
  3.08800000e-05   0.00000000e+00   0.00000000e+00   1.52172601e-12  -1.17604791e-26  -1.48286193e-26  -1.62009908e-57
  3.09600000e-05   0.00000000e+00   0.00000000e+00   8.71615967e-13  -6.73618068e-27  -8.49355354e-27  -5.31544741e-58
  3.10400000e-05   0.00000000e+00   0.00000000e+00   7.69321165e-13  -5.94560743e-27  -7.49673107e-27  -4.14101235e-58
  3.11200000e-05   0.00000000e+00   0.00000000e+00   6.67026363e-13  -5.15503418e-27  -6.49990861e-27  -3.11300183e-58
  3.12000000e-05   0.00000000e+00   0.00000000e+00   5.64731561e-13  -4.36446092e-27  -5.50308614e-27  -2.23141585e-58
  3.12800000e-05   0.00000000e+00   0.00000000e+00   6.73628401e-13  -5.20605725e-27  -6.56424286e-27  -3.17484440e-58
  3.13600000e-05   0.00000000e+00   0.00000000e+00   6.42991913e-13  -4.96928678e-27  -6.26570238e-27  -2.89263025e-58
  3.14400000e-05   0.00000000e+00   0.00000000e+00   8.68071809e-13  -6.70879008e-27  -8.45901712e-27  -5.27207077e-58
  3.15200000e-05   0.00000000e+00   0.00000000e+00   9.22451208e-13  -7.12905482e-27  -8.98892290e-27  -5.95329133e-58
  3.16000000e-05   0.00000000e+00   0.00000000e+00   9.76830608e-13  -7.54931956e-27  -9.51882868e-27  -6.67589047e-58
  3.16800000e-05   0.00000000e+00   0.00000000e+00   1.03121001e-12  -7.96958431e-27  -1.00487345e-26  -7.43986818e-58
  3.17600000e-05   0.00000000e+00   0.00000000e+00   1.08558941e-12  -8.38984905e-27  -1.05786403e-26  -8.24522447e-58
  3.18400000e-05   0.00000000e+00   0.00000000e+00   1.13996881e-12  -8.81011379e-27  -1.11085460e-26  -9.09195934e-58
  3.19200000e-05   0.00000000e+00   0.00000000e+00   8.89957427e-13  -6.87793048e-27  -8.67228383e-27  -5.54139272e-58
  3.20000000e-05   0.00000000e+00   0.00000000e+00   8.59320939e-13  -6.64116002e-27  -8.37374335e-27  -5.16643998e-58
  3.20800000e-05   0.00000000e+00   0.00000000e+00   3.75575813e-13  -2.90259315e-27  -3.65983805e-27  -9.86986230e-59
  3.21600000e-05   0.00000000e+00   0.00000000e+00   2.40206176e-13  -1.85640496e-27  -2.34071437e-27  -4.03744160e-59
  3.22400000e-05   0.00000000e+00   0.00000000e+00   1.04836539e-13  -8.10216768e-28  -1.02159069e-27  -7.69205295e-60
  3.23200000e-05   0.00000000e+00   0.00000000e+00   6.75175307e-13  -5.21801232e-27  -6.57931685e-27  -3.18929543e-58
  3.24000000e-05   0.00000000e+00   0.00000000e+00   7.68943582e-13  -5.94268933e-27  -7.49305168e-27  -4.13668491e-58
  3.24800000e-05   0.00000000e+00   0.00000000e+00   8.62711858e-13  -6.66736633e-27  -8.40678651e-27  -5.20710653e-58
  3.25600000e-05   0.00000000e+00   0.00000000e+00   9.56480134e-13  -7.39204334e-27  -9.32052135e-27  -6.40056029e-58
  3.26400000e-05   0.00000000e+00   0.00000000e+00   1.05024841e-12  -8.11672034e-27  -1.02342562e-26  -7.71704619e-58
  3.27200000e-05   0.00000000e+00   0.00000000e+00   1.14401669e-12  -8.84139735e-27  -1.11479910e-26  -9.15656424e-58
  3.28000000e-05   0.00000000e+00   0.00000000e+00   3.91615528e-13  -3.02655419e-27  -3.81613873e-27  -1.07308485e-58
  3.28800000e-05   0.00000000e+00   0.00000000e+00   2.56245891e-13  -1.98036599e-27  -2.49701506e-27  -4.59460206e-59
  3.29600000e-05   0.00000000e+00   0.00000000e+00   6.49147003e-13  -5.01685566e-27  -6.32568130e-27  -2.94828957e-58
  3.30400000e-05   0.00000000e+00   0.00000000e+00   6.05533234e-13  -4.67979182e-27  -5.90068234e-27  -2.56543205e-58
  3.31200000e-05   0.00000000e+00   0.00000000e+00   5.61919465e-13  -4.34272798e-27  -5.47568337e-27  -2.20919122e-58
  3.32000000e-05   0.00000000e+00   0.00000000e+00   5.18305696e-13  -4.00566413e-27  -5.05068441e-27  -1.87956707e-58
  3.32800000e-05   0.00000000e+00   0.00000000e+00   6.63131797e-13  -5.12493549e-27  -6.46195760e-27  -3.07666239e-58
  3.33600000e-05   0.00000000e+00   0.00000000e+00   6.42317931e-13  -4.96407799e-27  -6.25913469e-27  -2.88655834e-58
  3.34400000e-05   0.00000000e+00   0.00000000e+00   6.21504065e-13  -4.80322050e-27  -6.05631178e-27  -2.70251624e-58
  3.35200000e-05   0.00000000e+00   0.00000000e+00   6.00690199e-13  -4.64236300e-27  -5.85348888e-27  -2.52453608e-58
  3.36000000e-05   0.00000000e+00   0.00000000e+00   5.79876333e-13  -4.48150550e-27  -5.65066597e-27  -2.35261788e-58
  3.36800000e-05   0.00000000e+00   0.00000000e+00   4.57207662e-13  -3.53347522e-27  -4.45530819e-27  -1.46256133e-58
  3.37600000e-05   0.00000000e+00   0.00000000e+00   4.13593893e-13  -3.19641138e-27  -4.03030923e-27  -1.19684088e-58
  3.38400000e-05   0.00000000e+00   0.00000000e+00   3.69980124e-13  -2.85934754e-27  -3.60531027e-27  -9.57737109e-59
  3.39200000e-05   0.00000000e+00   0.00000000e+00   3.26366355e-13  -2.52228369e-27  -3.18031130e-27  -7.45250028e-59
  3.40000000e-05   0.00000000e+00   0.00000000e+00   2.82752586e-13  -2.18521985e-27  -2.75531234e-27  -5.59379631e-59
  3.40800000e-05   0.00000000e+00   0.00000000e+00   2.39138817e-13  -1.84815600e-27  -2.33031338e-27  -4.00125918e-59
  3.41600000e-05   0.00000000e+00   0.00000000e+00  -3.57648166e-13   2.76404146e-27   3.48514020e-27  -8.94894423e-59
  3.42400000e-05   0.00000000e+00   0.00000000e+00  -4.13423162e-13   3.19509191e-27   4.02864552e-27  -1.19578111e-58
  3.43200000e-05   0.00000000e+00   0.00000000e+00  -4.69198158e-13   3.62614235e-27   4.57215085e-27  -1.54019752e-58
  3.44000000e-05   0.00000000e+00   0.00000000e+00  -5.24973155e-13   4.05719280e-27   5.11565617e-27  -1.92814364e-58
  3.44800000e-05   0.00000000e+00   0.00000000e+00  -5.80748151e-13   4.48824324e-27   5.65916149e-27  -2.35961948e-58
  3.45600000e-05   0.00000000e+00   0.00000000e+00   5.98938575e-13  -4.62882578e-27  -5.83641999e-27  -2.50975298e-58
  3.46400000e-05   0.00000000e+00   0.00000000e+00   3.13810417e-13  -2.42524661e-27  -3.05795864e-27  -6.89027210e-59
  3.47200000e-05   0.00000000e+00   0.00000000e+00   2.41743841e-13  -1.86828862e-27  -2.35569830e-27  -4.08902655e-59
  3.48000000e-05   0.00000000e+00   0.00000000e+00   1.69677265e-13  -1.31133063e-27  -1.65343797e-27  -2.01451336e-59
  3.48800000e-05   0.00000000e+00   0.00000000e+00   9.76106891e-14  -7.54372640e-28  -9.51177635e-28  -6.66732526e-60
  3.49600000e-05   0.00000000e+00   0.00000000e+00   2.55441132e-14  -1.97414651e-28  -2.48917300e-28  -4.56840555e-61
  3.50400000e-05   0.00000000e+00   0.00000000e+00   2.67060271e-13  -2.06394365e-27  -2.60239692e-27  -4.98967379e-59
  3.51200000e-05   0.00000000e+00   0.00000000e+00   3.23989643e-13  -2.50391556e-27  -3.15715119e-27  -7.34378420e-59
  3.52000000e-05   0.00000000e+00   0.00000000e+00   3.80919016e-13  -2.94388746e-27  -3.71190545e-27  -1.01513969e-58
  3.52800000e-05   0.00000000e+00   0.00000000e+00   4.37848389e-13  -3.38385937e-27  -4.26665971e-27  -1.34125120e-58
  3.53600000e-05   0.00000000e+00   0.00000000e+00   4.94777761e-13  -3.82383128e-27  -4.82141398e-27  -1.71271294e-58
  3.54400000e-05   0.00000000e+00   0.00000000e+00   5.51707134e-13  -4.26380319e-27  -5.37616824e-27  -2.12952491e-58
  3.55200000e-05   0.00000000e+00   0.00000000e+00   1.94532622e-13  -1.50342231e-27  -1.89564361e-27  -2.64790153e-59
  3.56000000e-05   0.00000000e+00   0.00000000e+00   1.22466046e-13  -9.46464322e-28  -1.19338328e-27  -1.04947479e-59
  3.56800000e-05   0.00000000e+00   0.00000000e+00   5.03994705e-14  -3.89506334e-28  -4.91122945e-28  -1.77780413e-60
  3.57600000e-05   0.00000000e+00   0.00000000e+00  -2.16671053e-14   1.67451655e-28   2.11137389e-28  -3.28183935e-61
  3.58400000e-05   0.00000000e+00   0.00000000e+00  -9.37336812e-14   7.24409644e-28   9.13397723e-28  -6.14588734e-60
  3.59200000e-05   0.00000000e+00   0.00000000e+00   2.19828830e-13  -1.69892106e-27  -2.14214518e-27  -3.38078776e-59
  3.60000000e-05   0.00000000e+00   0.00000000e+00   2.76758203e-13  -2.13889296e-27  -2.69689944e-27  -5.35865007e-59
  3.60800000e-05   0.00000000e+00   0.00000000e+00   3.33687575e-13  -2.57886487e-27  -3.25165370e-27  -7.79001471e-59
  3.61600000e-05   0.00000000e+00   0.00000000e+00   3.90616948e-13  -3.01883678e-27  -3.80640797e-27  -1.06748817e-58
  3.62400000e-05   0.00000000e+00   0.00000000e+00   4.38126827e-13  -3.38601125e-27  -4.26937298e-27  -1.34294815e-58
  3.63200000e-05   0.00000000e+00   0.00000000e+00   5.07438630e-13  -3.92167930e-27  -4.94478915e-27  -1.80147795e-58
  3.64000000e-05   0.00000000e+00   0.00000000e+00   1.32667586e-13  -1.02530571e-27  -1.29279326e-27  -1.23152745e-59
  3.64800000e-05   0.00000000e+00   0.00000000e+00   8.65827235e-14  -6.69144316e-28  -8.43714463e-28  -5.24562212e-60
  3.65600000e-05   0.00000000e+00   0.00000000e+00   4.04978611e-14  -3.12982919e-28  -3.94635670e-28  -1.14779531e-60
  3.66400000e-05   0.00000000e+00   0.00000000e+00  -5.58700139e-15   4.31784780e-29   5.44431231e-29  -2.17940652e-62
  3.67200000e-05   0.00000000e+00   0.00000000e+00  -5.16718638e-14   3.99339875e-28   5.03521916e-28  -1.86761840e-60
  3.68000000e-05   0.00000000e+00   0.00000000e+00  -9.77567263e-14   7.55501272e-28   9.52600710e-28  -6.68526830e-60
  3.68800000e-05   0.00000000e+00   0.00000000e+00   3.84331546e-13  -2.97026079e-27  -3.74515920e-27  -1.03340180e-58
  3.69600000e-05   0.00000000e+00   0.00000000e+00   4.53643349e-13  -3.50592885e-27  -4.42057536e-27  -1.43975712e-58
  3.70400000e-05   0.00000000e+00   0.00000000e+00   5.22955152e-13  -4.04159690e-27  -5.09599153e-27  -1.91333594e-58
  3.71200000e-05   0.00000000e+00   0.00000000e+00   5.92266955e-13  -4.57726496e-27  -5.77140769e-27  -2.45413827e-58
  3.72000000e-05   0.00000000e+00   0.00000000e+00   6.61578758e-13  -5.11293302e-27  -6.44682385e-27  -3.06216409e-58
  3.72800000e-05   0.00000000e+00   0.00000000e+00   2.34023806e-13  -1.80862525e-27  -2.28046961e-27  -3.83193546e-59
  3.73600000e-05   0.00000000e+00   0.00000000e+00   1.87938944e-13  -1.45246385e-27  -1.83139082e-27  -2.47136513e-59
  3.74400000e-05   0.00000000e+00   0.00000000e+00   1.41854081e-13  -1.09630245e-27  -1.38231203e-27  -1.40797736e-59
  3.75200000e-05   0.00000000e+00   0.00000000e+00   9.57692188e-14  -7.40141055e-28  -9.33233233e-28  -6.41772144e-60
  3.76000000e-05   0.00000000e+00   0.00000000e+00   4.96843563e-14  -3.83979658e-28  -4.84154440e-28  -1.72749487e-60
  3.76800000e-05   0.00000000e+00   0.00000000e+00   3.59949385e-15  -2.78182615e-29  -3.50756467e-29  -9.09386647e-63
  3.77600000e-05   0.00000000e+00   0.00000000e+00   5.38471674e-13  -4.16151450e-27  -5.24719391e-27  -2.02856290e-58
  3.78400000e-05   0.00000000e+00   0.00000000e+00   5.33779946e-13  -4.12525505e-27  -5.20147488e-27  -1.99345846e-58
  3.79200000e-05   0.00000000e+00   0.00000000e+00   5.04512567e-13  -3.89906557e-27  -4.91627581e-27  -1.78084862e-58
  3.80000000e-05   0.00000000e+00   0.00000000e+00   4.75245187e-13  -3.67287610e-27  -4.63107675e-27  -1.58022479e-58
  3.80800000e-05   0.00000000e+00   0.00000000e+00   4.45977807e-13  -3.44668662e-27  -4.34587769e-27  -1.39158696e-58
  3.81600000e-05   0.00000000e+00   0.00000000e+00   4.16710428e-13  -3.22049715e-27  -4.06067863e-27  -1.21493513e-58
  3.82400000e-05   0.00000000e+00   0.00000000e+00   4.91414570e-13  -3.79783926e-27  -4.78864101e-27  -1.68952520e-58
  3.83200000e-05   0.00000000e+00   0.00000000e+00   4.67305922e-13  -3.61151842e-27  -4.55371174e-27  -1.52783307e-58
  3.84000000e-05   0.00000000e+00   0.00000000e+00   4.81904902e-13  -3.72434491e-27  -4.69597304e-27  -1.62478584e-58
  3.84800000e-05   0.00000000e+00   0.00000000e+00   4.96503882e-13  -3.83717140e-27  -4.83823434e-27  -1.72472092e-58
  3.85600000e-05   0.00000000e+00   0.00000000e+00   5.11102862e-13  -3.94999788e-27  -4.98049564e-27  -1.82763831e-58
  3.86400000e-05   0.00000000e+00   0.00000000e+00   7.44017435e-13  -5.75005056e-27  -7.25015622e-27  -3.87295352e-58
  3.87200000e-05   0.00000000e+00   0.00000000e+00   7.48606769e-13  -5.78551868e-27  -7.29487746e-27  -3.92088010e-58
  3.88000000e-05   0.00000000e+00   0.00000000e+00   7.53196102e-13  -5.82098680e-27  -7.33959870e-27  -3.96910141e-58
  3.88800000e-05   0.00000000e+00   0.00000000e+00   7.57785436e-13  -5.85645492e-27  -7.38431995e-27  -4.01761743e-58
  3.89600000e-05   0.00000000e+00   0.00000000e+00   7.62374769e-13  -5.89192304e-27  -7.42904119e-27  -4.06642817e-58
  3.90400000e-05   0.00000000e+00   0.00000000e+00   7.66964103e-13  -5.92739116e-27  -7.47376243e-27  -4.11553362e-58
  3.91200000e-05   0.00000000e+00   0.00000000e+00   4.95392720e-13  -3.82858392e-27  -4.82740651e-27  -1.71700978e-58
  3.92000000e-05   0.00000000e+00   0.00000000e+00   5.09991700e-13  -3.94141040e-27  -4.96966780e-27  -1.81970017e-58
  3.92800000e-05   0.00000000e+00   0.00000000e+00   5.24590680e-13  -4.05423689e-27  -5.11192910e-27  -1.92537287e-58
  3.93600000e-05   0.00000000e+00   0.00000000e+00   5.39189660e-13  -4.16706338e-27  -5.25419040e-27  -2.03402787e-58
  3.94400000e-05   0.00000000e+00   0.00000000e+00   5.53788640e-13  -4.27988986e-27  -5.39645170e-27  -2.14566517e-58
  3.95200000e-05   0.00000000e+00   0.00000000e+00   9.12980163e-13  -7.05585897e-27  -8.89663130e-27  -5.83162625e-58
  3.96000000e-05   0.00000000e+00   0.00000000e+00   6.68931175e-13  -5.16975530e-27  -6.51847025e-27  -3.13075515e-58
  3.96800000e-05   0.00000000e+00   0.00000000e+00   6.10384338e-13  -4.71728300e-27  -5.94795443e-27  -2.60671712e-58
  3.97600000e-05   0.00000000e+00   0.00000000e+00   5.51837500e-13  -4.26481071e-27  -5.37743861e-27  -2.13064290e-58
  3.98400000e-05   0.00000000e+00   0.00000000e+00   4.93290662e-13  -3.81233841e-27  -4.80692279e-27  -1.70253247e-58
  3.99200000e-05   0.00000000e+00   0.00000000e+00   4.34743825e-13  -3.35986612e-27  -4.23640697e-27  -1.32238585e-58
  4.00000000e-05   0.00000000e+00   0.00000000e+00   6.94047856e-13  -5.36386659e-27  -6.76322239e-27  -3.37009982e-58
  4.00800000e-05   0.00000000e+00   0.00000000e+00   7.75855048e-13  -5.99610377e-27  -7.56040118e-27  -4.21139969e-58
  4.01600000e-05   0.00000000e+00   0.00000000e+00   8.57662239e-13  -6.62834096e-27  -8.35757997e-27  -5.14634565e-58
  4.02400000e-05   0.00000000e+00   0.00000000e+00   9.39469431e-13  -7.26057814e-27  -9.15475876e-27  -6.17493771e-58
  4.03200000e-05   0.00000000e+00   0.00000000e+00   1.02127662e-12  -7.89281532e-27  -9.95193755e-27  -7.29717586e-58
  4.04000000e-05   0.00000000e+00   0.00000000e+00   7.06138963e-13  -5.45731128e-27  -6.88104546e-27  -3.48861073e-58
  4.04800000e-05   0.00000000e+00   0.00000000e+00   1.05796979e-12  -8.17639416e-27  -1.03094980e-26  -7.83115035e-58
  4.05600000e-05   0.00000000e+00   0.00000000e+00   1.03559742e-12  -8.00349192e-27  -1.00914881e-26  -7.50345003e-58
  4.06400000e-05   0.00000000e+00   0.00000000e+00   1.01322505e-12  -7.83058968e-27  -9.87347813e-27  -7.18275347e-58
  4.07200000e-05   0.00000000e+00   0.00000000e+00   9.90852674e-13  -7.65768744e-27  -9.65546818e-27  -6.86906066e-58
  4.08000000e-05   0.00000000e+00   0.00000000e+00   9.68480300e-13  -7.48478521e-27  -9.43745823e-27  -6.56237160e-58
  4.08800000e-05   0.00000000e+00   0.00000000e+00   5.49098382e-13  -4.24364176e-27  -5.35074698e-27  -2.10945946e-58
  4.09600000e-05   0.00000000e+00   0.00000000e+00   5.78803867e-13  -4.47321708e-27  -5.64021521e-27  -2.34387262e-58
  4.10400000e-05   0.00000000e+00   0.00000000e+00   6.08509353e-13  -4.70279241e-27  -5.92968345e-27  -2.59063330e-58
  4.11200000e-05   0.00000000e+00   0.00000000e+00   1.04074197e-12  -8.04325099e-27  -1.01416197e-26  -7.57800334e-58
  4.12000000e-05   0.00000000e+00   0.00000000e+00   1.11817004e-12  -8.64164465e-27  -1.08961257e-26  -8.74751946e-58
  4.12800000e-05   0.00000000e+00   0.00000000e+00   1.19559811e-12  -9.24003832e-27  -1.16506317e-26  -1.00009243e-57
  4.13600000e-05   0.00000000e+00   0.00000000e+00   7.75423006e-13  -5.99276479e-27  -7.55619111e-27  -4.20692487e-58
  4.14400000e-05   0.00000000e+00   0.00000000e+00   6.99265519e-13  -5.40419068e-27  -6.81406646e-27  -3.42115524e-58
  4.15200000e-05   0.00000000e+00   0.00000000e+00   6.23108033e-13  -4.81561657e-27  -6.07194181e-27  -2.71654372e-58
  4.16000000e-05   0.00000000e+00   0.00000000e+00   5.46950546e-13  -4.22704246e-27  -5.32981717e-27  -2.09309031e-58
  4.16800000e-05   0.00000000e+00   0.00000000e+00   4.70793059e-13  -3.63846835e-27  -4.58769252e-27  -1.55079501e-58
  4.17600000e-05   0.00000000e+00   0.00000000e+00   3.94635572e-13  -3.04989424e-27  -3.84556787e-27  -1.08965782e-58
  4.18400000e-05   2.86968257e-14   3.85694464e-14   7.89998099e-13  -7.47524190e-27  -6.67902110e-27   5.97624047e-28
  4.19200000e-05   4.61058584e-14   7.79466567e-14   8.50900418e-13  -9.34444208e-27  -6.65418970e-27   1.11588306e-27
  4.20000000e-05   6.35148911e-14   1.17323867e-13   9.11802736e-13  -1.12136423e-26  -6.62935830e-27   1.63414208e-27
  4.20800000e-05   8.09239238e-14   1.56701077e-13   9.72705055e-13  -1.30828425e-26  -6.60452690e-27   2.15240110e-27
  4.21600000e-05   9.83329564e-14   1.96078288e-13   1.03360737e-12  -1.49520426e-26  -6.57969550e-27   2.67066011e-27
  4.22400000e-05   3.99283080e-15  -1.12548275e-14   8.49131808e-13  -6.16268727e-27  -8.13264462e-27  -7.88157317e-29
  4.23200000e-05  -3.09788782e-14  -7.53476976e-14   7.40546870e-13  -3.04717446e-27  -8.31658499e-27  -9.73650158e-28
  4.24000000e-05  -6.59505871e-14  -1.39440568e-13   6.31961931e-13   6.83383473e-29  -8.50052535e-27  -1.86848458e-27
  4.24800000e-05  -3.21935988e-13  -3.23824497e-13   7.03414375e-13   6.06471948e-27  -1.82883971e-26  -5.64358602e-27
  4.25600000e-05  -3.65262558e-13  -3.85826779e-13   6.55978256e-13   8.63340142e-27  -1.93649404e-26  -6.58261805e-27
  4.26400000e-05  -4.08589128e-13  -4.47829061e-13   6.08542138e-13   1.12020834e-26  -2.04414837e-26  -7.52165007e-27
  4.27200000e-05  -9.57224601e-15  -1.39875336e-14   8.67800063e-13  -6.20990768e-27  -8.79633764e-27  -2.10280962e-28
  4.28000000e-05   8.47460207e-14   1.01414820e-13   5.38738436e-13  -7.76543220e-27  -2.23994764e-27   1.64319697e-27
  4.28800000e-05   1.43282721e-13   1.71465176e-13   4.47245372e-13  -9.54625237e-27   7.30609800e-28   2.77820398e-27
  4.29600000e-05   2.01819421e-13   2.41515532e-13   3.55752308e-13  -1.13270725e-26   3.70116724e-27   3.91321099e-27
  4.30400000e-05   2.60356120e-13   3.11565888e-13   2.64259244e-13  -1.31078927e-26   6.67172468e-27   5.04821801e-27
  4.31200000e-05   3.18892820e-13   3.81616244e-13   1.72766179e-13  -1.48887129e-26   9.64228211e-27   6.18322502e-27
  4.32000000e-05   7.14431750e-14   1.02148387e-13   8.51512194e-13  -1.02087205e-26  -5.76026927e-27   1.54753582e-27
  4.32800000e-05   1.54615847e-14   3.00387682e-14   8.50400237e-13  -7.63907648e-27  -7.73767987e-27   4.12208964e-28
  4.33600000e-05  -4.05200056e-14  -4.20708507e-14   8.49288279e-13  -5.06943244e-27  -9.71509046e-27  -7.23117894e-28
  4.34400000e-05  -9.65015958e-14  -1.14180470e-13   8.48176322e-13  -2.49978840e-27  -1.16925011e-26  -1.85844475e-27
  4.35200000e-05  -1.52483186e-13  -1.86290089e-13   8.47064364e-13   6.98556445e-29  -1.36699117e-26  -2.99377161e-27
  4.36000000e-05   3.73314301e-14   4.17156930e-14   5.82507067e-13  -5.98341437e-27  -4.35043567e-27   6.95014494e-28
  4.36800000e-05   3.92784939e-14   4.23508187e-14   5.49993997e-13  -5.75469814e-27  -3.96445659e-27   7.16251195e-28
  4.37600000e-05   4.12255577e-14   4.29859444e-14   5.17480927e-13  -5.52598190e-27  -3.57847750e-27   7.37487896e-28
  4.38400000e-05   4.31726214e-14   4.36210701e-14   4.84967858e-13  -5.29726567e-27  -3.19249841e-27   7.58724597e-28
  4.39200000e-05   4.51196852e-14   4.42561958e-14   4.52454788e-13  -5.06854943e-27  -2.80651932e-27   7.79961297e-28
  4.40000000e-05   4.70667490e-14   4.48913215e-14   4.19941718e-13  -4.83983320e-27  -2.42054024e-27   8.01197998e-28
  4.40800000e-05   0.00000000e+00   0.00000000e+00   1.03087518e-12  -7.96699661e-27  -1.00454717e-26  -7.43506196e-58
  4.41600000e-05   0.00000000e+00   0.00000000e+00   1.07170399e-12  -8.28253726e-27  -1.04433323e-26  -8.03567360e-58
  4.42400000e-05   0.00000000e+00   0.00000000e+00   1.11253280e-12  -8.59807791e-27  -1.08411930e-26  -8.65961123e-58
  4.43200000e-05   0.00000000e+00   0.00000000e+00   1.15336162e-12  -8.91361856e-27  -1.12390537e-26  -9.30687487e-58
  4.44000000e-05   0.00000000e+00   0.00000000e+00   5.96338563e-13  -4.60873190e-27  -5.81108390e-27  -2.48818653e-58
  4.44800000e-05   0.00000000e+00   0.00000000e+00   4.84202708e-13  -3.74210324e-27  -4.71836426e-27  -1.64042470e-58
  4.45600000e-05   0.00000000e+00   0.00000000e+00   4.94200649e-13  -3.81937114e-27  -4.81579025e-27  -1.70878208e-58
  4.46400000e-05   0.00000000e+00   0.00000000e+00   4.79048086e-13  -3.70226635e-27  -4.66813450e-27  -1.60560378e-58
  4.47200000e-05   0.00000000e+00   0.00000000e+00   4.63895523e-13  -3.58516157e-27  -4.52047876e-27  -1.50563825e-58
  4.48000000e-05   0.00000000e+00   0.00000000e+00   4.48742960e-13  -3.46805678e-27  -4.37282301e-27  -1.40888548e-58
  4.48800000e-05   0.00000000e+00   0.00000000e+00   4.33590397e-13  -3.35095199e-27  -4.22516727e-27  -1.31534547e-58
  4.49600000e-05   0.00000000e+00   0.00000000e+00   1.09820180e-12  -8.48732241e-27  -1.07015430e-26  -8.43798628e-58
  4.50400000e-05   0.00000000e+00   0.00000000e+00   1.12057938e-12  -8.66026495e-27  -1.09196038e-26  -8.78536515e-58
  4.51200000e-05   0.00000000e+00   0.00000000e+00   1.14295697e-12  -8.83320749e-27  -1.11376645e-26  -9.13975104e-58
  4.52000000e-05   0.00000000e+00   0.00000000e+00   1.16533456e-12  -9.00615003e-27  -1.13557253e-26  -9.50114394e-58
  4.52800000e-05   0.00000000e+00   0.00000000e+00   1.18771215e-12  -9.17909258e-27  -1.15737861e-26  -9.86954387e-58
  4.53600000e-05   0.00000000e+00   0.00000000e+00   1.21008974e-12  -9.35203512e-27  -1.17918468e-26  -1.02449508e-57
  4.54400000e-05   0.00000000e+00   0.00000000e+00   5.75976165e-13  -4.45136352e-27  -5.61266036e-27  -2.32107198e-58
  4.55200000e-05   0.00000000e+00   0.00000000e+00   5.60823602e-13  -4.33425873e-27  -5.46500462e-27  -2.20055499e-58
  4.56000000e-05   0.00000000e+00   0.00000000e+00   5.45671039e-13  -4.21715394e-27  -5.31734887e-27  -2.08325077e-58
  4.56800000e-05   0.00000000e+00   0.00000000e+00   5.30518476e-13  -4.10004916e-27  -5.16969313e-27  -1.96915932e-58
  4.57600000e-05   0.00000000e+00   0.00000000e+00   5.15365912e-13  -3.98294437e-27  -5.02203738e-27  -1.85828063e-58
  4.58400000e-05   0.00000000e+00   0.00000000e+00   5.00213349e-13  -3.86583958e-27  -4.87438164e-27  -1.75061471e-58
  4.59200000e-05   0.00000000e+00   0.00000000e+00   1.11827915e-12  -8.64248787e-27  -1.08971889e-26  -8.74933434e-58
  4.60000000e-05   0.00000000e+00   0.00000000e+00   1.14065674e-12  -8.81543042e-27  -1.11152497e-26  -9.10299996e-58
  4.60800000e-05   0.00000000e+00   0.00000000e+00   6.98253712e-13  -5.39637105e-27  -6.80420680e-27  -3.41120674e-58
  4.61600000e-05   0.00000000e+00   0.00000000e+00   6.67345643e-13  -5.15750170e-27  -6.50301986e-27  -3.11589931e-58
  4.62400000e-05   0.00000000e+00   0.00000000e+00   6.36437573e-13  -4.91863235e-27  -6.20183292e-27  -2.83395940e-58
  4.63200000e-05   0.00000000e+00   0.00000000e+00   6.81923958e-13  -5.27016848e-27  -6.64507979e-27  -3.25342046e-58
  4.64000000e-05   0.00000000e+00   0.00000000e+00   7.34884553e-13  -5.67946817e-27  -7.16115988e-27  -3.77839312e-58
  4.64800000e-05   0.00000000e+00   0.00000000e+00   7.87845148e-13  -6.08876785e-27  -7.67723998e-27  -4.34261332e-58
  4.65600000e-05   0.00000000e+00   0.00000000e+00   4.08837248e-13  -3.15965021e-27  -3.98395760e-27  -1.16947791e-58
  4.66400000e-05   0.00000000e+00   0.00000000e+00   3.54681619e-13  -2.74111485e-27  -3.45623237e-27  -8.80178327e-59
  4.67200000e-05   0.00000000e+00   0.00000000e+00   3.00525990e-13  -2.32257949e-27  -2.92850714e-27  -6.31917477e-59
  4.68000000e-05   0.00000000e+00   0.00000000e+00   9.41411339e-13  -7.27558595e-27  -9.17368189e-27  -6.20056963e-58
  4.68800000e-05   0.00000000e+00   0.00000000e+00   9.76004511e-13  -7.54293518e-27  -9.51077869e-27  -6.66463746e-58
  4.69600000e-05   0.00000000e+00   0.00000000e+00   1.01059768e-12  -7.81028440e-27  -9.84787549e-27  -7.14545038e-58
  4.70400000e-05   0.00000000e+00   0.00000000e+00   1.04519085e-12  -8.07763363e-27  -1.01849723e-26  -7.64300839e-58
  4.71200000e-05   0.00000000e+00   0.00000000e+00   1.07978403e-12  -8.34498286e-27  -1.05220691e-26  -8.15731149e-58
  4.72000000e-05   0.00000000e+00   0.00000000e+00   5.14324904e-13  -3.97489906e-27  -5.01189316e-27  -1.85081610e-58
  4.72800000e-05   0.00000000e+00   0.00000000e+00   4.60169275e-13  -3.55636370e-27  -4.48416794e-27  -1.48157876e-58
  4.73600000e-05   0.00000000e+00   0.00000000e+00   4.06013646e-13  -3.13782834e-27  -3.95644271e-27  -1.15338015e-58
  4.74400000e-05   0.00000000e+00   0.00000000e+00   3.51858017e-13  -2.71929298e-27  -3.42871749e-27  -8.66220270e-59
  4.75200000e-05   0.00000000e+00   0.00000000e+00   2.97702389e-13  -2.30075762e-27  -2.90099226e-27  -6.20099124e-59
  4.76000000e-05   0.00000000e+00   0.00000000e+00   2.43546760e-13  -1.88222227e-27  -2.37326704e-27  -4.15016710e-59
  4.76800000e-05   0.00000000e+00   0.00000000e+00   7.83203540e-13  -6.05289572e-27  -7.63200933e-27  -4.29161956e-58
  4.77600000e-05   0.00000000e+00   0.00000000e+00   7.78555790e-13  -6.01697614e-27  -7.58671884e-27  -4.24089148e-58
  4.78400000e-05   0.00000000e+00   0.00000000e+00   7.71719631e-13  -5.96414370e-27  -7.52010318e-27  -4.16674369e-58
  4.79200000e-05   0.00000000e+00   0.00000000e+00   7.64883473e-13  -5.91131126e-27  -7.45348751e-27  -4.09324984e-58
  4.80000000e-05   0.00000000e+00   0.00000000e+00   7.58047314e-13  -5.85847882e-27  -7.38687185e-27  -4.02040991e-58
  4.80800000e-05   0.00000000e+00   0.00000000e+00   7.51211156e-13  -5.80564638e-27  -7.32025618e-27  -3.94822391e-58
  4.81600000e-05   0.00000000e+00   0.00000000e+00   5.61564097e-13  -4.33998157e-27  -5.47222046e-27  -2.20636127e-58
  4.82400000e-05   0.00000000e+00   0.00000000e+00   5.55205902e-13  -4.29084301e-27  -5.41026235e-27  -2.15668203e-58
  4.83200000e-05   0.00000000e+00   0.00000000e+00   5.48847706e-13  -4.24170444e-27  -5.34830424e-27  -2.10756847e-58
  4.84000000e-05   0.00000000e+00   0.00000000e+00   5.42489511e-13  -4.19256588e-27  -5.28634614e-27  -2.05902060e-58
  4.84800000e-05   0.00000000e+00   0.00000000e+00   5.36131315e-13  -4.14342732e-27  -5.22438803e-27  -2.01103841e-58
  4.85600000e-05   0.00000000e+00   0.00000000e+00   7.72307219e-13  -5.96868480e-27  -7.52582899e-27  -4.17309122e-58
  4.86400000e-05   0.00000000e+00   0.00000000e+00   5.75100263e-13  -4.44459422e-27  -5.60412505e-27  -2.31390726e-58
  4.87200000e-05   0.00000000e+00   0.00000000e+00   6.69977545e-13  -5.17784205e-27  -6.52866671e-27  -3.14037743e-58
  4.88000000e-05   0.00000000e+00   0.00000000e+00   7.64854827e-13  -5.91108987e-27  -7.45320837e-27  -4.09280717e-58
  4.88800000e-05   0.00000000e+00   0.00000000e+00   8.59732108e-13  -6.64433770e-27  -8.37775002e-27  -5.17119649e-58
  4.89600000e-05   0.00000000e+00   0.00000000e+00   9.54609390e-13  -7.37758552e-27  -9.30229168e-27  -6.37554538e-58
  4.90400000e-05   0.00000000e+00   0.00000000e+00  -2.74040857e-13   2.11789228e-27   2.67041998e-27  -5.25359520e-59
  4.91200000e-05   0.00000000e+00   0.00000000e+00  -4.02147379e-13   3.10794836e-27   3.91876747e-27  -1.13139076e-58
  4.92000000e-05   0.00000000e+00   0.00000000e+00  -5.30253901e-13   4.09800443e-27   5.16711496e-27  -1.96706288e-58
  4.92800000e-05   0.00000000e+00   0.00000000e+00  -6.58360424e-13   5.08806050e-27   6.41546245e-27  -3.03237588e-58
  4.93600000e-05   0.00000000e+00   0.00000000e+00   5.99601119e-13  -4.63394618e-27  -5.84287622e-27  -2.51530834e-58
  4.94400000e-05   0.00000000e+00   0.00000000e+00   6.56858829e-13  -5.07645561e-27  -6.40083000e-27  -3.01864018e-58
  4.95200000e-05   0.00000000e+00   0.00000000e+00   6.32580463e-13  -4.88882313e-27  -6.16424691e-27  -2.79977926e-58
  4.96000000e-05   0.00000000e+00   0.00000000e+00   5.42194509e-13  -4.19028600e-27  -5.28347146e-27  -2.05686154e-58
  4.96800000e-05   0.00000000e+00   0.00000000e+00   4.51808554e-13  -3.49174886e-27  -4.40269602e-27  -1.42826024e-58
  4.97600000e-05   0.00000000e+00   0.00000000e+00   3.61422600e-13  -2.79321173e-27  -3.52192057e-27  -9.13975371e-59
  4.98400000e-05   0.00000000e+00   0.00000000e+00   2.71036646e-13  -2.09467459e-27  -2.64114513e-27  -5.14006918e-59
  4.99200000e-05   0.00000000e+00   0.00000000e+00   3.55792446e-13  -2.74969975e-27  -3.46705694e-27  -8.85630779e-59
  5.00000000e-05   0.00000000e+00   0.00000000e+00   4.13050156e-13  -3.19220917e-27  -4.02501072e-27  -1.19362322e-58
  5.00800000e-05   0.00000000e+00   0.00000000e+00   4.70307866e-13  -3.63471860e-27  -4.58296450e-27  -1.54749051e-58
  5.01600000e-05   0.00000000e+00   0.00000000e+00   5.27565576e-13  -4.07722802e-27  -5.14091828e-27  -1.94723265e-58
  5.02400000e-05   0.00000000e+00   0.00000000e+00   5.84823285e-13  -4.51973744e-27  -5.69887206e-27  -2.39284965e-58
  5.03200000e-05   0.00000000e+00   0.00000000e+00   6.42080995e-13  -4.96224687e-27  -6.25682584e-27  -2.88434149e-58
  5.04000000e-05   0.00000000e+00   0.00000000e+00   2.82947609e-13  -2.18672706e-27  -2.75721276e-27  -5.60174672e-59
  5.04800000e-05   0.00000000e+00   0.00000000e+00   1.92561655e-13  -1.48818993e-27  -1.87643732e-27  -2.59458146e-59
  5.05600000e-05   0.00000000e+00   0.00000000e+00   1.02175701e-13  -7.89652794e-28  -9.95661872e-28  -7.30580405e-60
  5.06400000e-05   0.00000000e+00   0.00000000e+00   1.17897467e-14  -9.11156598e-29  -1.14886427e-28  -9.74355981e-62
  5.07200000e-05   0.00000000e+00   0.00000000e+00   8.79045347e-14  -6.79359778e-28  -8.56594991e-28  -5.40579924e-60
  5.08000000e-05   0.00000000e+00   0.00000000e+00   1.19782714e-13  -9.25726512e-28  -1.16723527e-27  -1.00377444e-59
  5.08800000e-05   0.00000000e+00   0.00000000e+00  -4.89580530e-13   3.78366510e-27   4.77076900e-27  -1.67695663e-58
  5.09600000e-05   0.00000000e+00   0.00000000e+00  -5.03890698e-13   3.89425953e-27   4.91021594e-27  -1.77642275e-58
  5.10400000e-05   0.00000000e+00   0.00000000e+00   4.35659367e-13  -3.36694178e-27  -4.24532855e-27  -1.32790575e-58
  5.11200000e-05   0.00000000e+00   0.00000000e+00   4.50053642e-13  -3.47818623e-27  -4.38559509e-27  -1.41710431e-58
  5.12000000e-05   0.00000000e+00   0.00000000e+00   4.64447918e-13  -3.58943069e-27  -4.52586163e-27  -1.50920211e-58
  5.12800000e-05   0.00000000e+00   0.00000000e+00   2.88465459e-13  -2.22937111e-27  -2.81098203e-27  -5.82178789e-59
  5.13600000e-05   0.00000000e+00   0.00000000e+00   3.09686087e-13  -2.39337222e-27  -3.01776868e-27  -6.70984796e-59
  5.14400000e-05   0.00000000e+00   0.00000000e+00   3.30906716e-13  -2.55737333e-27  -3.22455532e-27  -7.66092002e-59
  5.15200000e-05   0.00000000e+00   0.00000000e+00   3.52127344e-13  -2.72137444e-27  -3.43134197e-27  -8.67500408e-59
  5.16000000e-05   0.00000000e+00   0.00000000e+00   3.73347972e-13  -2.88537555e-27  -3.63812861e-27  -9.75210012e-59
  5.16800000e-05   0.00000000e+00   0.00000000e+00   3.94568601e-13  -3.04937666e-27  -3.84491526e-27  -1.08922082e-58
  5.17600000e-05   0.00000000e+00   0.00000000e+00   5.83423957e-13  -4.50892290e-27  -5.68523616e-27  -2.38145603e-58
  5.18400000e-05   0.00000000e+00   0.00000000e+00   5.97818233e-13  -4.62016735e-27  -5.82550269e-27  -2.50041691e-58
  5.19200000e-05   0.00000000e+00   0.00000000e+00   6.12212508e-13  -4.73141181e-27  -5.96576923e-27  -2.62227704e-58
  5.20000000e-05   0.00000000e+00   0.00000000e+00   6.26606784e-13  -4.84265626e-27  -6.10603576e-27  -2.74703643e-58
  5.20800000e-05   0.00000000e+00   0.00000000e+00   6.41001060e-13  -4.95390072e-27  -6.24630230e-27  -2.87469508e-58
  5.21600000e-05   0.00000000e+00   0.00000000e+00   5.03676262e-13  -3.89260229e-27  -4.90812635e-27  -1.77490503e-58
  5.22400000e-05   0.00000000e+00   0.00000000e+00   5.24896890e-13  -4.05660340e-27  -5.11491300e-27  -1.92761519e-58
  5.23200000e-05   0.00000000e+00   0.00000000e+00   5.46117519e-13  -4.22060451e-27  -5.32169964e-27  -2.08662654e-58
  5.24000000e-05   0.00000000e+00   0.00000000e+00   5.67338147e-13  -4.38460563e-27  -5.52848629e-27  -2.25193909e-58
  5.24800000e-05   0.00000000e+00   0.00000000e+00   5.88558775e-13  -4.54860674e-27  -5.73527294e-27  -2.42355284e-58
  5.25600000e-05   0.00000000e+00   0.00000000e+00   6.09779404e-13  -4.71260785e-27  -5.94205958e-27  -2.60146779e-58
  5.26400000e-05   0.00000000e+00   0.00000000e+00   7.64630569e-13  -5.90935672e-27  -7.45102306e-27  -4.09056621e-58
  5.27200000e-05   0.00000000e+00   0.00000000e+00   7.40788504e-13  -5.72509615e-27  -7.21869155e-27  -3.83944713e-58
  5.28000000e-05   0.00000000e+00   0.00000000e+00   7.95329229e-13  -6.14660768e-27  -7.75016939e-27  -4.42557395e-58
  5.28800000e-05   0.00000000e+00   0.00000000e+00   8.02748553e-13  -6.20394704e-27  -7.82246777e-27  -4.50852817e-58
  5.29600000e-05   0.00000000e+00   0.00000000e+00   8.10167876e-13  -6.26128641e-27  -7.89476615e-27  -4.59225264e-58
  5.30400000e-05   0.00000000e+00   0.00000000e+00   8.17587200e-13  -6.31862577e-27  -7.96706453e-27  -4.67674737e-58
  5.31200000e-05   0.00000000e+00   0.00000000e+00   7.92783408e-13  -6.12693261e-27  -7.72536137e-27  -4.39727349e-58
  5.32000000e-05   0.00000000e+00   0.00000000e+00   8.09988471e-13  -6.25989989e-27  -7.89301791e-27  -4.59020516e-58
  5.32800000e-05   0.00000000e+00   0.00000000e+00   8.27193534e-13  -6.39286718e-27  -8.06067446e-27  -4.78727893e-58
  5.33600000e-05   0.00000000e+00   0.00000000e+00   8.44398596e-13  -6.52583447e-27  -8.22833100e-27  -4.98849478e-58
  5.34400000e-05   0.00000000e+00   0.00000000e+00   8.61603659e-13  -6.65880176e-27  -8.39598755e-27  -5.19385271e-58
  5.35200000e-05   0.00000000e+00   0.00000000e+00   7.78641679e-13  -6.01763993e-27  -7.58755580e-27  -4.24180781e-58
  5.36000000e-05   0.00000000e+00   0.00000000e+00   7.86061002e-13  -6.07497929e-27  -7.65985418e-27  -4.32302956e-58
  5.36800000e-05   0.00000000e+00   0.00000000e+00   7.93480326e-13  -6.13231865e-27  -7.73215256e-27  -4.40502157e-58
  5.37600000e-05   0.00000000e+00   0.00000000e+00   8.00899650e-13  -6.18965802e-27  -7.80445094e-27  -4.48778384e-58
  5.38400000e-05   0.00000000e+00   0.00000000e+00   8.08318973e-13  -6.24699738e-27  -7.87674932e-27  -4.57131636e-58
  5.39200000e-05   0.00000000e+00   0.00000000e+00   8.15738297e-13  -6.30433674e-27  -7.94904770e-27  -4.65561914e-58
  5.40000000e-05   0.00000000e+00   0.00000000e+00   1.06550056e-12  -8.23459480e-27  -1.03828824e-26  -7.94295937e-58
  5.40800000e-05   0.00000000e+00   0.00000000e+00   1.08270562e-12  -8.36756209e-27  -1.05505389e-26  -8.20154720e-58
  5.41600000e-05   0.00000000e+00   0.00000000e+00   1.09991069e-12  -8.50052938e-27  -1.07181955e-26  -8.46427712e-58
  5.42400000e-05   0.00000000e+00   0.00000000e+00   1.11711575e-12  -8.63349667e-27  -1.08858520e-26  -8.73114912e-58
  5.43200000e-05   0.00000000e+00   0.00000000e+00   7.74187904e-13  -5.98321946e-27  -7.54415552e-27  -4.19353198e-58
  5.44000000e-05   0.00000000e+00   0.00000000e+00   6.99552383e-13  -5.40640768e-27  -6.81686183e-27  -3.42396087e-58
  5.44800000e-05   0.00000000e+00   0.00000000e+00   8.51232533e-13  -6.57864974e-27  -8.29492502e-27  -5.06946485e-58
  5.45600000e-05   0.00000000e+00   0.00000000e+00   9.37786432e-13  -7.24757129e-27  -9.13835859e-27  -6.15282549e-58
  5.46400000e-05   0.00000000e+00   0.00000000e+00   1.02434033e-12  -7.91649284e-27  -9.98179217e-27  -7.34101479e-58
  5.47200000e-05   0.00000000e+00   0.00000000e+00   1.11089423e-12  -8.58541438e-27  -1.08252257e-26  -8.63403273e-58
  5.48000000e-05   0.00000000e+00   0.00000000e+00   1.19744813e-12  -9.25433593e-27  -1.16686593e-26  -1.00318793e-57
  5.48800000e-05   0.00000000e+00   0.00000000e+00   1.36279407e-12  -1.05321924e-26  -1.32798903e-26  -1.29937710e-57
  5.49600000e-05   0.00000000e+00   0.00000000e+00   1.38776054e-12  -1.07251428e-26  -1.35231786e-26  -1.34742264e-57
  5.50400000e-05   0.00000000e+00   0.00000000e+00   1.41272700e-12  -1.09180932e-26  -1.37664670e-26  -1.39634039e-57
  5.51200000e-05   0.00000000e+00   0.00000000e+00   1.43769347e-12  -1.11110436e-26  -1.40097553e-26  -1.44613035e-57
  5.52000000e-05   0.00000000e+00   0.00000000e+00   1.46265993e-12  -1.13039939e-26  -1.42530437e-26  -1.49679252e-57
  5.52800000e-05   0.00000000e+00   0.00000000e+00   1.48762640e-12  -1.14969443e-26  -1.44963320e-26  -1.54832690e-57
  5.53600000e-05   0.00000000e+00   0.00000000e+00   6.16184143e-13  -4.76210612e-27  -6.00447124e-27  -2.65645175e-58
  5.54400000e-05   0.00000000e+00   0.00000000e+00   5.92533726e-13  -4.57932667e-27  -5.77400726e-27  -2.45644595e-58
  5.55200000e-05   0.00000000e+00   0.00000000e+00   5.68883310e-13  -4.39654723e-27  -5.54354329e-27  -2.26426695e-58
  5.56000000e-05   0.00000000e+00   0.00000000e+00   5.45232893e-13  -4.21376779e-27  -5.31307932e-27  -2.07991475e-58
  5.56800000e-05   0.00000000e+00   0.00000000e+00   5.21582476e-13  -4.03098835e-27  -5.08261534e-27  -1.90338935e-58
  5.57600000e-05   0.00000000e+00   0.00000000e+00   4.97932060e-13  -3.84820891e-27  -4.85215137e-27  -1.73469076e-58
  5.58400000e-05   0.00000000e+00   0.00000000e+00   1.48100405e-12  -1.14457643e-26  -1.44317998e-26  -1.53457242e-57
  5.59200000e-05   0.00000000e+00   0.00000000e+00   8.99468302e-13  -6.95143416e-27  -8.76496354e-27  -5.66061406e-58
  5.60000000e-05   0.00000000e+00   0.00000000e+00   7.74443975e-13  -5.98519847e-27  -7.54665083e-27  -4.19637477e-58
  5.60800000e-05   0.00000000e+00   0.00000000e+00   6.49419649e-13  -5.01896279e-27  -6.32833812e-27  -2.95085914e-58
  5.61600000e-05   0.00000000e+00   0.00000000e+00   5.24395322e-13  -4.05272710e-27  -5.11002541e-27  -1.92406718e-58
  5.62400000e-05   0.00000000e+00   0.00000000e+00   9.19812490e-13  -7.10866181e-27  -8.96320962e-27  -5.91915363e-58
  5.63200000e-05   0.00000000e+00   0.00000000e+00   1.05299674e-12  -8.13796051e-27  -1.02610376e-26  -7.75741543e-58
  5.64000000e-05   0.00000000e+00   0.00000000e+00   1.18618099e-12  -9.16725921e-27  -1.15588655e-26  -9.84388334e-58
  5.64800000e-05   0.00000000e+00   0.00000000e+00   1.31936524e-12  -1.01965579e-26  -1.28566935e-26  -1.21785574e-57
  5.65600000e-05   0.00000000e+00   0.00000000e+00   1.45254949e-12  -1.12258566e-26  -1.41545214e-26  -1.47614375e-57
  5.66400000e-05   0.00000000e+00   0.00000000e+00   1.58573374e-12  -1.22551553e-26  -1.54523494e-26  -1.75925237e-57
  5.67200000e-05   0.00000000e+00   0.00000000e+00   9.49164740e-13  -7.33550719e-27  -9.24923571e-27  -6.30339064e-58
  5.68000000e-05   0.00000000e+00   0.00000000e+00   8.24140413e-13  -6.36927151e-27  -8.03092300e-27  -4.75220997e-58
  5.68800000e-05   0.00000000e+00   0.00000000e+00   6.99116087e-13  -5.40303582e-27  -6.81261029e-27  -3.41975297e-58
  5.69600000e-05   0.00000000e+00   0.00000000e+00   1.33669971e-12  -1.03305253e-26  -1.30256111e-26  -1.25011185e-57
  5.70400000e-05   0.00000000e+00   0.00000000e+00   1.28211041e-12  -9.90863836e-27  -1.24936599e-26  -1.15009100e-57
  5.71200000e-05   0.00000000e+00   0.00000000e+00   9.75896152e-13  -7.54209775e-27  -9.50972277e-27  -6.66311907e-58
  5.72000000e-05   0.00000000e+00   0.00000000e+00   1.03311401e-12  -7.98429914e-27  -1.00672882e-26  -7.46736214e-58
  5.72800000e-05   0.00000000e+00   0.00000000e+00   1.09033186e-12  -8.42650054e-27  -1.06248536e-26  -8.31741622e-58
  5.73600000e-05   0.00000000e+00   0.00000000e+00   1.14754971e-12  -8.86870194e-27  -1.11824190e-26  -9.21328130e-58
  5.74400000e-05   0.00000000e+00   0.00000000e+00   1.20476756e-12  -9.31090334e-27  -1.17399843e-26  -1.01549574e-57
  5.75200000e-05   0.00000000e+00   0.00000000e+00   1.26198542e-12  -9.75310473e-27  -1.22975497e-26  -1.11424445e-57
  5.76000000e-05   0.00000000e+00   0.00000000e+00   8.38928538e-13  -6.48355977e-27  -8.17502744e-27  -4.92414948e-58
  5.76800000e-05   0.00000000e+00   0.00000000e+00   8.03667406e-13  -6.21104829e-27  -7.83142162e-27  -4.51891531e-58
  5.77600000e-05   0.00000000e+00   0.00000000e+00   7.68406274e-13  -5.93853681e-27  -7.48781581e-27  -4.13107914e-58
  5.78400000e-05   0.00000000e+00   0.00000000e+00   7.33145142e-13  -5.66602533e-27  -7.14421000e-27  -3.76064096e-58
  5.79200000e-05   0.00000000e+00   0.00000000e+00   6.97884010e-13  -5.39351385e-27  -6.80060419e-27  -3.40760078e-58
  5.80000000e-05   0.00000000e+00   0.00000000e+00   6.62622878e-13  -5.12100237e-27  -6.45699837e-27  -3.07195860e-58
  5.80800000e-05   0.00000000e+00   0.00000000e+00   1.04817804e-12  -8.10071973e-27  -1.02140812e-26  -7.68681933e-58
  5.81600000e-05   0.00000000e+00   0.00000000e+00   1.04977910e-12  -8.11309333e-27  -1.02296829e-26  -7.71032003e-58
  5.82400000e-05   0.00000000e+00   0.00000000e+00   1.05138016e-12  -8.12546693e-27  -1.02452846e-26  -7.73385659e-58
  5.83200000e-05   0.00000000e+00   0.00000000e+00   1.05298122e-12  -8.13784053e-27  -1.02608863e-26  -7.75742903e-58
  5.84000000e-05   0.00000000e+00   0.00000000e+00   1.05458228e-12  -8.15021412e-27  -1.02764880e-26  -7.78103733e-58
  5.84800000e-05   0.00000000e+00   0.00000000e+00   6.64326522e-13  -5.13416879e-27  -6.47359972e-27  -3.08777520e-58
  5.85600000e-05   0.00000000e+00   0.00000000e+00   6.29065390e-13  -4.86165731e-27  -6.12999391e-27  -2.76869042e-58
  5.86400000e-05   0.00000000e+00   0.00000000e+00   5.93804258e-13  -4.58914583e-27  -5.78638809e-27  -2.46700365e-58
  5.87200000e-05   0.00000000e+00   0.00000000e+00   5.58543126e-13  -4.31663435e-27  -5.44278228e-27  -2.18271486e-58
  5.88000000e-05   0.00000000e+00   0.00000000e+00   5.23281994e-13  -4.04412287e-27  -5.09917647e-27  -1.91582408e-58
  5.88800000e-05   0.00000000e+00   0.00000000e+00   4.88020862e-13  -3.77161139e-27  -4.75557066e-27  -1.66633129e-58
  5.89600000e-05   0.00000000e+00   0.00000000e+00   8.52519254e-13  -6.58859402e-27  -8.30746360e-27  -5.08492928e-58
  5.90400000e-05   0.00000000e+00   0.00000000e+00   1.66395854e-12  -1.28597064e-26  -1.62146191e-26  -1.93711394e-57
  5.91200000e-05   0.00000000e+00   0.00000000e+00   1.76455404e-12  -1.36371468e-26  -1.71948826e-26  -2.17841423e-57
  5.92000000e-05   0.00000000e+00   0.00000000e+00   5.72814061e-13  -4.42692558e-27  -5.58184691e-27  -2.29572352e-58
  5.92800000e-05   0.00000000e+00   0.00000000e+00   4.90958162e-13  -3.79431197e-27  -4.78419348e-27  -1.68649011e-58
  5.93600000e-05   0.00000000e+00   0.00000000e+00   4.09102263e-13  -3.16169835e-27  -3.98654006e-27  -1.17101435e-58
  5.94400000e-05   0.00000000e+00   0.00000000e+00   6.31145627e-13  -4.87773418e-27  -6.15026499e-27  -2.78688503e-58
  5.95200000e-05   0.00000000e+00   0.00000000e+00   7.28988383e-13  -5.63390032e-27  -7.10370403e-27  -3.71794851e-58
  5.96000000e-05   0.00000000e+00   0.00000000e+00   8.26831139e-13  -6.39006646e-27  -8.05714306e-27  -4.78296858e-58
  5.96800000e-05   0.00000000e+00   0.00000000e+00   9.24673894e-13  -7.14623260e-27  -9.01058209e-27  -5.98194524e-58
  5.97600000e-05   0.00000000e+00   0.00000000e+00   1.02251665e-12  -7.90239874e-27  -9.96402112e-27  -7.31487849e-58
  5.98400000e-05   0.00000000e+00   0.00000000e+00   8.62274720e-13  -6.66398798e-27  -8.40252677e-27  -5.20209577e-58
  5.99200000e-05   0.00000000e+00   0.00000000e+00   7.80418821e-13  -6.03137436e-27  -7.60487334e-27  -4.26131448e-58
  6.00000000e-05   0.00000000e+00   0.00000000e+00   6.98562922e-13  -5.39876075e-27  -6.80721992e-27  -3.41429083e-58
  6.00800000e-05   0.00000000e+00   0.00000000e+00   6.16707023e-13  -4.76614714e-27  -6.00956649e-27  -2.66102483e-58
  6.01600000e-05   0.00000000e+00   0.00000000e+00   5.34851124e-13  -4.13353352e-27  -5.21191307e-27  -2.00151648e-58
  6.02400000e-05   0.00000000e+00   0.00000000e+00   4.52995225e-13  -3.50091991e-27  -4.41425965e-27  -1.43576577e-58
  6.03200000e-05   0.00000000e+00   0.00000000e+00   7.63108088e-13  -5.89759042e-27  -7.43618708e-27  -4.07413036e-58
  6.04000000e-05   0.00000000e+00   0.00000000e+00   8.60950844e-13  -6.65375656e-27  -8.38962612e-27  -5.18586374e-58
  6.04800000e-05   0.00000000e+00   0.00000000e+00   9.58793600e-13  -7.40992270e-27  -9.34306515e-27  -6.43155372e-58
  6.05600000e-05   0.00000000e+00   0.00000000e+00   1.05663636e-12  -8.16608884e-27  -1.02965042e-26  -7.81120028e-58
  6.06400000e-05   0.00000000e+00   0.00000000e+00   1.15447911e-12  -8.92225498e-27  -1.12499432e-26  -9.32480343e-58
  6.07200000e-05   0.00000000e+00   0.00000000e+00   1.25232187e-12  -9.67842113e-27  -1.22033822e-26  -1.09723632e-57
  6.08000000e-05   0.00000000e+00   0.00000000e+00   8.24311783e-13  -6.37059592e-27  -8.03259293e-27  -4.75412423e-58
  6.08800000e-05   0.00000000e+00   0.00000000e+00   8.80670083e-13  -6.80615436e-27  -8.58178231e-27  -5.42631554e-58
  6.09600000e-05   0.00000000e+00   0.00000000e+00   8.65832644e-13  -6.69148497e-27  -8.43719733e-27  -5.24501217e-58
  6.10400000e-05   0.00000000e+00   0.00000000e+00   8.50995205e-13  -6.57681558e-27  -8.29261234e-27  -5.06678933e-58
  6.11200000e-05   0.00000000e+00   0.00000000e+00   6.68209191e-13  -5.16417554e-27  -6.51143480e-27  -3.12398754e-58
  6.12000000e-05   0.00000000e+00   0.00000000e+00   9.89024926e-13  -7.64356192e-27  -9.63765749e-27  -6.84353210e-58
  6.12800000e-05   0.00000000e+00   0.00000000e+00   1.08826102e-12  -8.41049628e-27  -1.06046740e-26  -8.28577187e-58
  6.13600000e-05   0.00000000e+00   0.00000000e+00   1.18749711e-12  -9.17743065e-27  -1.15716905e-26  -9.86581063e-58
  6.14400000e-05   0.00000000e+00   0.00000000e+00   1.28673320e-12  -9.94436501e-27  -1.25387071e-26  -1.15836484e-57
  6.15200000e-05   0.00000000e+00   0.00000000e+00   1.38596929e-12  -1.07112994e-26  -1.35057236e-26  -1.34392851e-57
  6.16000000e-05   0.00000000e+00   0.00000000e+00   1.48520538e-12  -1.14782337e-26  -1.44727401e-26  -1.54327208e-57
  6.16800000e-05   0.00000000e+00   0.00000000e+00   1.20987781e-12  -9.35039723e-27  -1.17897816e-26  -1.02415098e-57
  6.17600000e-05   0.00000000e+00   0.00000000e+00   1.16264683e-12  -8.98537825e-27  -1.13295344e-26  -9.45750902e-58
  6.18400000e-05   0.00000000e+00   0.00000000e+00   1.11541586e-12  -8.62035926e-27  -1.08692872e-26  -8.70472300e-58
  6.19200000e-05   0.00000000e+00   0.00000000e+00   1.06818488e-12  -8.25534028e-27  -1.04090400e-26  -7.98315177e-58
  6.20000000e-05   0.00000000e+00   0.00000000e+00   1.02095391e-12  -7.89032130e-27  -9.94879284e-27  -7.29279533e-58
  6.20800000e-05   0.00000000e+00   0.00000000e+00   9.73722937e-13  -7.52530232e-27  -9.48854565e-27  -6.63365370e-58
  6.21600000e-05   0.00000000e+00   0.00000000e+00   1.30757258e-12  -1.01054197e-26  -1.27417786e-26  -1.19618980e-57
  6.22400000e-05   0.00000000e+00   0.00000000e+00   1.40680867e-12  -1.08723541e-26  -1.37087951e-26  -1.38464723e-57
  6.23200000e-05   0.00000000e+00   0.00000000e+00   1.50604476e-12  -1.16392884e-26  -1.46758117e-26  -1.58688455e-57
  6.24000000e-05   0.00000000e+00   0.00000000e+00   1.60528085e-12  -1.24062228e-26  -1.56428282e-26  -1.80290177e-57
  6.24800000e-05   0.00000000e+00   0.00000000e+00   1.42538006e-12  -1.10158809e-26  -1.38897660e-26  -1.42145909e-57
  6.25600000e-05   0.00000000e+00   0.00000000e+00   1.30133479e-12  -1.00572117e-26  -1.26809938e-26  -1.18484248e-57
  6.26400000e-05   0.00000000e+00   0.00000000e+00   1.23171276e-12  -9.51914611e-27  -1.20025547e-26  -1.06145540e-57
  6.27200000e-05   0.00000000e+00   0.00000000e+00   1.16209074e-12  -8.98108054e-27  -1.13241155e-26  -9.44850968e-58
  6.28000000e-05   0.00000000e+00   0.00000000e+00   1.09246871e-12  -8.44301496e-27  -1.06456763e-26  -8.35029201e-58
  6.28800000e-05   0.00000000e+00   0.00000000e+00   1.02284669e-12  -7.90494939e-27  -9.96723719e-27  -7.31990093e-58
  6.29600000e-05   0.00000000e+00   0.00000000e+00   9.53224660e-13  -7.36688381e-27  -9.28879803e-27  -6.35733646e-58
  6.30400000e-05   0.00000000e+00   0.00000000e+00   1.08034776e-12  -8.34933959e-27  -1.05275624e-26  -8.16580423e-58
  6.31200000e-05   0.00000000e+00   0.00000000e+00   1.12922956e-12  -8.72711685e-27  -1.10038963e-26  -8.92147182e-58
  6.32000000e-05   0.00000000e+00   0.00000000e+00   8.40587152e-13  -6.49637818e-27  -8.19118997e-27  -4.94371953e-58
  6.32800000e-05   0.00000000e+00   0.00000000e+00   7.50776815e-13  -5.80228963e-27  -7.31602369e-27  -3.94376857e-58
  6.33600000e-05   0.00000000e+00   0.00000000e+00   6.60966478e-13  -5.10820109e-27  -6.44085741e-27  -3.05668263e-58
  6.34400000e-05   0.00000000e+00   0.00000000e+00   1.20632848e-12  -9.32296666e-27  -1.17551948e-26  -1.01813883e-57
  6.35200000e-05   0.00000000e+00   0.00000000e+00   1.21619948e-12  -9.39925352e-27  -1.18513838e-26  -1.03486923e-57
  6.36000000e-05   0.00000000e+00   0.00000000e+00   1.22607048e-12  -9.47554038e-27  -1.19475728e-26  -1.05173597e-57
  6.36800000e-05   0.00000000e+00   0.00000000e+00   1.23594148e-12  -9.55182724e-27  -1.20437618e-26  -1.06873905e-57
  6.37600000e-05   0.00000000e+00   0.00000000e+00   1.24581248e-12  -9.62811410e-27  -1.21399508e-26  -1.08587847e-57
  6.38400000e-05   0.00000000e+00   0.00000000e+00   1.25568348e-12  -9.70440096e-27  -1.22361398e-26  -1.10315423e-57
  6.39200000e-05   0.00000000e+00   0.00000000e+00   7.27272037e-13  -5.62063575e-27  -7.08697891e-27  -3.70070031e-58
  6.40000000e-05   0.00000000e+00   0.00000000e+00   6.37461700e-13  -4.92654720e-27  -6.21181263e-27  -2.84315292e-58
  6.40800000e-05   0.00000000e+00   0.00000000e+00   5.47651363e-13  -4.23245866e-27  -5.33664635e-27  -2.09847056e-58
  6.41600000e-05   0.00000000e+00   0.00000000e+00   5.00132201e-13  -3.86521244e-27  -4.87359087e-27  -1.75008247e-58
  6.42400000e-05   0.00000000e+00   0.00000000e+00   4.44157025e-13  -3.43261493e-27  -4.32813488e-27  -1.38026820e-58
  6.43200000e-05   0.00000000e+00   0.00000000e+00   3.88181850e-13  -3.00001742e-27  -3.78267889e-27  -1.05429667e-58
  6.44000000e-05   0.00000000e+00   0.00000000e+00   5.96910659e-13  -4.61315329e-27  -5.81665874e-27  -2.49279984e-58
  6.44800000e-05   0.00000000e+00   0.00000000e+00   6.40827931e-13  -4.95256272e-27  -6.24461522e-27  -2.87310933e-58
  6.45600000e-05   0.00000000e+00   0.00000000e+00   6.84745202e-13  -5.29197214e-27  -6.67257169e-27  -3.28040723e-58
  6.46400000e-05   0.00000000e+00   0.00000000e+00   7.28662474e-13  -5.63138157e-27  -7.10052817e-27  -3.71469356e-58
  6.47200000e-05   0.00000000e+00   0.00000000e+00   7.72579745e-13  -5.97079100e-27  -7.52848464e-27  -4.17596830e-58
  6.48000000e-05   0.00000000e+00   0.00000000e+00   6.19745643e-13  -4.78963075e-27  -6.03917665e-27  -2.68728359e-58
  6.48800000e-05   0.00000000e+00   0.00000000e+00   5.63770468e-13  -4.35703325e-27  -5.49372066e-27  -2.22378171e-58
  6.49600000e-05   0.00000000e+00   0.00000000e+00   5.07795293e-13  -3.92443574e-27  -4.94826468e-27  -1.80412256e-58
  6.50400000e-05   0.00000000e+00   0.00000000e+00   4.51820118e-13  -3.49183823e-27  -4.40280869e-27  -1.42830616e-58
  6.51200000e-05   0.00000000e+00   0.00000000e+00   3.95844942e-13  -3.05924072e-27  -3.85735270e-27  -1.09633248e-58
  6.52000000e-05   0.00000000e+00   0.00000000e+00   3.39869767e-13  -2.62664322e-27  -3.31189672e-27  -8.08201549e-59
  6.52800000e-05   0.00000000e+00   0.00000000e+00   5.59697187e-13  -4.32555338e-27  -5.45402815e-27  -2.19158426e-58
  6.53600000e-05   0.00000000e+00   0.00000000e+00   6.87565545e-13  -5.31376883e-27  -6.70005482e-27  -3.30738496e-58
  6.54400000e-05   0.00000000e+00   0.00000000e+00   8.15433902e-13  -6.30198427e-27  -7.94608148e-27  -4.65197348e-58
  6.55200000e-05   0.00000000e+00   0.00000000e+00   9.43302260e-13  -7.29019972e-27  -9.19210815e-27  -6.22534982e-58
  6.56000000e-05   0.00000000e+00   0.00000000e+00   1.07117062e-12  -8.27841517e-27  -1.04381348e-26  -8.02751398e-58
  6.56800000e-05   0.00000000e+00   0.00000000e+00   1.19903898e-12  -9.26663062e-27  -1.16841615e-26  -1.00584660e-57
  6.57600000e-05   0.00000000e+00   0.00000000e+00   1.92500208e-14  -1.48771504e-28  -1.87583853e-28  -2.59607618e-61
  6.58400000e-05   0.00000000e+00   0.00000000e+00   7.27869065e-13  -5.62524980e-27  -7.09279671e-27  -3.70659256e-58
  6.59200000e-05   0.00000000e+00   0.00000000e+00   7.84194145e-13  -6.06055151e-27  -7.64166238e-27  -4.30245286e-58
  6.60000000e-05   0.00000000e+00   0.00000000e+00   8.40519225e-13  -6.49585321e-27  -8.19052805e-27  -4.94270573e-58
  6.60800000e-05   0.00000000e+00   0.00000000e+00   8.96844304e-13  -6.93115492e-27  -8.73939372e-27  -5.62735118e-58
  6.61600000e-05   0.00000000e+00   0.00000000e+00   5.88343895e-13  -4.54694607e-27  -5.73317901e-27  -2.42189981e-58
  6.62400000e-05   0.00000000e+00   0.00000000e+00   4.96538904e-13  -3.83744207e-27  -4.83857561e-27  -1.72505666e-58
  6.63200000e-05   0.00000000e+00   0.00000000e+00   4.04733913e-13  -3.12793808e-27  -3.94397221e-27  -1.14614760e-58
  6.64000000e-05   0.00000000e+00   0.00000000e+00   3.12928922e-13  -2.41843409e-27  -3.04936882e-27  -6.85172603e-59
  6.64800000e-05   0.00000000e+00   0.00000000e+00   2.21123931e-13  -1.70893009e-27  -2.15476542e-27  -3.42131686e-59
  6.65600000e-05   0.00000000e+00   0.00000000e+00   1.29318940e-13  -9.99426102e-28  -1.26016202e-27  -1.17024845e-59
  6.66400000e-05   0.00000000e+00   0.00000000e+00   4.89318200e-13  -3.78163772e-27  -4.76821270e-27  -1.67512403e-58
  6.67200000e-05   0.00000000e+00   0.00000000e+00   5.45643280e-13  -4.21693942e-27  -5.31707837e-27  -2.08297061e-58
  6.68000000e-05   0.00000000e+00   0.00000000e+00   6.01968360e-13  -4.65224113e-27  -5.86594404e-27  -2.53520977e-58
  6.68800000e-05   0.00000000e+00   0.00000000e+00   6.58293440e-13  -5.08754283e-27  -6.41480971e-27  -3.03184150e-58
  6.69600000e-05   0.00000000e+00   0.00000000e+00   7.14618520e-13  -5.52284454e-27  -6.96367538e-27  -3.57286581e-58
  6.70400000e-05   0.00000000e+00   0.00000000e+00   7.70943600e-13  -5.95814624e-27  -7.51254105e-27  -4.15828269e-58
  6.71200000e-05   0.00000000e+00   0.00000000e+00   2.88485666e-13  -2.22952728e-27  -2.81117894e-27  -5.82317389e-59
  6.72000000e-05   0.00000000e+00   0.00000000e+00   1.96680675e-13  -1.52002329e-27  -1.91657554e-27  -2.70676647e-59
  6.72800000e-05   0.00000000e+00   0.00000000e+00   1.04875684e-13  -8.10519296e-28  -1.02197214e-27  -7.69699811e-60
  6.73600000e-05   0.00000000e+00   0.00000000e+00   2.14893286e-12  -1.66077729e-26  -2.09405024e-26  -3.23084868e-57
  6.74400000e-05   0.00000000e+00   0.00000000e+00  -2.79594470e-13   2.16081272e-27   2.72453774e-27  -5.46865628e-59
  6.75200000e-05   0.00000000e+00   0.00000000e+00   3.69609859e-13  -2.85648599e-27  -3.60170217e-27  -9.55721494e-59
  6.76000000e-05   0.00000000e+00   0.00000000e+00   4.80139958e-13  -3.71070477e-27  -4.67877436e-27  -1.61282570e-58
  6.76800000e-05   0.00000000e+00   0.00000000e+00   5.90670058e-13  -4.56492354e-27  -5.75584655e-27  -2.44087941e-58
  6.77600000e-05   0.00000000e+00   0.00000000e+00   7.01200157e-13  -5.41914232e-27  -6.83291873e-27  -3.43988262e-58
