       time             b_x              b_y              b_z              F_x              F_y              F_z
  0.00000000e+00   0.00000000e+00   0.00000000e+00   0.00000000e+00  -0.00000000e+00   0.00000000e+00   0.00000000e+00
  8.00000000e-08   0.00000000e+00   0.00000000e+00   0.00000000e+00  -0.00000000e+00   0.00000000e+00   0.00000000e+00
  1.60000000e-07   0.00000000e+00   0.00000000e+00   0.00000000e+00  -0.00000000e+00   0.00000000e+00   0.00000000e+00
  2.40000000e-07   0.00000000e+00   0.00000000e+00   0.00000000e+00  -0.00000000e+00   0.00000000e+00   0.00000000e+00
  3.20000000e-07   0.00000000e+00   0.00000000e+00   0.00000000e+00  -0.00000000e+00   0.00000000e+00   0.00000000e+00
  4.00000000e-07   0.00000000e+00   0.00000000e+00   0.00000000e+00  -0.00000000e+00   0.00000000e+00   0.00000000e+00
  4.80000000e-07   0.00000000e+00   0.00000000e+00   0.00000000e+00  -0.00000000e+00   0.00000000e+00   0.00000000e+00
  5.60000000e-07   0.00000000e+00   0.00000000e+00   0.00000000e+00  -0.00000000e+00   0.00000000e+00   0.00000000e+00
  6.40000000e-07   0.00000000e+00   0.00000000e+00   0.00000000e+00  -0.00000000e+00   0.00000000e+00   0.00000000e+00
  7.20000000e-07   0.00000000e+00   0.00000000e+00   0.00000000e+00  -0.00000000e+00   0.00000000e+00   0.00000000e+00
  8.00000000e-07   0.00000000e+00   0.00000000e+00   0.00000000e+00  -0.00000000e+00   0.00000000e+00   0.00000000e+00
  8.80000000e-07   0.00000000e+00   0.00000000e+00   0.00000000e+00  -0.00000000e+00   0.00000000e+00   0.00000000e+00
  9.60000000e-07   0.00000000e+00   0.00000000e+00   0.00000000e+00  -0.00000000e+00   0.00000000e+00   0.00000000e+00
  1.04000000e-06   0.00000000e+00   0.00000000e+00   0.00000000e+00  -0.00000000e+00   0.00000000e+00   0.00000000e+00
  1.12000000e-06   0.00000000e+00   0.00000000e+00   0.00000000e+00  -0.00000000e+00   0.00000000e+00   0.00000000e+00
  1.20000000e-06   0.00000000e+00   0.00000000e+00   0.00000000e+00  -0.00000000e+00   0.00000000e+00   0.00000000e+00
  1.28000000e-06   0.00000000e+00   0.00000000e+00   0.00000000e+00  -0.00000000e+00   0.00000000e+00   0.00000000e+00
  1.36000000e-06   0.00000000e+00   0.00000000e+00   0.00000000e+00  -0.00000000e+00   0.00000000e+00   0.00000000e+00
  1.44000000e-06   0.00000000e+00   0.00000000e+00   0.00000000e+00  -0.00000000e+00   0.00000000e+00   0.00000000e+00
  1.52000000e-06   0.00000000e+00   0.00000000e+00   0.00000000e+00  -0.00000000e+00   0.00000000e+00   0.00000000e+00
  1.60000000e-06   0.00000000e+00   0.00000000e+00   0.00000000e+00  -0.00000000e+00   0.00000000e+00   0.00000000e+00
  1.68000000e-06   0.00000000e+00   0.00000000e+00   0.00000000e+00  -0.00000000e+00   0.00000000e+00   0.00000000e+00
  1.76000000e-06   0.00000000e+00   0.00000000e+00   0.00000000e+00  -0.00000000e+00   0.00000000e+00   0.00000000e+00
  1.84000000e-06   0.00000000e+00   0.00000000e+00   0.00000000e+00  -0.00000000e+00   0.00000000e+00   0.00000000e+00
  1.92000000e-06   0.00000000e+00   0.00000000e+00   0.00000000e+00  -0.00000000e+00   0.00000000e+00   0.00000000e+00
  2.00000000e-06   0.00000000e+00   0.00000000e+00   0.00000000e+00  -0.00000000e+00   0.00000000e+00   0.00000000e+00
  2.08000000e-06   0.00000000e+00   0.00000000e+00   0.00000000e+00  -0.00000000e+00   0.00000000e+00   0.00000000e+00
  2.16000000e-06   0.00000000e+00   0.00000000e+00   0.00000000e+00  -0.00000000e+00   0.00000000e+00   0.00000000e+00
  2.24000000e-06   0.00000000e+00   0.00000000e+00   0.00000000e+00  -0.00000000e+00   0.00000000e+00   0.00000000e+00
  2.32000000e-06   0.00000000e+00   0.00000000e+00   0.00000000e+00  -0.00000000e+00   0.00000000e+00   0.00000000e+00
  2.40000000e-06   0.00000000e+00   0.00000000e+00   0.00000000e+00  -0.00000000e+00   0.00000000e+00   0.00000000e+00
  2.48000000e-06   0.00000000e+00   0.00000000e+00   0.00000000e+00  -0.00000000e+00   0.00000000e+00   0.00000000e+00
  2.56000000e-06   0.00000000e+00   0.00000000e+00   0.00000000e+00  -0.00000000e+00   0.00000000e+00   0.00000000e+00
  2.64000000e-06   0.00000000e+00   0.00000000e+00   0.00000000e+00  -0.00000000e+00   0.00000000e+00   0.00000000e+00
  2.72000000e-06   0.00000000e+00   0.00000000e+00   0.00000000e+00  -0.00000000e+00   0.00000000e+00   0.00000000e+00
  2.80000000e-06   0.00000000e+00   0.00000000e+00   0.00000000e+00  -0.00000000e+00   0.00000000e+00   0.00000000e+00
  2.88000000e-06   0.00000000e+00   0.00000000e+00   0.00000000e+00  -0.00000000e+00   0.00000000e+00   0.00000000e+00
  2.96000000e-06   0.00000000e+00   0.00000000e+00   0.00000000e+00  -0.00000000e+00   0.00000000e+00   0.00000000e+00
  3.04000000e-06   0.00000000e+00   0.00000000e+00   0.00000000e+00  -0.00000000e+00   0.00000000e+00   0.00000000e+00
  3.12000000e-06   0.00000000e+00   0.00000000e+00   0.00000000e+00  -0.00000000e+00   0.00000000e+00   0.00000000e+00
  3.20000000e-06   0.00000000e+00   0.00000000e+00   0.00000000e+00  -0.00000000e+00   0.00000000e+00   0.00000000e+00
  3.28000000e-06   0.00000000e+00   0.00000000e+00   0.00000000e+00  -0.00000000e+00   0.00000000e+00   0.00000000e+00
  3.36000000e-06   0.00000000e+00   0.00000000e+00   0.00000000e+00  -0.00000000e+00   0.00000000e+00   0.00000000e+00
  3.44000000e-06   0.00000000e+00   0.00000000e+00   0.00000000e+00  -0.00000000e+00   0.00000000e+00   0.00000000e+00
  3.52000000e-06   0.00000000e+00   0.00000000e+00   0.00000000e+00  -0.00000000e+00   0.00000000e+00   0.00000000e+00
  3.60000000e-06   0.00000000e+00   0.00000000e+00   0.00000000e+00  -0.00000000e+00   0.00000000e+00   0.00000000e+00
  3.68000000e-06   0.00000000e+00   0.00000000e+00   0.00000000e+00  -0.00000000e+00   0.00000000e+00   0.00000000e+00
  3.76000000e-06   0.00000000e+00   0.00000000e+00   0.00000000e+00  -0.00000000e+00   0.00000000e+00   0.00000000e+00
  3.84000000e-06   0.00000000e+00   0.00000000e+00   0.00000000e+00  -0.00000000e+00   0.00000000e+00   0.00000000e+00
  3.92000000e-06   0.00000000e+00   0.00000000e+00   0.00000000e+00  -0.00000000e+00   0.00000000e+00   0.00000000e+00
  4.00000000e-06   0.00000000e+00   0.00000000e+00   0.00000000e+00  -0.00000000e+00   0.00000000e+00   0.00000000e+00
  4.08000000e-06   0.00000000e+00   0.00000000e+00   0.00000000e+00  -0.00000000e+00   0.00000000e+00   0.00000000e+00
  4.16000000e-06   0.00000000e+00   0.00000000e+00   0.00000000e+00  -0.00000000e+00   0.00000000e+00   0.00000000e+00
  4.24000000e-06   0.00000000e+00   0.00000000e+00   0.00000000e+00  -0.00000000e+00   0.00000000e+00   0.00000000e+00
  4.32000000e-06   0.00000000e+00   0.00000000e+00   0.00000000e+00  -0.00000000e+00   0.00000000e+00   0.00000000e+00
  4.40000000e-06   0.00000000e+00   0.00000000e+00   0.00000000e+00  -0.00000000e+00   0.00000000e+00   0.00000000e+00
  4.48000000e-06   0.00000000e+00   0.00000000e+00   0.00000000e+00  -0.00000000e+00   0.00000000e+00   0.00000000e+00
  4.56000000e-06   0.00000000e+00   0.00000000e+00   0.00000000e+00  -0.00000000e+00   0.00000000e+00   0.00000000e+00
  4.64000000e-06   0.00000000e+00   0.00000000e+00   0.00000000e+00  -0.00000000e+00   0.00000000e+00   0.00000000e+00
  4.72000000e-06   0.00000000e+00   0.00000000e+00   0.00000000e+00  -0.00000000e+00   0.00000000e+00   0.00000000e+00
  4.80000000e-06   0.00000000e+00   0.00000000e+00   0.00000000e+00  -0.00000000e+00   0.00000000e+00   0.00000000e+00
  4.88000000e-06   0.00000000e+00   0.00000000e+00   0.00000000e+00  -0.00000000e+00   0.00000000e+00   0.00000000e+00
  4.96000000e-06   0.00000000e+00   0.00000000e+00   0.00000000e+00  -0.00000000e+00   0.00000000e+00   0.00000000e+00
  5.04000000e-06   0.00000000e+00   0.00000000e+00   0.00000000e+00  -0.00000000e+00   0.00000000e+00   0.00000000e+00
  5.12000000e-06   0.00000000e+00   0.00000000e+00   0.00000000e+00  -0.00000000e+00   0.00000000e+00   0.00000000e+00
  5.20000000e-06   0.00000000e+00   0.00000000e+00   0.00000000e+00  -0.00000000e+00   0.00000000e+00   0.00000000e+00
  5.28000000e-06   0.00000000e+00   0.00000000e+00   0.00000000e+00  -0.00000000e+00   0.00000000e+00   0.00000000e+00
  5.36000000e-06   0.00000000e+00   0.00000000e+00   0.00000000e+00  -0.00000000e+00   0.00000000e+00   0.00000000e+00
  5.44000000e-06   0.00000000e+00   0.00000000e+00   0.00000000e+00  -0.00000000e+00   0.00000000e+00   0.00000000e+00
  5.52000000e-06   0.00000000e+00   0.00000000e+00   0.00000000e+00  -0.00000000e+00   0.00000000e+00   0.00000000e+00
  5.60000000e-06   0.00000000e+00   0.00000000e+00   0.00000000e+00  -0.00000000e+00   0.00000000e+00   0.00000000e+00
  5.68000000e-06   0.00000000e+00   0.00000000e+00   0.00000000e+00  -0.00000000e+00   0.00000000e+00   0.00000000e+00
  5.76000000e-06   0.00000000e+00   0.00000000e+00   0.00000000e+00  -0.00000000e+00   0.00000000e+00   0.00000000e+00
  5.84000000e-06   0.00000000e+00   0.00000000e+00   0.00000000e+00  -0.00000000e+00   0.00000000e+00   0.00000000e+00
  5.92000000e-06   0.00000000e+00   0.00000000e+00   0.00000000e+00  -0.00000000e+00   0.00000000e+00   0.00000000e+00
  6.00000000e-06   0.00000000e+00   0.00000000e+00   0.00000000e+00  -0.00000000e+00   0.00000000e+00   0.00000000e+00
  6.08000000e-06   0.00000000e+00   0.00000000e+00   0.00000000e+00  -0.00000000e+00   0.00000000e+00   0.00000000e+00
  6.16000000e-06   0.00000000e+00   0.00000000e+00   0.00000000e+00  -0.00000000e+00   0.00000000e+00   0.00000000e+00
  6.24000000e-06   0.00000000e+00   0.00000000e+00   0.00000000e+00  -0.00000000e+00   0.00000000e+00   0.00000000e+00
  6.32000000e-06   0.00000000e+00   0.00000000e+00   0.00000000e+00  -0.00000000e+00   0.00000000e+00   0.00000000e+00
  6.40000000e-06   0.00000000e+00   0.00000000e+00   0.00000000e+00  -0.00000000e+00   0.00000000e+00   0.00000000e+00
  6.48000000e-06   0.00000000e+00   0.00000000e+00   0.00000000e+00  -0.00000000e+00   0.00000000e+00   0.00000000e+00
  6.56000000e-06   0.00000000e+00   0.00000000e+00   0.00000000e+00  -0.00000000e+00   0.00000000e+00   0.00000000e+00
  6.64000000e-06   0.00000000e+00   0.00000000e+00   0.00000000e+00  -0.00000000e+00   0.00000000e+00   0.00000000e+00
  6.72000000e-06   0.00000000e+00   0.00000000e+00   0.00000000e+00  -0.00000000e+00   0.00000000e+00   0.00000000e+00
  6.80000000e-06   0.00000000e+00   0.00000000e+00   0.00000000e+00  -0.00000000e+00   0.00000000e+00   0.00000000e+00
  6.88000000e-06   0.00000000e+00   0.00000000e+00   0.00000000e+00  -0.00000000e+00   0.00000000e+00   0.00000000e+00
  6.96000000e-06   0.00000000e+00   0.00000000e+00   0.00000000e+00  -0.00000000e+00   0.00000000e+00   0.00000000e+00
  7.04000000e-06   0.00000000e+00   0.00000000e+00   0.00000000e+00  -0.00000000e+00   0.00000000e+00   0.00000000e+00
  7.12000000e-06   0.00000000e+00   0.00000000e+00   0.00000000e+00  -0.00000000e+00   0.00000000e+00   0.00000000e+00
  7.20000000e-06   0.00000000e+00   0.00000000e+00   0.00000000e+00  -0.00000000e+00   0.00000000e+00   0.00000000e+00
  7.28000000e-06   0.00000000e+00   0.00000000e+00   0.00000000e+00  -0.00000000e+00   0.00000000e+00   0.00000000e+00
  7.36000000e-06   0.00000000e+00   0.00000000e+00   0.00000000e+00  -0.00000000e+00   0.00000000e+00   0.00000000e+00
  7.44000000e-06   0.00000000e+00   0.00000000e+00   0.00000000e+00  -0.00000000e+00   0.00000000e+00   0.00000000e+00
  7.52000000e-06   0.00000000e+00   0.00000000e+00   0.00000000e+00  -0.00000000e+00   0.00000000e+00   0.00000000e+00
  7.60000000e-06   0.00000000e+00   0.00000000e+00   0.00000000e+00  -0.00000000e+00   0.00000000e+00   0.00000000e+00
  7.68000000e-06   0.00000000e+00   0.00000000e+00   0.00000000e+00  -0.00000000e+00   0.00000000e+00   0.00000000e+00
  7.76000000e-06   0.00000000e+00   0.00000000e+00   0.00000000e+00  -0.00000000e+00   0.00000000e+00   0.00000000e+00
  7.84000000e-06   0.00000000e+00   0.00000000e+00   0.00000000e+00  -0.00000000e+00   0.00000000e+00   0.00000000e+00
  7.92000000e-06   0.00000000e+00   0.00000000e+00   0.00000000e+00  -0.00000000e+00   0.00000000e+00   0.00000000e+00
  8.00000000e-06   0.00000000e+00   0.00000000e+00   0.00000000e+00  -0.00000000e+00   0.00000000e+00   0.00000000e+00
  8.08000000e-06   0.00000000e+00   0.00000000e+00   0.00000000e+00  -0.00000000e+00   0.00000000e+00   0.00000000e+00
  8.16000000e-06   0.00000000e+00   0.00000000e+00   0.00000000e+00  -0.00000000e+00   0.00000000e+00   0.00000000e+00
  8.24000000e-06   0.00000000e+00   0.00000000e+00   0.00000000e+00  -0.00000000e+00   0.00000000e+00   0.00000000e+00
  8.32000000e-06   0.00000000e+00   0.00000000e+00   0.00000000e+00  -0.00000000e+00   0.00000000e+00   0.00000000e+00
  8.40000000e-06   0.00000000e+00   0.00000000e+00   0.00000000e+00  -0.00000000e+00   0.00000000e+00   0.00000000e+00
  8.48000000e-06   0.00000000e+00   0.00000000e+00   0.00000000e+00  -0.00000000e+00   0.00000000e+00   0.00000000e+00
  8.56000000e-06   0.00000000e+00   0.00000000e+00   0.00000000e+00  -0.00000000e+00   0.00000000e+00   0.00000000e+00
  8.64000000e-06   0.00000000e+00   0.00000000e+00   0.00000000e+00  -0.00000000e+00   0.00000000e+00   0.00000000e+00
  8.72000000e-06   0.00000000e+00   0.00000000e+00   0.00000000e+00  -0.00000000e+00   0.00000000e+00   0.00000000e+00
  8.80000000e-06   0.00000000e+00   0.00000000e+00   0.00000000e+00  -0.00000000e+00   0.00000000e+00   0.00000000e+00
  8.88000000e-06   0.00000000e+00   0.00000000e+00   0.00000000e+00  -0.00000000e+00   0.00000000e+00   0.00000000e+00
  8.96000000e-06   0.00000000e+00   0.00000000e+00   0.00000000e+00  -0.00000000e+00   0.00000000e+00   0.00000000e+00
  9.04000000e-06   0.00000000e+00   0.00000000e+00   0.00000000e+00  -0.00000000e+00   0.00000000e+00   0.00000000e+00
  9.12000000e-06   0.00000000e+00   0.00000000e+00   0.00000000e+00  -0.00000000e+00   0.00000000e+00   0.00000000e+00
  9.20000000e-06   0.00000000e+00   0.00000000e+00   0.00000000e+00  -0.00000000e+00   0.00000000e+00   0.00000000e+00
  9.28000000e-06   0.00000000e+00   0.00000000e+00   0.00000000e+00  -0.00000000e+00   0.00000000e+00   0.00000000e+00
  9.36000000e-06   0.00000000e+00   0.00000000e+00   0.00000000e+00  -0.00000000e+00   0.00000000e+00   0.00000000e+00
  9.44000000e-06   0.00000000e+00   0.00000000e+00   0.00000000e+00  -0.00000000e+00   0.00000000e+00   0.00000000e+00
  9.52000000e-06   0.00000000e+00   0.00000000e+00   0.00000000e+00  -0.00000000e+00   0.00000000e+00   0.00000000e+00
  9.60000000e-06   0.00000000e+00   0.00000000e+00   0.00000000e+00  -0.00000000e+00   0.00000000e+00   0.00000000e+00
  9.68000000e-06   0.00000000e+00   0.00000000e+00   0.00000000e+00  -0.00000000e+00   0.00000000e+00   0.00000000e+00
  9.76000000e-06   0.00000000e+00   0.00000000e+00   0.00000000e+00  -0.00000000e+00   0.00000000e+00   0.00000000e+00
  9.84000000e-06   0.00000000e+00   0.00000000e+00   0.00000000e+00  -0.00000000e+00   0.00000000e+00   0.00000000e+00
  9.92000000e-06   0.00000000e+00   0.00000000e+00   0.00000000e+00  -0.00000000e+00   0.00000000e+00   0.00000000e+00
  1.00000000e-05   0.00000000e+00   0.00000000e+00   0.00000000e+00  -0.00000000e+00   0.00000000e+00   0.00000000e+00
  1.00800000e-05   0.00000000e+00   0.00000000e+00   0.00000000e+00  -0.00000000e+00   0.00000000e+00   0.00000000e+00
  1.01600000e-05   0.00000000e+00   0.00000000e+00   0.00000000e+00  -0.00000000e+00   0.00000000e+00   0.00000000e+00
  1.02400000e-05   0.00000000e+00   0.00000000e+00   0.00000000e+00  -0.00000000e+00   0.00000000e+00   0.00000000e+00
  1.03200000e-05   0.00000000e+00   0.00000000e+00   0.00000000e+00  -0.00000000e+00   0.00000000e+00   0.00000000e+00
  1.04000000e-05   0.00000000e+00   0.00000000e+00   0.00000000e+00  -0.00000000e+00   0.00000000e+00   0.00000000e+00
  1.04800000e-05   0.00000000e+00   0.00000000e+00   0.00000000e+00  -0.00000000e+00   0.00000000e+00   0.00000000e+00
  1.05600000e-05   0.00000000e+00   0.00000000e+00   0.00000000e+00  -0.00000000e+00   0.00000000e+00   0.00000000e+00
  1.06400000e-05   0.00000000e+00   0.00000000e+00   0.00000000e+00  -0.00000000e+00   0.00000000e+00   0.00000000e+00
  1.07200000e-05   0.00000000e+00   0.00000000e+00   0.00000000e+00  -0.00000000e+00   0.00000000e+00   0.00000000e+00
  1.08000000e-05   0.00000000e+00   0.00000000e+00   0.00000000e+00  -0.00000000e+00   0.00000000e+00   0.00000000e+00
  1.08800000e-05   0.00000000e+00   0.00000000e+00   0.00000000e+00  -0.00000000e+00   0.00000000e+00   0.00000000e+00
  1.09600000e-05   0.00000000e+00   0.00000000e+00   0.00000000e+00  -0.00000000e+00   0.00000000e+00   0.00000000e+00
  1.10400000e-05   0.00000000e+00   0.00000000e+00   0.00000000e+00  -0.00000000e+00   0.00000000e+00   0.00000000e+00
  1.11200000e-05   0.00000000e+00   0.00000000e+00   0.00000000e+00  -0.00000000e+00   0.00000000e+00   0.00000000e+00
  1.12000000e-05   0.00000000e+00   0.00000000e+00   0.00000000e+00  -0.00000000e+00   0.00000000e+00   0.00000000e+00
  1.12800000e-05   0.00000000e+00   0.00000000e+00   0.00000000e+00  -0.00000000e+00   0.00000000e+00   0.00000000e+00
  1.13600000e-05   0.00000000e+00   0.00000000e+00   0.00000000e+00  -0.00000000e+00   0.00000000e+00   0.00000000e+00
  1.14400000e-05   0.00000000e+00   0.00000000e+00   0.00000000e+00  -0.00000000e+00   0.00000000e+00   0.00000000e+00
  1.15200000e-05   0.00000000e+00   0.00000000e+00   0.00000000e+00  -0.00000000e+00   0.00000000e+00   0.00000000e+00
  1.16000000e-05   0.00000000e+00   0.00000000e+00   0.00000000e+00  -0.00000000e+00   0.00000000e+00   0.00000000e+00
  1.16800000e-05   0.00000000e+00   0.00000000e+00   0.00000000e+00  -0.00000000e+00   0.00000000e+00   0.00000000e+00
  1.17600000e-05   0.00000000e+00   0.00000000e+00   0.00000000e+00  -0.00000000e+00   0.00000000e+00   0.00000000e+00
  1.18400000e-05   0.00000000e+00   0.00000000e+00   0.00000000e+00  -0.00000000e+00   0.00000000e+00   0.00000000e+00
  1.19200000e-05   0.00000000e+00   0.00000000e+00   0.00000000e+00  -0.00000000e+00   0.00000000e+00   0.00000000e+00
  1.20000000e-05   0.00000000e+00   0.00000000e+00   0.00000000e+00  -0.00000000e+00   0.00000000e+00   0.00000000e+00
  1.20800000e-05   0.00000000e+00   0.00000000e+00   0.00000000e+00  -0.00000000e+00   0.00000000e+00   0.00000000e+00
  1.21600000e-05   0.00000000e+00   0.00000000e+00   0.00000000e+00  -0.00000000e+00   0.00000000e+00   0.00000000e+00
  1.22400000e-05   0.00000000e+00   0.00000000e+00   0.00000000e+00  -0.00000000e+00   0.00000000e+00   0.00000000e+00
  1.23200000e-05   0.00000000e+00   0.00000000e+00   0.00000000e+00  -0.00000000e+00   0.00000000e+00   0.00000000e+00
  1.24000000e-05   0.00000000e+00   0.00000000e+00   0.00000000e+00  -0.00000000e+00   0.00000000e+00   0.00000000e+00
  1.24800000e-05   0.00000000e+00   0.00000000e+00   0.00000000e+00  -0.00000000e+00   0.00000000e+00   0.00000000e+00
  1.25600000e-05   0.00000000e+00   0.00000000e+00   0.00000000e+00  -0.00000000e+00   0.00000000e+00   0.00000000e+00
  1.26400000e-05   0.00000000e+00   0.00000000e+00   0.00000000e+00  -0.00000000e+00   0.00000000e+00   0.00000000e+00
  1.27200000e-05   0.00000000e+00   0.00000000e+00   0.00000000e+00  -0.00000000e+00   0.00000000e+00   0.00000000e+00
  1.28000000e-05   0.00000000e+00   0.00000000e+00   0.00000000e+00  -0.00000000e+00   0.00000000e+00   0.00000000e+00
  1.28800000e-05   0.00000000e+00   0.00000000e+00   0.00000000e+00  -0.00000000e+00   0.00000000e+00   0.00000000e+00
  1.29600000e-05   0.00000000e+00   0.00000000e+00   0.00000000e+00  -0.00000000e+00   0.00000000e+00   0.00000000e+00
  1.30400000e-05   0.00000000e+00   0.00000000e+00   0.00000000e+00  -0.00000000e+00   0.00000000e+00   0.00000000e+00
  1.31200000e-05   0.00000000e+00   0.00000000e+00   0.00000000e+00  -0.00000000e+00   0.00000000e+00   0.00000000e+00
  1.32000000e-05   0.00000000e+00   0.00000000e+00   0.00000000e+00  -0.00000000e+00   0.00000000e+00   0.00000000e+00
  1.32800000e-05   0.00000000e+00   0.00000000e+00   0.00000000e+00  -0.00000000e+00   0.00000000e+00   0.00000000e+00
  1.33600000e-05   0.00000000e+00   0.00000000e+00   0.00000000e+00  -0.00000000e+00   0.00000000e+00   0.00000000e+00
  1.34400000e-05   0.00000000e+00   0.00000000e+00   0.00000000e+00  -0.00000000e+00   0.00000000e+00   0.00000000e+00
  1.35200000e-05   0.00000000e+00   0.00000000e+00   0.00000000e+00  -0.00000000e+00   0.00000000e+00   0.00000000e+00
  1.36000000e-05   0.00000000e+00   0.00000000e+00   0.00000000e+00  -0.00000000e+00   0.00000000e+00   0.00000000e+00
  1.36800000e-05   0.00000000e+00   0.00000000e+00   0.00000000e+00  -0.00000000e+00   0.00000000e+00   0.00000000e+00
  1.37600000e-05   0.00000000e+00   0.00000000e+00   0.00000000e+00  -0.00000000e+00   0.00000000e+00   0.00000000e+00
  1.38400000e-05   0.00000000e+00   0.00000000e+00   0.00000000e+00  -0.00000000e+00   0.00000000e+00   0.00000000e+00
  1.39200000e-05   0.00000000e+00   0.00000000e+00   0.00000000e+00  -0.00000000e+00   0.00000000e+00   0.00000000e+00
  1.40000000e-05   0.00000000e+00   0.00000000e+00   0.00000000e+00  -0.00000000e+00   0.00000000e+00   0.00000000e+00
  1.40800000e-05   0.00000000e+00   0.00000000e+00   0.00000000e+00  -0.00000000e+00   0.00000000e+00   0.00000000e+00
  1.41600000e-05   0.00000000e+00   0.00000000e+00   0.00000000e+00  -0.00000000e+00   0.00000000e+00   0.00000000e+00
  1.42400000e-05   0.00000000e+00   0.00000000e+00   0.00000000e+00  -0.00000000e+00   0.00000000e+00   0.00000000e+00
  1.43200000e-05   0.00000000e+00   0.00000000e+00   0.00000000e+00  -0.00000000e+00   0.00000000e+00   0.00000000e+00
  1.44000000e-05   0.00000000e+00   0.00000000e+00   0.00000000e+00  -0.00000000e+00   0.00000000e+00   0.00000000e+00
  1.44800000e-05   0.00000000e+00   0.00000000e+00   0.00000000e+00  -0.00000000e+00   0.00000000e+00   0.00000000e+00
  1.45600000e-05   0.00000000e+00   0.00000000e+00   0.00000000e+00  -0.00000000e+00   0.00000000e+00   0.00000000e+00
  1.46400000e-05   0.00000000e+00   0.00000000e+00   0.00000000e+00  -0.00000000e+00   0.00000000e+00   0.00000000e+00
  1.47200000e-05   0.00000000e+00   0.00000000e+00   0.00000000e+00  -0.00000000e+00   0.00000000e+00   0.00000000e+00
  1.48000000e-05   0.00000000e+00   0.00000000e+00   0.00000000e+00  -0.00000000e+00   0.00000000e+00   0.00000000e+00
  1.48800000e-05   0.00000000e+00   0.00000000e+00   0.00000000e+00  -0.00000000e+00   0.00000000e+00   0.00000000e+00
  1.49600000e-05   0.00000000e+00   0.00000000e+00   0.00000000e+00  -0.00000000e+00   0.00000000e+00   0.00000000e+00
  1.50400000e-05   0.00000000e+00   0.00000000e+00   0.00000000e+00  -0.00000000e+00   0.00000000e+00   0.00000000e+00
  1.51200000e-05   0.00000000e+00   0.00000000e+00   0.00000000e+00  -0.00000000e+00   0.00000000e+00   0.00000000e+00
  1.52000000e-05   0.00000000e+00   0.00000000e+00   0.00000000e+00  -0.00000000e+00   0.00000000e+00   0.00000000e+00
  1.52800000e-05   0.00000000e+00   0.00000000e+00   0.00000000e+00  -0.00000000e+00   0.00000000e+00   0.00000000e+00
  1.53600000e-05   0.00000000e+00   0.00000000e+00   0.00000000e+00  -0.00000000e+00   0.00000000e+00   0.00000000e+00
  1.54400000e-05   0.00000000e+00   0.00000000e+00   0.00000000e+00  -0.00000000e+00   0.00000000e+00   0.00000000e+00
  1.55200000e-05   0.00000000e+00   0.00000000e+00   0.00000000e+00  -0.00000000e+00   0.00000000e+00   0.00000000e+00
  1.56000000e-05   0.00000000e+00   0.00000000e+00   0.00000000e+00  -0.00000000e+00   0.00000000e+00   0.00000000e+00
  1.56800000e-05   0.00000000e+00   0.00000000e+00   0.00000000e+00  -0.00000000e+00   0.00000000e+00   0.00000000e+00
  1.57600000e-05   0.00000000e+00   0.00000000e+00   0.00000000e+00  -0.00000000e+00   0.00000000e+00   0.00000000e+00
  1.58400000e-05   0.00000000e+00   0.00000000e+00   0.00000000e+00  -0.00000000e+00   0.00000000e+00   0.00000000e+00
  1.59200000e-05   0.00000000e+00   0.00000000e+00   0.00000000e+00  -0.00000000e+00   0.00000000e+00   0.00000000e+00
  1.60000000e-05   0.00000000e+00   0.00000000e+00   0.00000000e+00  -0.00000000e+00   0.00000000e+00   0.00000000e+00
  1.60800000e-05   0.00000000e+00   0.00000000e+00   0.00000000e+00  -0.00000000e+00   0.00000000e+00   0.00000000e+00
  1.61600000e-05   0.00000000e+00   0.00000000e+00   0.00000000e+00  -0.00000000e+00   0.00000000e+00   0.00000000e+00
  1.62400000e-05   0.00000000e+00   0.00000000e+00   0.00000000e+00  -0.00000000e+00   0.00000000e+00   0.00000000e+00
  1.63200000e-05   0.00000000e+00   0.00000000e+00   0.00000000e+00  -0.00000000e+00   0.00000000e+00   0.00000000e+00
  1.64000000e-05   0.00000000e+00   0.00000000e+00   0.00000000e+00  -0.00000000e+00   0.00000000e+00   0.00000000e+00
  1.64800000e-05   0.00000000e+00   0.00000000e+00   0.00000000e+00  -0.00000000e+00   0.00000000e+00   0.00000000e+00
  1.65600000e-05   0.00000000e+00   0.00000000e+00   0.00000000e+00  -0.00000000e+00   0.00000000e+00   0.00000000e+00
  1.66400000e-05   0.00000000e+00   0.00000000e+00   0.00000000e+00  -0.00000000e+00   0.00000000e+00   0.00000000e+00
  1.67200000e-05   0.00000000e+00   0.00000000e+00   0.00000000e+00  -0.00000000e+00   0.00000000e+00   0.00000000e+00
  1.68000000e-05   0.00000000e+00   0.00000000e+00   0.00000000e+00  -0.00000000e+00   0.00000000e+00   0.00000000e+00
  1.68800000e-05   0.00000000e+00   0.00000000e+00   0.00000000e+00  -0.00000000e+00   0.00000000e+00   0.00000000e+00
  1.69600000e-05   0.00000000e+00   0.00000000e+00   0.00000000e+00  -0.00000000e+00   0.00000000e+00   0.00000000e+00
  1.70400000e-05   0.00000000e+00   0.00000000e+00   0.00000000e+00  -0.00000000e+00   0.00000000e+00   0.00000000e+00
  1.71200000e-05   0.00000000e+00   0.00000000e+00   0.00000000e+00  -0.00000000e+00   0.00000000e+00   0.00000000e+00
  1.72000000e-05   0.00000000e+00   0.00000000e+00   0.00000000e+00  -0.00000000e+00   0.00000000e+00   0.00000000e+00
  1.72800000e-05   0.00000000e+00   0.00000000e+00   0.00000000e+00  -0.00000000e+00   0.00000000e+00   0.00000000e+00
  1.73600000e-05   0.00000000e+00   0.00000000e+00   0.00000000e+00  -0.00000000e+00   0.00000000e+00   0.00000000e+00
  1.74400000e-05   0.00000000e+00   0.00000000e+00   0.00000000e+00  -0.00000000e+00   0.00000000e+00   0.00000000e+00
  1.75200000e-05   0.00000000e+00   0.00000000e+00   0.00000000e+00  -0.00000000e+00   0.00000000e+00   0.00000000e+00
  1.76000000e-05   0.00000000e+00   0.00000000e+00   0.00000000e+00  -0.00000000e+00   0.00000000e+00   0.00000000e+00
  1.76800000e-05   0.00000000e+00   0.00000000e+00   0.00000000e+00  -0.00000000e+00   0.00000000e+00   0.00000000e+00
  1.77600000e-05   0.00000000e+00   0.00000000e+00   0.00000000e+00  -0.00000000e+00   0.00000000e+00   0.00000000e+00
  1.78400000e-05   0.00000000e+00   0.00000000e+00   0.00000000e+00  -0.00000000e+00   0.00000000e+00   0.00000000e+00
  1.79200000e-05   0.00000000e+00   0.00000000e+00   0.00000000e+00  -0.00000000e+00   0.00000000e+00   0.00000000e+00
  1.80000000e-05   0.00000000e+00   0.00000000e+00   0.00000000e+00  -0.00000000e+00   0.00000000e+00   0.00000000e+00
  1.80800000e-05   0.00000000e+00   0.00000000e+00   0.00000000e+00  -0.00000000e+00   0.00000000e+00   0.00000000e+00
  1.81600000e-05   0.00000000e+00   0.00000000e+00   0.00000000e+00  -0.00000000e+00   0.00000000e+00   0.00000000e+00
  1.82400000e-05   0.00000000e+00   0.00000000e+00   0.00000000e+00  -0.00000000e+00   0.00000000e+00   0.00000000e+00
  1.83200000e-05   0.00000000e+00   0.00000000e+00   0.00000000e+00  -0.00000000e+00   0.00000000e+00   0.00000000e+00
  1.84000000e-05   0.00000000e+00   0.00000000e+00   0.00000000e+00  -0.00000000e+00   0.00000000e+00   0.00000000e+00
  1.84800000e-05   0.00000000e+00   0.00000000e+00   0.00000000e+00  -0.00000000e+00   0.00000000e+00   0.00000000e+00
  1.85600000e-05   0.00000000e+00   0.00000000e+00   0.00000000e+00  -0.00000000e+00   0.00000000e+00   0.00000000e+00
  1.86400000e-05   0.00000000e+00   0.00000000e+00   0.00000000e+00  -0.00000000e+00   0.00000000e+00   0.00000000e+00
  1.87200000e-05   0.00000000e+00   0.00000000e+00   0.00000000e+00  -0.00000000e+00   0.00000000e+00   0.00000000e+00
  1.88000000e-05   0.00000000e+00   0.00000000e+00   0.00000000e+00  -0.00000000e+00   0.00000000e+00   0.00000000e+00
  1.88800000e-05   0.00000000e+00   0.00000000e+00   0.00000000e+00  -0.00000000e+00   0.00000000e+00   0.00000000e+00
  1.89600000e-05   0.00000000e+00   0.00000000e+00   0.00000000e+00  -0.00000000e+00   0.00000000e+00   0.00000000e+00
  1.90400000e-05   0.00000000e+00   0.00000000e+00   0.00000000e+00  -0.00000000e+00   0.00000000e+00   0.00000000e+00
  1.91200000e-05   0.00000000e+00   0.00000000e+00   0.00000000e+00  -0.00000000e+00   0.00000000e+00   0.00000000e+00
  1.92000000e-05   0.00000000e+00   0.00000000e+00   0.00000000e+00  -0.00000000e+00   0.00000000e+00   0.00000000e+00
  1.92800000e-05   0.00000000e+00   0.00000000e+00   0.00000000e+00  -0.00000000e+00   0.00000000e+00   0.00000000e+00
  1.93600000e-05   0.00000000e+00   0.00000000e+00   0.00000000e+00  -0.00000000e+00   0.00000000e+00   0.00000000e+00
  1.94400000e-05   0.00000000e+00   0.00000000e+00   0.00000000e+00  -0.00000000e+00   0.00000000e+00   0.00000000e+00
  1.95200000e-05   0.00000000e+00   0.00000000e+00   0.00000000e+00  -0.00000000e+00   0.00000000e+00   0.00000000e+00
  1.96000000e-05   0.00000000e+00   0.00000000e+00   0.00000000e+00  -0.00000000e+00   0.00000000e+00   0.00000000e+00
  1.96800000e-05   0.00000000e+00   0.00000000e+00   0.00000000e+00  -0.00000000e+00   0.00000000e+00   0.00000000e+00
  1.97600000e-05   0.00000000e+00   0.00000000e+00   0.00000000e+00  -0.00000000e+00   0.00000000e+00   0.00000000e+00
  1.98400000e-05   0.00000000e+00   0.00000000e+00   0.00000000e+00  -0.00000000e+00   0.00000000e+00   0.00000000e+00
  1.99200000e-05   0.00000000e+00   0.00000000e+00   0.00000000e+00  -0.00000000e+00   0.00000000e+00   0.00000000e+00
  2.00000000e-05   0.00000000e+00   0.00000000e+00   0.00000000e+00  -0.00000000e+00   0.00000000e+00   0.00000000e+00
  2.00800000e-05   0.00000000e+00   0.00000000e+00   0.00000000e+00  -0.00000000e+00   0.00000000e+00   0.00000000e+00
  2.01600000e-05   0.00000000e+00   0.00000000e+00   0.00000000e+00  -0.00000000e+00   0.00000000e+00   0.00000000e+00
  2.02400000e-05   0.00000000e+00   0.00000000e+00   0.00000000e+00  -0.00000000e+00   0.00000000e+00   0.00000000e+00
  2.03200000e-05   0.00000000e+00   0.00000000e+00   0.00000000e+00  -0.00000000e+00   0.00000000e+00   0.00000000e+00
  2.04000000e-05   0.00000000e+00   0.00000000e+00   0.00000000e+00  -0.00000000e+00   0.00000000e+00   0.00000000e+00
  2.04800000e-05   0.00000000e+00   0.00000000e+00   0.00000000e+00  -0.00000000e+00   0.00000000e+00   0.00000000e+00
  2.05600000e-05   0.00000000e+00   0.00000000e+00   0.00000000e+00  -0.00000000e+00   0.00000000e+00   0.00000000e+00
  2.06400000e-05   0.00000000e+00   0.00000000e+00   0.00000000e+00  -0.00000000e+00   0.00000000e+00   0.00000000e+00
  2.07200000e-05   0.00000000e+00   0.00000000e+00   0.00000000e+00  -0.00000000e+00   0.00000000e+00   0.00000000e+00
  2.08000000e-05   0.00000000e+00   0.00000000e+00   0.00000000e+00  -0.00000000e+00   0.00000000e+00   0.00000000e+00
  2.08800000e-05   0.00000000e+00   0.00000000e+00   0.00000000e+00  -0.00000000e+00   0.00000000e+00   0.00000000e+00
  2.09600000e-05   0.00000000e+00   0.00000000e+00   0.00000000e+00  -0.00000000e+00   0.00000000e+00   0.00000000e+00
  2.10400000e-05   0.00000000e+00   0.00000000e+00   0.00000000e+00  -0.00000000e+00   0.00000000e+00   0.00000000e+00
  2.11200000e-05   0.00000000e+00   0.00000000e+00   0.00000000e+00  -0.00000000e+00   0.00000000e+00   0.00000000e+00
  2.12000000e-05   0.00000000e+00   0.00000000e+00   0.00000000e+00  -0.00000000e+00   0.00000000e+00   0.00000000e+00
  2.12800000e-05   0.00000000e+00   0.00000000e+00   0.00000000e+00  -0.00000000e+00   0.00000000e+00   0.00000000e+00
  2.13600000e-05   0.00000000e+00   0.00000000e+00   0.00000000e+00  -0.00000000e+00   0.00000000e+00   0.00000000e+00
  2.14400000e-05   0.00000000e+00   0.00000000e+00   0.00000000e+00  -0.00000000e+00   0.00000000e+00   0.00000000e+00
  2.15200000e-05   0.00000000e+00   0.00000000e+00   0.00000000e+00  -0.00000000e+00   0.00000000e+00   0.00000000e+00
  2.16000000e-05   0.00000000e+00   0.00000000e+00   0.00000000e+00  -0.00000000e+00   0.00000000e+00   0.00000000e+00
  2.16800000e-05   0.00000000e+00   0.00000000e+00   0.00000000e+00  -0.00000000e+00   0.00000000e+00   0.00000000e+00
  2.17600000e-05   0.00000000e+00   0.00000000e+00   0.00000000e+00  -0.00000000e+00   0.00000000e+00   0.00000000e+00
  2.18400000e-05   0.00000000e+00   0.00000000e+00   0.00000000e+00  -0.00000000e+00   0.00000000e+00   0.00000000e+00
  2.19200000e-05   0.00000000e+00   0.00000000e+00   0.00000000e+00  -0.00000000e+00   0.00000000e+00   0.00000000e+00
  2.20000000e-05   0.00000000e+00   0.00000000e+00   0.00000000e+00  -0.00000000e+00   0.00000000e+00   0.00000000e+00
  2.20800000e-05   0.00000000e+00   0.00000000e+00   0.00000000e+00  -0.00000000e+00   0.00000000e+00   0.00000000e+00
  2.21600000e-05   0.00000000e+00   0.00000000e+00   0.00000000e+00  -0.00000000e+00   0.00000000e+00   0.00000000e+00
  2.22400000e-05   0.00000000e+00   0.00000000e+00   0.00000000e+00  -0.00000000e+00   0.00000000e+00   0.00000000e+00
  2.23200000e-05   0.00000000e+00   0.00000000e+00   0.00000000e+00  -0.00000000e+00   0.00000000e+00   0.00000000e+00
  2.24000000e-05   0.00000000e+00   0.00000000e+00   0.00000000e+00  -0.00000000e+00   0.00000000e+00   0.00000000e+00
  2.24800000e-05   0.00000000e+00   0.00000000e+00   0.00000000e+00  -0.00000000e+00   0.00000000e+00   0.00000000e+00
  2.25600000e-05   0.00000000e+00   0.00000000e+00   0.00000000e+00  -0.00000000e+00   0.00000000e+00   0.00000000e+00
  2.26400000e-05   0.00000000e+00   0.00000000e+00   0.00000000e+00  -0.00000000e+00   0.00000000e+00   0.00000000e+00
  2.27200000e-05   0.00000000e+00   0.00000000e+00   0.00000000e+00  -0.00000000e+00   0.00000000e+00   0.00000000e+00
  2.28000000e-05   0.00000000e+00   0.00000000e+00   0.00000000e+00  -0.00000000e+00   0.00000000e+00   0.00000000e+00
  2.28800000e-05   0.00000000e+00   0.00000000e+00   0.00000000e+00  -0.00000000e+00   0.00000000e+00   0.00000000e+00
  2.29600000e-05   0.00000000e+00   0.00000000e+00   0.00000000e+00  -0.00000000e+00   0.00000000e+00   0.00000000e+00
  2.30400000e-05   0.00000000e+00   0.00000000e+00   0.00000000e+00  -0.00000000e+00   0.00000000e+00   0.00000000e+00
  2.31200000e-05   0.00000000e+00   0.00000000e+00   0.00000000e+00  -0.00000000e+00   0.00000000e+00   0.00000000e+00
  2.32000000e-05   0.00000000e+00   0.00000000e+00   0.00000000e+00  -0.00000000e+00   0.00000000e+00   0.00000000e+00
  2.32800000e-05   0.00000000e+00   0.00000000e+00   0.00000000e+00  -0.00000000e+00   0.00000000e+00   0.00000000e+00
  2.33600000e-05   0.00000000e+00   0.00000000e+00   0.00000000e+00  -0.00000000e+00   0.00000000e+00   0.00000000e+00
  2.34400000e-05   0.00000000e+00   0.00000000e+00   0.00000000e+00  -0.00000000e+00   0.00000000e+00   0.00000000e+00
  2.35200000e-05   0.00000000e+00   0.00000000e+00   0.00000000e+00  -0.00000000e+00   0.00000000e+00   0.00000000e+00
  2.36000000e-05   0.00000000e+00   0.00000000e+00   0.00000000e+00  -0.00000000e+00   0.00000000e+00   0.00000000e+00
  2.36800000e-05   0.00000000e+00   0.00000000e+00   0.00000000e+00  -0.00000000e+00   0.00000000e+00   0.00000000e+00
  2.37600000e-05   0.00000000e+00   0.00000000e+00   0.00000000e+00  -0.00000000e+00   0.00000000e+00   0.00000000e+00
  2.38400000e-05   0.00000000e+00   0.00000000e+00   0.00000000e+00  -0.00000000e+00   0.00000000e+00   0.00000000e+00
  2.39200000e-05   0.00000000e+00   0.00000000e+00   0.00000000e+00  -0.00000000e+00   0.00000000e+00   0.00000000e+00
  2.40000000e-05   0.00000000e+00   0.00000000e+00   0.00000000e+00  -0.00000000e+00   0.00000000e+00   0.00000000e+00
  2.40800000e-05   0.00000000e+00   0.00000000e+00   0.00000000e+00  -0.00000000e+00   0.00000000e+00   0.00000000e+00
  2.41600000e-05   0.00000000e+00   0.00000000e+00   0.00000000e+00  -0.00000000e+00   0.00000000e+00   0.00000000e+00
  2.42400000e-05   0.00000000e+00   0.00000000e+00   0.00000000e+00  -0.00000000e+00   0.00000000e+00   0.00000000e+00
  2.43200000e-05   0.00000000e+00   0.00000000e+00   0.00000000e+00  -0.00000000e+00   0.00000000e+00   0.00000000e+00
  2.44000000e-05   0.00000000e+00   0.00000000e+00   0.00000000e+00  -0.00000000e+00   0.00000000e+00   0.00000000e+00
  2.44800000e-05   0.00000000e+00   0.00000000e+00   0.00000000e+00  -0.00000000e+00   0.00000000e+00   0.00000000e+00
  2.45600000e-05   0.00000000e+00   0.00000000e+00   0.00000000e+00  -0.00000000e+00   0.00000000e+00   0.00000000e+00
  2.46400000e-05   0.00000000e+00   0.00000000e+00   0.00000000e+00  -0.00000000e+00   0.00000000e+00   0.00000000e+00
  2.47200000e-05   0.00000000e+00   0.00000000e+00   0.00000000e+00  -0.00000000e+00   0.00000000e+00   0.00000000e+00
  2.48000000e-05   0.00000000e+00   0.00000000e+00   0.00000000e+00  -0.00000000e+00   0.00000000e+00   0.00000000e+00
  2.48800000e-05   0.00000000e+00   0.00000000e+00   0.00000000e+00  -0.00000000e+00   0.00000000e+00   0.00000000e+00
  2.49600000e-05   0.00000000e+00   0.00000000e+00   0.00000000e+00  -0.00000000e+00   0.00000000e+00   0.00000000e+00
  2.50400000e-05   0.00000000e+00   0.00000000e+00   0.00000000e+00  -0.00000000e+00   0.00000000e+00   0.00000000e+00
  2.51200000e-05   0.00000000e+00   0.00000000e+00   0.00000000e+00  -0.00000000e+00   0.00000000e+00   0.00000000e+00
  2.52000000e-05   0.00000000e+00   0.00000000e+00   0.00000000e+00  -0.00000000e+00   0.00000000e+00   0.00000000e+00
  2.52800000e-05   0.00000000e+00   0.00000000e+00   0.00000000e+00  -0.00000000e+00   0.00000000e+00   0.00000000e+00
  2.53600000e-05   0.00000000e+00   0.00000000e+00   0.00000000e+00  -0.00000000e+00   0.00000000e+00   0.00000000e+00
  2.54400000e-05   0.00000000e+00   0.00000000e+00   0.00000000e+00  -0.00000000e+00   0.00000000e+00   0.00000000e+00
  2.55200000e-05   0.00000000e+00   0.00000000e+00   0.00000000e+00  -0.00000000e+00   0.00000000e+00   0.00000000e+00
  2.56000000e-05   0.00000000e+00   0.00000000e+00   0.00000000e+00  -0.00000000e+00   0.00000000e+00   0.00000000e+00
  2.56800000e-05   0.00000000e+00   0.00000000e+00   0.00000000e+00  -0.00000000e+00   0.00000000e+00   0.00000000e+00
  2.57600000e-05   0.00000000e+00   0.00000000e+00   0.00000000e+00  -0.00000000e+00   0.00000000e+00   0.00000000e+00
  2.58400000e-05   0.00000000e+00   0.00000000e+00   0.00000000e+00  -0.00000000e+00   0.00000000e+00   0.00000000e+00
  2.59200000e-05   0.00000000e+00   0.00000000e+00   0.00000000e+00  -0.00000000e+00   0.00000000e+00   0.00000000e+00
  2.60000000e-05   0.00000000e+00   0.00000000e+00   0.00000000e+00  -0.00000000e+00   0.00000000e+00   0.00000000e+00
  2.60800000e-05   0.00000000e+00   0.00000000e+00   0.00000000e+00  -0.00000000e+00   0.00000000e+00   0.00000000e+00
  2.61600000e-05   0.00000000e+00   0.00000000e+00   0.00000000e+00  -0.00000000e+00   0.00000000e+00   0.00000000e+00
  2.62400000e-05   0.00000000e+00   0.00000000e+00   0.00000000e+00  -0.00000000e+00   0.00000000e+00   0.00000000e+00
  2.63200000e-05   0.00000000e+00   0.00000000e+00   0.00000000e+00  -0.00000000e+00   0.00000000e+00   0.00000000e+00
  2.64000000e-05   0.00000000e+00   0.00000000e+00   0.00000000e+00  -0.00000000e+00   0.00000000e+00   0.00000000e+00
  2.64800000e-05   0.00000000e+00   0.00000000e+00   0.00000000e+00  -0.00000000e+00   0.00000000e+00   0.00000000e+00
  2.65600000e-05   0.00000000e+00   0.00000000e+00   0.00000000e+00  -0.00000000e+00   0.00000000e+00   0.00000000e+00
  2.66400000e-05   0.00000000e+00   0.00000000e+00   0.00000000e+00  -0.00000000e+00   0.00000000e+00   0.00000000e+00
  2.67200000e-05   0.00000000e+00   0.00000000e+00   0.00000000e+00  -0.00000000e+00   0.00000000e+00   0.00000000e+00
  2.68000000e-05   0.00000000e+00   0.00000000e+00   0.00000000e+00  -0.00000000e+00   0.00000000e+00   0.00000000e+00
  2.68800000e-05   0.00000000e+00   0.00000000e+00   0.00000000e+00  -0.00000000e+00   0.00000000e+00   0.00000000e+00
  2.69600000e-05   0.00000000e+00   0.00000000e+00   0.00000000e+00  -0.00000000e+00   0.00000000e+00   0.00000000e+00
  2.70400000e-05   0.00000000e+00   0.00000000e+00   0.00000000e+00  -0.00000000e+00   0.00000000e+00   0.00000000e+00
  2.71200000e-05   0.00000000e+00   0.00000000e+00   0.00000000e+00  -0.00000000e+00   0.00000000e+00   0.00000000e+00
  2.72000000e-05   0.00000000e+00   0.00000000e+00   0.00000000e+00  -0.00000000e+00   0.00000000e+00   0.00000000e+00
  2.72800000e-05   0.00000000e+00   0.00000000e+00   0.00000000e+00  -0.00000000e+00   0.00000000e+00   0.00000000e+00
  2.73600000e-05   0.00000000e+00   0.00000000e+00   0.00000000e+00  -0.00000000e+00   0.00000000e+00   0.00000000e+00
  2.74400000e-05   0.00000000e+00   0.00000000e+00   0.00000000e+00  -0.00000000e+00   0.00000000e+00   0.00000000e+00
  2.75200000e-05   0.00000000e+00   0.00000000e+00   0.00000000e+00  -0.00000000e+00   0.00000000e+00   0.00000000e+00
  2.76000000e-05   0.00000000e+00   0.00000000e+00   0.00000000e+00  -0.00000000e+00   0.00000000e+00   0.00000000e+00
  2.76800000e-05   0.00000000e+00   0.00000000e+00   0.00000000e+00  -0.00000000e+00   0.00000000e+00   0.00000000e+00
  2.77600000e-05   0.00000000e+00   0.00000000e+00   0.00000000e+00  -0.00000000e+00   0.00000000e+00   0.00000000e+00
  2.78400000e-05   0.00000000e+00   0.00000000e+00   0.00000000e+00  -0.00000000e+00   0.00000000e+00   0.00000000e+00
  2.79200000e-05   0.00000000e+00   0.00000000e+00   0.00000000e+00  -0.00000000e+00   0.00000000e+00   0.00000000e+00
  2.80000000e-05   0.00000000e+00   0.00000000e+00   0.00000000e+00  -0.00000000e+00   0.00000000e+00   0.00000000e+00
  2.80800000e-05   0.00000000e+00   0.00000000e+00   0.00000000e+00  -0.00000000e+00   0.00000000e+00   0.00000000e+00
  2.81600000e-05   0.00000000e+00   0.00000000e+00   0.00000000e+00  -0.00000000e+00   0.00000000e+00   0.00000000e+00
  2.82400000e-05   0.00000000e+00   0.00000000e+00   0.00000000e+00  -0.00000000e+00   0.00000000e+00   0.00000000e+00
  2.83200000e-05   0.00000000e+00   0.00000000e+00   0.00000000e+00  -0.00000000e+00   0.00000000e+00   0.00000000e+00
  2.84000000e-05   0.00000000e+00   0.00000000e+00   0.00000000e+00  -0.00000000e+00   0.00000000e+00   0.00000000e+00
  2.84800000e-05   0.00000000e+00   0.00000000e+00   0.00000000e+00  -0.00000000e+00   0.00000000e+00   0.00000000e+00
  2.85600000e-05   0.00000000e+00   0.00000000e+00   0.00000000e+00  -0.00000000e+00   0.00000000e+00   0.00000000e+00
  2.86400000e-05   0.00000000e+00   0.00000000e+00   0.00000000e+00  -0.00000000e+00   0.00000000e+00   0.00000000e+00
  2.87200000e-05   0.00000000e+00   0.00000000e+00   0.00000000e+00  -0.00000000e+00   0.00000000e+00   0.00000000e+00
  2.88000000e-05   0.00000000e+00   0.00000000e+00   0.00000000e+00  -0.00000000e+00   0.00000000e+00   0.00000000e+00
  2.88800000e-05   0.00000000e+00   0.00000000e+00   0.00000000e+00  -0.00000000e+00   0.00000000e+00   0.00000000e+00
  2.89600000e-05   0.00000000e+00   0.00000000e+00   0.00000000e+00  -0.00000000e+00   0.00000000e+00   0.00000000e+00
  2.90400000e-05   0.00000000e+00   0.00000000e+00   0.00000000e+00  -0.00000000e+00   0.00000000e+00   0.00000000e+00
  2.91200000e-05   0.00000000e+00   0.00000000e+00   0.00000000e+00  -0.00000000e+00   0.00000000e+00   0.00000000e+00
  2.92000000e-05   0.00000000e+00   0.00000000e+00   0.00000000e+00  -0.00000000e+00   0.00000000e+00   0.00000000e+00
  2.92800000e-05   0.00000000e+00   0.00000000e+00   0.00000000e+00  -0.00000000e+00   0.00000000e+00   0.00000000e+00
  2.93600000e-05   0.00000000e+00   0.00000000e+00   0.00000000e+00  -0.00000000e+00   0.00000000e+00   0.00000000e+00
  2.94400000e-05   0.00000000e+00   0.00000000e+00   0.00000000e+00  -0.00000000e+00   0.00000000e+00   0.00000000e+00
  2.95200000e-05   0.00000000e+00   0.00000000e+00   0.00000000e+00  -0.00000000e+00   0.00000000e+00   0.00000000e+00
  2.96000000e-05   0.00000000e+00   0.00000000e+00   0.00000000e+00  -0.00000000e+00   0.00000000e+00   0.00000000e+00
  2.96800000e-05   0.00000000e+00   0.00000000e+00   0.00000000e+00  -0.00000000e+00   0.00000000e+00   0.00000000e+00
  2.97600000e-05   0.00000000e+00   0.00000000e+00   0.00000000e+00  -0.00000000e+00   0.00000000e+00   0.00000000e+00
  2.98400000e-05   0.00000000e+00   0.00000000e+00   0.00000000e+00  -0.00000000e+00   0.00000000e+00   0.00000000e+00
  2.99200000e-05   0.00000000e+00   0.00000000e+00   0.00000000e+00  -0.00000000e+00   0.00000000e+00   0.00000000e+00
  3.00000000e-05   0.00000000e+00   0.00000000e+00   0.00000000e+00  -0.00000000e+00   0.00000000e+00   0.00000000e+00
  3.00800000e-05   0.00000000e+00   0.00000000e+00   0.00000000e+00  -0.00000000e+00   0.00000000e+00   0.00000000e+00
  3.01600000e-05   0.00000000e+00   0.00000000e+00   0.00000000e+00  -0.00000000e+00   0.00000000e+00   0.00000000e+00
  3.02400000e-05   0.00000000e+00   0.00000000e+00   0.00000000e+00  -0.00000000e+00   0.00000000e+00   0.00000000e+00
  3.03200000e-05   0.00000000e+00   0.00000000e+00   0.00000000e+00  -0.00000000e+00   0.00000000e+00   0.00000000e+00
  3.04000000e-05   0.00000000e+00   0.00000000e+00   0.00000000e+00  -0.00000000e+00   0.00000000e+00   0.00000000e+00
  3.04800000e-05   0.00000000e+00   0.00000000e+00   0.00000000e+00  -0.00000000e+00   0.00000000e+00   0.00000000e+00
  3.05600000e-05   0.00000000e+00   0.00000000e+00   0.00000000e+00  -0.00000000e+00   0.00000000e+00   0.00000000e+00
  3.06400000e-05   0.00000000e+00   0.00000000e+00   0.00000000e+00  -0.00000000e+00   0.00000000e+00   0.00000000e+00
  3.07200000e-05   0.00000000e+00   0.00000000e+00   0.00000000e+00  -0.00000000e+00   0.00000000e+00   0.00000000e+00
  3.08000000e-05   0.00000000e+00   0.00000000e+00   0.00000000e+00  -0.00000000e+00   0.00000000e+00   0.00000000e+00
  3.08800000e-05   0.00000000e+00   0.00000000e+00   0.00000000e+00  -0.00000000e+00   0.00000000e+00   0.00000000e+00
  3.09600000e-05   0.00000000e+00   0.00000000e+00   0.00000000e+00  -0.00000000e+00   0.00000000e+00   0.00000000e+00
  3.10400000e-05   0.00000000e+00   0.00000000e+00   0.00000000e+00  -0.00000000e+00   0.00000000e+00   0.00000000e+00
  3.11200000e-05   0.00000000e+00   0.00000000e+00   0.00000000e+00  -0.00000000e+00   0.00000000e+00   0.00000000e+00
  3.12000000e-05   0.00000000e+00   0.00000000e+00   0.00000000e+00  -0.00000000e+00   0.00000000e+00   0.00000000e+00
  3.12800000e-05   0.00000000e+00   0.00000000e+00   0.00000000e+00  -0.00000000e+00   0.00000000e+00   0.00000000e+00
  3.13600000e-05   0.00000000e+00   0.00000000e+00   0.00000000e+00  -0.00000000e+00   0.00000000e+00   0.00000000e+00
  3.14400000e-05   0.00000000e+00   0.00000000e+00   0.00000000e+00  -0.00000000e+00   0.00000000e+00   0.00000000e+00
  3.15200000e-05   0.00000000e+00   0.00000000e+00   0.00000000e+00  -0.00000000e+00   0.00000000e+00   0.00000000e+00
  3.16000000e-05   0.00000000e+00   0.00000000e+00   0.00000000e+00  -0.00000000e+00   0.00000000e+00   0.00000000e+00
  3.16800000e-05   0.00000000e+00   0.00000000e+00   0.00000000e+00  -0.00000000e+00   0.00000000e+00   0.00000000e+00
  3.17600000e-05   0.00000000e+00   0.00000000e+00   0.00000000e+00  -0.00000000e+00   0.00000000e+00   0.00000000e+00
  3.18400000e-05   0.00000000e+00   0.00000000e+00   0.00000000e+00  -0.00000000e+00   0.00000000e+00   0.00000000e+00
  3.19200000e-05   0.00000000e+00   0.00000000e+00   0.00000000e+00  -0.00000000e+00   0.00000000e+00   0.00000000e+00
  3.20000000e-05   0.00000000e+00   0.00000000e+00   0.00000000e+00  -0.00000000e+00   0.00000000e+00   0.00000000e+00
  3.20800000e-05   0.00000000e+00   0.00000000e+00   0.00000000e+00  -0.00000000e+00   0.00000000e+00   0.00000000e+00
  3.21600000e-05   0.00000000e+00   0.00000000e+00   0.00000000e+00  -0.00000000e+00   0.00000000e+00   0.00000000e+00
  3.22400000e-05   0.00000000e+00   0.00000000e+00   0.00000000e+00  -0.00000000e+00   0.00000000e+00   0.00000000e+00
  3.23200000e-05   0.00000000e+00   0.00000000e+00   0.00000000e+00  -0.00000000e+00   0.00000000e+00   0.00000000e+00
  3.24000000e-05   0.00000000e+00   0.00000000e+00   0.00000000e+00  -0.00000000e+00   0.00000000e+00   0.00000000e+00
  3.24800000e-05   0.00000000e+00   0.00000000e+00   0.00000000e+00  -0.00000000e+00   0.00000000e+00   0.00000000e+00
  3.25600000e-05   0.00000000e+00   0.00000000e+00   0.00000000e+00  -0.00000000e+00   0.00000000e+00   0.00000000e+00
  3.26400000e-05   0.00000000e+00   0.00000000e+00   0.00000000e+00  -0.00000000e+00   0.00000000e+00   0.00000000e+00
  3.27200000e-05   0.00000000e+00   0.00000000e+00   0.00000000e+00  -0.00000000e+00   0.00000000e+00   0.00000000e+00
  3.28000000e-05   0.00000000e+00   0.00000000e+00   0.00000000e+00  -0.00000000e+00   0.00000000e+00   0.00000000e+00
  3.28800000e-05   0.00000000e+00   0.00000000e+00   0.00000000e+00  -0.00000000e+00   0.00000000e+00   0.00000000e+00
  3.29600000e-05   0.00000000e+00   0.00000000e+00   0.00000000e+00  -0.00000000e+00   0.00000000e+00   0.00000000e+00
  3.30400000e-05   0.00000000e+00   0.00000000e+00   0.00000000e+00  -0.00000000e+00   0.00000000e+00   0.00000000e+00
  3.31200000e-05   0.00000000e+00   0.00000000e+00   0.00000000e+00  -0.00000000e+00   0.00000000e+00   0.00000000e+00
  3.32000000e-05   0.00000000e+00   0.00000000e+00   0.00000000e+00  -0.00000000e+00   0.00000000e+00   0.00000000e+00
  3.32800000e-05   0.00000000e+00   0.00000000e+00   0.00000000e+00  -0.00000000e+00   0.00000000e+00   0.00000000e+00
  3.33600000e-05   0.00000000e+00   0.00000000e+00   0.00000000e+00  -0.00000000e+00   0.00000000e+00   0.00000000e+00
  3.34400000e-05   0.00000000e+00   0.00000000e+00   0.00000000e+00  -0.00000000e+00   0.00000000e+00   0.00000000e+00
  3.35200000e-05   0.00000000e+00   0.00000000e+00   0.00000000e+00  -0.00000000e+00   0.00000000e+00   0.00000000e+00
  3.36000000e-05   0.00000000e+00   0.00000000e+00   0.00000000e+00  -0.00000000e+00   0.00000000e+00   0.00000000e+00
  3.36800000e-05   0.00000000e+00   0.00000000e+00   0.00000000e+00  -0.00000000e+00   0.00000000e+00   0.00000000e+00
  3.37600000e-05   0.00000000e+00   0.00000000e+00   0.00000000e+00  -0.00000000e+00   0.00000000e+00   0.00000000e+00
  3.38400000e-05   0.00000000e+00   0.00000000e+00   0.00000000e+00  -0.00000000e+00   0.00000000e+00   0.00000000e+00
  3.39200000e-05   0.00000000e+00   0.00000000e+00   0.00000000e+00  -0.00000000e+00   0.00000000e+00   0.00000000e+00
  3.40000000e-05   0.00000000e+00   0.00000000e+00   0.00000000e+00  -0.00000000e+00   0.00000000e+00   0.00000000e+00
  3.40800000e-05   0.00000000e+00   0.00000000e+00   0.00000000e+00  -0.00000000e+00   0.00000000e+00   0.00000000e+00
  3.41600000e-05   0.00000000e+00   0.00000000e+00   0.00000000e+00  -0.00000000e+00   0.00000000e+00   0.00000000e+00
  3.42400000e-05   0.00000000e+00   0.00000000e+00   0.00000000e+00  -0.00000000e+00   0.00000000e+00   0.00000000e+00
  3.43200000e-05   0.00000000e+00   0.00000000e+00   0.00000000e+00  -0.00000000e+00   0.00000000e+00   0.00000000e+00
  3.44000000e-05   0.00000000e+00   0.00000000e+00   0.00000000e+00  -0.00000000e+00   0.00000000e+00   0.00000000e+00
  3.44800000e-05   0.00000000e+00   0.00000000e+00   0.00000000e+00  -0.00000000e+00   0.00000000e+00   0.00000000e+00
  3.45600000e-05   0.00000000e+00   0.00000000e+00   0.00000000e+00  -0.00000000e+00   0.00000000e+00   0.00000000e+00
  3.46400000e-05   0.00000000e+00   0.00000000e+00   0.00000000e+00  -0.00000000e+00   0.00000000e+00   0.00000000e+00
  3.47200000e-05   0.00000000e+00   0.00000000e+00   0.00000000e+00  -0.00000000e+00   0.00000000e+00   0.00000000e+00
  3.48000000e-05   0.00000000e+00   0.00000000e+00   0.00000000e+00  -0.00000000e+00   0.00000000e+00   0.00000000e+00
  3.48800000e-05   0.00000000e+00   0.00000000e+00   0.00000000e+00  -0.00000000e+00   0.00000000e+00   0.00000000e+00
  3.49600000e-05   0.00000000e+00   0.00000000e+00   0.00000000e+00  -0.00000000e+00   0.00000000e+00   0.00000000e+00
  3.50400000e-05   0.00000000e+00   0.00000000e+00   0.00000000e+00  -0.00000000e+00   0.00000000e+00   0.00000000e+00
  3.51200000e-05   0.00000000e+00   0.00000000e+00   0.00000000e+00  -0.00000000e+00   0.00000000e+00   0.00000000e+00
  3.52000000e-05   0.00000000e+00   0.00000000e+00   0.00000000e+00  -0.00000000e+00   0.00000000e+00   0.00000000e+00
  3.52800000e-05   0.00000000e+00   0.00000000e+00   0.00000000e+00  -0.00000000e+00   0.00000000e+00   0.00000000e+00
  3.53600000e-05   0.00000000e+00   0.00000000e+00   0.00000000e+00  -0.00000000e+00   0.00000000e+00   0.00000000e+00
  3.54400000e-05   0.00000000e+00   0.00000000e+00   0.00000000e+00  -0.00000000e+00   0.00000000e+00   0.00000000e+00
  3.55200000e-05   0.00000000e+00   0.00000000e+00   0.00000000e+00  -0.00000000e+00   0.00000000e+00   0.00000000e+00
  3.56000000e-05   0.00000000e+00   0.00000000e+00   0.00000000e+00  -0.00000000e+00   0.00000000e+00   0.00000000e+00
  3.56800000e-05   0.00000000e+00   0.00000000e+00   0.00000000e+00  -0.00000000e+00   0.00000000e+00   0.00000000e+00
  3.57600000e-05   0.00000000e+00   0.00000000e+00   0.00000000e+00  -0.00000000e+00   0.00000000e+00   0.00000000e+00
  3.58400000e-05   0.00000000e+00   0.00000000e+00   0.00000000e+00  -0.00000000e+00   0.00000000e+00   0.00000000e+00
  3.59200000e-05   0.00000000e+00   0.00000000e+00   0.00000000e+00  -0.00000000e+00   0.00000000e+00   0.00000000e+00
  3.60000000e-05   0.00000000e+00   0.00000000e+00   0.00000000e+00  -0.00000000e+00   0.00000000e+00   0.00000000e+00
  3.60800000e-05   0.00000000e+00   0.00000000e+00   0.00000000e+00  -0.00000000e+00   0.00000000e+00   0.00000000e+00
  3.61600000e-05   0.00000000e+00   0.00000000e+00   0.00000000e+00  -0.00000000e+00   0.00000000e+00   0.00000000e+00
  3.62400000e-05   0.00000000e+00   0.00000000e+00   0.00000000e+00  -0.00000000e+00   0.00000000e+00   0.00000000e+00
  3.63200000e-05   0.00000000e+00   0.00000000e+00   0.00000000e+00  -0.00000000e+00   0.00000000e+00   0.00000000e+00
  3.64000000e-05   0.00000000e+00   0.00000000e+00   0.00000000e+00  -0.00000000e+00   0.00000000e+00   0.00000000e+00
  3.64800000e-05   0.00000000e+00   0.00000000e+00   0.00000000e+00  -0.00000000e+00   0.00000000e+00   0.00000000e+00
  3.65600000e-05   0.00000000e+00   0.00000000e+00   0.00000000e+00  -0.00000000e+00   0.00000000e+00   0.00000000e+00
  3.66400000e-05   0.00000000e+00   0.00000000e+00   0.00000000e+00  -0.00000000e+00   0.00000000e+00   0.00000000e+00
  3.67200000e-05   0.00000000e+00   0.00000000e+00   0.00000000e+00  -0.00000000e+00   0.00000000e+00   0.00000000e+00
  3.68000000e-05   0.00000000e+00   0.00000000e+00   0.00000000e+00  -0.00000000e+00   0.00000000e+00   0.00000000e+00
  3.68800000e-05   0.00000000e+00   0.00000000e+00   0.00000000e+00  -0.00000000e+00   0.00000000e+00   0.00000000e+00
  3.69600000e-05   0.00000000e+00   0.00000000e+00   0.00000000e+00  -0.00000000e+00   0.00000000e+00   0.00000000e+00
  3.70400000e-05   0.00000000e+00   0.00000000e+00   0.00000000e+00  -0.00000000e+00   0.00000000e+00   0.00000000e+00
  3.71200000e-05   0.00000000e+00   0.00000000e+00   0.00000000e+00  -0.00000000e+00   0.00000000e+00   0.00000000e+00
  3.72000000e-05   0.00000000e+00   0.00000000e+00   0.00000000e+00  -0.00000000e+00   0.00000000e+00   0.00000000e+00
  3.72800000e-05   0.00000000e+00   0.00000000e+00   0.00000000e+00  -0.00000000e+00   0.00000000e+00   0.00000000e+00
  3.73600000e-05   0.00000000e+00   0.00000000e+00   0.00000000e+00  -0.00000000e+00   0.00000000e+00   0.00000000e+00
  3.74400000e-05   0.00000000e+00   0.00000000e+00   0.00000000e+00  -0.00000000e+00   0.00000000e+00   0.00000000e+00
  3.75200000e-05   0.00000000e+00   0.00000000e+00   0.00000000e+00  -0.00000000e+00   0.00000000e+00   0.00000000e+00
  3.76000000e-05   0.00000000e+00   0.00000000e+00   0.00000000e+00  -0.00000000e+00   0.00000000e+00   0.00000000e+00
  3.76800000e-05   0.00000000e+00   0.00000000e+00   0.00000000e+00  -0.00000000e+00   0.00000000e+00   0.00000000e+00
  3.77600000e-05   0.00000000e+00   0.00000000e+00   0.00000000e+00  -0.00000000e+00   0.00000000e+00   0.00000000e+00
  3.78400000e-05   0.00000000e+00   0.00000000e+00   0.00000000e+00  -0.00000000e+00   0.00000000e+00   0.00000000e+00
  3.79200000e-05   0.00000000e+00   0.00000000e+00   0.00000000e+00  -0.00000000e+00   0.00000000e+00   0.00000000e+00
  3.80000000e-05   1.92251778e-08   1.78184574e-08   0.00000000e+00  -2.29440060e-22   2.47553749e-22   4.72180949e-22
  3.80800000e-05   4.23631007e-08   3.92633616e-08   0.00000000e+00  -5.05576431e-22   5.45490359e-22   1.04046083e-21
  3.81600000e-05   6.55010379e-08   6.07082791e-08   0.00000000e+00  -7.81713485e-22   8.43427707e-22   1.60874053e-21
  3.82400000e-05   8.86389974e-08   8.21532171e-08   0.00000000e+00  -1.05785160e-21   1.14136620e-21   2.17701994e-21
  3.83200000e-05   1.11776987e-07   1.03598183e-07   0.00000000e+00  -1.33399114e-21   1.43930623e-21   2.74529895e-21
  3.84000000e-05   1.34915014e-07   1.25043184e-07   0.00000000e+00  -1.61013249e-21   1.73724821e-21   3.31357747e-21
  3.84800000e-05   1.58053087e-07   1.46488227e-07   0.00000000e+00  -1.88627601e-21   2.03519254e-21   3.88185540e-21
  3.85600000e-05   1.81191213e-07   1.67933319e-07   0.00000000e+00  -2.16242209e-21   2.33313962e-21   4.45013262e-21
  3.86400000e-05   0.00000000e+00   0.00000000e+00   0.00000000e+00  -0.00000000e+00   0.00000000e+00   0.00000000e+00
  3.87200000e-05   0.00000000e+00   0.00000000e+00   0.00000000e+00  -0.00000000e+00   0.00000000e+00   0.00000000e+00
  3.88000000e-05   0.00000000e+00   0.00000000e+00   0.00000000e+00  -0.00000000e+00   0.00000000e+00   0.00000000e+00
  3.88800000e-05   0.00000000e+00   0.00000000e+00   0.00000000e+00  -0.00000000e+00   0.00000000e+00   0.00000000e+00
  3.89600000e-05   0.00000000e+00   0.00000000e+00   0.00000000e+00  -0.00000000e+00   0.00000000e+00   0.00000000e+00
  3.90400000e-05   0.00000000e+00   0.00000000e+00   0.00000000e+00  -0.00000000e+00   0.00000000e+00   0.00000000e+00
  3.91200000e-05   0.00000000e+00   0.00000000e+00   0.00000000e+00  -0.00000000e+00   0.00000000e+00   0.00000000e+00
  3.92000000e-05   3.38950778e-07   3.16708796e-07   2.29604159e-15  -4.07816141e-21   4.36456450e-21   8.37154537e-21
  3.92800000e-05   5.20518224e-07   4.86034000e-07   1.05627935e-14  -6.25854938e-21   6.70259463e-21   1.28499405e-20
  3.93600000e-05   7.02086920e-07   6.55360366e-07   1.88296087e-14  -8.43900234e-21   9.04069447e-21   1.73283140e-20
  3.94400000e-05  -1.96897990e-07  -1.84350576e-07   0.00000000e+00   2.37387184e-21  -2.53544417e-21  -4.86983745e-21
  3.95200000e-05   1.06200453e-06   9.97693641e-07   1.58279478e-14  -1.28474136e-20   1.36755518e-20   2.63276822e-20
  3.96000000e-05   1.24274665e-06   1.16797137e-06   1.95281175e-14  -1.50403548e-20   1.60032604e-20   3.08168987e-20
  3.96800000e-05   1.42349174e-06   1.33825190e-06   2.32283551e-14  -1.72334528e-20   1.83311355e-20   3.53060637e-20
  3.97600000e-05   1.60424024e-06   1.50853564e-06   2.69286704e-14  -1.94267302e-20   2.06592013e-20   3.97951697e-20
  3.98400000e-05   1.78499260e-06   1.67882299e-06   3.06290733e-14  -2.16202100e-20   2.29874821e-20   4.42842093e-20
  3.99200000e-05   1.96574923e-06   1.84911438e-06   3.43295738e-14  -2.38139150e-20   2.53160021e-20   4.87731750e-20
  4.00000000e-05   2.14651059e-06   2.01941019e-06   3.80301816e-14  -2.60078679e-20   2.76447856e-20   5.32620591e-20
  4.00800000e-05   2.32727709e-06   2.18971085e-06   4.17309067e-14  -2.82020917e-20   2.99738568e-20   5.77508543e-20
  4.01600000e-05   2.50804918e-06   2.36001676e-06   4.54317590e-14  -3.03966092e-20   3.23032400e-20   6.22395530e-20
  4.02400000e-05   2.68882728e-06   2.53032833e-06   4.91327483e-14  -3.25914432e-20   3.46329594e-20   6.67281476e-20
  4.03200000e-05   2.86961184e-06   2.70064597e-06   5.28338846e-14  -3.47866166e-20   3.69630393e-20   7.12166307e-20
  4.04000000e-05   8.49474080e-07   8.03215576e-07   0.00000000e+00  -1.03462366e-20   1.09420934e-20   2.11503990e-20
  4.04800000e-05   2.13001593e-06   2.01005786e-06   9.05852650e-14  -2.58922605e-20   2.74374801e-20   5.29604332e-20
  4.05600000e-05   2.32338610e-06   2.19445441e-06   1.32018678e-13  -2.82684687e-20   2.99293343e-20   5.78024238e-20
  4.06400000e-05   2.51676041e-06   2.37885485e-06   1.73453439e-13  -3.06449719e-20   3.24214993e-20   6.26442642e-20
  4.07200000e-05   2.71013921e-06   2.56325952e-06   2.14889662e-13  -3.30217946e-20   3.49140013e-20   6.74859418e-20
  4.08000000e-05   2.90352285e-06   2.74766872e-06   2.56327458e-13  -3.53989618e-20   3.74068661e-20   7.23274439e-20
  4.08800000e-05   3.09691167e-06   2.93208279e-06   2.97766941e-13  -3.77764979e-20   3.99001197e-20   7.71687580e-20
  4.09600000e-05   3.29030601e-06   3.11650204e-06   3.39208224e-13  -4.01544278e-20   4.23937882e-20   8.20098714e-20
  4.10400000e-05   3.48370623e-06   3.30092682e-06   3.80651420e-13  -4.25327762e-20   4.48878975e-20   8.68507715e-20
  4.11200000e-05   3.67711267e-06   3.48535743e-06   4.22096641e-13  -4.49115678e-20   4.73824736e-20   9.16914456e-20
  4.12000000e-05   2.77834868e-06   2.63934444e-06   1.62193029e-13  -3.40119216e-20   3.58031960e-20   6.93856417e-20
  4.12800000e-05   2.75018697e-06   2.61325897e-06   1.68068004e-13  -3.36771537e-20   3.54417449e-20   6.86931042e-20
  4.13600000e-05   2.72202714e-06   2.58717528e-06   1.73943381e-13  -3.33423674e-20   3.50802739e-20   6.80006566e-20
  4.14400000e-05   2.69386919e-06   2.56109334e-06   1.79819155e-13  -3.30075628e-20   3.47187831e-20   6.73082980e-20
  4.15200000e-05   4.63420027e-06   4.41864847e-06   3.36430151e-13  -5.69504578e-20   5.97286228e-20   1.16021196e-19
  4.16000000e-05   4.82671927e-06   4.60411466e-06   3.54567459e-13  -5.93450474e-20   6.22143153e-20   1.20871520e-19
  4.16800000e-05   3.42446897e-06   3.26475160e-06   1.34241482e-13  -4.20841387e-20   4.41429650e-20   8.57205513e-20
  4.17600000e-05   3.39653886e-06   3.24010732e-06   1.19600081e-13  -4.17685828e-20   4.37851560e-20   8.50554603e-20
  4.18400000e-05   3.36860647e-06   3.21546081e-06   1.04958905e-13  -4.14529493e-20   4.34272637e-20   8.43903625e-20
  4.19200000e-05   3.34067181e-06   3.19081207e-06   9.03179520e-14  -4.11372389e-20   4.30692888e-20   8.37252581e-20
  4.20000000e-05   3.31273489e-06   3.16616113e-06   7.56772215e-14  -4.08214522e-20   4.27112320e-20   8.30601471e-20
  4.20800000e-05   2.16623475e-06   2.06907743e-06   7.49825689e-13  -2.66779991e-20   2.79306937e-20   5.42886875e-20
  4.21600000e-05   1.98548315e-06   1.89738340e-06   7.93410766e-13  -2.44649905e-20   2.56009338e-20   4.97754050e-20
  4.22400000e-05   1.80472677e-06   1.72568476e-06   8.36996372e-13  -2.22517258e-20   2.32709058e-20   4.52622049e-20
  4.23200000e-05   1.62396605e-06   1.55398193e-06   8.80582458e-13  -2.00382283e-20   2.09406340e-20   4.07490797e-20
  4.24000000e-05   1.44320143e-06   1.38227532e-06   9.24168977e-13  -1.78245212e-20   1.86101427e-20   3.62360220e-20
  4.24800000e-05   1.26243334e-06   1.21056536e-06   9.67755879e-13  -1.56106276e-20   1.62794564e-20   3.17230243e-20
  4.25600000e-05   1.08166220e-06   1.03885247e-06   1.01134312e-12  -1.33965709e-20   1.39485993e-20   2.72100790e-20
  4.26400000e-05   9.00888456e-07   8.67137052e-07   1.05493064e-12  -1.11823741e-20   1.16175958e-20   2.26971787e-20
  4.27200000e-05   7.20112536e-07   6.95419537e-07   1.09851841e-12  -8.96806047e-21   9.28647019e-21   1.81843160e-20
  4.28000000e-05   5.39334874e-07   5.23700339e-07   1.14210636e-12  -6.75365327e-21   6.95524683e-21   1.36714832e-20
  4.28800000e-05   3.58555903e-07   3.51979877e-07   1.18569446e-12  -4.53917567e-21   4.62395006e-21   9.15867292e-21
  4.29600000e-05   1.63329600e-06   1.57470705e-06   1.46278018e-12  -2.03081090e-20   2.10636594e-20   4.11960187e-20
  4.30400000e-05   1.41708872e-06   1.36658102e-06   1.34745444e-12  -1.76244284e-20   1.82757775e-20   3.57482376e-20
  4.31200000e-05   1.20087843e-06   1.15845208e-06   1.23212815e-12  -1.49405392e-20   1.54876791e-20   3.03005556e-20
  4.32000000e-05   9.84665595e-07   9.50320671e-07   1.11680139e-12  -1.22564732e-20   1.26993973e-20   2.48529577e-20
  4.32800000e-05   7.68450666e-07   7.42187244e-07   1.00147424e-12  -9.57226219e-21   9.91096503e-21   1.94054287e-20
  4.33600000e-05   5.52234105e-07   5.34052240e-07   8.86146785e-13  -6.88793793e-21   7.12241534e-21   1.39579535e-20
  4.34400000e-05   3.36016370e-07   3.25916102e-07   7.70819118e-13  -4.20353222e-21   4.33378120e-21   8.51051705e-21
  4.35200000e-05   1.19797920e-07   1.17779272e-07   6.55491318e-13  -1.51907684e-21   1.54509562e-21   3.06310416e-21
  4.36000000e-05  -9.64207868e-08  -9.03578052e-08   5.40163471e-13   1.16539642e-21  -1.24360842e-21  -2.38430026e-21
  4.36800000e-05   2.84315962e-06   2.75565920e-06   3.05480565e-12  -3.55427861e-20   3.66712960e-20   7.19719411e-20
  4.37600000e-05   2.87044589e-06   2.78350539e-06   3.19102520e-12  -3.59034927e-20   3.70248256e-20   7.26866633e-20
  4.38400000e-05  -7.37834308e-07  -7.22525143e-07   3.47757182e-13   9.31993890e-21  -9.51742272e-21  -1.88119828e-20
  4.39200000e-05  -9.53020031e-07  -9.31797410e-07   2.87795013e-13   1.20192145e-20  -1.22929717e-20  -2.42720988e-20
  4.40000000e-05  -1.16820373e-06  -1.14106770e-06   2.27833632e-13   1.47183478e-20  -1.50683746e-20  -2.97322820e-20
  4.40800000e-05  -1.38338495e-06  -1.35033557e-06   1.67873217e-13   1.74173067e-20  -1.78435986e-20  -3.51925475e-20
  4.41600000e-05   8.19809954e-13   7.23045974e-13   6.71094819e-13  -1.44323665e-26  -1.68486555e-27   1.94458855e-26
  4.42400000e-05   8.77327302e-13   8.05364693e-13   6.75594366e-13  -1.55283709e-26  -1.02518619e-27   2.13872603e-26
  4.43200000e-05   9.34844650e-13   8.87683412e-13   6.80093914e-13  -1.66243754e-26  -3.65506824e-28   2.33286351e-26
  4.44000000e-05   9.92361999e-13   9.70002132e-13   6.84593461e-13  -1.77203798e-26   2.94172538e-28   2.52700099e-26
  4.44800000e-05   1.04987935e-12   1.05232085e-12   6.89093009e-13  -1.88163842e-26   9.53851900e-28   2.72113847e-26
  4.45600000e-05   1.10739670e-12   1.13463957e-12   6.93592556e-13  -1.99123886e-26   1.61353126e-27   2.91527595e-26
  4.46400000e-05   1.16491404e-12   1.21695829e-12   6.98092104e-13  -2.10083931e-26   2.27321062e-27   3.10941343e-26
  4.47200000e-05  -1.27754528e-13  -8.04841122e-14   1.01471671e-12  -6.68284102e-27  -2.01837781e-26  -2.44229412e-27
  4.48000000e-05  -1.35798722e-13  -8.58437375e-14   1.00169814e-12  -6.51465336e-27  -2.00497222e-26  -2.60140713e-27
  4.48800000e-05  -1.43842917e-13  -9.12033628e-14   9.88679571e-13  -6.34646571e-27  -1.99156662e-26  -2.76052014e-27
  4.49600000e-05  -1.51887111e-13  -9.65629880e-14   9.75661001e-13  -6.17827805e-27  -1.97816103e-26  -2.91963315e-27
  4.50400000e-05  -1.59931306e-13  -1.01922613e-13   9.62642430e-13  -6.01009039e-27  -1.96475543e-26  -3.07874616e-27
  4.51200000e-05  -1.67975500e-13  -1.07282239e-13   9.49623859e-13  -5.84190273e-27  -1.95134983e-26  -3.23785917e-27
  4.52000000e-05  -1.76019695e-13  -1.12641864e-13   9.36605289e-13  -5.67371507e-27  -1.93794424e-26  -3.39697218e-27
  4.52800000e-05  -1.84063889e-13  -1.18001489e-13   9.23586718e-13  -5.50552741e-27  -1.92453864e-26  -3.55608519e-27
  4.53600000e-05  -1.92108084e-13  -1.23361115e-13   9.10568147e-13  -5.33733975e-27  -1.91113305e-26  -3.71519820e-27
  4.54400000e-05  -9.16828878e-16  -1.23153072e-15   1.12409523e-12  -8.53731821e-27  -2.05458259e-26  -2.94726592e-29
  4.55200000e-05  -2.28834170e-14  -3.07381581e-14   1.15576888e-12  -8.39773803e-27  -2.14077433e-26  -7.35617262e-28
  4.56000000e-05   2.48659064e-15   1.16370869e-15   1.13413286e-12  -8.64458855e-27  -2.06852864e-26   4.01780093e-29
  4.56800000e-05   4.33335001e-15   7.48352536e-15   1.17363561e-12  -9.02667824e-27  -2.13830686e-26   1.69674889e-28
  4.57600000e-05   7.00886046e-15   6.98614817e-15   1.61588093e-12  -1.23852927e-26  -2.94271146e-26   1.80947102e-28
  4.58400000e-05   8.74298114e-15   8.71464941e-15   1.75455599e-12  -1.34627613e-26  -3.19379437e-26   2.25716735e-28
  4.59200000e-05   1.04771018e-14   1.04431507e-14   1.89323105e-12  -1.45402298e-26  -3.44487727e-26   2.70486368e-28
  4.60000000e-05   1.22112225e-14   1.21716519e-14   2.03190611e-12  -1.56176983e-26  -3.69596018e-26   3.15256001e-28
  4.60800000e-05   1.39453432e-14   1.39001531e-14   2.17058117e-12  -1.66951668e-26  -3.94704308e-26   3.60025634e-28
  4.61600000e-05   1.56794639e-14   1.56286544e-14   2.30925623e-12  -1.77726353e-26  -4.19812599e-26   4.04795267e-28
  4.62400000e-05   1.74135845e-14   1.73571556e-14   2.44793129e-12  -1.88501038e-26  -4.44920889e-26   4.49564900e-28
  4.63200000e-05   1.91477052e-14   1.90856569e-14   2.58660635e-12  -1.99275723e-26  -4.70029180e-26   4.94334533e-28
  4.64000000e-05   2.08818259e-14   2.08141581e-14   2.72528141e-12  -2.10050408e-26  -4.95137470e-26   5.39104166e-28
  4.64800000e-05   1.76059363e-14   3.94433376e-14   1.01870927e-12  -8.26007461e-27  -1.83818149e-26   8.54479787e-28
  4.65600000e-05  -2.10577894e-15   1.84289563e-14   9.45622438e-13  -7.43291062e-27  -1.73009745e-26   3.20621449e-28
  4.66400000e-05   0.00000000e+00   0.00000000e+00   8.52237012e-13  -6.48464275e-27  -1.55679294e-26  -4.67170655e-58
  4.67200000e-05   0.00000000e+00   0.00000000e+00   8.87829712e-13  -6.75546641e-27  -1.62181061e-26  -5.07007408e-58
  4.68000000e-05   0.00000000e+00   0.00000000e+00   9.23422413e-13  -7.02629008e-27  -1.68682828e-26  -5.48473874e-58
  4.68800000e-05   0.00000000e+00   0.00000000e+00   9.59015114e-13  -7.29711374e-27  -1.75184595e-26  -5.91570053e-58
  4.69600000e-05   0.00000000e+00   0.00000000e+00   9.94607815e-13  -7.56793740e-27  -1.81686362e-26  -6.36295946e-58
  4.70400000e-05   0.00000000e+00   0.00000000e+00   1.03020052e-12  -7.83876106e-27  -1.88188129e-26  -6.82651551e-58
  4.71200000e-05   0.00000000e+00   0.00000000e+00   1.06579322e-12  -8.10958473e-27  -1.94689896e-26  -7.30636870e-58
  4.72000000e-05   0.00000000e+00   0.00000000e+00   1.10138592e-12  -8.38040839e-27  -2.01191663e-26  -7.80251903e-58
  4.72800000e-05   0.00000000e+00   0.00000000e+00   1.13697862e-12  -8.65123205e-27  -2.07693430e-26  -8.31496648e-58
  4.73600000e-05   0.00000000e+00   0.00000000e+00   1.06659813e-12  -8.11570926e-27  -1.94836930e-26  -7.31740686e-58
  4.74400000e-05   0.00000000e+00   0.00000000e+00   1.10330113e-12  -8.39498118e-27  -2.01541517e-26  -7.82967654e-58
  4.75200000e-05   0.00000000e+00   0.00000000e+00   1.14000413e-12  -8.67425309e-27  -2.08246105e-26  -8.35927596e-58
  4.76000000e-05   0.00000000e+00   0.00000000e+00   1.17670714e-12  -8.95352501e-27  -2.14950692e-26  -8.90620515e-58
  4.76800000e-05   0.00000000e+00   0.00000000e+00   1.21341014e-12  -9.23279693e-27  -2.21655280e-26  -9.47046410e-58
  4.77600000e-05   0.00000000e+00   0.00000000e+00   1.25011314e-12  -9.51206885e-27  -2.28359867e-26  -1.00520528e-57
  4.78400000e-05   0.00000000e+00   0.00000000e+00   1.42752957e-12  -1.08620245e-26  -2.60768767e-26  -1.31076889e-57
  4.79200000e-05   0.00000000e+00   0.00000000e+00   1.25653754e-12  -9.56095188e-27  -2.29533421e-26  -1.01557238e-57
  4.80000000e-05   0.00000000e+00   0.00000000e+00   1.24915478e-12  -9.50477668e-27  -2.28184801e-26  -1.00367349e-57
  4.80800000e-05   0.00000000e+00   0.00000000e+00   1.24177201e-12  -9.44860147e-27  -2.26836182e-26  -9.91844724e-58
  4.81600000e-05   0.00000000e+00   0.00000000e+00   1.23438925e-12  -9.39242627e-27  -2.25487562e-26  -9.80086071e-58
  4.82400000e-05   0.00000000e+00   0.00000000e+00   6.75753977e-13  -5.14178928e-27  -1.23440898e-26  -2.93729966e-58
  4.83200000e-05   0.00000000e+00   0.00000000e+00   6.02770917e-13  -4.58646363e-27  -1.10108983e-26  -2.33709859e-58
  4.84000000e-05   0.00000000e+00   0.00000000e+00   5.29787857e-13  -4.03113798e-27  -9.67770680e-27  -1.80542006e-58
  4.84800000e-05   0.00000000e+00   0.00000000e+00   4.56804796e-13  -3.47581233e-27  -8.34451532e-27  -1.34226407e-58
  4.85600000e-05   0.00000000e+00   0.00000000e+00   3.83821736e-13  -2.92048668e-27  -7.01132383e-27  -9.47630615e-59
  4.86400000e-05   0.00000000e+00   0.00000000e+00   3.10838676e-13  -2.36516103e-27  -5.67813235e-27  -6.21519701e-59
  4.87200000e-05   0.00000000e+00   0.00000000e+00   2.37855615e-13  -1.80983538e-27  -4.34494086e-27  -3.63931325e-59
  4.88000000e-05   0.00000000e+00   0.00000000e+00   1.64872555e-13  -1.25450973e-27  -3.01174938e-27  -1.74865488e-59
  4.88800000e-05   0.00000000e+00   0.00000000e+00   9.18894948e-14  -6.99184075e-28  -1.67855789e-27  -5.43221893e-60
  4.89600000e-05   0.00000000e+00   0.00000000e+00   1.89064345e-14  -1.43858424e-28  -3.45366409e-28  -2.30142906e-61
  4.90400000e-05   0.00000000e+00   0.00000000e+00  -5.40766258e-14   4.11467227e-28   9.87825075e-28  -1.88032072e-60
  4.91200000e-05   0.00000000e+00   0.00000000e+00   7.79104144e-13  -5.92817723e-27  -1.42320013e-26  -3.90436740e-58
  4.92000000e-05   0.00000000e+00   0.00000000e+00   7.76652973e-13  -5.90952635e-27  -1.41872254e-26  -3.87983868e-58
  4.92800000e-05   0.00000000e+00   0.00000000e+00   7.74201803e-13  -5.89087547e-27  -1.41424496e-26  -3.85538725e-58
  4.93600000e-05   0.00000000e+00   0.00000000e+00   7.71750632e-13  -5.87222460e-27  -1.40976737e-26  -3.83101312e-58
  4.94400000e-05   0.00000000e+00   0.00000000e+00   7.69299461e-13  -5.85357372e-27  -1.40528978e-26  -3.80671628e-58
  4.95200000e-05   0.00000000e+00   0.00000000e+00   7.66848290e-13  -5.83492284e-27  -1.40081220e-26  -3.78249673e-58
  4.96000000e-05   0.00000000e+00   0.00000000e+00   7.64397119e-13  -5.81627197e-27  -1.39633461e-26  -3.75835447e-58
  4.96800000e-05   0.00000000e+00   0.00000000e+00   7.61945948e-13  -5.79762109e-27  -1.39185702e-26  -3.73428951e-58
  4.97600000e-05   0.00000000e+00   0.00000000e+00   7.59494777e-13  -5.77897021e-27  -1.38737943e-26  -3.71030183e-58
  4.98400000e-05   0.00000000e+00   0.00000000e+00   7.57043606e-13  -5.76031934e-27  -1.38290185e-26  -3.68639145e-58
  4.99200000e-05   0.00000000e+00   0.00000000e+00   7.54592436e-13  -5.74166846e-27  -1.37842426e-26  -3.66255837e-58
  5.00000000e-05   0.00000000e+00   0.00000000e+00   1.39849543e-12  -1.06411047e-26  -2.55465061e-26  -1.25797127e-57
  5.00800000e-05   0.00000000e+00   0.00000000e+00   1.53613451e-12  -1.16883958e-26  -2.80607779e-26  -1.51777736e-57
  5.01600000e-05   0.00000000e+00   0.00000000e+00   1.67377359e-12  -1.27356870e-26  -3.05750497e-26  -1.80195442e-57
  5.02400000e-05   0.00000000e+00   0.00000000e+00   1.81141267e-12  -1.37829781e-26  -3.30893215e-26  -2.11050245e-57
  5.03200000e-05   0.00000000e+00   0.00000000e+00   1.94905176e-12  -1.48302692e-26  -3.56035934e-26  -2.44342145e-57
  5.04000000e-05   0.00000000e+00   0.00000000e+00   6.07152359e-13  -4.61980188e-27  -1.10909347e-26  -2.37112001e-58
  5.04800000e-05   0.00000000e+00   0.00000000e+00   6.13554636e-13  -4.66851659e-27  -1.12078859e-26  -2.42138952e-58
  5.05600000e-05   0.00000000e+00   0.00000000e+00   6.19956913e-13  -4.71723129e-27  -1.13248372e-26  -2.47218632e-58
  5.06400000e-05   0.00000000e+00   0.00000000e+00   6.26359189e-13  -4.76594600e-27  -1.14417885e-26  -2.52351043e-58
  5.07200000e-05   0.00000000e+00   0.00000000e+00   6.32761466e-13  -4.81466071e-27  -1.15587397e-26  -2.57536184e-58
  5.08000000e-05   0.00000000e+00   0.00000000e+00   6.39163743e-13  -4.86337542e-27  -1.16756910e-26  -2.62774054e-58
  5.08800000e-05   0.00000000e+00   0.00000000e+00   1.24318678e-12  -9.45936641e-27  -2.27094620e-26  -9.94112861e-58
  5.09600000e-05   0.00000000e+00   0.00000000e+00   1.20176481e-12  -9.14418798e-27  -2.19528011e-26  -9.28970689e-58
  5.10400000e-05   0.00000000e+00   0.00000000e+00   1.16034283e-12  -8.82900955e-27  -2.11961402e-26  -8.66035765e-58
  5.11200000e-05   0.00000000e+00   0.00000000e+00   1.11892085e-12  -8.51383112e-27  -2.04394793e-26  -8.05308087e-58
  5.12000000e-05   0.00000000e+00   0.00000000e+00   1.07749887e-12  -8.19865269e-27  -1.96828184e-26  -7.46787656e-58
  5.12800000e-05   0.00000000e+00   0.00000000e+00   1.03607690e-12  -7.88347426e-27  -1.89261575e-26  -6.90474473e-58
  5.13600000e-05   0.00000000e+00   0.00000000e+00   9.94654920e-13  -7.56829583e-27  -1.81694966e-26  -6.36368536e-58
  5.14400000e-05   0.00000000e+00   0.00000000e+00   9.53232943e-13  -7.25311740e-27  -1.74128358e-26  -5.84469847e-58
  5.15200000e-05   0.00000000e+00   0.00000000e+00   9.11810966e-13  -6.93793897e-27  -1.66561749e-26  -5.34778404e-58
  5.16000000e-05   0.00000000e+00   0.00000000e+00   8.70388989e-13  -6.62276054e-27  -1.58995140e-26  -4.87294209e-58
  5.16800000e-05   0.00000000e+00   0.00000000e+00   1.30474168e-12  -9.92773557e-27  -2.38338937e-26  -1.09498626e-57
  5.17600000e-05   0.00000000e+00   0.00000000e+00   1.06923347e-12  -8.13576149e-27  -1.95318331e-26  -7.35373291e-58
  5.18400000e-05   0.00000000e+00   0.00000000e+00   1.03518377e-12  -7.87667850e-27  -1.89098427e-26  -6.89283351e-58
  5.19200000e-05   0.00000000e+00   0.00000000e+00   1.00113408e-12  -7.61759552e-27  -1.82878523e-26  -6.44684885e-58
  5.20000000e-05   0.00000000e+00   0.00000000e+00   9.67084381e-13  -7.35851253e-27  -1.76658619e-26  -6.01577893e-58
  5.20800000e-05   0.00000000e+00   0.00000000e+00   1.27196231e-12  -9.67831841e-27  -2.32351084e-26  -1.04065553e-57
  5.21600000e-05   0.00000000e+00   0.00000000e+00   1.28125861e-12  -9.74905371e-27  -2.34049253e-26  -1.05592268e-57
  5.22400000e-05   0.00000000e+00   0.00000000e+00   1.29055492e-12  -9.81978901e-27  -2.35747422e-26  -1.07130100e-57
  5.23200000e-05   0.00000000e+00   0.00000000e+00   1.29985123e-12  -9.89052431e-27  -2.37445592e-26  -1.08679049e-57
  5.24000000e-05   0.00000000e+00   0.00000000e+00   1.30914754e-12  -9.96125961e-27  -2.39143761e-26  -1.10239117e-57
  5.24800000e-05   0.00000000e+00   0.00000000e+00   1.31844385e-12  -1.00319949e-26  -2.40841930e-26  -1.11810302e-57
  5.25600000e-05   0.00000000e+00   0.00000000e+00   1.32774016e-12  -1.01027302e-26  -2.42540100e-26  -1.13392604e-57
  5.26400000e-05   0.00000000e+00   0.00000000e+00   7.26313662e-13  -5.52649622e-27  -1.32676704e-26  -3.39315895e-58
  5.27200000e-05   0.00000000e+00   0.00000000e+00   7.49916620e-13  -5.70609034e-27  -1.36988288e-26  -3.61727767e-58
  5.28000000e-05   0.00000000e+00   0.00000000e+00   7.73519579e-13  -5.88568446e-27  -1.41299873e-26  -3.84856313e-58
  5.28800000e-05   0.00000000e+00   0.00000000e+00   9.22331475e-13  -7.01798917e-27  -1.68483544e-26  -5.47177796e-58
  5.29600000e-05   0.00000000e+00   0.00000000e+00   9.63957507e-13  -7.33472025e-27  -1.76087428e-26  -5.97682305e-58
  5.30400000e-05   0.00000000e+00   0.00000000e+00   1.00558354e-12  -7.65145133e-27  -1.83691312e-26  -6.50415861e-58
  5.31200000e-05   0.00000000e+00   0.00000000e+00   1.04720957e-12  -7.96818240e-27  -1.91295196e-26  -7.05378465e-58
  5.32000000e-05   0.00000000e+00   0.00000000e+00   1.08883560e-12  -8.28491348e-27  -1.98899080e-26  -7.62570116e-58
  5.32800000e-05   0.00000000e+00   0.00000000e+00   1.13046163e-12  -8.60164456e-27  -2.06502964e-26  -8.21990815e-58
  5.33600000e-05   0.00000000e+00   0.00000000e+00   1.17208767e-12  -8.91837564e-27  -2.14106847e-26  -8.83640562e-58
  5.34400000e-05   0.00000000e+00   0.00000000e+00   1.21371370e-12  -9.23510671e-27  -2.21710731e-26  -9.47519356e-58
  5.35200000e-05   0.00000000e+00   0.00000000e+00   1.14427345e-12  -8.70673820e-27  -2.09025987e-26  -8.42213283e-58
  5.36000000e-05   0.00000000e+00   0.00000000e+00   1.11121864e-12  -8.45522526e-27  -2.02987820e-26  -7.94257954e-58
  5.36800000e-05   0.00000000e+00   0.00000000e+00   1.07816383e-12  -8.20371232e-27  -1.96949653e-26  -7.47708215e-58
  5.37600000e-05   0.00000000e+00   0.00000000e+00   1.04510902e-12  -7.95219939e-27  -1.90911485e-26  -7.02564066e-58
  5.38400000e-05   0.00000000e+00   0.00000000e+00   1.01205421e-12  -7.70068645e-27  -1.84873318e-26  -6.58825507e-58
  5.39200000e-05   0.00000000e+00   0.00000000e+00   9.78999400e-13  -7.44917351e-27  -1.78835151e-26  -6.16492538e-58
  5.40000000e-05   0.00000000e+00   0.00000000e+00   9.45944590e-13  -7.19766057e-27  -1.72796984e-26  -5.75565159e-58
  5.40800000e-05   0.00000000e+00   0.00000000e+00   9.12889780e-13  -6.94614763e-27  -1.66758817e-26  -5.36043369e-58
  5.41600000e-05   0.00000000e+00   0.00000000e+00   1.75204820e-12  -1.33312758e-26  -3.20049027e-26  -1.97445631e-57
  5.42400000e-05   0.00000000e+00   0.00000000e+00   1.81462483e-12  -1.38074193e-26  -3.31479984e-26  -2.11801611e-57
  5.43200000e-05   0.00000000e+00   0.00000000e+00   1.87720145e-12  -1.42835627e-26  -3.42910942e-26  -2.26661340e-57
  5.44000000e-05   0.00000000e+00   0.00000000e+00   1.02826109e-12  -7.82400405e-27  -1.87833851e-26  -6.80093893e-58
  5.44800000e-05   0.00000000e+00   0.00000000e+00   1.00208275e-12  -7.62481393e-27  -1.83051818e-26  -6.45905992e-58
  5.45600000e-05   0.00000000e+00   0.00000000e+00   9.75904405e-13  -7.42562380e-27  -1.78269784e-26  -6.12599695e-58
  5.46400000e-05   0.00000000e+00   0.00000000e+00   9.49726063e-13  -7.22643367e-27  -1.73487751e-26  -5.80175002e-58
  5.47200000e-05   0.00000000e+00   0.00000000e+00   9.23547721e-13  -7.02724355e-27  -1.68705718e-26  -5.48631913e-58
  5.48000000e-05   0.00000000e+00   0.00000000e+00   8.97369378e-13  -6.82805342e-27  -1.63923684e-26  -5.17970428e-58
  5.48800000e-05   0.00000000e+00   0.00000000e+00   8.71191036e-13  -6.62886330e-27  -1.59141651e-26  -4.88190547e-58
  5.49600000e-05   0.00000000e+00   0.00000000e+00   8.45012694e-13  -6.42967317e-27  -1.54359617e-26  -4.59292270e-58
  5.50400000e-05   0.00000000e+00   0.00000000e+00   8.18834352e-13  -6.23048304e-27  -1.49577584e-26  -4.31275598e-58
  5.51200000e-05   0.00000000e+00   0.00000000e+00   7.92656009e-13  -6.03129292e-27  -1.44795551e-26  -4.04140529e-58
  5.52000000e-05   0.00000000e+00   0.00000000e+00   7.66477667e-13  -5.83210279e-27  -1.40013517e-26  -3.77887064e-58
  5.52800000e-05   0.00000000e+00   0.00000000e+00   7.32342688e-13  -5.57237089e-27  -1.33778034e-26  -3.44980087e-58
  5.53600000e-05   0.00000000e+00   0.00000000e+00   6.26028266e-13  -4.76342803e-27  -1.14357434e-26  -2.52085165e-58
  5.54400000e-05   0.00000000e+00   0.00000000e+00   6.25472412e-13  -4.75919855e-27  -1.14255896e-26  -2.51637708e-58
  5.55200000e-05   0.00000000e+00   0.00000000e+00   6.24916558e-13  -4.75496907e-27  -1.14154357e-26  -2.51190648e-58
  5.56000000e-05   0.00000000e+00   0.00000000e+00   6.24360703e-13  -4.75073959e-27  -1.14052818e-26  -2.50743986e-58
  5.56800000e-05   0.00000000e+00   0.00000000e+00   6.23804849e-13  -4.74651012e-27  -1.13951280e-26  -2.50297721e-58
  5.57600000e-05   0.00000000e+00   0.00000000e+00   6.23248994e-13  -4.74228064e-27  -1.13849741e-26  -2.49851854e-58
  5.58400000e-05   0.00000000e+00   0.00000000e+00   6.22693140e-13  -4.73805116e-27  -1.13748202e-26  -2.49406384e-58
  5.59200000e-05   0.00000000e+00   0.00000000e+00   6.22137285e-13  -4.73382168e-27  -1.13646664e-26  -2.48961312e-58
  5.60000000e-05   0.00000000e+00   0.00000000e+00   6.21581431e-13  -4.72959221e-27  -1.13545125e-26  -2.48516637e-58
  5.60800000e-05   0.00000000e+00   0.00000000e+00   6.21025577e-13  -4.72536273e-27  -1.13443586e-26  -2.48072360e-58
  5.61600000e-05   0.00000000e+00   0.00000000e+00   6.40479042e-13  -4.87338350e-27  -1.16997177e-26  -2.63853936e-58
  5.62400000e-05   0.00000000e+00   0.00000000e+00   6.73376003e-13  -5.12369536e-27  -1.23006510e-26  -2.91654898e-58
  5.63200000e-05   0.00000000e+00   0.00000000e+00   5.94059067e-13  -4.52017546e-27  -1.08517577e-26  -2.26996563e-58
  5.64000000e-05   0.00000000e+00   0.00000000e+00   5.90132220e-13  -4.49029622e-27  -1.07800255e-26  -2.24005501e-58
  5.64800000e-05   0.00000000e+00   0.00000000e+00   5.86205374e-13  -4.46041698e-27  -1.07082932e-26  -2.21034276e-58
  5.65600000e-05   0.00000000e+00   0.00000000e+00   5.82278527e-13  -4.43053773e-27  -1.06365610e-26  -2.18082887e-58
  5.66400000e-05   0.00000000e+00   0.00000000e+00   4.49063479e-13  -3.41690891e-27  -8.20310362e-27  -1.29712566e-58
  5.67200000e-05   0.00000000e+00   0.00000000e+00   4.18998577e-13  -3.18814608e-27  -7.65390396e-27  -1.12925544e-58
  5.68000000e-05   0.00000000e+00   0.00000000e+00   3.88933674e-13  -2.95938325e-27  -7.10470429e-27  -9.73013335e-59
  5.68800000e-05   0.00000000e+00   0.00000000e+00   3.58868772e-13  -2.73062042e-27  -6.55550463e-27  -8.28399330e-59
  5.69600000e-05   0.00000000e+00   0.00000000e+00   3.28803869e-13  -2.50185758e-27  -6.00630497e-27  -6.95413429e-59
  5.70400000e-05   0.00000000e+00   0.00000000e+00   9.21278904e-13  -7.00998020e-27  -1.68291270e-26  -5.45939809e-58
  5.71200000e-05   0.00000000e+00   0.00000000e+00   8.94097998e-13  -6.80316160e-27  -1.63326097e-26  -5.14200924e-58
  5.72000000e-05   0.00000000e+00   0.00000000e+00   8.66917092e-13  -6.59634300e-27  -1.58360924e-26  -4.83412462e-58
  5.72800000e-05   0.00000000e+00   0.00000000e+00   8.39736185e-13  -6.38952440e-27  -1.53395750e-26  -4.53574423e-58
  5.73600000e-05   0.00000000e+00   0.00000000e+00   8.12555279e-13  -6.18270579e-27  -1.48430577e-26  -4.24686808e-58
  5.74400000e-05   0.00000000e+00   0.00000000e+00   7.85374372e-13  -5.97588719e-27  -1.43465404e-26  -3.96749617e-58
  5.75200000e-05   0.00000000e+00   0.00000000e+00   7.58193466e-13  -5.76906859e-27  -1.38500231e-26  -3.69762849e-58
  5.76000000e-05   0.00000000e+00   0.00000000e+00   7.31012560e-13  -5.56224998e-27  -1.33535058e-26  -3.43726504e-58
  5.76800000e-05   0.00000000e+00   0.00000000e+00   7.03831653e-13  -5.35543138e-27  -1.28569885e-26  -3.18640583e-58
  5.77600000e-05   0.00000000e+00   0.00000000e+00   6.76650747e-13  -5.14861278e-27  -1.23604712e-26  -2.94505086e-58
  5.78400000e-05   0.00000000e+00   0.00000000e+00   1.23998154e-12  -9.43497788e-27  -2.26509114e-26  -9.88977893e-58
  5.79200000e-05   0.00000000e+00   0.00000000e+00   1.06043653e-12  -8.06882588e-27  -1.93711382e-26  -7.23331174e-58
  5.80000000e-05   0.00000000e+00   0.00000000e+00   9.77239491e-13  -7.43578243e-27  -1.78513666e-26  -6.14285930e-58
  5.80800000e-05   0.00000000e+00   0.00000000e+00   8.94042455e-13  -6.80273898e-27  -1.63315951e-26  -5.14145093e-58
  5.81600000e-05   0.00000000e+00   0.00000000e+00   8.10845419e-13  -6.16969553e-27  -1.48118235e-26  -4.22908664e-58
  5.82400000e-05   0.00000000e+00   0.00000000e+00   7.27648383e-13  -5.53665208e-27  -1.32920519e-26  -3.40576641e-58
  5.83200000e-05   0.00000000e+00   0.00000000e+00   6.44451347e-13  -4.90360863e-27  -1.17722804e-26  -2.67149026e-58
  5.84000000e-05   0.00000000e+00   0.00000000e+00   8.53229911e-13  -6.49219770e-27  -1.55860668e-26  -4.68269835e-58
  5.84800000e-05   0.00000000e+00   0.00000000e+00   8.16040561e-13  -6.20922519e-27  -1.49067239e-26  -4.28339126e-58
  5.85600000e-05   0.00000000e+00   0.00000000e+00   7.78851211e-13  -5.92625267e-27  -1.42273809e-26  -3.90187624e-58
  5.86400000e-05   0.00000000e+00   0.00000000e+00   7.41661861e-13  -5.64328016e-27  -1.35480380e-26  -3.53815328e-58
  5.87200000e-05   0.00000000e+00   0.00000000e+00   7.04472510e-13  -5.36030765e-27  -1.28686951e-26  -3.19222240e-58
  5.88000000e-05   0.00000000e+00   0.00000000e+00   2.64217355e-13  -2.01042097e-27  -4.82649434e-27  -4.49046960e-59
  5.88800000e-05   0.00000000e+00   0.00000000e+00   2.40433569e-13  -1.82945094e-27  -4.39203269e-27  -3.71843550e-59
  5.89600000e-05   0.00000000e+00   0.00000000e+00   2.16649783e-13  -1.64848091e-27  -3.95757104e-27  -3.01917122e-59
  5.90400000e-05   0.00000000e+00   0.00000000e+00   1.92865997e-13  -1.46751089e-27  -3.52310939e-27  -2.39267675e-59
  5.91200000e-05   0.00000000e+00   0.00000000e+00   9.11857209e-13  -6.93829085e-27  -1.66570196e-26  -5.34815294e-58
  5.92000000e-05   0.00000000e+00   0.00000000e+00   9.88795801e-13  -7.52371401e-27  -1.80624673e-26  -6.28874647e-58
  5.92800000e-05   0.00000000e+00   0.00000000e+00   1.06573439e-12  -8.10913717e-27  -1.94679150e-26  -7.30549137e-58
  5.93600000e-05   0.00000000e+00   0.00000000e+00   1.14267299e-12  -8.69456033e-27  -2.08733628e-26  -8.39838766e-58
  5.94400000e-05   0.00000000e+00   0.00000000e+00   1.21961158e-12  -9.27998349e-27  -2.22788105e-26  -9.56743532e-58
  5.95200000e-05   0.00000000e+00   0.00000000e+00   1.29655017e-12  -9.86540665e-27  -2.36842582e-26  -1.08126344e-57
  5.96000000e-05   0.00000000e+00   0.00000000e+00   1.37348876e-12  -1.04508298e-26  -2.50897059e-26  -1.21339848e-57
  5.96800000e-05   0.00000000e+00   0.00000000e+00   1.31932728e-12  -1.00387170e-26  -2.41003309e-26  -1.11960109e-57
  5.97600000e-05   0.00000000e+00   0.00000000e+00   1.33249641e-12  -1.01389204e-26  -2.43408931e-26  -1.14206371e-57
  5.98400000e-05   0.00000000e+00   0.00000000e+00   1.34566554e-12  -1.02391239e-26  -2.45814554e-26  -1.16474943e-57
  5.99200000e-05   0.00000000e+00   0.00000000e+00   1.35883467e-12  -1.03393273e-26  -2.48220176e-26  -1.18765826e-57
  6.00000000e-05   0.00000000e+00   0.00000000e+00   1.37200380e-12  -1.04395308e-26  -2.50625799e-26  -1.21079019e-57
  6.00800000e-05   0.00000000e+00   0.00000000e+00   1.38517293e-12  -1.05397342e-26  -2.53031422e-26  -1.23414522e-57
  6.01600000e-05   0.00000000e+00   0.00000000e+00   1.39834206e-12  -1.06399377e-26  -2.55437044e-26  -1.25772335e-57
  6.02400000e-05   0.00000000e+00   0.00000000e+00   1.41151118e-12  -1.07401411e-26  -2.57842667e-26  -1.28152458e-57
  6.03200000e-05   0.00000000e+00   0.00000000e+00   1.64795391e-12  -1.25392259e-26  -3.01033981e-26  -1.74681613e-57
  6.04000000e-05   0.00000000e+00   0.00000000e+00   1.68188183e-12  -1.27973823e-26  -3.07231640e-26  -1.81948330e-57
  6.04800000e-05   0.00000000e+00   0.00000000e+00   4.24016011e-13  -3.22632357e-27  -7.74555811e-27  -1.15648487e-58
  6.05600000e-05   0.00000000e+00   0.00000000e+00   1.78547326e-12  -1.35856060e-26  -3.26154828e-26  -2.05051956e-57
  6.06400000e-05   0.00000000e+00   0.00000000e+00   1.81988763e-12  -1.38474638e-26  -3.32441348e-26  -2.13032763e-57
  6.07200000e-05   0.00000000e+00   0.00000000e+00   1.85430200e-12  -1.41093216e-26  -3.38727867e-26  -2.21165929e-57
  6.08000000e-05   0.00000000e+00   0.00000000e+00   1.88871637e-12  -1.43711793e-26  -3.45014386e-26  -2.29451455e-57
  6.08800000e-05   0.00000000e+00   0.00000000e+00   1.92313073e-12  -1.46330371e-26  -3.51300905e-26  -2.37889339e-57
  6.09600000e-05   0.00000000e+00   0.00000000e+00   1.95754510e-12  -1.48948949e-26  -3.57587424e-26  -2.46479583e-57
  6.10400000e-05   0.00000000e+00   0.00000000e+00   1.99195947e-12  -1.51567526e-26  -3.63873944e-26  -2.55222187e-57
  6.11200000e-05   0.00000000e+00   0.00000000e+00   2.02637383e-12  -1.54186104e-26  -3.70160463e-26  -2.64117149e-57
  6.12000000e-05   0.00000000e+00   0.00000000e+00   2.06078820e-12  -1.56804681e-26  -3.76446982e-26  -2.73164471e-57
  6.12800000e-05   0.00000000e+00   0.00000000e+00   2.09520257e-12  -1.59423259e-26  -3.82733501e-26  -2.82364152e-57
  6.13600000e-05   0.00000000e+00   0.00000000e+00   2.12961693e-12  -1.62041837e-26  -3.89020020e-26  -2.91716192e-57
  6.14400000e-05   0.00000000e+00   0.00000000e+00   1.64498434e-12  -1.25166306e-26  -3.00491526e-26  -1.74052314e-57
  6.15200000e-05   0.00000000e+00   0.00000000e+00   1.69109077e-12  -1.28674529e-26  -3.08913850e-26  -1.83945932e-57
  6.16000000e-05   0.00000000e+00   0.00000000e+00   1.19748673e-12  -9.11163626e-27  -2.18746529e-26  -9.22370768e-58
  6.16800000e-05   0.00000000e+00   0.00000000e+00   1.14448497e-12  -8.70834764e-27  -2.09064625e-26  -8.42528344e-58
  6.17600000e-05   0.00000000e+00   0.00000000e+00   1.09148321e-12  -8.30505902e-27  -1.99382721e-26  -7.66299769e-58
  6.18400000e-05   0.00000000e+00   0.00000000e+00   1.03848144e-12  -7.90177039e-27  -1.89700817e-26  -6.93685041e-58
  6.19200000e-05   0.00000000e+00   0.00000000e+00   9.85479682e-13  -7.49848177e-27  -1.80018913e-26  -6.24684163e-58
  6.20000000e-05   0.00000000e+00   0.00000000e+00   9.32477920e-13  -7.09519315e-27  -1.70337009e-26  -5.59297132e-58
  6.20800000e-05   0.00000000e+00   0.00000000e+00   8.79476158e-13  -6.69190452e-27  -1.60655105e-26  -4.97523950e-58
  6.21600000e-05   0.00000000e+00   0.00000000e+00   8.26474397e-13  -6.28861590e-27  -1.50973201e-26  -4.39364616e-58
  6.22400000e-05   0.00000000e+00   0.00000000e+00   7.73472635e-13  -5.88532728e-27  -1.41291298e-26  -3.84819130e-58
  6.23200000e-05   0.00000000e+00   0.00000000e+00   1.23710108e-12  -9.41306051e-27  -2.25982935e-26  -9.84393915e-58
  6.24000000e-05   0.00000000e+00   0.00000000e+00   1.24572263e-12  -9.47866158e-27  -2.27557845e-26  -9.98162524e-58
  6.24800000e-05   0.00000000e+00   0.00000000e+00   1.25434417e-12  -9.54426265e-27  -2.29132755e-26  -1.01202675e-57
  6.25600000e-05   0.00000000e+00   0.00000000e+00   1.26296572e-12  -9.60986371e-27  -2.30707665e-26  -1.02598661e-57
  6.26400000e-05   0.00000000e+00   0.00000000e+00   2.66999187e-13  -2.03158784e-27  -4.87731045e-27  -4.58567806e-59
  6.27200000e-05   0.00000000e+00   0.00000000e+00   2.07052331e-13  -1.57545423e-27  -3.78225308e-27  -2.75772521e-59
  6.28000000e-05   0.00000000e+00   0.00000000e+00   1.48657318e-12  -1.13112854e-26  -2.71554344e-26  -1.42144393e-57
  6.28800000e-05   0.00000000e+00   0.00000000e+00   1.51614758e-12  -1.15363160e-26  -2.76956740e-26  -1.47856406e-57
  6.29600000e-05   0.00000000e+00   0.00000000e+00   1.54572199e-12  -1.17613466e-26  -2.82359137e-26  -1.53680937e-57
  6.30400000e-05   0.00000000e+00   0.00000000e+00   1.57529639e-12  -1.19863773e-26  -2.87761533e-26  -1.59617985e-57
  6.31200000e-05   0.00000000e+00   0.00000000e+00   1.60487079e-12  -1.22114079e-26  -2.93163930e-26  -1.65667552e-57
  6.32000000e-05   0.00000000e+00   0.00000000e+00   8.74926174e-13  -6.65728385e-27  -1.59823954e-26  -4.92382701e-58
  6.32800000e-05   0.00000000e+00   0.00000000e+00   8.69597154e-13  -6.61673552e-27  -1.58850494e-26  -4.86402941e-58
  6.33600000e-05   0.00000000e+00   0.00000000e+00   8.64268134e-13  -6.57618718e-27  -1.57877035e-26  -4.80459713e-58
  6.34400000e-05   0.00000000e+00   0.00000000e+00   8.58939114e-13  -6.53563885e-27  -1.56903576e-26  -4.74553019e-58
  6.35200000e-05   0.00000000e+00   0.00000000e+00   8.53610094e-13  -6.49509051e-27  -1.55930116e-26  -4.68682857e-58
  6.36000000e-05   0.00000000e+00   0.00000000e+00   8.48281074e-13  -6.45454218e-27  -1.54956657e-26  -4.62849228e-58
  6.36800000e-05   0.00000000e+00   0.00000000e+00   8.42952054e-13  -6.41399384e-27  -1.53983197e-26  -4.57052132e-58
  6.37600000e-05   0.00000000e+00   0.00000000e+00   8.37623034e-13  -6.37344551e-27  -1.53009738e-26  -4.51291569e-58
  6.38400000e-05   0.00000000e+00   0.00000000e+00   8.32294014e-13  -6.33289717e-27  -1.52036279e-26  -4.45567539e-58
  6.39200000e-05   0.00000000e+00   0.00000000e+00   8.26964993e-13  -6.29234884e-27  -1.51062819e-26  -4.39880042e-58
  6.40000000e-05   0.00000000e+00   0.00000000e+00   8.21635973e-13  -6.25180050e-27  -1.50089360e-26  -4.34229078e-58
  6.40800000e-05   0.00000000e+00   0.00000000e+00   8.49876988e-13  -6.46668544e-27  -1.55248185e-26  -4.64588302e-58
  6.41600000e-05   0.00000000e+00   0.00000000e+00   8.74745925e-13  -6.65591234e-27  -1.59791027e-26  -4.92175596e-58
  6.42400000e-05   0.00000000e+00   0.00000000e+00   8.99614862e-13  -6.84513924e-27  -1.64333870e-26  -5.20558507e-58
  6.43200000e-05   0.00000000e+00   0.00000000e+00   9.24483798e-13  -7.03436615e-27  -1.68876712e-26  -5.49737034e-58
  6.44000000e-05   0.00000000e+00   0.00000000e+00   9.49352735e-13  -7.22359305e-27  -1.73419555e-26  -5.79711178e-58
  6.44800000e-05   0.00000000e+00   0.00000000e+00   9.74221671e-13  -7.41281995e-27  -1.77962397e-26  -6.10480938e-58
  6.45600000e-05   0.00000000e+00   0.00000000e+00   9.99090608e-13  -7.60204685e-27  -1.82505239e-26  -6.42046314e-58
  6.46400000e-05   0.00000000e+00   0.00000000e+00   1.02395954e-12  -7.79127376e-27  -1.87048082e-26  -6.74407307e-58
  6.47200000e-05   0.00000000e+00   0.00000000e+00  -1.73589683e-13   1.32083806e-27   3.17098633e-27  -1.93806434e-59
  6.48000000e-05   0.00000000e+00   0.00000000e+00  -2.35837986e-13   1.79448331e-27   4.30808454e-27  -3.57732307e-59
  6.48800000e-05   0.00000000e+00   0.00000000e+00   1.20544592e-12  -9.17219749e-27  -2.20200445e-26  -9.34655021e-58
  6.49600000e-05   0.00000000e+00   0.00000000e+00   1.24349387e-12  -9.46170309e-27  -2.27150716e-26  -9.94588160e-58
  6.50400000e-05   0.00000000e+00   0.00000000e+00   1.28154183e-12  -9.75120868e-27  -2.34100987e-26  -1.05638361e-57
  6.51200000e-05   0.00000000e+00   0.00000000e+00   1.31958978e-12  -1.00407143e-26  -2.41051259e-26  -1.12004137e-57
  6.52000000e-05   0.00000000e+00   0.00000000e+00   1.35763773e-12  -1.03302199e-26  -2.48001530e-26  -1.18556144e-57
  6.52800000e-05   0.00000000e+00   0.00000000e+00   1.18003074e-12  -8.97881427e-27  -2.15557820e-26  -8.95665882e-58
  6.53600000e-05   0.00000000e+00   0.00000000e+00   1.17917038e-12  -8.97226780e-27  -2.15400657e-26  -8.94360295e-58
  6.54400000e-05   0.00000000e+00   0.00000000e+00   1.17831002e-12  -8.96572133e-27  -2.15243493e-26  -8.93055660e-58
  6.55200000e-05   0.00000000e+00   0.00000000e+00   1.17744966e-12  -8.95917486e-27  -2.15086329e-26  -8.91751978e-58
  6.56000000e-05   0.00000000e+00   0.00000000e+00   1.17658929e-12  -8.95262840e-27  -2.14929166e-26  -8.90449248e-58
  6.56800000e-05   0.00000000e+00   0.00000000e+00   1.17572893e-12  -8.94608193e-27  -2.14772002e-26  -8.89147470e-58
  6.57600000e-05   0.00000000e+00   0.00000000e+00   8.32845499e-13  -6.33709341e-27  -1.52137019e-26  -4.46163520e-58
  6.58400000e-05   0.00000000e+00   0.00000000e+00   7.87857603e-13  -5.99478202e-27  -1.43919019e-26  -3.99264749e-58
  6.59200000e-05   0.00000000e+00   0.00000000e+00   7.42869707e-13  -5.65247064e-27  -1.35701019e-26  -3.54969616e-58
  6.60000000e-05   0.00000000e+00   0.00000000e+00   6.97881812e-13  -5.31015925e-27  -1.27483019e-26  -3.13278121e-58
  6.60800000e-05   0.00000000e+00   0.00000000e+00   6.52893916e-13  -4.96784786e-27  -1.19265019e-26  -2.74190265e-58
  6.61600000e-05   0.00000000e+00   0.00000000e+00   6.07906020e-13  -4.62553648e-27  -1.11047019e-26  -2.37706048e-58
  6.62400000e-05   0.00000000e+00   0.00000000e+00   5.62918125e-13  -4.28322509e-27  -1.02829019e-26  -2.03825468e-58
  6.63200000e-05   0.00000000e+00   0.00000000e+00   5.17930229e-13  -3.94091371e-27  -9.46110190e-27  -1.72548527e-58
  6.64000000e-05   0.00000000e+00   0.00000000e+00   4.72942333e-13  -3.59860232e-27  -8.63930189e-27  -1.43875225e-58
  6.64800000e-05   0.00000000e+00   0.00000000e+00   4.27954438e-13  -3.25629093e-27  -7.81750189e-27  -1.17805560e-58
  6.65600000e-05   0.00000000e+00   0.00000000e+00   5.32098800e-13  -4.04872188e-27  -9.71992110e-27  -1.82117651e-58
  6.66400000e-05   0.00000000e+00   0.00000000e+00   4.78560504e-13  -3.64135079e-27  -8.74192978e-27  -1.47308599e-58
  6.67200000e-05   0.00000000e+00   0.00000000e+00   5.00221482e-13  -3.80616844e-27  -9.13761380e-27  -1.60945665e-58
  6.68000000e-05   0.00000000e+00   0.00000000e+00   2.99854927e-13  -2.28158606e-27  -5.47749071e-27  -5.78355289e-59
  6.68800000e-05   0.00000000e+00   0.00000000e+00   2.63877465e-13  -2.00783477e-27  -4.82028553e-27  -4.47897582e-59
  6.69600000e-05   0.00000000e+00   0.00000000e+00   2.27900004e-13  -1.73408347e-27  -4.16308035e-27  -3.34091258e-59
  6.70400000e-05   0.00000000e+00   0.00000000e+00   1.91922543e-13  -1.46033218e-27  -3.50587517e-27  -2.36936319e-59
  6.71200000e-05   0.00000000e+00   0.00000000e+00   1.55945081e-13  -1.18658088e-27  -2.84866999e-27  -1.56432763e-59
  6.72000000e-05   0.00000000e+00   0.00000000e+00   1.19967620e-13  -9.12829586e-28  -2.19146482e-27  -9.25805914e-60
  6.72800000e-05   0.00000000e+00   0.00000000e+00   8.39901582e-14  -6.39078291e-28  -1.53425964e-27  -4.53798036e-60
  6.73600000e-05   0.00000000e+00   0.00000000e+00   4.80126968e-14  -3.65326996e-28  -8.77054459e-28  -1.48303999e-60
  6.74400000e-05   0.00000000e+00   0.00000000e+00   1.20352353e-14  -9.15757013e-29  -2.19849280e-28  -9.32380077e-62
  6.75200000e-05   0.00000000e+00   0.00000000e+00   9.24471827e-13  -7.03427506e-27  -1.68874525e-26  -5.49726681e-58
  6.76000000e-05   0.00000000e+00   0.00000000e+00   9.23210504e-13  -7.02467770e-27  -1.68644118e-26  -5.48227643e-58
  6.76800000e-05   0.00000000e+00   0.00000000e+00   9.21949182e-13  -7.01508034e-27  -1.68413710e-26  -5.46730651e-58
  6.77600000e-05   0.00000000e+00   0.00000000e+00   9.74518633e-13  -7.41507952e-27  -1.78016643e-26  -6.10868347e-58
