       time             b_x              b_y              b_z              F_x              F_y              F_z
  0.00000000e+00   0.00000000e+00   0.00000000e+00  -3.55862430e-06  -4.69149979e-21   1.24088825e-20   0.00000000e+00
  8.00000000e-08   0.00000000e+00   0.00000000e+00  -3.75369158e-06  -4.94903277e-21   1.30889412e-20  -5.81647364e-46
  1.60000000e-07   0.00000000e+00   0.00000000e+00  -3.94875989e-06  -5.20662579e-21   1.37689813e-20  -6.43671563e-46
  2.40000000e-07   0.00000000e+00   0.00000000e+00  -1.64955199e-06  -2.17510639e-21   5.75180820e-21  -1.12330450e-46
  3.20000000e-07   0.00000000e+00   0.00000000e+00  -1.38748506e-06  -1.82960011e-21   4.83798808e-21  -7.94740552e-47
  4.00000000e-07   0.00000000e+00   0.00000000e+00  -1.12541803e-06  -1.48406454e-21   3.92417861e-21  -5.22879067e-47
  4.80000000e-07   0.00000000e+00   0.00000000e+00  -8.63350918e-07  -1.13850521e-21   3.01037778e-21  -3.07720125e-47
  5.60000000e-07   0.00000000e+00   0.00000000e+00  -6.01283737e-07  -7.92927665e-22   2.09658358e-21  -1.49263791e-47
  6.40000000e-07   0.00000000e+00   0.00000000e+00  -3.39216510e-07  -4.47337424e-22   1.18279400e-21  -4.75101139e-48
  7.20000000e-07   0.00000000e+00   0.00000000e+00  -7.71492567e-08  -1.01740022e-22   2.69007021e-22  -2.45912418e-49
  8.00000000e-07   0.00000000e+00   0.00000000e+00   1.84918002e-07   2.43859007e-22  -6.44779363e-22  -1.41108357e-48
  8.80000000e-07   0.00000000e+00   0.00000000e+00  -2.29141417e-06  -3.02180253e-21   7.98978550e-21  -2.16743549e-46
  9.60000000e-07   0.00000000e+00   0.00000000e+00  -2.48648540e-06  -3.27921143e-21   8.66990685e-21  -2.55218142e-46
  1.04000000e-06   0.00000000e+00   0.00000000e+00  -2.68155730e-06  -3.53666010e-21   9.35001584e-21  -2.96834584e-46
  1.12000000e-06   0.00000000e+00   0.00000000e+00  -2.87662994e-06  -3.79415167e-21   1.00301115e-20  -3.41592921e-46
  1.20000000e-06   0.00000000e+00   0.00000000e+00  -3.07170335e-06  -4.05168925e-21   1.07101929e-20  -3.89493201e-46
  1.28000000e-06   0.00000000e+00   0.00000000e+00  -3.26677761e-06  -4.30927596e-21   1.13902591e-20  -4.40535478e-46
  1.36000000e-06   0.00000000e+00   0.00000000e+00  -3.46185275e-06  -4.56691493e-21   1.20703090e-20  -4.94719806e-46
  1.44000000e-06   0.00000000e+00   0.00000000e+00  -3.65692884e-06  -4.82460926e-21   1.27503417e-20  -5.52046244e-46
  1.52000000e-06   0.00000000e+00   0.00000000e+00  -3.85200592e-06  -5.08236209e-21   1.34303562e-20  -6.12514855e-46
  1.60000000e-06   0.00000000e+00   0.00000000e+00  -6.07378967e-07  -8.01409039e-22   2.11766894e-21  -1.52305146e-47
  1.68000000e-06   0.00000000e+00   0.00000000e+00  -3.45309662e-07  -4.55624855e-22   1.20394445e-21  -4.92320694e-48
  1.76000000e-06   0.00000000e+00   0.00000000e+00  -8.32403311e-08  -1.09833383e-22   2.90222613e-22  -2.86257973e-49
  1.84000000e-06   0.00000000e+00   0.00000000e+00   1.78829006e-07   2.35959846e-22  -6.23498585e-22  -1.31966906e-48
  1.92000000e-06   0.00000000e+00   0.00000000e+00   4.40898330e-07   5.81749301e-22  -1.53722116e-21  -8.02343988e-48
  2.00000000e-06   0.00000000e+00   0.00000000e+00   7.02967621e-07   9.27529451e-22  -2.45094712e-21  -2.03975684e-47
  2.08000000e-06   0.00000000e+00   0.00000000e+00   9.65036858e-07   1.27329476e-21  -3.36467848e-21  -3.84420509e-47
  2.16000000e-06   0.00000000e+00   0.00000000e+00   1.22710602e-06   1.61903971e-21  -4.27841726e-21  -6.21568818e-47
  2.24000000e-06   0.00000000e+00   0.00000000e+00  -2.19472923e-06  -2.89565344e-21   7.65214866e-21  -1.98838501e-46
  2.32000000e-06   0.00000000e+00   0.00000000e+00  -2.38980674e-06  -3.15317864e-21   8.33225101e-21  -2.35757182e-46
  2.40000000e-06   0.00000000e+00   0.00000000e+00  -2.58488489e-06  -3.41074205e-21   9.01234148e-21  -2.75817905e-46
  2.48000000e-06   0.00000000e+00   0.00000000e+00  -2.77996375e-06  -3.66834682e-21   9.69241910e-21  -3.19020712e-46
  2.56000000e-06   0.00000000e+00   0.00000000e+00  -2.97504337e-06  -3.92599605e-21   1.03724829e-20  -3.65365650e-46
  2.64000000e-06   0.00000000e+00   0.00000000e+00  -3.17012379e-06  -4.18369286e-21   1.10525319e-20  -4.14852770e-46
  2.72000000e-06   0.00000000e+00   0.00000000e+00  -3.36520508e-06  -4.44144038e-21   1.17325652e-20  -4.67482127e-46
  2.80000000e-06   0.00000000e+00   0.00000000e+00  -3.56028729e-06  -4.69924172e-21   1.24125817e-20  -5.23253776e-46
  2.88000000e-06   0.00000000e+00   0.00000000e+00  -3.75537046e-06  -4.95710001e-21   1.30925806e-20  -5.82167780e-46
  2.96000000e-06   0.00000000e+00   0.00000000e+00   4.34826383e-07   5.73992974e-22  -1.51595424e-21  -7.80395159e-48
  3.04000000e-06   0.00000000e+00   0.00000000e+00   6.96897343e-07   9.19929456e-22  -2.42962768e-21  -2.00467983e-47
  3.12000000e-06   0.00000000e+00   0.00000000e+00   9.58968250e-07   1.26585123e-21  -3.34330647e-21  -3.79600712e-47
  3.20000000e-06   0.00000000e+00   0.00000000e+00   1.22103908e-06   1.61175276e-21  -4.25699264e-21  -6.15437650e-47
  3.28000000e-06   0.00000000e+00   0.00000000e+00   1.48310983e-06   1.95762853e-21  -5.17068820e-21  -9.07978724e-47
  3.36000000e-06   0.00000000e+00   0.00000000e+00   1.74518045e-06   2.30347299e-21  -6.08439516e-21  -1.25722385e-46
  3.44000000e-06   0.00000000e+00   0.00000000e+00   2.00725095e-06   2.64928063e-21  -6.99811553e-21  -1.66317291e-46
  3.52000000e-06   0.00000000e+00   0.00000000e+00   2.26932130e-06   2.99504589e-21  -7.91185133e-21  -2.12582579e-46
  3.60000000e-06   0.00000000e+00   0.00000000e+00   2.53139147e-06   3.34076327e-21  -8.82560457e-21  -2.64518235e-46
  3.68000000e-06   0.00000000e+00   0.00000000e+00  -2.29322056e-06  -3.02654554e-21   7.99519076e-21  -2.17085416e-46
  3.76000000e-06   0.00000000e+00   0.00000000e+00  -2.48830228e-06  -3.28416934e-21   8.67527258e-21  -2.55591258e-46
  3.84000000e-06   0.00000000e+00   0.00000000e+00  -2.68338468e-06  -3.54183294e-21   9.35534204e-21  -2.97239287e-46
  3.92000000e-06   0.00000000e+00   0.00000000e+00  -2.87846781e-06  -3.79953946e-21   1.00353981e-20  -3.42029550e-46
  4.00000000e-06   0.00000000e+00   0.00000000e+00  -3.07355173e-06  -4.05729202e-21   1.07154399e-20  -3.89962095e-46
  4.08000000e-06   0.00000000e+00   0.00000000e+00  -3.26863648e-06  -4.31509374e-21   1.13954665e-20  -4.41036974e-46
  4.16000000e-06   0.00000000e+00   0.00000000e+00  -3.46372212e-06  -4.57294774e-21   1.20754767e-20  -4.95254243e-46
  4.24000000e-06   0.00000000e+00   0.00000000e+00  -3.65880871e-06  -4.83085714e-21   1.27554698e-20  -5.52613961e-46
  4.32000000e-06   0.00000000e+00   0.00000000e+00   1.47705153e-06   1.95028861e-21  -5.14931798e-21  -9.00575779e-47
  4.40000000e-06   0.00000000e+00   0.00000000e+00   1.73912342e-06   2.29625181e-21  -6.06298502e-21  -1.24851188e-46
  4.48000000e-06   0.00000000e+00   0.00000000e+00   2.00119518e-06   2.64217831e-21  -6.97666544e-21  -1.65315248e-46
  4.56000000e-06   0.00000000e+00   0.00000000e+00   2.26326679e-06   2.98806257e-21  -7.89036124e-21  -2.11449744e-46
  4.64000000e-06   0.00000000e+00   0.00000000e+00  -6.25764574e-07  -8.26150004e-22   2.18158917e-21  -1.61644554e-47
  4.72000000e-06   0.00000000e+00   0.00000000e+00  -6.78215348e-07  -8.95408638e-22   2.36444267e-21  -1.89878182e-47
  4.80000000e-06   0.00000000e+00   0.00000000e+00  -7.30666162e-07  -9.64670175e-22   2.54729523e-21  -2.20383172e-47
  4.88000000e-06   0.00000000e+00   0.00000000e+00  -7.83117016e-07  -1.03393484e-21   2.73014676e-21  -2.53159531e-47
  4.96000000e-06   0.00000000e+00   0.00000000e+00  -8.35567916e-07  -1.10320285e-21   2.91299721e-21  -2.88207268e-47
  5.04000000e-06   0.00000000e+00   0.00000000e+00   7.55397650e-08   9.97357743e-23  -2.63350227e-22  -2.35512223e-49
  5.12000000e-06   0.00000000e+00   0.00000000e+00  -8.70379234e-08  -1.14916848e-22   3.03435654e-22  -3.12679656e-49
  5.20000000e-06   0.00000000e+00   0.00000000e+00  -1.39663509e-07  -1.84399241e-22   4.86901257e-22  -8.05143371e-49
  5.28000000e-06   0.00000000e+00   0.00000000e+00  -1.92289103e-07  -2.53882234e-22   6.70366665e-22  -1.52625769e-48
  5.36000000e-06   0.00000000e+00   0.00000000e+00  -2.44914708e-07  -3.23366052e-22   8.53831804e-22  -2.47602278e-48
  5.44000000e-06   0.00000000e+00   0.00000000e+00  -2.97540327e-07  -3.92850922e-22   1.03729660e-21  -3.65443886e-48
  5.52000000e-06   0.00000000e+00   0.00000000e+00  -3.50165963e-07  -4.62337070e-22   1.22076098e-21  -5.06150620e-48
  5.60000000e-06   0.00000000e+00   0.00000000e+00  -4.02791618e-07  -5.31824721e-22   1.40422487e-21  -6.69722512e-48
  5.68000000e-06   0.00000000e+00   0.00000000e+00  -2.98875019e-07  -3.94622010e-22   1.04194630e-21  -3.68764651e-48
  5.76000000e-06   0.00000000e+00   0.00000000e+00  -2.38815748e-07  -3.15323990e-22   8.32565374e-22  -2.35451501e-48
  5.84000000e-06   0.00000000e+00   0.00000000e+00  -1.78756470e-07  -2.36024809e-22   6.23184852e-22  -1.31919273e-48
  5.92000000e-06   0.00000000e+00   0.00000000e+00  -1.18697185e-07  -1.56724759e-22   4.13804633e-22  -5.81679829e-49
  6.00000000e-06   0.00000000e+00   0.00000000e+00  -5.86378952e-08  -7.74241318e-23   2.04424617e-22  -1.41976406e-49
  6.08000000e-06   0.00000000e+00   0.00000000e+00   1.42139624e-09   1.87678007e-24  -4.95529991e-24  -8.25237123e-53
  6.16000000e-06   0.00000000e+00   0.00000000e+00   6.14806876e-08   8.11776850e-23  -2.14335219e-22  -1.55998203e-49
  6.24000000e-06   0.00000000e+00   0.00000000e+00   1.21539977e-07   1.60478291e-22  -4.23715243e-22  -6.09723421e-49
  6.32000000e-06   0.00000000e+00   0.00000000e+00   1.81599262e-07   2.39778307e-22  -6.33095473e-22  -1.36125811e-48
  6.40000000e-06   0.00000000e+00   0.00000000e+00  -7.39085431e-08  -9.75865507e-23   2.57661684e-22  -2.25455173e-49
  6.48000000e-06   0.00000000e+00   0.00000000e+00  -1.26534260e-07  -1.67072255e-22   4.41126554e-22  -6.60875016e-49
  6.56000000e-06   0.00000000e+00   0.00000000e+00  -1.79159984e-07  -2.36558503e-22   6.24591248e-22  -1.32494658e-48
  6.64000000e-06   0.00000000e+00   0.00000000e+00  -2.31785718e-07  -3.06045521e-22   8.08055691e-22  -2.21767002e-48
  6.72000000e-06   0.00000000e+00   0.00000000e+00  -2.84411465e-07  -3.75533533e-22   9.91519810e-22  -3.33904554e-48
  6.80000000e-06   0.00000000e+00   0.00000000e+00  -3.37037229e-07  -4.45022766e-22   1.17498353e-21  -4.68907340e-48
  6.88000000e-06   0.00000000e+00   0.00000000e+00  -3.89663012e-07  -5.14513446e-22   1.35844678e-21  -6.26775390e-48
  6.96000000e-06   0.00000000e+00   0.00000000e+00  -4.42288817e-07  -5.84005799e-22   1.54190949e-21  -8.07508740e-48
  7.04000000e-06   0.00000000e+00   0.00000000e+00  -4.94914647e-07  -6.53500051e-22   1.72537157e-21  -1.01110743e-47
  7.12000000e-06   0.00000000e+00   0.00000000e+00  -7.29478563e-08  -9.63227500e-23   2.54310750e-22  -2.19716508e-49
  7.20000000e-06   0.00000000e+00   0.00000000e+00  -1.28884906e-08  -1.70184019e-23   4.49318386e-23  -6.86527833e-51
  7.28000000e-06   0.00000000e+00   0.00000000e+00   4.71708756e-08   6.22860089e-23  -1.64447051e-22  -9.18243491e-50
  7.36000000e-06   0.00000000e+00   0.00000000e+00   1.07230240e-07   1.41590190e-22  -3.73826021e-22  -4.74593708e-49
  7.44000000e-06   0.00000000e+00   0.00000000e+00   1.67289601e-07   2.20893851e-22  -5.83205173e-22  -1.15517330e-48
  7.52000000e-06   0.00000000e+00   0.00000000e+00   2.27348956e-07   3.00196698e-22  -7.92584610e-22  -2.13356303e-48
  7.60000000e-06   0.00000000e+00   0.00000000e+00   2.87408302e-07   3.79498440e-22  -1.00196443e-21  -3.40976276e-48
  7.68000000e-06   0.00000000e+00   0.00000000e+00   3.47467639e-07   4.58798786e-22  -1.21134474e-21  -4.98377231e-48
  7.76000000e-06   0.00000000e+00   0.00000000e+00  -1.13406900e-07  -1.49742720e-22   3.95360352e-22  -5.30856097e-49
  7.84000000e-06   0.00000000e+00   0.00000000e+00  -1.66032689e-07  -2.19230547e-22   5.78824706e-22  -1.13789194e-48
  7.92000000e-06   0.00000000e+00   0.00000000e+00  -2.18658487e-07  -2.88719087e-22   7.62288829e-22  -1.97358021e-48
  8.00000000e-06   0.00000000e+00   0.00000000e+00  -2.71284298e-07  -3.58208565e-22   9.45752645e-22  -3.03792108e-48
  8.08000000e-06   0.00000000e+00   0.00000000e+00  -3.23910125e-07  -4.27699208e-22   1.12921608e-21  -4.33091479e-48
  8.16000000e-06   0.00000000e+00   0.00000000e+00  -3.76535970e-07  -4.97191242e-22   1.31267907e-21  -5.85256166e-48
  8.24000000e-06   0.00000000e+00   0.00000000e+00  -4.29161836e-07  -5.66684892e-22   1.49614153e-21  -7.60286201e-48
  8.32000000e-06   0.00000000e+00   0.00000000e+00  -4.81787727e-07  -6.36180385e-22   1.67960338e-21  -9.58181626e-48
  8.40000000e-06   0.00000000e+00   0.00000000e+00  -5.34413646e-07  -7.05677946e-22   1.86306457e-21  -1.17894249e-47
  8.48000000e-06   0.00000000e+00   0.00000000e+00   9.29210189e-08   1.22699693e-22  -3.23939761e-22  -3.56373974e-49
  8.56000000e-06   0.00000000e+00   0.00000000e+00   1.52980435e-07   2.02006026e-22  -5.33318122e-22  -9.66000583e-49
  8.64000000e-06   0.00000000e+00   0.00000000e+00   2.13039845e-07   2.81311615e-22  -7.42696742e-22  -1.87343789e-48
  8.72000000e-06   0.00000000e+00   0.00000000e+00   2.73099248e-07   3.60616169e-22  -9.52075724e-22  -3.07868578e-48
  8.80000000e-06   0.00000000e+00   0.00000000e+00   3.33158642e-07   4.39919395e-22  -1.16145517e-21  -4.58174406e-48
  8.88000000e-06   0.00000000e+00   0.00000000e+00   3.93218023e-07   5.19221002e-22  -1.37083518e-21  -6.38261253e-48
  8.96000000e-06   0.00000000e+00   0.00000000e+00   4.53277391e-07   5.98520698e-22  -1.58021586e-21  -8.48129094e-48
  9.04000000e-06   0.00000000e+00   0.00000000e+00   5.13336742e-07   6.77818191e-22  -1.78959731e-21  -1.08777790e-47
  9.12000000e-06   0.00000000e+00   0.00000000e+00  -1.52906370e-07  -2.01898440e-22   5.33063624e-22  -9.65077121e-49
  9.20000000e-06   0.00000000e+00   0.00000000e+00   3.81661882e-13   5.03950114e-28  -1.33055263e-27  -6.01318743e-60
  9.28000000e-06   0.00000000e+00   0.00000000e+00   3.85411621e-13   5.08901306e-28  -1.34362500e-27  -6.13192433e-60
  9.36000000e-06   0.00000000e+00   0.00000000e+00   3.89161359e-13   5.13852498e-28  -1.35669737e-27  -6.25182209e-60
  9.44000000e-06   0.00000000e+00   0.00000000e+00   3.92911098e-13   5.18803690e-28  -1.36976974e-27  -6.37288071e-60
  9.52000000e-06   0.00000000e+00   0.00000000e+00   3.96660837e-13   5.23754882e-28  -1.38284211e-27  -6.49510019e-60
  9.60000000e-06   0.00000000e+00   0.00000000e+00   4.00410576e-13   5.28706074e-28  -1.39591448e-27  -6.61848053e-60
  9.68000000e-06   0.00000000e+00   0.00000000e+00   4.04160315e-13   5.33657267e-28  -1.40898685e-27  -6.74302174e-60
  9.76000000e-06   0.00000000e+00   0.00000000e+00   4.07910053e-13   5.38608459e-28  -1.42205922e-27  -6.86872380e-60
  9.84000000e-06   0.00000000e+00   0.00000000e+00   5.88877351e-13   7.77559464e-28  -2.05294882e-27  -1.43151412e-59
  9.92000000e-06   0.00000000e+00   0.00000000e+00   6.01351868e-13   7.94030938e-28  -2.09643758e-27  -1.49280578e-59
  1.00000000e-05   0.00000000e+00   0.00000000e+00   6.13826384e-13   8.10502413e-28  -2.13992634e-27  -1.55538222e-59
  1.00800000e-05   0.00000000e+00   0.00000000e+00   6.26300901e-13   8.26973888e-28  -2.18341509e-27  -1.61924343e-59
  1.01600000e-05   0.00000000e+00   0.00000000e+00   6.38775417e-13   8.43445363e-28  -2.22690385e-27  -1.68438941e-59
  1.02400000e-05   0.00000000e+00   0.00000000e+00   6.51249934e-13   8.59916837e-28  -2.27039261e-27  -1.75082016e-59
  1.03200000e-05   0.00000000e+00   0.00000000e+00   6.63724450e-13   8.76388312e-28  -2.31388137e-27  -1.81853568e-59
  1.04000000e-05   0.00000000e+00   0.00000000e+00   6.76198967e-13   8.92859787e-28  -2.35737012e-27  -1.88753597e-59
  1.04800000e-05   0.00000000e+00   0.00000000e+00   4.50046479e-13   5.94245811e-28  -1.56895555e-27  -8.36107397e-60
  1.05600000e-05   0.00000000e+00   0.00000000e+00   4.53796218e-13   5.99197003e-28  -1.58202792e-27  -8.50098168e-60
  1.06400000e-05   0.00000000e+00   0.00000000e+00   4.57545957e-13   6.04148195e-28  -1.59510029e-27  -8.64205025e-60
  1.07200000e-05   0.00000000e+00   0.00000000e+00   4.61295696e-13   6.09099387e-28  -1.60817266e-27  -8.78427968e-60
  1.08000000e-05   0.00000000e+00   0.00000000e+00   4.65045434e-13   6.14050579e-28  -1.62124503e-27  -8.92766998e-60
  1.08800000e-05   0.00000000e+00   0.00000000e+00   4.68795173e-13   6.19001771e-28  -1.63431740e-27  -9.07222114e-60
  1.09600000e-05   0.00000000e+00   0.00000000e+00   4.72544912e-13   6.23952963e-28  -1.64738977e-27  -9.21793315e-60
  1.10400000e-05   0.00000000e+00   0.00000000e+00   4.76294651e-13   6.28904156e-28  -1.66046213e-27  -9.36480603e-60
  1.11200000e-05   0.00000000e+00   0.00000000e+00   4.80044390e-13   6.33855348e-28  -1.67353450e-27  -9.51283977e-60
  1.12000000e-05   0.00000000e+00   0.00000000e+00   7.92555356e-13   1.04649791e-27  -2.76301267e-27  -2.59301921e-59
  1.12800000e-05   0.00000000e+00   0.00000000e+00   8.05029872e-13   1.06296938e-27  -2.80650143e-27  -2.67528801e-59
  1.13600000e-05   0.00000000e+00   0.00000000e+00   8.17504389e-13   1.07944086e-27  -2.84999019e-27  -2.75884157e-59
  1.14400000e-05   0.00000000e+00   0.00000000e+00   8.29978905e-13   1.09591233e-27  -2.89347895e-27  -2.84367991e-59
  1.15200000e-05   0.00000000e+00   0.00000000e+00   8.42453422e-13   1.11238381e-27  -2.93696770e-27  -2.92980302e-59
  1.16000000e-05   0.00000000e+00   0.00000000e+00   8.54927938e-13   1.12885528e-27  -2.98045646e-27  -3.01721090e-59
  1.16800000e-05   0.00000000e+00   0.00000000e+00   8.67402455e-13   1.14532676e-27  -3.02394522e-27  -3.10590355e-59
  1.17600000e-05   0.00000000e+00   0.00000000e+00   8.79876971e-13   1.16179823e-27  -3.06743397e-27  -3.19588097e-59
  1.18400000e-05   0.00000000e+00   0.00000000e+00   8.92351488e-13   1.17826971e-27  -3.11092273e-27  -3.28714317e-59
  1.19200000e-05   0.00000000e+00   0.00000000e+00   5.25930554e-13   6.94443892e-28  -1.83350321e-27  -1.14183740e-59
  1.20000000e-05   0.00000000e+00   0.00000000e+00   5.29680293e-13   6.99395084e-28  -1.84657558e-27  -1.15817742e-59
  1.20800000e-05   0.00000000e+00   0.00000000e+00   5.33430032e-13   7.04346276e-28  -1.85964795e-27  -1.17463353e-59
  1.21600000e-05   0.00000000e+00   0.00000000e+00   5.37179771e-13   7.09297468e-28  -1.87272031e-27  -1.19120573e-59
  1.22400000e-05   0.00000000e+00   0.00000000e+00   5.40929509e-13   7.14248660e-28  -1.88579268e-27  -1.20789401e-59
  1.23200000e-05   0.00000000e+00   0.00000000e+00   5.44679248e-13   7.19199852e-28  -1.89886505e-27  -1.22469838e-59
  1.24000000e-05   0.00000000e+00   0.00000000e+00   5.48428987e-13   7.24151045e-28  -1.91193742e-27  -1.24161884e-59
  1.24800000e-05   0.00000000e+00   0.00000000e+00   5.52178726e-13   7.29102237e-28  -1.92500979e-27  -1.25865538e-59
  1.25600000e-05   0.00000000e+00   0.00000000e+00   9.96233360e-13   1.31543636e-27  -3.47307653e-27  -4.09702897e-59
  1.26400000e-05   0.00000000e+00   0.00000000e+00   1.00870788e-12   1.33190783e-27  -3.51656528e-27  -4.20027490e-59
  1.27200000e-05   0.00000000e+00   0.00000000e+00   1.02118239e-12   1.34837931e-27  -3.56005404e-27  -4.30480559e-59
  1.28000000e-05   0.00000000e+00   0.00000000e+00   1.03365691e-12   1.36485078e-27  -3.60354280e-27  -4.41062106e-59
  1.28800000e-05   0.00000000e+00   0.00000000e+00   1.04613143e-12   1.38132225e-27  -3.64703155e-27  -4.51772130e-59
  1.29600000e-05   0.00000000e+00   0.00000000e+00   1.05860594e-12   1.39779373e-27  -3.69052031e-27  -4.62610631e-59
  1.30400000e-05   0.00000000e+00   0.00000000e+00   1.07108046e-12   1.41426520e-27  -3.73400907e-27  -4.73577609e-59
  1.31200000e-05   0.00000000e+00   0.00000000e+00   1.08355498e-12   1.43073668e-27  -3.77749782e-27  -4.84673065e-59
  1.32000000e-05   0.00000000e+00   0.00000000e+00   1.09602949e-12   1.44720815e-27  -3.82098658e-27  -4.95896997e-59
  1.32800000e-05   0.00000000e+00   0.00000000e+00   5.98064890e-13   7.89690781e-28  -2.08497850e-27  -1.47653643e-59
  1.33600000e-05   0.00000000e+00   0.00000000e+00   6.01814629e-13   7.94641973e-28  -2.09805086e-27  -1.49510963e-59
  1.34400000e-05   0.00000000e+00   0.00000000e+00   6.05564368e-13   7.99593165e-28  -2.11112323e-27  -1.51379891e-59
  1.35200000e-05   0.00000000e+00   0.00000000e+00   6.09314107e-13   8.04544357e-28  -2.12419560e-27  -1.53260427e-59
  1.36000000e-05   0.00000000e+00   0.00000000e+00   6.13063846e-13   8.09495549e-28  -2.13726797e-27  -1.55152572e-59
  1.36800000e-05   0.00000000e+00   0.00000000e+00   6.16813584e-13   8.14446741e-28  -2.15034034e-27  -1.57056326e-59
  1.37600000e-05   0.00000000e+00   0.00000000e+00   6.20563323e-13   8.19397933e-28  -2.16341271e-27  -1.58971688e-59
  1.38400000e-05   0.00000000e+00   0.00000000e+00   3.55272243e-13   4.69104975e-28  -1.23855287e-27  -5.21029846e-60
  1.39200000e-05   0.00000000e+00   0.00000000e+00   1.82425289e-13   2.40876151e-28  -6.35972468e-28  -1.37389133e-60
  1.40000000e-05   0.00000000e+00   0.00000000e+00   1.25191017e-13   1.65303453e-28  -4.36441900e-28  -6.47059475e-61
  1.40800000e-05   0.00000000e+00   0.00000000e+00   6.79567441e-14   8.97307553e-29  -2.36911333e-28  -1.90679848e-61
  1.41600000e-05   0.00000000e+00   0.00000000e+00   1.07224717e-14   1.41580574e-29  -3.73807648e-29  -4.75244832e-63
  1.42400000e-05   0.00000000e+00   0.00000000e+00  -4.65118007e-14  -6.14146404e-29   1.62149803e-28  -8.92772751e-62
  1.43200000e-05   0.00000000e+00   0.00000000e+00  -1.03746073e-13  -1.36987338e-28   3.61680371e-28  -4.44254328e-61
  1.44000000e-05   0.00000000e+00   0.00000000e+00  -1.60980346e-13  -2.12560036e-28   5.61210939e-28  -1.06968361e-60
  1.44800000e-05   0.00000000e+00   0.00000000e+00  -2.18214618e-13  -2.88132734e-28   7.60741507e-28  -1.96556512e-60
  1.45600000e-05   0.00000000e+00   0.00000000e+00  -2.75448890e-13  -3.63705432e-28   9.60272074e-28  -3.13189885e-60
  1.46400000e-05   0.00000000e+00   0.00000000e+00  -3.94650186e-15  -5.21099998e-30   1.37583256e-29  -6.44035349e-64
  1.47200000e-05   0.00000000e+00   0.00000000e+00   2.28483122e-14   3.01691368e-29  -7.96539644e-29  -2.15441391e-62
  1.48000000e-05   0.00000000e+00   0.00000000e+00   4.96431262e-14   6.55492735e-29  -1.73066254e-28  -1.01720356e-61
  1.48800000e-05   0.00000000e+00   0.00000000e+00   7.64379402e-14   1.00929410e-28  -2.66478544e-28  -2.41172688e-61
  1.49600000e-05   0.00000000e+00   0.00000000e+00   1.03232754e-13   1.36309547e-28  -3.59890834e-28  -4.39901132e-61
  1.50400000e-05   0.00000000e+00   0.00000000e+00   1.30027568e-13   1.71689684e-28  -4.53303124e-28  -6.97905691e-61
  1.51200000e-05   0.00000000e+00   0.00000000e+00   1.56822382e-13   2.07069820e-28  -5.46715415e-28  -1.01518636e-60
  1.52000000e-05   0.00000000e+00   0.00000000e+00   1.83617196e-13   2.42449957e-28  -6.40127705e-28  -1.39174315e-60
  1.52800000e-05   0.00000000e+00   0.00000000e+00   2.10412010e-13   2.77830094e-28  -7.33539995e-28  -1.82757605e-60
  1.53600000e-05   0.00000000e+00   0.00000000e+00  -2.20624729e-13  -2.91315069e-28   7.69143655e-28  -2.00922441e-60
  1.54400000e-05   0.00000000e+00   0.00000000e+00  -2.77859002e-13  -3.66887767e-28   9.68674223e-28  -3.18694677e-60
  1.55200000e-05   0.00000000e+00   0.00000000e+00  -3.35093274e-13  -4.42460464e-28   1.16820479e-27  -4.63512136e-60
  1.56000000e-05   0.00000000e+00   0.00000000e+00  -3.92327546e-13  -5.18033162e-28   1.36773536e-27  -6.35374818e-60
  1.56800000e-05   0.00000000e+00   0.00000000e+00  -4.49561819e-13  -5.93605860e-28   1.56726593e-27  -8.34282722e-60
  1.57600000e-05   0.00000000e+00   0.00000000e+00  -5.06796091e-13  -6.69178558e-28   1.76679649e-27  -1.06023585e-59
  1.58400000e-05   0.00000000e+00   0.00000000e+00  -5.64030364e-13  -7.44751256e-28   1.96632706e-27  -1.31323420e-59
  1.59200000e-05   0.00000000e+00   0.00000000e+00  -6.21264636e-13  -8.20323954e-28   2.16585763e-27  -1.59327777e-59
  1.60000000e-05   0.00000000e+00   0.00000000e+00  -1.75601549e-13  -2.31866018e-28   6.12183493e-28  -1.27297972e-60
  1.60800000e-05   0.00000000e+00   0.00000000e+00  -1.48806735e-13  -1.96485881e-28   5.18771203e-28  -9.14140518e-61
  1.61600000e-05   0.00000000e+00   0.00000000e+00  -1.22011921e-13  -1.61105744e-28   4.25358913e-28  -6.14577429e-61
  1.62400000e-05   0.00000000e+00   0.00000000e+00  -9.52171070e-14  -1.25725607e-28   3.31946623e-28  -3.74290453e-61
  1.63200000e-05   0.00000000e+00   0.00000000e+00  -6.84222930e-14  -9.03454706e-29   2.38534333e-28  -1.93279592e-61
  1.64000000e-05   0.00000000e+00   0.00000000e+00  -4.16274790e-14  -5.49653339e-29   1.45122043e-28  -7.15448434e-62
  1.64800000e-05   0.00000000e+00   0.00000000e+00  -1.48326650e-14  -1.95851971e-29   5.17097525e-29  -9.08620896e-63
  1.65600000e-05   0.00000000e+00   0.00000000e+00   1.19621491e-14   1.57949396e-29  -4.17025375e-29  -5.90368826e-63
  1.66400000e-05   0.00000000e+00   0.00000000e+00   3.87569631e-14   5.11750763e-29  -1.35114828e-28  -6.19972813e-62
  1.67200000e-05   0.00000000e+00   0.00000000e+00  -5.66440475e-13  -7.47933591e-28   1.97472921e-27  -1.32448126e-59
  1.68000000e-05   0.00000000e+00   0.00000000e+00  -6.23674747e-13  -8.23506289e-28   2.17425978e-27  -1.60566370e-59
  1.68800000e-05   0.00000000e+00   0.00000000e+00  -6.80909020e-13  -8.99078986e-28   2.37379035e-27  -1.91389136e-59
  1.69600000e-05   0.00000000e+00   0.00000000e+00  -7.38143292e-13  -9.74651684e-28   2.57332091e-27  -2.24916424e-59
  1.70400000e-05   0.00000000e+00   0.00000000e+00  -7.95377565e-13  -1.05022438e-27   2.77285148e-27  -2.61148234e-59
  1.71200000e-05   0.00000000e+00   0.00000000e+00  -8.52611837e-13  -1.12579708e-27   2.97238205e-27  -3.00084567e-59
  1.72000000e-05   0.00000000e+00   0.00000000e+00  -9.09846109e-13  -1.20136978e-27   3.17191262e-27  -3.41725422e-59
  1.72800000e-05   0.00000000e+00   0.00000000e+00   2.22715217e-13   2.94075370e-28  -7.76431530e-28  -2.04761706e-60
  1.73600000e-05   0.00000000e+00   0.00000000e+00   1.83152514e-13   2.41836387e-28  -6.38507727e-28  -1.38472774e-60
  1.74400000e-05   0.00000000e+00   0.00000000e+00   1.99363948e-13   2.63242124e-28  -6.95024155e-28  -1.64071314e-60
  1.75200000e-05   0.00000000e+00   0.00000000e+00   2.15575382e-13   2.84647861e-28  -7.51540582e-28  -1.91839661e-60
  1.76000000e-05   0.00000000e+00   0.00000000e+00   2.31786816e-13   3.06053598e-28  -8.08057010e-28  -2.21777814e-60
  1.76800000e-05   0.00000000e+00   0.00000000e+00   2.47998250e-13   3.27459336e-28  -8.64573437e-28  -2.53885775e-60
  1.77600000e-05   0.00000000e+00   0.00000000e+00   2.64209684e-13   3.48865073e-28  -9.21089865e-28  -2.88163542e-60
  1.78400000e-05   0.00000000e+00   0.00000000e+00   2.80421118e-13   3.70270810e-28  -9.77606292e-28  -3.24611117e-60
  1.79200000e-05   0.00000000e+00   0.00000000e+00   2.96632552e-13   3.91676547e-28  -1.03412272e-27  -3.63228498e-60
  1.80000000e-05   0.00000000e+00   0.00000000e+00   3.12843986e-13   4.13082285e-28  -1.09063915e-27  -4.04015686e-60
  1.80800000e-05   0.00000000e+00   0.00000000e+00   3.50098140e-13   4.62273038e-28  -1.22051487e-27  -5.05974117e-60
  1.81600000e-05   0.00000000e+00   0.00000000e+00   3.48612563e-13   4.60311468e-28  -1.21533584e-27  -5.01689214e-60
  1.82400000e-05   0.00000000e+00   0.00000000e+00   3.47126987e-13   4.58349897e-28  -1.21015681e-27  -4.97422533e-60
  1.83200000e-05   0.00000000e+00   0.00000000e+00   3.45641410e-13   4.56388327e-28  -1.20497779e-27  -4.93174072e-60
  1.84000000e-05   0.00000000e+00   0.00000000e+00   3.45470410e-13   4.56162537e-28  -1.20438164e-27  -4.92689056e-60
  1.84800000e-05   0.00000000e+00   0.00000000e+00   3.36015171e-13   4.43677746e-28  -1.17141871e-27  -4.66089222e-60
  1.85600000e-05   0.00000000e+00   0.00000000e+00   3.26559931e-13   4.31192955e-28  -1.13845579e-27  -4.40227501e-60
  1.86400000e-05   0.00000000e+00   0.00000000e+00   3.17104692e-13   4.18708163e-28  -1.10549286e-27  -4.15103893e-60
  1.87200000e-05   0.00000000e+00   0.00000000e+00   3.07649453e-13   4.06223372e-28  -1.07252993e-27  -3.90718400e-60
  1.88000000e-05   0.00000000e+00   0.00000000e+00   3.91115903e-13   5.16433297e-28  -1.36351132e-27  -6.31469020e-60
  1.88800000e-05   0.00000000e+00   0.00000000e+00   4.16818973e-13   5.50371884e-28  -1.45311756e-27  -7.17193750e-60
  1.89600000e-05   0.00000000e+00   0.00000000e+00   4.42522043e-13   5.84310470e-28  -1.54272380e-27  -8.08372896e-60
  1.90400000e-05   0.00000000e+00   0.00000000e+00   4.68225112e-13   6.18249057e-28  -1.63233005e-27  -9.05006457e-60
  1.91200000e-05   0.00000000e+00   0.00000000e+00   4.93928182e-13   6.52187643e-28  -1.72193629e-27  -1.00709443e-59
  1.92000000e-05   0.00000000e+00   0.00000000e+00   5.19631251e-13   6.86126230e-28  -1.81154253e-27  -1.11463682e-59
  1.92800000e-05   0.00000000e+00   0.00000000e+00   5.45334321e-13   7.20064817e-28  -1.90114877e-27  -1.22763363e-59
  1.93600000e-05   0.00000000e+00   0.00000000e+00   5.71037390e-13   7.54003403e-28  -1.99075501e-27  -1.34608485e-59
  1.94400000e-05   0.00000000e+00   0.00000000e+00   4.79752009e-13   6.33469285e-28  -1.67251520e-27  -9.50132070e-60
  1.95200000e-05   0.00000000e+00   0.00000000e+00   4.70296770e-13   6.20984494e-28  -1.63955227e-27  -9.13049678e-60
  1.96000000e-05   0.00000000e+00   0.00000000e+00   4.60841530e-13   6.08499703e-28  -1.60658934e-27  -8.76705399e-60
  1.96800000e-05   0.00000000e+00   0.00000000e+00   4.51386291e-13   5.96014911e-28  -1.57362642e-27  -8.41099234e-60
  1.97600000e-05   0.00000000e+00   0.00000000e+00   4.41931052e-13   5.83530120e-28  -1.54066349e-27  -8.06231183e-60
  1.98400000e-05   0.00000000e+00   0.00000000e+00   4.32475812e-13   5.71045329e-28  -1.50770056e-27  -7.72101245e-60
  1.99200000e-05   0.00000000e+00   0.00000000e+00   4.23020573e-13   5.58560537e-28  -1.47473763e-27  -7.38709422e-60
  2.00000000e-05   0.00000000e+00   0.00000000e+00   4.13565334e-13   5.46075746e-28  -1.44177470e-27  -7.06055712e-60
  2.00800000e-05   0.00000000e+00   0.00000000e+00   4.04110094e-13   5.33590955e-28  -1.40881177e-27  -6.74140115e-60
  2.01600000e-05   0.00000000e+00   0.00000000e+00   5.70868375e-13   7.53780234e-28  -1.99016579e-27  -1.34528814e-59
  2.02400000e-05   0.00000000e+00   0.00000000e+00   5.96571445e-13   7.87718820e-28  -2.07977203e-27  -1.46915791e-59
  2.03200000e-05   0.00000000e+00   0.00000000e+00   6.22274514e-13   8.21657407e-28  -2.16937828e-27  -1.59848210e-59
  2.04000000e-05   0.00000000e+00   0.00000000e+00   6.47977584e-13   8.55595994e-28  -2.25898452e-27  -1.73326070e-59
  2.04800000e-05   0.00000000e+00   0.00000000e+00   6.73680653e-13   8.89534580e-28  -2.34859076e-27  -1.87349372e-59
  2.05600000e-05   0.00000000e+00   0.00000000e+00   6.99383723e-13   9.23473167e-28  -2.43819700e-27  -2.01918115e-59
  2.06400000e-05   0.00000000e+00   0.00000000e+00   7.25086793e-13   9.57411753e-28  -2.52780324e-27  -2.17032300e-59
  2.07200000e-05   0.00000000e+00   0.00000000e+00   7.50789862e-13   9.91350340e-28  -2.61740949e-27  -2.32691927e-59
  2.08000000e-05   0.00000000e+00   0.00000000e+00   5.76212651e-13   7.60836868e-28  -2.00879705e-27  -1.37061535e-59
  2.08800000e-05   0.00000000e+00   0.00000000e+00   5.66757411e-13   7.48352076e-28  -1.97583412e-27  -1.32600286e-59
  2.09600000e-05   0.00000000e+00   0.00000000e+00   5.57302172e-13   7.35867285e-28  -1.94287119e-27  -1.28212848e-59
  2.10400000e-05   0.00000000e+00   0.00000000e+00   5.47846932e-13   7.23382494e-28  -1.90990826e-27  -1.23899221e-59
  2.11200000e-05   0.00000000e+00   0.00000000e+00   5.38391693e-13   7.10897702e-28  -1.87694533e-27  -1.19659406e-59
  2.12000000e-05   0.00000000e+00   0.00000000e+00   5.28936454e-13   6.98412911e-28  -1.84398240e-27  -1.15493402e-59
  2.12800000e-05   0.00000000e+00   0.00000000e+00   5.19481214e-13   6.85928120e-28  -1.81101947e-27  -1.11401209e-59
  2.13600000e-05   0.00000000e+00   0.00000000e+00   5.10025975e-13   6.73443328e-28  -1.77805654e-27  -1.07382828e-59
  2.14400000e-05   0.00000000e+00   0.00000000e+00   5.00570736e-13   6.60958537e-28  -1.74509361e-27  -1.03438258e-59
  2.15200000e-05   0.00000000e+00   0.00000000e+00   7.50620847e-13   9.91127170e-28  -2.61682026e-27  -2.32587172e-59
  2.16000000e-05   0.00000000e+00   0.00000000e+00   7.76323916e-13   1.02506576e-27  -2.70642651e-27  -2.48788654e-59
  2.16800000e-05   0.00000000e+00   0.00000000e+00   8.02026986e-13   1.05900434e-27  -2.79603275e-27  -2.65535577e-59
  2.17600000e-05   0.00000000e+00   0.00000000e+00   8.27730056e-13   1.09294293e-27  -2.88563899e-27  -2.82827941e-59
  2.18400000e-05   0.00000000e+00   0.00000000e+00   8.53433125e-13   1.12688152e-27  -2.97524523e-27  -3.00665747e-59
  2.19200000e-05   0.00000000e+00   0.00000000e+00   8.79136195e-13   1.16082010e-27  -3.06485147e-27  -3.19048994e-59
  2.20000000e-05   0.00000000e+00   0.00000000e+00   9.04839264e-13   1.19475869e-27  -3.15445772e-27  -3.37977683e-59
  2.20800000e-05   0.00000000e+00   0.00000000e+00   9.30542334e-13   1.22869728e-27  -3.24406396e-27  -3.57451814e-59
  2.21600000e-05   0.00000000e+00   0.00000000e+00   6.72673292e-13   8.88204450e-28  -2.34507889e-27  -1.86791938e-59
  2.22400000e-05   0.00000000e+00   0.00000000e+00   6.63218053e-13   8.75719659e-28  -2.31211596e-27  -1.81577679e-59
  2.23200000e-05   0.00000000e+00   0.00000000e+00   6.53762813e-13   8.63234867e-28  -2.27915303e-27  -1.76437230e-59
  2.24000000e-05   0.00000000e+00   0.00000000e+00   6.44307574e-13   8.50750076e-28  -2.24619010e-27  -1.71370593e-59
  2.24800000e-05   0.00000000e+00   0.00000000e+00   6.34852335e-13   8.38265285e-28  -2.21322717e-27  -1.66377767e-59
  2.25600000e-05   0.00000000e+00   0.00000000e+00   6.25397095e-13   8.25780493e-28  -2.18026424e-27  -1.61458753e-59
  2.26400000e-05   0.00000000e+00   0.00000000e+00   6.15941856e-13   8.13295702e-28  -2.14730131e-27  -1.56613550e-59
  2.27200000e-05   0.00000000e+00   0.00000000e+00   6.06486617e-13   8.00810911e-28  -2.11433838e-27  -1.51842159e-59
  2.28000000e-05   0.00000000e+00   0.00000000e+00   5.97031377e-13   7.88326119e-28  -2.08137545e-27  -1.47144578e-59
  2.28800000e-05   0.00000000e+00   0.00000000e+00   9.30373319e-13   1.22847411e-27  -3.24347474e-27  -3.57321977e-59
  2.29600000e-05   0.00000000e+00   0.00000000e+00   9.56076388e-13   1.26241269e-27  -3.33308098e-27  -3.77337962e-59
  2.30400000e-05   0.00000000e+00   0.00000000e+00   4.15056559e-13   5.48044774e-28  -1.44697342e-27  -7.11156851e-60
  2.31200000e-05   0.00000000e+00   0.00000000e+00   4.05104734e-13   5.34904286e-28  -1.41227929e-27  -6.77462931e-60
  2.32000000e-05   0.00000000e+00   0.00000000e+00   3.95152909e-13   5.21763799e-28  -1.37758516e-27  -6.44586692e-60
  2.32800000e-05   0.00000000e+00   0.00000000e+00   3.85201084e-13   5.08623311e-28  -1.34289103e-27  -6.12528133e-60
  2.33600000e-05   0.00000000e+00   0.00000000e+00   3.75249260e-13   4.95482824e-28  -1.30819690e-27  -5.81287255e-60
  2.34400000e-05   0.00000000e+00   0.00000000e+00   3.65297435e-13   4.82342336e-28  -1.27350277e-27  -5.50864057e-60
  2.35200000e-05   0.00000000e+00   0.00000000e+00   3.55345610e-13   4.69201849e-28  -1.23880864e-27  -5.21258540e-60
  2.36000000e-05   0.00000000e+00   0.00000000e+00   3.13144564e-13   4.13479171e-28  -1.09168703e-27  -4.04799470e-60
  2.36800000e-05   0.00000000e+00   0.00000000e+00   3.07525622e-13   4.06059865e-28  -1.07209823e-27  -3.90402714e-60
  2.37600000e-05   0.00000000e+00   0.00000000e+00   3.01906680e-13   3.98640558e-28  -1.05250943e-27  -3.76266625e-60
  2.38400000e-05   0.00000000e+00   0.00000000e+00   2.96287738e-13   3.91221251e-28  -1.03292063e-27  -3.62391204e-60
  2.39200000e-05   0.00000000e+00   0.00000000e+00   2.90668796e-13   3.83801945e-28  -1.01333183e-27  -3.48776451e-60
  2.40000000e-05   0.00000000e+00   0.00000000e+00   2.85049853e-13   3.76382638e-28  -9.93743027e-28  -3.35422365e-60
  2.40800000e-05   0.00000000e+00   0.00000000e+00   2.79430911e-13   3.68963331e-28  -9.74154227e-28  -3.22328948e-60
  2.41600000e-05   0.00000000e+00   0.00000000e+00   2.73811969e-13   3.61544025e-28  -9.54565427e-28  -3.09496198e-60
  2.42400000e-05   0.00000000e+00   0.00000000e+00   3.23379687e-13   4.26993729e-28  -1.12736879e-27  -4.31695029e-60
  2.43200000e-05   0.00000000e+00   0.00000000e+00   3.13427863e-13   4.13853241e-28  -1.09267466e-27  -4.05533637e-60
  2.44000000e-05   0.00000000e+00   0.00000000e+00   3.03476038e-13   4.00712754e-28  -1.05798054e-27  -3.80189926e-60
  2.44800000e-05   0.00000000e+00   0.00000000e+00   2.93524213e-13   3.87572266e-28  -1.02328641e-27  -3.55663894e-60
  2.45600000e-05   0.00000000e+00   0.00000000e+00   2.83572388e-13   3.74431779e-28  -9.88592277e-28  -3.31955544e-60
  2.46400000e-05   0.00000000e+00   0.00000000e+00   2.73620564e-13   3.61291291e-28  -9.53898148e-28  -3.09064874e-60
  2.47200000e-05   0.00000000e+00   0.00000000e+00   2.63668739e-13   3.48150804e-28  -9.19204019e-28  -2.86991884e-60
  2.48000000e-05   0.00000000e+00   0.00000000e+00   2.53716914e-13   3.35010316e-28  -8.84509890e-28  -2.65736575e-60
  2.48800000e-05   0.00000000e+00   0.00000000e+00   2.43765090e-13   3.21869829e-28  -8.49815761e-28  -2.45298947e-60
  2.49600000e-05   0.00000000e+00   0.00000000e+00   1.60022048e-13   2.11294691e-28  -5.57870115e-28  -1.05708934e-60
  2.50400000e-05   0.00000000e+00   0.00000000e+00   1.54403106e-13   2.03875384e-28  -5.38281315e-28  -9.84156689e-61
  2.51200000e-05   0.00000000e+00   0.00000000e+00   1.48784164e-13   1.96456077e-28  -5.18692515e-28  -9.13830713e-61
  2.52000000e-05   0.00000000e+00   0.00000000e+00   1.43165222e-13   1.89036771e-28  -4.99103714e-28  -8.46111415e-61
  2.52800000e-05   0.00000000e+00   0.00000000e+00   1.37546279e-13   1.81617464e-28  -4.79514914e-28  -7.80998794e-61
  2.53600000e-05   0.00000000e+00   0.00000000e+00   1.31927337e-13   1.74198157e-28  -4.59926114e-28  -7.18492852e-61
  2.54400000e-05   0.00000000e+00   0.00000000e+00   1.26308395e-13   1.66778851e-28  -4.40337314e-28  -6.58593587e-61
  2.55200000e-05   0.00000000e+00   0.00000000e+00   1.20689453e-13   1.59359544e-28  -4.20748514e-28  -6.01301000e-61
  2.56000000e-05   0.00000000e+00   0.00000000e+00   2.11799167e-13   2.79661709e-28  -7.38375910e-28  -1.85183304e-60
  2.56800000e-05   0.00000000e+00   0.00000000e+00   2.01847342e-13   2.66521221e-28  -7.03681781e-28  -1.68189801e-60
  2.57600000e-05   0.00000000e+00   0.00000000e+00   1.91895517e-13   2.53380734e-28  -6.68987652e-28  -1.52013978e-60
  2.58400000e-05   0.00000000e+00   0.00000000e+00   1.81943692e-13   2.40240246e-28  -6.34293523e-28  -1.36655835e-60
  2.59200000e-05   0.00000000e+00   0.00000000e+00   1.71991868e-13   2.27099759e-28  -5.99599394e-28  -1.22115373e-60
  2.60000000e-05   0.00000000e+00   0.00000000e+00   1.62040043e-13   2.13959271e-28  -5.64905265e-28  -1.08392592e-60
  2.60800000e-05   0.00000000e+00   0.00000000e+00   1.52088218e-13   2.00818784e-28  -5.30211135e-28  -9.54874910e-61
  2.61600000e-05   0.00000000e+00   0.00000000e+00   1.42136394e-13   1.87678296e-28  -4.95517006e-28  -8.34000707e-61
  2.62400000e-05   0.00000000e+00   0.00000000e+00   1.32184569e-13   1.74537808e-28  -4.60822877e-28  -7.21303310e-61
  2.63200000e-05   0.00000000e+00   0.00000000e+00   6.89953195e-15   9.11021004e-30  -2.40532022e-29  -1.96551295e-63
  2.64000000e-05   0.00000000e+00   0.00000000e+00   1.28058980e-15   1.69090341e-30  -4.46440218e-30  -6.77711068e-65
  2.64800000e-05   0.00000000e+00   0.00000000e+00  -4.33835234e-15  -5.72840322e-30   1.51243978e-29  -7.76707038e-64
  2.65600000e-05   0.00000000e+00   0.00000000e+00  -9.95729449e-15  -1.31477099e-29   3.47131979e-29  -4.09232075e-63
  2.66400000e-05   0.00000000e+00   0.00000000e+00  -1.55762366e-14  -2.05670165e-29   5.43019979e-29  -1.00146122e-62
  2.67200000e-05   0.00000000e+00   0.00000000e+00  -2.11951788e-14  -2.79863231e-29   7.38907979e-29  -1.85435815e-62
  2.68000000e-05   0.00000000e+00   0.00000000e+00  -2.68141209e-14  -3.54056297e-29   9.34795979e-29  -2.96792285e-62
  2.68800000e-05   0.00000000e+00   0.00000000e+00  -3.24330631e-14  -4.28249364e-29   1.13068398e-28  -4.34215534e-62
  2.69600000e-05   0.00000000e+00   0.00000000e+00  -3.80520052e-14  -5.02442430e-29   1.32657198e-28  -5.97705560e-62
  2.70400000e-05   0.00000000e+00   0.00000000e+00   9.02668212e-14   1.19189201e-28  -3.14688898e-28  -3.36369416e-61
  2.71200000e-05   0.00000000e+00   0.00000000e+00   8.03149965e-14   1.06048714e-28  -2.79994768e-28  -2.66290072e-61
  2.72000000e-05   0.00000000e+00   0.00000000e+00   7.03631717e-14   9.29082260e-29  -2.45300639e-28  -2.04387534e-61
  2.72800000e-05   0.00000000e+00   0.00000000e+00   6.04113470e-14   7.97677385e-29  -2.10606510e-28  -1.50661802e-61
  2.73600000e-05   0.00000000e+00   0.00000000e+00   5.04595223e-14   6.66272509e-29  -1.75912381e-28  -1.05112875e-61
  2.74400000e-05   0.00000000e+00   0.00000000e+00   4.05076976e-14   5.34867634e-29  -1.41218252e-28  -6.77407537e-62
  2.75200000e-05   0.00000000e+00   0.00000000e+00   3.05558728e-14   4.03462759e-29  -1.06524123e-28  -3.85454377e-62
  2.76000000e-05   0.00000000e+00   0.00000000e+00  -1.44116064e-13  -1.90292272e-28   5.02418549e-28  -8.57343738e-61
  2.76800000e-05   0.00000000e+00   0.00000000e+00   5.02063145e-13   6.62929129e-28  -1.75029646e-27  -1.04054220e-59
  2.77600000e-05   0.00000000e+00   0.00000000e+00   5.26197094e-13   6.94795833e-28  -1.83443242e-27  -1.14298398e-59
  2.78400000e-05   0.00000000e+00   0.00000000e+00   5.50331042e-13   7.26662537e-28  -1.91856838e-27  -1.25023454e-59
  2.79200000e-05   0.00000000e+00   0.00000000e+00   5.74464991e-13   7.58529240e-28  -2.00270434e-27  -1.36229388e-59
  2.80000000e-05   0.00000000e+00   0.00000000e+00   5.98598940e-13   7.90395944e-28  -2.08684030e-27  -1.47916200e-59
  2.80800000e-05   0.00000000e+00   0.00000000e+00   6.22732888e-13   8.22262648e-28  -2.17097626e-27  -1.60083891e-59
  2.81600000e-05   0.00000000e+00   0.00000000e+00   6.46866837e-13   8.54129351e-28  -2.25511222e-27  -1.72732459e-59
  2.82400000e-05   0.00000000e+00   0.00000000e+00   6.71000785e-13   8.85996055e-28  -2.33924818e-27  -1.85861905e-59
  2.83200000e-05   0.00000000e+00   0.00000000e+00   6.95134734e-13   9.17862759e-28  -2.42338414e-27  -1.99472230e-59
  2.84000000e-05   0.00000000e+00   0.00000000e+00  -8.45867151e-14  -1.11689133e-28   2.94886867e-28  -2.95339693e-61
  2.84800000e-05   0.00000000e+00   0.00000000e+00  -1.08529534e-13  -1.43303467e-28   3.78356510e-28  -4.86205824e-61
  2.85600000e-05   0.00000000e+00   0.00000000e+00  -1.32472353e-13  -1.74917801e-28   4.61826152e-28  -7.24401115e-61
  2.86400000e-05   0.00000000e+00   0.00000000e+00  -1.56415172e-13  -2.06532136e-28   5.45295795e-28  -1.00992556e-60
  2.87200000e-05   0.00000000e+00   0.00000000e+00  -1.80357991e-13  -2.38146470e-28   6.28765437e-28  -1.34277917e-60
  2.88000000e-05   0.00000000e+00   0.00000000e+00  -2.04300810e-13  -2.69760804e-28   7.12235080e-28  -1.72296194e-60
  2.88800000e-05   0.00000000e+00   0.00000000e+00  -2.28243629e-13  -3.01375139e-28   7.95704722e-28  -2.15047387e-60
  2.89600000e-05   0.00000000e+00   0.00000000e+00  -2.52186448e-13  -3.32989473e-28   8.79174365e-28  -2.62531496e-60
  2.90400000e-05   0.00000000e+00   0.00000000e+00   6.13382733e-13   8.09916610e-28  -2.13837968e-27  -1.55312730e-59
  2.91200000e-05   0.00000000e+00   0.00000000e+00   6.37516681e-13   8.41783314e-28  -2.22251564e-27  -1.67774993e-59
  2.92000000e-05   0.00000000e+00   0.00000000e+00   6.61650630e-13   8.73650018e-28  -2.30665160e-27  -1.80718134e-59
  2.92800000e-05   0.00000000e+00   0.00000000e+00   6.85784578e-13   9.05516721e-28  -2.39078756e-27  -1.94142153e-59
  2.93600000e-05   0.00000000e+00   0.00000000e+00  -5.67131589e-14  -7.48846143e-29   1.97713858e-28  -1.32725945e-61
  2.94400000e-05   0.00000000e+00   0.00000000e+00  -1.40324403e-13  -1.85285725e-28   4.89200029e-28  -8.12736833e-61
  2.95200000e-05   0.00000000e+00   0.00000000e+00  -2.23935646e-13  -2.95686836e-28   7.80686201e-28  -2.06992283e-60
  2.96000000e-05   0.00000000e+00   0.00000000e+00  -3.07546890e-13  -4.06087947e-28   1.07217237e-27  -3.90428395e-60
  2.96800000e-05   0.00000000e+00   0.00000000e+00  -3.91158134e-13  -5.16489058e-28   1.36365854e-27  -6.31582018e-60
  2.97600000e-05   0.00000000e+00   0.00000000e+00   1.42847618e-15   1.88617404e-30  -4.97996482e-30  -8.31783373e-65
  2.98400000e-05   0.00000000e+00   0.00000000e+00   7.33528563e-14   9.68558349e-29  -2.55723301e-28  -2.22062808e-61
  2.99200000e-05   0.00000000e+00   0.00000000e+00   1.45277236e-13   1.91825496e-28  -5.06466637e-28  -8.71143334e-61
  3.00000000e-05   0.00000000e+00   0.00000000e+00   2.17201617e-13   2.86795157e-28  -7.57209973e-28  -1.94732476e-60
  3.00800000e-05   0.00000000e+00   0.00000000e+00   2.89125997e-13   3.81764818e-28  -1.00795331e-27  -3.45060708e-60
  3.01600000e-05   0.00000000e+00   0.00000000e+00   3.61050377e-13   4.76734479e-28  -1.25869665e-27  -5.38099030e-60
  3.02400000e-05   0.00000000e+00   0.00000000e+00   4.32974757e-13   5.71704139e-28  -1.50943998e-27  -7.73847442e-60
  3.03200000e-05   0.00000000e+00   0.00000000e+00   5.04899137e-13   6.66673800e-28  -1.76018332e-27  -1.05230594e-59
  3.04000000e-05   0.00000000e+00   0.00000000e+00   5.57284643e-14   7.35844139e-29  -1.94281008e-28  -1.28252330e-61
  3.04800000e-05   0.00000000e+00   0.00000000e+00  -2.78827795e-14  -3.68166970e-29   9.72051637e-29  -3.20696872e-62
  3.05600000e-05   0.00000000e+00   0.00000000e+00  -1.11494023e-13  -1.47217808e-28   3.88691335e-28  -5.13062157e-61
  3.06400000e-05   0.00000000e+00   0.00000000e+00  -1.95105267e-13  -2.57618919e-28   6.80177507e-28  -1.57122974e-60
  3.07200000e-05   0.00000000e+00   0.00000000e+00  -2.78716511e-13  -3.68020030e-28   9.71663678e-28  -3.20657244e-60
  3.08000000e-05   0.00000000e+00   0.00000000e+00  -3.62327755e-13  -4.78421141e-28   1.26314985e-27  -5.41909024e-60
  3.08800000e-05   0.00000000e+00   0.00000000e+00  -4.45938998e-13  -5.88822252e-28   1.55463602e-27  -8.20878317e-60
  3.09600000e-05   0.00000000e+00   0.00000000e+00  -5.29550242e-13  -6.99223363e-28   1.84612219e-27  -1.15756512e-59
  3.10400000e-05   0.00000000e+00   0.00000000e+00  -6.13161486e-13  -8.09624474e-28   2.13760836e-27  -1.55196944e-59
  3.11200000e-05   0.00000000e+00   0.00000000e+00   2.47551458e-14   3.26869387e-29  -8.63015829e-29  -2.52792218e-62
  3.12000000e-05   0.00000000e+00   0.00000000e+00   9.66795259e-14   1.27656600e-28  -3.37044919e-28  -3.85777133e-61
  3.12800000e-05   0.00000000e+00   0.00000000e+00   1.68603906e-13   2.22626261e-28  -5.87788255e-28  -1.17337594e-60
  3.13600000e-05   0.00000000e+00   0.00000000e+00   2.40528286e-13   3.17595921e-28  -8.38531591e-28  -2.38807565e-60
  3.14400000e-05   0.00000000e+00   0.00000000e+00   3.12452666e-13   4.12565582e-28  -1.08927493e-27  -4.02987625e-60
  3.15200000e-05   0.00000000e+00   0.00000000e+00   3.84377046e-13   5.07535243e-28  -1.34001826e-27  -6.09877775e-60
  3.16000000e-05   0.00000000e+00   0.00000000e+00   4.56301427e-13   6.02504904e-28  -1.59076160e-27  -8.59478015e-60
  3.16800000e-05   0.00000000e+00   0.00000000e+00   5.28225807e-13   6.97474565e-28  -1.84150494e-27  -1.15178834e-59
  3.17600000e-05   0.00000000e+00   0.00000000e+00   6.00150187e-13   7.92444226e-28  -2.09224827e-27  -1.48680876e-59
  3.18400000e-05   0.00000000e+00   0.00000000e+00  -2.49886131e-13  -3.29952113e-28   8.71154984e-28  -2.57748538e-60
  3.19200000e-05   0.00000000e+00   0.00000000e+00  -3.33497375e-13  -4.40353224e-28   1.16264116e-27  -4.59098477e-60
  3.20000000e-05   0.00000000e+00   0.00000000e+00  -4.17108619e-13  -5.50754334e-28   1.45412733e-27  -7.18165928e-60
  3.20800000e-05   0.00000000e+00   0.00000000e+00  -5.00719863e-13  -6.61155445e-28   1.74561350e-27  -1.03495089e-59
  3.21600000e-05   0.00000000e+00   0.00000000e+00  -5.84331107e-13  -7.71556556e-28   2.03709967e-27  -1.40945336e-59
  3.22400000e-05   0.00000000e+00   0.00000000e+00   6.74942569e-14   8.91200825e-29  -2.35299006e-28  -1.88028859e-61
  3.23200000e-05   0.00000000e+00   0.00000000e+00   1.03153248e-13   1.36204566e-28  -3.59613659e-28  -4.39214341e-61
  3.24000000e-05   0.00000000e+00   0.00000000e+00   1.38812239e-13   1.83289049e-28  -4.83928311e-28  -7.95382183e-61
  3.24800000e-05   0.00000000e+00   0.00000000e+00   2.71191535e-13   3.58083977e-28  -9.45430048e-28  -3.03599627e-60
  3.25600000e-05   0.00000000e+00   0.00000000e+00   2.69336992e-13   3.55635220e-28  -9.38964726e-28  -2.99461497e-60
  3.26400000e-05   0.00000000e+00   0.00000000e+00   2.67482449e-13   3.53186464e-28  -9.32499404e-28  -2.95351763e-60
  3.27200000e-05   0.00000000e+00   0.00000000e+00   2.65627906e-13   3.50737707e-28  -9.26034083e-28  -2.91270425e-60
  3.28000000e-05   0.00000000e+00   0.00000000e+00   2.63773363e-13   3.48288951e-28  -9.19568761e-28  -2.87217482e-60
  3.28800000e-05   0.00000000e+00   0.00000000e+00   2.61918821e-13   3.45840194e-28  -9.13103439e-28  -2.83192935e-60
  3.29600000e-05   0.00000000e+00   0.00000000e+00   2.60064278e-13   3.43391437e-28  -9.06638118e-28  -2.79196784e-60
  3.30400000e-05   0.00000000e+00   0.00000000e+00   2.58209735e-13   3.40942681e-28  -9.00172796e-28  -2.75229028e-60
  3.31200000e-05   0.00000000e+00   0.00000000e+00   2.56355192e-13   3.38493924e-28  -8.93707474e-28  -2.71289668e-60
  3.32000000e-05   0.00000000e+00   0.00000000e+00   9.83831540e-14   1.29906087e-28  -3.42984121e-28  -3.99530890e-61
  3.32800000e-05   0.00000000e+00   0.00000000e+00   1.34042145e-13   1.76990570e-28  -4.67298773e-28  -7.41655269e-61
  3.33600000e-05   0.00000000e+00   0.00000000e+00   1.69701136e-13   2.24075053e-28  -5.91613426e-28  -1.18876201e-60
  3.34400000e-05   0.00000000e+00   0.00000000e+00   2.05360127e-13   2.71159537e-28  -7.15928079e-28  -1.74085110e-60
  3.35200000e-05   0.00000000e+00   0.00000000e+00   2.41019117e-13   3.18244020e-28  -8.40242731e-28  -2.39792256e-60
  3.36000000e-05   0.00000000e+00   0.00000000e+00   2.76678108e-13   3.65328503e-28  -9.64557384e-28  -3.15997637e-60
  3.36800000e-05   0.00000000e+00   0.00000000e+00   3.12337099e-13   4.12412986e-28  -1.08887204e-27  -4.02701255e-60
  3.37600000e-05   0.00000000e+00   0.00000000e+00   3.47996090e-13   4.59497470e-28  -1.21318669e-27  -4.99903108e-60
  3.38400000e-05   0.00000000e+00   0.00000000e+00   6.36683300e-13   8.40682909e-28  -2.21961030e-27  -1.67338344e-59
  3.39200000e-05   0.00000000e+00   0.00000000e+00   6.34828757e-13   8.38234152e-28  -2.21314498e-27  -1.66364912e-59
  3.40000000e-05   0.00000000e+00   0.00000000e+00   6.32974215e-13   8.35785396e-28  -2.20667965e-27  -1.65394319e-59
  3.40800000e-05   0.00000000e+00   0.00000000e+00   6.31119672e-13   8.33336639e-28  -2.20021433e-27  -1.64426566e-59
  3.41600000e-05   0.00000000e+00   0.00000000e+00   6.29265129e-13   8.30887883e-28  -2.19374901e-27  -1.63461652e-59
  3.42400000e-05   0.00000000e+00   0.00000000e+00   6.27410586e-13   8.28439126e-28  -2.18728369e-27  -1.62499578e-59
  3.43200000e-05   0.00000000e+00   0.00000000e+00   6.25556043e-13   8.25990369e-28  -2.18081837e-27  -1.61540344e-59
  3.44000000e-05   0.00000000e+00   0.00000000e+00   6.23701500e-13   8.23541613e-28  -2.17435305e-27  -1.60583949e-59
  3.44800000e-05   0.00000000e+00   0.00000000e+00   6.21846958e-13   8.21092856e-28  -2.16788772e-27  -1.59630394e-59
  3.45600000e-05   0.00000000e+00   0.00000000e+00   3.07567005e-13   4.06114508e-28  -1.07224250e-27  -3.90494691e-60
  3.46400000e-05   0.00000000e+00   0.00000000e+00   3.43225996e-13   4.53198991e-28  -1.19655715e-27  -4.86292198e-60
  3.47200000e-05   0.00000000e+00   0.00000000e+00   3.78884987e-13   5.00283474e-28  -1.32087180e-27  -5.92587941e-60
  3.48000000e-05   0.00000000e+00   0.00000000e+00   4.14543978e-13   5.47367957e-28  -1.44518646e-27  -7.09381919e-60
  3.48800000e-05   0.00000000e+00   0.00000000e+00   4.50202969e-13   5.94452440e-28  -1.56950111e-27  -8.36674134e-60
  3.49600000e-05   0.00000000e+00   0.00000000e+00   4.85861960e-13   6.41536924e-28  -1.69381576e-27  -9.74464584e-60
  3.50400000e-05   0.00000000e+00   0.00000000e+00   5.21520951e-13   6.88621407e-28  -1.81813041e-27  -1.12275327e-59
  3.51200000e-05   0.00000000e+00   0.00000000e+00   5.57179942e-13   7.35705890e-28  -1.94244507e-27  -1.28154019e-59
  3.52000000e-05   0.00000000e+00   0.00000000e+00   5.92838932e-13   7.82790373e-28  -2.06675972e-27  -1.45082535e-59
  3.52800000e-05   0.00000000e+00   0.00000000e+00   1.00032052e-12   1.32083308e-27  -3.48732523e-27  -4.13072984e-59
  3.53600000e-05   0.00000000e+00   0.00000000e+00   9.98465980e-13   1.31838433e-27  -3.48085990e-27  -4.11542772e-59
  3.54400000e-05   0.00000000e+00   0.00000000e+00   9.96611437e-13   1.31593557e-27  -3.47439458e-27  -4.10015400e-59
  3.55200000e-05   0.00000000e+00   0.00000000e+00   9.94756894e-13   1.31348681e-27  -3.46792926e-27  -4.08490867e-59
  3.56000000e-05   0.00000000e+00   0.00000000e+00   9.92902352e-13   1.31103806e-27  -3.46146394e-27  -4.06969174e-59
  3.56800000e-05   0.00000000e+00   0.00000000e+00   9.91047809e-13   1.30858930e-27  -3.45499862e-27  -4.05450320e-59
  3.57600000e-05   0.00000000e+00   0.00000000e+00   9.89193266e-13   1.30614054e-27  -3.44853330e-27  -4.03934306e-59
  3.58400000e-05   0.00000000e+00   0.00000000e+00   9.87338723e-13   1.30369179e-27  -3.44206797e-27  -4.02421131e-59
  3.59200000e-05   0.00000000e+00   0.00000000e+00   5.16750857e-13   6.82322928e-28  -1.80150088e-27  -1.10230849e-59
  3.60000000e-05   0.00000000e+00   0.00000000e+00   5.52409848e-13   7.29407411e-28  -1.92581553e-27  -1.25969106e-59
  3.60800000e-05   0.00000000e+00   0.00000000e+00   5.88068839e-13   7.76491894e-28  -2.05013018e-27  -1.42757188e-59
  3.61600000e-05   0.00000000e+00   0.00000000e+00   6.23727830e-13   8.23576378e-28  -2.17444483e-27  -1.60595092e-59
  3.62400000e-05   0.00000000e+00   0.00000000e+00   6.59386820e-13   8.70660861e-28  -2.29875949e-27  -1.79482821e-59
  3.63200000e-05   0.00000000e+00   0.00000000e+00   6.95045811e-13   9.17745344e-28  -2.42307414e-27  -1.99420373e-59
  3.64000000e-05   0.00000000e+00   0.00000000e+00   7.30704802e-13   9.64829827e-28  -2.54738879e-27  -2.20407748e-59
  3.64800000e-05   0.00000000e+00   0.00000000e+00   7.66363793e-13   1.01191431e-27  -2.67170345e-27  -2.42444947e-59
  3.65600000e-05   0.00000000e+00   0.00000000e+00   8.02022784e-13   1.05899879e-27  -2.79601810e-27  -2.65531970e-59
  3.66400000e-05   0.00000000e+00   0.00000000e+00   1.36581229e-12   1.80343202e-27  -4.76150548e-27  -7.70070368e-59
  3.67200000e-05   0.00000000e+00   0.00000000e+00   1.36395775e-12   1.80098326e-27  -4.75504015e-27  -7.67980537e-59
  3.68000000e-05   0.00000000e+00   0.00000000e+00   6.12002318e-13   8.08093897e-28  -2.13356727e-27  -1.54620233e-59
  3.68800000e-05   0.00000000e+00   0.00000000e+00   5.44610304e-13   7.19108817e-28  -1.89862470e-27  -1.22442835e-59
  3.69600000e-05   0.00000000e+00   0.00000000e+00   4.77218290e-13   6.30123737e-28  -1.66368213e-27  -9.40151246e-60
  3.70400000e-05   0.00000000e+00   0.00000000e+00   4.09826276e-13   5.41138656e-28  -1.42873957e-27  -6.93371020e-60
  3.71200000e-05   0.00000000e+00   0.00000000e+00   3.42434262e-13   4.52153576e-28  -1.19379700e-27  -4.84087671e-60
  3.72000000e-05   0.00000000e+00   0.00000000e+00   2.75042248e-13   3.63168496e-28  -9.58854434e-28  -3.12301200e-60
  3.72800000e-05   0.00000000e+00   0.00000000e+00   8.87550889e-13   1.17193095e-27  -3.09418685e-27  -3.25180240e-59
  3.73600000e-05   0.00000000e+00   0.00000000e+00   9.74309282e-13   1.28648759e-27  -3.39664464e-27  -3.91861183e-59
  3.74400000e-05   0.00000000e+00   0.00000000e+00   1.06106768e-12   1.40104422e-27  -3.69910242e-27  -4.64756555e-59
  3.75200000e-05   0.00000000e+00   0.00000000e+00   1.14782607e-12   1.51560086e-27  -4.00156021e-27  -5.43866357e-59
  3.76000000e-05   0.00000000e+00   0.00000000e+00   1.23458446e-12   1.63015750e-27  -4.30401800e-27  -6.29190587e-59
  3.76800000e-05   0.00000000e+00   0.00000000e+00   1.32134285e-12   1.74471414e-27  -4.60647579e-27  -7.20729246e-59
  3.77600000e-05   0.00000000e+00   0.00000000e+00   1.40810125e-12   1.85927077e-27  -4.90893358e-27  -8.18482334e-59
  3.78400000e-05   0.00000000e+00   0.00000000e+00   1.49485964e-12   1.97382741e-27  -5.21139136e-27  -9.22449851e-59
  3.79200000e-05   0.00000000e+00   0.00000000e+00   1.58161803e-12   2.08838405e-27  -5.51384915e-27  -1.03263180e-58
  3.80000000e-05   0.00000000e+00   0.00000000e+00   7.54029414e-13   9.95627874e-28  -2.62870324e-27  -2.34711577e-59
  3.80800000e-05   0.00000000e+00   0.00000000e+00   6.86637400e-13   9.06642794e-28  -2.39376067e-27  -1.94631800e-59
  3.81600000e-05   0.00000000e+00   0.00000000e+00   6.19245386e-13   8.17657714e-28  -2.15881810e-27  -1.58301710e-59
  3.82400000e-05   0.00000000e+00   0.00000000e+00   5.51853372e-13   7.28672634e-28  -1.92387554e-27  -1.25721309e-59
  3.83200000e-05   0.00000000e+00   0.00000000e+00   4.84461358e-13   6.39687554e-28  -1.68893297e-27  -9.68905944e-60
  3.84000000e-05   0.00000000e+00   0.00000000e+00   4.17069343e-13   5.50702474e-28  -1.45399041e-27  -7.18095679e-60
  3.84800000e-05   0.00000000e+00   0.00000000e+00   3.49677329e-13   4.61717394e-28  -1.21904784e-27  -5.04782292e-60
  3.85600000e-05   0.00000000e+00   0.00000000e+00   2.82285315e-13   3.72732314e-28  -9.84105273e-28  -3.28965782e-60
  3.86400000e-05   0.00000000e+00   0.00000000e+00   2.14893301e-13   2.83747234e-28  -7.49162706e-28  -1.90646149e-60
  3.87200000e-05   0.00000000e+00   0.00000000e+00   1.29629466e-12   1.71164025e-27  -4.51915257e-27  -6.93662838e-59
  3.88000000e-05   0.00000000e+00   0.00000000e+00   1.38305305e-12   1.82619689e-27  -4.82161035e-27  -7.89621745e-59
  3.88800000e-05   0.00000000e+00   0.00000000e+00   1.46981144e-12   1.94075352e-27  -5.12406814e-27  -8.91795081e-59
  3.89600000e-05   0.00000000e+00   0.00000000e+00   1.55656984e-12   2.05531016e-27  -5.42652593e-27  -1.00018285e-58
  3.90400000e-05   0.00000000e+00   0.00000000e+00   1.64332823e-12   2.16986680e-27  -5.72898372e-27  -1.11478504e-58
  3.91200000e-05   0.00000000e+00   0.00000000e+00   1.73008662e-12   2.28442344e-27  -6.03144151e-27  -1.23560166e-58
  3.92000000e-05   0.00000000e+00   0.00000000e+00   1.81684501e-12   2.39898007e-27  -6.33389929e-27  -1.36263272e-58
  3.92800000e-05   0.00000000e+00   0.00000000e+00   1.90360341e-12   2.51353671e-27  -6.63635708e-27  -1.49587820e-58
  3.93600000e-05   0.00000000e+00   0.00000000e+00   7.61272482e-13   1.00519169e-27  -2.65395408e-27  -2.39242376e-59
  3.94400000e-05   0.00000000e+00   0.00000000e+00   6.93880467e-13   9.16206612e-28  -2.41901151e-27  -1.98759595e-59
  3.95200000e-05   0.00000000e+00   0.00000000e+00   6.26488453e-13   8.27221532e-28  -2.18406894e-27  -1.62026501e-59
  3.96000000e-05   0.00000000e+00   0.00000000e+00   5.59096439e-13   7.38236452e-28  -1.94912638e-27  -1.29043096e-59
  3.96800000e-05   0.00000000e+00   0.00000000e+00   4.91704425e-13   6.49251372e-28  -1.71418381e-27  -9.98093777e-60
  3.97600000e-05   0.00000000e+00   0.00000000e+00   4.24312411e-13   5.60266292e-28  -1.47924124e-27  -7.43253473e-60
  3.98400000e-05   0.00000000e+00   0.00000000e+00   3.56920397e-13   4.71281212e-28  -1.24429868e-27  -5.25910047e-60
  3.99200000e-05   0.00000000e+00   0.00000000e+00   2.89528383e-13   3.82296132e-28  -1.00935611e-27  -3.46063499e-60
  4.00000000e-05   0.00000000e+00   0.00000000e+00   2.22136369e-13   2.93311052e-28  -7.74413545e-28  -2.03713827e-60
  4.00800000e-05   0.00000000e+00   0.00000000e+00   1.61828003e-12   2.13679291e-27  -5.64166049e-27  -1.08105991e-58
  4.01600000e-05   0.00000000e+00   0.00000000e+00   1.70503842e-12   2.25134955e-27  -5.94411828e-27  -1.20008235e-58
  4.02400000e-05   0.00000000e+00   0.00000000e+00   1.79179682e-12   2.36590619e-27  -6.24657607e-27  -1.32531922e-58
  4.03200000e-05   0.00000000e+00   0.00000000e+00   1.87855521e-12   2.48046282e-27  -6.54903386e-27  -1.45677052e-58
  4.04000000e-05   0.00000000e+00   0.00000000e+00   1.96531360e-12   2.59501946e-27  -6.85149165e-27  -1.59443625e-58
  4.04800000e-05   0.00000000e+00   0.00000000e+00   2.05207200e-12   2.70957610e-27  -7.15394943e-27  -1.73831641e-58
  4.05600000e-05   0.00000000e+00   0.00000000e+00   2.13883039e-12   2.82413274e-27  -7.45640722e-27  -1.88841100e-58
  4.06400000e-05   0.00000000e+00   0.00000000e+00   2.22558878e-12   2.93868937e-27  -7.75886501e-27  -2.04472001e-58
  4.07200000e-05   0.00000000e+00   0.00000000e+00   7.68515549e-13   1.01475551e-27  -2.67920492e-27  -2.43816488e-59
  4.08000000e-05   0.00000000e+00   0.00000000e+00   7.01123535e-13   9.25770429e-28  -2.44426235e-27  -2.02930703e-59
  4.08800000e-05   0.00000000e+00   0.00000000e+00   6.33731521e-13   8.36785349e-28  -2.20931978e-27  -1.65794606e-59
  4.09600000e-05   0.00000000e+00   0.00000000e+00   5.66339507e-13   7.47800270e-28  -1.97437722e-27  -1.32408196e-59
  4.10400000e-05   0.00000000e+00   0.00000000e+00   4.98947493e-13   6.58815190e-28  -1.73943465e-27  -1.02771474e-59
  4.11200000e-05   0.00000000e+00   0.00000000e+00   4.31555479e-13   5.69830110e-28  -1.50449208e-27  -7.68844403e-60
  4.12000000e-05   0.00000000e+00   0.00000000e+00   3.64163465e-13   4.80845030e-28  -1.26954952e-27  -5.47470938e-60
  4.12800000e-05   0.00000000e+00   0.00000000e+00   2.96771451e-13   3.91859950e-28  -1.03460695e-27  -3.63594351e-60
  4.13600000e-05   0.00000000e+00   0.00000000e+00   2.29379436e-13   3.02874870e-28  -7.99664384e-28  -2.17214641e-60
  4.14400000e-05   0.00000000e+00   0.00000000e+00  -7.94382304e-14  -1.04891023e-28   2.76938180e-28  -2.60457434e-61
  4.15200000e-05   0.00000000e+00   0.00000000e+00  -1.07204082e-13  -1.41553327e-28   3.73735710e-28  -4.74390033e-61
  4.16000000e-05   0.00000000e+00   0.00000000e+00  -1.42081773e-13  -1.87606174e-28   4.95326587e-28  -8.33294115e-61
  4.16800000e-05   0.00000000e+00   0.00000000e+00  -1.76959463e-13  -2.33659020e-28   6.16917464e-28  -1.29263056e-60
  4.17600000e-05   0.00000000e+00   0.00000000e+00  -2.11837154e-13  -2.79711867e-28   7.38508341e-28  -1.85239936e-60
  4.18400000e-05   0.00000000e+00   0.00000000e+00  -2.46714844e-13  -3.25764713e-28   8.60099218e-28  -2.51260052e-60
  4.19200000e-05   0.00000000e+00   0.00000000e+00  -2.81592534e-13  -3.71817559e-28   9.81690095e-28  -3.27323404e-60
  4.20000000e-05   0.00000000e+00   0.00000000e+00  -3.16470225e-13  -4.17870406e-28   1.10328097e-27  -4.13429992e-60
  4.20800000e-05   0.00000000e+00   0.00000000e+00  -1.29848554e-13  -1.71453312e-28   4.52679045e-28  -6.96090422e-61
  4.21600000e-05   0.00000000e+00   0.00000000e+00  -7.81980717e-14  -1.03253505e-28   2.72614729e-28  -2.52471309e-61
  4.22400000e-05   0.00000000e+00   0.00000000e+00  -2.65475891e-14  -3.50536984e-29   9.25504125e-29  -2.91078159e-62
  4.23200000e-05   0.00000000e+00   0.00000000e+00   2.51028936e-14   3.31461083e-29  -8.75139039e-29  -2.59999420e-62
  4.24000000e-05   0.00000000e+00   0.00000000e+00   7.67533763e-14   1.01345915e-28  -2.67578220e-28  -2.43147688e-61
  4.24800000e-05   0.00000000e+00   0.00000000e+00   1.28403859e-13   1.69545721e-28  -4.47642537e-28  -6.80551052e-61
  4.25600000e-05   0.00000000e+00   0.00000000e+00   1.80054342e-13   2.37745528e-28  -6.27706853e-28  -1.33821004e-60
  4.26400000e-05   0.00000000e+00   0.00000000e+00   2.31704824e-13   3.05945335e-28  -8.07771169e-28  -2.21612464e-60
  4.27200000e-05   0.00000000e+00   0.00000000e+00   2.83355307e-13   3.74145141e-28  -9.87835486e-28  -3.31429486e-60
  4.28000000e-05   0.00000000e+00   0.00000000e+00  -1.40676033e-13  -1.85750021e-28   4.90425886e-28  -8.16886165e-61
  4.28800000e-05   0.00000000e+00   0.00000000e+00  -1.75553724e-13  -2.31802868e-28   6.12016763e-28  -1.27217470e-60
  4.29600000e-05   0.00000000e+00   0.00000000e+00  -2.10431414e-13  -2.77855714e-28   7.33607640e-28  -1.82789559e-60
  4.30400000e-05   0.00000000e+00   0.00000000e+00  -2.45309104e-13  -3.23908560e-28   8.55198517e-28  -2.48404884e-60
  4.31200000e-05   0.00000000e+00   0.00000000e+00  -2.80186795e-13  -3.69961407e-28   9.76789395e-28  -3.24063445e-60
  4.32000000e-05   0.00000000e+00   0.00000000e+00  -3.15064485e-13  -4.16014253e-28   1.09838027e-27  -4.09765242e-60
  4.32800000e-05   0.00000000e+00   0.00000000e+00  -3.49942176e-13  -4.62067100e-28   1.21997115e-27  -5.05510275e-60
  4.33600000e-05   0.00000000e+00   0.00000000e+00  -3.84819866e-13  -5.08119946e-28   1.34156203e-27  -6.11298544e-60
  4.34400000e-05   0.00000000e+00   0.00000000e+00  -4.19697557e-13  -5.54172792e-28   1.46315290e-27  -7.27130049e-60
  4.35200000e-05   0.00000000e+00   0.00000000e+00   2.75289037e-13   3.63494359e-28  -9.59714793e-28  -3.12828056e-60
  4.36000000e-05   0.00000000e+00   0.00000000e+00   3.26939520e-13   4.31694166e-28  -1.13977911e-27  -4.41230902e-60
  4.36800000e-05   0.00000000e+00   0.00000000e+00   3.78590002e-13   4.99893972e-28  -1.31984343e-27  -5.91659310e-60
  4.37600000e-05   0.00000000e+00   0.00000000e+00   4.30240485e-13   5.68093779e-28  -1.49990774e-27  -7.64113280e-60
  4.38400000e-05   0.00000000e+00   0.00000000e+00   4.81890968e-13   6.36293586e-28  -1.67997206e-27  -9.58592813e-60
  4.39200000e-05   0.00000000e+00   0.00000000e+00   5.33541450e-13   7.04493392e-28  -1.86003638e-27  -1.17509791e-59
  4.40000000e-05   0.00000000e+00   0.00000000e+00   5.85191933e-13   7.72693199e-28  -2.04010069e-27  -1.41362856e-59
  4.40800000e-05   0.00000000e+00   0.00000000e+00   6.36842416e-13   8.40893005e-28  -2.22016501e-27  -1.67418478e-59
  4.41600000e-05   0.00000000e+00   0.00000000e+00  -2.09025674e-13  -2.75999562e-28   7.28706940e-28  -1.80355497e-60
  4.42400000e-05   0.00000000e+00   0.00000000e+00  -2.43903365e-13  -3.22052408e-28   8.50297817e-28  -2.45566031e-60
  4.43200000e-05   0.00000000e+00   0.00000000e+00  -2.78781055e-13  -3.68105254e-28   9.71888694e-28  -3.20819801e-60
  4.44000000e-05   0.00000000e+00   0.00000000e+00  -3.13658746e-13  -4.14158101e-28   1.09347957e-27  -4.06116807e-60
  4.44800000e-05   0.00000000e+00   0.00000000e+00  -3.48536436e-13  -4.60210947e-28   1.21507045e-27  -5.01457049e-60
  4.45600000e-05   0.00000000e+00   0.00000000e+00  -3.83414127e-13  -5.06263794e-28   1.33666133e-27  -6.06840527e-60
  4.46400000e-05   0.00000000e+00   0.00000000e+00  -4.18291817e-13  -5.52316640e-28   1.45825220e-27  -7.22267241e-60
  4.47200000e-05   0.00000000e+00   0.00000000e+00  -4.53169508e-13  -5.98369486e-28   1.57984308e-27  -8.47737191e-60
  4.48000000e-05   0.00000000e+00   0.00000000e+00  -4.88047198e-13  -6.44422333e-28   1.70143396e-27  -9.83250377e-60
  4.48800000e-05   0.00000000e+00   0.00000000e+00   6.28776146e-13   8.30242223e-28  -2.19204432e-27  -1.63204237e-59
  4.49600000e-05   0.00000000e+00   0.00000000e+00   6.80426629e-13   8.98442030e-28  -2.37210863e-27  -1.91118441e-59
  4.50400000e-05   0.00000000e+00   0.00000000e+00   7.32077111e-13   9.66641837e-28  -2.55217295e-27  -2.21235201e-59
  4.51200000e-05   0.00000000e+00   0.00000000e+00   7.83727594e-13   1.03484164e-27  -2.73223726e-27  -2.53554518e-59
  4.52000000e-05   0.00000000e+00   0.00000000e+00   8.35378077e-13   1.10304145e-27  -2.91230158e-27  -2.88076391e-59
  4.52800000e-05   0.00000000e+00   0.00000000e+00   8.87028559e-13   1.17124126e-27  -3.09236590e-27  -3.24800820e-59
  4.53600000e-05   0.00000000e+00   0.00000000e+00   9.38679042e-13   1.23944106e-27  -3.27243021e-27  -3.63727805e-59
  4.54400000e-05   0.00000000e+00   0.00000000e+00   9.90329525e-13   1.30764087e-27  -3.45249453e-27  -4.04857346e-59
  4.55200000e-05   0.00000000e+00   0.00000000e+00  -2.77375316e-13  -3.66249102e-28   9.66987994e-28  -3.17592472e-60
  4.56000000e-05   0.00000000e+00   0.00000000e+00  -3.12253006e-13  -4.12301948e-28   1.08857887e-27  -4.02484687e-60
  4.56800000e-05   0.00000000e+00   0.00000000e+00  -3.47130697e-13  -4.58354795e-28   1.21016975e-27  -4.97420138e-60
  4.57600000e-05   0.00000000e+00   0.00000000e+00  -3.82008387e-13  -5.04407641e-28   1.33176062e-27  -6.02398825e-60
  4.58400000e-05   0.00000000e+00   0.00000000e+00  -4.16886077e-13  -5.50460487e-28   1.45335150e-27  -7.17420748e-60
  4.59200000e-05   0.00000000e+00   0.00000000e+00  -4.51763768e-13  -5.96513334e-28   1.57494238e-27  -8.42485907e-60
  4.60000000e-05   0.00000000e+00   0.00000000e+00   5.66181662e-13   7.47591850e-28  -1.97382694e-27  -1.32324330e-59
  4.60800000e-05   0.00000000e+00   0.00000000e+00   6.71147978e-13   8.86190409e-28  -2.33976133e-27  -1.85937859e-59
  4.61600000e-05   0.00000000e+00   0.00000000e+00   7.76114294e-13   1.02478897e-27  -2.70569572e-27  -2.48647968e-59
  4.62400000e-05   0.00000000e+00   0.00000000e+00   5.40481019e-13   7.13656466e-28  -1.88422915e-27  -1.20594827e-59
  4.63200000e-05   0.00000000e+00   0.00000000e+00   4.43142734e-13   5.85130036e-28  -1.54488766e-27  -8.10698460e-60
  4.64000000e-05   0.00000000e+00   0.00000000e+00   3.45804450e-13   4.56603606e-28  -1.20554618e-27  -4.93673654e-60
  4.64800000e-05   0.00000000e+00   0.00000000e+00   2.48466166e-13   3.28077176e-28  -8.66204691e-28  -2.54873853e-60
  4.65600000e-05   0.00000000e+00   0.00000000e+00   1.51127882e-13   1.99550746e-28  -5.26863204e-28  -9.42990575e-61
  4.66400000e-05   0.00000000e+00   0.00000000e+00   5.37895978e-14   7.10243154e-29  -1.87521716e-28  -1.19492675e-61
  4.67200000e-05   0.00000000e+00   0.00000000e+00  -4.35486863e-14  -5.75021148e-29   1.51819771e-28  -7.82448274e-62
  4.68000000e-05   0.00000000e+00   0.00000000e+00  -1.40886970e-13  -1.86028545e-28   4.91161258e-28  -8.19247034e-61
  4.68800000e-05   0.00000000e+00   0.00000000e+00  -2.38225255e-13  -3.14554975e-28   8.30502745e-28  -2.34249929e-60
  4.69600000e-05   0.00000000e+00   0.00000000e+00   2.50608470e-13   3.30905895e-28  -8.73673208e-28  -2.59235365e-60
  4.70400000e-05   0.00000000e+00   0.00000000e+00   3.55574787e-13   4.69504454e-28  -1.23960760e-27  -5.21888945e-60
  4.71200000e-05   0.00000000e+00   0.00000000e+00   4.60541103e-13   6.08103013e-28  -1.60554199e-27  -8.75508324e-60
  4.72000000e-05   0.00000000e+00   0.00000000e+00   5.65507419e-13   7.46701572e-28  -1.97147638e-27  -1.32009350e-59
  4.72800000e-05   0.00000000e+00   0.00000000e+00   6.70473735e-13   8.85300131e-28  -2.33741078e-27  -1.85564448e-59
  4.73600000e-05   0.00000000e+00   0.00000000e+00   7.75440051e-13   1.02389869e-27  -2.70334517e-27  -2.48216126e-59
  4.74400000e-05   0.00000000e+00   0.00000000e+00   8.80406367e-13   1.16249725e-27  -3.06927956e-27  -3.19964384e-59
  4.75200000e-05   0.00000000e+00   0.00000000e+00   9.85372683e-13   1.30109581e-27  -3.43521395e-27  -4.00809221e-59
  4.76000000e-05   0.00000000e+00   0.00000000e+00   4.60899174e-13   6.08575814e-28  -1.60679030e-27  -8.76966537e-60
  4.76800000e-05   0.00000000e+00   0.00000000e+00   3.63560890e-13   4.80049384e-28  -1.26744882e-27  -5.45671934e-60
  4.77600000e-05   0.00000000e+00   0.00000000e+00   2.66222605e-13   3.51522953e-28  -9.28107328e-28  -2.92602336e-60
  4.78400000e-05   0.00000000e+00   0.00000000e+00   1.68884321e-13   2.22996523e-28  -5.88765841e-28  -1.17757743e-60
  4.79200000e-05   0.00000000e+00   0.00000000e+00   7.15460372e-14   9.44700930e-29  -2.49424354e-28  -2.11381562e-61
  4.80000000e-05   0.00000000e+00   0.00000000e+00  -2.57922470e-14  -3.40563372e-29   8.99171330e-29  -2.74357441e-62
  4.80800000e-05   0.00000000e+00   0.00000000e+00  -1.23130531e-13  -1.62582767e-28   4.29258620e-28  -6.25739980e-61
  4.81600000e-05   0.00000000e+00   0.00000000e+00  -2.20468815e-13  -2.91109198e-28   7.68600107e-28  -2.00629427e-60
  4.82400000e-05   0.00000000e+00   0.00000000e+00  -3.17807099e-13  -4.19635628e-28   1.10794159e-27  -4.16909861e-60
  4.83200000e-05   0.00000000e+00   0.00000000e+00   4.59866859e-13   6.07212736e-28  -1.60319144e-27  -8.72946597e-60
  4.84000000e-05   0.00000000e+00   0.00000000e+00   5.64833175e-13   7.45811294e-28  -1.96912583e-27  -1.31694746e-59
  4.84800000e-05   0.00000000e+00   0.00000000e+00   6.69799492e-13   8.84409853e-28  -2.33506022e-27  -1.85191413e-59
  4.85600000e-05   0.00000000e+00   0.00000000e+00   7.74765808e-13   1.02300841e-27  -2.70099462e-27  -2.47784659e-59
  4.86400000e-05   0.00000000e+00   0.00000000e+00   8.79732124e-13   1.16160697e-27  -3.06692901e-27  -3.19474486e-59
  4.87200000e-05   0.00000000e+00   0.00000000e+00   9.84698440e-13   1.30020553e-27  -3.43286340e-27  -4.00260892e-59
  4.88000000e-05   0.00000000e+00   0.00000000e+00   1.08966476e-12   1.43880409e-27  -3.79879779e-27  -4.90143879e-59
  4.88800000e-05   0.00000000e+00   0.00000000e+00   1.19463107e-12   1.57740265e-27  -4.16473218e-27  -5.89123445e-59
  4.89600000e-05   0.00000000e+00   0.00000000e+00   3.81317329e-13   5.03495161e-28  -1.32935145e-27  -6.00273308e-60
  4.90400000e-05   0.00000000e+00   0.00000000e+00   2.83979045e-13   3.74968731e-28  -9.90009966e-28  -3.32933914e-60
  4.91200000e-05   0.00000000e+00   0.00000000e+00   1.86640761e-13   2.46442301e-28  -6.50668479e-28  -1.43819524e-60
  4.92000000e-05   0.00000000e+00   0.00000000e+00   8.93024765e-14   1.17915871e-28  -3.11326992e-28  -3.29301398e-61
  4.92800000e-05   0.00000000e+00   0.00000000e+00  -8.03580761e-15  -1.06105596e-29   2.80144953e-29  -2.65760932e-63
  4.93600000e-05   0.00000000e+00   0.00000000e+00  -1.05374092e-13  -1.39136990e-28   3.67355982e-28  -4.58263874e-61
  4.94400000e-05   0.00000000e+00   0.00000000e+00  -2.02712376e-13  -2.67663420e-28   7.06697470e-28  -1.69612019e-60
  4.95200000e-05   0.00000000e+00   0.00000000e+00  -3.00050660e-13  -3.96189850e-28   1.04603896e-27  -3.71622656e-60
  4.96000000e-05   0.00000000e+00   0.00000000e+00  -3.97388944e-13  -5.24716280e-28   1.38538044e-27  -6.51858299e-60
  4.96800000e-05   0.00000000e+00   0.00000000e+00   6.69125248e-13   8.83519576e-28  -2.33270967e-27  -1.84818753e-59
  4.97600000e-05   0.00000000e+00   0.00000000e+00   7.74091564e-13   1.02211813e-27  -2.69864406e-27  -2.47353568e-59
  4.98400000e-05   0.00000000e+00   0.00000000e+00   8.79057880e-13   1.16071669e-27  -3.06457845e-27  -3.18984964e-59
  4.99200000e-05   0.00000000e+00   0.00000000e+00   9.84024197e-13   1.29931525e-27  -3.43051285e-27  -3.99712939e-59
  5.00000000e-05   0.00000000e+00   0.00000000e+00   1.08899051e-12   1.43791381e-27  -3.79644724e-27  -4.89537494e-59
  5.00800000e-05   0.00000000e+00   0.00000000e+00   1.19395683e-12   1.57651237e-27  -4.16238163e-27  -5.88458629e-59
  5.01600000e-05   0.00000000e+00   0.00000000e+00   1.29892315e-12   1.71511093e-27  -4.52831602e-27  -6.96476344e-59
  5.02400000e-05   0.00000000e+00   0.00000000e+00   1.40388946e-12   1.85370949e-27  -4.89425041e-27  -8.13590639e-59
  5.03200000e-05   0.00000000e+00   0.00000000e+00   3.01735484e-13   3.98414508e-28  -1.05191260e-27  -3.75868586e-60
  5.04000000e-05   0.00000000e+00   0.00000000e+00   2.04397200e-13   2.69888078e-28  -7.12571117e-28  -1.72484400e-60
  5.04800000e-05   0.00000000e+00   0.00000000e+00   1.07058916e-13   1.41361648e-28  -3.73229629e-28  -4.73252182e-61
  5.05600000e-05   0.00000000e+00   0.00000000e+00   1.21375878e-13   1.60265906e-28  -4.23141535e-28  -6.08140707e-61
  5.06400000e-05   0.00000000e+00   0.00000000e+00   1.31357022e-13   1.73445108e-28  -4.57937878e-28  -7.12273151e-61
  5.07200000e-05   0.00000000e+00   0.00000000e+00   1.41338167e-13   1.86624309e-28  -4.92734222e-28  -8.24630651e-61
  5.08000000e-05   0.00000000e+00   0.00000000e+00   1.51319311e-13   1.99803510e-28  -5.27530565e-28  -9.45213208e-61
  5.08800000e-05   0.00000000e+00   0.00000000e+00   1.61300455e-13   2.12982711e-28  -5.62326908e-28  -1.07402082e-60
  5.09600000e-05   0.00000000e+00   0.00000000e+00   1.71281599e-13   2.26161913e-28  -5.97123251e-28  -1.21105349e-60
  5.10400000e-05   0.00000000e+00   0.00000000e+00   7.84327208e-13   1.03563338e-27  -2.73432764e-27  -2.53947797e-59
  5.11200000e-05   0.00000000e+00   0.00000000e+00   7.72368333e-13   1.01984276e-27  -2.69263652e-27  -2.46262812e-59
  5.12000000e-05   0.00000000e+00   0.00000000e+00   7.60409459e-13   1.00405215e-27  -2.65094540e-27  -2.38695901e-59
  5.12800000e-05   0.00000000e+00   0.00000000e+00   7.48450584e-13   9.88261531e-28  -2.60925428e-27  -2.31247066e-59
  5.13600000e-05   0.00000000e+00   0.00000000e+00   7.36491710e-13   9.72470916e-28  -2.56756316e-27  -2.23916306e-59
  5.14400000e-05   0.00000000e+00   0.00000000e+00   7.24532835e-13   9.56680300e-28  -2.52587203e-27  -2.16703622e-59
  5.15200000e-05   0.00000000e+00   0.00000000e+00   7.12573961e-13   9.40889684e-28  -2.48418091e-27  -2.09609012e-59
  5.16000000e-05   0.00000000e+00   0.00000000e+00   7.00615086e-13   9.25099068e-28  -2.44248979e-27  -2.02632478e-59
  5.16800000e-05   0.00000000e+00   0.00000000e+00   6.88656212e-13   9.09308452e-28  -2.40079867e-27  -1.95774019e-59
  5.17600000e-05   0.00000000e+00   0.00000000e+00   3.56249015e-14   4.70394712e-29  -1.24195810e-28  -5.23871965e-62
  5.18400000e-05   0.00000000e+00   0.00000000e+00   4.56060458e-14   6.02186725e-29  -1.58992153e-28  -8.58557346e-62
  5.19200000e-05   0.00000000e+00   0.00000000e+00   5.55871900e-14   7.33978738e-29  -1.93788496e-28  -1.27549329e-61
  5.20000000e-05   0.00000000e+00   0.00000000e+00   6.55683343e-14   8.65770751e-29  -2.28584840e-28  -1.77467980e-61
  5.20800000e-05   0.00000000e+00   0.00000000e+00   7.55494785e-14   9.97562764e-29  -2.63381183e-28  -2.35611688e-61
  5.21600000e-05   0.00000000e+00   0.00000000e+00   8.55306228e-14   1.12935478e-28  -2.98177526e-28  -3.01980452e-61
  5.22400000e-05   0.00000000e+00   0.00000000e+00   9.55117670e-14   1.26114679e-28  -3.32973869e-28  -3.76574273e-61
  5.23200000e-05   0.00000000e+00   0.00000000e+00   1.05492911e-13   1.39293880e-28  -3.67770212e-28  -4.59393151e-61
  5.24000000e-05   0.00000000e+00   0.00000000e+00   8.16494482e-13   1.07810736e-27  -2.84646945e-27  -2.75205007e-59
  5.24800000e-05   0.00000000e+00   0.00000000e+00   8.04535607e-13   1.06231675e-27  -2.80477832e-27  -2.67202420e-59
  5.25600000e-05   0.00000000e+00   0.00000000e+00   7.92576733e-13   1.04652613e-27  -2.76308720e-27  -2.59317908e-59
  5.26400000e-05   0.00000000e+00   0.00000000e+00   7.80617859e-13   1.03073552e-27  -2.72139608e-27  -2.51551471e-59
  5.27200000e-05   0.00000000e+00   0.00000000e+00   7.68658984e-13   1.01494490e-27  -2.67970496e-27  -2.43903110e-59
  5.28000000e-05   0.00000000e+00   0.00000000e+00   7.56700110e-13   9.99154285e-28  -2.63801384e-27  -2.36372823e-59
  5.28800000e-05   0.00000000e+00   0.00000000e+00   7.44741235e-13   9.83363670e-28  -2.59632272e-27  -2.28960612e-59
  5.29600000e-05   0.00000000e+00   0.00000000e+00   7.32782361e-13   9.67573054e-28  -2.55463159e-27  -2.21666477e-59
  5.30400000e-05   0.00000000e+00   0.00000000e+00   7.20823486e-13   9.51782438e-28  -2.51294047e-27  -2.14490416e-59
  5.31200000e-05   0.00000000e+00   0.00000000e+00  -3.01637866e-14  -3.98285613e-29   1.05157229e-28  -3.75626203e-62
  5.32000000e-05   0.00000000e+00   0.00000000e+00  -2.01826424e-14  -2.66493600e-29   7.03608857e-29  -1.68173660e-62
  5.32800000e-05   0.00000000e+00   0.00000000e+00  -1.02014981e-14  -1.34701587e-29   3.55645425e-29  -4.29716831e-63
  5.33600000e-05   0.00000000e+00   0.00000000e+00  -2.20353880e-16  -2.90957436e-31   7.68199419e-31  -2.02718654e-66
  5.34400000e-05   0.00000000e+00   0.00000000e+00   9.76079037e-15   1.28882438e-29  -3.40281437e-29  -3.93194264e-63
  5.35200000e-05   0.00000000e+00   0.00000000e+00   1.97419346e-14   2.60674451e-29  -6.88244868e-29  -1.60869147e-62
  5.36000000e-05   0.00000000e+00   0.00000000e+00   2.97230789e-14   3.92466464e-29  -1.03620830e-28  -3.64669432e-62
  5.36800000e-05   0.00000000e+00   0.00000000e+00   1.42880576e-12   1.88660922e-27  -4.98111382e-27  -8.42723629e-59
  5.37600000e-05   0.00000000e+00   0.00000000e+00   7.50222252e-13   9.90600858e-28  -2.61543068e-27  -2.32351027e-59
  5.38400000e-05   0.00000000e+00   0.00000000e+00   6.36346785e-13   8.40238569e-28  -2.21843714e-27  -1.67168856e-59
  5.39200000e-05   0.00000000e+00   0.00000000e+00   5.22471318e-13   6.89876279e-28  -1.82144359e-27  -1.12692965e-59
  5.40000000e-05   0.00000000e+00   0.00000000e+00   4.08595851e-13   5.39513990e-28  -1.42445005e-27  -6.89233530e-60
  5.40800000e-05   0.00000000e+00   0.00000000e+00   2.94720384e-13   3.89151701e-28  -1.02745651e-27  -3.58600204e-60
  5.41600000e-05   0.00000000e+00   0.00000000e+00   1.80844917e-13   2.38789412e-28  -6.30462964e-28  -1.35029672e-60
  5.42400000e-05   0.00000000e+00   0.00000000e+00   6.69694503e-14   8.84271225e-29  -2.33469421e-28  -1.85219327e-61
  5.43200000e-05   0.00000000e+00   0.00000000e+00  -4.69060165e-14  -6.19351667e-29   1.63524122e-28  -9.07698692e-62
  5.44000000e-05   0.00000000e+00   0.00000000e+00  -1.60781483e-13  -2.12297456e-28   5.60517664e-28  -1.06694834e-60
  5.44800000e-05   0.00000000e+00   0.00000000e+00   8.79139136e-13   1.16082398e-27  -3.06486173e-27  -3.19042180e-59
  5.45600000e-05   0.00000000e+00   0.00000000e+00   1.00348492e-12   1.32501138e-27  -3.49835697e-27  -4.15677464e-59
  5.46400000e-05   0.00000000e+00   0.00000000e+00   1.12783070e-12   1.48919878e-27  -3.93185221e-27  -5.25078322e-59
  5.47200000e-05   0.00000000e+00   0.00000000e+00   1.25217649e-12   1.65338618e-27  -4.36534745e-27  -6.47244754e-59
  5.48000000e-05   0.00000000e+00   0.00000000e+00   1.37652227e-12   1.81757357e-27  -4.79884269e-27  -7.82176760e-59
  5.48800000e-05   0.00000000e+00   0.00000000e+00   1.50086805e-12   1.98176097e-27  -5.23233793e-27  -9.29874341e-59
  5.49600000e-05   0.00000000e+00   0.00000000e+00   1.62521383e-12   2.14594837e-27  -5.66583317e-27  -1.09033750e-58
  5.50400000e-05   0.00000000e+00   0.00000000e+00   1.74955962e-12   2.31013577e-27  -6.09932842e-27  -1.26356622e-58
  5.51200000e-05   0.00000000e+00   0.00000000e+00   1.87390540e-12   2.47432317e-27  -6.53282366e-27  -1.44956053e-58
  5.52000000e-05   0.00000000e+00   0.00000000e+00   6.40272702e-13   8.45422388e-28  -2.23212370e-27  -1.69229408e-59
  5.52800000e-05   0.00000000e+00   0.00000000e+00   6.54254777e-13   8.63884458e-28  -2.28086812e-27  -1.76701289e-59
  5.53600000e-05   0.00000000e+00   0.00000000e+00   6.68236852e-13   8.82346528e-28  -2.32961254e-27  -1.84334577e-59
  5.54400000e-05   0.00000000e+00   0.00000000e+00   6.82218927e-13   9.00808598e-28  -2.37835696e-27  -1.92129272e-59
  5.55200000e-05   0.00000000e+00   0.00000000e+00   6.96201002e-13   9.19270668e-28  -2.42710138e-27  -2.00085373e-59
  5.56000000e-05   0.00000000e+00   0.00000000e+00   7.10183078e-13   9.37732738e-28  -2.47584580e-27  -2.08202881e-59
  5.56800000e-05   0.00000000e+00   0.00000000e+00   7.24165153e-13   9.56194807e-28  -2.52459022e-27  -2.16481796e-59
  5.57600000e-05   0.00000000e+00   0.00000000e+00   7.38147228e-13   9.74656877e-28  -2.57333464e-27  -2.24922117e-59
  5.58400000e-05   0.00000000e+00   0.00000000e+00   6.83658562e-13   9.02709506e-28  -2.38337582e-27  -1.92944627e-59
  5.59200000e-05   0.00000000e+00   0.00000000e+00   6.46241973e-13   8.53304273e-28  -2.25293382e-27  -1.72403010e-59
  5.60000000e-05   0.00000000e+00   0.00000000e+00   6.08825385e-13   8.03899040e-28  -2.12249182e-27  -1.53017256e-59
  5.60800000e-05   0.00000000e+00   0.00000000e+00   5.71408796e-13   7.54493808e-28  -1.99204981e-27  -1.34787366e-59
  5.61600000e-05   0.00000000e+00   0.00000000e+00   5.33992207e-13   7.05088575e-28  -1.86160781e-27  -1.17713339e-59
  5.62400000e-05   0.00000000e+00   0.00000000e+00   4.96575618e-13   6.55683342e-28  -1.73116580e-27  -1.01795176e-59
  5.63200000e-05   0.00000000e+00   0.00000000e+00   4.59159030e-13   6.06278109e-28  -1.60072380e-27  -8.70328769e-60
  5.64000000e-05   0.00000000e+00   0.00000000e+00   4.21742441e-13   5.56872877e-28  -1.47028179e-27  -7.34264413e-60
  5.64800000e-05   0.00000000e+00   0.00000000e+00   3.84325852e-13   5.07467644e-28  -1.33983979e-27  -6.09758693e-60
  5.65600000e-05   0.00000000e+00   0.00000000e+00   4.83716567e-13   6.38704125e-28  -1.68633648e-27  -9.65888554e-60
  5.66400000e-05   0.00000000e+00   0.00000000e+00   4.97698643e-13   6.57166195e-28  -1.73508090e-27  -1.02253480e-59
  5.67200000e-05   0.00000000e+00   0.00000000e+00   5.11680718e-13   6.75628264e-28  -1.78382532e-27  -1.08079510e-59
  5.68000000e-05   0.00000000e+00   0.00000000e+00   5.25662793e-13   6.94090334e-28  -1.83256974e-27  -1.14066948e-59
  5.68800000e-05   0.00000000e+00   0.00000000e+00   5.39644868e-13   7.12552404e-28  -1.88131416e-27  -1.20215792e-59
  5.69600000e-05   0.00000000e+00   0.00000000e+00   5.53626943e-13   7.31014474e-28  -1.93005858e-27  -1.26526043e-59
  5.70400000e-05   0.00000000e+00   0.00000000e+00   5.67609018e-13   7.49476544e-28  -1.97880300e-27  -1.32997701e-59
  5.71200000e-05   0.00000000e+00   0.00000000e+00   5.81591094e-13   7.67938614e-28  -2.02754742e-27  -1.39630765e-59
  5.72000000e-05   0.00000000e+00   0.00000000e+00   4.41827965e-13   5.83394001e-28  -1.54030411e-27  -8.05867848e-60
  5.72800000e-05   0.00000000e+00   0.00000000e+00   4.04411376e-13   5.33988768e-28  -1.40986210e-27  -6.75157360e-60
  5.73600000e-05   0.00000000e+00   0.00000000e+00   3.66994787e-13   4.84583535e-28  -1.27942010e-27  -5.56005508e-60
  5.74400000e-05   0.00000000e+00   0.00000000e+00   3.29578199e-13   4.35178303e-28  -1.14897809e-27  -4.48412294e-60
  5.75200000e-05   0.00000000e+00   0.00000000e+00   2.92161610e-13   3.85773070e-28  -1.01853609e-27  -3.52377715e-60
  5.76000000e-05   0.00000000e+00   0.00000000e+00   2.54745021e-13   3.36367837e-28  -8.88094084e-28  -2.67901774e-60
  5.76800000e-05   0.00000000e+00   0.00000000e+00   2.17328432e-13   2.86962604e-28  -7.57652079e-28  -1.94984469e-60
  5.77600000e-05   0.00000000e+00   0.00000000e+00   1.79911843e-13   2.37557372e-28  -6.27210075e-28  -1.33625801e-60
  5.78400000e-05   0.00000000e+00   0.00000000e+00   1.42495255e-13   1.88152139e-28  -4.96768071e-28  -8.38257689e-61
  5.79200000e-05   0.00000000e+00   0.00000000e+00   3.27160433e-13   4.31985861e-28  -1.14054926e-27  -4.41840114e-60
  5.80000000e-05   0.00000000e+00   0.00000000e+00   3.41142508e-13   4.50447931e-28  -1.18929368e-27  -4.80413784e-60
  5.80800000e-05   0.00000000e+00   0.00000000e+00   3.55124583e-13   4.68910001e-28  -1.23803810e-27  -5.20601522e-60
  5.81600000e-05   0.00000000e+00   0.00000000e+00   3.69106659e-13   4.87372071e-28  -1.28678252e-27  -5.62403326e-60
  5.82400000e-05   0.00000000e+00   0.00000000e+00   3.83088734e-13   5.05834141e-28  -1.33552694e-27  -6.05819196e-60
  5.83200000e-05   0.00000000e+00   0.00000000e+00   3.97070809e-13   5.24296211e-28  -1.38427136e-27  -6.50849134e-60
  5.84000000e-05   0.00000000e+00   0.00000000e+00   4.11052884e-13   5.42758281e-28  -1.43301578e-27  -6.97493138e-60
  5.84800000e-05   0.00000000e+00   0.00000000e+00   4.25034959e-13   5.61220351e-28  -1.48176020e-27  -7.45751209e-60
  5.85600000e-05   0.00000000e+00   0.00000000e+00   1.99997368e-13   2.64078496e-28  -6.97232387e-28  -1.65126625e-60
  5.86400000e-05   0.00000000e+00   0.00000000e+00   1.62580779e-13   2.14673263e-28  -5.66790382e-28  -1.09121825e-60
  5.87200000e-05   0.00000000e+00   0.00000000e+00   1.25164190e-13   1.65268031e-28  -4.36348378e-28  -6.46756611e-61
  5.88000000e-05   0.00000000e+00   0.00000000e+00   8.77476013e-14   1.15862798e-28  -3.05906374e-28  -3.17881340e-61
  5.88800000e-05   0.00000000e+00   0.00000000e+00   5.03310125e-14   6.64575651e-29  -1.75464369e-28  -1.04592436e-61
  5.89600000e-05   0.00000000e+00   0.00000000e+00   1.29144237e-14   1.70523324e-29  -4.50223649e-29  -6.88989821e-63
  5.90400000e-05   0.00000000e+00   0.00000000e+00  -2.45021651e-14  -3.23529003e-29   8.54196395e-29  -2.47737266e-62
  5.91200000e-05   0.00000000e+00   0.00000000e+00  -6.19187539e-14  -8.17581330e-29   2.15861644e-28  -1.58243921e-61
  5.92000000e-05   0.00000000e+00   0.00000000e+00  -9.93353427e-14  -1.31163366e-28   3.46303648e-28  -4.07300482e-61
  5.92800000e-05   0.00000000e+00   0.00000000e+00   1.70604299e-13   2.25267598e-28  -5.94762040e-28  -1.20148755e-60
  5.93600000e-05   0.00000000e+00   0.00000000e+00   1.84586374e-13   2.43729668e-28  -6.43506460e-28  -1.40649854e-60
  5.94400000e-05   0.00000000e+00   0.00000000e+00   1.98568449e-13   2.62191738e-28  -6.92250880e-28  -1.62765020e-60
  5.95200000e-05   0.00000000e+00   0.00000000e+00   2.12550524e-13   2.80653808e-28  -7.40995299e-28  -1.86494253e-60
  5.96000000e-05   0.00000000e+00   0.00000000e+00   2.26532599e-13   2.99115878e-28  -7.89739719e-28  -2.11837552e-60
  5.96800000e-05   0.00000000e+00   0.00000000e+00   2.40514675e-13   3.17577948e-28  -8.38484139e-28  -2.38794918e-60
  5.97600000e-05   0.00000000e+00   0.00000000e+00   3.44181003e-13   4.54459990e-28  -1.19988650e-27  -4.89018296e-60
  5.98400000e-05   0.00000000e+00   0.00000000e+00   3.34410983e-13   4.41559559e-28  -1.16582618e-27  -4.61649607e-60
  5.99200000e-05   0.00000000e+00   0.00000000e+00   3.24640963e-13   4.28659128e-28  -1.13176586e-27  -4.35068996e-60
  6.00000000e-05   7.60462843e-15   2.38615471e-15  -7.69225356e-15  -6.58138201e-29   2.04194224e-28  -1.72259516e-30
  6.00800000e-05   1.67913248e-14   5.26872537e-15  -7.33973982e-15  -1.32584118e-28   4.17244343e-28  -3.80355925e-30
  6.01600000e-05   2.59780212e-14   8.15129604e-15  -6.98722607e-15  -1.99354416e-28   6.30294461e-28  -5.88452334e-30
  6.02400000e-05   3.51647176e-14   1.10338667e-14  -6.63471232e-15  -2.66124714e-28   8.43344580e-28  -7.96548743e-30
  6.03200000e-05   4.43514140e-14   1.39164374e-14  -6.28219858e-15  -3.32895011e-28   1.05639470e-27  -1.00464515e-29
  6.04000000e-05   5.35381104e-14   1.67990080e-14  -5.92968483e-15  -3.99665309e-28   1.26944482e-27  -1.21274156e-29
  6.04800000e-05   6.27248068e-14   1.96815787e-14  -5.57717109e-15  -4.66435607e-28   1.48249494e-27  -1.42083797e-29
  6.05600000e-05   7.19115032e-14   2.25641494e-14  -5.22465734e-15  -5.33205905e-28   1.69554505e-27  -1.62893438e-29
  6.06400000e-05   2.23535938e-14   7.01403542e-15   4.40638555e-13   4.18221604e-28  -1.01476155e-27  -5.06352051e-30
  6.07200000e-05   3.90084755e-14   1.22399482e-14   4.30868535e-13   2.83427120e-28  -5.92227274e-28  -8.83617259e-30
  6.08000000e-05   5.56633572e-14   1.74658610e-14   4.21098514e-13   1.48632637e-28  -1.69692995e-28  -1.26088247e-29
  6.08800000e-05   7.23182390e-14   2.26917737e-14   4.11328494e-13   1.38381539e-29   2.52841285e-28  -1.63814767e-29
  6.09600000e-05   8.89731207e-14   2.79176865e-14   4.01558474e-13  -1.20956329e-28   6.75375565e-28  -2.01541288e-29
  6.10400000e-05   1.05628002e-13   3.31435993e-14   3.91788453e-13  -2.55750813e-28   1.09790984e-27  -2.39267809e-29
  6.11200000e-05   1.22282884e-13   3.83695120e-14   3.82018433e-13  -3.90545296e-28   1.52044412e-27  -2.76994330e-29
  6.12000000e-05   1.38937766e-13   4.35954248e-14   3.72248413e-13  -5.25339779e-28   1.94297840e-27  -3.14720850e-29
  6.12800000e-05   1.55592648e-13   4.88213376e-14   3.62478393e-13  -6.60134262e-28   2.36551268e-27  -3.52447371e-29
  6.13600000e-05  -2.78928581e-15   2.43137346e-14   5.41826752e-14  -4.95572831e-28  -2.53951964e-28   8.84457322e-29
  6.14400000e-05  -4.32596386e-14   8.90253045e-15   1.14924666e-13  -5.59032423e-29  -1.40967933e-27   8.81565246e-29
  6.15200000e-05  -8.37299915e-14  -6.50867370e-15   1.75666656e-13   3.83766347e-28  -2.56540670e-27   8.78673170e-29
  6.16000000e-05  -1.24200344e-13  -2.19198779e-14   2.36408647e-13   8.23435935e-28  -3.72113407e-27   8.75781095e-29
  6.16800000e-05  -1.64670697e-13  -3.73310820e-14   2.97150637e-13   1.26310552e-27  -4.87686144e-27   8.72889019e-29
  6.17600000e-05  -2.05141050e-13  -5.27422862e-14   3.57892628e-13   1.70277511e-27  -6.03258881e-27   8.69996943e-29
  6.18400000e-05  -2.45611403e-13  -6.81534903e-14   4.18634618e-13   2.14244470e-27  -7.18831618e-27   8.67104867e-29
  6.19200000e-05  -2.86081756e-13  -8.35646945e-14   4.79376609e-13   2.58211429e-27  -8.34404354e-27   8.64212791e-29
  6.20000000e-05  -1.92028470e-15  -6.02540471e-16   1.20125380e-12   1.60020158e-27  -4.23261091e-27   4.34981545e-31
  6.20800000e-05  -2.96549847e-14  -9.30504133e-15   1.14241885e-12   1.72550055e-27  -4.67440998e-27   6.71742637e-30
  6.21600000e-05  -5.73896848e-14  -1.80075422e-14   1.08358390e-12   1.85079953e-27  -5.11620906e-27   1.29998712e-29
  6.22400000e-05  -8.51243848e-14  -2.67100431e-14   1.02474894e-12   1.97609850e-27  -5.55800813e-27   1.92823160e-29
  6.23200000e-05  -1.12859085e-13  -3.54125439e-14   9.65913988e-13   2.10139748e-27  -5.99980721e-27   2.55647608e-29
  6.24000000e-05  -1.40593785e-13  -4.41150448e-14   9.07079034e-13   2.22669645e-27  -6.44160628e-27   3.18472056e-29
  6.24800000e-05  -1.68328485e-13  -5.28175456e-14   8.48244080e-13   2.35199543e-27  -6.88340536e-27   3.81296504e-29
  6.25600000e-05  -1.96063185e-13  -6.15200465e-14   7.89409127e-13   2.47729440e-27  -7.32520443e-27   4.44120953e-29
  6.26400000e-05  -2.23797885e-13  -7.02225474e-14   7.30574173e-13   2.60259338e-27  -7.76700351e-27   5.06945401e-29
  6.27200000e-05   2.10077181e-13   8.68417649e-14  -8.40083534e-14  -2.13650359e-27   5.19290622e-27   2.53604595e-29
  6.28000000e-05   2.41360837e-13   9.93703984e-14  -7.80301154e-14  -2.42083937e-27   5.90175395e-27   2.77306312e-29
  6.28800000e-05   2.72644494e-13   1.11899032e-13  -7.20518773e-14  -2.70517515e-27   6.61060168e-27   3.01008028e-29
  6.29600000e-05   3.03928150e-13   1.24427665e-13  -6.60736392e-14  -2.98951093e-27   7.31944941e-27   3.24709745e-29
  6.30400000e-05   3.35211806e-13   1.36956299e-13  -6.00954011e-14  -3.27384671e-27   8.02829714e-27   3.48411462e-29
  6.31200000e-05   3.66495463e-13   1.49484932e-13  -5.41171630e-14  -3.55818249e-27   8.73714487e-27   3.72113178e-29
  6.32000000e-05   3.97779119e-13   1.62013566e-13  -4.81389250e-14  -3.84251827e-27   9.44599260e-27   3.95814894e-29
  6.32800000e-05   4.29062776e-13   1.74542199e-13  -4.21606869e-14  -4.12685405e-27   1.01548403e-26   4.19516611e-29
  6.33600000e-05   4.60346432e-13   1.87070833e-13  -3.61824488e-14  -4.41118983e-27   1.08636881e-26   4.43218327e-29
  6.34400000e-05   5.66262285e-14   1.77679873e-14   5.06543394e-13   2.54407822e-28  -4.45112699e-28  -1.28269340e-29
  6.35200000e-05   6.77060468e-14   2.12445754e-14   4.96773374e-13   1.60416216e-28  -1.52616385e-28  -1.53367267e-29
  6.36000000e-05   7.87858651e-14   2.47211635e-14   4.87003354e-13   6.64246089e-29   1.39879928e-28  -1.78465195e-29
  6.36800000e-05   8.98656834e-14   2.81977516e-14   4.77233333e-13  -2.75669978e-29   4.32376241e-28  -2.03563122e-29
  6.37600000e-05   1.00945502e-13   3.16743397e-14   4.67463313e-13  -1.21558604e-28   7.24872554e-28  -2.28661050e-29
  6.38400000e-05   1.12025320e-13   3.51509278e-14   4.57693293e-13  -2.15550211e-28   1.01736887e-27  -2.53758978e-29
  6.39200000e-05   1.23105138e-13   3.86275159e-14   4.47923273e-13  -3.09541818e-28   1.30986518e-27  -2.78856905e-29
  6.40000000e-05   1.34184957e-13   4.21041040e-14   4.38153252e-13  -4.03533424e-28   1.60236149e-27  -3.03954833e-29
  6.40800000e-05   0.00000000e+00   0.00000000e+00  -6.01497378e-13  -7.94223067e-28   2.09694486e-27  -1.49353627e-59
  6.41600000e-05   0.00000000e+00   0.00000000e+00  -6.01144864e-13  -7.93757605e-28   2.09571592e-27  -1.49178618e-59
  6.42400000e-05   0.00000000e+00   0.00000000e+00  -6.00792350e-13  -7.93292142e-28   2.09448699e-27  -1.49003711e-59
  6.43200000e-05   0.00000000e+00   0.00000000e+00  -6.00439836e-13  -7.92826679e-28   2.09325805e-27  -1.48828907e-59
  6.44000000e-05   0.00000000e+00   0.00000000e+00   8.93971725e-13   1.18040908e-27  -3.11657122e-27  -3.29900861e-59
  6.44800000e-05   0.00000000e+00   0.00000000e+00   9.95664515e-13   1.31468524e-27  -3.47109342e-27  -4.09225985e-59
  6.45600000e-05   0.00000000e+00   0.00000000e+00   1.09735731e-12   1.44896140e-27  -3.82561562e-27  -4.97089157e-59
  6.46400000e-05   0.00000000e+00   0.00000000e+00   1.19905010e-12   1.58323757e-27  -4.18013782e-27  -5.93490376e-59
  6.47200000e-05   0.00000000e+00   0.00000000e+00   1.30074289e-12   1.71751373e-27  -4.53466002e-27  -6.98429642e-59
  6.48000000e-05   0.00000000e+00   0.00000000e+00   6.56288701e-13   8.66570071e-28  -2.28795880e-27  -1.77807214e-59
  6.48800000e-05   0.00000000e+00   0.00000000e+00   5.88052317e-13   7.76470077e-28  -2.05007259e-27  -1.42755472e-59
  6.49600000e-05   0.00000000e+00   0.00000000e+00   5.19815934e-13   6.86370083e-28  -1.81218637e-27  -1.11547967e-59
  6.50400000e-05   0.00000000e+00   0.00000000e+00   4.51579550e-13   5.96270090e-28  -1.57430016e-27  -8.41847007e-60
  6.51200000e-05   0.00000000e+00   0.00000000e+00   3.83343166e-13   5.06170096e-28  -1.33641394e-27  -6.06656718e-60
  6.52000000e-05   0.00000000e+00   0.00000000e+00   3.15106783e-13   4.16070102e-28  -1.09852773e-27  -4.09908805e-60
  6.52800000e-05   0.00000000e+00   0.00000000e+00   2.46870399e-13   3.25970109e-28  -8.60641515e-28  -2.51603270e-60
  6.53600000e-05   0.00000000e+00   0.00000000e+00   1.78634015e-13   2.35870115e-28  -6.22755301e-28  -1.31740112e-60
  6.54400000e-05   0.00000000e+00   0.00000000e+00   8.94517985e-13   1.18113037e-27  -3.11847559e-27  -3.30304160e-59
  6.55200000e-05   0.00000000e+00   0.00000000e+00   9.96210775e-13   1.31540653e-27  -3.47299779e-27  -4.09675148e-59
  6.56000000e-05   0.00000000e+00   0.00000000e+00   1.09790357e-12   1.44968269e-27  -3.82751999e-27  -4.97584184e-59
  6.56800000e-05   0.00000000e+00   0.00000000e+00   1.19959636e-12   1.58395885e-27  -4.18204219e-27  -5.94031266e-59
  6.57600000e-05   0.00000000e+00   0.00000000e+00   6.67001279e-13   8.80715064e-28  -2.32530507e-27  -1.83653946e-59
  6.58400000e-05   0.00000000e+00   0.00000000e+00   6.75007671e-13   8.91286783e-28  -2.35321702e-27  -1.88089418e-59
  6.59200000e-05   0.00000000e+00   0.00000000e+00   6.83014063e-13   9.01858502e-28  -2.38112897e-27  -1.92577814e-59
  6.60000000e-05   0.00000000e+00   0.00000000e+00   6.91020455e-13   9.12430221e-28  -2.40904091e-27  -1.97119134e-59
  6.60800000e-05   0.00000000e+00   0.00000000e+00   6.99026847e-13   9.23001941e-28  -2.43695286e-27  -2.01713378e-59
  6.61600000e-05   0.00000000e+00   0.00000000e+00   5.11049125e-13   6.74794303e-28  -1.78162346e-27  -1.07814223e-59
  6.62400000e-05   0.00000000e+00   0.00000000e+00   4.99155038e-13   6.59089233e-28  -1.74015820e-27  -1.02854131e-59
  6.63200000e-05   0.00000000e+00   0.00000000e+00   4.87260952e-13   6.43384164e-28  -1.69869294e-27  -9.80108378e-60
  6.64000000e-05   0.00000000e+00   0.00000000e+00   4.75366865e-13   6.27679095e-28  -1.65722768e-27  -9.32843441e-60
  6.64800000e-05   0.00000000e+00   0.00000000e+00   4.63472778e-13   6.11974025e-28  -1.61576242e-27  -8.86746497e-60
  6.65600000e-05   0.00000000e+00   0.00000000e+00   4.51578691e-13   5.96268956e-28  -1.57429716e-27  -8.41817547e-60
  6.66400000e-05   0.00000000e+00   0.00000000e+00   4.39684605e-13   5.80563886e-28  -1.53283191e-27  -7.98056591e-60
  6.67200000e-05   0.00000000e+00   0.00000000e+00   4.27790518e-13   5.64858817e-28  -1.49136665e-27  -7.55463628e-60
  6.68000000e-05   0.00000000e+00   0.00000000e+00   4.15896431e-13   5.49153747e-28  -1.44990139e-27  -7.14038658e-60
  6.68800000e-05   0.00000000e+00   0.00000000e+00   6.85801275e-13   9.05538764e-28  -2.39084577e-27  -1.94152748e-59
  6.69600000e-05   0.00000000e+00   0.00000000e+00   6.93807667e-13   9.16110483e-28  -2.41875771e-27  -1.98712492e-59
  6.70400000e-05   0.00000000e+00   0.00000000e+00   7.01814059e-13   9.26682202e-28  -2.44666966e-27  -2.03325160e-59
  6.71200000e-05   0.00000000e+00   0.00000000e+00   7.09820451e-13   9.37253922e-28  -2.47458161e-27  -2.07990752e-59
  6.72000000e-05   0.00000000e+00   0.00000000e+00   7.17826844e-13   9.47825641e-28  -2.50249355e-27  -2.12709268e-59
  6.72800000e-05   0.00000000e+00   0.00000000e+00   7.25833236e-13   9.58397360e-28  -2.53040550e-27  -2.17480707e-59
  6.73600000e-05   0.00000000e+00   0.00000000e+00   7.33839628e-13   9.68969079e-28  -2.55831745e-27  -2.22305071e-59
  6.74400000e-05   0.00000000e+00   0.00000000e+00   7.41846020e-13   9.79540798e-28  -2.58622940e-27  -2.27182358e-59
  6.75200000e-05   0.00000000e+00   0.00000000e+00   4.02139144e-13   5.30988490e-28  -1.40194063e-27  -6.67581270e-60
  6.76000000e-05   0.00000000e+00   0.00000000e+00   3.90245057e-13   5.15283421e-28  -1.36047537e-27  -6.28675253e-60
  6.76800000e-05   0.00000000e+00   0.00000000e+00   3.78350971e-13   4.99578351e-28  -1.31901011e-27  -5.90937229e-60
  6.77600000e-05   0.00000000e+00   0.00000000e+00   3.66456884e-13   4.83873282e-28  -1.27754485e-27  -5.54367199e-60
