     timestep     time              x             y              z              vx             vy             vz             ax             ay             az         v_magnitude      ELoss        Electronic      Nuclear
           0   0.000000e+00   1.000000e-01   1.144047e+01   1.010818e+01   1.466993e+05   6.493888e+03  -1.314812e+04   0.000000e+00   0.000000e+00   0.000000e+00   1.474304e+05   0.000000e+00   0.000000e+00   0.000000e+00
        8000   7.999000e-08   1.117359e-01   1.144099e+01   1.010713e+01   1.466993e+05   6.493888e+03  -1.314812e+04   0.000000e+00   0.000000e+00   0.000000e+00   1.474304e+05   0.000000e+00   0.000000e+00   0.000000e+00
       16000   1.599900e-07   1.234719e-01   1.144151e+01   1.010608e+01   1.466993e+05   6.493888e+03  -1.314812e+04   0.000000e+00   0.000000e+00   0.000000e+00   1.474304e+05   0.000000e+00   0.000000e+00   0.000000e+00
       24000   2.399900e-07   1.352078e-01   1.144203e+01   1.010503e+01   1.466993e+05   6.493888e+03  -1.314812e+04   0.000000e+00   0.000000e+00   0.000000e+00   1.474304e+05   0.000000e+00   0.000000e+00   0.000000e+00
       32000   3.199900e-07   1.469438e-01   1.144255e+01   1.010397e+01   1.466993e+05   6.493888e+03  -1.314812e+04   0.000000e+00   0.000000e+00   0.000000e+00   1.474304e+05   0.000000e+00   0.000000e+00   0.000000e+00
       40000   3.999900e-07   1.586797e-01   1.144307e+01   1.010292e+01   1.466993e+05   6.493888e+03  -1.314812e+04   0.000000e+00   0.000000e+00   0.000000e+00   1.474304e+05   0.000000e+00   0.000000e+00   0.000000e+00
       48000   4.799900e-07   1.704156e-01   1.144359e+01   1.010187e+01   1.466993e+05   6.493888e+03  -1.314812e+04   0.000000e+00   0.000000e+00   0.000000e+00   1.474304e+05   0.000000e+00   0.000000e+00   0.000000e+00
       56000   5.599900e-07   1.821516e-01   1.144411e+01   1.010082e+01   1.466993e+05   6.493888e+03  -1.314812e+04   0.000000e+00   0.000000e+00   0.000000e+00   1.474304e+05   0.000000e+00   0.000000e+00   0.000000e+00
       64000   6.399900e-07   1.938875e-01   1.144463e+01   1.009977e+01   1.466993e+05   6.493888e+03  -1.314812e+04   0.000000e+00   0.000000e+00   0.000000e+00   1.474304e+05   0.000000e+00   0.000000e+00   0.000000e+00
       72000   7.199900e-07   2.056235e-01   1.144515e+01   1.009871e+01   1.466993e+05   6.493888e+03  -1.314812e+04   0.000000e+00   0.000000e+00   0.000000e+00   1.474304e+05   0.000000e+00   0.000000e+00   0.000000e+00
       80000   7.999900e-07   2.173594e-01   1.144567e+01   1.009766e+01   1.466993e+05   6.493888e+03  -1.314812e+04   0.000000e+00   0.000000e+00   0.000000e+00   1.474304e+05   0.000000e+00   0.000000e+00   0.000000e+00
       88000   8.799900e-07   2.290953e-01   1.144619e+01   1.009661e+01   1.466993e+05   6.493888e+03  -1.314812e+04   0.000000e+00   0.000000e+00   0.000000e+00   1.474304e+05   0.000000e+00   0.000000e+00   0.000000e+00
       96000   9.599900e-07   2.408313e-01   1.144671e+01   1.009556e+01   1.466993e+05   6.493888e+03  -1.314812e+04   0.000000e+00   0.000000e+00   0.000000e+00   1.474304e+05   0.000000e+00   0.000000e+00   0.000000e+00
      104000   1.039990e-06   2.525672e-01   1.144723e+01   1.009451e+01   1.466993e+05   6.493888e+03  -1.314812e+04   0.000000e+00   0.000000e+00   0.000000e+00   1.474304e+05   0.000000e+00   0.000000e+00   0.000000e+00
      112000   1.119990e-06   2.643032e-01   1.144775e+01   1.009346e+01   1.466993e+05   6.493888e+03  -1.314812e+04   0.000000e+00   0.000000e+00   0.000000e+00   1.474304e+05   0.000000e+00   0.000000e+00   0.000000e+00
      120000   1.199990e-06   2.760391e-01   1.144826e+01   1.009240e+01   1.466993e+05   6.493888e+03  -1.314812e+04   0.000000e+00   0.000000e+00   0.000000e+00   1.474304e+05   0.000000e+00   0.000000e+00   0.000000e+00
      128000   1.279990e-06   2.877750e-01   1.144878e+01   1.009135e+01   1.466993e+05   6.493888e+03  -1.314812e+04   0.000000e+00   0.000000e+00   0.000000e+00   1.474304e+05   0.000000e+00   0.000000e+00   0.000000e+00
      136000   1.359990e-06   2.995110e-01   1.144930e+01   1.009030e+01   1.466993e+05   6.493888e+03  -1.314812e+04   0.000000e+00   0.000000e+00   0.000000e+00   1.474304e+05   0.000000e+00   0.000000e+00   0.000000e+00
      144000   1.439990e-06   3.112469e-01   1.144982e+01   1.008925e+01   1.466993e+05   6.493888e+03  -1.314812e+04   0.000000e+00   0.000000e+00   0.000000e+00   1.474304e+05   0.000000e+00   0.000000e+00   0.000000e+00
      152000   1.519990e-06   3.229829e-01   1.145034e+01   1.008820e+01   1.466993e+05   6.493888e+03  -1.314812e+04   0.000000e+00   0.000000e+00   0.000000e+00   1.474304e+05   0.000000e+00   0.000000e+00   0.000000e+00
      160000   1.599990e-06   3.347188e-01   1.145086e+01   1.008714e+01   1.466993e+05   6.493888e+03  -1.314812e+04   0.000000e+00   0.000000e+00   0.000000e+00   1.474304e+05   0.000000e+00   0.000000e+00   0.000000e+00
      168000   1.679990e-06   3.464547e-01   1.145138e+01   1.008609e+01   1.466993e+05   6.493888e+03  -1.314812e+04   0.000000e+00   0.000000e+00   0.000000e+00   1.474304e+05   0.000000e+00   0.000000e+00   0.000000e+00
      176000   1.759990e-06   3.581907e-01   1.145190e+01   1.008504e+01   1.466993e+05   6.493888e+03  -1.314812e+04   0.000000e+00   0.000000e+00   0.000000e+00   1.474304e+05   0.000000e+00   0.000000e+00   0.000000e+00
      184000   1.839990e-06   3.699266e-01   1.145242e+01   1.008399e+01   1.466993e+05   6.493888e+03  -1.314812e+04   0.000000e+00   0.000000e+00   0.000000e+00   1.474304e+05   0.000000e+00   0.000000e+00   0.000000e+00
      192000   1.919990e-06   3.816626e-01   1.145294e+01   1.008294e+01   1.466993e+05   6.493888e+03  -1.314812e+04   0.000000e+00   0.000000e+00   0.000000e+00   1.474304e+05   0.000000e+00   0.000000e+00   0.000000e+00
      200000   1.999990e-06   3.933985e-01   1.145346e+01   1.008188e+01   1.466993e+05   6.493888e+03  -1.314812e+04   0.000000e+00   0.000000e+00   0.000000e+00   1.474304e+05   0.000000e+00   0.000000e+00   0.000000e+00
      208000   2.079990e-06   4.051344e-01   1.145398e+01   1.008083e+01   1.466993e+05   6.493888e+03  -1.314812e+04   0.000000e+00   0.000000e+00   0.000000e+00   1.474304e+05   0.000000e+00   0.000000e+00   0.000000e+00
      216000   2.159990e-06   4.168704e-01   1.145450e+01   1.007978e+01   1.466993e+05   6.493888e+03  -1.314812e+04   0.000000e+00   0.000000e+00   0.000000e+00   1.474304e+05   0.000000e+00   0.000000e+00   0.000000e+00
      224000   2.239990e-06   4.286063e-01   1.145502e+01   1.007873e+01   1.466993e+05   6.493888e+03  -1.314812e+04   0.000000e+00   0.000000e+00   0.000000e+00   1.474304e+05   0.000000e+00   0.000000e+00   0.000000e+00
      232000   2.319990e-06   4.403423e-01   1.145554e+01   1.007768e+01   1.466993e+05   6.493888e+03  -1.314812e+04   0.000000e+00   0.000000e+00   0.000000e+00   1.474304e+05   0.000000e+00   0.000000e+00   0.000000e+00
      240000   2.399990e-06   4.520782e-01   1.145606e+01   1.007663e+01   1.466993e+05   6.493888e+03  -1.314812e+04   0.000000e+00   0.000000e+00   0.000000e+00   1.474304e+05   0.000000e+00   0.000000e+00   0.000000e+00
      248000   2.479990e-06   4.638141e-01   1.145658e+01   1.007557e+01   1.466993e+05   6.493888e+03  -1.314812e+04   0.000000e+00   0.000000e+00   0.000000e+00   1.474304e+05   0.000000e+00   0.000000e+00   0.000000e+00
      256000   2.559990e-06   4.755501e-01   1.145710e+01   1.007452e+01   1.466993e+05   6.493888e+03  -1.314812e+04   0.000000e+00   0.000000e+00   0.000000e+00   1.474304e+05   0.000000e+00   0.000000e+00   0.000000e+00
      264000   2.639990e-06   4.872860e-01   1.145762e+01   1.007347e+01   1.466993e+05   6.493888e+03  -1.314812e+04   0.000000e+00   0.000000e+00   0.000000e+00   1.474304e+05   0.000000e+00   0.000000e+00   0.000000e+00
      272000   2.719990e-06   4.990220e-01   1.145814e+01   1.007242e+01   1.466993e+05   6.493888e+03  -1.314812e+04   0.000000e+00   0.000000e+00   0.000000e+00   1.474304e+05   0.000000e+00   0.000000e+00   0.000000e+00
      280000   2.799990e-06   5.107579e-01   1.145865e+01   1.007137e+01   1.466993e+05   6.493888e+03  -1.314812e+04   0.000000e+00   0.000000e+00   0.000000e+00   1.474304e+05   0.000000e+00   0.000000e+00   0.000000e+00
      288000   2.879990e-06   5.224938e-01   1.145917e+01   1.007031e+01   1.466993e+05   6.493888e+03  -1.314812e+04   0.000000e+00   0.000000e+00   0.000000e+00   1.474304e+05   0.000000e+00   0.000000e+00   0.000000e+00
      296000   2.959990e-06   5.342298e-01   1.145969e+01   1.006926e+01   1.466993e+05   6.493888e+03  -1.314812e+04   0.000000e+00   0.000000e+00   0.000000e+00   1.474304e+05   0.000000e+00   0.000000e+00   0.000000e+00
      304000   3.039990e-06   5.459657e-01   1.146021e+01   1.006821e+01   1.466993e+05   6.493888e+03  -1.314812e+04   0.000000e+00   0.000000e+00   0.000000e+00   1.474304e+05   0.000000e+00   0.000000e+00   0.000000e+00
      312000   3.119990e-06   5.577017e-01   1.146073e+01   1.006716e+01   1.466993e+05   6.493888e+03  -1.314812e+04   0.000000e+00   0.000000e+00   0.000000e+00   1.474304e+05   0.000000e+00   0.000000e+00   0.000000e+00
      320000   3.199990e-06   5.694376e-01   1.146125e+01   1.006611e+01   1.466993e+05   6.493888e+03  -1.314812e+04   0.000000e+00   0.000000e+00   0.000000e+00   1.474304e+05   0.000000e+00   0.000000e+00   0.000000e+00
      328000   3.279990e-06   5.811735e-01   1.146177e+01   1.006506e+01   1.466993e+05   6.493888e+03  -1.314812e+04   0.000000e+00   0.000000e+00   0.000000e+00   1.474304e+05   0.000000e+00   0.000000e+00   0.000000e+00
      336000   3.359990e-06   5.929095e-01   1.146229e+01   1.006400e+01   1.466993e+05   6.493888e+03  -1.314812e+04   0.000000e+00   0.000000e+00   0.000000e+00   1.474304e+05   0.000000e+00   0.000000e+00   0.000000e+00
      344000   3.439990e-06   6.046454e-01   1.146281e+01   1.006295e+01   1.466993e+05   6.493888e+03  -1.314812e+04   0.000000e+00   0.000000e+00   0.000000e+00   1.474304e+05   0.000000e+00   0.000000e+00   0.000000e+00
      352000   3.519990e-06   6.163814e-01   1.146333e+01   1.006190e+01   1.466993e+05   6.493888e+03  -1.314812e+04   0.000000e+00   0.000000e+00   0.000000e+00   1.474304e+05   0.000000e+00   0.000000e+00   0.000000e+00
      360000   3.599990e-06   6.281173e-01   1.146385e+01   1.006085e+01   1.466993e+05   6.493888e+03  -1.314812e+04   0.000000e+00   0.000000e+00   0.000000e+00   1.474304e+05   0.000000e+00   0.000000e+00   0.000000e+00
      368000   3.679990e-06   6.398532e-01   1.146437e+01   1.005980e+01   1.466993e+05   6.493888e+03  -1.314812e+04   0.000000e+00   0.000000e+00   0.000000e+00   1.474304e+05   0.000000e+00   0.000000e+00   0.000000e+00
      376000   3.759990e-06   6.515892e-01   1.146489e+01   1.005874e+01   1.466993e+05   6.493888e+03  -1.314812e+04   0.000000e+00   0.000000e+00   0.000000e+00   1.474304e+05   0.000000e+00   0.000000e+00   0.000000e+00
      384000   3.839990e-06   6.633251e-01   1.146541e+01   1.005769e+01   1.466993e+05   6.493888e+03  -1.314812e+04   0.000000e+00   0.000000e+00   0.000000e+00   1.474304e+05   0.000000e+00   0.000000e+00   0.000000e+00
      392000   3.919990e-06   6.750611e-01   1.146593e+01   1.005664e+01   1.466993e+05   6.493888e+03  -1.314812e+04   0.000000e+00   0.000000e+00   0.000000e+00   1.474304e+05   0.000000e+00   0.000000e+00   0.000000e+00
      400000   3.999990e-06   6.867970e-01   1.146645e+01   1.005559e+01   1.466993e+05   6.493888e+03  -1.314812e+04   0.000000e+00   0.000000e+00   0.000000e+00   1.474304e+05   0.000000e+00   0.000000e+00   0.000000e+00
      408000   4.079990e-06   6.985329e-01   1.146697e+01   1.005454e+01   1.466993e+05   6.493888e+03  -1.314812e+04   0.000000e+00   0.000000e+00   0.000000e+00   1.474304e+05   0.000000e+00   0.000000e+00   0.000000e+00
      416000   4.159990e-06   7.102689e-01   1.146749e+01   1.005348e+01   1.466993e+05   6.493888e+03  -1.314812e+04   0.000000e+00   0.000000e+00   0.000000e+00   1.474304e+05   0.000000e+00   0.000000e+00   0.000000e+00
      424000   4.239990e-06   7.220048e-01   1.146801e+01   1.005243e+01   1.466993e+05   6.493888e+03  -1.314812e+04   0.000000e+00   0.000000e+00   0.000000e+00   1.474304e+05   0.000000e+00   0.000000e+00   0.000000e+00
      432000   4.319990e-06   7.337408e-01   1.146853e+01   1.005138e+01   1.466993e+05   6.493888e+03  -1.314812e+04   0.000000e+00   0.000000e+00   0.000000e+00   1.474304e+05   0.000000e+00   0.000000e+00   0.000000e+00
      440000   4.399990e-06   7.454767e-01   1.146905e+01   1.005033e+01   1.466993e+05   6.493888e+03  -1.314812e+04   0.000000e+00   0.000000e+00   0.000000e+00   1.474304e+05   0.000000e+00   0.000000e+00   0.000000e+00
      448000   4.479990e-06   7.572126e-01   1.146956e+01   1.004928e+01   1.466993e+05   6.493888e+03  -1.314812e+04   0.000000e+00   0.000000e+00   0.000000e+00   1.474304e+05   0.000000e+00   0.000000e+00   0.000000e+00
      456000   4.559990e-06   7.689486e-01   1.147008e+01   1.004823e+01   1.466993e+05   6.493888e+03  -1.314812e+04   0.000000e+00   0.000000e+00   0.000000e+00   1.474304e+05   0.000000e+00   0.000000e+00   0.000000e+00
      464000   4.639990e-06   7.806845e-01   1.147060e+01   1.004717e+01   1.466993e+05   6.493888e+03  -1.314812e+04   0.000000e+00   0.000000e+00   0.000000e+00   1.474304e+05   0.000000e+00   0.000000e+00   0.000000e+00
      472000   4.719990e-06   7.924205e-01   1.147112e+01   1.004612e+01   1.466993e+05   6.493888e+03  -1.314812e+04   0.000000e+00   0.000000e+00   0.000000e+00   1.474304e+05   0.000000e+00   0.000000e+00   0.000000e+00
      480000   4.799990e-06   8.041564e-01   1.147164e+01   1.004507e+01   1.466993e+05   6.493888e+03  -1.314812e+04   0.000000e+00   0.000000e+00   0.000000e+00   1.474304e+05   0.000000e+00   0.000000e+00   0.000000e+00
      488000   4.879990e-06   8.158923e-01   1.147216e+01   1.004402e+01   1.466993e+05   6.493888e+03  -1.314812e+04   0.000000e+00   0.000000e+00   0.000000e+00   1.474304e+05   0.000000e+00   0.000000e+00   0.000000e+00
      496000   4.959990e-06   8.276283e-01   1.147268e+01   1.004297e+01   1.466993e+05   6.493888e+03  -1.314812e+04   0.000000e+00   0.000000e+00   0.000000e+00   1.474304e+05   0.000000e+00   0.000000e+00   0.000000e+00
      504000   5.039990e-06   8.393642e-01   1.147320e+01   1.004191e+01   1.466993e+05   6.493888e+03  -1.314812e+04   0.000000e+00   0.000000e+00   0.000000e+00   1.474304e+05   0.000000e+00   0.000000e+00   0.000000e+00
      512000   5.119990e-06   8.511002e-01   1.147372e+01   1.004086e+01   1.466993e+05   6.493888e+03  -1.314812e+04   0.000000e+00   0.000000e+00   0.000000e+00   1.474304e+05   0.000000e+00   0.000000e+00   0.000000e+00
      520000   5.199990e-06   8.628361e-01   1.147424e+01   1.003981e+01   1.466993e+05   6.493888e+03  -1.314812e+04   0.000000e+00   0.000000e+00   0.000000e+00   1.474304e+05   0.000000e+00   0.000000e+00   0.000000e+00
      528000   5.279990e-06   8.745720e-01   1.147476e+01   1.003876e+01   1.466993e+05   6.493888e+03  -1.314812e+04   0.000000e+00   0.000000e+00   0.000000e+00   1.474304e+05   0.000000e+00   0.000000e+00   0.000000e+00
      536000   5.359990e-06   8.863080e-01   1.147528e+01   1.003771e+01   1.466993e+05   6.493888e+03  -1.314812e+04   0.000000e+00   0.000000e+00   0.000000e+00   1.474304e+05   0.000000e+00   0.000000e+00   0.000000e+00
      544000   5.439990e-06   8.980439e-01   1.147580e+01   1.003666e+01   1.466993e+05   6.493888e+03  -1.314812e+04   0.000000e+00   0.000000e+00   0.000000e+00   1.474304e+05   0.000000e+00   0.000000e+00   0.000000e+00
      552000   5.519990e-06   9.097799e-01   1.147632e+01   1.003560e+01   1.466993e+05   6.493888e+03  -1.314812e+04   0.000000e+00   0.000000e+00   0.000000e+00   1.474304e+05   0.000000e+00   0.000000e+00   0.000000e+00
      560000   5.599990e-06   9.215158e-01   1.147684e+01   1.003455e+01   1.466993e+05   6.493888e+03  -1.314812e+04   0.000000e+00   0.000000e+00   0.000000e+00   1.474304e+05   0.000000e+00   0.000000e+00   0.000000e+00
      568000   5.679990e-06   9.332517e-01   1.147736e+01   1.003350e+01   1.466993e+05   6.493888e+03  -1.314812e+04   0.000000e+00   0.000000e+00   0.000000e+00   1.474304e+05   0.000000e+00   0.000000e+00   0.000000e+00
      576000   5.759990e-06   9.449877e-01   1.147788e+01   1.003245e+01   1.466993e+05   6.493888e+03  -1.314812e+04   0.000000e+00   0.000000e+00   0.000000e+00   1.474304e+05   0.000000e+00   0.000000e+00   0.000000e+00
      584000   5.839990e-06   9.567236e-01   1.147840e+01   1.003140e+01   1.466993e+05   6.493888e+03  -1.314812e+04   0.000000e+00   0.000000e+00   0.000000e+00   1.474304e+05   0.000000e+00   0.000000e+00   0.000000e+00
      592000   5.919990e-06   9.684596e-01   1.147892e+01   1.003034e+01   1.466993e+05   6.493888e+03  -1.314812e+04   0.000000e+00   0.000000e+00   0.000000e+00   1.474304e+05   0.000000e+00   0.000000e+00   0.000000e+00
      600000   5.999990e-06   9.801955e-01   1.147944e+01   1.002929e+01   1.466993e+05   6.493888e+03  -1.314812e+04   0.000000e+00   0.000000e+00   0.000000e+00   1.474304e+05   0.000000e+00   0.000000e+00   0.000000e+00
      608000   6.079990e-06   9.919315e-01   1.147995e+01   1.002824e+01   1.466993e+05   6.493888e+03  -1.314812e+04   0.000000e+00   0.000000e+00   0.000000e+00   1.474304e+05   0.000000e+00   0.000000e+00   0.000000e+00
      616000   6.159990e-06   1.003667e+00   1.148047e+01   1.002719e+01   1.466993e+05   6.493888e+03  -1.314812e+04   0.000000e+00   0.000000e+00   0.000000e+00   1.474304e+05   0.000000e+00   0.000000e+00   0.000000e+00
      624000   6.239990e-06   1.015403e+00   1.148099e+01   1.002614e+01   1.466993e+05   6.493888e+03  -1.314812e+04   0.000000e+00   0.000000e+00   0.000000e+00   1.474304e+05   0.000000e+00   0.000000e+00   0.000000e+00
      632000   6.319990e-06   1.027139e+00   1.148151e+01   1.002508e+01   1.466993e+05   6.493888e+03  -1.314812e+04   0.000000e+00   0.000000e+00   0.000000e+00   1.474304e+05   0.000000e+00   0.000000e+00   0.000000e+00
      640000   6.399990e-06   1.038875e+00   1.148203e+01   1.002403e+01   1.466993e+05   6.493888e+03  -1.314812e+04   0.000000e+00   0.000000e+00   0.000000e+00   1.474304e+05   0.000000e+00   0.000000e+00   0.000000e+00
      648000   6.479990e-06   1.050611e+00   1.148255e+01   1.002298e+01   1.466993e+05   6.493888e+03  -1.314812e+04   0.000000e+00   0.000000e+00   0.000000e+00   1.474304e+05   0.000000e+00   0.000000e+00   0.000000e+00
      656000   6.559990e-06   1.062347e+00   1.148307e+01   1.002193e+01   1.466993e+05   6.493888e+03  -1.314812e+04   0.000000e+00   0.000000e+00   0.000000e+00   1.474304e+05   0.000000e+00   0.000000e+00   0.000000e+00
      664000   6.639990e-06   1.074083e+00   1.148359e+01   1.002088e+01   1.466993e+05   6.493888e+03  -1.314812e+04   0.000000e+00   0.000000e+00   0.000000e+00   1.474304e+05   0.000000e+00   0.000000e+00   0.000000e+00
      672000   6.719990e-06   1.085819e+00   1.148411e+01   1.001983e+01   1.466993e+05   6.493888e+03  -1.314812e+04   0.000000e+00   0.000000e+00   0.000000e+00   1.474304e+05   0.000000e+00   0.000000e+00   0.000000e+00
      680000   6.799990e-06   1.097555e+00   1.148463e+01   1.001877e+01   1.466993e+05   6.493888e+03  -1.314812e+04   0.000000e+00   0.000000e+00   0.000000e+00   1.474304e+05   0.000000e+00   0.000000e+00   0.000000e+00
      688000   6.879990e-06   1.109291e+00   1.148515e+01   1.001772e+01   1.466993e+05   6.493888e+03  -1.314812e+04   0.000000e+00   0.000000e+00   0.000000e+00   1.474304e+05   0.000000e+00   0.000000e+00   0.000000e+00
      696000   6.959990e-06   1.121027e+00   1.148567e+01   1.001667e+01   1.466993e+05   6.493888e+03  -1.314812e+04   0.000000e+00   0.000000e+00   0.000000e+00   1.474304e+05   0.000000e+00   0.000000e+00   0.000000e+00
      704000   7.039990e-06   1.132763e+00   1.148619e+01   1.001562e+01   1.466993e+05   6.493888e+03  -1.314812e+04   0.000000e+00   0.000000e+00   0.000000e+00   1.474304e+05   0.000000e+00   0.000000e+00   0.000000e+00
      712000   7.119990e-06   1.144499e+00   1.148671e+01   1.001457e+01   1.466993e+05   6.493888e+03  -1.314812e+04   0.000000e+00   0.000000e+00   0.000000e+00   1.474304e+05   0.000000e+00   0.000000e+00   0.000000e+00
      720000   7.199990e-06   1.156235e+00   1.148723e+01   1.001351e+01   1.466993e+05   6.493888e+03  -1.314812e+04   0.000000e+00   0.000000e+00   0.000000e+00   1.474304e+05   0.000000e+00   0.000000e+00   0.000000e+00
      728000   7.279990e-06   1.167971e+00   1.148775e+01   1.001246e+01   1.466993e+05   6.493888e+03  -1.314812e+04   0.000000e+00   0.000000e+00   0.000000e+00   1.474304e+05   0.000000e+00   0.000000e+00   0.000000e+00
      736000   7.359990e-06   1.179706e+00   1.148827e+01   1.001141e+01   1.466993e+05   6.493888e+03  -1.314812e+04   0.000000e+00   0.000000e+00   0.000000e+00   1.474304e+05   0.000000e+00   0.000000e+00   0.000000e+00
      744000   7.439990e-06   1.191442e+00   1.148879e+01   1.001036e+01   1.466993e+05   6.493888e+03  -1.314812e+04   0.000000e+00   0.000000e+00   0.000000e+00   1.474304e+05   0.000000e+00   0.000000e+00   0.000000e+00
      752000   7.519990e-06   1.203178e+00   1.148931e+01   1.000931e+01   1.466993e+05   6.493888e+03  -1.314812e+04   0.000000e+00   0.000000e+00   0.000000e+00   1.474304e+05   0.000000e+00   0.000000e+00   0.000000e+00
      760000   7.599990e-06   1.214914e+00   1.148983e+01   1.000826e+01   1.466993e+05   6.493888e+03  -1.314812e+04   0.000000e+00   0.000000e+00   0.000000e+00   1.474304e+05   0.000000e+00   0.000000e+00   0.000000e+00
      768000   7.679990e-06   1.226650e+00   1.149035e+01   1.000720e+01   1.466993e+05   6.493888e+03  -1.314812e+04   0.000000e+00   0.000000e+00   0.000000e+00   1.474304e+05   0.000000e+00   0.000000e+00   0.000000e+00
      776000   7.759990e-06   1.238386e+00   1.149086e+01   1.000615e+01   1.466993e+05   6.493888e+03  -1.314812e+04   0.000000e+00   0.000000e+00   0.000000e+00   1.474304e+05   0.000000e+00   0.000000e+00   0.000000e+00
      784000   7.839990e-06   1.250122e+00   1.149138e+01   1.000510e+01   1.466993e+05   6.493888e+03  -1.314812e+04   0.000000e+00   0.000000e+00   0.000000e+00   1.474304e+05   0.000000e+00   0.000000e+00   0.000000e+00
      792000   7.919990e-06   1.261858e+00   1.149190e+01   1.000405e+01   1.466993e+05   6.493888e+03  -1.314812e+04   0.000000e+00   0.000000e+00   0.000000e+00   1.474304e+05   0.000000e+00   0.000000e+00   0.000000e+00
      800000   7.999990e-06   1.273594e+00   1.149242e+01   1.000300e+01   1.466993e+05   6.493888e+03  -1.314812e+04   0.000000e+00   0.000000e+00   0.000000e+00   1.474304e+05   0.000000e+00   0.000000e+00   0.000000e+00
      808000   8.079990e-06   1.285330e+00   1.149294e+01   1.000194e+01   1.466993e+05   6.493888e+03  -1.314812e+04   0.000000e+00   0.000000e+00   0.000000e+00   1.474304e+05   0.000000e+00   0.000000e+00   0.000000e+00
      816000   8.159990e-06   1.297066e+00   1.149346e+01   1.000089e+01   1.466993e+05   6.493888e+03  -1.314812e+04   0.000000e+00   0.000000e+00   0.000000e+00   1.474304e+05   0.000000e+00   0.000000e+00   0.000000e+00
      824000   8.239990e-06   1.308802e+00   1.149398e+01   9.999840e+00   1.466993e+05   6.493888e+03  -1.314812e+04   0.000000e+00   0.000000e+00   0.000000e+00   1.474304e+05   0.000000e+00   0.000000e+00   0.000000e+00
      832000   8.319990e-06   1.320538e+00   1.149450e+01   9.998789e+00   1.466993e+05   6.493888e+03  -1.314812e+04   0.000000e+00   0.000000e+00   0.000000e+00   1.474304e+05   0.000000e+00   0.000000e+00   0.000000e+00
      840000   8.399990e-06   1.332274e+00   1.149502e+01   9.997737e+00   1.466993e+05   6.493888e+03  -1.314812e+04   0.000000e+00   0.000000e+00   0.000000e+00   1.474304e+05   0.000000e+00   0.000000e+00   0.000000e+00
      848000   8.479990e-06   1.344010e+00   1.149554e+01   9.996685e+00   1.466993e+05   6.493888e+03  -1.314812e+04   0.000000e+00   0.000000e+00   0.000000e+00   1.474304e+05   0.000000e+00   0.000000e+00   0.000000e+00
      856000   8.559990e-06   1.355746e+00   1.149606e+01   9.995633e+00   1.466993e+05   6.493888e+03  -1.314812e+04   0.000000e+00   0.000000e+00   0.000000e+00   1.474304e+05   0.000000e+00   0.000000e+00   0.000000e+00
      864000   8.639990e-06   1.367482e+00   1.149658e+01   9.994581e+00   1.466993e+05   6.493888e+03  -1.314812e+04   0.000000e+00   0.000000e+00   0.000000e+00   1.474304e+05   0.000000e+00   0.000000e+00   0.000000e+00
      872000   8.719990e-06   1.379217e+00   1.149710e+01   9.993529e+00   1.466993e+05   6.493888e+03  -1.314812e+04   0.000000e+00   0.000000e+00   0.000000e+00   1.474304e+05   0.000000e+00   0.000000e+00   0.000000e+00
      880000   8.799990e-06   1.390953e+00   1.149762e+01   9.992478e+00   1.466993e+05   6.493888e+03  -1.314812e+04   0.000000e+00   0.000000e+00   0.000000e+00   1.474304e+05   0.000000e+00   0.000000e+00   0.000000e+00
      888000   8.879990e-06   1.402689e+00   1.149814e+01   9.991426e+00   1.466993e+05   6.493888e+03  -1.314812e+04   0.000000e+00   0.000000e+00   0.000000e+00   1.474304e+05   0.000000e+00   0.000000e+00   0.000000e+00
      896000   8.959990e-06   1.414425e+00   1.149866e+01   9.990374e+00   1.466993e+05   6.493888e+03  -1.314812e+04   0.000000e+00   0.000000e+00   0.000000e+00   1.474304e+05   0.000000e+00   0.000000e+00   0.000000e+00
      904000   9.039990e-06   1.426161e+00   1.149918e+01   9.989322e+00   1.466993e+05   6.493888e+03  -1.314812e+04   0.000000e+00   0.000000e+00   0.000000e+00   1.474304e+05   0.000000e+00   0.000000e+00   0.000000e+00
      912000   9.119990e-06   1.437897e+00   1.149970e+01   9.988270e+00   1.466993e+05   6.493888e+03  -1.314812e+04   0.000000e+00   0.000000e+00   0.000000e+00   1.474304e+05   0.000000e+00   0.000000e+00   0.000000e+00
      920000   9.199990e-06   1.449633e+00   1.150022e+01   9.987218e+00   1.466993e+05   6.493888e+03  -1.314812e+04   0.000000e+00   0.000000e+00   0.000000e+00   1.474304e+05   0.000000e+00   0.000000e+00   0.000000e+00
      928000   9.279990e-06   1.461369e+00   1.150074e+01   9.986166e+00   1.466993e+05   6.493888e+03  -1.314812e+04   0.000000e+00   0.000000e+00   0.000000e+00   1.474304e+05   0.000000e+00   0.000000e+00   0.000000e+00
      936000   9.359990e-06   1.473105e+00   1.150125e+01   9.985115e+00   1.466993e+05   6.493888e+03  -1.314812e+04   0.000000e+00   0.000000e+00   0.000000e+00   1.474304e+05   0.000000e+00   0.000000e+00   0.000000e+00
      944000   9.439990e-06   1.484841e+00   1.150177e+01   9.984063e+00   1.466993e+05   6.493888e+03  -1.314812e+04   0.000000e+00   0.000000e+00   0.000000e+00   1.474304e+05   0.000000e+00   0.000000e+00   0.000000e+00
      952000   9.519990e-06   1.496577e+00   1.150229e+01   9.983011e+00   1.466993e+05   6.493888e+03  -1.314812e+04   0.000000e+00   0.000000e+00   0.000000e+00   1.474304e+05   0.000000e+00   0.000000e+00   0.000000e+00
      960000   9.599990e-06   1.508313e+00   1.150281e+01   9.981959e+00   1.466993e+05   6.493888e+03  -1.314812e+04   0.000000e+00   0.000000e+00   0.000000e+00   1.474304e+05   0.000000e+00   0.000000e+00   0.000000e+00
      968000   9.679990e-06   1.520049e+00   1.150333e+01   9.980907e+00   1.466993e+05   6.493888e+03  -1.314812e+04   0.000000e+00   0.000000e+00   0.000000e+00   1.474304e+05   0.000000e+00   0.000000e+00   0.000000e+00
      976000   9.759990e-06   1.531785e+00   1.150385e+01   9.979855e+00   1.466993e+05   6.493888e+03  -1.314812e+04   0.000000e+00   0.000000e+00   0.000000e+00   1.474304e+05   0.000000e+00   0.000000e+00   0.000000e+00
      984000   9.839990e-06   1.543521e+00   1.150437e+01   9.978803e+00   1.466993e+05   6.493888e+03  -1.314812e+04   0.000000e+00   0.000000e+00   0.000000e+00   1.474304e+05   0.000000e+00   0.000000e+00   0.000000e+00
      992000   9.919990e-06   1.555257e+00   1.150489e+01   9.977752e+00   1.466993e+05   6.493888e+03  -1.314812e+04   0.000000e+00   0.000000e+00   0.000000e+00   1.474304e+05   0.000000e+00   0.000000e+00   0.000000e+00
     1000000   9.999990e-06   1.566993e+00   1.150541e+01   9.976700e+00   1.466993e+05   6.493888e+03  -1.314812e+04   0.000000e+00   0.000000e+00   0.000000e+00   1.474304e+05   0.000000e+00   0.000000e+00   0.000000e+00
     1008000   1.007999e-05   1.578728e+00   1.150593e+01   9.975648e+00   1.466993e+05   6.493888e+03  -1.314812e+04   0.000000e+00   0.000000e+00   0.000000e+00   1.474304e+05   0.000000e+00   0.000000e+00   0.000000e+00
     1016000   1.015999e-05   1.590464e+00   1.150645e+01   9.974596e+00   1.466993e+05   6.493888e+03  -1.314812e+04   0.000000e+00   0.000000e+00   0.000000e+00   1.474304e+05   0.000000e+00   0.000000e+00   0.000000e+00
     1024000   1.023999e-05   1.602200e+00   1.150697e+01   9.973544e+00   1.466993e+05   6.493888e+03  -1.314812e+04   0.000000e+00   0.000000e+00   0.000000e+00   1.474304e+05   0.000000e+00   0.000000e+00   0.000000e+00
     1032000   1.031999e-05   1.613936e+00   1.150749e+01   9.972492e+00   1.466993e+05   6.493888e+03  -1.314812e+04   0.000000e+00   0.000000e+00   0.000000e+00   1.474304e+05   0.000000e+00   0.000000e+00   0.000000e+00
     1040000   1.039999e-05   1.625672e+00   1.150801e+01   9.971441e+00   1.466993e+05   6.493888e+03  -1.314812e+04   0.000000e+00   0.000000e+00   0.000000e+00   1.474304e+05   0.000000e+00   0.000000e+00   0.000000e+00
     1048000   1.047999e-05   1.637408e+00   1.150853e+01   9.970389e+00   1.466993e+05   6.493888e+03  -1.314812e+04   0.000000e+00   0.000000e+00   0.000000e+00   1.474304e+05   0.000000e+00   0.000000e+00   0.000000e+00
     1056000   1.055999e-05   1.649144e+00   1.150905e+01   9.969337e+00   1.466993e+05   6.493888e+03  -1.314812e+04   0.000000e+00   0.000000e+00   0.000000e+00   1.474304e+05   0.000000e+00   0.000000e+00   0.000000e+00
     1064000   1.063999e-05   1.660880e+00   1.150957e+01   9.968285e+00   1.466993e+05   6.493888e+03  -1.314812e+04   0.000000e+00   0.000000e+00   0.000000e+00   1.474304e+05   0.000000e+00   0.000000e+00   0.000000e+00
     1072000   1.071999e-05   1.672616e+00   1.151009e+01   9.967233e+00   1.466993e+05   6.493888e+03  -1.314812e+04   0.000000e+00   0.000000e+00   0.000000e+00   1.474304e+05   0.000000e+00   0.000000e+00   0.000000e+00
     1080000   1.079999e-05   1.684352e+00   1.151061e+01   9.966181e+00   1.466993e+05   6.493888e+03  -1.314812e+04   0.000000e+00   0.000000e+00   0.000000e+00   1.474304e+05   0.000000e+00   0.000000e+00   0.000000e+00
     1088000   1.087999e-05   1.696088e+00   1.151113e+01   9.965129e+00   1.466993e+05   6.493888e+03  -1.314812e+04   0.000000e+00   0.000000e+00   0.000000e+00   1.474304e+05   0.000000e+00   0.000000e+00   0.000000e+00
     1096000   1.095999e-05   1.707824e+00   1.151165e+01   9.964078e+00   1.466993e+05   6.493888e+03  -1.314812e+04   0.000000e+00   0.000000e+00   0.000000e+00   1.474304e+05   0.000000e+00   0.000000e+00   0.000000e+00
     1104000   1.103999e-05   1.719560e+00   1.151216e+01   9.963026e+00   1.466993e+05   6.493888e+03  -1.314812e+04   0.000000e+00   0.000000e+00   0.000000e+00   1.474304e+05   0.000000e+00   0.000000e+00   0.000000e+00
     1112000   1.111999e-05   1.731296e+00   1.151268e+01   9.961974e+00   1.466993e+05   6.493888e+03  -1.314812e+04   0.000000e+00   0.000000e+00   0.000000e+00   1.474304e+05   0.000000e+00   0.000000e+00   0.000000e+00
     1120000   1.119999e-05   1.743032e+00   1.151320e+01   9.960922e+00   1.466993e+05   6.493888e+03  -1.314812e+04   0.000000e+00   0.000000e+00   0.000000e+00   1.474304e+05   0.000000e+00   0.000000e+00   0.000000e+00
     1128000   1.127999e-05   1.754768e+00   1.151372e+01   9.959870e+00   1.466993e+05   6.493888e+03  -1.314812e+04   0.000000e+00   0.000000e+00   0.000000e+00   1.474304e+05   0.000000e+00   0.000000e+00   0.000000e+00
     1136000   1.135999e-05   1.766503e+00   1.151424e+01   9.958818e+00   1.466993e+05   6.493888e+03  -1.314812e+04   0.000000e+00   0.000000e+00   0.000000e+00   1.474304e+05   0.000000e+00   0.000000e+00   0.000000e+00
     1144000   1.143999e-05   1.778239e+00   1.151476e+01   9.957766e+00   1.466993e+05   6.493888e+03  -1.314812e+04   0.000000e+00   0.000000e+00   0.000000e+00   1.474304e+05   0.000000e+00   0.000000e+00   0.000000e+00
     1152000   1.151999e-05   1.789975e+00   1.151528e+01   9.956715e+00   1.466993e+05   6.493888e+03  -1.314812e+04   0.000000e+00   0.000000e+00   0.000000e+00   1.474304e+05   0.000000e+00   0.000000e+00   0.000000e+00
     1160000   1.159999e-05   1.801711e+00   1.151580e+01   9.955663e+00   1.466993e+05   6.493888e+03  -1.314812e+04   0.000000e+00   0.000000e+00   0.000000e+00   1.474304e+05   0.000000e+00   0.000000e+00   0.000000e+00
     1168000   1.167999e-05   1.813447e+00   1.151632e+01   9.954611e+00   1.466993e+05   6.493888e+03  -1.314812e+04   0.000000e+00   0.000000e+00   0.000000e+00   1.474304e+05   0.000000e+00   0.000000e+00   0.000000e+00
     1176000   1.175999e-05   1.825183e+00   1.151684e+01   9.953559e+00   1.466993e+05   6.493888e+03  -1.314812e+04   0.000000e+00   0.000000e+00   0.000000e+00   1.474304e+05   0.000000e+00   0.000000e+00   0.000000e+00
     1184000   1.183999e-05   1.836919e+00   1.151736e+01   9.952507e+00   1.466993e+05   6.493888e+03  -1.314812e+04   0.000000e+00   0.000000e+00   0.000000e+00   1.474304e+05   0.000000e+00   0.000000e+00   0.000000e+00
     1192000   1.191999e-05   1.848655e+00   1.151788e+01   9.951455e+00   1.466993e+05   6.493888e+03  -1.314812e+04   0.000000e+00   0.000000e+00   0.000000e+00   1.474304e+05   0.000000e+00   0.000000e+00   0.000000e+00
     1200000   1.199999e-05   1.860391e+00   1.151840e+01   9.950404e+00   1.466993e+05   6.493888e+03  -1.314812e+04   0.000000e+00   0.000000e+00   0.000000e+00   1.474304e+05   0.000000e+00   0.000000e+00   0.000000e+00
     1208000   1.207999e-05   1.872127e+00   1.151892e+01   9.949352e+00   1.466993e+05   6.493888e+03  -1.314812e+04   0.000000e+00   0.000000e+00   0.000000e+00   1.474304e+05   0.000000e+00   0.000000e+00   0.000000e+00
     1216000   1.215999e-05   1.883863e+00   1.151944e+01   9.948300e+00   1.466993e+05   6.493888e+03  -1.314812e+04   0.000000e+00   0.000000e+00   0.000000e+00   1.474304e+05   0.000000e+00   0.000000e+00   0.000000e+00
     1224000   1.223999e-05   1.895599e+00   1.151996e+01   9.947248e+00   1.466993e+05   6.493888e+03  -1.314812e+04   0.000000e+00   0.000000e+00   0.000000e+00   1.474304e+05   0.000000e+00   0.000000e+00   0.000000e+00
     1232000   1.231999e-05   1.907335e+00   1.152048e+01   9.946196e+00   1.466993e+05   6.493888e+03  -1.314812e+04   0.000000e+00   0.000000e+00   0.000000e+00   1.474304e+05   0.000000e+00   0.000000e+00   0.000000e+00
     1240000   1.239999e-05   1.919071e+00   1.152100e+01   9.945144e+00   1.466993e+05   6.493888e+03  -1.314812e+04   0.000000e+00   0.000000e+00   0.000000e+00   1.474304e+05   0.000000e+00   0.000000e+00   0.000000e+00
     1248000   1.247999e-05   1.930807e+00   1.152152e+01   9.944092e+00   1.466993e+05   6.493888e+03  -1.314812e+04   0.000000e+00   0.000000e+00   0.000000e+00   1.474304e+05   0.000000e+00   0.000000e+00   0.000000e+00
     1256000   1.255999e-05   1.942543e+00   1.152204e+01   9.943041e+00   1.466993e+05   6.493888e+03  -1.314812e+04   0.000000e+00   0.000000e+00   0.000000e+00   1.474304e+05   0.000000e+00   0.000000e+00   0.000000e+00
     1264000   1.263999e-05   1.954279e+00   1.152255e+01   9.941989e+00   1.466993e+05   6.493888e+03  -1.314812e+04   0.000000e+00   0.000000e+00   0.000000e+00   1.474304e+05   0.000000e+00   0.000000e+00   0.000000e+00
     1272000   1.271999e-05   1.966014e+00   1.152307e+01   9.940937e+00   1.466993e+05   6.493888e+03  -1.314812e+04   0.000000e+00   0.000000e+00   0.000000e+00   1.474304e+05   0.000000e+00   0.000000e+00   0.000000e+00
     1280000   1.279999e-05   1.977750e+00   1.152359e+01   9.939885e+00   1.466993e+05   6.493888e+03  -1.314812e+04   0.000000e+00   0.000000e+00   0.000000e+00   1.474304e+05   0.000000e+00   0.000000e+00   0.000000e+00
     1288000   1.287999e-05   1.989486e+00   1.152411e+01   9.938833e+00   1.466993e+05   6.493888e+03  -1.314812e+04   0.000000e+00   0.000000e+00   0.000000e+00   1.474304e+05   0.000000e+00   0.000000e+00   0.000000e+00
     1296000   1.295999e-05   2.001222e+00   1.152463e+01   9.937781e+00   1.466993e+05   6.493888e+03  -1.314812e+04   0.000000e+00   0.000000e+00   0.000000e+00   1.474304e+05   0.000000e+00   0.000000e+00   0.000000e+00
     1304000   1.303999e-05   2.012958e+00   1.152515e+01   9.936729e+00   1.466993e+05   6.493888e+03  -1.314812e+04   0.000000e+00   0.000000e+00   0.000000e+00   1.474304e+05   0.000000e+00   0.000000e+00   0.000000e+00
     1312000   1.311999e-05   2.024694e+00   1.152567e+01   9.935678e+00   1.466993e+05   6.493888e+03  -1.314812e+04   0.000000e+00   0.000000e+00   0.000000e+00   1.474304e+05   0.000000e+00   0.000000e+00   0.000000e+00
     1320000   1.319999e-05   2.036430e+00   1.152619e+01   9.934626e+00   1.466993e+05   6.493888e+03  -1.314812e+04   0.000000e+00   0.000000e+00   0.000000e+00   1.474304e+05   0.000000e+00   0.000000e+00   0.000000e+00
     1328000   1.327999e-05   2.048166e+00   1.152671e+01   9.933574e+00   1.466993e+05   6.493888e+03  -1.314812e+04   0.000000e+00   0.000000e+00   0.000000e+00   1.474304e+05   0.000000e+00   0.000000e+00   0.000000e+00
     1336000   1.335999e-05   2.059902e+00   1.152723e+01   9.932522e+00   1.466993e+05   6.493888e+03  -1.314812e+04   0.000000e+00   0.000000e+00   0.000000e+00   1.474304e+05   0.000000e+00   0.000000e+00   0.000000e+00
     1344000   1.343999e-05   2.071638e+00   1.152775e+01   9.931470e+00   1.466993e+05   6.493888e+03  -1.314812e+04   0.000000e+00   0.000000e+00   0.000000e+00   1.474304e+05   0.000000e+00   0.000000e+00   0.000000e+00
     1352000   1.351999e-05   2.083374e+00   1.152827e+01   9.930418e+00   1.466993e+05   6.493888e+03  -1.314812e+04   0.000000e+00   0.000000e+00   0.000000e+00   1.474304e+05   0.000000e+00   0.000000e+00   0.000000e+00
     1360000   1.359999e-05   2.095110e+00   1.152879e+01   9.929367e+00   1.466993e+05   6.493888e+03  -1.314812e+04   0.000000e+00   0.000000e+00   0.000000e+00   1.474304e+05   0.000000e+00   0.000000e+00   0.000000e+00
     1368000   1.367999e-05   2.106846e+00   1.152931e+01   9.928315e+00   1.466993e+05   6.493888e+03  -1.314812e+04   0.000000e+00   0.000000e+00   0.000000e+00   1.474304e+05   0.000000e+00   0.000000e+00   0.000000e+00
     1376000   1.375999e-05   2.118582e+00   1.152983e+01   9.927263e+00   1.466993e+05   6.493888e+03  -1.314812e+04   0.000000e+00   0.000000e+00   0.000000e+00   1.474304e+05   0.000000e+00   0.000000e+00   0.000000e+00
     1384000   1.383999e-05   2.130318e+00   1.153035e+01   9.926211e+00   1.466993e+05   6.493888e+03  -1.314812e+04   0.000000e+00   0.000000e+00   0.000000e+00   1.474304e+05   0.000000e+00   0.000000e+00   0.000000e+00
     1392000   1.391999e-05   2.142054e+00   1.153087e+01   9.925159e+00   1.466993e+05   6.493888e+03  -1.314812e+04   0.000000e+00   0.000000e+00   0.000000e+00   1.474304e+05   0.000000e+00   0.000000e+00   0.000000e+00
     1400000   1.399999e-05   2.153790e+00   1.153139e+01   9.924107e+00   1.466993e+05   6.493888e+03  -1.314812e+04   0.000000e+00   0.000000e+00   0.000000e+00   1.474304e+05   0.000000e+00   0.000000e+00   0.000000e+00
     1408000   1.407999e-05   2.165525e+00   1.153191e+01   9.923055e+00   1.466993e+05   6.493888e+03  -1.314812e+04   0.000000e+00   0.000000e+00   0.000000e+00   1.474304e+05   0.000000e+00   0.000000e+00   0.000000e+00
     1416000   1.415999e-05   2.177261e+00   1.153243e+01   9.922004e+00   1.466993e+05   6.493888e+03  -1.314812e+04   0.000000e+00   0.000000e+00   0.000000e+00   1.474304e+05   0.000000e+00   0.000000e+00   0.000000e+00
     1424000   1.423999e-05   2.188997e+00   1.153294e+01   9.920952e+00   1.466993e+05   6.493888e+03  -1.314812e+04   0.000000e+00   0.000000e+00   0.000000e+00   1.474304e+05   0.000000e+00   0.000000e+00   0.000000e+00
     1432000   1.431999e-05   2.200733e+00   1.153346e+01   9.919900e+00   1.466993e+05   6.493888e+03  -1.314812e+04   0.000000e+00   0.000000e+00   0.000000e+00   1.474304e+05   0.000000e+00   0.000000e+00   0.000000e+00
     1440000   1.439999e-05   2.212469e+00   1.153398e+01   9.918848e+00   1.466993e+05   6.493888e+03  -1.314812e+04   0.000000e+00   0.000000e+00   0.000000e+00   1.474304e+05   0.000000e+00   0.000000e+00   0.000000e+00
     1448000   1.447999e-05   2.224205e+00   1.153450e+01   9.917796e+00   1.466993e+05   6.493888e+03  -1.314812e+04   0.000000e+00   0.000000e+00   0.000000e+00   1.474304e+05   0.000000e+00   0.000000e+00   0.000000e+00
     1456000   1.455999e-05   2.235941e+00   1.153502e+01   9.916744e+00   1.466993e+05   6.493888e+03  -1.314812e+04   0.000000e+00   0.000000e+00   0.000000e+00   1.474304e+05   0.000000e+00   0.000000e+00   0.000000e+00
     1464000   1.463999e-05   2.247677e+00   1.153554e+01   9.915692e+00   1.466993e+05   6.493888e+03  -1.314812e+04   0.000000e+00   0.000000e+00   0.000000e+00   1.474304e+05   0.000000e+00   0.000000e+00   0.000000e+00
     1472000   1.471999e-05   2.259413e+00   1.153606e+01   9.914641e+00   1.466993e+05   6.493888e+03  -1.314812e+04   0.000000e+00   0.000000e+00   0.000000e+00   1.474304e+05   0.000000e+00   0.000000e+00   0.000000e+00
     1480000   1.479999e-05   2.271149e+00   1.153658e+01   9.913589e+00   1.466993e+05   6.493888e+03  -1.314812e+04   0.000000e+00   0.000000e+00   0.000000e+00   1.474304e+05   0.000000e+00   0.000000e+00   0.000000e+00
     1488000   1.487999e-05   2.282885e+00   1.153710e+01   9.912537e+00   1.466993e+05   6.493888e+03  -1.314812e+04   0.000000e+00   0.000000e+00   0.000000e+00   1.474304e+05   0.000000e+00   0.000000e+00   0.000000e+00
     1496000   1.495999e-05   2.294621e+00   1.153762e+01   9.911485e+00   1.466993e+05   6.493888e+03  -1.314812e+04   0.000000e+00   0.000000e+00   0.000000e+00   1.474304e+05   0.000000e+00   0.000000e+00   0.000000e+00
     1504000   1.503999e-05   2.306357e+00   1.153814e+01   9.910433e+00   1.466993e+05   6.493888e+03  -1.314812e+04   0.000000e+00   0.000000e+00   0.000000e+00   1.474304e+05   0.000000e+00   0.000000e+00   0.000000e+00
     1512000   1.511999e-05   2.318093e+00   1.153866e+01   9.909381e+00   1.466993e+05   6.493888e+03  -1.314812e+04   0.000000e+00   0.000000e+00   0.000000e+00   1.474304e+05   0.000000e+00   0.000000e+00   0.000000e+00
     1520000   1.519999e-05   2.329829e+00   1.153918e+01   9.908330e+00   1.466993e+05   6.493888e+03  -1.314812e+04   0.000000e+00   0.000000e+00   0.000000e+00   1.474304e+05   0.000000e+00   0.000000e+00   0.000000e+00
     1528000   1.527999e-05   2.341565e+00   1.153970e+01   9.907278e+00   1.466993e+05   6.493888e+03  -1.314812e+04   0.000000e+00   0.000000e+00   0.000000e+00   1.474304e+05   0.000000e+00   0.000000e+00   0.000000e+00
     1536000   1.535999e-05   2.353301e+00   1.154022e+01   9.906226e+00   1.466993e+05   6.493888e+03  -1.314812e+04   0.000000e+00   0.000000e+00   0.000000e+00   1.474304e+05   0.000000e+00   0.000000e+00   0.000000e+00
     1544000   1.543999e-05   2.365036e+00   1.154074e+01   9.905174e+00   1.466993e+05   6.493888e+03  -1.314812e+04   0.000000e+00   0.000000e+00   0.000000e+00   1.474304e+05   0.000000e+00   0.000000e+00   0.000000e+00
     1552000   1.551999e-05   2.376772e+00   1.154126e+01   9.904122e+00   1.466993e+05   6.493888e+03  -1.314812e+04   0.000000e+00   0.000000e+00   0.000000e+00   1.474304e+05   0.000000e+00   0.000000e+00   0.000000e+00
     1560000   1.559999e-05   2.388508e+00   1.154178e+01   9.903070e+00   1.466993e+05   6.493888e+03  -1.314812e+04   0.000000e+00   0.000000e+00   0.000000e+00   1.474304e+05   0.000000e+00   0.000000e+00   0.000000e+00
     1568000   1.567999e-05   2.400244e+00   1.154230e+01   9.902018e+00   1.466993e+05   6.493888e+03  -1.314812e+04   0.000000e+00   0.000000e+00   0.000000e+00   1.474304e+05   0.000000e+00   0.000000e+00   0.000000e+00
     1576000   1.575999e-05   2.411980e+00   1.154282e+01   9.900967e+00   1.466993e+05   6.493888e+03  -1.314812e+04   0.000000e+00   0.000000e+00   0.000000e+00   1.474304e+05   0.000000e+00   0.000000e+00   0.000000e+00
     1584000   1.583999e-05   2.423716e+00   1.154334e+01   9.899915e+00   1.466993e+05   6.493888e+03  -1.314812e+04   0.000000e+00   0.000000e+00   0.000000e+00   1.474304e+05   0.000000e+00   0.000000e+00   0.000000e+00
     1592000   1.591999e-05   2.435452e+00   1.154385e+01   9.898863e+00   1.466993e+05   6.493888e+03  -1.314812e+04   0.000000e+00   0.000000e+00   0.000000e+00   1.474304e+05   0.000000e+00   0.000000e+00   0.000000e+00
     1600000   1.599999e-05   2.447188e+00   1.154437e+01   9.897811e+00   1.466993e+05   6.493888e+03  -1.314812e+04   0.000000e+00   0.000000e+00   0.000000e+00   1.474304e+05   0.000000e+00   0.000000e+00   0.000000e+00
     1608000   1.607999e-05   2.458924e+00   1.154489e+01   9.896759e+00   1.466993e+05   6.493888e+03  -1.314812e+04   0.000000e+00   0.000000e+00   0.000000e+00   1.474304e+05   0.000000e+00   0.000000e+00   0.000000e+00
     1616000   1.615999e-05   2.470660e+00   1.154541e+01   9.895707e+00   1.466993e+05   6.493888e+03  -1.314812e+04   0.000000e+00   0.000000e+00   0.000000e+00   1.474304e+05   0.000000e+00   0.000000e+00   0.000000e+00
     1624000   1.623999e-05   2.482396e+00   1.154593e+01   9.894655e+00   1.466993e+05   6.493888e+03  -1.314812e+04   0.000000e+00   0.000000e+00   0.000000e+00   1.474304e+05   0.000000e+00   0.000000e+00   0.000000e+00
     1632000   1.631999e-05   2.494132e+00   1.154645e+01   9.893604e+00   1.466993e+05   6.493888e+03  -1.314812e+04   0.000000e+00   0.000000e+00   0.000000e+00   1.474304e+05   0.000000e+00   0.000000e+00   0.000000e+00
     1640000   1.639999e-05   2.505868e+00   1.154697e+01   9.892552e+00   1.466993e+05   6.493888e+03  -1.314812e+04   0.000000e+00   0.000000e+00   0.000000e+00   1.474304e+05   0.000000e+00   0.000000e+00   0.000000e+00
     1648000   1.647999e-05   2.517604e+00   1.154749e+01   9.891500e+00   1.466993e+05   6.493888e+03  -1.314812e+04   0.000000e+00   0.000000e+00   0.000000e+00   1.474304e+05   0.000000e+00   0.000000e+00   0.000000e+00
     1656000   1.655999e-05   2.529340e+00   1.154801e+01   9.890448e+00   1.466993e+05   6.493888e+03  -1.314812e+04   0.000000e+00   0.000000e+00   0.000000e+00   1.474304e+05   0.000000e+00   0.000000e+00   0.000000e+00
     1664000   1.663999e-05   2.541076e+00   1.154853e+01   9.889396e+00   1.466993e+05   6.493888e+03  -1.314812e+04   0.000000e+00   0.000000e+00   0.000000e+00   1.474304e+05   0.000000e+00   0.000000e+00   0.000000e+00
     1672000   1.671999e-05   2.552811e+00   1.154905e+01   9.888344e+00   1.466993e+05   6.493888e+03  -1.314812e+04   0.000000e+00   0.000000e+00   0.000000e+00   1.474304e+05   0.000000e+00   0.000000e+00   0.000000e+00
     1680000   1.679999e-05   2.564547e+00   1.154957e+01   9.887293e+00   1.466993e+05   6.493888e+03  -1.314812e+04   0.000000e+00   0.000000e+00   0.000000e+00   1.474304e+05   0.000000e+00   0.000000e+00   0.000000e+00
     1688000   1.687999e-05   2.576283e+00   1.155009e+01   9.886241e+00   1.466993e+05   6.493888e+03  -1.314812e+04   0.000000e+00   0.000000e+00   0.000000e+00   1.474304e+05   0.000000e+00   0.000000e+00   0.000000e+00
     1696000   1.695999e-05   2.588019e+00   1.155061e+01   9.885189e+00   1.466993e+05   6.493888e+03  -1.314812e+04   0.000000e+00   0.000000e+00   0.000000e+00   1.474304e+05   0.000000e+00   0.000000e+00   0.000000e+00
     1704000   1.703999e-05   2.599755e+00   1.155113e+01   9.884137e+00   1.466993e+05   6.493888e+03  -1.314812e+04   0.000000e+00   0.000000e+00   0.000000e+00   1.474304e+05   0.000000e+00   0.000000e+00   0.000000e+00
     1712000   1.711999e-05   2.611491e+00   1.155165e+01   9.883085e+00   1.466993e+05   6.493888e+03  -1.314812e+04   0.000000e+00   0.000000e+00   0.000000e+00   1.474304e+05   0.000000e+00   0.000000e+00   0.000000e+00
     1720000   1.719999e-05   2.623227e+00   1.155217e+01   9.882033e+00   1.466993e+05   6.493888e+03  -1.314812e+04   0.000000e+00   0.000000e+00   0.000000e+00   1.474304e+05   0.000000e+00   0.000000e+00   0.000000e+00
     1728000   1.727999e-05   2.634963e+00   1.155269e+01   9.880981e+00   1.466993e+05   6.493888e+03  -1.314812e+04   0.000000e+00   0.000000e+00   0.000000e+00   1.474304e+05   0.000000e+00   0.000000e+00   0.000000e+00
     1736000   1.735999e-05   2.646699e+00   1.155321e+01   9.879930e+00   1.466993e+05   6.493888e+03  -1.314812e+04   0.000000e+00   0.000000e+00   0.000000e+00   1.474304e+05   0.000000e+00   0.000000e+00   0.000000e+00
     1744000   1.743999e-05   2.658435e+00   1.155373e+01   9.878878e+00   1.466993e+05   6.493888e+03  -1.314812e+04   0.000000e+00   0.000000e+00   0.000000e+00   1.474304e+05   0.000000e+00   0.000000e+00   0.000000e+00
     1752000   1.751999e-05   2.670171e+00   1.155424e+01   9.877826e+00   1.466993e+05   6.493888e+03  -1.314812e+04   0.000000e+00   0.000000e+00   0.000000e+00   1.474304e+05   0.000000e+00   0.000000e+00   0.000000e+00
     1760000   1.759999e-05   2.681907e+00   1.155476e+01   9.876774e+00   1.466993e+05   6.493888e+03  -1.314812e+04   0.000000e+00   0.000000e+00   0.000000e+00   1.474304e+05   0.000000e+00   0.000000e+00   0.000000e+00
     1768000   1.767999e-05   2.693643e+00   1.155528e+01   9.875722e+00   1.466993e+05   6.493888e+03  -1.314812e+04   0.000000e+00   0.000000e+00   0.000000e+00   1.474304e+05   0.000000e+00   0.000000e+00   0.000000e+00
     1776000   1.775999e-05   2.705379e+00   1.155580e+01   9.874670e+00   1.466993e+05   6.493888e+03  -1.314812e+04   0.000000e+00   0.000000e+00   0.000000e+00   1.474304e+05   0.000000e+00   0.000000e+00   0.000000e+00
     1784000   1.783999e-05   2.717115e+00   1.155632e+01   9.873618e+00   1.466993e+05   6.493888e+03  -1.314812e+04   0.000000e+00   0.000000e+00   0.000000e+00   1.474304e+05   0.000000e+00   0.000000e+00   0.000000e+00
     1792000   1.791999e-05   2.728851e+00   1.155684e+01   9.872567e+00   1.466993e+05   6.493888e+03  -1.314812e+04   0.000000e+00   0.000000e+00   0.000000e+00   1.474304e+05   0.000000e+00   0.000000e+00   0.000000e+00
     1800000   1.799999e-05   2.740587e+00   1.155736e+01   9.871515e+00   1.466993e+05   6.493888e+03  -1.314812e+04   0.000000e+00   0.000000e+00   0.000000e+00   1.474304e+05   0.000000e+00   0.000000e+00   0.000000e+00
     1808000   1.807999e-05   2.752322e+00   1.155788e+01   9.870463e+00   1.466993e+05   6.493888e+03  -1.314812e+04   0.000000e+00   0.000000e+00   0.000000e+00   1.474304e+05   0.000000e+00   0.000000e+00   0.000000e+00
     1816000   1.815999e-05   2.764058e+00   1.155840e+01   9.869411e+00   1.466993e+05   6.493888e+03  -1.314812e+04   0.000000e+00   0.000000e+00   0.000000e+00   1.474304e+05   0.000000e+00   0.000000e+00   0.000000e+00
     1824000   1.823999e-05   2.775794e+00   1.155892e+01   9.868359e+00   1.466993e+05   6.493888e+03  -1.314812e+04   0.000000e+00   0.000000e+00   0.000000e+00   1.474304e+05   0.000000e+00   0.000000e+00   0.000000e+00
     1832000   1.831999e-05   2.787530e+00   1.155944e+01   9.867307e+00   1.466993e+05   6.493888e+03  -1.314812e+04   0.000000e+00   0.000000e+00   0.000000e+00   1.474304e+05   0.000000e+00   0.000000e+00   0.000000e+00
     1840000   1.839999e-05   2.799266e+00   1.155996e+01   9.866256e+00   1.466993e+05   6.493888e+03  -1.314812e+04   0.000000e+00   0.000000e+00   0.000000e+00   1.474304e+05   0.000000e+00   0.000000e+00   0.000000e+00
     1848000   1.847999e-05   2.811002e+00   1.156048e+01   9.865204e+00   1.466993e+05   6.493888e+03  -1.314812e+04   0.000000e+00   0.000000e+00   0.000000e+00   1.474304e+05   0.000000e+00   0.000000e+00   0.000000e+00
     1856000   1.855999e-05   2.822738e+00   1.156100e+01   9.864152e+00   1.466993e+05   6.493888e+03  -1.314812e+04   0.000000e+00   0.000000e+00   0.000000e+00   1.474304e+05   0.000000e+00   0.000000e+00   0.000000e+00
     1864000   1.863999e-05   2.834474e+00   1.156152e+01   9.863100e+00   1.466993e+05   6.493888e+03  -1.314812e+04   0.000000e+00   0.000000e+00   0.000000e+00   1.474304e+05   0.000000e+00   0.000000e+00   0.000000e+00
     1872000   1.871999e-05   2.846210e+00   1.156204e+01   9.862048e+00   1.466993e+05   6.493888e+03  -1.314812e+04   0.000000e+00   0.000000e+00   0.000000e+00   1.474304e+05   0.000000e+00   0.000000e+00   0.000000e+00
     1880000   1.879999e-05   2.857946e+00   1.156256e+01   9.860996e+00   1.466993e+05   6.493888e+03  -1.314812e+04   0.000000e+00   0.000000e+00   0.000000e+00   1.474304e+05   0.000000e+00   0.000000e+00   0.000000e+00
     1888000   1.887999e-05   2.869682e+00   1.156308e+01   9.859944e+00   1.466993e+05   6.493888e+03  -1.314812e+04   0.000000e+00   0.000000e+00   0.000000e+00   1.474304e+05   0.000000e+00   0.000000e+00   0.000000e+00
     1896000   1.895999e-05   2.881418e+00   1.156360e+01   9.858893e+00   1.466993e+05   6.493888e+03  -1.314812e+04   0.000000e+00   0.000000e+00   0.000000e+00   1.474304e+05   0.000000e+00   0.000000e+00   0.000000e+00
     1904000   1.903999e-05   2.893154e+00   1.156412e+01   9.857841e+00   1.466993e+05   6.493888e+03  -1.314812e+04   0.000000e+00   0.000000e+00   0.000000e+00   1.474304e+05   0.000000e+00   0.000000e+00   0.000000e+00
     1912000   1.911999e-05   2.904890e+00   1.156464e+01   9.856789e+00   1.466993e+05   6.493888e+03  -1.314812e+04   0.000000e+00   0.000000e+00   0.000000e+00   1.474304e+05   0.000000e+00   0.000000e+00   0.000000e+00
     1920000   1.919999e-05   2.916626e+00   1.156515e+01   9.855737e+00   1.466993e+05   6.493888e+03  -1.314812e+04   0.000000e+00   0.000000e+00   0.000000e+00   1.474304e+05   0.000000e+00   0.000000e+00   0.000000e+00
     1928000   1.927999e-05   2.928362e+00   1.156567e+01   9.854685e+00   1.466993e+05   6.493888e+03  -1.314812e+04   0.000000e+00   0.000000e+00   0.000000e+00   1.474304e+05   0.000000e+00   0.000000e+00   0.000000e+00
     1936000   1.935999e-05   2.940098e+00   1.156619e+01   9.853633e+00   1.466993e+05   6.493888e+03  -1.314812e+04   0.000000e+00   0.000000e+00   0.000000e+00   1.474304e+05   0.000000e+00   0.000000e+00   0.000000e+00
     1944000   1.943999e-05   2.951833e+00   1.156671e+01   9.852582e+00   1.466993e+05   6.493888e+03  -1.314812e+04   0.000000e+00   0.000000e+00   0.000000e+00   1.474304e+05   0.000000e+00   0.000000e+00   0.000000e+00
     1952000   1.951999e-05   2.963569e+00   1.156723e+01   9.851530e+00   1.466993e+05   6.493888e+03  -1.314812e+04   0.000000e+00   0.000000e+00   0.000000e+00   1.474304e+05   0.000000e+00   0.000000e+00   0.000000e+00
     1960000   1.959999e-05   2.975305e+00   1.156775e+01   9.850478e+00   1.466993e+05   6.493888e+03  -1.314812e+04   0.000000e+00   0.000000e+00   0.000000e+00   1.474304e+05   0.000000e+00   0.000000e+00   0.000000e+00
     1968000   1.967999e-05   2.987041e+00   1.156827e+01   9.849426e+00   1.466993e+05   6.493888e+03  -1.314812e+04   0.000000e+00   0.000000e+00   0.000000e+00   1.474304e+05   0.000000e+00   0.000000e+00   0.000000e+00
     1976000   1.975999e-05   2.998777e+00   1.156879e+01   9.848374e+00   1.466993e+05   6.493888e+03  -1.314812e+04   0.000000e+00   0.000000e+00   0.000000e+00   1.474304e+05   0.000000e+00   0.000000e+00   0.000000e+00
     1984000   1.983999e-05   3.010513e+00   1.156931e+01   9.847322e+00   1.466993e+05   6.493888e+03  -1.314812e+04   0.000000e+00   0.000000e+00   0.000000e+00   1.474304e+05   0.000000e+00   0.000000e+00   0.000000e+00
     1992000   1.991999e-05   3.022249e+00   1.156983e+01   9.846270e+00   1.466993e+05   6.493888e+03  -1.314812e+04   0.000000e+00   0.000000e+00   0.000000e+00   1.474304e+05   0.000000e+00   0.000000e+00   0.000000e+00
     2000000   1.999999e-05   3.033985e+00   1.157035e+01   9.845219e+00   1.466993e+05   6.493888e+03  -1.314812e+04   0.000000e+00   0.000000e+00   0.000000e+00   1.474304e+05   0.000000e+00   0.000000e+00   0.000000e+00
     2008000   2.007999e-05   3.045721e+00   1.157087e+01   9.844167e+00   1.466993e+05   6.493888e+03  -1.314812e+04   0.000000e+00   0.000000e+00   0.000000e+00   1.474304e+05   0.000000e+00   0.000000e+00   0.000000e+00
     2016000   2.015999e-05   3.057457e+00   1.157139e+01   9.843115e+00   1.466993e+05   6.493888e+03  -1.314812e+04   0.000000e+00   0.000000e+00   0.000000e+00   1.474304e+05   0.000000e+00   0.000000e+00   0.000000e+00
     2024000   2.023999e-05   3.069193e+00   1.157191e+01   9.842063e+00   1.466993e+05   6.493888e+03  -1.314812e+04   0.000000e+00   0.000000e+00   0.000000e+00   1.474304e+05   0.000000e+00   0.000000e+00   0.000000e+00
     2032000   2.031999e-05   3.080929e+00   1.157243e+01   9.841011e+00   1.466993e+05   6.493888e+03  -1.314812e+04   0.000000e+00   0.000000e+00   0.000000e+00   1.474304e+05   0.000000e+00   0.000000e+00   0.000000e+00
     2040000   2.039999e-05   3.092665e+00   1.157295e+01   9.839959e+00   1.466993e+05   6.493888e+03  -1.314812e+04   0.000000e+00   0.000000e+00   0.000000e+00   1.474304e+05   0.000000e+00   0.000000e+00   0.000000e+00
     2048000   2.047999e-05   3.104401e+00   1.157347e+01   9.838907e+00   1.466993e+05   6.493888e+03  -1.314812e+04   0.000000e+00   0.000000e+00   0.000000e+00   1.474304e+05   0.000000e+00   0.000000e+00   0.000000e+00
     2056000   2.055999e-05   3.116137e+00   1.157399e+01   9.837856e+00   1.466993e+05   6.493888e+03  -1.314812e+04   0.000000e+00   0.000000e+00   0.000000e+00   1.474304e+05   0.000000e+00   0.000000e+00   0.000000e+00
     2064000   2.063999e-05   3.127873e+00   1.157451e+01   9.836804e+00   1.466993e+05   6.493888e+03  -1.314812e+04   0.000000e+00   0.000000e+00   0.000000e+00   1.474304e+05   0.000000e+00   0.000000e+00   0.000000e+00
     2072000   2.071999e-05   3.139608e+00   1.157503e+01   9.835752e+00   1.466993e+05   6.493888e+03  -1.314812e+04   0.000000e+00   0.000000e+00   0.000000e+00   1.474304e+05   0.000000e+00   0.000000e+00   0.000000e+00
     2080000   2.079999e-05   3.151344e+00   1.157554e+01   9.834700e+00   1.466993e+05   6.493888e+03  -1.314812e+04   0.000000e+00   0.000000e+00   0.000000e+00   1.474304e+05   0.000000e+00   0.000000e+00   0.000000e+00
     2088000   2.087999e-05   3.163080e+00   1.157606e+01   9.833648e+00   1.466993e+05   6.493888e+03  -1.314812e+04   0.000000e+00   0.000000e+00   0.000000e+00   1.474304e+05   0.000000e+00   0.000000e+00   0.000000e+00
     2096000   2.095999e-05   3.174816e+00   1.157658e+01   9.832596e+00   1.466993e+05   6.493888e+03  -1.314812e+04   0.000000e+00   0.000000e+00   0.000000e+00   1.474304e+05   0.000000e+00   0.000000e+00   0.000000e+00
     2104000   2.103999e-05   3.186552e+00   1.157710e+01   9.831545e+00   1.466993e+05   6.493888e+03  -1.314812e+04   0.000000e+00   0.000000e+00   0.000000e+00   1.474304e+05   0.000000e+00   0.000000e+00   0.000000e+00
     2112000   2.111999e-05   3.198288e+00   1.157762e+01   9.830493e+00   1.466993e+05   6.493888e+03  -1.314812e+04   0.000000e+00   0.000000e+00   0.000000e+00   1.474304e+05   0.000000e+00   0.000000e+00   0.000000e+00
     2120000   2.119999e-05   3.210024e+00   1.157814e+01   9.829441e+00   1.466993e+05   6.493888e+03  -1.314812e+04   0.000000e+00   0.000000e+00   0.000000e+00   1.474304e+05   0.000000e+00   0.000000e+00   0.000000e+00
     2128000   2.127999e-05   3.221760e+00   1.157866e+01   9.828389e+00   1.466993e+05   6.493888e+03  -1.314812e+04   0.000000e+00   0.000000e+00   0.000000e+00   1.474304e+05   0.000000e+00   0.000000e+00   0.000000e+00
     2136000   2.135999e-05   3.233496e+00   1.157918e+01   9.827337e+00   1.466993e+05   6.493888e+03  -1.314812e+04   0.000000e+00   0.000000e+00   0.000000e+00   1.474304e+05   0.000000e+00   0.000000e+00   0.000000e+00
     2144000   2.143999e-05   3.245232e+00   1.157970e+01   9.826285e+00   1.466993e+05   6.493888e+03  -1.314812e+04   0.000000e+00   0.000000e+00   0.000000e+00   1.474304e+05   0.000000e+00   0.000000e+00   0.000000e+00
     2152000   2.151999e-05   3.256968e+00   1.158022e+01   9.825233e+00   1.466993e+05   6.493888e+03  -1.314812e+04   0.000000e+00   0.000000e+00   0.000000e+00   1.474304e+05   0.000000e+00   0.000000e+00   0.000000e+00
     2160000   2.159999e-05   3.268704e+00   1.158074e+01   9.824182e+00   1.466993e+05   6.493888e+03  -1.314812e+04   0.000000e+00   0.000000e+00   0.000000e+00   1.474304e+05   0.000000e+00   0.000000e+00   0.000000e+00
     2168000   2.167999e-05   3.280440e+00   1.158126e+01   9.823130e+00   1.466993e+05   6.493888e+03  -1.314812e+04   0.000000e+00   0.000000e+00   0.000000e+00   1.474304e+05   0.000000e+00   0.000000e+00   0.000000e+00
     2176000   2.175999e-05   3.292176e+00   1.158178e+01   9.822078e+00   1.466993e+05   6.493888e+03  -1.314812e+04   0.000000e+00   0.000000e+00   0.000000e+00   1.474304e+05   0.000000e+00   0.000000e+00   0.000000e+00
     2184000   2.183999e-05   3.303912e+00   1.158230e+01   9.821026e+00   1.466993e+05   6.493888e+03  -1.314812e+04   0.000000e+00   0.000000e+00   0.000000e+00   1.474304e+05   0.000000e+00   0.000000e+00   0.000000e+00
     2192000   2.191999e-05   3.315648e+00   1.158282e+01   9.819974e+00   1.466993e+05   6.493888e+03  -1.314812e+04   0.000000e+00   0.000000e+00   0.000000e+00   1.474304e+05   0.000000e+00   0.000000e+00   0.000000e+00
     2200000   2.199999e-05   3.327384e+00   1.158334e+01   9.818922e+00   1.466993e+05   6.493888e+03  -1.314812e+04   0.000000e+00   0.000000e+00   0.000000e+00   1.474304e+05   0.000000e+00   0.000000e+00   0.000000e+00
     2208000   2.207999e-05   3.339119e+00   1.158386e+01   9.817870e+00   1.466993e+05   6.493888e+03  -1.314812e+04   0.000000e+00   0.000000e+00   0.000000e+00   1.474304e+05   0.000000e+00   0.000000e+00   0.000000e+00
     2216000   2.215999e-05   3.350855e+00   1.158438e+01   9.816819e+00   1.466993e+05   6.493888e+03  -1.314812e+04   0.000000e+00   0.000000e+00   0.000000e+00   1.474304e+05   0.000000e+00   0.000000e+00   0.000000e+00
     2224000   2.223999e-05   3.362591e+00   1.158490e+01   9.815767e+00   1.466993e+05   6.493888e+03  -1.314812e+04   0.000000e+00   0.000000e+00   0.000000e+00   1.474304e+05   0.000000e+00   0.000000e+00   0.000000e+00
     2232000   2.231999e-05   3.374327e+00   1.158542e+01   9.814715e+00   1.466993e+05   6.493888e+03  -1.314812e+04   0.000000e+00   0.000000e+00   0.000000e+00   1.474304e+05   0.000000e+00   0.000000e+00   0.000000e+00
     2240000   2.239999e-05   3.386063e+00   1.158594e+01   9.813663e+00   1.466993e+05   6.493888e+03  -1.314812e+04   0.000000e+00   0.000000e+00   0.000000e+00   1.474304e+05   0.000000e+00   0.000000e+00   0.000000e+00
     2248000   2.247999e-05   3.397799e+00   1.158645e+01   9.812611e+00   1.466993e+05   6.493888e+03  -1.314812e+04   0.000000e+00   0.000000e+00   0.000000e+00   1.474304e+05   0.000000e+00   0.000000e+00   0.000000e+00
     2256000   2.255999e-05   3.409535e+00   1.158697e+01   9.811559e+00   1.466993e+05   6.493888e+03  -1.314812e+04   0.000000e+00   0.000000e+00   0.000000e+00   1.474304e+05   0.000000e+00   0.000000e+00   0.000000e+00
     2264000   2.263999e-05   3.421271e+00   1.158749e+01   9.810508e+00   1.466993e+05   6.493888e+03  -1.314812e+04   0.000000e+00   0.000000e+00   0.000000e+00   1.474304e+05   0.000000e+00   0.000000e+00   0.000000e+00
     2272000   2.271999e-05   3.433007e+00   1.158801e+01   9.809456e+00   1.466993e+05   6.493888e+03  -1.314812e+04   0.000000e+00   0.000000e+00   0.000000e+00   1.474304e+05   0.000000e+00   0.000000e+00   0.000000e+00
     2280000   2.279999e-05   3.444743e+00   1.158853e+01   9.808404e+00   1.466993e+05   6.493888e+03  -1.314812e+04   0.000000e+00   0.000000e+00   0.000000e+00   1.474304e+05   0.000000e+00   0.000000e+00   0.000000e+00
     2288000   2.287999e-05   3.456479e+00   1.158905e+01   9.807352e+00   1.466993e+05   6.493888e+03  -1.314812e+04   0.000000e+00   0.000000e+00   0.000000e+00   1.474304e+05   0.000000e+00   0.000000e+00   0.000000e+00
     2296000   2.295999e-05   3.468215e+00   1.158957e+01   9.806300e+00   1.466993e+05   6.493888e+03  -1.314812e+04   0.000000e+00   0.000000e+00   0.000000e+00   1.474304e+05   0.000000e+00   0.000000e+00   0.000000e+00
     2304000   2.303999e-05   3.479951e+00   1.159009e+01   9.805248e+00   1.466993e+05   6.493888e+03  -1.314812e+04   0.000000e+00   0.000000e+00   0.000000e+00   1.474304e+05   0.000000e+00   0.000000e+00   0.000000e+00
     2312000   2.311999e-05   3.491687e+00   1.159061e+01   9.804196e+00   1.466993e+05   6.493888e+03  -1.314812e+04   0.000000e+00   0.000000e+00   0.000000e+00   1.474304e+05   0.000000e+00   0.000000e+00   0.000000e+00
     2320000   2.319999e-05   3.503423e+00   1.159113e+01   9.803145e+00   1.466993e+05   6.493888e+03  -1.314812e+04   0.000000e+00   0.000000e+00   0.000000e+00   1.474304e+05   0.000000e+00   0.000000e+00   0.000000e+00
     2328000   2.327999e-05   3.515159e+00   1.159165e+01   9.802093e+00   1.466993e+05   6.493888e+03  -1.314812e+04   0.000000e+00   0.000000e+00   0.000000e+00   1.474304e+05   0.000000e+00   0.000000e+00   0.000000e+00
     2336000   2.335999e-05   3.526895e+00   1.159217e+01   9.801041e+00   1.466993e+05   6.493888e+03  -1.314812e+04   0.000000e+00   0.000000e+00   0.000000e+00   1.474304e+05   0.000000e+00   0.000000e+00   0.000000e+00
     2344000   2.343999e-05   3.538630e+00   1.159269e+01   9.799989e+00   1.466993e+05   6.493888e+03  -1.314812e+04   0.000000e+00   0.000000e+00   0.000000e+00   1.474304e+05   0.000000e+00   0.000000e+00   0.000000e+00
     2352000   2.351999e-05   3.550366e+00   1.159321e+01   9.798937e+00   1.466993e+05   6.493888e+03  -1.314812e+04   0.000000e+00   0.000000e+00   0.000000e+00   1.474304e+05   0.000000e+00   0.000000e+00   0.000000e+00
     2360000   2.359999e-05   3.562102e+00   1.159373e+01   9.797885e+00   1.466993e+05   6.493888e+03  -1.314812e+04   0.000000e+00   0.000000e+00   0.000000e+00   1.474304e+05   0.000000e+00   0.000000e+00   0.000000e+00
     2368000   2.367999e-05   3.573838e+00   1.159425e+01   9.796833e+00   1.466993e+05   6.493888e+03  -1.314812e+04   0.000000e+00   0.000000e+00   0.000000e+00   1.474304e+05   0.000000e+00   0.000000e+00   0.000000e+00
     2376000   2.375999e-05   3.585574e+00   1.159477e+01   9.795782e+00   1.466993e+05   6.493888e+03  -1.314812e+04   0.000000e+00   0.000000e+00   0.000000e+00   1.474304e+05   0.000000e+00   0.000000e+00   0.000000e+00
     2384000   2.383999e-05   3.597310e+00   1.159529e+01   9.794730e+00   1.466993e+05   6.493888e+03  -1.314812e+04   0.000000e+00   0.000000e+00   0.000000e+00   1.474304e+05   0.000000e+00   0.000000e+00   0.000000e+00
     2392000   2.391999e-05   3.609046e+00   1.159581e+01   9.793678e+00   1.466993e+05   6.493888e+03  -1.314812e+04   0.000000e+00   0.000000e+00   0.000000e+00   1.474304e+05   0.000000e+00   0.000000e+00   0.000000e+00
     2400000   2.399999e-05   3.620782e+00   1.159633e+01   9.792626e+00   1.466993e+05   6.493888e+03  -1.314812e+04   0.000000e+00   0.000000e+00   0.000000e+00   1.474304e+05   0.000000e+00   0.000000e+00   0.000000e+00
     2408000   2.407999e-05   3.632518e+00   1.159684e+01   9.791574e+00   1.466993e+05   6.493888e+03  -1.314812e+04   0.000000e+00   0.000000e+00   0.000000e+00   1.474304e+05   0.000000e+00   0.000000e+00   0.000000e+00
     2416000   2.415999e-05   3.644254e+00   1.159736e+01   9.790522e+00   1.466993e+05   6.493888e+03  -1.314812e+04   0.000000e+00   0.000000e+00   0.000000e+00   1.474304e+05   0.000000e+00   0.000000e+00   0.000000e+00
     2424000   2.423999e-05   3.655990e+00   1.159788e+01   9.789471e+00   1.466993e+05   6.493888e+03  -1.314812e+04   0.000000e+00   0.000000e+00   0.000000e+00   1.474304e+05   0.000000e+00   0.000000e+00   0.000000e+00
     2432000   2.431999e-05   3.667726e+00   1.159840e+01   9.788419e+00   1.466993e+05   6.493888e+03  -1.314812e+04   0.000000e+00   0.000000e+00   0.000000e+00   1.474304e+05   0.000000e+00   0.000000e+00   0.000000e+00
     2440000   2.439999e-05   3.679462e+00   1.159892e+01   9.787367e+00   1.466993e+05   6.493888e+03  -1.314812e+04   0.000000e+00   0.000000e+00   0.000000e+00   1.474304e+05   0.000000e+00   0.000000e+00   0.000000e+00
     2448000   2.447999e-05   3.691198e+00   1.159944e+01   9.786315e+00   1.466993e+05   6.493888e+03  -1.314812e+04   0.000000e+00   0.000000e+00   0.000000e+00   1.474304e+05   0.000000e+00   0.000000e+00   0.000000e+00
     2456000   2.455999e-05   3.702934e+00   1.159996e+01   9.785263e+00   1.466993e+05   6.493888e+03  -1.314812e+04   0.000000e+00   0.000000e+00   0.000000e+00   1.474304e+05   0.000000e+00   0.000000e+00   0.000000e+00
     2464000   2.463999e-05   3.714670e+00   1.160048e+01   9.784211e+00   1.466993e+05   6.493888e+03  -1.314812e+04   0.000000e+00   0.000000e+00   0.000000e+00   1.474304e+05   0.000000e+00   0.000000e+00   0.000000e+00
     2472000   2.471999e-05   3.726406e+00   1.160100e+01   9.783159e+00   1.466993e+05   6.493888e+03  -1.314812e+04   0.000000e+00   0.000000e+00   0.000000e+00   1.474304e+05   0.000000e+00   0.000000e+00   0.000000e+00
     2480000   2.479999e-05   3.738141e+00   1.160152e+01   9.782108e+00   1.466993e+05   6.493888e+03  -1.314812e+04   0.000000e+00   0.000000e+00   0.000000e+00   1.474304e+05   0.000000e+00   0.000000e+00   0.000000e+00
     2488000   2.487999e-05   3.749877e+00   1.160204e+01   9.781056e+00   1.466993e+05   6.493888e+03  -1.314812e+04   0.000000e+00   0.000000e+00   0.000000e+00   1.474304e+05   0.000000e+00   0.000000e+00   0.000000e+00
     2496000   2.495999e-05   3.761613e+00   1.160256e+01   9.780004e+00   1.466993e+05   6.493888e+03  -1.314812e+04   0.000000e+00   0.000000e+00   0.000000e+00   1.474304e+05   0.000000e+00   0.000000e+00   0.000000e+00
     2504000   2.503999e-05   3.773349e+00   1.160308e+01   9.778952e+00   1.466993e+05   6.493888e+03  -1.314812e+04   0.000000e+00   0.000000e+00   0.000000e+00   1.474304e+05   0.000000e+00   0.000000e+00   0.000000e+00
     2512000   2.511999e-05   3.785085e+00   1.160360e+01   9.777900e+00   1.466993e+05   6.493888e+03  -1.314812e+04   0.000000e+00   0.000000e+00   0.000000e+00   1.474304e+05   0.000000e+00   0.000000e+00   0.000000e+00
     2520000   2.519999e-05   3.796821e+00   1.160412e+01   9.776848e+00   1.466993e+05   6.493888e+03  -1.314812e+04   0.000000e+00   0.000000e+00   0.000000e+00   1.474304e+05   0.000000e+00   0.000000e+00   0.000000e+00
     2528000   2.527999e-05   3.808557e+00   1.160464e+01   9.775796e+00   1.466993e+05   6.493888e+03  -1.314812e+04   0.000000e+00   0.000000e+00   0.000000e+00   1.474304e+05   0.000000e+00   0.000000e+00   0.000000e+00
     2536000   2.535999e-05   3.820293e+00   1.160516e+01   9.774745e+00   1.466993e+05   6.493888e+03  -1.314812e+04   0.000000e+00   0.000000e+00   0.000000e+00   1.474304e+05   0.000000e+00   0.000000e+00   0.000000e+00
     2544000   2.543999e-05   3.832029e+00   1.160568e+01   9.773693e+00   1.466993e+05   6.493888e+03  -1.314812e+04   0.000000e+00   0.000000e+00   0.000000e+00   1.474304e+05   0.000000e+00   0.000000e+00   0.000000e+00
     2552000   2.551999e-05   3.843765e+00   1.160620e+01   9.772641e+00   1.466993e+05   6.493888e+03  -1.314812e+04   0.000000e+00   0.000000e+00   0.000000e+00   1.474304e+05   0.000000e+00   0.000000e+00   0.000000e+00
     2560000   2.559999e-05   3.855501e+00   1.160672e+01   9.771589e+00   1.466993e+05   6.493888e+03  -1.314812e+04   0.000000e+00   0.000000e+00   0.000000e+00   1.474304e+05   0.000000e+00   0.000000e+00   0.000000e+00
     2568000   2.567999e-05   3.867237e+00   1.160724e+01   9.770537e+00   1.466993e+05   6.493888e+03  -1.314812e+04   0.000000e+00   0.000000e+00   0.000000e+00   1.474304e+05   0.000000e+00   0.000000e+00   0.000000e+00
     2576000   2.575999e-05   3.878973e+00   1.160775e+01   9.769485e+00   1.466993e+05   6.493888e+03  -1.314812e+04   0.000000e+00   0.000000e+00   0.000000e+00   1.474304e+05   0.000000e+00   0.000000e+00   0.000000e+00
     2584000   2.583999e-05   3.890709e+00   1.160827e+01   9.768434e+00   1.466993e+05   6.493888e+03  -1.314812e+04   0.000000e+00   0.000000e+00   0.000000e+00   1.474304e+05   0.000000e+00   0.000000e+00   0.000000e+00
     2592000   2.591999e-05   3.902445e+00   1.160879e+01   9.767382e+00   1.466993e+05   6.493888e+03  -1.314812e+04   0.000000e+00   0.000000e+00   0.000000e+00   1.474304e+05   0.000000e+00   0.000000e+00   0.000000e+00
     2600000   2.599999e-05   3.914181e+00   1.160931e+01   9.766330e+00   1.466993e+05   6.493888e+03  -1.314812e+04   0.000000e+00   0.000000e+00   0.000000e+00   1.474304e+05   0.000000e+00   0.000000e+00   0.000000e+00
     2608000   2.607999e-05   3.925916e+00   1.160983e+01   9.765278e+00   1.466993e+05   6.493888e+03  -1.314812e+04   0.000000e+00   0.000000e+00   0.000000e+00   1.474304e+05   0.000000e+00   0.000000e+00   0.000000e+00
     2616000   2.615999e-05   3.937652e+00   1.161035e+01   9.764226e+00   1.466993e+05   6.493888e+03  -1.314812e+04   0.000000e+00   0.000000e+00   0.000000e+00   1.474304e+05   0.000000e+00   0.000000e+00   0.000000e+00
     2624000   2.623999e-05   3.949388e+00   1.161087e+01   9.763174e+00   1.466993e+05   6.493888e+03  -1.314812e+04   0.000000e+00   0.000000e+00   0.000000e+00   1.474304e+05   0.000000e+00   0.000000e+00   0.000000e+00
     2632000   2.631999e-05   3.961124e+00   1.161139e+01   9.762122e+00   1.466993e+05   6.493888e+03  -1.314812e+04   0.000000e+00   0.000000e+00   0.000000e+00   1.474304e+05   0.000000e+00   0.000000e+00   0.000000e+00
     2640000   2.639999e-05   3.972860e+00   1.161191e+01   9.761071e+00   1.466993e+05   6.493888e+03  -1.314812e+04   0.000000e+00   0.000000e+00   0.000000e+00   1.474304e+05   0.000000e+00   0.000000e+00   0.000000e+00
     2648000   2.647999e-05   3.984596e+00   1.161243e+01   9.760019e+00   1.466993e+05   6.493888e+03  -1.314812e+04   0.000000e+00   0.000000e+00   0.000000e+00   1.474304e+05   0.000000e+00   0.000000e+00   0.000000e+00
     2656000   2.655999e-05   3.996332e+00   1.161295e+01   9.758967e+00   1.466993e+05   6.493888e+03  -1.314812e+04   0.000000e+00   0.000000e+00   0.000000e+00   1.474304e+05   0.000000e+00   0.000000e+00   0.000000e+00
     2664000   2.663999e-05   4.008068e+00   1.161347e+01   9.757915e+00   1.466993e+05   6.493888e+03  -1.314812e+04   0.000000e+00   0.000000e+00   0.000000e+00   1.474304e+05   0.000000e+00   0.000000e+00   0.000000e+00
     2672000   2.671999e-05   4.019804e+00   1.161399e+01   9.756863e+00   1.466993e+05   6.493888e+03  -1.314812e+04   0.000000e+00   0.000000e+00   0.000000e+00   1.474304e+05   0.000000e+00   0.000000e+00   0.000000e+00
     2680000   2.679999e-05   4.031540e+00   1.161451e+01   9.755811e+00   1.466993e+05   6.493888e+03  -1.314812e+04   0.000000e+00   0.000000e+00   0.000000e+00   1.474304e+05   0.000000e+00   0.000000e+00   0.000000e+00
     2688000   2.687999e-05   4.043276e+00   1.161503e+01   9.754759e+00   1.466993e+05   6.493888e+03  -1.314812e+04   0.000000e+00   0.000000e+00   0.000000e+00   1.474304e+05   0.000000e+00   0.000000e+00   0.000000e+00
     2696000   2.695999e-05   4.055012e+00   1.161555e+01   9.753708e+00   1.466993e+05   6.493888e+03  -1.314812e+04   0.000000e+00   0.000000e+00   0.000000e+00   1.474304e+05   0.000000e+00   0.000000e+00   0.000000e+00
     2704000   2.703999e-05   4.066748e+00   1.161607e+01   9.752656e+00   1.466993e+05   6.493888e+03  -1.314812e+04   0.000000e+00   0.000000e+00   0.000000e+00   1.474304e+05   0.000000e+00   0.000000e+00   0.000000e+00
     2712000   2.711999e-05   4.078484e+00   1.161659e+01   9.751604e+00   1.466993e+05   6.493888e+03  -1.314812e+04   0.000000e+00   0.000000e+00   0.000000e+00   1.474304e+05   0.000000e+00   0.000000e+00   0.000000e+00
     2720000   2.719999e-05   4.090220e+00   1.161711e+01   9.750552e+00   1.466993e+05   6.493888e+03  -1.314812e+04   0.000000e+00   0.000000e+00   0.000000e+00   1.474304e+05   0.000000e+00   0.000000e+00   0.000000e+00
     2728000   2.727999e-05   4.101956e+00   1.161763e+01   9.749500e+00   1.466993e+05   6.493888e+03  -1.314812e+04   0.000000e+00   0.000000e+00   0.000000e+00   1.474304e+05   0.000000e+00   0.000000e+00   0.000000e+00
     2736000   2.735999e-05   4.113692e+00   1.161814e+01   9.748448e+00   1.466993e+05   6.493888e+03  -1.314812e+04   0.000000e+00   0.000000e+00   0.000000e+00   1.474304e+05   0.000000e+00   0.000000e+00   0.000000e+00
     2744000   2.743999e-05   4.125427e+00   1.161866e+01   9.747397e+00   1.466993e+05   6.493888e+03  -1.314812e+04   0.000000e+00   0.000000e+00   0.000000e+00   1.474304e+05   0.000000e+00   0.000000e+00   0.000000e+00
     2752000   2.751999e-05   4.137163e+00   1.161918e+01   9.746345e+00   1.466993e+05   6.493888e+03  -1.314812e+04   0.000000e+00   0.000000e+00   0.000000e+00   1.474304e+05   0.000000e+00   0.000000e+00   0.000000e+00
     2760000   2.759999e-05   4.148899e+00   1.161970e+01   9.745293e+00   1.466993e+05   6.493888e+03  -1.314812e+04   0.000000e+00   0.000000e+00   0.000000e+00   1.474304e+05   0.000000e+00   0.000000e+00   0.000000e+00
     2768000   2.767999e-05   4.160635e+00   1.162022e+01   9.744241e+00   1.466993e+05   6.493888e+03  -1.314812e+04   0.000000e+00   0.000000e+00   0.000000e+00   1.474304e+05   0.000000e+00   0.000000e+00   0.000000e+00
     2776000   2.775999e-05   4.172371e+00   1.162074e+01   9.743189e+00   1.466993e+05   6.493888e+03  -1.314812e+04   0.000000e+00   0.000000e+00   0.000000e+00   1.474304e+05   0.000000e+00   0.000000e+00   0.000000e+00
     2784000   2.783999e-05   4.184107e+00   1.162126e+01   9.742137e+00   1.466993e+05   6.493888e+03  -1.314812e+04   0.000000e+00   0.000000e+00   0.000000e+00   1.474304e+05   0.000000e+00   0.000000e+00   0.000000e+00
     2792000   2.791999e-05   4.195843e+00   1.162178e+01   9.741085e+00   1.466993e+05   6.493888e+03  -1.314812e+04   0.000000e+00   0.000000e+00   0.000000e+00   1.474304e+05   0.000000e+00   0.000000e+00   0.000000e+00
     2800000   2.799999e-05   4.207579e+00   1.162230e+01   9.740034e+00   1.466993e+05   6.493888e+03  -1.314812e+04   0.000000e+00   0.000000e+00   0.000000e+00   1.474304e+05   0.000000e+00   0.000000e+00   0.000000e+00
     2808000   2.807999e-05   4.219315e+00   1.162282e+01   9.738982e+00   1.466993e+05   6.493888e+03  -1.314812e+04   0.000000e+00   0.000000e+00   0.000000e+00   1.474304e+05   0.000000e+00   0.000000e+00   0.000000e+00
     2816000   2.815999e-05   4.231051e+00   1.162334e+01   9.737930e+00   1.466993e+05   6.493888e+03  -1.314812e+04   0.000000e+00   0.000000e+00   0.000000e+00   1.474304e+05   0.000000e+00   0.000000e+00   0.000000e+00
     2824000   2.823999e-05   4.242787e+00   1.162386e+01   9.736878e+00   1.466993e+05   6.493888e+03  -1.314812e+04   0.000000e+00   0.000000e+00   0.000000e+00   1.474304e+05   0.000000e+00   0.000000e+00   0.000000e+00
     2832000   2.831999e-05   4.254523e+00   1.162438e+01   9.735826e+00   1.466993e+05   6.493888e+03  -1.314812e+04   0.000000e+00   0.000000e+00   0.000000e+00   1.474304e+05   0.000000e+00   0.000000e+00   0.000000e+00
     2840000   2.839999e-05   4.266259e+00   1.162490e+01   9.734774e+00   1.466993e+05   6.493888e+03  -1.314812e+04   0.000000e+00   0.000000e+00   0.000000e+00   1.474304e+05   0.000000e+00   0.000000e+00   0.000000e+00
     2848000   2.847999e-05   4.277995e+00   1.162542e+01   9.733722e+00   1.466993e+05   6.493888e+03  -1.314812e+04   0.000000e+00   0.000000e+00   0.000000e+00   1.474304e+05   0.000000e+00   0.000000e+00   0.000000e+00
     2856000   2.855999e-05   4.289731e+00   1.162594e+01   9.732671e+00   1.466993e+05   6.493888e+03  -1.314812e+04   0.000000e+00   0.000000e+00   0.000000e+00   1.474304e+05   0.000000e+00   0.000000e+00   0.000000e+00
     2864000   2.863999e-05   4.301467e+00   1.162646e+01   9.731619e+00   1.466993e+05   6.493888e+03  -1.314812e+04   0.000000e+00   0.000000e+00   0.000000e+00   1.474304e+05   0.000000e+00   0.000000e+00   0.000000e+00
     2872000   2.871999e-05   4.313203e+00   1.162698e+01   9.730567e+00   1.466993e+05   6.493888e+03  -1.314812e+04   0.000000e+00   0.000000e+00   0.000000e+00   1.474304e+05   0.000000e+00   0.000000e+00   0.000000e+00
     2880000   2.879999e-05   4.324938e+00   1.162750e+01   9.729515e+00   1.466993e+05   6.493888e+03  -1.314812e+04   0.000000e+00   0.000000e+00   0.000000e+00   1.474304e+05   0.000000e+00   0.000000e+00   0.000000e+00
     2888000   2.887999e-05   4.336674e+00   1.162802e+01   9.728463e+00   1.466993e+05   6.493888e+03  -1.314812e+04   0.000000e+00   0.000000e+00   0.000000e+00   1.474304e+05   0.000000e+00   0.000000e+00   0.000000e+00
     2896000   2.895999e-05   4.348410e+00   1.162853e+01   9.727411e+00   1.466993e+05   6.493888e+03  -1.314812e+04   0.000000e+00   0.000000e+00   0.000000e+00   1.474304e+05   0.000000e+00   0.000000e+00   0.000000e+00
     2904000   2.903999e-05   4.360146e+00   1.162905e+01   9.726360e+00   1.466993e+05   6.493888e+03  -1.314812e+04   0.000000e+00   0.000000e+00   0.000000e+00   1.474304e+05   0.000000e+00   0.000000e+00   0.000000e+00
     2912000   2.911999e-05   4.371882e+00   1.162957e+01   9.725308e+00   1.466993e+05   6.493888e+03  -1.314812e+04   0.000000e+00   0.000000e+00   0.000000e+00   1.474304e+05   0.000000e+00   0.000000e+00   0.000000e+00
     2920000   2.919999e-05   4.383618e+00   1.163009e+01   9.724256e+00   1.466993e+05   6.493888e+03  -1.314812e+04   0.000000e+00   0.000000e+00   0.000000e+00   1.474304e+05   0.000000e+00   0.000000e+00   0.000000e+00
     2928000   2.927999e-05   4.395354e+00   1.163061e+01   9.723204e+00   1.466993e+05   6.493888e+03  -1.314812e+04   0.000000e+00   0.000000e+00   0.000000e+00   1.474304e+05   0.000000e+00   0.000000e+00   0.000000e+00
     2936000   2.935999e-05   4.407090e+00   1.163113e+01   9.722152e+00   1.466993e+05   6.493888e+03  -1.314812e+04   0.000000e+00   0.000000e+00   0.000000e+00   1.474304e+05   0.000000e+00   0.000000e+00   0.000000e+00
     2944000   2.943999e-05   4.418826e+00   1.163165e+01   9.721100e+00   1.466993e+05   6.493888e+03  -1.314812e+04   0.000000e+00   0.000000e+00   0.000000e+00   1.474304e+05   0.000000e+00   0.000000e+00   0.000000e+00
     2952000   2.951999e-05   4.430562e+00   1.163217e+01   9.720048e+00   1.466993e+05   6.493888e+03  -1.314812e+04   0.000000e+00   0.000000e+00   0.000000e+00   1.474304e+05   0.000000e+00   0.000000e+00   0.000000e+00
     2960000   2.959999e-05   4.442298e+00   1.163269e+01   9.718997e+00   1.466993e+05   6.493888e+03  -1.314812e+04   0.000000e+00   0.000000e+00   0.000000e+00   1.474304e+05   0.000000e+00   0.000000e+00   0.000000e+00
     2968000   2.967999e-05   4.454034e+00   1.163321e+01   9.717945e+00   1.466993e+05   6.493888e+03  -1.314812e+04   0.000000e+00   0.000000e+00   0.000000e+00   1.474304e+05   0.000000e+00   0.000000e+00   0.000000e+00
     2976000   2.975999e-05   4.465770e+00   1.163373e+01   9.716893e+00   1.466993e+05   6.493888e+03  -1.314812e+04   0.000000e+00   0.000000e+00   0.000000e+00   1.474304e+05   0.000000e+00   0.000000e+00   0.000000e+00
     2984000   2.983999e-05   4.477506e+00   1.163425e+01   9.715841e+00   1.466993e+05   6.493888e+03  -1.314812e+04   0.000000e+00   0.000000e+00   0.000000e+00   1.474304e+05   0.000000e+00   0.000000e+00   0.000000e+00
     2992000   2.991999e-05   4.489242e+00   1.163477e+01   9.714789e+00   1.466993e+05   6.493888e+03  -1.314812e+04   0.000000e+00   0.000000e+00   0.000000e+00   1.474304e+05   0.000000e+00   0.000000e+00   0.000000e+00
     3000000   2.999999e-05   4.500978e+00   1.163529e+01   9.713737e+00   1.466993e+05   6.493888e+03  -1.314812e+04   0.000000e+00   0.000000e+00   0.000000e+00   1.474304e+05   0.000000e+00   0.000000e+00   0.000000e+00
     3008000   3.007999e-05   4.512713e+00   1.163581e+01   9.712685e+00   1.466993e+05   6.493888e+03  -1.314812e+04   0.000000e+00   0.000000e+00   0.000000e+00   1.474304e+05   0.000000e+00   0.000000e+00   0.000000e+00
     3016000   3.015999e-05   4.524449e+00   1.163633e+01   9.711634e+00   1.466993e+05   6.493888e+03  -1.314812e+04   0.000000e+00   0.000000e+00   0.000000e+00   1.474304e+05   0.000000e+00   0.000000e+00   0.000000e+00
     3024000   3.023999e-05   4.536185e+00   1.163685e+01   9.710582e+00   1.466993e+05   6.493888e+03  -1.314812e+04   0.000000e+00   0.000000e+00   0.000000e+00   1.474304e+05   0.000000e+00   0.000000e+00   0.000000e+00
     3032000   3.031999e-05   4.547921e+00   1.163737e+01   9.709530e+00   1.466993e+05   6.493888e+03  -1.314812e+04   0.000000e+00   0.000000e+00   0.000000e+00   1.474304e+05   0.000000e+00   0.000000e+00   0.000000e+00
     3040000   3.039999e-05   4.559657e+00   1.163789e+01   9.708478e+00   1.466993e+05   6.493888e+03  -1.314812e+04   0.000000e+00   0.000000e+00   0.000000e+00   1.474304e+05   0.000000e+00   0.000000e+00   0.000000e+00
     3048000   3.047999e-05   4.571393e+00   1.163841e+01   9.707426e+00   1.466993e+05   6.493888e+03  -1.314812e+04   0.000000e+00   0.000000e+00   0.000000e+00   1.474304e+05   0.000000e+00   0.000000e+00   0.000000e+00
     3056000   3.055999e-05   4.583129e+00   1.163893e+01   9.706374e+00   1.466993e+05   6.493888e+03  -1.314812e+04   0.000000e+00   0.000000e+00   0.000000e+00   1.474304e+05   0.000000e+00   0.000000e+00   0.000000e+00
     3064000   3.063999e-05   4.594865e+00   1.163944e+01   9.705323e+00   1.466993e+05   6.493888e+03  -1.314812e+04   0.000000e+00   0.000000e+00   0.000000e+00   1.474304e+05   0.000000e+00   0.000000e+00   0.000000e+00
     3072000   3.071999e-05   4.606601e+00   1.163996e+01   9.704271e+00   1.466993e+05   6.493888e+03  -1.314812e+04   0.000000e+00   0.000000e+00   0.000000e+00   1.474304e+05   0.000000e+00   0.000000e+00   0.000000e+00
     3080000   3.079999e-05   4.618337e+00   1.164048e+01   9.703219e+00   1.466993e+05   6.493888e+03  -1.314812e+04   0.000000e+00   0.000000e+00   0.000000e+00   1.474304e+05   0.000000e+00   0.000000e+00   0.000000e+00
     3088000   3.087999e-05   4.630073e+00   1.164100e+01   9.702167e+00   1.466993e+05   6.493888e+03  -1.314812e+04   0.000000e+00   0.000000e+00   0.000000e+00   1.474304e+05   0.000000e+00   0.000000e+00   0.000000e+00
     3096000   3.095999e-05   4.641809e+00   1.164152e+01   9.701115e+00   1.466993e+05   6.493888e+03  -1.314812e+04   0.000000e+00   0.000000e+00   0.000000e+00   1.474304e+05   0.000000e+00   0.000000e+00   0.000000e+00
     3104000   3.103999e-05   4.653545e+00   1.164204e+01   9.700063e+00   1.466993e+05   6.493888e+03  -1.314812e+04   0.000000e+00   0.000000e+00   0.000000e+00   1.474304e+05   0.000000e+00   0.000000e+00   0.000000e+00
     3112000   3.111999e-05   4.665281e+00   1.164256e+01   9.699011e+00   1.466993e+05   6.493888e+03  -1.314812e+04   0.000000e+00   0.000000e+00   0.000000e+00   1.474304e+05   0.000000e+00   0.000000e+00   0.000000e+00
     3120000   3.119999e-05   4.677017e+00   1.164308e+01   9.697960e+00   1.466993e+05   6.493888e+03  -1.314812e+04   0.000000e+00   0.000000e+00   0.000000e+00   1.474304e+05   0.000000e+00   0.000000e+00   0.000000e+00
     3128000   3.127999e-05   4.688753e+00   1.164360e+01   9.696908e+00   1.466993e+05   6.493888e+03  -1.314812e+04   0.000000e+00   0.000000e+00   0.000000e+00   1.474304e+05   0.000000e+00   0.000000e+00   0.000000e+00
     3136000   3.135999e-05   4.700489e+00   1.164412e+01   9.695856e+00   1.466993e+05   6.493888e+03  -1.314812e+04   0.000000e+00   0.000000e+00   0.000000e+00   1.474304e+05   0.000000e+00   0.000000e+00   0.000000e+00
     3144000   3.143999e-05   4.712224e+00   1.164464e+01   9.694804e+00   1.466993e+05   6.493888e+03  -1.314812e+04   0.000000e+00   0.000000e+00   0.000000e+00   1.474304e+05   0.000000e+00   0.000000e+00   0.000000e+00
     3152000   3.151999e-05   4.723960e+00   1.164516e+01   9.693752e+00   1.466993e+05   6.493888e+03  -1.314812e+04   0.000000e+00   0.000000e+00   0.000000e+00   1.474304e+05   0.000000e+00   0.000000e+00   0.000000e+00
     3160000   3.159999e-05   4.735696e+00   1.164568e+01   9.692700e+00   1.466993e+05   6.493888e+03  -1.314812e+04   0.000000e+00   0.000000e+00   0.000000e+00   1.474304e+05   0.000000e+00   0.000000e+00   0.000000e+00
     3168000   3.167999e-05   4.747432e+00   1.164620e+01   9.691648e+00   1.466993e+05   6.493888e+03  -1.314812e+04   0.000000e+00   0.000000e+00   0.000000e+00   1.474304e+05   0.000000e+00   0.000000e+00   0.000000e+00
     3176000   3.175999e-05   4.759168e+00   1.164672e+01   9.690597e+00   1.466993e+05   6.493888e+03  -1.314812e+04   0.000000e+00   0.000000e+00   0.000000e+00   1.474304e+05   0.000000e+00   0.000000e+00   0.000000e+00
     3184000   3.183999e-05   4.770904e+00   1.164724e+01   9.689545e+00   1.466993e+05   6.493888e+03  -1.314812e+04   0.000000e+00   0.000000e+00   0.000000e+00   1.474304e+05   0.000000e+00   0.000000e+00   0.000000e+00
     3192000   3.191999e-05   4.782640e+00   1.164776e+01   9.688493e+00   1.466993e+05   6.493888e+03  -1.314812e+04   0.000000e+00   0.000000e+00   0.000000e+00   1.474304e+05   0.000000e+00   0.000000e+00   0.000000e+00
     3200000   3.199999e-05   4.794376e+00   1.164828e+01   9.687441e+00   1.466993e+05   6.493888e+03  -1.314812e+04   0.000000e+00   0.000000e+00   0.000000e+00   1.474304e+05   0.000000e+00   0.000000e+00   0.000000e+00
     3208000   3.207999e-05   4.806112e+00   1.164880e+01   9.686389e+00   1.466993e+05   6.493888e+03  -1.314812e+04   0.000000e+00   0.000000e+00   0.000000e+00   1.474304e+05   0.000000e+00   0.000000e+00   0.000000e+00
     3216000   3.215999e-05   4.817848e+00   1.164932e+01   9.685337e+00   1.466993e+05   6.493888e+03  -1.314812e+04   0.000000e+00   0.000000e+00   0.000000e+00   1.474304e+05   0.000000e+00   0.000000e+00   0.000000e+00
     3224000   3.223999e-05   4.829584e+00   1.164983e+01   9.684286e+00   1.466993e+05   6.493888e+03  -1.314812e+04   0.000000e+00   0.000000e+00   0.000000e+00   1.474304e+05   0.000000e+00   0.000000e+00   0.000000e+00
     3232000   3.231999e-05   4.841320e+00   1.165035e+01   9.683234e+00   1.466993e+05   6.493888e+03  -1.314812e+04   0.000000e+00   0.000000e+00   0.000000e+00   1.474304e+05   0.000000e+00   0.000000e+00   0.000000e+00
     3240000   3.239999e-05   4.853056e+00   1.165087e+01   9.682182e+00   1.466993e+05   6.493888e+03  -1.314812e+04   0.000000e+00   0.000000e+00   0.000000e+00   1.474304e+05   0.000000e+00   0.000000e+00   0.000000e+00
     3248000   3.247999e-05   4.864792e+00   1.165139e+01   9.681130e+00   1.466993e+05   6.493888e+03  -1.314812e+04   0.000000e+00   0.000000e+00   0.000000e+00   1.474304e+05   0.000000e+00   0.000000e+00   0.000000e+00
     3256000   3.255999e-05   4.876528e+00   1.165191e+01   9.680078e+00   1.466993e+05   6.493888e+03  -1.314812e+04   0.000000e+00   0.000000e+00   0.000000e+00   1.474304e+05   0.000000e+00   0.000000e+00   0.000000e+00
     3264000   3.263999e-05   4.888264e+00   1.165243e+01   9.679026e+00   1.466993e+05   6.493888e+03  -1.314812e+04   0.000000e+00   0.000000e+00   0.000000e+00   1.474304e+05   0.000000e+00   0.000000e+00   0.000000e+00
     3272000   3.271999e-05   4.900000e+00   1.165295e+01   9.677974e+00   1.466993e+05   6.493888e+03  -1.314812e+04   0.000000e+00   0.000000e+00   0.000000e+00   1.474304e+05   0.000000e+00   0.000000e+00   0.000000e+00
     3280000   3.279999e-05   4.911735e+00   1.165347e+01   9.676923e+00   1.466993e+05   6.493888e+03  -1.314812e+04   0.000000e+00   0.000000e+00   0.000000e+00   1.474304e+05   0.000000e+00   0.000000e+00   0.000000e+00
     3288000   3.287999e-05   4.923471e+00   1.165399e+01   9.675871e+00   1.466993e+05   6.493888e+03  -1.314812e+04   0.000000e+00   0.000000e+00   0.000000e+00   1.474304e+05   0.000000e+00   0.000000e+00   0.000000e+00
     3296000   3.295999e-05   4.935207e+00   1.165451e+01   9.674819e+00   1.466993e+05   6.493888e+03  -1.314812e+04   0.000000e+00   0.000000e+00   0.000000e+00   1.474304e+05   0.000000e+00   0.000000e+00   0.000000e+00
     3304000   3.303999e-05   4.946943e+00   1.165503e+01   9.673767e+00   1.466993e+05   6.493888e+03  -1.314812e+04   0.000000e+00   0.000000e+00   0.000000e+00   1.474304e+05   0.000000e+00   0.000000e+00   0.000000e+00
     3312000   3.311999e-05   4.958679e+00   1.165555e+01   9.672715e+00   1.466993e+05   6.493888e+03  -1.314812e+04   0.000000e+00   0.000000e+00   0.000000e+00   1.474304e+05   0.000000e+00   0.000000e+00   0.000000e+00
     3320000   3.319999e-05   4.970415e+00   1.165607e+01   9.671663e+00   1.466993e+05   6.493888e+03  -1.314812e+04   0.000000e+00   0.000000e+00   0.000000e+00   1.474304e+05   0.000000e+00   0.000000e+00   0.000000e+00
     3328000   3.327999e-05   4.982151e+00   1.165659e+01   9.670611e+00   1.466993e+05   6.493888e+03  -1.314812e+04   0.000000e+00   0.000000e+00   0.000000e+00   1.474304e+05   0.000000e+00   0.000000e+00   0.000000e+00
     3336000   3.335999e-05   4.993887e+00   1.165711e+01   9.669560e+00   1.466993e+05   6.493888e+03  -1.314812e+04   0.000000e+00   0.000000e+00   0.000000e+00   1.474304e+05   0.000000e+00   0.000000e+00   0.000000e+00
     3344000   3.343999e-05   5.005623e+00   1.165763e+01   9.668508e+00   1.466993e+05   6.493888e+03  -1.314812e+04   0.000000e+00   0.000000e+00   0.000000e+00   1.474304e+05   0.000000e+00   0.000000e+00   0.000000e+00
     3352000   3.351999e-05   5.017359e+00   1.165815e+01   9.667456e+00   1.466993e+05   6.493888e+03  -1.314812e+04   0.000000e+00   0.000000e+00   0.000000e+00   1.474304e+05   0.000000e+00   0.000000e+00   0.000000e+00
     3360000   3.359999e-05   5.029095e+00   1.165867e+01   9.666404e+00   1.466993e+05   6.493888e+03  -1.314812e+04   0.000000e+00   0.000000e+00   0.000000e+00   1.474304e+05   0.000000e+00   0.000000e+00   0.000000e+00
     3368000   3.367999e-05   5.040831e+00   1.165919e+01   9.665352e+00   1.466993e+05   6.493888e+03  -1.314812e+04   0.000000e+00   0.000000e+00   0.000000e+00   1.474304e+05   0.000000e+00   0.000000e+00   0.000000e+00
     3376000   3.375999e-05   5.052567e+00   1.165971e+01   9.664300e+00   1.466993e+05   6.493888e+03  -1.314812e+04   0.000000e+00   0.000000e+00   0.000000e+00   1.474304e+05   0.000000e+00   0.000000e+00   0.000000e+00
     3384000   3.383999e-05   5.064303e+00   1.166023e+01   9.663249e+00   1.466993e+05   6.493888e+03  -1.314812e+04   0.000000e+00   0.000000e+00   0.000000e+00   1.474304e+05   0.000000e+00   0.000000e+00   0.000000e+00
     3392000   3.391999e-05   5.076039e+00   1.166074e+01   9.662197e+00   1.466993e+05   6.493888e+03  -1.314812e+04   0.000000e+00   0.000000e+00   0.000000e+00   1.474304e+05   0.000000e+00   0.000000e+00   0.000000e+00
     3400000   3.399999e-05   5.087775e+00   1.166126e+01   9.661145e+00   1.466993e+05   6.493888e+03  -1.314812e+04   0.000000e+00   0.000000e+00   0.000000e+00   1.474304e+05   0.000000e+00   0.000000e+00   0.000000e+00
     3408000   3.407999e-05   5.099510e+00   1.166178e+01   9.660093e+00   1.466993e+05   6.493888e+03  -1.314812e+04   0.000000e+00   0.000000e+00   0.000000e+00   1.474304e+05   0.000000e+00   0.000000e+00   0.000000e+00
     3416000   3.415999e-05   5.111246e+00   1.166230e+01   9.659041e+00   1.466993e+05   6.493888e+03  -1.314812e+04   0.000000e+00   0.000000e+00   0.000000e+00   1.474304e+05   0.000000e+00   0.000000e+00   0.000000e+00
     3424000   3.423999e-05   5.122982e+00   1.166282e+01   9.657989e+00   1.466993e+05   6.493888e+03  -1.314812e+04   0.000000e+00   0.000000e+00   0.000000e+00   1.474304e+05   0.000000e+00   0.000000e+00   0.000000e+00
     3432000   3.431999e-05   5.134718e+00   1.166334e+01   9.656937e+00   1.466993e+05   6.493888e+03  -1.314812e+04   0.000000e+00   0.000000e+00   0.000000e+00   1.474304e+05   0.000000e+00   0.000000e+00   0.000000e+00
     3440000   3.439999e-05   5.146454e+00   1.166386e+01   9.655886e+00   1.466993e+05   6.493888e+03  -1.314812e+04   0.000000e+00   0.000000e+00   0.000000e+00   1.474304e+05   0.000000e+00   0.000000e+00   0.000000e+00
     3448000   3.447999e-05   5.158190e+00   1.166438e+01   9.654834e+00   1.466993e+05   6.493888e+03  -1.314812e+04   0.000000e+00   0.000000e+00   0.000000e+00   1.474304e+05   0.000000e+00   0.000000e+00   0.000000e+00
     3456000   3.455999e-05   5.169926e+00   1.166490e+01   9.653782e+00   1.466993e+05   6.493888e+03  -1.314812e+04   0.000000e+00   0.000000e+00   0.000000e+00   1.474304e+05   0.000000e+00   0.000000e+00   0.000000e+00
     3464000   3.463999e-05   5.181662e+00   1.166542e+01   9.652730e+00   1.466993e+05   6.493888e+03  -1.314812e+04   0.000000e+00   0.000000e+00   0.000000e+00   1.474304e+05   0.000000e+00   0.000000e+00   0.000000e+00
     3472000   3.471999e-05   5.193398e+00   1.166594e+01   9.651678e+00   1.466993e+05   6.493888e+03  -1.314812e+04   0.000000e+00   0.000000e+00   0.000000e+00   1.474304e+05   0.000000e+00   0.000000e+00   0.000000e+00
     3480000   3.479999e-05   5.205134e+00   1.166646e+01   9.650626e+00   1.466993e+05   6.493888e+03  -1.314812e+04   0.000000e+00   0.000000e+00   0.000000e+00   1.474304e+05   0.000000e+00   0.000000e+00   0.000000e+00
     3488000   3.487999e-05   5.216870e+00   1.166698e+01   9.649574e+00   1.466993e+05   6.493888e+03  -1.314812e+04   0.000000e+00   0.000000e+00   0.000000e+00   1.474304e+05   0.000000e+00   0.000000e+00   0.000000e+00
     3496000   3.495999e-05   5.228606e+00   1.166750e+01   9.648523e+00   1.466993e+05   6.493888e+03  -1.314812e+04   0.000000e+00   0.000000e+00   0.000000e+00   1.474304e+05   0.000000e+00   0.000000e+00   0.000000e+00
     3504000   3.503999e-05   5.240342e+00   1.166802e+01   9.647471e+00   1.466993e+05   6.493888e+03  -1.314812e+04   0.000000e+00   0.000000e+00   0.000000e+00   1.474304e+05   0.000000e+00   0.000000e+00   0.000000e+00
     3512000   3.511999e-05   5.252078e+00   1.166854e+01   9.646419e+00   1.466993e+05   6.493888e+03  -1.314812e+04   0.000000e+00   0.000000e+00   0.000000e+00   1.474304e+05   0.000000e+00   0.000000e+00   0.000000e+00
     3520000   3.519999e-05   5.263814e+00   1.166906e+01   9.645367e+00   1.466993e+05   6.493888e+03  -1.314812e+04   0.000000e+00   0.000000e+00   0.000000e+00   1.474304e+05   0.000000e+00   0.000000e+00   0.000000e+00
     3528000   3.527999e-05   5.275550e+00   1.166958e+01   9.644315e+00   1.466993e+05   6.493888e+03  -1.314812e+04   0.000000e+00   0.000000e+00   0.000000e+00   1.474304e+05   0.000000e+00   0.000000e+00   0.000000e+00
     3536000   3.535999e-05   5.287286e+00   1.167010e+01   9.643263e+00   1.466993e+05   6.493888e+03  -1.314812e+04   0.000000e+00   0.000000e+00   0.000000e+00   1.474304e+05   0.000000e+00   0.000000e+00   0.000000e+00
     3544000   3.543999e-05   5.299021e+00   1.167062e+01   9.642212e+00   1.466993e+05   6.493888e+03  -1.314812e+04   0.000000e+00   0.000000e+00   0.000000e+00   1.474304e+05   0.000000e+00   0.000000e+00   0.000000e+00
     3552000   3.551999e-05   5.310757e+00   1.167113e+01   9.641160e+00   1.466993e+05   6.493888e+03  -1.314812e+04   0.000000e+00   0.000000e+00   0.000000e+00   1.474304e+05   0.000000e+00   0.000000e+00   0.000000e+00
     3560000   3.559999e-05   5.322493e+00   1.167165e+01   9.640108e+00   1.466993e+05   6.493888e+03  -1.314812e+04   0.000000e+00   0.000000e+00   0.000000e+00   1.474304e+05   0.000000e+00   0.000000e+00   0.000000e+00
     3568000   3.567999e-05   5.334229e+00   1.167217e+01   9.639056e+00   1.466993e+05   6.493888e+03  -1.314812e+04   0.000000e+00   0.000000e+00   0.000000e+00   1.474304e+05   0.000000e+00   0.000000e+00   0.000000e+00
     3576000   3.575999e-05   5.345965e+00   1.167269e+01   9.638004e+00   1.466993e+05   6.493888e+03  -1.314812e+04   0.000000e+00   0.000000e+00   0.000000e+00   1.474304e+05   0.000000e+00   0.000000e+00   0.000000e+00
     3584000   3.583999e-05   5.357701e+00   1.167321e+01   9.636952e+00   1.466993e+05   6.493888e+03  -1.314812e+04   0.000000e+00   0.000000e+00   0.000000e+00   1.474304e+05   0.000000e+00   0.000000e+00   0.000000e+00
     3592000   3.591999e-05   5.369437e+00   1.167373e+01   9.635900e+00   1.466993e+05   6.493888e+03  -1.314812e+04   0.000000e+00   0.000000e+00   0.000000e+00   1.474304e+05   0.000000e+00   0.000000e+00   0.000000e+00
     3600000   3.599999e-05   5.381173e+00   1.167425e+01   9.634849e+00   1.466993e+05   6.493888e+03  -1.314812e+04   0.000000e+00   0.000000e+00   0.000000e+00   1.474304e+05   0.000000e+00   0.000000e+00   0.000000e+00
     3608000   3.607999e-05   5.392909e+00   1.167477e+01   9.633797e+00   1.466993e+05   6.493888e+03  -1.314812e+04   0.000000e+00   0.000000e+00   0.000000e+00   1.474304e+05   0.000000e+00   0.000000e+00   0.000000e+00
     3616000   3.615999e-05   5.404645e+00   1.167529e+01   9.632745e+00   1.466993e+05   6.493888e+03  -1.314812e+04   0.000000e+00   0.000000e+00   0.000000e+00   1.474304e+05   0.000000e+00   0.000000e+00   0.000000e+00
     3624000   3.623999e-05   5.416381e+00   1.167581e+01   9.631693e+00   1.466993e+05   6.493888e+03  -1.314812e+04   0.000000e+00   0.000000e+00   0.000000e+00   1.474304e+05   0.000000e+00   0.000000e+00   0.000000e+00
     3632000   3.631999e-05   5.428117e+00   1.167633e+01   9.630641e+00   1.466993e+05   6.493888e+03  -1.314812e+04   0.000000e+00   0.000000e+00   0.000000e+00   1.474304e+05   0.000000e+00   0.000000e+00   0.000000e+00
     3640000   3.639999e-05   5.439853e+00   1.167685e+01   9.629589e+00   1.466993e+05   6.493888e+03  -1.314812e+04   0.000000e+00   0.000000e+00   0.000000e+00   1.474304e+05   0.000000e+00   0.000000e+00   0.000000e+00
     3648000   3.647999e-05   5.451589e+00   1.167737e+01   9.628537e+00   1.466993e+05   6.493888e+03  -1.314812e+04   0.000000e+00   0.000000e+00   0.000000e+00   1.474304e+05   0.000000e+00   0.000000e+00   0.000000e+00
     3656000   3.655999e-05   5.463325e+00   1.167789e+01   9.627486e+00   1.466993e+05   6.493888e+03  -1.314812e+04   0.000000e+00   0.000000e+00   0.000000e+00   1.474304e+05   0.000000e+00   0.000000e+00   0.000000e+00
     3664000   3.663999e-05   5.475061e+00   1.167841e+01   9.626434e+00   1.466993e+05   6.493888e+03  -1.314812e+04   0.000000e+00   0.000000e+00   0.000000e+00   1.474304e+05   0.000000e+00   0.000000e+00   0.000000e+00
     3672000   3.671999e-05   5.486797e+00   1.167893e+01   9.625382e+00   1.466993e+05   6.493888e+03  -1.314812e+04   0.000000e+00   0.000000e+00   0.000000e+00   1.474304e+05   0.000000e+00   0.000000e+00   0.000000e+00
     3680000   3.679999e-05   5.498532e+00   1.167945e+01   9.624330e+00   1.466993e+05   6.493888e+03  -1.314812e+04   0.000000e+00   0.000000e+00   0.000000e+00   1.474304e+05   0.000000e+00   0.000000e+00   0.000000e+00
     3688000   3.687999e-05   5.510268e+00   1.167997e+01   9.623278e+00   1.466993e+05   6.493888e+03  -1.314812e+04   0.000000e+00   0.000000e+00   0.000000e+00   1.474304e+05   0.000000e+00   0.000000e+00   0.000000e+00
     3696000   3.695999e-05   5.522004e+00   1.168049e+01   9.622226e+00   1.466993e+05   6.493888e+03  -1.314812e+04   0.000000e+00   0.000000e+00   0.000000e+00   1.474304e+05   0.000000e+00   0.000000e+00   0.000000e+00
     3704000   3.703999e-05   5.533740e+00   1.168101e+01   9.621175e+00   1.466993e+05   6.493888e+03  -1.314812e+04   0.000000e+00   0.000000e+00   0.000000e+00   1.474304e+05   0.000000e+00   0.000000e+00   0.000000e+00
     3712000   3.711999e-05   5.545476e+00   1.168153e+01   9.620123e+00   1.466993e+05   6.493888e+03  -1.314812e+04   0.000000e+00   0.000000e+00   0.000000e+00   1.474304e+05   0.000000e+00   0.000000e+00   0.000000e+00
     3720000   3.719999e-05   5.557212e+00   1.168204e+01   9.619071e+00   1.466993e+05   6.493888e+03  -1.314812e+04   0.000000e+00   0.000000e+00   0.000000e+00   1.474304e+05   0.000000e+00   0.000000e+00   0.000000e+00
     3728000   3.727999e-05   5.568948e+00   1.168256e+01   9.618019e+00   1.466993e+05   6.493888e+03  -1.314812e+04   0.000000e+00   0.000000e+00   0.000000e+00   1.474304e+05   0.000000e+00   0.000000e+00   0.000000e+00
     3736000   3.735999e-05   5.580684e+00   1.168308e+01   9.616967e+00   1.466993e+05   6.493888e+03  -1.314812e+04   0.000000e+00   0.000000e+00   0.000000e+00   1.474304e+05   0.000000e+00   0.000000e+00   0.000000e+00
     3744000   3.743999e-05   5.592420e+00   1.168360e+01   9.615915e+00   1.466993e+05   6.493888e+03  -1.314812e+04   0.000000e+00   0.000000e+00   0.000000e+00   1.474304e+05   0.000000e+00   0.000000e+00   0.000000e+00
     3752000   3.751999e-05   5.604156e+00   1.168412e+01   9.614863e+00   1.466993e+05   6.493888e+03  -1.314812e+04   0.000000e+00   0.000000e+00   0.000000e+00   1.474304e+05   0.000000e+00   0.000000e+00   0.000000e+00
     3760000   3.759999e-05   5.615892e+00   1.168464e+01   9.613812e+00   1.466993e+05   6.493888e+03  -1.314812e+04   0.000000e+00   0.000000e+00   0.000000e+00   1.474304e+05   0.000000e+00   0.000000e+00   0.000000e+00
     3768000   3.767999e-05   5.627628e+00   1.168516e+01   9.612760e+00   1.466993e+05   6.493888e+03  -1.314812e+04   0.000000e+00   0.000000e+00   0.000000e+00   1.474304e+05   0.000000e+00   0.000000e+00   0.000000e+00
     3776000   3.775999e-05   5.639364e+00   1.168568e+01   9.611708e+00   1.466993e+05   6.493888e+03  -1.314812e+04   0.000000e+00   0.000000e+00   0.000000e+00   1.474304e+05   0.000000e+00   0.000000e+00   0.000000e+00
     3784000   3.783999e-05   5.651100e+00   1.168620e+01   9.610656e+00   1.466993e+05   6.493888e+03  -1.314812e+04   0.000000e+00   0.000000e+00   0.000000e+00   1.474304e+05   0.000000e+00   0.000000e+00   0.000000e+00
     3792000   3.791999e-05   5.662836e+00   1.168672e+01   9.609604e+00   1.466993e+05   6.493888e+03  -1.314812e+04   0.000000e+00   0.000000e+00   0.000000e+00   1.474304e+05   0.000000e+00   0.000000e+00   0.000000e+00
     3800000   3.799999e-05   5.674572e+00   1.168724e+01   9.608552e+00   1.466993e+05   6.493888e+03  -1.314812e+04   0.000000e+00   0.000000e+00   0.000000e+00   1.474304e+05   0.000000e+00   0.000000e+00   0.000000e+00
     3808000   3.807999e-05   5.686308e+00   1.168776e+01   9.607500e+00   1.466993e+05   6.493888e+03  -1.314812e+04   0.000000e+00   0.000000e+00   0.000000e+00   1.474304e+05   0.000000e+00   0.000000e+00   0.000000e+00
     3816000   3.815999e-05   5.698043e+00   1.168828e+01   9.606449e+00   1.466993e+05   6.493888e+03  -1.314812e+04   0.000000e+00   0.000000e+00   0.000000e+00   1.474304e+05   0.000000e+00   0.000000e+00   0.000000e+00
     3824000   3.823999e-05   5.709779e+00   1.168880e+01   9.605397e+00   1.466993e+05   6.493888e+03  -1.314812e+04   0.000000e+00   0.000000e+00   0.000000e+00   1.474304e+05   0.000000e+00   0.000000e+00   0.000000e+00
     3832000   3.831999e-05   5.721515e+00   1.168932e+01   9.604345e+00   1.466993e+05   6.493888e+03  -1.314812e+04   0.000000e+00   0.000000e+00   0.000000e+00   1.474304e+05   0.000000e+00   0.000000e+00   0.000000e+00
     3840000   3.839999e-05   5.733251e+00   1.168984e+01   9.603293e+00   1.466993e+05   6.493888e+03  -1.314812e+04   0.000000e+00   0.000000e+00   0.000000e+00   1.474304e+05   0.000000e+00   0.000000e+00   0.000000e+00
     3848000   3.847999e-05   5.744987e+00   1.169036e+01   9.602241e+00   1.466993e+05   6.493888e+03  -1.314812e+04   0.000000e+00   0.000000e+00   0.000000e+00   1.474304e+05   0.000000e+00   0.000000e+00   0.000000e+00
     3856000   3.855999e-05   5.756723e+00   1.169088e+01   9.601189e+00   1.466993e+05   6.493888e+03  -1.314812e+04   0.000000e+00   0.000000e+00   0.000000e+00   1.474304e+05   0.000000e+00   0.000000e+00   0.000000e+00
     3864000   3.863999e-05   5.768459e+00   1.169140e+01   9.600138e+00   1.466993e+05   6.493888e+03  -1.314812e+04   0.000000e+00   0.000000e+00   0.000000e+00   1.474304e+05   0.000000e+00   0.000000e+00   0.000000e+00
     3872000   3.871999e-05   5.780195e+00   1.169192e+01   9.599086e+00   1.466993e+05   6.493888e+03  -1.314812e+04   0.000000e+00   0.000000e+00   0.000000e+00   1.474304e+05   0.000000e+00   0.000000e+00   0.000000e+00
     3880000   3.879999e-05   5.791931e+00   1.169243e+01   9.598034e+00   1.466993e+05   6.493888e+03  -1.314812e+04   0.000000e+00   0.000000e+00   0.000000e+00   1.474304e+05   0.000000e+00   0.000000e+00   0.000000e+00
     3888000   3.887999e-05   5.803667e+00   1.169295e+01   9.596982e+00   1.466993e+05   6.493888e+03  -1.314812e+04   0.000000e+00   0.000000e+00   0.000000e+00   1.474304e+05   0.000000e+00   0.000000e+00   0.000000e+00
     3896000   3.895999e-05   5.815403e+00   1.169347e+01   9.595930e+00   1.466993e+05   6.493888e+03  -1.314812e+04   0.000000e+00   0.000000e+00   0.000000e+00   1.474304e+05   0.000000e+00   0.000000e+00   0.000000e+00
     3904000   3.903999e-05   5.827139e+00   1.169399e+01   9.594878e+00   1.466993e+05   6.493888e+03  -1.314812e+04   0.000000e+00   0.000000e+00   0.000000e+00   1.474304e+05   0.000000e+00   0.000000e+00   0.000000e+00
     3912000   3.911999e-05   5.838875e+00   1.169451e+01   9.593826e+00   1.466993e+05   6.493888e+03  -1.314812e+04   0.000000e+00   0.000000e+00   0.000000e+00   1.474304e+05   0.000000e+00   0.000000e+00   0.000000e+00
     3920000   3.919999e-05   5.850611e+00   1.169503e+01   9.592775e+00   1.466993e+05   6.493888e+03  -1.314812e+04   0.000000e+00   0.000000e+00   0.000000e+00   1.474304e+05   0.000000e+00   0.000000e+00   0.000000e+00
     3928000   3.927999e-05   5.862347e+00   1.169555e+01   9.591723e+00   1.466993e+05   6.493888e+03  -1.314812e+04   0.000000e+00   0.000000e+00   0.000000e+00   1.474304e+05   0.000000e+00   0.000000e+00   0.000000e+00
     3936000   3.935999e-05   5.874083e+00   1.169607e+01   9.590671e+00   1.466993e+05   6.493888e+03  -1.314812e+04   0.000000e+00   0.000000e+00   0.000000e+00   1.474304e+05   0.000000e+00   0.000000e+00   0.000000e+00
     3944000   3.943999e-05   5.885818e+00   1.169659e+01   9.589619e+00   1.466993e+05   6.493888e+03  -1.314812e+04   0.000000e+00   0.000000e+00   0.000000e+00   1.474304e+05   0.000000e+00   0.000000e+00   0.000000e+00
     3952000   3.951999e-05   5.897554e+00   1.169711e+01   9.588567e+00   1.466993e+05   6.493888e+03  -1.314812e+04   0.000000e+00   0.000000e+00   0.000000e+00   1.474304e+05   0.000000e+00   0.000000e+00   0.000000e+00
     3960000   3.959999e-05   5.909290e+00   1.169763e+01   9.587515e+00   1.466993e+05   6.493888e+03  -1.314812e+04   0.000000e+00   0.000000e+00   0.000000e+00   1.474304e+05   0.000000e+00   0.000000e+00   0.000000e+00
     3968000   3.967999e-05   5.921026e+00   1.169815e+01   9.586464e+00   1.466993e+05   6.493888e+03  -1.314812e+04   0.000000e+00   0.000000e+00   0.000000e+00   1.474304e+05   0.000000e+00   0.000000e+00   0.000000e+00
     3976000   3.975999e-05   5.932762e+00   1.169867e+01   9.585412e+00   1.466993e+05   6.493888e+03  -1.314812e+04   0.000000e+00   0.000000e+00   0.000000e+00   1.474304e+05   0.000000e+00   0.000000e+00   0.000000e+00
     3984000   3.983999e-05   5.944498e+00   1.169919e+01   9.584360e+00   1.466993e+05   6.493888e+03  -1.314812e+04   0.000000e+00   0.000000e+00   0.000000e+00   1.474304e+05   0.000000e+00   0.000000e+00   0.000000e+00
     3992000   3.991999e-05   5.956234e+00   1.169971e+01   9.583308e+00   1.466993e+05   6.493888e+03  -1.314812e+04   0.000000e+00   0.000000e+00   0.000000e+00   1.474304e+05   0.000000e+00   0.000000e+00   0.000000e+00
     4000000   3.999999e-05   5.967970e+00   1.170023e+01   9.582256e+00   1.466993e+05   6.493888e+03  -1.314812e+04   0.000000e+00   0.000000e+00   0.000000e+00   1.474304e+05   0.000000e+00   0.000000e+00   0.000000e+00
     4008000   4.007999e-05   5.979706e+00   1.170075e+01   9.581204e+00   1.466993e+05   6.493888e+03  -1.314812e+04   0.000000e+00   0.000000e+00   0.000000e+00   1.474304e+05   0.000000e+00   0.000000e+00   0.000000e+00
     4016000   4.015999e-05   5.991442e+00   1.170127e+01   9.580152e+00   1.466993e+05   6.493888e+03  -1.314812e+04   0.000000e+00   0.000000e+00   0.000000e+00   1.474304e+05   0.000000e+00   0.000000e+00   0.000000e+00
     4024000   4.023999e-05   6.003178e+00   1.170179e+01   9.579101e+00   1.466993e+05   6.493888e+03  -1.314812e+04   0.000000e+00   0.000000e+00   0.000000e+00   1.474304e+05   0.000000e+00   0.000000e+00   0.000000e+00
     4032000   4.031999e-05   6.014914e+00   1.170231e+01   9.578049e+00   1.466993e+05   6.493888e+03  -1.314812e+04   0.000000e+00   0.000000e+00   0.000000e+00   1.474304e+05   0.000000e+00   0.000000e+00   0.000000e+00
     4040000   4.039999e-05   6.026650e+00   1.170283e+01   9.576997e+00   1.466993e+05   6.493888e+03  -1.314812e+04   0.000000e+00   0.000000e+00   0.000000e+00   1.474304e+05   0.000000e+00   0.000000e+00   0.000000e+00
     4048000   4.047999e-05   6.038386e+00   1.170334e+01   9.575945e+00   1.466993e+05   6.493888e+03  -1.314812e+04   0.000000e+00   0.000000e+00   0.000000e+00   1.474304e+05   0.000000e+00   0.000000e+00   0.000000e+00
     4056000   4.055999e-05   6.050122e+00   1.170386e+01   9.574893e+00   1.466993e+05   6.493888e+03  -1.314812e+04   0.000000e+00   0.000000e+00   0.000000e+00   1.474304e+05   0.000000e+00   0.000000e+00   0.000000e+00
     4064000   4.063999e-05   6.061858e+00   1.170438e+01   9.573841e+00   1.466993e+05   6.493888e+03  -1.314812e+04   0.000000e+00   0.000000e+00   0.000000e+00   1.474304e+05   0.000000e+00   0.000000e+00   0.000000e+00
     4072000   4.071999e-05   6.073594e+00   1.170490e+01   9.572789e+00   1.466993e+05   6.493888e+03  -1.314812e+04   0.000000e+00   0.000000e+00   0.000000e+00   1.474304e+05   0.000000e+00   0.000000e+00   0.000000e+00
     4080000   4.079999e-05   6.085329e+00   1.170542e+01   9.571738e+00   1.466993e+05   6.493888e+03  -1.314812e+04   0.000000e+00   0.000000e+00   0.000000e+00   1.474304e+05   0.000000e+00   0.000000e+00   0.000000e+00
     4088000   4.087999e-05   6.097065e+00   1.170594e+01   9.570686e+00   1.466993e+05   6.493888e+03  -1.314812e+04   0.000000e+00   0.000000e+00   0.000000e+00   1.474304e+05   0.000000e+00   0.000000e+00   0.000000e+00
     4096000   4.095999e-05   6.108801e+00   1.170646e+01   9.569634e+00   1.466993e+05   6.493888e+03  -1.314812e+04   0.000000e+00   0.000000e+00   0.000000e+00   1.474304e+05   0.000000e+00   0.000000e+00   0.000000e+00
     4104000   4.103999e-05   6.120537e+00   1.170698e+01   9.568582e+00   1.466993e+05   6.493888e+03  -1.314812e+04   0.000000e+00   0.000000e+00   0.000000e+00   1.474304e+05   0.000000e+00   0.000000e+00   0.000000e+00
     4112000   4.111999e-05   6.132273e+00   1.170750e+01   9.567530e+00   1.466993e+05   6.493888e+03  -1.314812e+04   0.000000e+00   0.000000e+00   0.000000e+00   1.474304e+05   0.000000e+00   0.000000e+00   0.000000e+00
     4120000   4.119999e-05   6.144009e+00   1.170802e+01   9.566478e+00   1.466993e+05   6.493888e+03  -1.314812e+04   0.000000e+00   0.000000e+00   0.000000e+00   1.474304e+05   0.000000e+00   0.000000e+00   0.000000e+00
     4128000   4.127999e-05   6.155745e+00   1.170854e+01   9.565427e+00   1.466993e+05   6.493888e+03  -1.314812e+04   0.000000e+00   0.000000e+00   0.000000e+00   1.474304e+05   0.000000e+00   0.000000e+00   0.000000e+00
     4136000   4.135999e-05   6.167481e+00   1.170906e+01   9.564375e+00   1.466993e+05   6.493888e+03  -1.314812e+04   0.000000e+00   0.000000e+00   0.000000e+00   1.474304e+05   0.000000e+00   0.000000e+00   0.000000e+00
     4144000   4.143999e-05   6.179217e+00   1.170958e+01   9.563323e+00   1.466993e+05   6.493888e+03  -1.314812e+04   0.000000e+00   0.000000e+00   0.000000e+00   1.474304e+05   0.000000e+00   0.000000e+00   0.000000e+00
     4152000   4.151999e-05   6.190953e+00   1.171010e+01   9.562271e+00   1.466993e+05   6.493888e+03  -1.314812e+04   0.000000e+00   0.000000e+00   0.000000e+00   1.474304e+05   0.000000e+00   0.000000e+00   0.000000e+00
     4160000   4.159999e-05   6.202689e+00   1.171062e+01   9.561219e+00   1.466993e+05   6.493888e+03  -1.314812e+04   0.000000e+00   0.000000e+00   0.000000e+00   1.474304e+05   0.000000e+00   0.000000e+00   0.000000e+00
     4168000   4.167999e-05   6.214425e+00   1.171114e+01   9.560167e+00   1.466993e+05   6.493888e+03  -1.314812e+04   0.000000e+00   0.000000e+00   0.000000e+00   1.474304e+05   0.000000e+00   0.000000e+00   0.000000e+00
     4176000   4.175999e-05   6.226161e+00   1.171166e+01   9.559115e+00   1.466993e+05   6.493888e+03  -1.314812e+04   0.000000e+00   0.000000e+00   0.000000e+00   1.474304e+05   0.000000e+00   0.000000e+00   0.000000e+00
     4184000   4.183999e-05   6.237897e+00   1.171218e+01   9.558064e+00   1.466993e+05   6.493888e+03  -1.314812e+04   0.000000e+00   0.000000e+00   0.000000e+00   1.474304e+05   0.000000e+00   0.000000e+00   0.000000e+00
     4192000   4.191999e-05   6.249633e+00   1.171270e+01   9.557012e+00   1.466993e+05   6.493888e+03  -1.314812e+04   0.000000e+00   0.000000e+00   0.000000e+00   1.474304e+05   0.000000e+00   0.000000e+00   0.000000e+00
     4200000   4.199999e-05   6.261369e+00   1.171322e+01   9.555960e+00   1.466993e+05   6.493888e+03  -1.314812e+04   0.000000e+00   0.000000e+00   0.000000e+00   1.474304e+05   0.000000e+00   0.000000e+00   0.000000e+00
     4208000   4.207999e-05   6.273105e+00   1.171373e+01   9.554908e+00   1.466993e+05   6.493888e+03  -1.314812e+04   0.000000e+00   0.000000e+00   0.000000e+00   1.474304e+05   0.000000e+00   0.000000e+00   0.000000e+00
     4216000   4.215999e-05   6.284840e+00   1.171425e+01   9.553856e+00   1.466993e+05   6.493888e+03  -1.314812e+04   0.000000e+00   0.000000e+00   0.000000e+00   1.474304e+05   0.000000e+00   0.000000e+00   0.000000e+00
     4224000   4.223999e-05   6.296576e+00   1.171477e+01   9.552804e+00   1.466993e+05   6.493888e+03  -1.314812e+04   0.000000e+00   0.000000e+00   0.000000e+00   1.474304e+05   0.000000e+00   0.000000e+00   0.000000e+00
     4232000   4.231999e-05   6.308312e+00   1.171529e+01   9.551752e+00   1.466993e+05   6.493888e+03  -1.314812e+04   0.000000e+00   0.000000e+00   0.000000e+00   1.474304e+05   0.000000e+00   0.000000e+00   0.000000e+00
     4240000   4.239999e-05   6.320048e+00   1.171581e+01   9.550701e+00   1.466993e+05   6.493888e+03  -1.314812e+04   0.000000e+00   0.000000e+00   0.000000e+00   1.474304e+05   0.000000e+00   0.000000e+00   0.000000e+00
     4248000   4.247999e-05   6.331784e+00   1.171633e+01   9.549649e+00   1.466993e+05   6.493888e+03  -1.314812e+04   0.000000e+00   0.000000e+00   0.000000e+00   1.474304e+05   0.000000e+00   0.000000e+00   0.000000e+00
     4256000   4.255999e-05   6.343520e+00   1.171685e+01   9.548597e+00   1.466993e+05   6.493888e+03  -1.314812e+04   0.000000e+00   0.000000e+00   0.000000e+00   1.474304e+05   0.000000e+00   0.000000e+00   0.000000e+00
     4264000   4.263999e-05   6.355256e+00   1.171737e+01   9.547545e+00   1.466993e+05   6.493888e+03  -1.314812e+04   0.000000e+00   0.000000e+00   0.000000e+00   1.474304e+05   0.000000e+00   0.000000e+00   0.000000e+00
     4272000   4.271999e-05   6.366992e+00   1.171789e+01   9.546493e+00   1.466993e+05   6.493888e+03  -1.314812e+04   0.000000e+00   0.000000e+00   0.000000e+00   1.474304e+05   0.000000e+00   0.000000e+00   0.000000e+00
     4280000   4.279999e-05   6.378728e+00   1.171841e+01   9.545441e+00   1.466993e+05   6.493888e+03  -1.314812e+04   0.000000e+00   0.000000e+00   0.000000e+00   1.474304e+05   0.000000e+00   0.000000e+00   0.000000e+00
     4288000   4.287999e-05   6.390464e+00   1.171893e+01   9.544390e+00   1.466993e+05   6.493888e+03  -1.314812e+04   0.000000e+00   0.000000e+00   0.000000e+00   1.474304e+05   0.000000e+00   0.000000e+00   0.000000e+00
     4296000   4.295999e-05   6.402200e+00   1.171945e+01   9.543338e+00   1.466993e+05   6.493888e+03  -1.314812e+04   0.000000e+00   0.000000e+00   0.000000e+00   1.474304e+05   0.000000e+00   0.000000e+00   0.000000e+00
     4304000   4.303999e-05   6.413936e+00   1.171997e+01   9.542286e+00   1.466993e+05   6.493888e+03  -1.314812e+04   0.000000e+00   0.000000e+00   0.000000e+00   1.474304e+05   0.000000e+00   0.000000e+00   0.000000e+00
     4312000   4.311999e-05   6.425672e+00   1.172049e+01   9.541234e+00   1.466993e+05   6.493888e+03  -1.314812e+04   0.000000e+00   0.000000e+00   0.000000e+00   1.474304e+05   0.000000e+00   0.000000e+00   0.000000e+00
     4320000   4.319999e-05   6.437408e+00   1.172101e+01   9.540182e+00   1.466993e+05   6.493888e+03  -1.314812e+04   0.000000e+00   0.000000e+00   0.000000e+00   1.474304e+05   0.000000e+00   0.000000e+00   0.000000e+00
     4328000   4.327999e-05   6.449144e+00   1.172153e+01   9.539130e+00   1.466993e+05   6.493888e+03  -1.314812e+04   0.000000e+00   0.000000e+00   0.000000e+00   1.474304e+05   0.000000e+00   0.000000e+00   0.000000e+00
     4336000   4.335999e-05   6.460880e+00   1.172205e+01   9.538078e+00   1.466993e+05   6.493888e+03  -1.314812e+04   0.000000e+00   0.000000e+00   0.000000e+00   1.474304e+05   0.000000e+00   0.000000e+00   0.000000e+00
     4344000   4.343999e-05   6.472615e+00   1.172257e+01   9.537027e+00   1.466993e+05   6.493888e+03  -1.314812e+04   0.000000e+00   0.000000e+00   0.000000e+00   1.474304e+05   0.000000e+00   0.000000e+00   0.000000e+00
     4352000   4.351999e-05   6.484351e+00   1.172309e+01   9.535975e+00   1.466993e+05   6.493888e+03  -1.314812e+04   0.000000e+00   0.000000e+00   0.000000e+00   1.474304e+05   0.000000e+00   0.000000e+00   0.000000e+00
     4360000   4.359999e-05   6.496087e+00   1.172361e+01   9.534923e+00   1.466993e+05   6.493888e+03  -1.314812e+04   0.000000e+00   0.000000e+00   0.000000e+00   1.474304e+05   0.000000e+00   0.000000e+00   0.000000e+00
     4368000   4.367999e-05   6.507823e+00   1.172413e+01   9.533871e+00   1.466993e+05   6.493888e+03  -1.314812e+04   0.000000e+00   0.000000e+00   0.000000e+00   1.474304e+05   0.000000e+00   0.000000e+00   0.000000e+00
     4376000   4.375999e-05   6.519559e+00   1.172464e+01   9.532819e+00   1.466993e+05   6.493888e+03  -1.314812e+04   0.000000e+00   0.000000e+00   0.000000e+00   1.474304e+05   0.000000e+00   0.000000e+00   0.000000e+00
     4384000   4.383999e-05   6.531295e+00   1.172516e+01   9.531767e+00   1.466993e+05   6.493888e+03  -1.314812e+04   0.000000e+00   0.000000e+00   0.000000e+00   1.474304e+05   0.000000e+00   0.000000e+00   0.000000e+00
     4392000   4.391999e-05   6.543031e+00   1.172568e+01   9.530715e+00   1.466993e+05   6.493888e+03  -1.314812e+04   0.000000e+00   0.000000e+00   0.000000e+00   1.474304e+05   0.000000e+00   0.000000e+00   0.000000e+00
     4400000   4.399999e-05   6.554767e+00   1.172620e+01   9.529664e+00   1.466993e+05   6.493888e+03  -1.314812e+04   0.000000e+00   0.000000e+00   0.000000e+00   1.474304e+05   0.000000e+00   0.000000e+00   0.000000e+00
     4408000   4.407999e-05   6.566503e+00   1.172672e+01   9.528612e+00   1.466993e+05   6.493888e+03  -1.314812e+04   0.000000e+00   0.000000e+00   0.000000e+00   1.474304e+05   0.000000e+00   0.000000e+00   0.000000e+00
     4416000   4.415999e-05   6.578239e+00   1.172724e+01   9.527560e+00   1.466993e+05   6.493888e+03  -1.314812e+04   0.000000e+00   0.000000e+00   0.000000e+00   1.474304e+05   0.000000e+00   0.000000e+00   0.000000e+00
     4424000   4.423999e-05   6.589975e+00   1.172776e+01   9.526508e+00   1.466993e+05   6.493888e+03  -1.314812e+04   0.000000e+00   0.000000e+00   0.000000e+00   1.474304e+05   0.000000e+00   0.000000e+00   0.000000e+00
     4432000   4.431999e-05   6.601711e+00   1.172828e+01   9.525456e+00   1.466993e+05   6.493888e+03  -1.314812e+04   0.000000e+00   0.000000e+00   0.000000e+00   1.474304e+05   0.000000e+00   0.000000e+00   0.000000e+00
     4440000   4.439999e-05   6.613447e+00   1.172880e+01   9.524404e+00   1.466993e+05   6.493888e+03  -1.314812e+04   0.000000e+00   0.000000e+00   0.000000e+00   1.474304e+05   0.000000e+00   0.000000e+00   0.000000e+00
     4448000   4.447999e-05   6.625183e+00   1.172932e+01   9.523353e+00   1.466993e+05   6.493888e+03  -1.314812e+04   0.000000e+00   0.000000e+00   0.000000e+00   1.474304e+05   0.000000e+00   0.000000e+00   0.000000e+00
     4456000   4.455999e-05   6.636919e+00   1.172984e+01   9.522301e+00   1.466993e+05   6.493888e+03  -1.314812e+04   0.000000e+00   0.000000e+00   0.000000e+00   1.474304e+05   0.000000e+00   0.000000e+00   0.000000e+00
     4464000   4.463999e-05   6.648655e+00   1.173036e+01   9.521249e+00   1.466993e+05   6.493888e+03  -1.314812e+04   0.000000e+00   0.000000e+00   0.000000e+00   1.474304e+05   0.000000e+00   0.000000e+00   0.000000e+00
     4472000   4.471999e-05   6.660391e+00   1.173088e+01   9.520197e+00   1.466993e+05   6.493888e+03  -1.314812e+04   0.000000e+00   0.000000e+00   0.000000e+00   1.474304e+05   0.000000e+00   0.000000e+00   0.000000e+00
     4480000   4.479999e-05   6.672126e+00   1.173140e+01   9.519145e+00   1.466993e+05   6.493888e+03  -1.314812e+04   0.000000e+00   0.000000e+00   0.000000e+00   1.474304e+05   0.000000e+00   0.000000e+00   0.000000e+00
     4488000   4.487999e-05   6.683862e+00   1.173192e+01   9.518093e+00   1.466993e+05   6.493888e+03  -1.314812e+04   0.000000e+00   0.000000e+00   0.000000e+00   1.474304e+05   0.000000e+00   0.000000e+00   0.000000e+00
     4496000   4.495999e-05   6.695598e+00   1.173244e+01   9.517041e+00   1.466993e+05   6.493888e+03  -1.314812e+04   0.000000e+00   0.000000e+00   0.000000e+00   1.474304e+05   0.000000e+00   0.000000e+00   0.000000e+00
     4504000   4.503999e-05   6.707334e+00   1.173296e+01   9.515990e+00   1.466993e+05   6.493888e+03  -1.314812e+04   0.000000e+00   0.000000e+00   0.000000e+00   1.474304e+05   0.000000e+00   0.000000e+00   0.000000e+00
     4512000   4.511999e-05   6.719070e+00   1.173348e+01   9.514938e+00   1.466993e+05   6.493888e+03  -1.314812e+04   0.000000e+00   0.000000e+00   0.000000e+00   1.474304e+05   0.000000e+00   0.000000e+00   0.000000e+00
     4520000   4.519999e-05   6.730806e+00   1.173400e+01   9.513886e+00   1.466993e+05   6.493888e+03  -1.314812e+04   0.000000e+00   0.000000e+00   0.000000e+00   1.474304e+05   0.000000e+00   0.000000e+00   0.000000e+00
     4528000   4.527999e-05   6.742542e+00   1.173452e+01   9.512834e+00   1.466993e+05   6.493888e+03  -1.314812e+04   0.000000e+00   0.000000e+00   0.000000e+00   1.474304e+05   0.000000e+00   0.000000e+00   0.000000e+00
     4536000   4.535999e-05   6.754278e+00   1.173503e+01   9.511782e+00   1.466993e+05   6.493888e+03  -1.314812e+04   0.000000e+00   0.000000e+00   0.000000e+00   1.474304e+05   0.000000e+00   0.000000e+00   0.000000e+00
     4544000   4.543999e-05   6.766014e+00   1.173555e+01   9.510730e+00   1.466993e+05   6.493888e+03  -1.314812e+04   0.000000e+00   0.000000e+00   0.000000e+00   1.474304e+05   0.000000e+00   0.000000e+00   0.000000e+00
     4552000   4.551999e-05   6.777750e+00   1.173607e+01   9.509678e+00   1.466993e+05   6.493888e+03  -1.314812e+04   0.000000e+00   0.000000e+00   0.000000e+00   1.474304e+05   0.000000e+00   0.000000e+00   0.000000e+00
     4560000   4.559999e-05   6.789486e+00   1.173659e+01   9.508627e+00   1.466993e+05   6.493888e+03  -1.314812e+04   0.000000e+00   0.000000e+00   0.000000e+00   1.474304e+05   0.000000e+00   0.000000e+00   0.000000e+00
     4568000   4.567999e-05   6.801222e+00   1.173711e+01   9.507575e+00   1.466993e+05   6.493888e+03  -1.314812e+04   0.000000e+00   0.000000e+00   0.000000e+00   1.474304e+05   0.000000e+00   0.000000e+00   0.000000e+00
     4576000   4.575999e-05   6.812958e+00   1.173763e+01   9.506523e+00   1.466993e+05   6.493888e+03  -1.314812e+04   0.000000e+00   0.000000e+00   0.000000e+00   1.474304e+05   0.000000e+00   0.000000e+00   0.000000e+00
     4584000   4.583999e-05   6.824694e+00   1.173815e+01   9.505471e+00   1.466993e+05   6.493888e+03  -1.314812e+04   0.000000e+00   0.000000e+00   0.000000e+00   1.474304e+05   0.000000e+00   0.000000e+00   0.000000e+00
     4592000   4.591999e-05   6.836430e+00   1.173867e+01   9.504419e+00   1.466993e+05   6.493888e+03  -1.314812e+04   0.000000e+00   0.000000e+00   0.000000e+00   1.474304e+05   0.000000e+00   0.000000e+00   0.000000e+00
     4600000   4.599999e-05   6.848166e+00   1.173919e+01   9.503367e+00   1.466993e+05   6.493888e+03  -1.314812e+04   0.000000e+00   0.000000e+00   0.000000e+00   1.474304e+05   0.000000e+00   0.000000e+00   0.000000e+00
     4608000   4.607999e-05   6.859902e+00   1.173971e+01   9.502316e+00   1.466993e+05   6.493888e+03  -1.314812e+04   0.000000e+00   0.000000e+00   0.000000e+00   1.474304e+05   0.000000e+00   0.000000e+00   0.000000e+00
     4616000   4.615999e-05   6.871637e+00   1.174023e+01   9.501264e+00   1.466993e+05   6.493888e+03  -1.314812e+04   0.000000e+00   0.000000e+00   0.000000e+00   1.474304e+05   0.000000e+00   0.000000e+00   0.000000e+00
     4624000   4.623999e-05   6.883373e+00   1.174075e+01   9.500212e+00   1.466993e+05   6.493888e+03  -1.314812e+04   0.000000e+00   0.000000e+00   0.000000e+00   1.474304e+05   0.000000e+00   0.000000e+00   0.000000e+00
     4632000   4.631999e-05   6.895109e+00   1.174127e+01   9.499160e+00   1.466993e+05   6.493888e+03  -1.314812e+04   0.000000e+00   0.000000e+00   0.000000e+00   1.474304e+05   0.000000e+00   0.000000e+00   0.000000e+00
     4640000   4.639999e-05   6.906845e+00   1.174179e+01   9.498108e+00   1.466993e+05   6.493888e+03  -1.314812e+04   0.000000e+00   0.000000e+00   0.000000e+00   1.474304e+05   0.000000e+00   0.000000e+00   0.000000e+00
     4648000   4.647999e-05   6.918581e+00   1.174231e+01   9.497056e+00   1.466993e+05   6.493888e+03  -1.314812e+04   0.000000e+00   0.000000e+00   0.000000e+00   1.474304e+05   0.000000e+00   0.000000e+00   0.000000e+00
     4656000   4.655999e-05   6.930317e+00   1.174283e+01   9.496004e+00   1.466993e+05   6.493888e+03  -1.314812e+04   0.000000e+00   0.000000e+00   0.000000e+00   1.474304e+05   0.000000e+00   0.000000e+00   0.000000e+00
     4664000   4.663999e-05   6.942053e+00   1.174335e+01   9.494953e+00   1.466993e+05   6.493888e+03  -1.314812e+04   0.000000e+00   0.000000e+00   0.000000e+00   1.474304e+05   0.000000e+00   0.000000e+00   0.000000e+00
     4672000   4.671999e-05   6.953789e+00   1.174387e+01   9.493901e+00   1.466993e+05   6.493888e+03  -1.314812e+04   0.000000e+00   0.000000e+00   0.000000e+00   1.474304e+05   0.000000e+00   0.000000e+00   0.000000e+00
     4680000   4.679999e-05   6.965525e+00   1.174439e+01   9.492849e+00   1.466993e+05   6.493888e+03  -1.314812e+04   0.000000e+00   0.000000e+00   0.000000e+00   1.474304e+05   0.000000e+00   0.000000e+00   0.000000e+00
     4688000   4.687999e-05   6.977261e+00   1.174491e+01   9.491797e+00   1.466993e+05   6.493888e+03  -1.314812e+04   0.000000e+00   0.000000e+00   0.000000e+00   1.474304e+05   0.000000e+00   0.000000e+00   0.000000e+00
     4696000   4.695999e-05   6.988997e+00   1.174542e+01   9.490745e+00   1.466993e+05   6.493888e+03  -1.314812e+04   0.000000e+00   0.000000e+00   0.000000e+00   1.474304e+05   0.000000e+00   0.000000e+00   0.000000e+00
     4704000   4.703999e-05   7.000733e+00   1.174594e+01   9.489693e+00   1.466993e+05   6.493888e+03  -1.314812e+04   0.000000e+00   0.000000e+00   0.000000e+00   1.474304e+05   0.000000e+00   0.000000e+00   0.000000e+00
     4712000   4.711999e-05   7.012469e+00   1.174646e+01   9.488641e+00   1.466993e+05   6.493888e+03  -1.314812e+04   0.000000e+00   0.000000e+00   0.000000e+00   1.474304e+05   0.000000e+00   0.000000e+00   0.000000e+00
     4720000   4.719999e-05   7.024205e+00   1.174698e+01   9.487590e+00   1.466993e+05   6.493888e+03  -1.314812e+04   0.000000e+00   0.000000e+00   0.000000e+00   1.474304e+05   0.000000e+00   0.000000e+00   0.000000e+00
     4728000   4.727999e-05   7.035941e+00   1.174750e+01   9.486538e+00   1.466993e+05   6.493888e+03  -1.314812e+04   0.000000e+00   0.000000e+00   0.000000e+00   1.474304e+05   0.000000e+00   0.000000e+00   0.000000e+00
     4736000   4.735999e-05   7.047677e+00   1.174802e+01   9.485486e+00   1.466993e+05   6.493888e+03  -1.314812e+04   0.000000e+00   0.000000e+00   0.000000e+00   1.474304e+05   0.000000e+00   0.000000e+00   0.000000e+00
     4744000   4.743999e-05   7.059413e+00   1.174854e+01   9.484434e+00   1.466993e+05   6.493888e+03  -1.314812e+04   0.000000e+00   0.000000e+00   0.000000e+00   1.474304e+05   0.000000e+00   0.000000e+00   0.000000e+00
     4752000   4.751999e-05   7.071148e+00   1.174906e+01   9.483382e+00   1.466993e+05   6.493888e+03  -1.314812e+04   0.000000e+00   0.000000e+00   0.000000e+00   1.474304e+05   0.000000e+00   0.000000e+00   0.000000e+00
     4760000   4.759999e-05   7.082884e+00   1.174958e+01   9.482330e+00   1.466993e+05   6.493888e+03  -1.314812e+04   0.000000e+00   0.000000e+00   0.000000e+00   1.474304e+05   0.000000e+00   0.000000e+00   0.000000e+00
     4768000   4.767999e-05   7.094620e+00   1.175010e+01   9.481279e+00   1.466993e+05   6.493888e+03  -1.314812e+04   0.000000e+00   0.000000e+00   0.000000e+00   1.474304e+05   0.000000e+00   0.000000e+00   0.000000e+00
     4776000   4.775999e-05   7.106356e+00   1.175062e+01   9.480227e+00   1.466993e+05   6.493888e+03  -1.314812e+04   0.000000e+00   0.000000e+00   0.000000e+00   1.474304e+05   0.000000e+00   0.000000e+00   0.000000e+00
     4784000   4.783999e-05   7.118092e+00   1.175114e+01   9.479175e+00   1.466993e+05   6.493888e+03  -1.314812e+04   0.000000e+00   0.000000e+00   0.000000e+00   1.474304e+05   0.000000e+00   0.000000e+00   0.000000e+00
     4792000   4.791999e-05   7.129828e+00   1.175166e+01   9.478123e+00   1.466993e+05   6.493888e+03  -1.314812e+04   0.000000e+00   0.000000e+00   0.000000e+00   1.474304e+05   0.000000e+00   0.000000e+00   0.000000e+00
     4800000   4.799999e-05   7.141564e+00   1.175218e+01   9.477071e+00   1.466993e+05   6.493888e+03  -1.314812e+04   0.000000e+00   0.000000e+00   0.000000e+00   1.474304e+05   0.000000e+00   0.000000e+00   0.000000e+00
     4808000   4.807999e-05   7.153300e+00   1.175270e+01   9.476019e+00   1.466993e+05   6.493888e+03  -1.314812e+04   0.000000e+00   0.000000e+00   0.000000e+00   1.474304e+05   0.000000e+00   0.000000e+00   0.000000e+00
     4816000   4.815999e-05   7.165036e+00   1.175322e+01   9.474967e+00   1.466993e+05   6.493888e+03  -1.314812e+04   0.000000e+00   0.000000e+00   0.000000e+00   1.474304e+05   0.000000e+00   0.000000e+00   0.000000e+00
     4824000   4.823999e-05   7.176772e+00   1.175374e+01   9.473916e+00   1.466993e+05   6.493888e+03  -1.314812e+04   0.000000e+00   0.000000e+00   0.000000e+00   1.474304e+05   0.000000e+00   0.000000e+00   0.000000e+00
     4832000   4.831999e-05   7.188508e+00   1.175426e+01   9.472864e+00   1.466993e+05   6.493888e+03  -1.314812e+04   0.000000e+00   0.000000e+00   0.000000e+00   1.474304e+05   0.000000e+00   0.000000e+00   0.000000e+00
     4840000   4.839999e-05   7.200244e+00   1.175478e+01   9.471812e+00   1.466993e+05   6.493888e+03  -1.314812e+04   0.000000e+00   0.000000e+00   0.000000e+00   1.474304e+05   0.000000e+00   0.000000e+00   0.000000e+00
     4848000   4.847999e-05   7.211980e+00   1.175530e+01   9.470760e+00   1.466993e+05   6.493888e+03  -1.314812e+04   0.000000e+00   0.000000e+00   0.000000e+00   1.474304e+05   0.000000e+00   0.000000e+00   0.000000e+00
     4856000   4.855999e-05   7.223716e+00   1.175582e+01   9.469708e+00   1.466993e+05   6.493888e+03  -1.314812e+04   0.000000e+00   0.000000e+00   0.000000e+00   1.474304e+05   0.000000e+00   0.000000e+00   0.000000e+00
     4864000   4.863999e-05   7.235452e+00   1.175633e+01   9.468656e+00   1.466993e+05   6.493888e+03  -1.314812e+04   0.000000e+00   0.000000e+00   0.000000e+00   1.474304e+05   0.000000e+00   0.000000e+00   0.000000e+00
     4872000   4.871999e-05   7.247188e+00   1.175685e+01   9.467604e+00   1.466993e+05   6.493888e+03  -1.314812e+04   0.000000e+00   0.000000e+00   0.000000e+00   1.474304e+05   0.000000e+00   0.000000e+00   0.000000e+00
     4880000   4.879999e-05   7.258923e+00   1.175737e+01   9.466553e+00   1.466993e+05   6.493888e+03  -1.314812e+04   0.000000e+00   0.000000e+00   0.000000e+00   1.474304e+05   0.000000e+00   0.000000e+00   0.000000e+00
     4888000   4.887999e-05   7.270659e+00   1.175789e+01   9.465501e+00   1.466993e+05   6.493888e+03  -1.314812e+04   0.000000e+00   0.000000e+00   0.000000e+00   1.474304e+05   0.000000e+00   0.000000e+00   0.000000e+00
     4896000   4.895999e-05   7.282395e+00   1.175841e+01   9.464449e+00   1.466993e+05   6.493888e+03  -1.314812e+04   0.000000e+00   0.000000e+00   0.000000e+00   1.474304e+05   0.000000e+00   0.000000e+00   0.000000e+00
     4904000   4.903999e-05   7.294131e+00   1.175893e+01   9.463397e+00   1.466993e+05   6.493888e+03  -1.314812e+04   0.000000e+00   0.000000e+00   0.000000e+00   1.474304e+05   0.000000e+00   0.000000e+00   0.000000e+00
     4912000   4.911999e-05   7.305867e+00   1.175945e+01   9.462345e+00   1.466993e+05   6.493888e+03  -1.314812e+04   0.000000e+00   0.000000e+00   0.000000e+00   1.474304e+05   0.000000e+00   0.000000e+00   0.000000e+00
     4920000   4.919999e-05   7.317603e+00   1.175997e+01   9.461293e+00   1.466993e+05   6.493888e+03  -1.314812e+04   0.000000e+00   0.000000e+00   0.000000e+00   1.474304e+05   0.000000e+00   0.000000e+00   0.000000e+00
     4928000   4.927999e-05   7.329339e+00   1.176049e+01   9.460242e+00   1.466993e+05   6.493888e+03  -1.314812e+04   0.000000e+00   0.000000e+00   0.000000e+00   1.474304e+05   0.000000e+00   0.000000e+00   0.000000e+00
     4936000   4.935999e-05   7.341075e+00   1.176101e+01   9.459190e+00   1.466993e+05   6.493888e+03  -1.314812e+04   0.000000e+00   0.000000e+00   0.000000e+00   1.474304e+05   0.000000e+00   0.000000e+00   0.000000e+00
     4944000   4.943999e-05   7.352811e+00   1.176153e+01   9.458138e+00   1.466993e+05   6.493888e+03  -1.314812e+04   0.000000e+00   0.000000e+00   0.000000e+00   1.474304e+05   0.000000e+00   0.000000e+00   0.000000e+00
     4952000   4.951999e-05   7.364547e+00   1.176205e+01   9.457086e+00   1.466993e+05   6.493888e+03  -1.314812e+04   0.000000e+00   0.000000e+00   0.000000e+00   1.474304e+05   0.000000e+00   0.000000e+00   0.000000e+00
     4960000   4.959999e-05   7.376283e+00   1.176257e+01   9.456034e+00   1.466993e+05   6.493888e+03  -1.314812e+04   0.000000e+00   0.000000e+00   0.000000e+00   1.474304e+05   0.000000e+00   0.000000e+00   0.000000e+00
     4968000   4.967999e-05   7.388019e+00   1.176309e+01   9.454982e+00   1.466993e+05   6.493888e+03  -1.314812e+04   0.000000e+00   0.000000e+00   0.000000e+00   1.474304e+05   0.000000e+00   0.000000e+00   0.000000e+00
     4976000   4.975999e-05   7.399755e+00   1.176361e+01   9.453930e+00   1.466993e+05   6.493888e+03  -1.314812e+04   0.000000e+00   0.000000e+00   0.000000e+00   1.474304e+05   0.000000e+00   0.000000e+00   0.000000e+00
     4984000   4.983999e-05   7.411491e+00   1.176413e+01   9.452879e+00   1.466993e+05   6.493888e+03  -1.314812e+04   0.000000e+00   0.000000e+00   0.000000e+00   1.474304e+05   0.000000e+00   0.000000e+00   0.000000e+00
     4992000   4.991999e-05   7.423227e+00   1.176465e+01   9.451827e+00   1.466993e+05   6.493888e+03  -1.314812e+04   0.000000e+00   0.000000e+00   0.000000e+00   1.474304e+05   0.000000e+00   0.000000e+00   0.000000e+00
     5000000   4.999999e-05   7.434963e+00   1.176517e+01   9.450775e+00   1.466993e+05   6.493888e+03  -1.314812e+04   0.000000e+00   0.000000e+00   0.000000e+00   1.474304e+05   0.000000e+00   0.000000e+00   0.000000e+00
     5008000   5.007999e-05   7.446699e+00   1.176569e+01   9.449723e+00   1.466993e+05   6.493888e+03  -1.314812e+04   0.000000e+00   0.000000e+00   0.000000e+00   1.474304e+05   0.000000e+00   0.000000e+00   0.000000e+00
     5016000   5.015999e-05   7.458434e+00   1.176621e+01   9.448671e+00   1.466993e+05   6.493888e+03  -1.314812e+04   0.000000e+00   0.000000e+00   0.000000e+00   1.474304e+05   0.000000e+00   0.000000e+00   0.000000e+00
     5024000   5.023999e-05   7.470170e+00   1.176672e+01   9.447619e+00   1.466993e+05   6.493888e+03  -1.314812e+04   0.000000e+00   0.000000e+00   0.000000e+00   1.474304e+05   0.000000e+00   0.000000e+00   0.000000e+00
     5032000   5.031999e-05   7.481906e+00   1.176724e+01   9.446567e+00   1.466993e+05   6.493888e+03  -1.314812e+04   0.000000e+00   0.000000e+00   0.000000e+00   1.474304e+05   0.000000e+00   0.000000e+00   0.000000e+00
     5040000   5.039999e-05   7.493642e+00   1.176776e+01   9.445516e+00   1.466993e+05   6.493888e+03  -1.314812e+04   0.000000e+00   0.000000e+00   0.000000e+00   1.474304e+05   0.000000e+00   0.000000e+00   0.000000e+00
     5048000   5.047999e-05   7.505378e+00   1.176828e+01   9.444464e+00   1.466993e+05   6.493888e+03  -1.314812e+04   0.000000e+00   0.000000e+00   0.000000e+00   1.474304e+05   0.000000e+00   0.000000e+00   0.000000e+00
     5056000   5.055999e-05   7.517114e+00   1.176880e+01   9.443412e+00   1.466993e+05   6.493888e+03  -1.314812e+04   0.000000e+00   0.000000e+00   0.000000e+00   1.474304e+05   0.000000e+00   0.000000e+00   0.000000e+00
     5064000   5.063999e-05   7.528850e+00   1.176932e+01   9.442360e+00   1.466993e+05   6.493888e+03  -1.314812e+04   0.000000e+00   0.000000e+00   0.000000e+00   1.474304e+05   0.000000e+00   0.000000e+00   0.000000e+00
     5072000   5.071999e-05   7.540586e+00   1.176984e+01   9.441308e+00   1.466993e+05   6.493888e+03  -1.314812e+04   0.000000e+00   0.000000e+00   0.000000e+00   1.474304e+05   0.000000e+00   0.000000e+00   0.000000e+00
     5080000   5.079999e-05   7.552322e+00   1.177036e+01   9.440256e+00   1.466993e+05   6.493888e+03  -1.314812e+04   0.000000e+00   0.000000e+00   0.000000e+00   1.474304e+05   0.000000e+00   0.000000e+00   0.000000e+00
     5088000   5.087999e-05   7.564058e+00   1.177088e+01   9.439205e+00   1.466993e+05   6.493888e+03  -1.314812e+04   0.000000e+00   0.000000e+00   0.000000e+00   1.474304e+05   0.000000e+00   0.000000e+00   0.000000e+00
     5096000   5.095999e-05   7.575794e+00   1.177140e+01   9.438153e+00   1.466993e+05   6.493888e+03  -1.314812e+04   0.000000e+00   0.000000e+00   0.000000e+00   1.474304e+05   0.000000e+00   0.000000e+00   0.000000e+00
     5104000   5.103999e-05   7.587530e+00   1.177192e+01   9.437101e+00   1.466993e+05   6.493888e+03  -1.314812e+04   0.000000e+00   0.000000e+00   0.000000e+00   1.474304e+05   0.000000e+00   0.000000e+00   0.000000e+00
     5112000   5.111999e-05   7.599266e+00   1.177244e+01   9.436049e+00   1.466993e+05   6.493888e+03  -1.314812e+04   0.000000e+00   0.000000e+00   0.000000e+00   1.474304e+05   0.000000e+00   0.000000e+00   0.000000e+00
     5120000   5.119999e-05   7.611002e+00   1.177296e+01   9.434997e+00   1.466993e+05   6.493888e+03  -1.314812e+04   0.000000e+00   0.000000e+00   0.000000e+00   1.474304e+05   0.000000e+00   0.000000e+00   0.000000e+00
     5128000   5.127999e-05   7.622738e+00   1.177348e+01   9.433945e+00   1.466993e+05   6.493888e+03  -1.314812e+04   0.000000e+00   0.000000e+00   0.000000e+00   1.474304e+05   0.000000e+00   0.000000e+00   0.000000e+00
     5136000   5.135999e-05   7.634474e+00   1.177400e+01   9.432893e+00   1.466993e+05   6.493888e+03  -1.314812e+04   0.000000e+00   0.000000e+00   0.000000e+00   1.474304e+05   0.000000e+00   0.000000e+00   0.000000e+00
     5144000   5.143999e-05   7.646210e+00   1.177452e+01   9.431842e+00   1.466993e+05   6.493888e+03  -1.314812e+04   0.000000e+00   0.000000e+00   0.000000e+00   1.474304e+05   0.000000e+00   0.000000e+00   0.000000e+00
     5152000   5.151999e-05   7.657945e+00   1.177504e+01   9.430790e+00   1.466993e+05   6.493888e+03  -1.314812e+04   0.000000e+00   0.000000e+00   0.000000e+00   1.474304e+05   0.000000e+00   0.000000e+00   0.000000e+00
     5160000   5.159999e-05   7.669681e+00   1.177556e+01   9.429738e+00   1.466993e+05   6.493888e+03  -1.314812e+04   0.000000e+00   0.000000e+00   0.000000e+00   1.474304e+05   0.000000e+00   0.000000e+00   0.000000e+00
     5168000   5.167999e-05   7.681417e+00   1.177608e+01   9.428686e+00   1.466993e+05   6.493888e+03  -1.314812e+04   0.000000e+00   0.000000e+00   0.000000e+00   1.474304e+05   0.000000e+00   0.000000e+00   0.000000e+00
     5176000   5.175999e-05   7.693153e+00   1.177660e+01   9.427634e+00   1.466993e+05   6.493888e+03  -1.314812e+04   0.000000e+00   0.000000e+00   0.000000e+00   1.474304e+05   0.000000e+00   0.000000e+00   0.000000e+00
     5184000   5.183999e-05   7.704889e+00   1.177712e+01   9.426582e+00   1.466993e+05   6.493888e+03  -1.314812e+04   0.000000e+00   0.000000e+00   0.000000e+00   1.474304e+05   0.000000e+00   0.000000e+00   0.000000e+00
     5192000   5.191999e-05   7.716625e+00   1.177763e+01   9.425530e+00   1.466993e+05   6.493888e+03  -1.314812e+04   0.000000e+00   0.000000e+00   0.000000e+00   1.474304e+05   0.000000e+00   0.000000e+00   0.000000e+00
     5200000   5.199999e-05   7.728361e+00   1.177815e+01   9.424479e+00   1.466993e+05   6.493888e+03  -1.314812e+04   0.000000e+00   0.000000e+00   0.000000e+00   1.474304e+05   0.000000e+00   0.000000e+00   0.000000e+00
     5208000   5.207999e-05   7.740097e+00   1.177867e+01   9.423427e+00   1.466993e+05   6.493888e+03  -1.314812e+04   0.000000e+00   0.000000e+00   0.000000e+00   1.474304e+05   0.000000e+00   0.000000e+00   0.000000e+00
     5216000   5.215999e-05   7.751833e+00   1.177919e+01   9.422375e+00   1.466993e+05   6.493888e+03  -1.314812e+04   0.000000e+00   0.000000e+00   0.000000e+00   1.474304e+05   0.000000e+00   0.000000e+00   0.000000e+00
     5224000   5.223999e-05   7.763569e+00   1.177971e+01   9.421323e+00   1.466993e+05   6.493888e+03  -1.314812e+04   0.000000e+00   0.000000e+00   0.000000e+00   1.474304e+05   0.000000e+00   0.000000e+00   0.000000e+00
     5232000   5.231999e-05   7.775305e+00   1.178023e+01   9.420271e+00   1.466993e+05   6.493888e+03  -1.314812e+04   0.000000e+00   0.000000e+00   0.000000e+00   1.474304e+05   0.000000e+00   0.000000e+00   0.000000e+00
     5240000   5.239999e-05   7.787041e+00   1.178075e+01   9.419219e+00   1.466993e+05   6.493888e+03  -1.314812e+04   0.000000e+00   0.000000e+00   0.000000e+00   1.474304e+05   0.000000e+00   0.000000e+00   0.000000e+00
     5248000   5.247999e-05   7.798777e+00   1.178127e+01   9.418168e+00   1.466993e+05   6.493888e+03  -1.314812e+04   0.000000e+00   0.000000e+00   0.000000e+00   1.474304e+05   0.000000e+00   0.000000e+00   0.000000e+00
     5256000   5.255999e-05   7.810513e+00   1.178179e+01   9.417116e+00   1.466993e+05   6.493888e+03  -1.314812e+04   0.000000e+00   0.000000e+00   0.000000e+00   1.474304e+05   0.000000e+00   0.000000e+00   0.000000e+00
     5264000   5.263999e-05   7.822249e+00   1.178231e+01   9.416064e+00   1.466993e+05   6.493888e+03  -1.314812e+04   0.000000e+00   0.000000e+00   0.000000e+00   1.474304e+05   0.000000e+00   0.000000e+00   0.000000e+00
     5272000   5.271999e-05   7.833985e+00   1.178283e+01   9.415012e+00   1.466993e+05   6.493888e+03  -1.314812e+04   0.000000e+00   0.000000e+00   0.000000e+00   1.474304e+05   0.000000e+00   0.000000e+00   0.000000e+00
     5280000   5.279999e-05   7.845720e+00   1.178335e+01   9.413960e+00   1.466993e+05   6.493888e+03  -1.314812e+04   0.000000e+00   0.000000e+00   0.000000e+00   1.474304e+05   0.000000e+00   0.000000e+00   0.000000e+00
     5288000   5.287999e-05   7.857456e+00   1.178387e+01   9.412908e+00   1.466993e+05   6.493888e+03  -1.314812e+04   0.000000e+00   0.000000e+00   0.000000e+00   1.474304e+05   0.000000e+00   0.000000e+00   0.000000e+00
     5296000   5.295999e-05   7.869192e+00   1.178439e+01   9.411856e+00   1.466993e+05   6.493888e+03  -1.314812e+04   0.000000e+00   0.000000e+00   0.000000e+00   1.474304e+05   0.000000e+00   0.000000e+00   0.000000e+00
     5304000   5.303999e-05   7.880928e+00   1.178491e+01   9.410805e+00   1.466993e+05   6.493888e+03  -1.314812e+04   0.000000e+00   0.000000e+00   0.000000e+00   1.474304e+05   0.000000e+00   0.000000e+00   0.000000e+00
     5312000   5.311999e-05   7.892664e+00   1.178543e+01   9.409753e+00   1.466993e+05   6.493888e+03  -1.314812e+04   0.000000e+00   0.000000e+00   0.000000e+00   1.474304e+05   0.000000e+00   0.000000e+00   0.000000e+00
     5320000   5.319999e-05   7.904400e+00   1.178595e+01   9.408701e+00   1.466993e+05   6.493888e+03  -1.314812e+04   0.000000e+00   0.000000e+00   0.000000e+00   1.474304e+05   0.000000e+00   0.000000e+00   0.000000e+00
     5328000   5.327999e-05   7.916136e+00   1.178647e+01   9.407649e+00   1.466993e+05   6.493888e+03  -1.314812e+04   0.000000e+00   0.000000e+00   0.000000e+00   1.474304e+05   0.000000e+00   0.000000e+00   0.000000e+00
     5336000   5.335999e-05   7.927872e+00   1.178699e+01   9.406597e+00   1.466993e+05   6.493888e+03  -1.314812e+04   0.000000e+00   0.000000e+00   0.000000e+00   1.474304e+05   0.000000e+00   0.000000e+00   0.000000e+00
     5344000   5.343999e-05   7.939608e+00   1.178751e+01   9.405545e+00   1.466993e+05   6.493888e+03  -1.314812e+04   0.000000e+00   0.000000e+00   0.000000e+00   1.474304e+05   0.000000e+00   0.000000e+00   0.000000e+00
     5352000   5.351999e-05   7.951344e+00   1.178802e+01   9.404493e+00   1.466993e+05   6.493888e+03  -1.314812e+04   0.000000e+00   0.000000e+00   0.000000e+00   1.474304e+05   0.000000e+00   0.000000e+00   0.000000e+00
     5360000   5.359999e-05   7.963080e+00   1.178854e+01   9.403442e+00   1.466993e+05   6.493888e+03  -1.314812e+04   0.000000e+00   0.000000e+00   0.000000e+00   1.474304e+05   0.000000e+00   0.000000e+00   0.000000e+00
     5368000   5.367999e-05   7.974816e+00   1.178906e+01   9.402390e+00   1.466993e+05   6.493888e+03  -1.314812e+04   0.000000e+00   0.000000e+00   0.000000e+00   1.474304e+05   0.000000e+00   0.000000e+00   0.000000e+00
     5376000   5.375999e-05   7.986552e+00   1.178958e+01   9.401338e+00   1.466993e+05   6.493888e+03  -1.314812e+04   0.000000e+00   0.000000e+00   0.000000e+00   1.474304e+05   0.000000e+00   0.000000e+00   0.000000e+00
     5384000   5.383999e-05   7.998288e+00   1.179010e+01   9.400286e+00   1.466993e+05   6.493888e+03  -1.314812e+04   0.000000e+00   0.000000e+00   0.000000e+00   1.474304e+05   0.000000e+00   0.000000e+00   0.000000e+00
     5392000   5.391999e-05   8.010024e+00   1.179062e+01   9.399234e+00   1.466993e+05   6.493888e+03  -1.314812e+04   0.000000e+00   0.000000e+00   0.000000e+00   1.474304e+05   0.000000e+00   0.000000e+00   0.000000e+00
     5400000   5.399999e-05   8.021760e+00   1.179114e+01   9.398182e+00   1.466993e+05   6.493888e+03  -1.314812e+04   0.000000e+00   0.000000e+00   0.000000e+00   1.474304e+05   0.000000e+00   0.000000e+00   0.000000e+00
     5408000   5.407999e-05   8.033496e+00   1.179166e+01   9.397131e+00   1.466993e+05   6.493888e+03  -1.314812e+04   0.000000e+00   0.000000e+00   0.000000e+00   1.474304e+05   0.000000e+00   0.000000e+00   0.000000e+00
     5416000   5.415999e-05   8.045231e+00   1.179218e+01   9.396079e+00   1.466993e+05   6.493888e+03  -1.314812e+04   0.000000e+00   0.000000e+00   0.000000e+00   1.474304e+05   0.000000e+00   0.000000e+00   0.000000e+00
     5424000   5.423999e-05   8.056967e+00   1.179270e+01   9.395027e+00   1.466993e+05   6.493888e+03  -1.314812e+04   0.000000e+00   0.000000e+00   0.000000e+00   1.474304e+05   0.000000e+00   0.000000e+00   0.000000e+00
     5432000   5.431999e-05   8.068703e+00   1.179322e+01   9.393975e+00   1.466993e+05   6.493888e+03  -1.314812e+04   0.000000e+00   0.000000e+00   0.000000e+00   1.474304e+05   0.000000e+00   0.000000e+00   0.000000e+00
     5440000   5.439999e-05   8.080439e+00   1.179374e+01   9.392923e+00   1.466993e+05   6.493888e+03  -1.314812e+04   0.000000e+00   0.000000e+00   0.000000e+00   1.474304e+05   0.000000e+00   0.000000e+00   0.000000e+00
     5448000   5.447999e-05   8.092175e+00   1.179426e+01   9.391871e+00   1.466993e+05   6.493888e+03  -1.314812e+04   0.000000e+00   0.000000e+00   0.000000e+00   1.474304e+05   0.000000e+00   0.000000e+00   0.000000e+00
     5456000   5.455999e-05   8.103911e+00   1.179478e+01   9.390819e+00   1.466993e+05   6.493888e+03  -1.314812e+04   0.000000e+00   0.000000e+00   0.000000e+00   1.474304e+05   0.000000e+00   0.000000e+00   0.000000e+00
     5464000   5.463999e-05   8.115647e+00   1.179530e+01   9.389768e+00   1.466993e+05   6.493888e+03  -1.314812e+04   0.000000e+00   0.000000e+00   0.000000e+00   1.474304e+05   0.000000e+00   0.000000e+00   0.000000e+00
     5472000   5.471999e-05   8.127383e+00   1.179582e+01   9.388716e+00   1.466993e+05   6.493888e+03  -1.314812e+04   0.000000e+00   0.000000e+00   0.000000e+00   1.474304e+05   0.000000e+00   0.000000e+00   0.000000e+00
     5480000   5.479999e-05   8.139119e+00   1.179634e+01   9.387664e+00   1.466993e+05   6.493888e+03  -1.314812e+04   0.000000e+00   0.000000e+00   0.000000e+00   1.474304e+05   0.000000e+00   0.000000e+00   0.000000e+00
     5488000   5.487999e-05   8.150855e+00   1.179686e+01   9.386612e+00   1.466993e+05   6.493888e+03  -1.314812e+04   0.000000e+00   0.000000e+00   0.000000e+00   1.474304e+05   0.000000e+00   0.000000e+00   0.000000e+00
     5496000   5.495999e-05   8.162591e+00   1.179738e+01   9.385560e+00   1.466993e+05   6.493888e+03  -1.314812e+04   0.000000e+00   0.000000e+00   0.000000e+00   1.474304e+05   0.000000e+00   0.000000e+00   0.000000e+00
     5504000   5.503999e-05   8.174327e+00   1.179790e+01   9.384508e+00   1.466993e+05   6.493888e+03  -1.314812e+04   0.000000e+00   0.000000e+00   0.000000e+00   1.474304e+05   0.000000e+00   0.000000e+00   0.000000e+00
     5512000   5.511999e-05   8.186063e+00   1.179842e+01   9.383456e+00   1.466993e+05   6.493888e+03  -1.314812e+04   0.000000e+00   0.000000e+00   0.000000e+00   1.474304e+05   0.000000e+00   0.000000e+00   0.000000e+00
     5520000   5.519999e-05   8.197799e+00   1.179893e+01   9.382405e+00   1.466993e+05   6.493888e+03  -1.314812e+04   0.000000e+00   0.000000e+00   0.000000e+00   1.474304e+05   0.000000e+00   0.000000e+00   0.000000e+00
     5528000   5.527999e-05   8.209535e+00   1.179945e+01   9.381353e+00   1.466993e+05   6.493888e+03  -1.314812e+04   0.000000e+00   0.000000e+00   0.000000e+00   1.474304e+05   0.000000e+00   0.000000e+00   0.000000e+00
     5536000   5.535999e-05   8.221271e+00   1.179997e+01   9.380301e+00   1.466993e+05   6.493888e+03  -1.314812e+04   0.000000e+00   0.000000e+00   0.000000e+00   1.474304e+05   0.000000e+00   0.000000e+00   0.000000e+00
     5544000   5.543999e-05   8.233007e+00   1.180049e+01   9.379249e+00   1.466993e+05   6.493888e+03  -1.314812e+04   0.000000e+00   0.000000e+00   0.000000e+00   1.474304e+05   0.000000e+00   0.000000e+00   0.000000e+00
     5552000   5.551999e-05   8.244742e+00   1.180101e+01   9.378197e+00   1.466993e+05   6.493888e+03  -1.314812e+04   0.000000e+00   0.000000e+00   0.000000e+00   1.474304e+05   0.000000e+00   0.000000e+00   0.000000e+00
     5560000   5.559999e-05   8.256478e+00   1.180153e+01   9.377145e+00   1.466993e+05   6.493888e+03  -1.314812e+04   0.000000e+00   0.000000e+00   0.000000e+00   1.474304e+05   0.000000e+00   0.000000e+00   0.000000e+00
     5568000   5.567999e-05   8.268214e+00   1.180205e+01   9.376094e+00   1.466993e+05   6.493888e+03  -1.314812e+04   0.000000e+00   0.000000e+00   0.000000e+00   1.474304e+05   0.000000e+00   0.000000e+00   0.000000e+00
     5576000   5.575999e-05   8.279950e+00   1.180257e+01   9.375042e+00   1.466993e+05   6.493888e+03  -1.314812e+04   0.000000e+00   0.000000e+00   0.000000e+00   1.474304e+05   0.000000e+00   0.000000e+00   0.000000e+00
     5584000   5.583999e-05   8.291686e+00   1.180309e+01   9.373990e+00   1.466993e+05   6.493888e+03  -1.314812e+04   0.000000e+00   0.000000e+00   0.000000e+00   1.474304e+05   0.000000e+00   0.000000e+00   0.000000e+00
     5592000   5.591999e-05   8.303422e+00   1.180361e+01   9.372938e+00   1.466993e+05   6.493888e+03  -1.314812e+04   0.000000e+00   0.000000e+00   0.000000e+00   1.474304e+05   0.000000e+00   0.000000e+00   0.000000e+00
     5600000   5.599999e-05   8.315158e+00   1.180413e+01   9.371886e+00   1.466993e+05   6.493888e+03  -1.314812e+04   0.000000e+00   0.000000e+00   0.000000e+00   1.474304e+05   0.000000e+00   0.000000e+00   0.000000e+00
     5608000   5.607999e-05   8.326894e+00   1.180465e+01   9.370834e+00   1.466993e+05   6.493888e+03  -1.314812e+04   0.000000e+00   0.000000e+00   0.000000e+00   1.474304e+05   0.000000e+00   0.000000e+00   0.000000e+00
     5616000   5.615999e-05   8.338630e+00   1.180517e+01   9.369782e+00   1.466993e+05   6.493888e+03  -1.314812e+04   0.000000e+00   0.000000e+00   0.000000e+00   1.474304e+05   0.000000e+00   0.000000e+00   0.000000e+00
     5624000   5.623999e-05   8.350366e+00   1.180569e+01   9.368731e+00   1.466993e+05   6.493888e+03  -1.314812e+04   0.000000e+00   0.000000e+00   0.000000e+00   1.474304e+05   0.000000e+00   0.000000e+00   0.000000e+00
     5632000   5.631999e-05   8.362102e+00   1.180621e+01   9.367679e+00   1.466993e+05   6.493888e+03  -1.314812e+04   0.000000e+00   0.000000e+00   0.000000e+00   1.474304e+05   0.000000e+00   0.000000e+00   0.000000e+00
     5640000   5.639999e-05   8.373838e+00   1.180673e+01   9.366627e+00   1.466993e+05   6.493888e+03  -1.314812e+04   0.000000e+00   0.000000e+00   0.000000e+00   1.474304e+05   0.000000e+00   0.000000e+00   0.000000e+00
     5648000   5.647999e-05   8.385574e+00   1.180725e+01   9.365575e+00   1.466993e+05   6.493888e+03  -1.314812e+04   0.000000e+00   0.000000e+00   0.000000e+00   1.474304e+05   0.000000e+00   0.000000e+00   0.000000e+00
     5656000   5.655999e-05   8.397310e+00   1.180777e+01   9.364523e+00   1.466993e+05   6.493888e+03  -1.314812e+04   0.000000e+00   0.000000e+00   0.000000e+00   1.474304e+05   0.000000e+00   0.000000e+00   0.000000e+00
     5664000   5.663999e-05   8.409046e+00   1.180829e+01   9.363471e+00   1.466993e+05   6.493888e+03  -1.314812e+04   0.000000e+00   0.000000e+00   0.000000e+00   1.474304e+05   0.000000e+00   0.000000e+00   0.000000e+00
     5672000   5.671999e-05   8.420782e+00   1.180881e+01   9.362419e+00   1.466993e+05   6.493888e+03  -1.314812e+04   0.000000e+00   0.000000e+00   0.000000e+00   1.474304e+05   0.000000e+00   0.000000e+00   0.000000e+00
     5680000   5.679999e-05   8.432517e+00   1.180932e+01   9.361368e+00   1.466993e+05   6.493888e+03  -1.314812e+04   0.000000e+00   0.000000e+00   0.000000e+00   1.474304e+05   0.000000e+00   0.000000e+00   0.000000e+00
     5688000   5.687999e-05   8.444253e+00   1.180984e+01   9.360316e+00   1.466993e+05   6.493888e+03  -1.314812e+04   0.000000e+00   0.000000e+00   0.000000e+00   1.474304e+05   0.000000e+00   0.000000e+00   0.000000e+00
     5696000   5.695999e-05   8.455989e+00   1.181036e+01   9.359264e+00   1.466993e+05   6.493888e+03  -1.314812e+04   0.000000e+00   0.000000e+00   0.000000e+00   1.474304e+05   0.000000e+00   0.000000e+00   0.000000e+00
     5704000   5.703999e-05   8.467725e+00   1.181088e+01   9.358212e+00   1.466993e+05   6.493888e+03  -1.314812e+04   0.000000e+00   0.000000e+00   0.000000e+00   1.474304e+05   0.000000e+00   0.000000e+00   0.000000e+00
     5712000   5.711999e-05   8.479461e+00   1.181140e+01   9.357160e+00   1.466993e+05   6.493888e+03  -1.314812e+04   0.000000e+00   0.000000e+00   0.000000e+00   1.474304e+05   0.000000e+00   0.000000e+00   0.000000e+00
     5720000   5.719999e-05   8.491197e+00   1.181192e+01   9.356108e+00   1.466993e+05   6.493888e+03  -1.314812e+04   0.000000e+00   0.000000e+00   0.000000e+00   1.474304e+05   0.000000e+00   0.000000e+00   0.000000e+00
     5728000   5.727999e-05   8.502933e+00   1.181244e+01   9.355057e+00   1.466993e+05   6.493888e+03  -1.314812e+04   0.000000e+00   0.000000e+00   0.000000e+00   1.474304e+05   0.000000e+00   0.000000e+00   0.000000e+00
     5736000   5.735999e-05   8.514669e+00   1.181296e+01   9.354005e+00   1.466993e+05   6.493888e+03  -1.314812e+04   0.000000e+00   0.000000e+00   0.000000e+00   1.474304e+05   0.000000e+00   0.000000e+00   0.000000e+00
     5744000   5.743999e-05   8.526405e+00   1.181348e+01   9.352953e+00   1.466993e+05   6.493888e+03  -1.314812e+04   0.000000e+00   0.000000e+00   0.000000e+00   1.474304e+05   0.000000e+00   0.000000e+00   0.000000e+00
     5752000   5.751999e-05   8.538141e+00   1.181400e+01   9.351901e+00   1.466993e+05   6.493888e+03  -1.314812e+04   0.000000e+00   0.000000e+00   0.000000e+00   1.474304e+05   0.000000e+00   0.000000e+00   0.000000e+00
     5760000   5.759999e-05   8.549877e+00   1.181452e+01   9.350849e+00   1.466993e+05   6.493888e+03  -1.314812e+04   0.000000e+00   0.000000e+00   0.000000e+00   1.474304e+05   0.000000e+00   0.000000e+00   0.000000e+00
     5768000   5.767999e-05   8.561613e+00   1.181504e+01   9.349797e+00   1.466993e+05   6.493888e+03  -1.314812e+04   0.000000e+00   0.000000e+00   0.000000e+00   1.474304e+05   0.000000e+00   0.000000e+00   0.000000e+00
     5776000   5.775999e-05   8.573349e+00   1.181556e+01   9.348745e+00   1.466993e+05   6.493888e+03  -1.314812e+04   0.000000e+00   0.000000e+00   0.000000e+00   1.474304e+05   0.000000e+00   0.000000e+00   0.000000e+00
     5784000   5.783999e-05   8.585085e+00   1.181608e+01   9.347694e+00   1.466993e+05   6.493888e+03  -1.314812e+04   0.000000e+00   0.000000e+00   0.000000e+00   1.474304e+05   0.000000e+00   0.000000e+00   0.000000e+00
     5792000   5.791999e-05   8.596821e+00   1.181660e+01   9.346642e+00   1.466993e+05   6.493888e+03  -1.314812e+04   0.000000e+00   0.000000e+00   0.000000e+00   1.474304e+05   0.000000e+00   0.000000e+00   0.000000e+00
     5800000   5.799999e-05   8.608557e+00   1.181712e+01   9.345590e+00   1.466993e+05   6.493888e+03  -1.314812e+04   0.000000e+00   0.000000e+00   0.000000e+00   1.474304e+05   0.000000e+00   0.000000e+00   0.000000e+00
     5808000   5.807999e-05   8.620293e+00   1.181764e+01   9.344538e+00   1.466993e+05   6.493888e+03  -1.314812e+04   0.000000e+00   0.000000e+00   0.000000e+00   1.474304e+05   0.000000e+00   0.000000e+00   0.000000e+00
     5816000   5.815999e-05   8.632028e+00   1.181816e+01   9.343486e+00   1.466993e+05   6.493888e+03  -1.314812e+04   0.000000e+00   0.000000e+00   0.000000e+00   1.474304e+05   0.000000e+00   0.000000e+00   0.000000e+00
     5824000   5.823999e-05   8.643764e+00   1.181868e+01   9.342434e+00   1.466993e+05   6.493888e+03  -1.314812e+04   0.000000e+00   0.000000e+00   0.000000e+00   1.474304e+05   0.000000e+00   0.000000e+00   0.000000e+00
     5832000   5.831999e-05   8.655500e+00   1.181920e+01   9.341383e+00   1.466993e+05   6.493888e+03  -1.314812e+04   0.000000e+00   0.000000e+00   0.000000e+00   1.474304e+05   0.000000e+00   0.000000e+00   0.000000e+00
     5840000   5.839999e-05   8.667236e+00   1.181972e+01   9.340331e+00   1.466993e+05   6.493888e+03  -1.314812e+04   0.000000e+00   0.000000e+00   0.000000e+00   1.474304e+05   0.000000e+00   0.000000e+00   0.000000e+00
     5848000   5.847999e-05   8.678972e+00   1.182023e+01   9.339279e+00   1.466993e+05   6.493888e+03  -1.314812e+04   0.000000e+00   0.000000e+00   0.000000e+00   1.474304e+05   0.000000e+00   0.000000e+00   0.000000e+00
     5856000   5.855999e-05   8.690708e+00   1.182075e+01   9.338227e+00   1.466993e+05   6.493888e+03  -1.314812e+04   0.000000e+00   0.000000e+00   0.000000e+00   1.474304e+05   0.000000e+00   0.000000e+00   0.000000e+00
     5864000   5.863999e-05   8.702444e+00   1.182127e+01   9.337175e+00   1.466993e+05   6.493888e+03  -1.314812e+04   0.000000e+00   0.000000e+00   0.000000e+00   1.474304e+05   0.000000e+00   0.000000e+00   0.000000e+00
     5872000   5.871999e-05   8.714180e+00   1.182179e+01   9.336123e+00   1.466993e+05   6.493888e+03  -1.314812e+04   0.000000e+00   0.000000e+00   0.000000e+00   1.474304e+05   0.000000e+00   0.000000e+00   0.000000e+00
     5880000   5.879999e-05   8.725916e+00   1.182231e+01   9.335071e+00   1.466993e+05   6.493888e+03  -1.314812e+04   0.000000e+00   0.000000e+00   0.000000e+00   1.474304e+05   0.000000e+00   0.000000e+00   0.000000e+00
     5888000   5.887999e-05   8.737652e+00   1.182283e+01   9.334020e+00   1.466993e+05   6.493888e+03  -1.314812e+04   0.000000e+00   0.000000e+00   0.000000e+00   1.474304e+05   0.000000e+00   0.000000e+00   0.000000e+00
     5896000   5.895999e-05   8.749388e+00   1.182335e+01   9.332968e+00   1.466993e+05   6.493888e+03  -1.314812e+04   0.000000e+00   0.000000e+00   0.000000e+00   1.474304e+05   0.000000e+00   0.000000e+00   0.000000e+00
     5904000   5.903999e-05   8.761124e+00   1.182387e+01   9.331916e+00   1.466993e+05   6.493888e+03  -1.314812e+04   0.000000e+00   0.000000e+00   0.000000e+00   1.474304e+05   0.000000e+00   0.000000e+00   0.000000e+00
     5912000   5.911999e-05   8.772860e+00   1.182439e+01   9.330864e+00   1.466993e+05   6.493888e+03  -1.314812e+04   0.000000e+00   0.000000e+00   0.000000e+00   1.474304e+05   0.000000e+00   0.000000e+00   0.000000e+00
     5920000   5.919999e-05   8.784596e+00   1.182491e+01   9.329812e+00   1.466993e+05   6.493888e+03  -1.314812e+04   0.000000e+00   0.000000e+00   0.000000e+00   1.474304e+05   0.000000e+00   0.000000e+00   0.000000e+00
     5928000   5.927999e-05   8.796332e+00   1.182543e+01   9.328760e+00   1.466993e+05   6.493888e+03  -1.314812e+04   0.000000e+00   0.000000e+00   0.000000e+00   1.474304e+05   0.000000e+00   0.000000e+00   0.000000e+00
     5936000   5.935999e-05   8.808068e+00   1.182595e+01   9.327708e+00   1.466993e+05   6.493888e+03  -1.314812e+04   0.000000e+00   0.000000e+00   0.000000e+00   1.474304e+05   0.000000e+00   0.000000e+00   0.000000e+00
     5944000   5.943999e-05   8.819804e+00   1.182647e+01   9.326657e+00   1.466993e+05   6.493888e+03  -1.314812e+04   0.000000e+00   0.000000e+00   0.000000e+00   1.474304e+05   0.000000e+00   0.000000e+00   0.000000e+00
     5952000   5.951999e-05   8.831539e+00   1.182699e+01   9.325605e+00   1.466993e+05   6.493888e+03  -1.314812e+04   0.000000e+00   0.000000e+00   0.000000e+00   1.474304e+05   0.000000e+00   0.000000e+00   0.000000e+00
     5960000   5.959999e-05   8.843275e+00   1.182751e+01   9.324553e+00   1.466993e+05   6.493888e+03  -1.314812e+04   0.000000e+00   0.000000e+00   0.000000e+00   1.474304e+05   0.000000e+00   0.000000e+00   0.000000e+00
     5968000   5.967999e-05   8.855011e+00   1.182803e+01   9.323501e+00   1.466993e+05   6.493888e+03  -1.314812e+04   0.000000e+00   0.000000e+00   0.000000e+00   1.474304e+05   0.000000e+00   0.000000e+00   0.000000e+00
     5976000   5.975999e-05   8.866747e+00   1.182855e+01   9.322449e+00   1.466993e+05   6.493888e+03  -1.314812e+04   0.000000e+00   0.000000e+00   0.000000e+00   1.474304e+05   0.000000e+00   0.000000e+00   0.000000e+00
     5984000   5.983999e-05   8.878483e+00   1.182907e+01   9.321397e+00   1.466993e+05   6.493888e+03  -1.314812e+04   0.000000e+00   0.000000e+00   0.000000e+00   1.474304e+05   0.000000e+00   0.000000e+00   0.000000e+00
     5992000   5.991999e-05   8.890219e+00   1.182959e+01   9.320346e+00   1.466993e+05   6.493888e+03  -1.314812e+04   0.000000e+00   0.000000e+00   0.000000e+00   1.474304e+05   0.000000e+00   0.000000e+00   0.000000e+00
     6000000   5.999999e-05   8.901955e+00   1.183011e+01   9.319294e+00   1.466993e+05   6.493888e+03  -1.314812e+04   0.000000e+00   0.000000e+00   0.000000e+00   1.474304e+05   0.000000e+00   0.000000e+00   0.000000e+00
     6008000   6.007999e-05   8.913691e+00   1.183062e+01   9.318242e+00   1.466993e+05   6.493888e+03  -1.314812e+04   0.000000e+00   0.000000e+00   0.000000e+00   1.474304e+05   0.000000e+00   0.000000e+00   0.000000e+00
     6016000   6.015999e-05   8.925427e+00   1.183114e+01   9.317190e+00   1.466993e+05   6.493888e+03  -1.314812e+04   0.000000e+00   0.000000e+00   0.000000e+00   1.474304e+05   0.000000e+00   0.000000e+00   0.000000e+00
     6024000   6.023999e-05   8.937163e+00   1.183166e+01   9.316138e+00   1.466993e+05   6.493888e+03  -1.314812e+04   0.000000e+00   0.000000e+00   0.000000e+00   1.474304e+05   0.000000e+00   0.000000e+00   0.000000e+00
     6032000   6.031999e-05   8.948899e+00   1.183218e+01   9.315086e+00   1.466993e+05   6.493888e+03  -1.314812e+04   0.000000e+00   0.000000e+00   0.000000e+00   1.474304e+05   0.000000e+00   0.000000e+00   0.000000e+00
     6040000   6.039999e-05   8.960635e+00   1.183270e+01   9.314034e+00   1.466993e+05   6.493888e+03  -1.314812e+04   0.000000e+00   0.000000e+00   0.000000e+00   1.474304e+05   0.000000e+00   0.000000e+00   0.000000e+00
     6048000   6.047999e-05   8.972371e+00   1.183322e+01   9.312983e+00   1.466993e+05   6.493888e+03  -1.314812e+04   0.000000e+00   0.000000e+00   0.000000e+00   1.474304e+05   0.000000e+00   0.000000e+00   0.000000e+00
     6056000   6.055999e-05   8.984107e+00   1.183374e+01   9.311931e+00   1.466993e+05   6.493888e+03  -1.314812e+04   0.000000e+00   0.000000e+00   0.000000e+00   1.474304e+05   0.000000e+00   0.000000e+00   0.000000e+00
     6064000   6.063999e-05   8.995843e+00   1.183426e+01   9.310879e+00   1.466993e+05   6.493888e+03  -1.314812e+04   0.000000e+00   0.000000e+00   0.000000e+00   1.474304e+05   0.000000e+00   0.000000e+00   0.000000e+00
     6072000   6.071999e-05   9.007579e+00   1.183478e+01   9.309827e+00   1.466993e+05   6.493888e+03  -1.314812e+04   0.000000e+00   0.000000e+00   0.000000e+00   1.474304e+05   0.000000e+00   0.000000e+00   0.000000e+00
     6080000   6.079999e-05   9.019315e+00   1.183530e+01   9.308775e+00   1.466993e+05   6.493888e+03  -1.314812e+04   0.000000e+00   0.000000e+00   0.000000e+00   1.474304e+05   0.000000e+00   0.000000e+00   0.000000e+00
     6088000   6.087999e-05   9.031050e+00   1.183582e+01   9.307723e+00   1.466993e+05   6.493888e+03  -1.314812e+04   0.000000e+00   0.000000e+00   0.000000e+00   1.474304e+05   0.000000e+00   0.000000e+00   0.000000e+00
     6096000   6.095999e-05   9.042786e+00   1.183634e+01   9.306671e+00   1.466993e+05   6.493888e+03  -1.314812e+04   0.000000e+00   0.000000e+00   0.000000e+00   1.474304e+05   0.000000e+00   0.000000e+00   0.000000e+00
     6104000   6.103999e-05   9.054522e+00   1.183686e+01   9.305620e+00   1.466993e+05   6.493888e+03  -1.314812e+04   0.000000e+00   0.000000e+00   0.000000e+00   1.474304e+05   0.000000e+00   0.000000e+00   0.000000e+00
     6112000   6.111999e-05   9.066258e+00   1.183738e+01   9.304568e+00   1.466993e+05   6.493888e+03  -1.314812e+04   0.000000e+00   0.000000e+00   0.000000e+00   1.474304e+05   0.000000e+00   0.000000e+00   0.000000e+00
     6120000   6.119999e-05   9.077994e+00   1.183790e+01   9.303516e+00   1.466993e+05   6.493888e+03  -1.314812e+04   0.000000e+00   0.000000e+00   0.000000e+00   1.474304e+05   0.000000e+00   0.000000e+00   0.000000e+00
     6128000   6.127999e-05   9.089730e+00   1.183842e+01   9.302464e+00   1.466993e+05   6.493888e+03  -1.314812e+04   0.000000e+00   0.000000e+00   0.000000e+00   1.474304e+05   0.000000e+00   0.000000e+00   0.000000e+00
     6136000   6.135999e-05   9.101466e+00   1.183894e+01   9.301412e+00   1.466993e+05   6.493888e+03  -1.314812e+04   0.000000e+00   0.000000e+00   0.000000e+00   1.474304e+05   0.000000e+00   0.000000e+00   0.000000e+00
     6144000   6.143999e-05   9.113202e+00   1.183946e+01   9.300360e+00   1.466993e+05   6.493888e+03  -1.314812e+04   0.000000e+00   0.000000e+00   0.000000e+00   1.474304e+05   0.000000e+00   0.000000e+00   0.000000e+00
     6152000   6.151999e-05   9.124938e+00   1.183998e+01   9.299309e+00   1.466993e+05   6.493888e+03  -1.314812e+04   0.000000e+00   0.000000e+00   0.000000e+00   1.474304e+05   0.000000e+00   0.000000e+00   0.000000e+00
     6160000   6.159999e-05   9.136674e+00   1.184050e+01   9.298257e+00   1.466993e+05   6.493888e+03  -1.314812e+04   0.000000e+00   0.000000e+00   0.000000e+00   1.474304e+05   0.000000e+00   0.000000e+00   0.000000e+00
     6168000   6.167999e-05   9.148410e+00   1.184102e+01   9.297205e+00   1.466993e+05   6.493888e+03  -1.314812e+04   0.000000e+00   0.000000e+00   0.000000e+00   1.474304e+05   0.000000e+00   0.000000e+00   0.000000e+00
     6176000   6.175999e-05   9.160146e+00   1.184153e+01   9.296153e+00   1.466993e+05   6.493888e+03  -1.314812e+04   0.000000e+00   0.000000e+00   0.000000e+00   1.474304e+05   0.000000e+00   0.000000e+00   0.000000e+00
     6184000   6.183999e-05   9.171882e+00   1.184205e+01   9.295101e+00   1.466993e+05   6.493888e+03  -1.314812e+04   0.000000e+00   0.000000e+00   0.000000e+00   1.474304e+05   0.000000e+00   0.000000e+00   0.000000e+00
     6192000   6.191999e-05   9.183618e+00   1.184257e+01   9.294049e+00   1.466993e+05   6.493888e+03  -1.314812e+04   0.000000e+00   0.000000e+00   0.000000e+00   1.474304e+05   0.000000e+00   0.000000e+00   0.000000e+00
     6200000   6.199999e-05   9.195354e+00   1.184309e+01   9.292997e+00   1.466993e+05   6.493888e+03  -1.314812e+04   0.000000e+00   0.000000e+00   0.000000e+00   1.474304e+05   0.000000e+00   0.000000e+00   0.000000e+00
     6208000   6.207999e-05   9.207090e+00   1.184361e+01   9.291946e+00   1.466993e+05   6.493888e+03  -1.314812e+04   0.000000e+00   0.000000e+00   0.000000e+00   1.474304e+05   0.000000e+00   0.000000e+00   0.000000e+00
     6216000   6.215999e-05   9.218825e+00   1.184413e+01   9.290894e+00   1.466993e+05   6.493888e+03  -1.314812e+04   0.000000e+00   0.000000e+00   0.000000e+00   1.474304e+05   0.000000e+00   0.000000e+00   0.000000e+00
     6224000   6.223999e-05   9.230561e+00   1.184465e+01   9.289842e+00   1.466993e+05   6.493888e+03  -1.314812e+04   0.000000e+00   0.000000e+00   0.000000e+00   1.474304e+05   0.000000e+00   0.000000e+00   0.000000e+00
     6232000   6.231999e-05   9.242297e+00   1.184517e+01   9.288790e+00   1.466993e+05   6.493888e+03  -1.314812e+04   0.000000e+00   0.000000e+00   0.000000e+00   1.474304e+05   0.000000e+00   0.000000e+00   0.000000e+00
     6240000   6.239999e-05   9.254033e+00   1.184569e+01   9.287738e+00   1.466993e+05   6.493888e+03  -1.314812e+04   0.000000e+00   0.000000e+00   0.000000e+00   1.474304e+05   0.000000e+00   0.000000e+00   0.000000e+00
     6248000   6.247999e-05   9.265769e+00   1.184621e+01   9.286686e+00   1.466993e+05   6.493888e+03  -1.314812e+04   0.000000e+00   0.000000e+00   0.000000e+00   1.474304e+05   0.000000e+00   0.000000e+00   0.000000e+00
     6256000   6.255999e-05   9.277505e+00   1.184673e+01   9.285634e+00   1.466993e+05   6.493888e+03  -1.314812e+04   0.000000e+00   0.000000e+00   0.000000e+00   1.474304e+05   0.000000e+00   0.000000e+00   0.000000e+00
     6264000   6.263999e-05   9.289241e+00   1.184725e+01   9.284583e+00   1.466993e+05   6.493888e+03  -1.314812e+04   0.000000e+00   0.000000e+00   0.000000e+00   1.474304e+05   0.000000e+00   0.000000e+00   0.000000e+00
     6272000   6.271999e-05   9.300977e+00   1.184777e+01   9.283531e+00   1.466993e+05   6.493888e+03  -1.314812e+04   0.000000e+00   0.000000e+00   0.000000e+00   1.474304e+05   0.000000e+00   0.000000e+00   0.000000e+00
     6280000   6.279999e-05   9.312713e+00   1.184829e+01   9.282479e+00   1.466993e+05   6.493888e+03  -1.314812e+04   0.000000e+00   0.000000e+00   0.000000e+00   1.474304e+05   0.000000e+00   0.000000e+00   0.000000e+00
     6288000   6.287999e-05   9.324449e+00   1.184881e+01   9.281427e+00   1.466993e+05   6.493888e+03  -1.314812e+04   0.000000e+00   0.000000e+00   0.000000e+00   1.474304e+05   0.000000e+00   0.000000e+00   0.000000e+00
     6296000   6.295999e-05   9.336185e+00   1.184933e+01   9.280375e+00   1.466993e+05   6.493888e+03  -1.314812e+04   0.000000e+00   0.000000e+00   0.000000e+00   1.474304e+05   0.000000e+00   0.000000e+00   0.000000e+00
     6304000   6.303999e-05   9.347921e+00   1.184985e+01   9.279323e+00   1.466993e+05   6.493888e+03  -1.314812e+04   0.000000e+00   0.000000e+00   0.000000e+00   1.474304e+05   0.000000e+00   0.000000e+00   0.000000e+00
     6312000   6.311999e-05   9.359657e+00   1.185037e+01   9.278272e+00   1.466993e+05   6.493888e+03  -1.314812e+04   0.000000e+00   0.000000e+00   0.000000e+00   1.474304e+05   0.000000e+00   0.000000e+00   0.000000e+00
     6320000   6.319999e-05   9.371393e+00   1.185089e+01   9.277220e+00   1.466993e+05   6.493888e+03  -1.314812e+04   0.000000e+00   0.000000e+00   0.000000e+00   1.474304e+05   0.000000e+00   0.000000e+00   0.000000e+00
     6328000   6.327999e-05   9.383129e+00   1.185141e+01   9.276168e+00   1.466993e+05   6.493888e+03  -1.314812e+04   0.000000e+00   0.000000e+00   0.000000e+00   1.474304e+05   0.000000e+00   0.000000e+00   0.000000e+00
     6336000   6.335999e-05   9.394865e+00   1.185192e+01   9.275116e+00   1.466993e+05   6.493888e+03  -1.314812e+04   0.000000e+00   0.000000e+00   0.000000e+00   1.474304e+05   0.000000e+00   0.000000e+00   0.000000e+00
     6344000   6.343999e-05   9.406601e+00   1.185244e+01   9.274064e+00   1.466993e+05   6.493888e+03  -1.314812e+04   0.000000e+00   0.000000e+00   0.000000e+00   1.474304e+05   0.000000e+00   0.000000e+00   0.000000e+00
     6352000   6.351999e-05   9.418336e+00   1.185296e+01   9.273012e+00   1.466993e+05   6.493888e+03  -1.314812e+04   0.000000e+00   0.000000e+00   0.000000e+00   1.474304e+05   0.000000e+00   0.000000e+00   0.000000e+00
     6360000   6.359999e-05   9.430072e+00   1.185348e+01   9.271960e+00   1.466993e+05   6.493888e+03  -1.314812e+04   0.000000e+00   0.000000e+00   0.000000e+00   1.474304e+05   0.000000e+00   0.000000e+00   0.000000e+00
     6368000   6.367999e-05   9.441808e+00   1.185400e+01   9.270909e+00   1.466993e+05   6.493888e+03  -1.314812e+04   0.000000e+00   0.000000e+00   0.000000e+00   1.474304e+05   0.000000e+00   0.000000e+00   0.000000e+00
     6376000   6.375999e-05   9.453544e+00   1.185452e+01   9.269857e+00   1.466993e+05   6.493888e+03  -1.314812e+04   0.000000e+00   0.000000e+00   0.000000e+00   1.474304e+05   0.000000e+00   0.000000e+00   0.000000e+00
     6384000   6.383999e-05   9.465280e+00   1.185504e+01   9.268805e+00   1.466993e+05   6.493888e+03  -1.314812e+04   0.000000e+00   0.000000e+00   0.000000e+00   1.474304e+05   0.000000e+00   0.000000e+00   0.000000e+00
     6392000   6.391999e-05   9.477016e+00   1.185556e+01   9.267753e+00   1.466993e+05   6.493888e+03  -1.314812e+04   0.000000e+00   0.000000e+00   0.000000e+00   1.474304e+05   0.000000e+00   0.000000e+00   0.000000e+00
     6400000   6.399999e-05   9.488752e+00   1.185608e+01   9.266701e+00   1.466993e+05   6.493888e+03  -1.314812e+04   0.000000e+00   0.000000e+00   0.000000e+00   1.474304e+05   0.000000e+00   0.000000e+00   0.000000e+00
     6408000   6.407999e-05   9.500488e+00   1.185660e+01   9.265649e+00   1.466993e+05   6.493888e+03  -1.314812e+04   0.000000e+00   0.000000e+00   0.000000e+00   1.474304e+05   0.000000e+00   0.000000e+00   0.000000e+00
     6416000   6.415999e-05   9.512224e+00   1.185712e+01   9.264597e+00   1.466993e+05   6.493888e+03  -1.314812e+04   0.000000e+00   0.000000e+00   0.000000e+00   1.474304e+05   0.000000e+00   0.000000e+00   0.000000e+00
     6424000   6.423999e-05   9.523960e+00   1.185764e+01   9.263546e+00   1.466993e+05   6.493888e+03  -1.314812e+04   0.000000e+00   0.000000e+00   0.000000e+00   1.474304e+05   0.000000e+00   0.000000e+00   0.000000e+00
     6432000   6.431999e-05   9.535696e+00   1.185816e+01   9.262494e+00   1.466993e+05   6.493888e+03  -1.314812e+04   0.000000e+00   0.000000e+00   0.000000e+00   1.474304e+05   0.000000e+00   0.000000e+00   0.000000e+00
     6440000   6.439999e-05   9.547432e+00   1.185868e+01   9.261442e+00   1.466993e+05   6.493888e+03  -1.314812e+04   0.000000e+00   0.000000e+00   0.000000e+00   1.474304e+05   0.000000e+00   0.000000e+00   0.000000e+00
     6448000   6.447999e-05   9.559168e+00   1.185920e+01   9.260390e+00   1.466993e+05   6.493888e+03  -1.314812e+04   0.000000e+00   0.000000e+00   0.000000e+00   1.474304e+05   0.000000e+00   0.000000e+00   0.000000e+00
     6456000   6.455999e-05   9.570904e+00   1.185972e+01   9.259338e+00   1.466993e+05   6.493888e+03  -1.314812e+04   0.000000e+00   0.000000e+00   0.000000e+00   1.474304e+05   0.000000e+00   0.000000e+00   0.000000e+00
     6464000   6.463999e-05   9.582640e+00   1.186024e+01   9.258286e+00   1.466993e+05   6.493888e+03  -1.314812e+04   0.000000e+00   0.000000e+00   0.000000e+00   1.474304e+05   0.000000e+00   0.000000e+00   0.000000e+00
     6472000   6.471999e-05   9.594376e+00   1.186076e+01   9.257235e+00   1.466993e+05   6.493888e+03  -1.314812e+04   0.000000e+00   0.000000e+00   0.000000e+00   1.474304e+05   0.000000e+00   0.000000e+00   0.000000e+00
     6480000   6.479999e-05   9.606112e+00   1.186128e+01   9.256183e+00   1.466993e+05   6.493888e+03  -1.314812e+04   0.000000e+00   0.000000e+00   0.000000e+00   1.474304e+05   0.000000e+00   0.000000e+00   0.000000e+00
     6488000   6.487999e-05   9.617847e+00   1.186180e+01   9.255131e+00   1.466993e+05   6.493888e+03  -1.314812e+04   0.000000e+00   0.000000e+00   0.000000e+00   1.474304e+05   0.000000e+00   0.000000e+00   0.000000e+00
     6496000   6.495999e-05   9.629583e+00   1.186231e+01   9.254079e+00   1.466993e+05   6.493888e+03  -1.314812e+04   0.000000e+00   0.000000e+00   0.000000e+00   1.474304e+05   0.000000e+00   0.000000e+00   0.000000e+00
     6504000   6.503999e-05   9.641319e+00   1.186283e+01   9.253027e+00   1.466993e+05   6.493888e+03  -1.314812e+04   0.000000e+00   0.000000e+00   0.000000e+00   1.474304e+05   0.000000e+00   0.000000e+00   0.000000e+00
     6512000   6.511999e-05   9.653055e+00   1.186335e+01   9.251975e+00   1.466993e+05   6.493888e+03  -1.314812e+04   0.000000e+00   0.000000e+00   0.000000e+00   1.474304e+05   0.000000e+00   0.000000e+00   0.000000e+00
     6520000   6.519999e-05   9.664791e+00   1.186387e+01   9.250923e+00   1.466993e+05   6.493888e+03  -1.314812e+04   0.000000e+00   0.000000e+00   0.000000e+00   1.474304e+05   0.000000e+00   0.000000e+00   0.000000e+00
     6528000   6.527999e-05   9.676527e+00   1.186439e+01   9.249872e+00   1.466993e+05   6.493888e+03  -1.314812e+04   0.000000e+00   0.000000e+00   0.000000e+00   1.474304e+05   0.000000e+00   0.000000e+00   0.000000e+00
     6536000   6.535999e-05   9.688263e+00   1.186491e+01   9.248820e+00   1.466993e+05   6.493888e+03  -1.314812e+04   0.000000e+00   0.000000e+00   0.000000e+00   1.474304e+05   0.000000e+00   0.000000e+00   0.000000e+00
     6544000   6.543999e-05   9.699999e+00   1.186543e+01   9.247768e+00   1.466993e+05   6.493888e+03  -1.314812e+04   0.000000e+00   0.000000e+00   0.000000e+00   1.474304e+05   0.000000e+00   0.000000e+00   0.000000e+00
     6552000   6.551999e-05   9.711735e+00   1.186595e+01   9.246716e+00   1.466993e+05   6.493888e+03  -1.314812e+04   0.000000e+00   0.000000e+00   0.000000e+00   1.474304e+05   0.000000e+00   0.000000e+00   0.000000e+00
     6560000   6.559999e-05   9.723471e+00   1.186647e+01   9.245664e+00   1.466993e+05   6.493888e+03  -1.314812e+04   0.000000e+00   0.000000e+00   0.000000e+00   1.474304e+05   0.000000e+00   0.000000e+00   0.000000e+00
     6568000   6.567999e-05   9.735207e+00   1.186699e+01   9.244612e+00   1.466993e+05   6.493888e+03  -1.314812e+04   0.000000e+00   0.000000e+00   0.000000e+00   1.474304e+05   0.000000e+00   0.000000e+00   0.000000e+00
     6576000   6.575999e-05   9.746943e+00   1.186751e+01   9.243560e+00   1.466993e+05   6.493888e+03  -1.314812e+04   0.000000e+00   0.000000e+00   0.000000e+00   1.474304e+05   0.000000e+00   0.000000e+00   0.000000e+00
     6584000   6.583999e-05   9.758679e+00   1.186803e+01   9.242509e+00   1.466993e+05   6.493888e+03  -1.314812e+04   0.000000e+00   0.000000e+00   0.000000e+00   1.474304e+05   0.000000e+00   0.000000e+00   0.000000e+00
     6592000   6.591999e-05   9.770415e+00   1.186855e+01   9.241457e+00   1.466993e+05   6.493888e+03  -1.314812e+04   0.000000e+00   0.000000e+00   0.000000e+00   1.474304e+05   0.000000e+00   0.000000e+00   0.000000e+00
     6600000   6.599999e-05   9.782151e+00   1.186907e+01   9.240405e+00   1.466993e+05   6.493888e+03  -1.314812e+04   0.000000e+00   0.000000e+00   0.000000e+00   1.474304e+05   0.000000e+00   0.000000e+00   0.000000e+00
     6608000   6.607999e-05   9.793887e+00   1.186959e+01   9.239353e+00   1.466993e+05   6.493888e+03  -1.314812e+04   0.000000e+00   0.000000e+00   0.000000e+00   1.474304e+05   0.000000e+00   0.000000e+00   0.000000e+00
     6616000   6.615999e-05   9.805622e+00   1.187011e+01   9.238301e+00   1.466993e+05   6.493888e+03  -1.314812e+04   0.000000e+00   0.000000e+00   0.000000e+00   1.474304e+05   0.000000e+00   0.000000e+00   0.000000e+00
     6624000   6.623999e-05   9.817358e+00   1.187063e+01   9.237249e+00   1.466993e+05   6.493888e+03  -1.314812e+04   0.000000e+00   0.000000e+00   0.000000e+00   1.474304e+05   0.000000e+00   0.000000e+00   0.000000e+00
     6632000   6.631999e-05   9.829094e+00   1.187115e+01   9.236198e+00   1.466993e+05   6.493888e+03  -1.314812e+04   0.000000e+00   0.000000e+00   0.000000e+00   1.474304e+05   0.000000e+00   0.000000e+00   0.000000e+00
     6640000   6.639999e-05   9.840830e+00   1.187167e+01   9.235146e+00   1.466993e+05   6.493888e+03  -1.314812e+04   0.000000e+00   0.000000e+00   0.000000e+00   1.474304e+05   0.000000e+00   0.000000e+00   0.000000e+00
     6648000   6.647999e-05   9.852566e+00   1.187219e+01   9.234094e+00   1.466993e+05   6.493888e+03  -1.314812e+04   0.000000e+00   0.000000e+00   0.000000e+00   1.474304e+05   0.000000e+00   0.000000e+00   0.000000e+00
     6656000   6.655999e-05   9.864302e+00   1.187271e+01   9.233042e+00   1.466993e+05   6.493888e+03  -1.314812e+04   0.000000e+00   0.000000e+00   0.000000e+00   1.474304e+05   0.000000e+00   0.000000e+00   0.000000e+00
     6664000   6.663999e-05   9.876038e+00   1.187322e+01   9.231990e+00   1.466993e+05   6.493888e+03  -1.314812e+04   0.000000e+00   0.000000e+00   0.000000e+00   1.474304e+05   0.000000e+00   0.000000e+00   0.000000e+00
     6672000   6.671999e-05   9.887774e+00   1.187374e+01   9.230938e+00   1.466993e+05   6.493888e+03  -1.314812e+04   0.000000e+00   0.000000e+00   0.000000e+00   1.474304e+05   0.000000e+00   0.000000e+00   0.000000e+00
     6680000   6.679999e-05   9.899510e+00   1.187426e+01   9.229886e+00   1.466993e+05   6.493888e+03  -1.314812e+04   0.000000e+00   0.000000e+00   0.000000e+00   1.474304e+05   0.000000e+00   0.000000e+00   0.000000e+00
     6688000   6.687999e-05   9.911246e+00   1.187478e+01   9.228835e+00   1.466993e+05   6.493888e+03  -1.314812e+04   0.000000e+00   0.000000e+00   0.000000e+00   1.474304e+05   0.000000e+00   0.000000e+00   0.000000e+00
     6696000   6.695999e-05   9.922982e+00   1.187530e+01   9.227783e+00   1.466993e+05   6.493888e+03  -1.314812e+04   0.000000e+00   0.000000e+00   0.000000e+00   1.474304e+05   0.000000e+00   0.000000e+00   0.000000e+00
     6704000   6.703999e-05   9.934718e+00   1.187582e+01   9.226731e+00   1.466993e+05   6.493888e+03  -1.314812e+04   0.000000e+00   0.000000e+00   0.000000e+00   1.474304e+05   0.000000e+00   0.000000e+00   0.000000e+00
     6712000   6.711999e-05   9.946454e+00   1.187634e+01   9.225679e+00   1.466993e+05   6.493888e+03  -1.314812e+04   0.000000e+00   0.000000e+00   0.000000e+00   1.474304e+05   0.000000e+00   0.000000e+00   0.000000e+00
     6720000   6.719999e-05   9.958190e+00   1.187686e+01   9.224627e+00   1.466993e+05   6.493888e+03  -1.314812e+04   0.000000e+00   0.000000e+00   0.000000e+00   1.474304e+05   0.000000e+00   0.000000e+00   0.000000e+00
     6728000   6.727999e-05   9.969926e+00   1.187738e+01   9.223575e+00   1.466993e+05   6.493888e+03  -1.314812e+04   0.000000e+00   0.000000e+00   0.000000e+00   1.474304e+05   0.000000e+00   0.000000e+00   0.000000e+00
     6736000   6.735999e-05   9.981662e+00   1.187790e+01   9.222523e+00   1.466993e+05   6.493888e+03  -1.314812e+04   0.000000e+00   0.000000e+00   0.000000e+00   1.474304e+05   0.000000e+00   0.000000e+00   0.000000e+00
     6744000   6.743999e-05   9.993398e+00   1.187842e+01   9.221472e+00   1.466993e+05   6.493888e+03  -1.314812e+04   0.000000e+00   0.000000e+00   0.000000e+00   1.474304e+05   0.000000e+00   0.000000e+00   0.000000e+00
     6752000   6.751999e-05   1.000513e+01   1.187894e+01   9.220420e+00   1.466993e+05   6.493888e+03  -1.314812e+04   0.000000e+00   0.000000e+00   0.000000e+00   1.474304e+05   0.000000e+00   0.000000e+00   0.000000e+00
     6760000   6.759999e-05   1.001687e+01   1.187946e+01   9.219368e+00   1.466993e+05   6.493888e+03  -1.314812e+04   0.000000e+00   0.000000e+00   0.000000e+00   1.474304e+05   0.000000e+00   0.000000e+00   0.000000e+00
     6768000   6.767999e-05   1.002861e+01   1.187998e+01   9.218316e+00   1.466993e+05   6.493888e+03  -1.314812e+04   0.000000e+00   0.000000e+00   0.000000e+00   1.474304e+05   0.000000e+00   0.000000e+00   0.000000e+00
     6776000   6.775999e-05   1.004034e+01   1.188050e+01   9.217264e+00   1.466993e+05   6.493888e+03  -1.314812e+04   0.000000e+00   0.000000e+00   0.000000e+00   1.474304e+05   0.000000e+00   0.000000e+00   0.000000e+00
